{"adult":false,"backdrop_path":null,"belongs_to_collection":null,"budget":0,"genres":[],"homepage":"","id":100112,"imdb_id":"tt1217632","original_language":"en","original_title":"Flor de mayo","overview":"Based on the Vicente Blasco Ibañez novel \"Flor de Mayo\". Its a familiar tragedy seted in the maritime towns of Valencia, in the early twentieth century. the struggle for survival, love and betrayal mark Tona's life. She loses her husband in the sea and rebuild her life opening a bar in the beach to bring up her children.","popularity":0.000717,"poster_path":"/vlthJJkfAvfVkiLYUlfCofeaSYz.jpg","production_companies":[],"production_countries":[],"release_date":"2008-11-14","revenue":0,"runtime":120,"spoken_languages":[],"status":"Released","tagline":"","title":"Flor de mayo","video":false,"vote_average":0.0,"vote_count":0}
