{"adult":false,"backdrop_path":null,"belongs_to_collection":null,"budget":0,"genres":[{"id":10402,"name":"Music"},{"id":99,"name":"Documentary"}],"homepage":"","id":100769,"imdb_id":"tt0365689","original_language":"en","original_title":"Richard Rodgers: Some Enchanted Evening","overview":"This star-studded gala celebrates the centenary of the birth of legendary Broadway composer Richard Rodgers.  Rodgers' contribution to musical theatre was extraordinary, including 900 published songs, 40 Broadway musicals and several film scores.  Rodgers, together with lyricists Lorenz Hart and later Oscar Hammerstein II, wrote many of the best known musicals of the 20th Century, including Babes In Arms, Oklahoma!, Carousel, South Pacific, The King and I and The Sound of Music.  This performance at London's Theatre Royal, Drury Lane, directed for the stage by Simon Callow, includes songs, dance, staged numbers and anecdotes featuring leading stars from both Broadway and London's West End.  The cast comprises luminaries drawn from Oklahoma!, Kiss Me Kate, Chicago, The King and I and other recent productions as well as from television.  This musical extravaganza features many of Rodgers' best-loved classics.","popularity":0.000286,"poster_path":"/9bfBW7YXhEliIqbMHzl4mlzT5wH.jpg","production_companies":[],"production_countries":[{"iso_3166_1":"GB","name":"United Kingdom"}],"release_date":"2002-01-01","revenue":0,"runtime":79,"spoken_languages":[],"status":"","tagline":"","title":"Richard Rodgers: Some Enchanted Evening","video":false,"vote_average":0.0,"vote_count":0}
