{"adult":false,"backdrop_path":null,"belongs_to_collection":null,"budget":0,"genres":[],"homepage":"","id":100374,"imdb_id":"tt0042584","original_language":"en","original_title":"The Hypo-Chondri-Cat","overview":"Those crazy mice Hubie & Bertie are at it again with Claude. This time the mice see that Claude is seriously ill, so they give him an operation.","popularity":0.000144,"poster_path":"/4bhwxnWf1mMdGNZsttAhacaQ4re.jpg","production_companies":[],"production_countries":[],"release_date":"1950-04-15","revenue":0,"runtime":7,"spoken_languages":[{"iso_639_1":"en","name":"English"}],"status":"Released","tagline":"","title":"The Hypo-Chondri-Cat","video":false,"vote_average":0.0,"vote_count":0}
