{"adult":false,"backdrop_path":"/yBXGfHsYlvzqRqhppIIrYPQyste.jpg","belongs_to_collection":null,"budget":0,"genres":[{"id":878,"name":"Science Fiction"},{"id":27,"name":"Horror"}],"homepage":"","id":100662,"imdb_id":"tt0164143","original_language":"en","original_title":"The Psychotronic Man","overview":"A man discovers that he has psychotronic powers--the ability to will people to die. He begins exercising that power.","popularity":1.8e-05,"poster_path":"/jPDSGzJLR1rzMSffuZsqIKg9aDi.jpg","production_companies":[{"name":"International Harmony","id":9251},{"name":"Spelson Productions","id":9347}],"production_countries":[{"iso_3166_1":"US","name":"United States of America"}],"release_date":"1980-04-01","revenue":0,"runtime":90,"spoken_languages":[{"iso_639_1":"en","name":"English"}],"status":"Released","tagline":"","title":"The Psychotronic Man","video":false,"vote_average":0.0,"vote_count":0}
