{"adult":false,"backdrop_path":null,"belongs_to_collection":null,"budget":0,"genres":[],"homepage":"","id":100090,"imdb_id":"tt0112803","original_language":"en","original_title":"The Darien Gap","overview":"A twenty-something slacker is moving to the south in hopes of capturing a picture of the giant sloth, and finally make a fortune in this low-key affair. Lyn Vaus, a young man who still feels traumatized because their parents had been divorced two decades ago, is trying to go to Patagonia. Since he can not afford a transport, he decides to hitchhike. Unfortunately, he comes down to Panama to a place that is 80 miles from the Darien Gap, a huge swamp that somehow have to cross.","popularity":0.000148,"poster_path":"/wjJzQkKJfZD4ehEEPRflJkBiyyT.jpg","production_companies":[],"production_countries":[],"release_date":"1996-01-01","revenue":0,"runtime":92,"spoken_languages":[],"status":"Released","tagline":"","title":"The Darien Gap","video":false,"vote_average":0.0,"vote_count":0}
