{"adult":false,"backdrop_path":"/5LXCTawbJz2q5sGhN9tJckiLszY.jpg","belongs_to_collection":null,"budget":0,"genres":[{"id":10770,"name":"TV Movie"},{"id":18,"name":"Drama"},{"id":80,"name":"Crime"},{"id":53,"name":"Thriller"}],"homepage":null,"id":100565,"imdb_id":"tt1343886","original_language":"de","original_title":"Auftrag Schutzengel","overview":null,"popularity":0.001054,"poster_path":"/ag7LfgWFTQly1pNOInWn6OobHbV.jpg","production_companies":[{"name":"ZDF","id":21404}],"production_countries":[{"iso_3166_1":"DE","name":"Germany"}],"release_date":"2009-01-12","revenue":0,"runtime":0,"spoken_languages":[{"iso_639_1":"de","name":"Deutsch"}],"status":"Released","tagline":null,"title":"Auftrag Schutzengel","video":false,"vote_average":0.0,"vote_count":0}
