{"adult":false,"backdrop_path":null,"belongs_to_collection":null,"budget":0,"genres":[{"id":53,"name":"Thriller"}],"homepage":"","id":100663,"imdb_id":"tt0075015","original_language":"en","original_title":"One of My Wives Is Missing","overview":"Daniel Corban's wife Elizabeth disappeared after they had a fight. Then she shows up, yet he insists that the woman isn't actually his wife.","popularity":1e-06,"poster_path":null,"production_companies":[{"name":"Spelling-Goldberg Productions","id":19326}],"production_countries":[{"iso_3166_1":"US","name":"United States of America"}],"release_date":"1976-03-05","revenue":0,"runtime":120,"spoken_languages":[{"iso_639_1":"en","name":"English"}],"status":"Released","tagline":"","title":"One of My Wives Is Missing","video":false,"vote_average":0.0,"vote_count":0}
