{"adult":false,"backdrop_path":null,"belongs_to_collection":null,"budget":0,"genres":[{"id":99,"name":"Documentary"},{"id":36,"name":"History"}],"homepage":"","id":100827,"imdb_id":"tt0036054","original_language":"en","original_title":"Recognition of the Japanese Zero Fighter","overview":"Military training film on the characteristics, capabilities, weaknesses, and recognition of the World War II Japanese fighter aircraft known as the Zero.","popularity":0.000143,"poster_path":"/214pk8AK7aRMfAyCnSeNCaqQ7UN.jpg","production_companies":[{"name":"U.S. Army Air Forces","id":9359}],"production_countries":[{"iso_3166_1":"US","name":"United States of America"}],"release_date":"1943-02-02","revenue":0,"runtime":19,"spoken_languages":[],"status":"Released","tagline":"","title":"Recognition of the Japanese Zero Fighter","video":false,"vote_average":0.0,"vote_count":0}
