{"adult":false,"backdrop_path":null,"belongs_to_collection":null,"budget":0,"genres":[{"id":27,"name":"Horror"},{"id":53,"name":"Thriller"},{"id":10769,"name":"Foreign"}],"homepage":"","id":100122,"imdb_id":"tt0242285","original_language":"es","original_title":"El arte de morir","overview":"In Spain a young artist has gone missing, and a hardened detective takes on the case. Six friends become the focus of the investigation, being pressured for their knowledge of the artist's whereabouts. They all deny involvement, and soon they have reason to fear for their lives as it appears a serial killer is hunting them all down. The one friend closest to the artist watches helplessly as his once quiet life is shattered by incrimination, suspicion and ultimately -- horrific violence","popularity":0.000428,"poster_path":"/nHu3WZnvOfJzCM57sBrQaQNfISb.jpg","production_companies":[],"production_countries":[],"release_date":"2000-05-31","revenue":0,"runtime":102,"spoken_languages":[{"iso_639_1":"es","name":"Español"}],"status":"Released","tagline":"","title":"The Art of Dying","video":false,"vote_average":6.5,"vote_count":2}
