{"adult":false,"backdrop_path":null,"belongs_to_collection":null,"budget":0,"genres":[],"homepage":"http://www.larrythelawnmower.com.au","id":100438,"imdb_id":"tt1302430","original_language":"en","original_title":"Larry The Lawnmower - Adventures In Greenwood Gardens","overview":"Larry and his friends Wheelie, Flash, Rosie and Tangles live at Greenwood Gardens, where they work, play and often get up to mischief as they have fun adventures and make great discoveries about life, the environment, team work and friendship.","popularity":0.000861,"poster_path":null,"production_companies":[],"production_countries":[],"release_date":"2009-06-01","revenue":0,"runtime":150,"spoken_languages":[],"status":"","tagline":"","title":"Larry The Lawnmower - Adventures In Greenwood Gardens","video":false,"vote_average":0.0,"vote_count":0}
