{"adult":false,"backdrop_path":null,"belongs_to_collection":null,"budget":0,"genres":[{"id":10751,"name":"Family"}],"homepage":"","id":100103,"imdb_id":"tt0435616","original_language":"en","original_title":"Christmas at Water's Edge","overview":"Everyone knows Christmas is a time of giving — well, everyone but one wealthy, spoiled college student who's about to get the ultimate wake-up call. When she helps organize a holiday concert at a youth center, little does she know the grumpy cabbie she works with is actually an angel in training.","popularity":0.000429,"poster_path":"/hZCGmpVUqmsKij17umWoN5IcgUv.jpg","production_companies":[],"production_countries":[],"release_date":"2004-12-04","revenue":0,"runtime":120,"spoken_languages":[{"iso_639_1":"en","name":"English"}],"status":"Released","tagline":"She can save the day... with a little help from above.","title":"Christmas at Water's Edge","video":false,"vote_average":0.0,"vote_count":0}
