{"adult":false,"backdrop_path":null,"belongs_to_collection":null,"budget":0,"genres":[{"id":18,"name":"Drama"}],"homepage":"","id":100528,"imdb_id":"tt0035531","original_language":"en","original_title":"The War Against Mrs. Hadley","overview":"Wealthy American society matron, Stella Hadley (Fay Bainter) refuses to sacrifice her material comforts to aid the war effort until she realizes that her selfishness is cheating the boys overseas who are fighting for her freedom.","popularity":0.000248,"poster_path":"/1vfy28YuaPQf9jbhxWczg1KK3wP.jpg","production_companies":[{"name":"Metro-Goldwyn-Mayer (MGM)","id":8411}],"production_countries":[{"iso_3166_1":"US","name":"United States of America"}],"release_date":"1942-08-07","revenue":0,"runtime":86,"spoken_languages":[{"iso_639_1":"en","name":"English"}],"status":"Released","tagline":"","title":"The War Against Mrs. Hadley","video":false,"vote_average":0.0,"vote_count":0}
