{"adult":false,"backdrop_path":"/eNknHBTvkxlWBdbz61gj2WxO0hp.jpg","belongs_to_collection":null,"budget":0,"genres":[{"id":18,"name":"Drama"},{"id":28,"name":"Action"},{"id":53,"name":"Thriller"},{"id":878,"name":"Science Fiction"},{"id":10749,"name":"Romance"},{"id":10769,"name":"Foreign"}],"homepage":"","id":100754,"imdb_id":"tt0479880","original_language":"de","original_title":"Children of Wax","overview":"","popularity":0.002524,"poster_path":"/hvZnXMxp3Q2VRKVFK4jnBruCMAu.jpg","production_companies":[],"production_countries":[{"iso_3166_1":"BG","name":"Bulgaria"}],"release_date":"2005-09-28","revenue":0,"runtime":0,"spoken_languages":[],"status":"Released","tagline":"","title":"Children of Wax","video":false,"vote_average":4.0,"vote_count":1}
