{"adult":false,"backdrop_path":null,"belongs_to_collection":null,"budget":0,"genres":[],"homepage":"","id":100562,"imdb_id":"tt0172469","original_language":"en","original_title":"Free Fall","overview":"A psycho is blowing up planes to make a deadly point to crash investigator Renee Brennan.","popularity":0.00027,"poster_path":"/26XtfAI8wISRlQYOtknhVZG56WM.jpg","production_companies":[],"production_countries":[{"iso_3166_1":"US","name":"United States of America"},{"iso_3166_1":"CA","name":"Canada"},{"iso_3166_1":"DE","name":"Germany"}],"release_date":"1999-01-17","revenue":0,"runtime":89,"spoken_languages":[{"iso_639_1":"de","name":"Deutsch"},{"iso_639_1":"en","name":"English"}],"status":"Released","tagline":"","title":"Free Fall","video":false,"vote_average":0.0,"vote_count":0}
