{"adult":false,"backdrop_path":"/4GmtpoFqNo86gh9kGzXneTk4Paj.jpg","belongs_to_collection":null,"budget":0,"genres":[{"id":18,"name":"Drama"}],"homepage":"","id":100257,"imdb_id":"tt0040335","original_language":"en","original_title":"Quartet","overview":"Somerset Maugham introduces four of his tales in this anthology film: \"The Facts of Life,\" \"The Alien Corn,\" \"The Kite,\" and \"The Colonel's Lady.\"","popularity":0.00015,"poster_path":"/n0nKejeEspCxZh6vziDeFC5OtXo.jpg","production_companies":[{"name":"Gainsborough Pictures","id":1221}],"production_countries":[{"iso_3166_1":"GB","name":"United Kingdom"}],"release_date":"1948-10-26","revenue":0,"runtime":120,"spoken_languages":[{"iso_639_1":"en","name":"English"}],"status":"Released","tagline":"","title":"Quartet","video":false,"vote_average":7.3,"vote_count":2}
