{"adult":false,"backdrop_path":"/iyTM26rLWPsqIu38m76BobYSL5t.jpg","belongs_to_collection":null,"budget":0,"genres":[{"id":12,"name":"Adventure"},{"id":80,"name":"Crime"},{"id":18,"name":"Drama"}],"homepage":"","id":100068,"imdb_id":"tt0034281","original_language":"en","original_title":"They Met in Bombay","overview":"A jewel thief and a con artist are rivals in the theft of a valuable gem as the Japanese army invades China.","popularity":0.000143,"poster_path":"/oqJzbZpQU0JGZYTAHP6byQc1phX.jpg","production_companies":[{"name":"Metro-Goldwyn-Mayer (MGM)","id":8411}],"production_countries":[],"release_date":"1941-06-27","revenue":0,"runtime":92,"spoken_languages":[{"iso_639_1":"en","name":"English"}],"status":"Released","tagline":"Stealing jewels for profit . . . and hearts for pleasure!","title":"They Met in Bombay","video":false,"vote_average":6.5,"vote_count":1}
