{"adult":true,"backdrop_path":"/wWYJ0DyaUtnFXCAa9vfAGaxQYyC.jpg","belongs_to_collection":{"id":102460,"name":"Lesbian House Hunters Series","poster_path":"/fjb6bc9AJkIUSGZ3pjpd6xdFDGg.jpg","backdrop_path":null},"budget":0,"genres":[],"homepage":"http://www.girlfriendsfilms.com/index/component/virtuemart/?page=shop.product_details&category_id=8&product_id=363","id":100213,"imdb_id":"tt2369051","original_language":"en","original_title":"Lesbian House Hunters Part 7","overview":"Lesbian House Hunters Volume 7 is the seventh installment to this series from Girlfriend Films. One of their Contract Girls appears in this fine production. Multi-talented and beautiful India Summer continues to deliver the appropriate performance for the appropriate circumstance. It's the reason she is a high in demand performer. She does not rest on her laurels. Of course, no one can talk about reliable performers without mentioning the legendary Julia Ann. Samantha Ryan, Dani Daniels, and Sinn Sage are women who can also deliver the goods on a silver platter. The professionalism of these five women is impeccable.","popularity":0.002022,"poster_path":"/vVjotMW2YZo06tD4FKvQNHIlo6b.jpg","production_companies":[{"name":"Girlfriends Films","id":6978}],"production_countries":[{"iso_3166_1":"US","name":"United States of America"}],"release_date":"2012-04-20","revenue":0,"runtime":154,"spoken_languages":[{"iso_639_1":"en","name":"English"}],"status":"Released","tagline":"House Hunting With A Twist!","title":"Lesbian House Hunters Part 7","video":false,"vote_average":0.0,"vote_count":0}
