{"adult":false,"backdrop_path":"/tCrYw616gTk2kBr4Tn9bEmA1SHd.jpg","belongs_to_collection":null,"budget":0,"genres":[{"id":18,"name":"Drama"},{"id":28,"name":"Action"},{"id":53,"name":"Thriller"},{"id":878,"name":"Science Fiction"}],"homepage":"","id":100028,"imdb_id":"tt0382637","original_language":"en","original_title":"Devil Winds","overview":"A brilliant meteorologist returns to his hometown in Oklahoma to try to stop the biggest tornado ever.","popularity":0.004892,"poster_path":"/k0qFd2A71S03RVJaWTNmPIUW2Kc.jpg","production_companies":[{"name":"Lions Gate Films","id":35},{"name":"Avrio Filmworks","id":3825},{"name":"Cinetel Films","id":10399}],"production_countries":[{"iso_3166_1":"US","name":"United States of America"},{"iso_3166_1":"CA","name":"Canada"}],"release_date":"2003-01-01","revenue":0,"runtime":90,"spoken_languages":[{"iso_639_1":"en","name":"English"}],"status":"Released","tagline":"Hell has been unleashed and it's coming your way.","title":"Devil Winds","video":false,"vote_average":4.5,"vote_count":1}
