{"adult":false,"backdrop_path":null,"belongs_to_collection":null,"budget":0,"genres":[{"id":18,"name":"Drama"}],"homepage":"","id":100626,"imdb_id":"tt0105444","original_language":"en","original_title":"Something to Live for: The Alison Gertz Story","overview":"An AIDS-stricken woman becomes a leader in the struggle to educate people about the disease and its prevention.","popularity":0.00675,"poster_path":"/EIwK7UuUWc3BCQytRHiijW2CpM.jpg","production_companies":[],"production_countries":[],"release_date":"1992-03-26","revenue":0,"runtime":90,"spoken_languages":[],"status":"Released","tagline":"","title":"Something to Live for: The Alison Gertz Story","video":false,"vote_average":0.0,"vote_count":0}
