{"adult":false,"backdrop_path":"/pugB9eNoOSlMJpLKfHgXbrkMdgI.jpg","belongs_to_collection":null,"budget":0,"genres":[{"id":99,"name":"Documentary"},{"id":10402,"name":"Music"}],"homepage":"","id":100312,"imdb_id":"tt1789679","original_language":"en","original_title":"A Year of Ta-Dah","overview":"The story of five sisters searching for something they lost, and finding that all they needed was each other.","popularity":0.000574,"poster_path":"/liggSiEXKHLd2spGHSwBV6B0xGE.jpg","production_companies":[{"name":"Universal Motown Records Group","id":9294}],"production_countries":[{"iso_3166_1":"US","name":"United States of America"}],"release_date":"2007-12-04","revenue":0,"runtime":60,"spoken_languages":[{"iso_639_1":"en","name":"English"}],"status":"Released","tagline":"","title":"A Year of Ta-Dah","video":false,"vote_average":3.8,"vote_count":2}
