{"adult":false,"backdrop_path":"/4U6jG9tQxl5kg9XkIKmxTgQzyl3.jpg","belongs_to_collection":null,"budget":0,"genres":[{"id":99,"name":"Documentary"},{"id":18,"name":"Drama"},{"id":10751,"name":"Family"}],"homepage":"","id":100494,"imdb_id":"","original_language":"en","original_title":"Horthy, a kormányzó","overview":"Koltay Gábor: Horthy- A kormányzó című dokumentumfilmje sokáig titokban tartott érzéseket és gondolatokat tesz közkinccsé, cáfolja a generációk egész sorába sulykolt tévhiteket, szándékos hazugságokat. A huszadik század legutolsó rendszerváltása óta eltelt több mint másfél évtized is mintha konzerválná azt a szellemi zavarodottságot, amelynek következtében a nemzet nehezen tud újjászerveződni, hiszen csak a múltját ismerő, öntudatos, szilárd erkölcsiségű közösség képes érdekeit érvényesíteni és egyenrangú partnerként részt venni a világpolitikai folyamatokban.","popularity":0.000574,"poster_path":"/5ySd37lv9uMvXiYkCWQD92dMQUh.jpg","production_companies":[],"production_countries":[],"release_date":"2006-11-21","revenue":0,"runtime":0,"spoken_languages":[],"status":"Released","tagline":"","title":"Horthy, a kormányzó","video":false,"vote_average":0.0,"vote_count":0}
