{"adult":false,"backdrop_path":"/oSUwUFNCdp1O6ahHSt7TlC98u6I.jpg","belongs_to_collection":null,"budget":0,"genres":[{"id":12,"name":"Adventure"},{"id":18,"name":"Drama"},{"id":10749,"name":"Romance"},{"id":10752,"name":"War"}],"homepage":"","id":100084,"imdb_id":"tt0034337","original_language":"en","original_title":"Underground","overview":"A World War II Hollywood propaganda film detailing the dark underside of Nazism and the Third Reich set between two brothers, Kurt and Erik Franken, whom are SS officers in the Nazi party. Kurt learns and exposes the evils of the system to Erik and tries to convince him of the immoral stance that marches under the symbol of the swastika.","popularity":0.00015,"poster_path":"/idEDa2BcIyoCzI05so2zoqdkU3h.jpg","production_companies":[{"name":"Warner Bros. Pictures","id":174}],"production_countries":[],"release_date":"1941-06-28","revenue":0,"runtime":95,"spoken_languages":[],"status":"Released","tagline":"The World's Secret Battlefront!","title":"Underground","video":false,"vote_average":0.0,"vote_count":0}
