{"adult":false,"backdrop_path":null,"belongs_to_collection":null,"budget":0,"genres":[{"id":99,"name":"Documentary"}],"homepage":"","id":100179,"imdb_id":"tt0249751","original_language":"en","original_title":"London in the Raw","overview":"Influenced by the worldwide success of Italian 'Mondo' movies, British low-budget movie mogul Arnold Louis Miller concocted this exploitation-style documentary. Peering behind the grimy net curtains of London life into seedy bars and clubs, and burrowing beneath the glittering façade of the capital's glamorous cocktail lounges and casinos, \"London in the Raw\" presents a cynical, sometimes startling, vision of life in 1960s London.","popularity":0.00015,"poster_path":"/zg7IuRSSaicLKCtXGGsfTtoMDej.jpg","production_companies":[],"production_countries":[],"release_date":"1965-04-23","revenue":0,"runtime":76,"spoken_languages":[{"iso_639_1":"en","name":"English"}],"status":"Released","tagline":"The world's greatest city laid bare! All the sins... All the shock.. All the glamor!","title":"London in the Raw","video":false,"vote_average":0.0,"vote_count":0}
