{"adult":false,"backdrop_path":null,"belongs_to_collection":null,"budget":0,"genres":[],"homepage":"","id":100710,"imdb_id":"","original_language":"en","original_title":"Dirk Scheele - Huis, Tuin En Keukenavonturen D1","overview":"Dirk Scheele woont in een huis en dat huis staat in een tuin. Hier ligt de basis voor 30 afleveringen, spannende huis, tuin en keukenavonturen met veel liedjes. Dirk verkent alles wat er in- en rondom het huis aanwezig is en op een grappige manier. Hierdoor worden alle gewone dingen ineens heel erg leuk.\r Een boterham eten met een swingende boterhammen boogie, klusjes doen met speelgoedgereedschap, zingen in de tuin met een slak en een molletje en muziek maken met een kartonnen doos of een sleutelbos. Dirk gaat ook samen met het buurmeisje varen in een bootje en maakt zelf een fruitshake voor z'n tante. Oh oh als dat maar goed afloopt……","popularity":0.0,"poster_path":"/qJ54sNumXYEYs98C6SUlypzUPgH.jpg","production_companies":[],"production_countries":[],"release_date":"","revenue":0,"runtime":0,"spoken_languages":[],"status":"Released","tagline":"","title":"Dirk Scheele - Huis, Tuin En Keukenavonturen D1","video":false,"vote_average":0.0,"vote_count":0}
