{"adult":false,"backdrop_path":null,"belongs_to_collection":null,"budget":0,"genres":[{"id":18,"name":"Drama"},{"id":10752,"name":"War"}],"homepage":"","id":100010,"imdb_id":"tt0032477","original_language":"en","original_title":"Flight Command","overview":"A rookie flyer, Ens. Alan Drake, joins the famous Hellcats Squadron right out of flight school in Pensacola. He doesn't make a great first impression when he is forced to ditch his airplane and parachute to safety when he arrives at the base but is unable to land due to heavy fog. On his first day on the job, his poor shooting skills results in the Hellcats losing an air combat competition. His fellow pilots accept him anyways but they think he's crossed the line when they erroneously conclude that while their CO Billy Gray is away, Drake has an affair with his wife Lorna. Drake is now an outcast and is prepared to resign from the Navy but his extreme heroism in saving Billy Gray's life turns things around.","popularity":0.000143,"poster_path":"/b2oBhstsxjm4ptvJP7ANS7w5veD.jpg","production_companies":[{"name":"Metro-Goldwyn-Mayer (MGM)","id":8411}],"production_countries":[{"iso_3166_1":"US","name":"United States of America"}],"release_date":"1940-12-27","revenue":0,"runtime":116,"spoken_languages":[{"iso_639_1":"en","name":"English"}],"status":"Released","tagline":"T-H-R-I-L-L AMERICA! Here come The Flying \"HELL CATS\"!","title":"Flight Command","video":false,"vote_average":0.0,"vote_count":0}
