{"adult":false,"backdrop_path":null,"belongs_to_collection":null,"budget":0,"genres":[{"id":18,"name":"Drama"}],"homepage":"","id":100048,"imdb_id":"tt0116622","original_language":"en","original_title":"In the Blink of an Eye","overview":"Hamel portrays director Dickoff who suspends her career in order to help a friend who's been in prison for quite some time in connection with a murder.","popularity":0.000189,"poster_path":"/8aJLA6zqB0LOhSQwcfFYhgtLcXC.jpg","production_companies":[],"production_countries":[],"release_date":"1996-03-24","revenue":0,"runtime":90,"spoken_languages":[],"status":"Released","tagline":"","title":"In the Blink of an Eye","video":false,"vote_average":0.0,"vote_count":0}
