{"adult":false,"backdrop_path":null,"belongs_to_collection":null,"budget":0,"genres":[{"id":28,"name":"Action"},{"id":35,"name":"Comedy"},{"id":37,"name":"Western"}],"homepage":"","id":100470,"imdb_id":"tt0069425","original_language":"en","original_title":"Tutti per uno... botte per tutti","overview":"Action packed later period Spaghetti Western film with a cast of cult and mainstream actors. George Eastman [Django shoots first] , Karin Schubert [Black Emanuelle], Giancarlo Prete [Street Law], Eduardo Fajardo ,[Ricco the mean machine] and others, round out the cast of this western version take off of the 3 Musketeers with a twist. With the tag line “ All for one....punches for all”.. you get action packed fight scenes,[Chen Lee] lends his martial arts to this fast paced story, who really has the stolen gold and where is it?.Loyalty to the musketeer code? Don't count on it!!","popularity":0.00801,"poster_path":"/pQpLNv1Jco8Wg3as3lxZus945PP.jpg","production_companies":[{"name":"Capitolina Produzioni Cinematografiche","id":1415},{"name":"Dieter Geissler Filmproduktion","id":1766},{"name":"Star Films S.A.","id":4964}],"production_countries":[{"iso_3166_1":"IT","name":"Italy"},{"iso_3166_1":"ES","name":"Spain"},{"iso_3166_1":"DE","name":"Germany"}],"release_date":"1973-09-28","revenue":0,"runtime":87,"spoken_languages":[{"iso_639_1":"it","name":"Italiano"}],"status":"Released","tagline":"","title":"The Three Musketeers of the West","video":false,"vote_average":0.0,"vote_count":0}
