{"adult":false,"backdrop_path":null,"belongs_to_collection":null,"budget":0,"genres":[{"id":53,"name":"Thriller"}],"homepage":"","id":100464,"imdb_id":"tt0227170","original_language":"en","original_title":"Okasu!","overview":"A rape victim realizes that she enjoys sexual assault and continuously offers herself to be raped while searching for her original rapist.","popularity":0.0,"poster_path":"/tqqZvOBX9jvwjoICeXHI451pgfM.jpg","production_companies":[{"name":"Nikkatsu","id":955}],"production_countries":[{"iso_3166_1":"JP","name":"Japan"}],"release_date":"1976-02-07","revenue":0,"runtime":71,"spoken_languages":[{"iso_639_1":"ja","name":"日本語"}],"status":"Released","tagline":"","title":"Rape!","video":false,"vote_average":0.0,"vote_count":0}
