{"adult":false,"backdrop_path":"/abblX8gS81gu2fL0Dj50aVMXLbt.jpg","belongs_to_collection":null,"budget":0,"genres":[{"id":27,"name":"Horror"},{"id":53,"name":"Thriller"}],"homepage":"","id":100541,"imdb_id":"tt1956655","original_language":"en","original_title":"The Ganzfeld Haunting","overview":"In a world where past meets present and the present gets lost in time, reality is blurred for 5 College psychology students who are pushing all boundaries during an ESP experiment over a lost weekend...","popularity":0.623256,"poster_path":"/aCJHfuiCrYVPh6RwkNRNvwBsSuq.jpg","production_companies":[],"production_countries":[{"iso_3166_1":"US","name":"United States of America"}],"release_date":"2014-07-17","revenue":0,"runtime":84,"spoken_languages":[{"iso_639_1":"en","name":"English"}],"status":"Released","tagline":"Some memories are best left dead.","title":"The Ganzfeld Haunting","video":false,"vote_average":4.8,"vote_count":4}
