{"adult":false,"backdrop_path":"/liG1PIy2ujTmFp2sQTRHxu3lOoU.jpg","belongs_to_collection":null,"budget":0,"genres":[{"id":27,"name":"Horror"},{"id":53,"name":"Thriller"}],"homepage":"","id":100702,"imdb_id":"tt2095647","original_language":"ko","original_title":"奇生靈","overview":"After his parents are murdered, Bin is taken into the care of relatives. He begins to act strangely, the new occupants of his house experience horrific nightmares, and a mystery unfolds as a terrible secret is revealed.","popularity":0.067494,"poster_path":"/8b3rjKBn7APaFpDQ3pWKEZKXIfs.jpg","production_companies":[],"production_countries":[],"release_date":"2011-08-04","revenue":0,"runtime":91,"spoken_languages":[{"iso_639_1":"ko","name":"한국어/조선말"}],"status":"Released","tagline":"","title":"Ghastly","video":false,"vote_average":0.0,"vote_count":0}
