{"adult":false,"backdrop_path":"/WQINRxwd3s8RUFqaIVzyhKTVGk.jpg","belongs_to_collection":null,"budget":0,"genres":[{"id":10751,"name":"Family"},{"id":18,"name":"Drama"}],"homepage":"","id":100198,"imdb_id":"tt0290903","original_language":"en","original_title":"Ulvepigen Tinke","overview":"While out and about tending to his herd, young shepherd Larus meets a mysterious little girl named Tinke. Quickly realizing that the girl is alone, Larus brings Tinke some food and slowly builds a friendship with her. Tinke, whose parents died within the past year, has managed to survive by her own devices in the wild and has hence become quite feral. Larus convinces Tinke to come to his home so that his parents can take care of her","popularity":0.000598,"poster_path":"/ppf0MjOGpQi8t19HnpvFVNyfbq2.jpg","production_companies":[],"production_countries":[],"release_date":"2002-06-14","revenue":0,"runtime":93,"spoken_languages":[{"iso_639_1":"da","name":"Dansk"}],"status":"Released","tagline":"","title":"Tinke the Wolfgirl","video":false,"vote_average":6.0,"vote_count":1}
