{"adult":false,"backdrop_path":null,"belongs_to_collection":null,"budget":2000,"genres":[],"homepage":"","id":100432,"imdb_id":"tt2100572","original_language":"en","original_title":"Liplock","overview":"After a sub-dermal parasite enters his brain, a woman finds her ex-boyfriend paralyzed on top of her during sex - pinning her to the ground. Then things get worse.  Skinfections trilogy no. 3","popularity":0.001578,"poster_path":"/PeGJDTihXh6sXTtoUiJgZxuRdP.jpg","production_companies":[],"production_countries":[],"release_date":"2011-10-27","revenue":0,"runtime":18,"spoken_languages":[],"status":"Released","tagline":"","title":"Liplock","video":false,"vote_average":0.0,"vote_count":0}
