{"adult":false,"backdrop_path":"/a3UkwVI0gOsit0B2ipb65o3LJMt.jpg","belongs_to_collection":null,"budget":0,"genres":[],"homepage":"","id":100373,"imdb_id":"tt0032033","original_language":"en","original_title":"Thugs with Dirty Mugs","overview":"Killer and his gang are robbing every bank in town in numerical order, except they skip the 13th National Bank. The police are unable to catch them, despite their predictability (and their endless sight gags). Finally, they get help from an unlikely source: the guy in the front of the theatre who sat through the picture before. They capture Killer, and he gets a long sentence, which he has to write on the blackboard 1,000 times.","popularity":0.000215,"poster_path":"/skFvSXBcQkDExlTbxZMfxvtNCxE.jpg","production_companies":[{"name":"Warner Bros. Pictures","id":174},{"name":"Leon Schlesinger Studios","id":8298}],"production_countries":[{"iso_3166_1":"US","name":"United States of America"}],"release_date":"1939-05-05","revenue":0,"runtime":8,"spoken_languages":[{"iso_639_1":"en","name":"English"}],"status":"Released","tagline":"","title":"Thugs with Dirty Mugs","video":false,"vote_average":6.5,"vote_count":2}
