{"adult":false,"backdrop_path":"/AbwcYYkRpbg7Ksna62jVeG8uEHh.jpg","belongs_to_collection":null,"budget":0,"genres":[{"id":99,"name":"Documentary"}],"homepage":"http://www.orbstheveilislifting.com/","id":100771,"imdb_id":"","original_language":"en","original_title":"Orbs: The Veil is Lifting","overview":"This film was created to help educate people about orbs and some of the implications for our world. It contains interviews with nine people who approach the orb phenomenon from very different perspectives including a Stanford physics professor, a psychologist, a theologian, artists and healers. There are hundreds of spectacular orb photos, beautiful historical art and a celetial flute and harp soundtrack.","popularity":0.00675,"poster_path":"/saKI3nXsNzi9sIboUimW0trlX9N.jpg","production_companies":[],"production_countries":[{"iso_3166_1":"US","name":"United States of America"}],"release_date":"","revenue":0,"runtime":0,"spoken_languages":[{"iso_639_1":"en","name":"English"}],"status":"Released","tagline":"","title":"Orbs: The Veil is Lifting","video":false,"vote_average":0.0,"vote_count":0}
