{"adult":false,"backdrop_path":null,"belongs_to_collection":null,"budget":0,"genres":[{"id":16,"name":"Animation"},{"id":35,"name":"Comedy"}],"homepage":"","id":100335,"imdb_id":"tt0030610","original_language":"en","original_title":"Porky's Party","overview":"Porky's birthday. His uncle sends him a silkworm that churns out articles of clothing when it hears the word \"sew.\" After a sock and a bra, Porky stuffs it in a pocket to prepare for his party. He uses some hair tonic, then his dog Black Fury has some for himself it's 99% alcohol. The guests arrive: a penguin and a goose. The penguin, shoveling in the food, accidentally swallows the worm, which starts churning out top hats, which pop open inside the penguin's head. The goose tries increasingly violent ways of remedying this. Meanwhile, Porky's dog, lathered with shaving cream, runs in and is branded a mad dog.","popularity":0.000165,"poster_path":"/gQTynZ0WbozAfUOtEN917nOLVis.jpg","production_companies":[],"production_countries":[],"release_date":"1938-06-25","revenue":0,"runtime":7,"spoken_languages":[],"status":"Released","tagline":"","title":"Porky's Party","video":false,"vote_average":6.0,"vote_count":1}
