{"adult":false,"backdrop_path":null,"belongs_to_collection":null,"budget":0,"genres":[],"homepage":"","id":100590,"imdb_id":"tt0175803","original_language":"en","original_title":"If I Had a Gun","overview":"Vlado, an intelligent boy living in a small village, has fantasies that take him away from his humdrum life. But as the Nazi occupation begins to encroach on the townsfolk his fantasies and reality begin to merge.","popularity":0.002025,"poster_path":"/jbvPAxXkUaaVEdGV5LtpY2FoaD4.jpg","production_companies":[],"production_countries":[],"release_date":"1972-07-13","revenue":0,"runtime":90,"spoken_languages":[],"status":"Released","tagline":"","title":"If I Had a Gun","video":false,"vote_average":0.0,"vote_count":0}
