{"adult":false,"backdrop_path":null,"belongs_to_collection":null,"budget":0,"genres":[{"id":9648,"name":"Mystery"},{"id":35,"name":"Comedy"}],"homepage":"","id":100457,"imdb_id":"tt0137205","original_language":"en","original_title":"Scathed","overview":"A truly odd little mood piece, it features Matthew Bell (the narrator of Gregory's Texas Chainsaw Massacre: The Shocking Truth) as a guy named Joe who stops off for an afternoon beer at a bar where nudists and weirdos prowl around outside. There he strikes up a difficult conversation with a beautiful but not-very-conversant young woman in an eyepatch who tells him about how she wound up at this hole in the wall, a perverse saga involving an iron-fisted owner named Miss Antonia Curis.","popularity":0.000152,"poster_path":"/y3pkvZyCVGVjsmMu0HAIvhSyyG3.jpg","production_companies":[],"production_countries":[],"release_date":"1995-01-01","revenue":0,"runtime":64,"spoken_languages":[],"status":"Released","tagline":"","title":"Scathed","video":false,"vote_average":0.0,"vote_count":0}
