{"adult":false,"backdrop_path":null,"belongs_to_collection":null,"budget":0,"genres":[],"homepage":"","id":100359,"imdb_id":"tt0037339","original_language":"en","original_title":"Swooner Crooner","overview":"Porky Pig's egg faces production problems when a crooning rooster distracts the hens from their jobs.","popularity":0.000143,"poster_path":"/q8dfPWUf1BbzOJsMdAOB5IVQ2yn.jpg","production_companies":[],"production_countries":[],"release_date":"1944-05-06","revenue":0,"runtime":7,"spoken_languages":[],"status":"Released","tagline":"","title":"Swooner Crooner","video":false,"vote_average":0.0,"vote_count":0}
