{"adult":false,"backdrop_path":"/40eo08DypjSAMtlj64hWRBfwwol.jpg","belongs_to_collection":null,"budget":0,"genres":[{"id":16,"name":"Animation"},{"id":10751,"name":"Family"},{"id":35,"name":"Comedy"}],"homepage":"","id":100391,"imdb_id":"tt0033282","original_language":"en","original_title":"You Ought to Be in Pictures","overview":"Daffy Duck convinces Porky Pig to quit the cartoon biz and try his luck in the features. Porky's adventures begin when he tries to enter the studio.","popularity":0.00017,"poster_path":"/fWVlXbE6t3kMs3Kdpecmy4mjdQp.jpg","production_companies":[{"name":"Leon Schlesinger Studios","id":8298}],"production_countries":[{"iso_3166_1":"US","name":"United States of America"}],"release_date":"1940-05-18","revenue":0,"runtime":9,"spoken_languages":[{"iso_639_1":"en","name":"English"},{"iso_639_1":"fr","name":"Français"}],"status":"Released","tagline":"","title":"You Ought to Be in Pictures","video":false,"vote_average":7.0,"vote_count":1}
