{"adult":false,"backdrop_path":"/jjMa0pIlm9xtYAQ18Yqugf3dDuA.jpg","belongs_to_collection":null,"budget":0,"genres":[{"id":18,"name":"Drama"},{"id":10749,"name":"Romance"}],"homepage":"","id":100196,"imdb_id":"tt0119429","original_language":"en","original_title":"Julian Po","overview":"Christian Slater is a stranger who comes to a small town. The local citizens think he's up to no good. After bothering him for a while, he blurts out in frustration, that he is there to kill himself.","popularity":0.000173,"poster_path":"/A3lemJmW0KYC3nvIv6ZeCzA8FL3.jpg","production_companies":[],"production_countries":[],"release_date":"1997-09-05","revenue":0,"runtime":84,"spoken_languages":[{"iso_639_1":"en","name":"English"}],"status":"Released","tagline":"","title":"Julian Po","video":false,"vote_average":0.0,"vote_count":0}
