{"adult":false,"backdrop_path":"/AtfWGno88xKHagXpow3oX4jgLh8.jpg","belongs_to_collection":null,"budget":0,"genres":[{"id":18,"name":"Drama"}],"homepage":"","id":100586,"imdb_id":"tt1494794","original_language":"en","original_title":"Love","overview":"Love and Sebastian meet each other by a coincidence at a street in the romantic Swedish summer night. They happen to share the same secret, but their encounter is going to cause severe consequences for the both of them. An innocent flirt soon turns in to a dangerously liaison.","popularity":0.00082,"poster_path":"/rLH8mQvYRApI4j9toYOKUCF24Ub.jpg","production_companies":[{"name":"Rolands Hörna Film","id":9333},{"name":"GötaFilm AB","id":9334}],"production_countries":[{"iso_3166_1":"SE","name":"Sweden"}],"release_date":"2008-03-08","revenue":0,"runtime":20,"spoken_languages":[{"iso_639_1":"sv","name":"svenska"}],"status":"Released","tagline":"","title":"My Name Is Love","video":false,"vote_average":3.8,"vote_count":2}
