{"adult":false,"backdrop_path":null,"belongs_to_collection":null,"budget":0,"genres":[],"homepage":"","id":100156,"imdb_id":"tt0384804","original_language":"cn","original_title":"Mingri tianya","overview":"In a future century, after the apocalypse, Gui Dao dynasty controls continental Asia. Zhuai and his younger brother Mian are captured and sent to \"Prosperity Camp\" for reeducation. They soon discover that the camp's aim is to brainwash people with propaganda. Five years later, there's a change in government and they are free again. Zhuai falls in love for the beautiful Xuelan and together they take her to an old industrial city, now deserted. They get themselves a place to live in an abandoned apartment and try to rediscover the little pleasures of life.","popularity":0.000494,"poster_path":"/idhWsw92pVOgr365OqQm4lsEUjq.jpg","production_companies":[],"production_countries":[],"release_date":"2003-05-17","revenue":0,"runtime":96,"spoken_languages":[{"iso_639_1":"cn","name":"广州话 / 廣州話"}],"status":"Released","tagline":"","title":"All Tomorrow's Parties","video":false,"vote_average":0.0,"vote_count":0}
