{"adult":false,"backdrop_path":"/bd868k1FQ9tcyaVTV4sVUDYQ0Lf.jpg","belongs_to_collection":null,"budget":0,"genres":[],"homepage":"","id":100375,"imdb_id":"tt0053083","original_language":"en","original_title":"The Mouse That Jack Built","overview":"In this spoof of \"The Jack Benny Program\", a mouse with Jack Benny's personality and poor violin playing ability lives, along with a mouse version of Benny's valet, Eddie 'Rochester' Anderson, in a hole in a wall of Jack Benny's own home. Jack the rodent takes a mouse version of 'Mary Livingstone (I)' out to dinner, and the two unwittingly walk right into the disguised mouth of an orange cat!","popularity":0.000144,"poster_path":"/pihVGPLNcXhnwzz7IjQFvCxkdZ4.jpg","production_companies":[{"name":"Warner Bros. Pictures","id":174}],"production_countries":[{"iso_3166_1":"US","name":"United States of America"}],"release_date":"1959-04-03","revenue":0,"runtime":7,"spoken_languages":[{"iso_639_1":"en","name":"English"}],"status":"Released","tagline":"","title":"The Mouse That Jack Built","video":false,"vote_average":7.5,"vote_count":1}
