{"adult":false,"backdrop_path":null,"belongs_to_collection":null,"budget":0,"genres":[{"id":35,"name":"Comedy"}],"homepage":"","id":100140,"imdb_id":"","original_language":"en","original_title":"6 Hours To Christmas","overview":".","popularity":0.001,"poster_path":null,"production_companies":[{"name":"ReelAfrican","id":9283}],"production_countries":[],"release_date":"2010-01-01","revenue":0,"runtime":87,"spoken_languages":[],"status":"","tagline":"","title":"6 Hours To Christmas","video":false,"vote_average":0.0,"vote_count":0}
