{"adult":false,"backdrop_path":"/lY8n5BYWreGLlfYhBJFWRpHRdF.jpg","belongs_to_collection":null,"budget":0,"genres":[{"id":36,"name":"History"},{"id":10752,"name":"War"},{"id":28,"name":"Action"}],"homepage":"","id":100605,"imdb_id":"tt0035790","original_language":"en","original_title":"December 7th","overview":"\"Docudrama\" about the bombing of Pearl Harbor on December 7th, 1941 and its results, the recovering of the ships, the improving of defense in Hawaii and the US efforts to beat back the Japanese reinforcements.  This film exists in two versions. This longer, unreleased cut (which is rarely screened) brackets this material fictional sequences. The introductory sequence shows Uncle Sam on vacation in Hawaii on December 6th. A character embodying the Voice of Responsibility warns him that ignoring Japanese immigrant Fifth Column activity will lead to disaster. The concluding sequence the ghost of a serviceman killed in the attack discussing how the US will beat the Japanese with the ghost of a Revolutionary War soldier in Arlington National Cemetery.","popularity":0.000174,"poster_path":"/u5ACN9Ete305HTjAROnmoYHvZxb.jpg","production_companies":[],"production_countries":[],"release_date":"1943-01-01","revenue":0,"runtime":75,"spoken_languages":[],"status":"Released","tagline":"","title":"December 7th","video":false,"vote_average":5.5,"vote_count":1}
