{"adult":false,"backdrop_path":"/yNfzJ1s1sNIZAmLOoHsEaD78Bj9.jpg","belongs_to_collection":null,"budget":0,"genres":[{"id":16,"name":"Animation"}],"homepage":"","id":100388,"imdb_id":"tt0039093","original_language":"en","original_title":"Walky Talky Hawky","overview":"Young Henery Hawk's father regretfully admits their family's shame: they hunt and eat chickens. Henery set off to find one, and comes across Foghorn Leghorn, where the loudmouth rooster is engaged in his favorite pastime, playing tricks on a grumpy dog.","popularity":0.00017,"poster_path":"/qHJFoglZopif0rAaqyJKXvj0nD3.jpg","production_companies":[{"name":"Warner Bros.","id":6194}],"production_countries":[{"iso_3166_1":"US","name":"United States of America"}],"release_date":"1946-08-31","revenue":0,"runtime":7,"spoken_languages":[{"iso_639_1":"en","name":"English"}],"status":"Released","tagline":"","title":"Walky Talky Hawky","video":false,"vote_average":7.5,"vote_count":1}
