{"adult":false,"backdrop_path":null,"belongs_to_collection":null,"budget":0,"genres":[],"homepage":"","id":100049,"imdb_id":"tt0049274","original_language":"en","original_title":"La gran mentira","overview":"A new Spanish film has been released and, as in recent years, Cesar Neira (Francisco Rabal) does not perform on it. The public and, above all, the producers seem to have forgotten him. The radio contest \"Famous in a night\" gives him the opportunity to reach fame again ...","popularity":0.000144,"poster_path":"/lw7s4g4V60qu8FNTHVfKzIYWuvc.jpg","production_companies":[],"production_countries":[],"release_date":"1956-04-01","revenue":0,"runtime":100,"spoken_languages":[{"iso_639_1":"es","name":"Español"}],"status":"Released","tagline":"","title":"La gran mentira","video":false,"vote_average":0.0,"vote_count":0}
