{"adult":false,"backdrop_path":null,"belongs_to_collection":null,"budget":0,"genres":[{"id":99,"name":"Documentary"},{"id":10402,"name":"Music"}],"homepage":"","id":100105,"imdb_id":"","original_language":"en","original_title":"Michael Tilson Thomas: The Thomashefskys","overview":".","popularity":0.001826,"poster_path":null,"production_companies":[],"production_countries":[],"release_date":"2012-04-24","revenue":0,"runtime":0,"spoken_languages":[],"status":"Released","tagline":"","title":"Michael Tilson Thomas: The Thomashefskys","video":false,"vote_average":0.0,"vote_count":0}
