{"adult":false,"backdrop_path":null,"belongs_to_collection":null,"budget":0,"genres":[{"id":28,"name":"Action"},{"id":80,"name":"Crime"}],"homepage":"","id":100477,"imdb_id":"tt0204333","original_language":"en","original_title":"Furyô banchô: Inoshika Ochô","overview":"Kosaka Hiroshi is a small time swindler and the boss of a motorcycle gang in\r Shinjuku. Living only to make money, he never made the big time until he gets\r involved with a Yakuza's daughter. But when he gets involved in a scheme to\r blackmail a Yakuza gang and a land developer, he realizes he's gone way over his\r head…","popularity":0.000144,"poster_path":"/xxkdKm1dWWIGmf59vBxbfMOtTEy.jpg","production_companies":[{"name":"Toei Company","id":9255}],"production_countries":[{"iso_3166_1":"JP","name":"Japan"}],"release_date":"1969-01-18","revenue":0,"runtime":89,"spoken_languages":[{"iso_639_1":"ja","name":"日本語"}],"status":"Released","tagline":"","title":"Delinquent Boss: Wolves of the City","video":false,"vote_average":0.0,"vote_count":0}
