{"adult":false,"backdrop_path":"/vj8OhzLvflZRX4q2YJqyZ38cYfn.jpg","belongs_to_collection":null,"budget":0,"genres":[],"homepage":"","id":100383,"imdb_id":"tt0035527","original_language":"en","original_title":"The Wabbit Who Came to Supper","overview":"Bugs Bunny exploits the situation when an uncle leaves Elmer Fudd three million dollars on the condition that he harm no animals, especially rabbits.","popularity":0.000215,"poster_path":"/iJbVDROYwb9DmpHprToC0vIJCxH.jpg","production_companies":[{"name":"Leon Schlesinger Studios","id":8298}],"production_countries":[{"iso_3166_1":"US","name":"United States of America"}],"release_date":"1942-03-28","revenue":0,"runtime":8,"spoken_languages":[{"iso_639_1":"en","name":"English"}],"status":"Released","tagline":"","title":"The Wabbit Who Came to Supper","video":false,"vote_average":0.0,"vote_count":0}
