{"adult":false,"backdrop_path":"/mk6k48cvNGXTgB13wlN7GAzkkt9.jpg","belongs_to_collection":null,"budget":0,"genres":[{"id":99,"name":"Documentary"}],"homepage":"","id":100138,"imdb_id":"","original_language":"en","original_title":"CAPiTA: Defenders of Awesome","overview":"A classic featuring some of the best snowboarders in the world. Including the 2011 nominees for Men's Rider of the Year, Women's Rider of the Year and Rookie of the Year, the CAPiTA team is stacked and delivers hot snowboarding in this team video.","popularity":0.001435,"poster_path":"/9XvzzYUz87QjerzxFPjpwodKza3.jpg","production_companies":[],"production_countries":[],"release_date":"2011-09-29","revenue":0,"runtime":40,"spoken_languages":[],"status":"","tagline":"","title":"CAPiTA: Defenders of Awesome","video":false,"vote_average":4.8,"vote_count":2}
