{"adult":false,"backdrop_path":null,"belongs_to_collection":null,"budget":0,"genres":[],"homepage":"http://www.peccapics.com/View/id,230","id":100228,"imdb_id":"","original_language":"en","original_title":"Here Come The Girls 3","overview":"Here Come The Girls, the go-to place for the best and latest lesbian short films, is back! Hosting nine award-winning short films from Sundance to Frameline to Outfest and many more celebrated film festivals, this collection comes packed with a rich variety of shorts that will either have you laughing till you cry, weeping with joy or warming to a bittersweet tale.","popularity":0.001328,"poster_path":"/lFfmNDjZSL9eklxHTOJmrxql2MP.jpg","production_companies":[],"production_countries":[],"release_date":"2011-03-28","revenue":0,"runtime":0,"spoken_languages":[],"status":"Released","tagline":"","title":"Here Come The Girls 3","video":false,"vote_average":0.0,"vote_count":0}
