{"adult":false,"backdrop_path":null,"belongs_to_collection":null,"budget":0,"genres":[{"id":18,"name":"Drama"},{"id":35,"name":"Comedy"}],"homepage":"","id":100757,"imdb_id":"tt1453428","original_language":"de","original_title":"Below the Beltway","overview":"In this political drama spotlighting the brazen intrigues of lobbyists as they pursue their clients' interests in the nation's capital, a former political aide learns that power comes in all shapes and sizes, and that principle is often negotiable.","popularity":0.001309,"poster_path":"/hj3CX6eETIlWj0fZyIamoJkdphE.jpg","production_companies":[],"production_countries":[],"release_date":"2010-04-23","revenue":0,"runtime":0,"spoken_languages":[{"iso_639_1":"fr","name":"Français"}],"status":"Released","tagline":"","title":"Below the Beltway","video":false,"vote_average":0.0,"vote_count":0}
