{"adult":false,"backdrop_path":null,"belongs_to_collection":null,"budget":0,"genres":[],"homepage":null,"id":100744,"imdb_id":"tt0124280","original_language":"da","original_title":"Andre folks børn","overview":null,"popularity":0.000144,"poster_path":"/dDTPVuN0kNU1UG8SAdsSHOwdRB.jpg","production_companies":[],"production_countries":[],"release_date":"1958-01-01","revenue":0,"runtime":0,"spoken_languages":[],"status":"Released","tagline":null,"title":"Andre folks børn","video":false,"vote_average":0.0,"vote_count":0}
