{"adult":false,"backdrop_path":null,"belongs_to_collection":null,"budget":0,"genres":[],"homepage":"","id":100392,"imdb_id":"tt0041142","original_language":"en","original_title":"Awful Orphan","overview":"Porky Pig's quiet life in his high-rise apartment building is rudely disrupted when an obnoxious mutt sneaks in and refuses to leave.","popularity":0.000143,"poster_path":"/qhaRDLdLCcXTbwfWh85W9PUNvGg.jpg","production_companies":[],"production_countries":[],"release_date":"1949-01-29","revenue":0,"runtime":7,"spoken_languages":[{"iso_639_1":"en","name":"English"}],"status":"Released","tagline":"","title":"Awful Orphan","video":false,"vote_average":0.0,"vote_count":0}
