{"adult":false,"backdrop_path":"/ck9v9EI0T8mausRXtSz4sX6pjpD.jpg","belongs_to_collection":null,"budget":0,"genres":[{"id":16,"name":"Animation"},{"id":10751,"name":"Family"},{"id":35,"name":"Comedy"}],"homepage":"","id":100393,"imdb_id":"tt0040143","original_language":"en","original_title":"Back Alley Oproar","overview":"Sylvester sings opera and popular tunes while standing on a back alley fence; Elmer, who wants to sleep, tries to thwart him.","popularity":0.00035,"poster_path":"/arkyAtumqmJDgoY5gGjvwzjFTUd.jpg","production_companies":[{"name":"Warner Bros.","id":6194}],"production_countries":[{"iso_3166_1":"US","name":"United States of America"}],"release_date":"1948-03-26","revenue":0,"runtime":7,"spoken_languages":[{"iso_639_1":"en","name":"English"},{"iso_639_1":"fr","name":"Français"}],"status":"Released","tagline":"","title":"Back Alley Oproar","video":false,"vote_average":3.8,"vote_count":2}
