{"adult":false,"backdrop_path":"/cXhqel5bI6ZiZjmrwSrIxQOiaXC.jpg","belongs_to_collection":null,"budget":0,"genres":[{"id":16,"name":"Animation"},{"id":10751,"name":"Family"},{"id":35,"name":"Comedy"}],"homepage":"","id":100310,"imdb_id":"tt0033724","original_language":"en","original_title":"Hollywood Steps Out","overview":"A tour of Ciro's Nightclub packed with caricatures of many top stars, including (in order) 'Cary Grant' , Greta Garbo 'Edward G. Robinson' and Ann Sheridan, Johnny Weissmuller, James Cagney, Humphrey Bogart and George Raft, Harpo Marx, Clark Gable, Bing Crosby, Leopold Stokowski, James Stewart and Dorothy Lamour, Tyrone Power and Sonja Henie, The Frankenstein Monster, Larry Fine, Moe Howard, Curly Howard, Oliver Hardy, Cesar Romero, Mickey Rooney, Judy Garland and Lewis Stone, Kay Kyser, Peter Lorre, Henry Fonda, J. Edgar Hoover, Ned Sparks, Jerry Colonna, and Groucho Marx; many more just get sight gags, such as Claudette Colbert, Norma Shearer, William Powell, Don Ameche, Wallace Beery, C. Aubrey Smith, Boris Karloff, Arthur Treacher, Buster Keaton and Mischa Auer.","popularity":0.00035,"poster_path":"/styvlb8Z1yvBVwvsFlKDb2bq02k.jpg","production_companies":[{"name":"Leon Schlesinger Studios","id":8298}],"production_countries":[{"iso_3166_1":"US","name":"United States of America"}],"release_date":"1941-05-24","revenue":0,"runtime":8,"spoken_languages":[{"iso_639_1":"en","name":"English"},{"iso_639_1":"fr","name":"Français"}],"status":"Released","tagline":"","title":"Hollywood Steps Out","video":false,"vote_average":5.7,"vote_count":3}
