{"adult":false,"backdrop_path":"/lCsNYvWeMY1sa500BtIlsOmGGKv.jpg","belongs_to_collection":null,"budget":6830000,"genres":[],"homepage":"","id":100075,"imdb_id":"tt0116091","original_language":"fr","original_title":"Les deux papas et la maman","overview":"Jérôme and Delphine want a child but Jerome is sterile. They then ask the best friend of Jerome, Salim, to be the donor for artificial insemination of the mother...","popularity":0.000148,"poster_path":"/7hWfG5ekmDxi6sko97e41G7F5ob.jpg","production_companies":[],"production_countries":[{"iso_3166_1":"FR","name":"France"}],"release_date":"1996-04-24","revenue":0,"runtime":90,"spoken_languages":[{"iso_639_1":"fr","name":"Français"}],"status":"Released","tagline":"","title":"Two Dads and One Mom","video":false,"vote_average":3.5,"vote_count":2}
