{"adult":false,"backdrop_path":null,"belongs_to_collection":null,"budget":0,"genres":[{"id":18,"name":"Drama"}],"homepage":"","id":100575,"imdb_id":"tt0027228","original_language":"en","original_title":"The Woman in Red","overview":"Shelby Barrett (Barbara Stanwyck) rides show horses for wealthy widow \"Nicko\" Nicholas (Genevieve Tobin)and meets Johnny Wyatt (Gene Raymond), scion of a once-wealthy Long Island Family, but who now goes about the country riding polo ponies for \"Nicko.\" Despite the efforts of \"Nicko\" and wealthy Gene Fairchild (John Eldredge), who is in love with Shelby, Johnny and Shelby are married. Shelby is treated frigidly by her snobby-but-broke in-laws, who frown even more when she and Johnny start handling the horses for wealthy neighbors on money Shelby had borrowed from Fairchild without telling her proud-but-broke husband. Matters aren't helped any when \"Nicko\" shows up and starts a gossip circuit directed against Shelby. When Johnny is away, Fairchild asks Shelby to help him entertain a wealthy client aboard his yacht. She tries to contact Johnny and fails but accepts the invitation...","popularity":0.00015,"poster_path":"/oIVKC5m6i1r9vz83wZtSj4NNq6l.jpg","production_companies":[{"name":"First National Pictures","id":3245},{"name":"Warner Bros.","id":6194}],"production_countries":[{"iso_3166_1":"US","name":"United States of America"}],"release_date":"1935-02-16","revenue":0,"runtime":68,"spoken_languages":[{"iso_639_1":"en","name":"English"}],"status":"Released","tagline":"","title":"The Woman in Red","video":false,"vote_average":0.0,"vote_count":0}
