{"adult":false,"backdrop_path":null,"belongs_to_collection":null,"budget":0,"genres":[],"homepage":"","id":100185,"imdb_id":"tt0100479","original_language":"en","original_title":"Return Home","overview":"A man and his wife are partners in a small business, a service station, that is stuggling to survive financially. They are visited by his brother, a divorced middle-aged man, who has taken a break from his stressful career in a big business corporation.","popularity":0.06905,"poster_path":"/4uwDnGYQiTqM6SyVLjILpUBlpo.jpg","production_companies":[],"production_countries":[],"release_date":"1990-08-02","revenue":0,"runtime":87,"spoken_languages":[],"status":"Released","tagline":"A man and his wife are partners in a small business, a service station, that is stuggling to survive financially...","title":"Return Home","video":false,"vote_average":0.0,"vote_count":0}
