{"adult":false,"backdrop_path":null,"belongs_to_collection":null,"budget":0,"genres":[],"homepage":"","id":100161,"imdb_id":"tt0200004","original_language":"en","original_title":"Requiebro","overview":"Paloma Reyes, an Andalusian singer, debuts in Argentina devoting his show to an old actress, Isabel Mendoza. The performance is somewhat disastrous. However, grateful for her detail, the woman gives her a pendant. Paloma, without a second thought, appears in the diva's mansion  for advice. Soon the two women become friends and Isabel hosts her at home. All locals, servants, gardeners .... are delighted with the girl. All but the son of the actress, who believes she is taking advantage of their friendship. But from hate to love there is only one step.","popularity":0.000144,"poster_path":"/dY2EHlxZpXVYT0M0hXY5ckqzKAV.jpg","production_companies":[],"production_countries":[],"release_date":"1955-01-01","revenue":0,"runtime":83,"spoken_languages":[{"iso_639_1":"es","name":"Español"}],"status":"Released","tagline":"","title":"Requiebro","video":false,"vote_average":0.0,"vote_count":0}
