{"adult":false,"backdrop_path":null,"belongs_to_collection":null,"budget":0,"genres":[{"id":16,"name":"Animation"},{"id":35,"name":"Comedy"}],"homepage":"","id":100337,"imdb_id":"tt0029431","original_language":"en","original_title":"Porky's Romance","overview":"The introduction cartoon for Petunia Pig deals with Porky's courtship with her. Once he's won her hand in marriage, he fantasizes about his future with her, which doesn't seem very appealing.","popularity":0.000143,"poster_path":"/wiEMxtO8QFqkJg8GZIh85ZSqVg5.jpg","production_companies":[],"production_countries":[],"release_date":"1937-04-03","revenue":0,"runtime":8,"spoken_languages":[],"status":"Released","tagline":"","title":"Porky's Romance","video":false,"vote_average":6.0,"vote_count":1}
