{"adult":false,"backdrop_path":"/s66reb49Ryd1JZaYh6DzrR2cguG.jpg","belongs_to_collection":null,"budget":0,"genres":[{"id":99,"name":"Documentary"},{"id":10402,"name":"Music"}],"homepage":"","id":100560,"imdb_id":"tt0173656","original_language":"en","original_title":"Баллада о спорте","overview":"The story of Nikolai Ozerov, the famous sports commentator. Interviews and archival footage chronicle significant global sporting events.","popularity":0.000422,"poster_path":"/jrzEn8ULaqqb7NxhGdwcpT9JbuK.jpg","production_companies":[{"name":"Mosfilm","id":5120}],"production_countries":[],"release_date":"1979-09-09","revenue":0,"runtime":89,"spoken_languages":[{"iso_639_1":"ru","name":"Pусский"}],"status":"Released","tagline":"","title":"Ode to Sports","video":false,"vote_average":0.0,"vote_count":0}
