{"adult":true,"backdrop_path":"/b0LFhzZ2zxCSx8VPFV9AG1GxORd.jpg","belongs_to_collection":null,"budget":0,"genres":[],"homepage":"http://www.c1r.com/products/aw11441-black-balled-8#","id":100753,"imdb_id":"","original_language":"en","original_title":"Black Balled 8","overview":"Starring newcomer and insatiable bottom Dylan Hauser, the movie gives new meaning to the term, “Behind the 8 Ball”. The cock-hungry Hauser takes on 10 well-hung black studs, including superstars Hot Rod, Scott Alexander, Angyl Valantino, Aron Ridge. Also joining the pack of gangbangers are Jonny Rock, Trey Turner, Lawson Kane, and newcomers Sean XL, Tokyo and Robert Anthony. They all come together in one of the nastiest interracial gangbangs ever caught on film.  In addition to the ass pounding Dylan receives from the ebony studs, he has a mind-blowing intimate moment with a pool cue, which is not to be missed.","popularity":0.001714,"poster_path":"/l6H6AM5cXlTcbioGkZAJUTTgzSS.jpg","production_companies":[{"name":"All Worlds Video","id":6465},{"name":"Channel 1 Releasing","id":6473}],"production_countries":[{"iso_3166_1":"US","name":"United States of America"}],"release_date":"2012-02-13","revenue":0,"runtime":112,"spoken_languages":[{"iso_639_1":"en","name":"English"}],"status":"Released","tagline":"Pig Bottom Dylan Hauser Offers Up His Corner Pocket For Some Dirty Pool!","title":"Black Balled 8","video":false,"vote_average":8.0,"vote_count":1}
