{"adult":false,"backdrop_path":null,"belongs_to_collection":null,"budget":0,"genres":[],"homepage":"","id":100684,"imdb_id":"tt1288496","original_language":"en","original_title":"Where the Wild Things Are","overview":"A boy named Max imagines he is \"Where The Wild Things Are\".","popularity":0.0,"poster_path":"/29TmUApupof5nTGqAvGhKwNBNXm.jpg","production_companies":[],"production_countries":[],"release_date":"1973-01-01","revenue":0,"runtime":7,"spoken_languages":[{"iso_639_1":"en","name":"English"}],"status":"Released","tagline":"","title":"Where the Wild Things Are","video":false,"vote_average":0.0,"vote_count":0}
