{"adult":false,"backdrop_path":null,"belongs_to_collection":null,"budget":0,"genres":[{"id":28,"name":"Action"},{"id":10769,"name":"Foreign"},{"id":80,"name":"Crime"}],"homepage":"","id":100636,"imdb_id":"tt0079803","original_language":"en","original_title":"Return of the Tiger","overview":"The thriving narcotics smuggling operations in Bangkok are headed by rival American and Chinese interests. The former is led by huge bearded nightclub owner, menacingly played by Paul Smith. His bitter rival Tse-Chan goes to elaborate lengths to have him \"eliminated.\"  The honors, however, fall to the fantastic Bruce Li - as an undercover agent playing a highly dangerous game - and his attractive girl assistant. With their supreme intervention, both factions are eliminated forever.","popularity":0.000405,"poster_path":"/ifqRVuJz9G4XihZCJQlgX46RHc7.jpg","production_companies":[],"production_countries":[{"iso_3166_1":"TW","name":"Taiwan"}],"release_date":"1976-06-11","revenue":0,"runtime":92,"spoken_languages":[{"iso_639_1":"zh","name":"普通话"}],"status":"Released","tagline":"","title":"Return of the Tiger","video":false,"vote_average":0.0,"vote_count":0}
