{"adult":false,"backdrop_path":"/lZIdlaW0nhPxIT5CBT7KmdghyEH.jpg","belongs_to_collection":null,"budget":0,"genres":[],"homepage":"http://www.nickysfamily.com","id":100341,"imdb_id":"tt1961438","original_language":"en","original_title":"Nicky's Family","overview":"Nicky's Family is a gripping documentary from the International Emmy Award winning producers Patrik Pass and Matej Minac about a rescue operation of the “British Schindler” - Sir Nicholas\r Winton who will celebrate this year 103rd birthday. His story has no parallel in modern history. Dramatic reenactments, some of the archive footage never seen before, rescued \"children\" together with Mr. Winton himself recount this unique story which even after 70 years continues to inspire people, especially children, to make this world a better place.  World personalities His Holiness Dalai Lama and Nobel Prize winner Elie Wiesel also took part. ( - from the film's press kit)","popularity":0.001228,"poster_path":"/nixwAWMmumGxVdsijpBjqL4fQhF.jpg","production_companies":[],"production_countries":[],"release_date":"2011-01-04","revenue":0,"runtime":96,"spoken_languages":[],"status":"Released","tagline":"","title":"Nicky's Family","video":false,"vote_average":8.5,"vote_count":2}
