{"adult":false,"backdrop_path":"/2iVx7TD0jtrpNh4rSgxarcsEeN1.jpg","belongs_to_collection":null,"budget":500000,"genres":[{"id":27,"name":"Horror"}],"homepage":"http://www.thedevilscarnival.com/","id":100493,"imdb_id":"tt2204379","original_language":"en","original_title":"The Devil's Carnival","overview":"Sinners are invited to a theme park where they endure the repetition of their transgressions. What chances do a conniving kleptomaniac, a gullible teenager, and an obsessed father stand when facing their own moral failings? Lucifer and his colorful cast of singing carnies invite you to grab a ticket to The Devil’s Carnival to find out!","popularity":0.412812,"poster_path":"/t41yR2JNbJ6BRyo5HrVPb32Nz1t.jpg","production_companies":[],"production_countries":[{"iso_3166_1":"US","name":"United States of America"}],"release_date":"2012-04-05","revenue":0,"runtime":55,"spoken_languages":[{"iso_639_1":"en","name":"English"}],"status":"Released","tagline":"You can't help but fall.","title":"The Devil's Carnival","video":false,"vote_average":6.2,"vote_count":8}
