{"adult":false,"backdrop_path":null,"belongs_to_collection":null,"budget":0,"genres":[{"id":35,"name":"Comedy"}],"homepage":"","id":100607,"imdb_id":"tt0260776","original_language":"en","original_title":"Camera","overview":"While a veteran actor laments the state of film and film acting, a group of young children sneak a Panavision camera into the apartment where the actor resides and decide to make a film with it.","popularity":0.000299,"poster_path":"/7F19DtT5Brbz0TAJ4KsDU9ZgFPn.jpg","production_companies":[],"production_countries":[],"release_date":"2000-09-01","revenue":0,"runtime":6,"spoken_languages":[],"status":"Released","tagline":"","title":"Camera","video":false,"vote_average":7.0,"vote_count":1}
