{"adult":false,"backdrop_path":"/bROPCLjYaE10lcFtAWdpR4HjLxW.jpg","belongs_to_collection":null,"budget":0,"genres":[{"id":16,"name":"Animation"}],"homepage":"","id":100307,"imdb_id":"tt0042555","original_language":"en","original_title":"Hillbilly Hare","overview":"While vacationing in the Ozark Mountains, Bugs Bunny encounters Curt and Pumpkinhead Martin, two dimwitted hillbillies who are duped by Bugs into a violent square dance.","popularity":0.001161,"poster_path":"/dCMi7ZFckLUPVHCL89i1vmRZvTR.jpg","production_companies":[{"name":"Warner Bros.","id":6194}],"production_countries":[{"iso_3166_1":"US","name":"United States of America"}],"release_date":"1950-08-12","revenue":0,"runtime":7,"spoken_languages":[{"iso_639_1":"en","name":"English"}],"status":"Released","tagline":"","title":"Hillbilly Hare","video":false,"vote_average":8.0,"vote_count":1}
