{"adult":false,"backdrop_path":null,"belongs_to_collection":null,"budget":0,"genres":[{"id":878,"name":"Science Fiction"}],"homepage":"","id":100412,"imdb_id":"tt0110163","original_language":"en","original_title":"Island City","overview":"A 21st-century genetic experiment goes chaotic, creating a race of genetically-violent mutants.","popularity":0.000144,"poster_path":"/3jsxjll0xVl7XKlPlYkwDq2iMVB.jpg","production_companies":[],"production_countries":[],"release_date":"1994-03-02","revenue":0,"runtime":95,"spoken_languages":[{"iso_639_1":"de","name":"Deutsch"}],"status":"Released","tagline":"","title":"Island City","video":false,"vote_average":0.0,"vote_count":0}
