{"adult":false,"backdrop_path":null,"belongs_to_collection":null,"budget":0,"genres":[{"id":10751,"name":"Family"}],"homepage":"","id":100685,"imdb_id":"tt0094043","original_language":"en","original_title":"Stone Fox","overview":"Little Willy must win a dog sled race in order to save his grandfather's cattle ranch.","popularity":1e-06,"poster_path":null,"production_companies":[],"production_countries":[],"release_date":"1987-03-30","revenue":0,"runtime":100,"spoken_languages":[{"iso_639_1":"en","name":"English"}],"status":"Released","tagline":"","title":"Stone Fox","video":false,"vote_average":4.5,"vote_count":2}
