{"adult":false,"backdrop_path":null,"belongs_to_collection":null,"budget":0,"genres":[{"id":35,"name":"Comedy"}],"homepage":"","id":100203,"imdb_id":"tt0074306","original_language":"en","original_title":"Cherry Hill High","overview":"Five recent graduates of an all-girl high school - Kippy, Sarah, Michelle, Peaches and Alison - attempt to lose their virginity during a two-week bicycle trip with their seemingly repressed teacher Miss Woodruff. The girls hold a contest to see who can lose their virginity in the most creative and original manner.","popularity":0.000182,"poster_path":"/ey47jyBrKdpHgQjY8O1Am5NFWMI.jpg","production_companies":[],"production_countries":[],"release_date":"1977-04-01","revenue":0,"runtime":87,"spoken_languages":[{"iso_639_1":"en","name":"English"}],"status":"Released","tagline":"School is out. Love is in.","title":"Cherry Hill High","video":false,"vote_average":0.0,"vote_count":0}
