{"adult":false,"backdrop_path":null,"belongs_to_collection":null,"budget":0,"genres":[],"homepage":"","id":100098,"imdb_id":"tt0054233","original_language":"en","original_title":"Un rayo de luz","overview":"A man and a woman have been secretly married. He belongs to a rich family and she is a poor actress and singer that is failing to success in her career. One day, he decides to tell his family that he's married and flies to Italy, where they live, but the flight has an accident and he dies. The man's brother goes to Spain to look for the body, and he discovers not only that his brother is married, also that his brother's wife is pregnant.","popularity":0.000152,"poster_path":"/nOEUCX2IqyHxlxgtiZ422a5eIcE.jpg","production_companies":[],"production_countries":[],"release_date":"1960-09-09","revenue":0,"runtime":110,"spoken_languages":[{"iso_639_1":"es","name":"Español"}],"status":"Released","tagline":"","title":"Un rayo de luz","video":false,"vote_average":0.0,"vote_count":0}
