{"adult":false,"backdrop_path":null,"belongs_to_collection":null,"budget":0,"genres":[],"homepage":"","id":100852,"imdb_id":"tt0330202","original_language":"en","original_title":"Dead Casual","overview":"The only things Wayne cares about are that Chelsea wins at the football, how much beer there is in the fridge, and his son's viewing habits. When Wayne's mates arrive to watch a match news is heard that a local policeman has been killed. The party atmosphere changes to something more sinister.","popularity":0.000429,"poster_path":null,"production_companies":[{"name":"BBC","id":5996}],"production_countries":[{"iso_3166_1":"GB","name":"United Kingdom"}],"release_date":"2002-04-23","revenue":0,"runtime":30,"spoken_languages":[{"iso_639_1":"en","name":"English"}],"status":"Released","tagline":"","title":"Dead Casual","video":false,"vote_average":0.0,"vote_count":0}
