{"adult":false,"backdrop_path":null,"belongs_to_collection":null,"budget":0,"genres":[],"homepage":"","id":100360,"imdb_id":"","original_language":"en","original_title":"Dinnerladies","overview":"Includes series 1 of the television comedy Dinnerladies. The programme follows a group of Northern factory canteen workers who manage to find a seam of humour in their humdrum jobs. There's hard-working and normal Bren (Victoria Wood), her love-interest Tony the canteen manager, and a clutch of peculiarly eccentric characters on both sides of the counter. And then there's Julie Walters as Bren's filthy, drunken, scene-stealing mother Petula. Dinnerladies is a classic magic blend of comedy and touching pathos.","popularity":0.0,"poster_path":"/eqXAOfFUzWxBI69bduugvnmT4QJ.jpg","production_companies":[],"production_countries":[],"release_date":"","revenue":0,"runtime":0,"spoken_languages":[],"status":"Released","tagline":"","title":"Dinnerladies","video":false,"vote_average":0.0,"vote_count":0}
