{"adult":false,"backdrop_path":"/1Rlp92NjWA9bC9URDy55YVqWTM0.jpg","belongs_to_collection":null,"budget":15600000,"genres":[{"id":12,"name":"Adventure"}],"homepage":"","id":100542,"imdb_id":"tt1785669","original_language":"en","original_title":"Vikingdom","overview":"A warrior fleeing the violence of his past must take up the sword and risk everything to face a god of incalculable power.","popularity":0.467997,"poster_path":"/wKMs9VXJotRQue48dmHWf1DMCop.jpg","production_companies":[{"name":"KRU Studios","id":15205}],"production_countries":[{"iso_3166_1":"MY","name":"Malaysia"}],"release_date":"2013-09-11","revenue":0,"runtime":114,"spoken_languages":[{"iso_639_1":"en","name":"English"},{"iso_639_1":"zh","name":"普通话"}],"status":"Released","tagline":"Live by the Sword.","title":"Vikingdom","video":false,"vote_average":4.8,"vote_count":8}
