{"adult":false,"backdrop_path":null,"belongs_to_collection":null,"budget":0,"genres":[{"id":10769,"name":"Foreign"},{"id":18,"name":"Drama"},{"id":27,"name":"Horror"},{"id":53,"name":"Thriller"}],"homepage":"","id":100439,"imdb_id":"tt2118722","original_language":"en","original_title":"Shake Rattle Roll 13","overview":"An old man Lando (Ronnie Lazaro) has buried something under his house. When he is finished, he encounters a group of white people. The chieftain (Manu Respall) demands Lando to give back something that belongs to them which he refuses. Angered, he and his tribesmen savagely killed him.","popularity":0.0092,"poster_path":"/78AWDd33SZdstAvormKtn1OQzlt.jpg","production_companies":[{"name":"Regal Multimedia","id":8358},{"name":"Regal Films","id":19788}],"production_countries":[{"iso_3166_1":"PH","name":"Philippines"}],"release_date":"2011-12-25","revenue":0,"runtime":145,"spoken_languages":[{"iso_639_1":"en","name":"English"},{"iso_639_1":"tl","name":""}],"status":"Released","tagline":"","title":"Shake Rattle Roll 13","video":false,"vote_average":0.0,"vote_count":0}
