{"adult":false,"backdrop_path":null,"belongs_to_collection":null,"budget":0,"genres":[{"id":35,"name":"Comedy"}],"homepage":"","id":100668,"imdb_id":"","original_language":"en","original_title":"The Boys","overview":"When Walter's diagnosed with lung cancer, despite his squeaky clean lifestyle, he has to tell his screenwriter partner, because that partner is a chain-smoker. As Walter fights cancer he also tries to put his affairs in order by teaching writing to prison inmates, talking to his son and ex-wife, and getting his partner to quit smoking.","popularity":0.0,"poster_path":null,"production_companies":[],"production_countries":[],"release_date":"","revenue":0,"runtime":0,"spoken_languages":[],"status":"Rumored","tagline":"","title":"The Boys","video":false,"vote_average":0.0,"vote_count":0}
