{"adult":false,"backdrop_path":null,"belongs_to_collection":null,"budget":0,"genres":[{"id":18,"name":"Drama"},{"id":14,"name":"Fantasy"}],"homepage":"","id":100262,"imdb_id":"tt0075191","original_language":"en","original_title":"Sérail","overview":"Eric (Corin Redgrave) is a novelist whose imagination is unusually powerful. While exploring a run-down mansion in the French countryside, looking for sites for his stories, he meets a girl dressed in clothes from another time. Returning to the site, he encounters a modern woman who says he probably met a ghost. He is fascinated by the situation which cannot be what it seems.","popularity":0.0,"poster_path":"/3yrYfmRUqSjYpXDXArGekw28zV9.jpg","production_companies":[],"production_countries":[],"release_date":"1976-11-17","revenue":0,"runtime":83,"spoken_languages":[{"iso_639_1":"en","name":"English"},{"iso_639_1":"fr","name":"Français"}],"status":"Released","tagline":"","title":"Surreal Estate","video":false,"vote_average":0.0,"vote_count":0}
