{"adult":false,"backdrop_path":null,"belongs_to_collection":null,"budget":0,"genres":[],"homepage":null,"id":100711,"imdb_id":"tt0035604","original_language":"de","original_title":"Abenteuer im Grandhotel","overview":null,"popularity":0.000144,"poster_path":"/ooE6UvicyJGmophelYpWpSO3oyF.jpg","production_companies":[],"production_countries":[{"iso_3166_1":"DE","name":"Germany"}],"release_date":"1943-04-16","revenue":0,"runtime":0,"spoken_languages":[{"iso_639_1":"de","name":"Deutsch"}],"status":"Released","tagline":null,"title":"Abenteuer im Grandhotel","video":false,"vote_average":7.0,"vote_count":1}
