{"adult":false,"backdrop_path":"/w6jUqmp0lwtoi8I1bhyqyjsxZ9M.jpg","belongs_to_collection":null,"budget":0,"genres":[],"homepage":"","id":100371,"imdb_id":"tt0055072","original_language":"en","original_title":"The Last Hungry Cat","overview":"Sylvester Cat slips when making a grab for Tweety Bird in Granny's flat, and falls dazed to the floor as one of Tweety's feathers lands in his mouth. Tweety runs off. Sylvester comes to and finds the feather lodged between his lips. He thinks he has swallowed and killed Tweety and suffers terrible remorse as an Alfred Hitchcock-like voice-over chides him for his \"crime\". Sylvester cracks, runs into the streets confessing, and returns to Granny's place, where he finds he didn't eat Tweety after all.","popularity":0.00015,"poster_path":"/AgHihI05s0gnlqSXU7XJ1xiRoPr.jpg","production_companies":[{"name":"Warner Bros. Pictures","id":174}],"production_countries":[{"iso_3166_1":"US","name":"United States of America"}],"release_date":"1961-12-01","revenue":0,"runtime":7,"spoken_languages":[{"iso_639_1":"en","name":"English"}],"status":"Released","tagline":"","title":"The Last Hungry Cat","video":false,"vote_average":7.0,"vote_count":1}
