{"adult":false,"backdrop_path":"/rBsGkOdYaHVAOJsRldyHeLFPl5s.jpg","belongs_to_collection":null,"budget":0,"genres":[{"id":18,"name":"Drama"}],"homepage":"","id":100536,"imdb_id":"tt0035564","original_language":"en","original_title":"Wings for the Eagle","overview":"Aircraft workers during during World War II become involved in a love triangle.","popularity":0.000174,"poster_path":"/s0THTfkBHma0nBkLpHMcAtFj3F5.jpg","production_companies":[{"name":"Warner Bros. Pictures","id":174}],"production_countries":[{"iso_3166_1":"US","name":"United States of America"}],"release_date":"1942-07-18","revenue":0,"runtime":84,"spoken_languages":[{"iso_639_1":"en","name":"English"}],"status":"Released","tagline":"It's Time-and-a-Half for Uncle Sam...and the Rest of the Time is for Love!","title":"Wings for the Eagle","video":false,"vote_average":0.0,"vote_count":0}
