{"adult":false,"backdrop_path":"/pMNSiNT55XrxWPmoI5ytJyinRa8.jpg","belongs_to_collection":{"id":96665,"name":"Dumb and Dumber Collection","poster_path":"/fdB86tl7SKIBWZzm0CbrYjOdE1K.jpg","backdrop_path":"/saUnj5K6buVafDfLfTozDH2eqdC.jpg"},"budget":40000000,"genres":[{"id":35,"name":"Comedy"}],"homepage":"","id":100042,"imdb_id":"tt2096672","original_language":"en","original_title":"Dumb and Dumber To","overview":"20 years after the dimwits set out on their first adventure, they head out in search of one of their long lost children in the hope of gaining a new kidney.","popularity":5.819569,"poster_path":"/uoRqumEGSlDGnR3SrokqHhu55GK.jpg","production_companies":[{"name":"New Line Cinema","id":12},{"name":"Universal Pictures","id":33},{"name":"Warner Bros. Pictures","id":174},{"name":"Conundrum Entertainment","id":1156},{"name":"Red Granite Pictures","id":19177}],"production_countries":[{"iso_3166_1":"US","name":"United States of America"}],"release_date":"2014-11-14","revenue":169837010,"runtime":110,"spoken_languages":[{"iso_639_1":"en","name":"English"}],"status":"Released","tagline":"The Second Parts Are More Fools","title":"Dumb and Dumber To","video":false,"vote_average":5.7,"vote_count":494}
