{"adult":false,"backdrop_path":null,"belongs_to_collection":null,"budget":0,"genres":[{"id":18,"name":"Drama"},{"id":10752,"name":"War"}],"homepage":"","id":100254,"imdb_id":"tt0036093","original_language":"en","original_title":"Lady from Chungking","overview":"After the Japanese invade China in WW 2, a young woman leads a band of partisans against the occupying troops.","popularity":0.000148,"poster_path":"/vJrnEnkDo6L6CF4UP5v6OTY23ut.jpg","production_companies":[],"production_countries":[{"iso_3166_1":"US","name":"United States of America"}],"release_date":"1942-12-21","revenue":0,"runtime":66,"spoken_languages":[],"status":"Released","tagline":"","title":"Lady from Chungking","video":false,"vote_average":0.0,"vote_count":0}
