{"adult":false,"backdrop_path":null,"belongs_to_collection":null,"budget":0,"genres":[],"homepage":null,"id":100761,"imdb_id":"tt0217720","original_language":"de","original_title":"Dirty Money - In tödlicher Gefahr","overview":null,"popularity":0.000299,"poster_path":"/m5pFE0YVKLdyTPhF9rvcGdvMfaZ.jpg","production_companies":[],"production_countries":[],"release_date":"2001-01-26","revenue":0,"runtime":0,"spoken_languages":[],"status":"Released","tagline":null,"title":"Dirty Money - In tödlicher Gefahr","video":false,"vote_average":0.0,"vote_count":0}
