{"adult":false,"backdrop_path":"/uDgqKMQpLYWSWSgE3pBBTuMQ9Xn.jpg","belongs_to_collection":null,"budget":0,"genres":[{"id":99,"name":"Documentary"},{"id":36,"name":"History"},{"id":18,"name":"Drama"}],"homepage":"http://www.filmaust.com.au/mawson/","id":100022,"imdb_id":"tt1145531","original_language":"en","original_title":"Mawson - Life and Death in Antarctica","overview":"The Douglas Mawson Antarctic Expedition of 1912 is considered one of the most amazing feats of endurance of all time. Although his two companions perished, Douglas Mawson survived, but how?  In a bold historical experiment, scientist and adventurer Tim Jarvis is retracing the gruelling experience, with the same meagre rations, primitive clothing and equipment to uncover what happened to Mawson physically-and mentally-as a man hanging on the precipice of life and death.","popularity":0.000717,"poster_path":"/k0jengBieWu7IUDK9gDRJGrG11n.jpg","production_companies":[{"name":"Film Australia","id":8884},{"name":"Orana Films","id":9280}],"production_countries":[{"iso_3166_1":"AU","name":"Australia"}],"release_date":"2008-05-11","revenue":0,"runtime":85,"spoken_languages":[{"iso_639_1":"en","name":"English"}],"status":"Released","tagline":"","title":"Mawson - Life and Death in Antarctica","video":false,"vote_average":0.0,"vote_count":0}
