{"adult":false,"backdrop_path":"/gh9S9agNE7zfMDMACBLtRbm3fqR.jpg","belongs_to_collection":null,"budget":0,"genres":[{"id":16,"name":"Animation"}],"homepage":"","id":100334,"imdb_id":"tt0036271","original_language":"en","original_title":"Porky Pig's Feat","overview":"Porky Pig and Daffy Duck owe an outrageous sum to the Broken Arms Hotel. The manager thwarts their efforts to escape without paying their bill.","popularity":0.000146,"poster_path":"/1N83eN5m8tEdA7TZvedW0tAc2WG.jpg","production_companies":[{"name":"Warner Bros.","id":6194},{"name":"Leon Schlesinger Studios","id":8298}],"production_countries":[{"iso_3166_1":"US","name":"United States of America"}],"release_date":"1943-07-17","revenue":0,"runtime":9,"spoken_languages":[{"iso_639_1":"en","name":"English"}],"status":"Released","tagline":"","title":"Porky Pig's Feat","video":false,"vote_average":8.0,"vote_count":1}
