{"adult":false,"backdrop_path":"/nrt5CTTmb1HjadCWwcn3NUwqpTi.jpg","belongs_to_collection":null,"budget":0,"genres":[{"id":16,"name":"Animation"}],"homepage":"","id":100165,"imdb_id":"tt0153922","original_language":"en","original_title":"Woody Woodpecker","overview":"Woody Woodpecker spends his day singing loudly and pecking holes in trees. He infuriates the other woodland creatures - when he isn't baffling them with his bizarre behavior. Woody overhears a squirrel and a group of birds gossiping about him. Even though he just sang a song proclaiming his craziness, he denies their whispered accusations that he's nuts. But after they trick him into knocking his head on a statue, the poor bird hears voices in his head and decides the animals might be right. He decides to see a doctor. But leave it to Woody to choose Dr. Horace N. Buggy, a Scottish-brogue-burring fox, who is, if it's impossible, even madder than he is.","popularity":0.000143,"poster_path":"/kTdbn8HLQOZeHKJUixiMJfLz7LL.jpg","production_companies":[{"name":"Walter Lantz Productions","id":8520}],"production_countries":[{"iso_3166_1":"US","name":"United States of America"}],"release_date":"1941-07-16","revenue":0,"runtime":7,"spoken_languages":[{"iso_639_1":"en","name":"English"}],"status":"Released","tagline":"","title":"Woody Woodpecker","video":false,"vote_average":7.0,"vote_count":2}
