{"adult":false,"backdrop_path":"/yEBf7wqCmmSeUscCGTO1JQNGLbO.jpg","belongs_to_collection":{"id":185516,"name":"Edgar Wallace Collection","poster_path":"/szuBNj2UBVBBOgMieFasNbW4ju5.jpg","backdrop_path":null},"budget":0,"genres":[{"id":80,"name":"Crime"}],"homepage":"","id":100124,"imdb_id":"tt0063270","original_language":"de","original_title":"Edgar Wallace - Der Mann mit dem Glasauge","overview":null,"popularity":0.000195,"poster_path":"/5WY0ikThfOnsEkGa0XRzvCAgsA5.jpg","production_companies":[{"name":"Rialto Film Preben-Philipsen","id":3602}],"production_countries":[{"iso_3166_1":"DE","name":"Germany"}],"release_date":"1969-02-21","revenue":0,"runtime":0,"spoken_languages":[{"iso_639_1":"de","name":"Deutsch"}],"status":"Released","tagline":"","title":"The Man with the Glass Eye","video":false,"vote_average":0.0,"vote_count":0}
