{"adult":false,"backdrop_path":null,"belongs_to_collection":null,"budget":0,"genres":[{"id":18,"name":"Drama"}],"homepage":"","id":100568,"imdb_id":"tt0139216","original_language":"en","original_title":"Floating","overview":"Floating is the story of a young man's struggle to come of age during a violent period of emotional and financial bankruptcy. The film stars Norman Reedus as Van, a son shouldering the responsibility of his embittered father, with no one to nurture him through his own pain. Van's father is so engrossed in his own troubles that he fails to emotionally support his son. As Doug, Chad Lowe provides Van with friendship, but more importantly, with the knowledge that a \"perfect life\" isn't always what it seems. After Van and Doug engage in a crime spree that ends in tragedy, father and son finally come together for the first time to transcend mourning.","popularity":0.000215,"poster_path":"/wX5SOfNsXTTh0vbXQme0kQv1NtE.jpg","production_companies":[],"production_countries":[],"release_date":"1999-10-08","revenue":0,"runtime":90,"spoken_languages":[{"iso_639_1":"en","name":"English"}],"status":"Released","tagline":"One tragedy destroyed his life. Another one saved it.","title":"Floating","video":false,"vote_average":0.0,"vote_count":0}
