{"adult":false,"backdrop_path":null,"belongs_to_collection":null,"budget":0,"genres":[{"id":10751,"name":"Family"}],"homepage":"","id":100705,"imdb_id":"tt0092919","original_language":"en","original_title":"Double Agent","overview":"Jason Starr is an international spy. While on a mission there was an altercation and Jason disappears. His boss Vaughn then goes to his twin brother Warren Starbinder, a veterinarian, and asks him to pose as Jason so to complete his mission. Warren agrees to do so but the talk will not be easy since he is not a spy. Warren also cannot tell his wife and family what he's doing which makes it hard for him to explain the peculiar ways he is now behaving.","popularity":0.000405,"poster_path":"/kI2x8JIFqJB3mTt9dfysPLZownV.jpg","production_companies":[],"production_countries":[],"release_date":"1987-03-29","revenue":0,"runtime":120,"spoken_languages":[],"status":"","tagline":"","title":"Double Agent","video":false,"vote_average":6.5,"vote_count":1}
