{"adult":false,"backdrop_path":"/nNOuvQY0KRBC2MfwIMZlbxUOi1c.jpg","belongs_to_collection":null,"budget":0,"genres":[{"id":53,"name":"Thriller"},{"id":27,"name":"Horror"}],"homepage":"","id":100024,"imdb_id":"tt1562567","original_language":"en","original_title":"Bloodwork","overview":"A couple of college students decide to sign up for pharmaceutical testing of a new allergy drug to make some extra cash for their spring break trip. They quickly discover their two week stay will not be as easy as they first believed and fight to save themselves from the grips of the facility. Written by Anonymous (www.imdb.com).","popularity":0.544272,"poster_path":"/e47mqwLk2rM1Z9OW8xqOwp56pp5.jpg","production_companies":[],"production_countries":[{"iso_3166_1":"US","name":"United States of America"},{"iso_3166_1":"CA","name":"Canada"}],"release_date":"2012-05-10","revenue":0,"runtime":100,"spoken_languages":[{"iso_639_1":"es","name":"Español"},{"iso_639_1":"en","name":"English"}],"status":"Released","tagline":"Not Dying Doesn't Mean You're Alive","title":"Bloodwork","video":false,"vote_average":4.3,"vote_count":3}
