{"adult":false,"backdrop_path":"/At9S4vRHZewUeMbAYFQucSSBfVT.jpg","belongs_to_collection":null,"budget":0,"genres":[],"homepage":"","id":100339,"imdb_id":"tt0043943","original_language":"en","original_title":"Putty Tat Trouble","overview":"Tweety Bird is shoveling out his nest atop a city pole after a snowstorm and is spotted by Sylvester Cat and a one-eyed orange tabby, who fight over Tweety. Tweety runs into a cellar where he befriends a wooden dunking bird. The two cats then chase Tweety into a park and onto a sheet of ice covering a pond. Tweety cuts a circle around the cats so that they fall into the freezing water and become bedridden with cold.","popularity":0.000144,"poster_path":"/rQtFEIBOaadk60BA6FfccWVObM5.jpg","production_companies":[{"name":"Warner Bros. Pictures","id":174}],"production_countries":[{"iso_3166_1":"US","name":"United States of America"}],"release_date":"1951-02-23","revenue":0,"runtime":7,"spoken_languages":[{"iso_639_1":"en","name":"English"}],"status":"Released","tagline":"","title":"Putty Tat Trouble","video":false,"vote_average":7.5,"vote_count":1}
