{"adult":false,"backdrop_path":"/cqMv5S6WznLsEzn8BO7MKWMSZtQ.jpg","belongs_to_collection":null,"budget":0,"genres":[],"homepage":"","id":100321,"imdb_id":"tt0047284","original_language":"en","original_title":"No Barking","overview":"A homeless cat (Claude Cat) searching for food is harassed by the playful antics and barking of an energetic pup (Frisky Puppy). Frisky repeatedly sneaks up behind the poor tabby cat (who hates the dog) and scares it into jumping vertically when it barks. After Claude finally silences the pup, he encounters a larger dog, whose bark has a disastrous effect. Tweety Bird has two lines. Can you guess what they are?","popularity":0.000157,"poster_path":"/jyKW871vabD0jHrrm2sWbfdWJRS.jpg","production_companies":[{"name":"Warner Bros. Pictures","id":174}],"production_countries":[{"iso_3166_1":"US","name":"United States of America"}],"release_date":"1954-02-26","revenue":0,"runtime":7,"spoken_languages":[{"iso_639_1":"en","name":"English"}],"status":"Released","tagline":"","title":"No Barking","video":false,"vote_average":7.0,"vote_count":1}
