{"adult":false,"backdrop_path":"/6NctMKZun8nxhEOyYoLY4hah8RL.jpg","belongs_to_collection":null,"budget":12000000,"genres":[{"id":80,"name":"Crime"},{"id":18,"name":"Drama"}],"homepage":"","id":100544,"imdb_id":"tt1925479","original_language":"en","original_title":"Officer Down","overview":"When a cop's crooked past comes back to get him, can he do the right thing, or will he succumb to the threats of his dangerous connections?","popularity":0.346983,"poster_path":"/fsuAjoIjvIQPA5mQzaDyIL7Dzyk.jpg","production_companies":[{"name":"Jeff Most Productions","id":4030}],"production_countries":[{"iso_3166_1":"US","name":"United States of America"}],"release_date":"2013-01-22","revenue":0,"runtime":98,"spoken_languages":[{"iso_639_1":"en","name":"English"}],"status":"Released","tagline":"Once a bad cop, always a bad cop.","title":"Officer Down","video":false,"vote_average":5.2,"vote_count":12}
