{"adult":false,"backdrop_path":null,"belongs_to_collection":null,"budget":0,"genres":[],"homepage":"","id":100849,"imdb_id":"","original_language":"en","original_title":"Habitat - Mosaic","overview":"The editing and filming techniques used are some of the most artistic and original in the industry through many different eyes. This Habitat's first full length video, Featuring Tim O'Connor, Fred Gall, Ed Selego, Rob Plunowski, Brian Wenning, Danny Renaud, Stefan Janoski, Danny Garcia, Kerry Getz Guest appearances by Alien Workshop stalwarts Jason Dill, Anthony Pappalardo, Heath Kirchart, Steve Berra, Danny Way, Anthony Van Engelen and Ted De Gros.","popularity":0.0,"poster_path":"/waxxvLKankNyzKjg1YVvm4zx27u.jpg","production_companies":[{"name":"Habitat Skateboards","id":9360}],"production_countries":[],"release_date":"","revenue":0,"runtime":38,"spoken_languages":[{"iso_639_1":"en","name":"English"}],"status":"Released","tagline":"skateboard","title":"Habitat - Mosaic","video":false,"vote_average":0.0,"vote_count":0}
