{"adult":false,"backdrop_path":null,"belongs_to_collection":null,"budget":0,"genres":[],"homepage":null,"id":100280,"imdb_id":"","original_language":"pt","original_title":"NXZero 10 Anos Ao Vivo Multishow - 2012","overview":null,"popularity":0.0,"poster_path":"/3NjMb8S4jsHazbq2ICFf4zPenrX.jpg","production_companies":[],"production_countries":[],"release_date":"","revenue":0,"runtime":0,"spoken_languages":[],"status":"Released","tagline":null,"title":"NXZero 10 Anos Ao Vivo Multishow - 2012","video":false,"vote_average":0.0,"vote_count":0}
