{"adult":false,"backdrop_path":null,"belongs_to_collection":null,"budget":0,"genres":[{"id":99,"name":"Documentary"},{"id":28,"name":"Action"},{"id":12,"name":"Adventure"}],"homepage":"","id":100141,"imdb_id":"","original_language":"en","original_title":"Australis: an Antarctic Ski Odyssey","overview":".","popularity":0.0,"poster_path":null,"production_companies":[{"name":"The Orchard","id":9286}],"production_countries":[],"release_date":"","revenue":0,"runtime":57,"spoken_languages":[{"iso_639_1":"en","name":"English"}],"status":"","tagline":"","title":"Australis: an Antarctic Ski Odyssey","video":false,"vote_average":0.0,"vote_count":0}
