{"adult":false,"backdrop_path":"/u6lY8GN0EoSx393O6AB0JlPvfjH.jpg","belongs_to_collection":null,"budget":0,"genres":[{"id":35,"name":"Comedy"},{"id":10749,"name":"Romance"}],"homepage":"","id":100638,"imdb_id":"tt0039954","original_language":"en","original_title":"Весна","overview":"A drab woman scientist, working on machine to harness solar energy, and a pert concert singer look-alike being courted to play her in a movie swap identities and find personal growth, professional success, love, and happiness.","popularity":0.000145,"poster_path":"/rC87sgShfvix53YFHHZ8rmrXWOY.jpg","production_companies":[{"name":"Mosfilm","id":5120}],"production_countries":[{"iso_3166_1":"RU","name":"Russia"}],"release_date":"1947-06-06","revenue":0,"runtime":104,"spoken_languages":[],"status":"Released","tagline":"","title":"Vesna","video":false,"vote_average":0.0,"vote_count":0}
