{"adult":false,"backdrop_path":"/bGJRTCYjDG0ZNJ0m2FxLL4cZYEM.jpg","belongs_to_collection":null,"budget":0,"genres":[{"id":18,"name":"Drama"},{"id":10749,"name":"Romance"},{"id":10752,"name":"War"}],"homepage":"","id":100128,"imdb_id":"tt0034741","original_language":"en","original_title":"Flying Fortress","overview":"Drama written in flames and told with the staccato of canon-fire!","popularity":0.000143,"poster_path":"/yEoNerneRBLUZzhlHODAcnH0QZd.jpg","production_companies":[{"name":"Warner Bros. First National","id":5301}],"production_countries":[{"iso_3166_1":"US","name":"United States of America"}],"release_date":"1942-12-05","revenue":0,"runtime":68,"spoken_languages":[{"iso_639_1":"en","name":"English"}],"status":"Released","tagline":"","title":"Flying Fortress","video":false,"vote_average":5.0,"vote_count":1}
