{"adult":false,"backdrop_path":"/fxIhIRmlXcawCvCOCLFa57J0lET.jpg","belongs_to_collection":null,"budget":0,"genres":[{"id":12,"name":"Adventure"},{"id":28,"name":"Action"},{"id":53,"name":"Thriller"}],"homepage":"","id":100110,"imdb_id":"tt0098415","original_language":"en","original_title":"Survival Quest","overview":"A bunch of city slickers from different backgrounds go into the wild mountains to be one with nature, but basically to have a good time. However, a paramilitary group has chosen the same time to go camping. When one of the soldiers thinks their boss has been killed by one of the city slickers, he coaxes his team into exterminating all of them. They will have to rely on their wits and on each other in order to survive.","popularity":0.0108,"poster_path":"/eFVtdDWectl9jcm28xrOewpsIet.jpg","production_companies":[{"name":"Starway International Inc.","id":3146}],"production_countries":[{"iso_3166_1":"US","name":"United States of America"}],"release_date":"1988-11-10","revenue":0,"runtime":96,"spoken_languages":[{"iso_639_1":"en","name":"English"}],"status":"Released","tagline":"","title":"Survival Quest","video":false,"vote_average":7.0,"vote_count":1}
