{"adult":false,"backdrop_path":null,"belongs_to_collection":null,"budget":0,"genres":[{"id":16,"name":"Animation"},{"id":35,"name":"Comedy"}],"homepage":"","id":100330,"imdb_id":"tt0029430","original_language":"en","original_title":"Porky's Road Race","overview":"It's race day, and first prize is $2 million (less $1,999,998.37 in taxes). Porky's little car is matched against cars driven by stars of yesteryear, including Laurel and Hardy and Charlie Chaplin. When the black #13 driven by \"Borax Karoff\" makes a bid for the finish line, can Porky fend him off?","popularity":0.000143,"poster_path":"/qMfjPsu8wyfAhW5Qi2c1B7mqD1R.jpg","production_companies":[],"production_countries":[],"release_date":"1937-02-07","revenue":0,"runtime":7,"spoken_languages":[],"status":"Released","tagline":"","title":"Porky's Road Race","video":false,"vote_average":6.0,"vote_count":1}
