{"adult":false,"backdrop_path":null,"belongs_to_collection":null,"budget":0,"genres":[],"homepage":"","id":100390,"imdb_id":"tt0036546","original_language":"en","original_title":"Yankee Doodle Daffy","overview":"Daffy is an agent representing Sleepy LaGoof trying to sell him to talent scout Porky. Daffy spends a great deal of time and energy explaining and demonstrating what the kid can do, while the kid sits on a couch licking a giant sucker.","popularity":0.000143,"poster_path":"/eaQmfF7fPCAvCKPJEXXUMw1fbcv.jpg","production_companies":[],"production_countries":[],"release_date":"1943-07-03","revenue":0,"runtime":7,"spoken_languages":[],"status":"Released","tagline":"","title":"Yankee Doodle Daffy","video":false,"vote_average":6.0,"vote_count":1}
