{"adult":false,"backdrop_path":"/n6DjTL3sbSwfsHd2vPvWtE96fMt.jpg","belongs_to_collection":null,"budget":0,"genres":[{"id":27,"name":"Horror"},{"id":35,"name":"Comedy"}],"homepage":"","id":100275,"imdb_id":"tt1480658","original_language":"en","original_title":"Eddie: The Sleepwalking Cannibal","overview":"A once-famous painter rediscovers inspiration when he befriends a sleepwalking cannibal.","popularity":0.302188,"poster_path":"/aJl7nZDzJChJW0yJdvAQGKOXAfc.jpg","production_companies":[{"name":"Det Danske Filminstitut","id":118},{"name":"Fridthjof Film","id":7048},{"name":"Telefilm Canada","id":7320}],"production_countries":[{"iso_3166_1":"CA","name":"Canada"},{"iso_3166_1":"DK","name":"Denmark"}],"release_date":"2012-04-22","revenue":0,"runtime":79,"spoken_languages":[{"iso_639_1":"en","name":"English"}],"status":"Released","tagline":"Part muse. Part sleepwalking cannibal.","title":"Eddie: The Sleepwalking Cannibal","video":false,"vote_average":6.0,"vote_count":12}
