{"adult":false,"backdrop_path":null,"belongs_to_collection":null,"budget":0,"genres":[{"id":16,"name":"Animation"},{"id":35,"name":"Comedy"}],"homepage":"http://de.wikipedia.org/wiki/Gertie_the_Dinosaur","id":100246,"imdb_id":"tt0004008","original_language":"en","original_title":"Gertie the Dinosaur","overview":"Although not the first feature-length animated film, as is sometimes thought, it was the first cartoon to feature a character with an appealing personality. The appearance of a true character distinguished it from earlier animated \"trick films\", such as those of Blackton and Cohl, and makes it the predecessor to later popular cartoons such as those by Walt Disney. The film was also the first to be created using keyframe animation.","popularity":0.000144,"poster_path":"/6zQNAso7pVpVUPVLIv86bsbDlUW.jpg","production_companies":[{"name":"Vitagraph Company of America","id":15634}],"production_countries":[{"iso_3166_1":"US","name":"United States of America"}],"release_date":"1914-09-15","revenue":0,"runtime":12,"spoken_languages":[{"iso_639_1":"en","name":"English"}],"status":"Released","tagline":"The greatest animal act in the world!!!","title":"Gertie the Dinosaur","video":false,"vote_average":5.0,"vote_count":5}
