{"adult":false,"backdrop_path":null,"belongs_to_collection":null,"budget":0,"genres":[{"id":878,"name":"Science Fiction"}],"homepage":"","id":100287,"imdb_id":"tt1613763","original_language":"en","original_title":"My Avatar and Me","overview":"is a creative documentary-fiction film and a film that might expand your sense of reality. It is the story about a man who enters the virtual world Second Life to pursue his personal dreams and ambitions. His journey into cyberspace becomes a magic learning experience, which gradually opens the gates to a much larger reality.","popularity":0.001353,"poster_path":"/1DRS1iHoIKQ3ZKVmuFeIsjRd6Gr.jpg","production_companies":[],"production_countries":[],"release_date":"2010-11-17","revenue":0,"runtime":0,"spoken_languages":[],"status":"Released","tagline":"","title":"My Avatar and Me","video":false,"vote_average":0.0,"vote_count":0}
