{"adult":false,"backdrop_path":"/kWGNhJ8GrYYWfj1W4pzx9HFTTqS.jpg","belongs_to_collection":null,"budget":0,"genres":[{"id":10402,"name":"Music"}],"homepage":"","id":100398,"imdb_id":"","original_language":"en","original_title":"Lenny Kravitz - Live At Rock In Rio","overview":"Performance of the artist at the Rock in Rio Festival 2011 . Setlist: 01.Come on get it,02.It ain't over till it's over,03.Mr. cab driver,04.Black and white America,05.Fields of joy,06.American woman,07.Always on the run,08.Believe,09.Stand,10.Band Introduction,11.Where are we runnin',12.Fly away,13.Are you gonna go my way,14.Intermission 15.Let love rule","popularity":0.001434,"poster_path":"/gSNFJNzluS9XCjrvnlYEWqrk4b5.jpg","production_companies":[],"production_countries":[],"release_date":"2011-09-30","revenue":0,"runtime":81,"spoken_languages":[],"status":"Released","tagline":"","title":"Lenny Kravitz - Live At Rock In Rio","video":false,"vote_average":0.0,"vote_count":0}
