{"adult":false,"backdrop_path":"/tLCZWcPA5kzj8fOx4Z0Odhrp33D.jpg","belongs_to_collection":null,"budget":0,"genres":[{"id":80,"name":"Crime"},{"id":28,"name":"Action"}],"homepage":"","id":100558,"imdb_id":"tt0123294","original_language":"da","original_title":"Terror","overview":"The terrorism from a juvenile gang culminate\r when the gang leader kills a gang member who want to leave the gang.","popularity":0.019556,"poster_path":"/tLqpIAGt99tfnSxeGkllDl6miDf.jpg","production_companies":[{"name":"Lademann Film","id":9326},{"name":"Crone Film Produktion","id":9327}],"production_countries":[{"iso_3166_1":"DK","name":"Denmark"}],"release_date":"1977-03-04","revenue":0,"runtime":102,"spoken_languages":[{"iso_639_1":"da","name":"Dansk"}],"status":"Released","tagline":"","title":"Terror","video":false,"vote_average":0.0,"vote_count":0}
