{"adult":false,"backdrop_path":"/Aq8OAi9exLkX75pb7uJa49AwUGF.jpg","belongs_to_collection":null,"budget":0,"genres":[{"id":10769,"name":"Foreign"},{"id":18,"name":"Drama"}],"homepage":"","id":100017,"imdb_id":"tt0488903","original_language":"en","original_title":"Verfolgt","overview":"Deals with the obsessive relationship between a confused teenager and an elder woman. Elsa Seifert successfully works as probation officer, but the relationship to her longtime companion is in trouble since their common daughter moved out. Then she gets to know Jan, a 16-years-old offender, who frankly offers to submit himself sexually to her. Although being shocked in the beginning, Elsa gets more and more attracted by the young man","popularity":0.00405,"poster_path":"/9niCIIX0vGaiS7pPDkWYQEzUdNV.jpg","production_companies":[],"production_countries":[{"iso_3166_1":"DE","name":"Germany"}],"release_date":"2006-08-06","revenue":0,"runtime":87,"spoken_languages":[{"iso_639_1":"de","name":"Deutsch"}],"status":"Released","tagline":"","title":"Hounded","video":false,"vote_average":3.8,"vote_count":2}
