{"adult":false,"backdrop_path":null,"belongs_to_collection":null,"budget":0,"genres":[],"homepage":"","id":100037,"imdb_id":"tt0043031","original_language":"en","original_title":"Teatro Apolo","overview":"Miguel Velasco, the son of a wealthy Spanish immigrant established in Mexico, comes to Spain in the late nineteenth century. In Madrid, he falls in love with Celia, a chorus girl at the Apollo theater. This makes her father withdraw financial support, so Celia decides to run away to avoid harm. Nevertheless, the couple gets married and is happy. And Celia triumphs at the Apollo. Over the years, the theater is demolished to build a bank. The old Miguel feels that with its disappearance much of his life goes as well.","popularity":0.000145,"poster_path":"/dDDNWN5qjfjjwh4DNiZM9PHnEi8.jpg","production_companies":[],"production_countries":[],"release_date":"1950-01-01","revenue":0,"runtime":105,"spoken_languages":[{"iso_639_1":"es","name":"Español"}],"status":"Released","tagline":"","title":"Teatro Apolo","video":false,"vote_average":0.0,"vote_count":0}
