{"adult":false,"backdrop_path":null,"belongs_to_collection":null,"budget":0,"genres":[{"id":18,"name":"Drama"},{"id":53,"name":"Thriller"},{"id":10749,"name":"Romance"}],"homepage":"","id":100351,"imdb_id":"tt0059773","original_language":"en","original_title":"Sylvia","overview":"Sylvia West (Carroll Baker) may not be who she says she is. Her fiancé, the very well-to-do Frederick Summers (Peter Lawford), hires an investigator named Alan Maklin (George Maharis) to do some digging, and what he finds out about her life prior to becoming a writer is quite shocking. Will the newfound knowledge ruin the marriage? Gordon Douglas (Young at Heart) directs this drama, which is based on E.V. Cunningham's book.","popularity":0.00015,"poster_path":"/ss2T8qJsy3ODiznZSmP5uEIqVFT.jpg","production_companies":[{"name":"Paramount Pictures","id":4},{"name":"Martin Poll Productions","id":3986}],"production_countries":[{"iso_3166_1":"US","name":"United States of America"}],"release_date":"1965-02-10","revenue":0,"runtime":115,"spoken_languages":[{"iso_639_1":"en","name":"English"}],"status":"Released","tagline":"Carroll Baker is the Fury. George Maharis is the Force. Sylvia is the Explosion!","title":"Sylvia","video":false,"vote_average":0.0,"vote_count":0}
