{"adult":false,"backdrop_path":"/dxjwnc8aWgEvDQRPtCaXOR9MDIH.jpg","belongs_to_collection":null,"budget":0,"genres":[],"homepage":"","id":100425,"imdb_id":"","original_language":"en","original_title":"Alkaline Trio: Halloween at the Metro","overview":"Chicago's own Alkaline Trio give a special hometown Halloween performance at the Metro, backed by the very people that know them best, the true fans. Alk3 pulls out all the stops with their quick-tempo melodies, heartbreaking lyrics, and hellbound priest costumes, ensuring a Halloween show never to be forgotten. Not since a Misfits show have punk rock and Halloween gone so well together. Shot on multi-camera (5) digital video, The Show Must Go Off DVD series set the benchmark for live punk DVD's.","popularity":0.000435,"poster_path":"/huqkoP4toCFYwLWN3byuigG4GhX.jpg","production_companies":[],"production_countries":[],"release_date":"2003-07-02","revenue":0,"runtime":0,"spoken_languages":[],"status":"Released","tagline":"The Show Must Go Off","title":"Alkaline Trio: Halloween at the Metro","video":false,"vote_average":0.0,"vote_count":0}
