{"adult":false,"backdrop_path":"/qUflRM9HNge5YrzSvB3rd4s5zLC.jpg","belongs_to_collection":null,"budget":0,"genres":[{"id":18,"name":"Drama"},{"id":36,"name":"History"}],"homepage":"","id":100215,"imdb_id":"tt0083872","original_language":"hu","original_title":"Egymásra nézve","overview":"Political and sexual repression in Hungary, just after the revolution of 1956. In 1958, the body of Eva Szalanczky, a political journalist, is discovered near the border. Her friend Livia is in hospital with a broken neck; Livia's husband, Donci, is under arrest. In a flashback to the year before, we see what leads up to the tragedy. Eva gets a job as a writer. She meets Livia and is attracted to her. Livia feels much the same, but as a married woman, has doubts and hesitations. In their work, they (and Eva in particular) bang up against the limits of telling political truths; in private, they confront the limits of living out sexual and emotional truth.","popularity":0.0,"poster_path":"/w69UnM83Mf4MEqYtFOTwJnNHZX.jpg","production_companies":[{"name":"MAFILM Dialóg Filmstúdió","id":9088},{"name":"Meridian Films","id":31317}],"production_countries":[{"iso_3166_1":"HU","name":"Hungary"}],"release_date":"1982-10-07","revenue":0,"runtime":102,"spoken_languages":[{"iso_639_1":"hu","name":"Magyar"}],"status":"Released","tagline":"","title":"Another Way","video":false,"vote_average":0.0,"vote_count":0}
