{"adult":false,"backdrop_path":null,"belongs_to_collection":null,"budget":0,"genres":[{"id":18,"name":"Drama"},{"id":53,"name":"Thriller"},{"id":80,"name":"Crime"},{"id":10769,"name":"Foreign"}],"homepage":"","id":100380,"imdb_id":"tt0052252","original_language":"en","original_title":"The Strange Awakening","overview":"Peter Chance (Lex Barker) suffers a blow to the head and wakes up with amnesia in a luxurious home, where a doctor and several women tell him he's a missing heir who's inherited millions. But Peter soon suspects something is not quite right with their story. He sets out to learn the truth before he's forced to sign a document that purportedly finalizes the transfer of the estate. This drama is based on Hugh Wheeler's novel Puzzle for Fiends.","popularity":0.000144,"poster_path":"/q0rTDrjjBT6hkT5NV2Y0fPWEXZG.jpg","production_companies":[],"production_countries":[{"iso_3166_1":"GB","name":"United Kingdom"}],"release_date":"1958-04-16","revenue":0,"runtime":69,"spoken_languages":[{"iso_639_1":"en","name":"English"}],"status":"Released","tagline":"Their motive Greed! Their Method Murder!","title":"The Strange Awakening","video":false,"vote_average":0.0,"vote_count":0}
