{"adult":false,"backdrop_path":"/84AQdE2coLuVDhWFned5TyqVy8Y.jpg","belongs_to_collection":null,"budget":0,"genres":[{"id":18,"name":"Drama"},{"id":99,"name":"Documentary"}],"homepage":"","id":100201,"imdb_id":"tt0400434","original_language":"en","original_title":"The Finished People","overview":"Prepare yourself for an extraordinary film, featuring the most compelling performances of the year.  With a cast of young actors baring their souls on screen for the first time, THE FINISHED PEOPLE is a landmark Australian film that will stay with you long after the credits have rolled away.  Tommy sets off on a journey to overcome the addictions which have haunted him his entire life. Van, sleeping in a carpark at night and stealing clothes by day, strikes up the most unlikely friendship with Carla. Des, tired of living on the streets, struggles to provide for his pregnant girlfriend.  From the heart of south-western Sydney comes this unexpected film that you'll never forget.","popularity":0.000461,"poster_path":"/rs6dKim8MtJre7YGm2TBbrSaEsx.jpg","production_companies":[],"production_countries":[],"release_date":"2004-12-08","revenue":0,"runtime":80,"spoken_languages":[],"status":"Released","tagline":"","title":"The Finished People","video":false,"vote_average":0.0,"vote_count":0}
