{"adult":false,"backdrop_path":null,"belongs_to_collection":null,"budget":0,"genres":[],"homepage":"","id":100177,"imdb_id":"tt1610014","original_language":"en","original_title":"Pinter's Progress","overview":"A personal take on working with Harold Pinter via intimate conversations with actors, directors and writers who share their experiences of the man and his work.","popularity":0.001331,"poster_path":"/1f2fe7ThpKX8p1qxCsR4UdRDqkq.jpg","production_companies":[],"production_countries":[],"release_date":"2009-12-24","revenue":0,"runtime":256,"spoken_languages":[{"iso_639_1":"en","name":"English"}],"status":"Released","tagline":"","title":"Pinter's Progress","video":false,"vote_average":0.0,"vote_count":0}
