{"adult":false,"backdrop_path":"/7MWxBV375berr75IYxUZAUGyf9V.jpg","belongs_to_collection":null,"budget":0,"genres":[{"id":10769,"name":"Foreign"}],"homepage":"","id":100409,"imdb_id":"tt1414368","original_language":"en","original_title":"Over Your Cities Grass Will Grow","overview":"The film bears witness to German artist Anselm Kiefer's alchemical creative processes and renders in film, as a cinematic journey, the personal universe he has built at his hill-studio estate in the South of France.","popularity":0.001578,"poster_path":"/5HXCTUUFbHwLGn2WvU49WTMujnm.jpg","production_companies":[],"production_countries":[],"release_date":"2011-10-27","revenue":0,"runtime":0,"spoken_languages":[],"status":"Released","tagline":"","title":"Over Your Cities Grass Will Grow","video":false,"vote_average":0.0,"vote_count":0}
