{"adult":false,"backdrop_path":null,"belongs_to_collection":null,"budget":0,"genres":[],"homepage":"","id":100182,"imdb_id":"tt0085797","original_language":"en","original_title":"Kings and Desperate Men","overview":"A group of terrorists take a radio disk jockey and his wife and child hostage in order to get their manifesto out to the world.","popularity":0.0,"poster_path":"/bybqpNPl0dLMvPPEXdpqZPDrOVf.jpg","production_companies":[],"production_countries":[],"release_date":"1981-08-22","revenue":0,"runtime":0,"spoken_languages":[],"status":"Released","tagline":"","title":"Kings and Desperate Men","video":false,"vote_average":0.0,"vote_count":0}
