{"adult":false,"backdrop_path":null,"belongs_to_collection":null,"budget":0,"genres":[{"id":10751,"name":"Family"}],"homepage":"","id":100699,"imdb_id":"tt0094360","original_language":"en","original_title":"You Ruined My Life","overview":"\"You Ruined My Life\" was a cute TV movie (from the Wonderful World of Disney movies that they show on Saturday or Sunday nights) starring Soleil Moon Frye as Minerva, a spoiled girl who lived in a Las Vegas casino with her Uncle Howie who lets her do whatever she wants. Minerva gets into trouble a lot, and her Aunt Hermione threatens to take her away from Uncle Howie. Paul Reiser plays Dexter, a professor who figures out a way to win every time at blackjack. Dexter gets caught at cheating, and Uncle Howie works out a deal for Dexter to tutor Minerva so she can get into a private school back east. This is easier said than done, because Minerva has never been interested in school.","popularity":0.000574,"poster_path":"/yIq1DO1vdPTirPHU7shyF6Dp7s6.jpg","production_companies":[],"production_countries":[],"release_date":"1987-02-01","revenue":0,"runtime":100,"spoken_languages":[],"status":"","tagline":"Minerva","title":"You Ruined My Life","video":false,"vote_average":4.3,"vote_count":2}
