{"adult":false,"backdrop_path":"/tgvqAlLpTF3b8mNaVQtRZwrZtiG.jpg","belongs_to_collection":null,"budget":0,"genres":[{"id":12,"name":"Adventure"},{"id":27,"name":"Horror"},{"id":28,"name":"Action"},{"id":53,"name":"Thriller"},{"id":878,"name":"Science Fiction"}],"homepage":"","id":100089,"imdb_id":"tt2130142","original_language":"en","original_title":"Nazis at the Center of the Earth","overview":"A group of researchers in Antarctica are abducted by a platoon of masked soldiers and dragged into a hidden continent in the center of the Earth. There, they discover that surviving Nazi soldiers are plotting an invasion of Earth to revive the Third Reich.","popularity":0.560497,"poster_path":"/eAJmzr7fNwz8mwOpwTAAYcpuE4i.jpg","production_companies":[{"name":"The Asylum","id":1311}],"production_countries":[{"iso_3166_1":"US","name":"United States of America"}],"release_date":"2012-04-23","revenue":0,"runtime":90,"spoken_languages":[{"iso_639_1":"en","name":"English"}],"status":"Released","tagline":"Dead...but not gone","title":"Nazis at the Center of the Earth","video":false,"vote_average":2.4,"vote_count":11}
