{"adult":false,"backdrop_path":null,"belongs_to_collection":null,"budget":0,"genres":[],"homepage":"","id":100121,"imdb_id":"tt0047909","original_language":"en","original_title":"Cabo de Hornos","overview":"The whaling captain, Antonio Grez, meets in a bar in the port of Valparaiso a very beautiful woman who lives haunted by the tragic premonition that fate will give her a violent death. Grez takes command of a whaler bound for Cape Horn and Antarctica. In Punta Arenas, the owner of the whaling company embarks on together with his fiancee, who is none other than the mysterious woman with whom Grez has fallen in love. The final route of the ship is the 'Land of Desolation', a place on which there is a curse and everyone knows that, for centuries, is has been fulfilled inexorably.","popularity":0.000144,"poster_path":"/gC7YlxagG2TthkKYxHcRxgsY0GQ.jpg","production_companies":[],"production_countries":[],"release_date":"1957-05-15","revenue":0,"runtime":100,"spoken_languages":[{"iso_639_1":"es","name":"Español"}],"status":"Released","tagline":"","title":"Cabo de Hornos","video":false,"vote_average":0.0,"vote_count":0}
