{"adult":false,"backdrop_path":"/nvsHmDqjWtkYiNi8aadpwUuCVGH.jpg","belongs_to_collection":null,"budget":0,"genres":[{"id":35,"name":"Comedy"},{"id":18,"name":"Drama"},{"id":10751,"name":"Family"}],"homepage":"","id":100783,"imdb_id":"tt2290845","original_language":"en","original_title":"Yedyanchi Jatra","overview":"Yedyanchi Jatra is an enjoyable portrayal of how villagers react to new developments in their locality like the launch of a Government sponsored \"Village Sanitation and Cleanliness Drive\"","popularity":0.000169,"poster_path":"/hvSUVSEEtHnreGfjhxDgDiUFJZu.jpg","production_companies":[],"production_countries":[],"release_date":"","revenue":0,"runtime":139,"spoken_languages":[],"status":"Released","tagline":"","title":"Yedyanchi Jatra","video":false,"vote_average":0.0,"vote_count":0}
