{"adult":false,"backdrop_path":null,"belongs_to_collection":null,"budget":0,"genres":[],"homepage":"","id":100828,"imdb_id":"tt2066837","original_language":"en","original_title":"Our Future","overview":"High schooler Yu is growing up in a small town in rural Japan, and having a difficult time at summer school, made all the worsen by the fact that she's deeply unhappy about her female body, and has always seen herself as a boy. Yu's confusion grows when a pretty girl from the year below confesses that she has a crush on him.","popularity":0.0,"poster_path":null,"production_companies":[],"production_countries":[],"release_date":"","revenue":0,"runtime":0,"spoken_languages":[],"status":"Released","tagline":"","title":"Our Future","video":false,"vote_average":0.0,"vote_count":0}
