{"adult":false,"backdrop_path":null,"belongs_to_collection":null,"budget":0,"genres":[{"id":18,"name":"Drama"}],"homepage":"","id":100724,"imdb_id":"tt0097549","original_language":"en","original_title":"En håndfull tid","overview":"Gothic thriller about Old Martin who heeds the voice of Anna, who calls him back to the mountain cabin where he left her to die while she gave birth to their surviving son.","popularity":0.000405,"poster_path":"/3xuWO9dWumaFZcGamtbM1WegtKA.jpg","production_companies":[{"name":"Svenska Filminstitutet","id":2302},{"name":"Norsk Film","id":12984}],"production_countries":[{"iso_3166_1":"SE","name":"Sweden"},{"iso_3166_1":"NO","name":"Norway"}],"release_date":"1989-10-12","revenue":0,"runtime":97,"spoken_languages":[{"iso_639_1":"no","name":"Norsk"}],"status":"Released","tagline":"","title":"A Handful of Time","video":false,"vote_average":0.0,"vote_count":0}
