{"adult":false,"backdrop_path":null,"belongs_to_collection":null,"budget":0,"genres":[],"homepage":"","id":100050,"imdb_id":"tt0049596","original_language":"en","original_title":"Pasaje a Venezuela","overview":"Andrew is a dreamer, he is young and ambitious and he works in a bank. He doesn't earn much money so one of his friends, who lives in Venezuela, encourages him to go there and look for oportunities. The only porblem is Carmen, the girl who is in love with, but despite this, his final goal is to go to Venezuela.","popularity":0.000143,"poster_path":"/e6lSRHZwwXBo7dl6CoVTjwHjm0C.jpg","production_companies":[],"production_countries":[],"release_date":"1957-11-09","revenue":0,"runtime":84,"spoken_languages":[{"iso_639_1":"es","name":"Español"}],"status":"Released","tagline":"","title":"Pasaje a Venezuela","video":false,"vote_average":0.0,"vote_count":0}
