{"adult":false,"backdrop_path":null,"belongs_to_collection":null,"budget":0,"genres":[{"id":18,"name":"Drama"},{"id":10749,"name":"Romance"},{"id":10769,"name":"Foreign"}],"homepage":"","id":100186,"imdb_id":"tt0146298","original_language":"en","original_title":"A Sweeter Song","overview":"A bawdy spoof on the world of the professional photographer.","popularity":0.0,"poster_path":"/9aY792IIEoJUc1oVYeSMdZm9mIn.jpg","production_companies":[],"production_countries":[],"release_date":"","revenue":0,"runtime":0,"spoken_languages":[],"status":"Released","tagline":"","title":"A Sweeter Song","video":false,"vote_average":0.0,"vote_count":0}
