{"adult":false,"backdrop_path":null,"belongs_to_collection":null,"budget":0,"genres":[{"id":18,"name":"Drama"},{"id":27,"name":"Horror"}],"homepage":"","id":100474,"imdb_id":"tt0338518","original_language":"en","original_title":"The Undertow","overview":"Six friends enter the strange town of Old Mines for a weekend float trip. They quickly realize that the town is not friendly to strangers, and they are pressured to leave by the police. When the friends decide to continue their float trip anyway, terrifying secrets of the town surface. A seven-foot-tall deformed maniac, known by the townsfolk as The Boy is kept under lock and key by the town's mayor. The Boy's purpose is simple: kill outsiders. The Mayor of Old Mines releases The Boy and the maniac's hunt begins. One by one, the campers on their float trip are ripped to gory shreds by the enraged, deformed, hulking Boy. But there is great mystery to the Boy. Who is his father? Who is his mother? How did he become so dangerous? In the end, the answers to these questions will put the entire town of Old Mines in danger. The Boy is an unstoppable killing machine, and anyone in his path won't be in one piece for long!","popularity":0.000287,"poster_path":"/aFeztuWyb1YDnMgQHl1MjLaPpRL.jpg","production_companies":[{"name":"Fuzzy Devil Video","id":9311},{"name":"Sub Rosa Extreme","id":9312}],"production_countries":[{"iso_3166_1":"US","name":"United States of America"}],"release_date":"2003-10-01","revenue":0,"runtime":79,"spoken_languages":[{"iso_639_1":"en","name":"English"}],"status":"Released","tagline":"Hold Your Breath....","title":"The Undertow","video":false,"vote_average":0.0,"vote_count":0}
