{"adult":false,"backdrop_path":"/2kNHgRcZP9DyFsJ7ec8JqdILIOJ.jpg","belongs_to_collection":null,"budget":0,"genres":[{"id":10402,"name":"Music"}],"homepage":"","id":100454,"imdb_id":"","original_language":"es","original_title":"MTV Unplugged: Los Tigres del Norte and Friends","overview":"MTV Unplugged: Los Tigres del Norte and Friends is a live album by Mexican recording artists Los Tigres del Norte. It was recorded before a live audience at the Hollywood Palladium in Los Angeles, California, on February 8, 2011 and released by Fonovisa Records on May 24, 2011. The album includes featured performances by Andrés Calamaro, Calle 13, Zack de la Rocha, Juanes, Paulina Rubio and Diego Torres.","popularity":0.001287,"poster_path":"/trNpof5auTOxObOMr5n7iLbKbaN.jpg","production_companies":[{"name":"MTV Concerts","id":3368}],"production_countries":[{"iso_3166_1":"MX","name":"Mexico"},{"iso_3166_1":"US","name":"United States of America"}],"release_date":"2011-05-24","revenue":0,"runtime":54,"spoken_languages":[{"iso_639_1":"es","name":"Español"}],"status":"Released","tagline":"","title":"MTV Unplugged: Los Tigres del Norte and Friends","video":false,"vote_average":6.6,"vote_count":4}
