{"adult":false,"backdrop_path":null,"belongs_to_collection":{"id":19262,"name":"Trapped in the Closet","poster_path":"/flE2zDumOcyetdD6vwwSfYqRVA5.jpg","backdrop_path":"/lpGdI8XpvDSC6QvGEmQt3l28Nxn.jpg"},"budget":0,"genres":[],"homepage":"","id":100450,"imdb_id":"tt0491587","original_language":"en","original_title":"Trapped in the Closet: Chapters 1-12","overview":"R. Kelly wakes up in a married woman’s bed, and the husband is on his way home, and they get caught, but the husband has secrets of his own, and it all kind of explodes from there, with more characters being introduced, and everyone is sleeping with everyone, and there are a billion secrets and twists and cliffhangers, and also it’s a musical where R. Kelly voices every character.","popularity":0.000433,"poster_path":"/2LE1g0zlnSJg0Uga17Z0MQ3UD8Q.jpg","production_companies":[],"production_countries":[],"release_date":"2005-11-01","revenue":0,"runtime":43,"spoken_languages":[],"status":"Released","tagline":"","title":"Trapped in the Closet: Chapters 1-12","video":false,"vote_average":8.0,"vote_count":1}
