{"adult":false,"backdrop_path":"/mxkc7zvydcqaciXtzyl7QS8CKyo.jpg","belongs_to_collection":null,"budget":0,"genres":[{"id":35,"name":"Comedy"}],"homepage":"http://www.sho.com/site/movies/movie.do?seriesid=0&seasonid=0&episodeid=138402","id":100142,"imdb_id":"tt1845273","original_language":"en","original_title":"Nick DiPaolo: Raw Nerve","overview":"Scathingly satirical comedian Nick DiPaolo brings his razor wit, trademark sarcasm and strong political views to this socially relevant, typically reckless stand-up performance.","popularity":0.001344,"poster_path":"/z3e0wRWFL3XMNSD8pzLvFG0Bi2w.jpg","production_companies":[{"name":"New Wave Entertainment","id":2953},{"name":"Acid Tongue","id":9285}],"production_countries":[{"iso_3166_1":"US","name":"United States of America"}],"release_date":"2011-04-30","revenue":0,"runtime":46,"spoken_languages":[{"iso_639_1":"en","name":"English"}],"status":"Released","tagline":"","title":"Nick DiPaolo: Raw Nerve","video":true,"vote_average":0.0,"vote_count":0}
