{"adult":true,"backdrop_path":"/g935iDwqDOKjVswO2N9EU2m88LR.jpg","belongs_to_collection":null,"budget":0,"genres":[],"homepage":"","id":100803,"imdb_id":"","original_language":"en","original_title":"Doing It Together","overview":"As the second sequel to one of the most successful gay adult titles released in years comes Doing It Together: The Peters Twins - a delightfully decadent third helping of brotherly love. The cast is just as pretty and randy as the first one - the twins' threeway with Kris Evans seen here is both breathtaking and cock-aching - and unlike the first sequel, the brothers themselves do fuck each other once again. (Uh, yay?) We've made more cracks about brotherly love in regards to them than we care to remember, but nothing else really works. One might even say they're more than you can handle. So cum aboard and watch the Peters Twins as they spend their day doing it together. You know you want to.","popularity":0.001572,"poster_path":"/v3Exutizah07sTrLrPXA2qlwbbI.jpg","production_companies":[{"name":"Bel Ami","id":8773},{"name":"Lukas Ridgeston","id":9357}],"production_countries":[{"iso_3166_1":"SK","name":"Slovakia"},{"iso_3166_1":"CZ","name":"Czech Republic"}],"release_date":"2011-12-14","revenue":0,"runtime":112,"spoken_languages":[],"status":"Released","tagline":"","title":"Doing It Together","video":false,"vote_average":8.0,"vote_count":1}
