{"adult":false,"backdrop_path":"/6I4njtaqFm0uZlIQLymF5g9WUzf.jpg","belongs_to_collection":null,"budget":0,"genres":[{"id":35,"name":"Comedy"},{"id":80,"name":"Crime"}],"homepage":"","id":100617,"imdb_id":"tt0124130","original_language":"da","original_title":"Smukke-Arne og Rosa","overview":null,"popularity":0.000152,"poster_path":"/pyBqgJhwXmmQjzwIzAHhER0yTof.jpg","production_companies":[{"name":"Saga Studio","id":12530}],"production_countries":[{"iso_3166_1":"DK","name":"Denmark"}],"release_date":"1967-07-20","revenue":0,"runtime":0,"spoken_languages":[],"status":"Released","tagline":"","title":"Smukke-Arne og Rosa","video":false,"vote_average":4.3,"vote_count":2}
