{"adult":false,"backdrop_path":null,"belongs_to_collection":null,"budget":0,"genres":[{"id":99,"name":"Documentary"},{"id":10769,"name":"Foreign"}],"homepage":"","id":100478,"imdb_id":"tt0412703","original_language":"en","original_title":"Henri Langlois: The Phantom of the Cinémathèque","overview":"Life and work of the founder of the Cinémathèque Française.","popularity":0.000644,"poster_path":"/fsrTADIWB5edQaG38evGpoC3uAz.jpg","production_companies":[],"production_countries":[],"release_date":"2005-03-02","revenue":0,"runtime":129,"spoken_languages":[],"status":"Released","tagline":"","title":"Henri Langlois: The Phantom of the Cinémathèque","video":false,"vote_average":0.0,"vote_count":0}
