{"adult":false,"backdrop_path":null,"belongs_to_collection":null,"budget":0,"genres":[{"id":35,"name":"Comedy"}],"homepage":"","id":100035,"imdb_id":"tt0052712","original_language":"en","original_title":"Crimen para recién casados","overview":"Antonio and Elisa, a newlywed couple go to the Costa Brava to spend their honeymoon. Antonio, a journalist of events, is obsessed with the idea of ​​discovering a major crime. His wish will come true when they reach the place: Rivero, a jeweler from Barcelona, who had gone to the same hotel on the Costa Brava, is mysteriously murdered.","popularity":0.000218,"poster_path":"/miQmd5swzP6e48RPRZTXf5BZWrW.jpg","production_companies":[],"production_countries":[],"release_date":"1960-03-07","revenue":0,"runtime":86,"spoken_languages":[{"iso_639_1":"es","name":"Español"}],"status":"Released","tagline":"","title":"Crimen para recién casados","video":false,"vote_average":4.0,"vote_count":1}
