{"adult":false,"backdrop_path":null,"belongs_to_collection":null,"budget":0,"genres":[{"id":16,"name":"Animation"}],"homepage":"","id":100743,"imdb_id":"tt0154549","original_language":"en","original_title":"Gripes","overview":"Private Snafu learns the hard way about the need for military dicipline and procedures to maintain an effective army.","popularity":0.00018,"poster_path":"/disKRKv78gVdyJ8ESa1nAWJaKbP.jpg","production_companies":[{"name":"Warner Bros. Pictures","id":174}],"production_countries":[{"iso_3166_1":"US","name":"United States of America"}],"release_date":"1943-07-01","revenue":0,"runtime":3,"spoken_languages":[],"status":"Released","tagline":"","title":"Gripes","video":false,"vote_average":0.0,"vote_count":0}
