{"adult":false,"backdrop_path":null,"belongs_to_collection":null,"budget":0,"genres":[{"id":27,"name":"Horror"},{"id":53,"name":"Thriller"}],"homepage":"","id":100657,"imdb_id":"tt0057434","original_language":"en","original_title":"Violent Midnight","overview":"An axe murderer is loose in a small New England town.","popularity":0.000159,"poster_path":"/1SnAjxXPlyceaxItwgcQbCsadML.jpg","production_companies":[{"name":"Del Tenney Productions","id":9343}],"production_countries":[{"iso_3166_1":"US","name":"United States of America"}],"release_date":"1963-05-22","revenue":0,"runtime":90,"spoken_languages":[{"iso_639_1":"en","name":"English"}],"status":"Released","tagline":"Earthy, wicked shocker!","title":"Violent Midnight","video":false,"vote_average":0.0,"vote_count":0}
