{"adult":false,"backdrop_path":"/6kgdtgZg6SZnrPjhwHZwSfpdQX5.jpg","belongs_to_collection":null,"budget":0,"genres":[],"homepage":"","id":100323,"imdb_id":"tt0036264","original_language":"en","original_title":"Pigs in a Polka","overview":"Dressed in a tuxedo, the Big Bad Wolf announces the evening's program: the tale of the Big Bad Wolf and the Three Little Pigs, set to the music of Johannes Brahms's Hungarian Dances. Queue the fairy tale: we watch each pig build his house, the first two pigs dance and play, the wolf arrives and, wearing a gypsy woman's disguise, almost catches them. They run to hide in the brick house, where the wolf tries various ruses to gain entry, including dressing as a poverty-stricken old woman reduced to playing a violin for donations. He fools the two simple pigs and gets inside. Will he dine on pork? The house has an elevator, the wolf gets the shaft.","popularity":0.000143,"poster_path":"/iggPvkAUCbhuyoBf6PTooud2qkg.jpg","production_companies":[{"name":"Warner Bros. Pictures","id":174}],"production_countries":[{"iso_3166_1":"US","name":"United States of America"}],"release_date":"1943-02-01","revenue":0,"runtime":8,"spoken_languages":[{"iso_639_1":"en","name":"English"}],"status":"Released","tagline":"","title":"Pigs in a Polka","video":false,"vote_average":7.0,"vote_count":2}
