{"adult":false,"backdrop_path":null,"belongs_to_collection":null,"budget":0,"genres":[{"id":18,"name":"Drama"},{"id":10752,"name":"War"}],"homepage":"","id":100445,"imdb_id":"tt0035391","original_language":"en","original_title":"Submarine Raider","overview":"On December 6, 1941, Captain Yamanada of the Japanese aircraft carrier \"Hiranamu\", orders full steam ahead for Pearl Harbor. His ship encounters and sinks an American yacht and the single survivor, Sue Curry, is rescued by an American submarine, the \"Sea Serpent\", commanded by Commander Chris Warren. He hears her story and attempts to radio a warning to Pearl Harbor. Yamanada, hearing the signals, orders the airlines jammed, and then sends his son into the air to sink the sub. The attack fails, after the sub makes a crash dive, but they fail in their warning attempts. The next morning, December 7th, the men on the sub hear the story of the bombing of Pearl Harbor, and devise a desperate plan to sink the Japanese carrier by letting the carrier know their position. The carrier comes in search of the submarine.","popularity":0.00015,"poster_path":"/9CLZ81NyT7YoCcEPg0oeBpLbXxh.jpg","production_companies":[{"name":"Columbia Pictures Corporation","id":441}],"production_countries":[{"iso_3166_1":"US","name":"United States of America"}],"release_date":"1942-06-04","revenue":0,"runtime":64,"spoken_languages":[],"status":"Released","tagline":"A Girl On A Sub Plays Desperate Hide-And-Seek With The Japs... To Save PEARL HARBOR!","title":"Submarine Raider","video":false,"vote_average":0.0,"vote_count":0}
