{"adult":false,"backdrop_path":null,"belongs_to_collection":null,"budget":0,"genres":[{"id":28,"name":"Action"},{"id":27,"name":"Horror"},{"id":878,"name":"Science Fiction"}],"homepage":"","id":100594,"imdb_id":"tt0359564","original_language":"de","original_title":"Kohtalon kirja","overview":null,"popularity":0.000287,"poster_path":"/ivuPQqiPEkqaPIMje59kEFNcvwa.jpg","production_companies":[],"production_countries":[],"release_date":"2003-03-06","revenue":0,"runtime":0,"spoken_languages":[],"status":"Released","tagline":"","title":"The Book of Fate","video":false,"vote_average":0.0,"vote_count":0}
