{"adult":false,"backdrop_path":null,"belongs_to_collection":null,"budget":0,"genres":[],"homepage":"","id":100496,"imdb_id":"tt0094235","original_language":"en","original_title":"Vérző Magyarország","overview":"2010-ben, a trianoni békediktátum 90. évfordulójára készült Koltay Gábor filmje, aki a film címét Kosztolányi Dezső által 1920-ban szerkesztett antológiától kölcsönözte, melyben írók, költők, az akkori magyar közélet jeles személyiségei, tudósok, politikusok írtak a trianoni fájdalomról. A filmben történészek, írók és a mai magyarság jelentős képviselői beszélnek Trianon hatásáról, mely a mai napig kíséri a nemzetet, miközben a Kormorán együttes zenéjét halljuk.","popularity":0.0,"poster_path":"/kOzBwiRK6xuvstRtmxZczcrAcL7.jpg","production_companies":[],"production_countries":[],"release_date":"","revenue":0,"runtime":0,"spoken_languages":[],"status":"Released","tagline":"","title":"Vérző Magyarország","video":false,"vote_average":0.0,"vote_count":0}
