{"adult":false,"backdrop_path":null,"belongs_to_collection":null,"budget":0,"genres":[],"homepage":"","id":100796,"imdb_id":"tt1588291","original_language":"en","original_title":"Kid Icarus","overview":"A young man lives in a trailer park on the outskirts of Los Angeles, he goes to community college, has no real friends, no girlfriend, and works part time at The Home Depot. With an obsession for Steven Spielberg and enrolled in a film production class, he is sure all his misery can change, so he sets out to make his cinematic debut. He hopes his film is his ticket out of his mundane life and into a world of popularity, women and success. And he just may be on his way, if he doesn't self-destruct first.","popularity":0.0,"poster_path":"/mldV3bMMhIFTWuchgnOI647t4iL.jpg","production_companies":[],"production_countries":[],"release_date":"","revenue":0,"runtime":0,"spoken_languages":[],"status":"Released","tagline":"","title":"Kid Icarus","video":false,"vote_average":0.0,"vote_count":0}
