{"adult":false,"backdrop_path":null,"belongs_to_collection":null,"budget":0,"genres":[{"id":35,"name":"Comedy"}],"homepage":"","id":100187,"imdb_id":"tt0114464","original_language":"en","original_title":"Ski Hard","overview":"A goofy and naive small towner competes in a ski race .","popularity":0.000148,"poster_path":"/7GpE8Sl2G7I34DiubScsULifCx5.jpg","production_companies":[],"production_countries":[],"release_date":"1996-11-15","revenue":0,"runtime":89,"spoken_languages":[{"iso_639_1":"en","name":"English"}],"status":"Released","tagline":"","title":"Ski Hard","video":false,"vote_average":0.0,"vote_count":0}
