{"adult":false,"backdrop_path":null,"belongs_to_collection":null,"budget":0,"genres":[{"id":99,"name":"Documentary"},{"id":10402,"name":"Music"}],"homepage":"","id":100825,"imdb_id":"tt1746264","original_language":"en","original_title":"Wish Me Away","overview":"After a lifetime of hiding, Chely Wright becomes the first commercial country music singer to come out as gay, shattering cultural stereotypes within Nashville, per conservative heartland family and, most importantly, within herself. With unprecedented access over a two-year period, including her private video diaries, the film layers Chely's rise to fame while hiding in the late 90's with the execution of her coming out plan, culminating in the exciting moment when she steps into the media glare to reveal she is gay. The film shows both the devastation of internalized homophobia and the transformational power of living an authentic life. The film also documents the conflicting responses from Nashville, the heartland and the LGBT community as Chely Wright prepares for an unknown future.","popularity":0.001522,"poster_path":"/4mL7qrFE7wGoRdhnxT7eQOoOgx0.jpg","production_companies":[],"production_countries":[],"release_date":"2011-06-22","revenue":0,"runtime":0,"spoken_languages":[{"iso_639_1":"en","name":"English"}],"status":"","tagline":"","title":"Chely Wright: Wish Me Away","video":false,"vote_average":5.3,"vote_count":2}
