{"adult":false,"backdrop_path":null,"belongs_to_collection":null,"budget":0,"genres":[{"id":16,"name":"Animation"},{"id":35,"name":"Comedy"}],"homepage":"","id":100365,"imdb_id":"tt0033698","original_language":"en","original_title":"The Heckling Hare","overview":"Bugs is being chased by hunting dog Willoughby, and outsmarts him at every turn, until the end, where they outsmart the audience together.","popularity":0.000166,"poster_path":"/wHanVFopgjl07S9YAE5NypEIn0W.jpg","production_companies":[],"production_countries":[],"release_date":"1941-07-05","revenue":0,"runtime":7,"spoken_languages":[],"status":"Released","tagline":"","title":"The Heckling Hare","video":false,"vote_average":7.0,"vote_count":1}
