{"adult":false,"backdrop_path":"/ziMK5ehvVDjaBBi067KCwRBDsdB.jpg","belongs_to_collection":null,"budget":0,"genres":[],"homepage":"","id":100384,"imdb_id":"tt0044154","original_language":"en","original_title":"Tweety's S.O.S.","overview":"Sylvester Cat stows away aboard a seagoing passenger liner to try and catch Tweety Bird, who is guarded by his mistress, Granny. Sylvester becomes seasick and runs to the sickbay for a remedy. Tweety mixes nitro into the medicine before Sylvester drinks it. When Granny hits Sylvester with her broom, he is blown sky-high.","popularity":0.00033,"poster_path":"/zCeVHDpleIKHYrd0APTIPLYrgky.jpg","production_companies":[{"name":"Warner Bros. Pictures","id":174}],"production_countries":[{"iso_3166_1":"US","name":"United States of America"}],"release_date":"1951-09-21","revenue":0,"runtime":7,"spoken_languages":[{"iso_639_1":"en","name":"English"}],"status":"Released","tagline":"","title":"Tweety's S.O.S.","video":false,"vote_average":7.0,"vote_count":1}
