{"adult":false,"backdrop_path":null,"belongs_to_collection":null,"budget":0,"genres":[{"id":35,"name":"Comedy"},{"id":9648,"name":"Mystery"},{"id":10749,"name":"Romance"}],"homepage":"","id":100113,"imdb_id":"tt0034617","original_language":"en","original_title":"Counter-Espionage","overview":"The Lone Wolf tracks down Nazi spies in London during the German bombing.","popularity":0.000215,"poster_path":"/twxeePxROX7bTRoj1altqSJPdAy.jpg","production_companies":[{"name":"Columbia Pictures Corporation","id":441}],"production_countries":[{"iso_3166_1":"US","name":"United States of America"}],"release_date":"1942-09-03","revenue":0,"runtime":73,"spoken_languages":[{"iso_639_1":"en","name":"English"}],"status":"Released","tagline":"","title":"Counter-Espionage","video":false,"vote_average":3.3,"vote_count":2}
