{"adult":false,"backdrop_path":null,"belongs_to_collection":null,"budget":0,"genres":[{"id":12,"name":"Adventure"},{"id":14,"name":"Fantasy"}],"homepage":"","id":100545,"imdb_id":"tt0055116","original_language":"en","original_title":"Maciste nella terra dei ciclopi","overview":"Strongman Maciste must battle the one-eyed Cyclops monster that is ravaging the land of Sadok, while at the same time fending off the advances of the evil Queen Capys, who wants to do a little ravaging of her own.","popularity":0.000148,"poster_path":"/bl9XGjY65hpz4PL3jYOi34IQMgD.jpg","production_companies":[],"production_countries":[{"iso_3166_1":"IT","name":"Italy"}],"release_date":"1961-03-29","revenue":0,"runtime":100,"spoken_languages":[{"iso_639_1":"it","name":"Italiano"}],"status":"Released","tagline":"","title":"Atlas Against the Cyclops","video":false,"vote_average":6.0,"vote_count":1}
