{"adult":false,"backdrop_path":"/li9iG8Tb6lUU9KIIZvfbe5NWQgj.jpg","belongs_to_collection":null,"budget":0,"genres":[{"id":18,"name":"Drama"},{"id":10751,"name":"Family"}],"homepage":"","id":100821,"imdb_id":"tt0064909","original_language":"en","original_title":"Run Wild, Run Free","overview":"Directed by Richard C. Sarafian, this 1969 British children's film stars Mark Lester as a young boy, unable to speak, who befriends both a wild colt with blue eyes and a falcon named \"Lady\". The cast also includes John Mills, Gordon Jackson and Sylvia Sims.","popularity":0.00015,"poster_path":"/vo4rxTz9gguCdQzTFIQKi0x0aN7.jpg","production_companies":[{"name":"Irving Allen Productions","id":1788}],"production_countries":[{"iso_3166_1":"GB","name":"United Kingdom"}],"release_date":"1969-07-23","revenue":0,"runtime":100,"spoken_languages":[{"iso_639_1":"en","name":"English"}],"status":"Released","tagline":"","title":"Run Wild, Run Free","video":false,"vote_average":0.0,"vote_count":0}
