{"adult":false,"backdrop_path":null,"belongs_to_collection":null,"budget":0,"genres":[{"id":18,"name":"Drama"},{"id":10752,"name":"War"}],"homepage":"","id":100824,"imdb_id":"tt0036293","original_language":"en","original_title":"The Rear Gunner","overview":"Documentary-style drama on training of aerial rear gunners in World War II. Private PeeWee Williams, a Kansas farm boy, transforms his home-grown shooting skills into those necessary to an aerial gunner in the tail turret of an American bomber.","popularity":0.000148,"poster_path":"/ydFVyN6BrB97vEcRn8urQ3omYHy.jpg","production_companies":[{"name":"Warner Bros. Pictures","id":174},{"name":"U.S. Army Air Forces","id":9359}],"production_countries":[{"iso_3166_1":"US","name":"United States of America"}],"release_date":"1943-04-10","revenue":0,"runtime":26,"spoken_languages":[{"iso_639_1":"en","name":"English"}],"status":"Released","tagline":"","title":"The Rear Gunner","video":false,"vote_average":0.0,"vote_count":0}
