{"adult":false,"backdrop_path":null,"belongs_to_collection":null,"budget":100000,"genres":[{"id":27,"name":"Horror"},{"id":53,"name":"Thriller"}],"homepage":"","id":100472,"imdb_id":"tt0893538","original_language":"en","original_title":"Mercy","overview":"Ex con John Mercy finds the transition from prison life is not easy. As John begins to settle into his new life on the outside, a mysterious woman starts to follow him and finds her way into his dreams, creating nightmares with devastating consequences that threatens his parole, sanity and dream for a new start.","popularity":0.000604,"poster_path":"/8Avwj8cTTnBkRBlRyzbCzTgu3hR.jpg","production_companies":[{"name":"ArchImage Studio","id":9310}],"production_countries":[{"iso_3166_1":"US","name":"United States of America"}],"release_date":"2006-10-13","revenue":0,"runtime":85,"spoken_languages":[{"iso_639_1":"en","name":"English"}],"status":"Released","tagline":"","title":"Mercy","video":false,"vote_average":0.0,"vote_count":0}
