{"adult":false,"backdrop_path":"/pwpr51G03uvcLRVcISxNlZMuIMY.jpg","belongs_to_collection":null,"budget":0,"genres":[{"id":28,"name":"Action"},{"id":80,"name":"Crime"},{"id":18,"name":"Drama"}],"homepage":"http://en.wikipedia.org/wiki/Enemy_Territory_(film)","id":100269,"imdb_id":"tt0092969","original_language":"en","original_title":"Enemy Territory","overview":"An insurance salesman inadvertently gets trapped after dark in an apartment building that is terrorized by a street gang called \"The Vampires.\"","popularity":3e-06,"poster_path":"/kSBmfagXSdNkKundGnGW0Afwnlb.jpg","production_companies":[],"production_countries":[{"iso_3166_1":"US","name":"United States of America"}],"release_date":"1987-05-22","revenue":197791,"runtime":89,"spoken_languages":[{"iso_639_1":"en","name":"English"}],"status":"Released","tagline":"In ENEMY TERRITORY they take no prisoners. You've got to kill your way out.","title":"Enemy Territory","video":false,"vote_average":6.8,"vote_count":2}
