{"adult":false,"backdrop_path":"/5vXeUoleu4ynFf9uyF9gR8gDhrY.jpg","belongs_to_collection":null,"budget":0,"genres":[{"id":28,"name":"Action"},{"id":80,"name":"Crime"},{"id":53,"name":"Thriller"}],"homepage":"","id":100573,"imdb_id":"tt0075277","original_language":"da","original_title":"Strømer","overview":"Efter et sanatorieophold pga. voldelig opførsel under en arrestation, bliver kriminalassistent Karl Jørgensen overført til bedrageriafdelingen. Her opdager Karl en sag, hvor hans ekskone og hendes nye mand er indblandet. Da Karl begynder at undersøge sagen, bliver han stoppet af politimesteren. Karl slår sig sammen med journalisten John Bullnes. De kommer efterhånden tættere på sandheden, men stoppes da en mistænkt begår selvmord. Karl bliver suspenderet og Bullnes sendes til Berlin på en opgave. Karl tager herefter sagen i egen hånd og anholder byens borgmester og en stor entreprenør. © Copyright 1997-2012, Lone Hansen &amp; Per Kjær Fredborg","popularity":0.000554,"poster_path":"/qux7AbzpvP9VJLdTz6vZX5KgxYk.jpg","production_companies":[{"name":"Crone Film Produktion A/S","id":3677}],"production_countries":[{"iso_3166_1":"DK","name":"Denmark"}],"release_date":"1976-10-29","revenue":0,"runtime":106,"spoken_languages":[{"iso_639_1":"da","name":"Dansk"}],"status":"Released","tagline":"","title":"Copper","video":false,"vote_average":0.0,"vote_count":0}
