{"adult":false,"backdrop_path":null,"belongs_to_collection":null,"budget":0,"genres":[{"id":99,"name":"Documentary"}],"homepage":"","id":100672,"imdb_id":"tt0285298","original_language":"en","original_title":"Living Dolls: The Making of a Child Beauty Queen","overview":"Documentary about the subculture of child beauty pageants (usually restricted to girls no older than 5), showing the lengths to which some parents will go to ensure that their children win these pageants...","popularity":0.000299,"poster_path":"/4SpCRHgeJVN7hNlLbQWTGnBqBWF.jpg","production_companies":[],"production_countries":[],"release_date":"2001-05-13","revenue":0,"runtime":0,"spoken_languages":[{"iso_639_1":"en","name":"English"}],"status":"Released","tagline":"","title":"Living Dolls: The Making of a Child Beauty Queen","video":false,"vote_average":0.0,"vote_count":0}
