{"adult":false,"backdrop_path":"/xydoIXP69fuXEbTJjhzustKR3KI.jpg","belongs_to_collection":{"id":227609,"name":"The Three Stooges Shorts Collection","poster_path":"/lb5hOLIUgnM0Uj61AuzjhU1BVKg.jpg","backdrop_path":null},"budget":0,"genres":[{"id":35,"name":"Comedy"},{"id":10752,"name":"War"}],"homepage":"","id":100600,"imdb_id":"tt0035658","original_language":"en","original_title":"Back from the Front","overview":"The Stooges join the war effort by enlisting at Merchant Marines. While aboard, they have a brief run-in with (a secret German Nazi officer) Lt. Dungen (Vernon Dent), and then mistake a torpedo for a beached whale. Moe says they have to kill it, and it promptly explodes. After being lost at sea for several days, they come across the SS Schicklgruber and climb aboard. Now with fully grown beards, they come across Lt. Dungen again, who does not recognize them. After realizing they are in with a nest of German sailors, they eventually overtake the crew and toss them overboard.","popularity":0.000323,"poster_path":"/mYaIZud3GTmrQ1SdGudPvo1i5h6.jpg","production_companies":[{"name":"Columbia Pictures Corporation","id":441}],"production_countries":[{"iso_3166_1":"US","name":"United States of America"}],"release_date":"1943-05-28","revenue":0,"runtime":19,"spoken_languages":[],"status":"Released","tagline":"Any resemblance between the characters in this picture and other human beings is a dirty shame.","title":"Back from the Front","video":false,"vote_average":0.0,"vote_count":0}
