{"adult":false,"backdrop_path":null,"belongs_to_collection":null,"budget":0,"genres":[{"id":99,"name":"Documentary"},{"id":10752,"name":"War"}],"homepage":"","id":100599,"imdb_id":"","original_language":"en","original_title":"Air War in Europe","overview":"1943 US Army Air Forces film documentary","popularity":0.000143,"poster_path":"/rgzRp8zPQmnvhsVHeOjRWUb8TQQ.jpg","production_companies":[],"production_countries":[],"release_date":"1943-01-01","revenue":0,"runtime":10,"spoken_languages":[],"status":"Released","tagline":"","title":"Air War in Europe","video":false,"vote_average":0.0,"vote_count":0}
