{"adult":false,"backdrop_path":"/tlg92D2EEIOepNeISM2TFGZwqJw.jpg","belongs_to_collection":null,"budget":0,"genres":[{"id":16,"name":"Animation"},{"id":10751,"name":"Family"},{"id":35,"name":"Comedy"}],"homepage":"","id":100379,"imdb_id":"tt0034305","original_language":"en","original_title":"Tortoise Beats Hare","overview":"An upset Bugs challenges the slick Cecil Turtle to a race.","popularity":0.000143,"poster_path":"/i8wQjjj4LXjmHRBKKcdxbflDI3e.jpg","production_companies":[{"name":"Leon Schlesinger Studios","id":8298}],"production_countries":[{"iso_3166_1":"US","name":"United States of America"}],"release_date":"1941-03-15","revenue":0,"runtime":7,"spoken_languages":[{"iso_639_1":"en","name":"English"},{"iso_639_1":"fr","name":"Français"}],"status":"Released","tagline":"","title":"Tortoise Beats Hare","video":false,"vote_average":0.0,"vote_count":0}
