{"adult":false,"backdrop_path":null,"belongs_to_collection":null,"budget":0,"genres":[],"homepage":"","id":100427,"imdb_id":"tt0085788","original_language":"en","original_title":"The Kid With the 200 I.Q.","overview":"A very intelligent teenager is sent to college where he meets his roommate, a popular jock. Therefore, he must learn to adapt to adult life, wild parties, and romance.","popularity":0.0,"poster_path":"/wEafR5aEbNXqAsnsv6JwCj6lfwm.jpg","production_companies":[],"production_countries":[],"release_date":"1983-02-06","revenue":0,"runtime":96,"spoken_languages":[],"status":"Released","tagline":"","title":"The Kid With the 200 I.Q.","video":false,"vote_average":0.0,"vote_count":0}
