{"adult":false,"backdrop_path":"/7vsJRkAqaxLDEe7R1rdxQSn1Ikh.jpg","belongs_to_collection":null,"budget":0,"genres":[{"id":35,"name":"Comedy"}],"homepage":"","id":100416,"imdb_id":"tt1221207","original_language":"en","original_title":"Demoted","overview":"What go around comes around for a pair of prank-playing tire salesmen (Astin and Vartan) who find themselves placed in secretarial jobs by their put-upon boss (Cross)","popularity":0.386337,"poster_path":"/xNA9t2NxHLxWYd0KBQIAduCeSWq.jpg","production_companies":[{"name":"FlipZide Pictures","id":3478},{"name":"Parallel Films","id":5122}],"production_countries":[{"iso_3166_1":"US","name":"United States of America"}],"release_date":"2011-03-12","revenue":0,"runtime":94,"spoken_languages":[{"iso_639_1":"en","name":"English"}],"status":"Released","tagline":"He got promoted. They got demoted. They'll get even.","title":"Demoted","video":false,"vote_average":6.6,"vote_count":4}
