{"adult":false,"backdrop_path":null,"belongs_to_collection":null,"budget":0,"genres":[{"id":10751,"name":"Family"}],"homepage":"","id":100155,"imdb_id":"","original_language":"en","original_title":"A Magical Halloween Adventure","overview":"It's a Halloween extravaganza when the monsters from Sesame Street get invited to a Tricks &amp; Treats party. But when Mumford the Magician has some trouble with his magic wand, Elmo and friends get sidetracked on a wonderful hayride. Share in the surprises as they learn to carve pumpkins, make scarecrows, and discover that monsters don't really have to be scary! Features special guest star Caroline Rhea as Gilda the Great!","popularity":0.000431,"poster_path":"/4fRVNR7xYMZSv0HhYdCBMLIllrQ.jpg","production_companies":[],"production_countries":[],"release_date":"2004-08-03","revenue":0,"runtime":38,"spoken_languages":[{"iso_639_1":"en","name":"English"}],"status":"Released","tagline":"Sesame Street","title":"A Magical Halloween Adventure","video":false,"vote_average":0.0,"vote_count":0}
