{"adult":false,"backdrop_path":null,"belongs_to_collection":null,"budget":0,"genres":[{"id":99,"name":"Documentary"},{"id":36,"name":"History"}],"homepage":"","id":100640,"imdb_id":"tt0183207","original_language":"en","original_title":"How to Fly the P-47 - Pilot Familiarization","overview":"War Department Training Film No. 107-A  This is an introduction to a fighter ... The P-47 Thunderbolt.  After you have made its acquaintance in this film, you will learn more about the P-47 in other motion pictures dealing with ground handling, take-off, normal flight and landing, high altitude flight and aerobatics.  Presented by the Army Air Forces in cooperation with Republic Aviation Corporation 1943","popularity":0.0,"poster_path":null,"production_companies":[],"production_countries":[],"release_date":"","revenue":0,"runtime":24,"spoken_languages":[],"status":"Released","tagline":"","title":"How to Fly the P-47 - Pilot Familiarization","video":false,"vote_average":0.0,"vote_count":0}
