{"page":114,"results":[{"adult":false,"backdrop_path":"/uTu5sqOXPSIQ0WLedyHdr6l7F2D.jpg","genre_ids":[18,10749],"id":96724,"original_language":"en","original_title":"Anna Karenina","overview":"Trapped in a loveless marriage, aristocrat Anna Karenina enters into a life-changing affair with the affluent Count Vronsky.","release_date":"2012-09-06","poster_path":"/vueoajubjMMmDpcLOZnrU9wW95E.jpg","popularity":3.313175,"title":"Anna Karenina","video":false,"vote_average":6.1,"vote_count":230},{"adult":false,"backdrop_path":"/aliCayqJ0J6TaqcbYhof6gqJzxJ.jpg","genre_ids":[35,27],"id":75761,"original_language":"en","original_title":"John Dies at the End","overview":"It's a drug that promises an out-of-body experience with each hit. On the street they call it Soy Sauce, and users drift across time and dimensions. But some who come back are no longer human. Suddenly a silent otherworldly invasion is underway, and mankind needs a hero. What it gets instead is John and David, a pair of college dropouts who can barely hold down jobs. Can these two stop the oncoming horror in time to save humanity? No. No, they can't.","release_date":"2012-01-23","poster_path":"/fV6dwR0Tx6sl6YORjjdR61FGpYR.jpg","popularity":0.926781,"title":"John Dies at the End","video":false,"vote_average":6.1,"vote_count":79},{"adult":false,"backdrop_path":"/tg7UGXaUROpzY5ppPh7dnvy4l7P.jpg","genre_ids":[878,28,12],"id":8373,"original_language":"en","original_title":"Transformers: Revenge of the Fallen","overview":"Sam Witwicky leaves the Autobots behind for a normal life. But when his mind is filled with cryptic symbols, the Decepticons target him and he is dragged back into the Transformers' war.","release_date":"2009-06-23","poster_path":"/kVISXAXDYhjQCfu50QZeCCzzbPv.jpg","popularity":1.611408,"title":"Transformers: Revenge of the Fallen","video":false,"vote_average":6.1,"vote_count":1528},{"adult":false,"backdrop_path":"/6bqvfvhXuWMfDEaTGsK19HNGsy1.jpg","genre_ids":[28,53,35,80],"id":4141,"original_language":"en","original_title":"Shoot 'Em Up","overview":"A man named Mr. Smith delivers a woman's baby during a shootout, and is then called upon to protect the newborn from the army of gunmen.","release_date":"2007-07-26","poster_path":"/44SYjI4rV7tjYhRPzMRUj5UjDYJ.jpg","popularity":2.630322,"title":"Shoot 'Em Up","video":false,"vote_average":6.1,"vote_count":185},{"adult":false,"backdrop_path":"/kKmr6eQ06l0H4udAO2GwNMyiMIO.jpg","genre_ids":[35],"id":13161,"original_language":"en","original_title":"Big Stan","overview":"Rob Schneider writes and stars in this comedy about a nerdy con man whose swindling ways land him a stiff prison sentence. Terrified at the prospect of being raped in prison he enlists the aid of a mysterious kung-fu expert to teach him how to fight.","release_date":"2007-06-06","poster_path":"/yYniSVX67auh1uQIeRS8mgICmCO.jpg","popularity":0.557767,"title":"Big Stan","video":false,"vote_average":6.1,"vote_count":53},{"adult":false,"backdrop_path":"/fAKlRJqKjhXqx8QUdFSUSyPgEdH.jpg","genre_ids":[35],"id":109418,"original_language":"en","original_title":"Grown Ups 2","overview":"The all-star comedy cast from Grown Ups returns (with some exciting new additions) for more summertime laughs. Lenny (Adam Sandler) has relocated his family back to the small town where he and his friends grew up. This time around, the grown ups are the ones learning lessons from their kids on a day notoriously full of surprises: the last day of school.","release_date":"2013-07-12","poster_path":"/xVfzcl1fcTDA4T76enoHF80MR4n.jpg","popularity":1.845516,"title":"Grown Ups 2","video":false,"vote_average":6.1,"vote_count":551},{"adult":false,"backdrop_path":"/1wDBepgueWItYrDtIbfldKFabEd.jpg","genre_ids":[53],"id":70436,"original_language":"en","original_title":"The Raven","overview":"A fictionalized account of the last days of Edgar Allan Poe's life, in which the poet is in pursuit of a serial killer whose murders mirror those in the writer's stories.","release_date":"2012-03-09","poster_path":"/hvWiERBXBa8RDYNdNzCbdVbUWFH.jpg","popularity":2.026989,"title":"The Raven","video":false,"vote_average":6.1,"vote_count":133},{"adult":false,"backdrop_path":"/uUhhwwcysPPQHKHaNNSJEXTlsNW.jpg","genre_ids":[18,10751,14,878,35],"id":11548,"original_language":"en","original_title":"Batteries Not Included","overview":"In a soon to be demolished block of apartments, the residents resist the criminal methods used to force them to leave so a greedy tycoon can build his new skyscraper. When tiny mechanical aliens land for a recharge, they decide to stay and help out.","release_date":"1987-12-17","poster_path":"/6N2HGV0KgCWVg41zAgAuBbwcE3e.jpg","popularity":1.345601,"title":"Batteries Not Included","video":false,"vote_average":6.1,"vote_count":67},{"adult":false,"backdrop_path":"/4nYzn99ZPfAEQY4ypopoXa7RdPU.jpg","genre_ids":[28,35,10752],"id":9255,"original_language":"en","original_title":"Hot Shots! Part Deux","overview":"Topper Harley is found to be working as an odd-job-man in a monastery. The CIA want him to lead a rescue mission into Iraq, to rescue the last rescue team, who went in to rescue the last rescue team who... who went in to rescue hostages left behind after Desert Storm.","release_date":"1993-05-21","poster_path":"/x6yVFU815O2c5YpcIgWeK789IZ9.jpg","popularity":2.214924,"title":"Hot Shots! Part Deux","video":false,"vote_average":6.1,"vote_count":148},{"adult":false,"backdrop_path":"/7DwOjEHdJ3dc3kBNaN7XQ0yE258.jpg","genre_ids":[18,28,53,80],"id":7461,"original_language":"en","original_title":"Vantage Point","overview":"The attempted assassination of the American President is told and re-told from several different perspectives.","release_date":"2008-02-22","poster_path":"/2PnFsTzmFC3Ydhj0uBEYjPqHWHO.jpg","popularity":2.794066,"title":"Vantage Point","video":false,"vote_average":6.1,"vote_count":283},{"adult":false,"backdrop_path":"/dO2iwScMkfJLr7me2QgG3sLwaRH.jpg","genre_ids":[18],"id":192132,"original_language":"en","original_title":"Palo Alto","overview":"Palo Alto weaves together three stories of teenage lust, boredom, and self-destruction: shy, sensitive April (Emma Roberts), torn between an illicit flirtation with her soccer coach (James Franco) and an unrequited crush on sweet stoner Teddy (Jack Kilmer); Emily (Zoe Levin), who offers sexual favors to any boy to cross her path; and the increasingly dangerous exploits of Teddy and his best friend Fred (Nat Wolff), whose behavior may or may not be sociopathic.","release_date":"2013-08-29","poster_path":"/5r84O9PuuNBPP8rBDhxBobLcS1L.jpg","popularity":1.190447,"title":"Palo Alto","video":false,"vote_average":6.1,"vote_count":96},{"adult":false,"backdrop_path":"/kOZbGxeGMJ4Y6bxv8eOadFt8QLF.jpg","genre_ids":[28,80,18,53],"id":9615,"original_language":"en","original_title":"The Fast and the Furious: Tokyo Drift","overview":"In order to avoid a jail sentence, Sean Boswell heads to Tokyo to live with his military father. In a low-rent section of the city, Shaun gets caught up in the underground world of drift racing","release_date":"2006-06-03","poster_path":"/7zcstia8qDvxLhAQD80uLAlCsL9.jpg","popularity":1.271521,"title":"The Fast and the Furious: Tokyo Drift","video":false,"vote_average":6.1,"vote_count":687},{"adult":false,"backdrop_path":"/1d0bPDy0Ud7g7vZ5qnKI6HsduLE.jpg","genre_ids":[28,12,14,878],"id":8536,"original_language":"en","original_title":"Superman II","overview":"Three escaped criminals from the planet Krypton test the Man of Steel's mettle. Led by Gen. Zod, the Kryptonians take control of the White House and partner with Lex Luthor to destroy Superman and rule the world. But Superman, who attempts to make himself human in order to get closer to Lois, realizes he has a responsibility to save the planet.","release_date":"1980-12-04","poster_path":"/uvxjXSfph2FD07A2jBG9NHJnl27.jpg","popularity":2.119807,"title":"Superman II","video":false,"vote_average":6.1,"vote_count":167},{"adult":false,"backdrop_path":"/dLYgcIYNafDMFhKdLZNV4rxE6Q8.jpg","genre_ids":[53,27],"id":50698,"original_language":"en","original_title":"Grave Encounters","overview":"A crew from a paranormal reality television show lock themselves in a haunted psychiatric hospital. They search for evidence of paranormal activity as they shoot what ends up becoming their final episode.","release_date":"2011-09-09","poster_path":"/gIWvlqOsAM0E6TOHCMP19TmVVLC.jpg","popularity":2.170106,"title":"Grave Encounters","video":false,"vote_average":6.1,"vote_count":106},{"adult":false,"backdrop_path":"/t0LyzisNidtm0gjTGWTaQ5WAIGR.jpg","genre_ids":[28,12,53],"id":9350,"original_language":"en","original_title":"Cliffhanger","overview":"A year after losing his friend in a tragic 4,000-foot fall, former ranger Gabe Walker and his partner, Hal, are called to return to the same peak to rescue a group of stranded climbers, only to learn the climbers are actually thieving hijackers.","release_date":"1993-05-28","poster_path":"/8XefYka77ypAnPJvaVlfUGBBs4a.jpg","popularity":2.469079,"title":"Cliffhanger","video":false,"vote_average":6.1,"vote_count":159},{"adult":false,"backdrop_path":"/xRr4nXdNPjP8sXlNdUH7ckfrqMB.jpg","genre_ids":[28,12,80,53],"id":9759,"original_language":"en","original_title":"Cellular","overview":"A young man receives an emergency phone call on his cell phone from an older woman. The catch? The woman claims to have been kidnapped; and the kidnappers have targeted her husband and child next.","release_date":"2004-09-10","poster_path":"/wguhhHAHoh2ECwjf5oHRH0P9ial.jpg","popularity":2.283811,"title":"Cellular","video":false,"vote_average":6.1,"vote_count":174},{"adult":false,"backdrop_path":"/eRBSdtc20x6EUXf4k6Fwb4F88Un.jpg","genre_ids":[35,18],"id":113148,"original_language":"en","original_title":"Prince Avalanche","overview":"Two highway road workers spend the summer of 1988 away from their city lives. The isolated landscape becomes a place of misadventure as the men find themselves at odds with each other and the women they left behind.","release_date":"2013-08-09","poster_path":"/y69wu1eWRGc8N4NdZxM2HHX2gtc.jpg","popularity":0.510644,"title":"Prince Avalanche","video":false,"vote_average":6.1,"vote_count":51},{"adult":false,"backdrop_path":"/jahBdYTAGMJaEove9l9hzYpDKJD.jpg","genre_ids":[28,53,12],"id":667,"original_language":"en","original_title":"You Only Live Twice","overview":"A mysterious space craft kidnaps a Russian and American space capsule and brings the world on the verge of another World War. James Bond investigates the case in Japan and meets with his archenemy Blofeld. The fifth film from the legendary James Bond series starring Sean Connery as the British super agent.","release_date":"1967-06-12","poster_path":"/7dnsJZniZK1Hbc9mOFDYa5W0dHi.jpg","popularity":2.483282,"title":"You Only Live Twice","video":false,"vote_average":6.1,"vote_count":168},{"adult":false,"backdrop_path":"/h42glyg8a4Vn0QlrlIdy4gbWyia.jpg","genre_ids":[12,35,10749],"id":59860,"original_language":"en","original_title":"Monte Carlo","overview":"Three young women vacationing in Paris find themselves whisked away to Monte Carlo after one of the girls is mistaken for a British heiress.","release_date":"2011-07-01","poster_path":"/sXgh0TTEsJdK1Z390W6beu5tMNu.jpg","popularity":1.907134,"title":"Monte Carlo","video":false,"vote_average":6.1,"vote_count":117},{"adult":false,"backdrop_path":"/3iwNfRoESEM2aI5wXkNSeDeiWCW.jpg","genre_ids":[35,18,10749],"id":9621,"original_language":"en","original_title":"Elizabethtown","overview":"Drew Baylor is fired after causing his shoe company to lose hundreds of millions of dollars. To make matters worse, he's also dumped by his girlfriend. On the verge of ending it all, Drew gets a new lease on life when he returns to his family's small Kentucky hometown after his father dies. Along the way, he meets a flight attendant with whom he falls in love.","release_date":"2005-09-04","poster_path":"/Asn50mIjDaeDKbaJkQ7lY6goV8p.jpg","popularity":0.43219,"title":"Elizabethtown","video":false,"vote_average":6.1,"vote_count":96}],"total_pages":180,"total_results":3596}
