{"page":69,"results":[{"adult":false,"backdrop_path":"/sOw7TZzt3vRQXXCrwdspSHwCJDR.jpg","genre_ids":[27,53],"id":30497,"original_language":"en","original_title":"The Texas Chain Saw Massacre","overview":"Five friends visiting their grandfather's house in the country are hunted and terrorized by a chain-saw wielding killer and his family of grave-robbing cannibals.","release_date":"1974-10-01","poster_path":"/6lfpH3ITDgkfigJudAwguH1VWHp.jpg","popularity":1.831315,"title":"The Texas Chain Saw Massacre","video":false,"vote_average":6.6,"vote_count":121},{"adult":false,"backdrop_path":"/cCu1TazB95Fykw3min9W0lgLNUs.jpg","genre_ids":[28,53,878],"id":5548,"original_language":"en","original_title":"RoboCop","overview":"In a dystopic, future crime-ridden Detroit controlled by a powerful corporation, a terminally wounded cop returns to the force as a company-owned cyborg with submerged memories haunting him.","release_date":"1987-07-17","poster_path":"/gtGreTdzYBuQsEwTliEFdTzPleV.jpg","popularity":3.117117,"title":"RoboCop","video":false,"vote_average":6.6,"vote_count":441},{"adult":false,"backdrop_path":"/3CbUdwyKnEcLSLkQYWJfi8H6gPO.jpg","genre_ids":[18,10749],"id":41233,"original_language":"en","original_title":"Step Up 3D","overview":"A tight-knit group of New York City street dancers, including Luke and Natalie, team up with NYU freshman Moose, and find themselves pitted against the world's best hip hop dancers in a high-stakes showdown that will change their lives forever.","release_date":"2010-08-06","poster_path":"/q8Pm7UpAqDdxo1Xnt29EHHAl2u2.jpg","popularity":2.97256,"title":"Step Up 3D","video":false,"vote_average":6.6,"vote_count":160},{"adult":false,"backdrop_path":"/eJhymb0SiOd39L3BDe7aO7iQhQx.jpg","genre_ids":[35,80],"id":57214,"original_language":"en","original_title":"Project X","overview":"Three high school seniors throw a party to make a name for themselves. As the night progresses, things spiral out of control as word of the party spreads.","release_date":"2012-03-02","poster_path":"/cWXkRLmzKfYutvWeJXaednoGKdF.jpg","popularity":2.387412,"title":"Project X","video":false,"vote_average":6.6,"vote_count":531},{"adult":false,"backdrop_path":"/17DPnjwKCVZKWwHAtGUt6XeO1MB.jpg","genre_ids":[27,18,53,9648],"id":2046,"original_language":"en","original_title":"The Gift","overview":"When a local woman disappears and the police can't seem to find any leads, her father turns to a poor young woman with psychic powers. Slowly she starts having visions of the woman chained and in a pond. Her visions lead to the body and the arrest of an abusive husband, but did he really do it?","release_date":"2000-12-22","poster_path":"/mC66QbJk1PbUrVMu3kh14adLpQl.jpg","popularity":2.19676,"title":"The Gift","video":false,"vote_average":6.6,"vote_count":54},{"adult":false,"backdrop_path":"/bEu0Fe8nlc7japuTMp0n5A5QC4Y.jpg","genre_ids":[9648,53],"id":179826,"original_language":"en","original_title":"Odd Thomas","overview":"In a California desert town, a short-order cook with clairvoyant abilities encounters a mysterious man with a link to dark, threatening forces.","release_date":"2013-04-16","poster_path":"/oRtInIEPtLottEkcovT53G4F7Fh.jpg","popularity":0.849484,"title":"Odd Thomas","video":false,"vote_average":6.6,"vote_count":108},{"adult":false,"backdrop_path":"/3mAMaxmEuNFW6Rm9f90wfZgGUvL.jpg","genre_ids":[28,18],"id":9787,"original_language":"en","original_title":"Lords of Dogtown","overview":"The film follows the surf and skateboarding trends that originated in Venice, California during the 1970's.","release_date":"2005-06-03","poster_path":"/k1WjRObfqZV7EfmhsnUmhx88EAa.jpg","popularity":0.427836,"title":"Lords of Dogtown","video":false,"vote_average":6.6,"vote_count":54},{"adult":false,"backdrop_path":"/bfxgK56UAy45s0yKE0pv2szyg1K.jpg","genre_ids":[35,10749,878,18],"id":84332,"original_language":"en","original_title":"Safety Not Guaranteed","overview":"Three magazine employees head out on an assignment to interview a guy who placed a classified ad seeking a companion for time travel.","release_date":"2012-06-08","poster_path":"/wAPtVpsOCthvx3zJj6mB9lqn724.jpg","popularity":2.099504,"title":"Safety Not Guaranteed","video":false,"vote_average":6.6,"vote_count":224},{"adult":false,"backdrop_path":"/t9MElpSTsqNBttwntdevOgQuJDe.jpg","genre_ids":[18],"id":258216,"original_language":"en","original_title":"Nymphomaniac: Vol. I","overview":"A man named Seligman finds a fainted wounded woman in an alley and he brings her home. She tells him that her name is Joe and that she is nymphomaniac. Joe tells her life and sexual experiences with hundreds of men since she was a young teenager while Seligman tells about his hobbies, such as fly fishing, reading about Fibonacci numbers or listening to organ music.","release_date":"2013-12-25","poster_path":"/49HMMZPVJcnUwe2QmVzBfxyLAY2.jpg","popularity":1.561851,"title":"Nymphomaniac: Vol. I","video":false,"vote_average":6.6,"vote_count":249},{"adult":false,"backdrop_path":"/ouaMDEeYjwhksfzAWQHqmkuESi9.jpg","genre_ids":[12,14,10751],"id":10601,"original_language":"en","original_title":"Peter Pan","overview":"In stifling Edwardian London, Wendy Darling mesmerizes her brothers every night with bedtime tales of swordplay, swashbuckling and the fearsome Captain Hook. But the children become the heroes of an even greater story, when Peter Pan flies into their nursery one night and leads them over moonlit rooftops through a galaxy of stars and to the lush jungles of Neverland.","release_date":"2003-12-25","poster_path":"/kN9nWy36vyCJyMTRjQPgolxEr8l.jpg","popularity":1.773138,"title":"Peter Pan","video":false,"vote_average":6.6,"vote_count":191},{"adult":false,"backdrop_path":"/rGeVEsRDVvlMBN7fmOKhNW2GtWy.jpg","genre_ids":[80,28,35,53],"id":33542,"original_language":"cn","original_title":"紅番區","overview":"Keong comes from Hong Kong to visit New York for his uncle's wedding. His uncle runs a market in the Bronx and Keong offers to help out while Uncle is on his honeymoon. During his stay in the Bronx, Keong befriends a neighbor kid and beats up some neighborhood thugs who cause problems at the market. One of those petty thugs in the local gang stumbles into a criminal situation way over his head.","release_date":"1995-01-30","poster_path":"/mxznUs2bDCP2b1EN904X7U5loxC.jpg","popularity":1.333233,"title":"Rumble in the Bronx","video":false,"vote_average":6.6,"vote_count":64},{"adult":false,"backdrop_path":"/hzbeuT5WezSPdf8LYuLlg7KQVyk.jpg","genre_ids":[80,18],"id":10220,"original_language":"en","original_title":"Rounders","overview":"A young man is a reformed gambler who must return to playing big stakes poker to help a friend pay off loan sharks.","release_date":"1998-09-11","poster_path":"/j5IzmdWdO5CqgeoyJLZ1dO7w375.jpg","popularity":0.72178,"title":"Rounders","video":false,"vote_average":6.6,"vote_count":105},{"adult":false,"backdrop_path":"/aRmoTXAlqB1FGkPc90rDfVf7jac.jpg","genre_ids":[28,12,35],"id":11006,"original_language":"en","original_title":"Smokey and the Bandit","overview":"A race-car driver named Bandit makes a bet that he can transport an illegal shipment of beer from Texas to Atlanta in under 28 hours. Along the way, he picks up an unwilling bride-to-be, furthering his chances of being arrested. It turns out her future father-in-law is Sheriff \"Smokey\" Justice, and his boy is waiting for her at the altar. A car chase ensues as Smokey scours the South in pursuit of Bandit.","release_date":"1977-05-27","poster_path":"/zWCR9BVNKBRZzKJ9wtcmMdZP5Ts.jpg","popularity":1.907184,"title":"Smokey and the Bandit","video":false,"vote_average":6.6,"vote_count":57},{"adult":false,"backdrop_path":"/9diyJ180qJP4PHlHYPvwEMrrqI8.jpg","genre_ids":[27,18,878],"id":1255,"original_language":"en","original_title":"괴물","overview":"Gang-du is a dim-witted man working at his father's tiny snack bar near the Han River. One day, Gang-du's one and only daughter Hyun-seo comes back from school irritated. She is angry at her uncle, Nam-il, who visited her school as her guardian shamelessly drunk. Ignoring her father's excuses for Nam-il, Hyun-seo is soon engrossed in her aunt Nam-joo's archery tournament on TV. Meanwhile, outside of the snack bar, people are fascinated by an unidentified object hanging onto a bridge. In an instant, the object reveals itself as a terrifying creature turning the riverbank into a gruesome sea of blood¡¦ Amid the chaos, Hyun-seo is helplessly snatched up by the creature right before Gang-du's eyes. These unforeseen circumstances render the government powerless to act. But receiving a call of help from Hyun-seo, the once-ordinary citizen Gang-du and his family are thrust into a battle with the monster to rescue their beloved Hyun-seo.","release_date":"2006-07-27","poster_path":"/74OkcSKTs4f8myeLaVdJ57lj2CG.jpg","popularity":2.062647,"title":"The Host","video":false,"vote_average":6.6,"vote_count":106},{"adult":false,"backdrop_path":"/o5rKbJEMmlG46r8FfFigBtgVgcW.jpg","genre_ids":[53,80,18,9648],"id":245916,"original_language":"en","original_title":"Kill the Messenger","overview":"A reporter becomes the target of a vicious smear campaign that drives him to the point of suicide after he exposes the CIA's role in arming Contra rebels in Nicaragua and importing cocaine into California. Based on the true story of journalist Gary Webb.","release_date":"2014-10-10","poster_path":"/i5Tgu6x2f5ALvHLmHRqDo69Vj0I.jpg","popularity":2.611847,"title":"Kill the Messenger","video":false,"vote_average":6.6,"vote_count":107},{"adult":false,"backdrop_path":"/sWCybDNQ1UDNeyO19RqMhQwLf5a.jpg","genre_ids":[16,878],"id":192577,"original_language":"ja","original_title":"キャプテンハーロック","overview":"Space Pirate Captain Harlock and his fearless crew face off against the space invaders who seek to conquer the planet Earth.","release_date":"2013-09-07","poster_path":"/lB3movQFEgRZQWeZtCceLhUiIQj.jpg","popularity":2.600321,"title":"Space Pirate Captain Harlock","video":false,"vote_average":6.6,"vote_count":160},{"adult":false,"backdrop_path":"/hY1bvrnlbqCIKGZX2yIa1Mw7w4e.jpg","genre_ids":[28,12,14,10749],"id":11976,"original_language":"en","original_title":"Legend","overview":"A young man must stop the Lord of Darkness from both destroying daylight and marrying the woman he loves.","release_date":"1985-08-28","poster_path":"/mJ9dl6hzp3xhCbohMgrai8I2AZU.jpg","popularity":1.076309,"title":"Legend","video":false,"vote_average":6.6,"vote_count":59},{"adult":false,"backdrop_path":"/5ezMAWNO5ybkrEnxrgCy74krBa6.jpg","genre_ids":[80,9648,53],"id":320,"original_language":"en","original_title":"Insomnia","overview":"Two Los Angeles homicide detectives are dispatched to a northern town where the sun doesn't set to investigate the methodical murder of a local teen.","release_date":"2002-05-24","poster_path":"/zb0D3vfjcPFvuyHp1mFPOIcYJWH.jpg","popularity":1.181466,"title":"Insomnia","video":false,"vote_average":6.6,"vote_count":287},{"adult":false,"backdrop_path":"/oZhGYAc6LUM3OLYvQHNfIHfQiMm.jpg","genre_ids":[80,53],"id":1598,"original_language":"en","original_title":"Cape Fear","overview":"Sam Bowden is a small-town corporate attorney. Max Cady is a tattooed, cigar-smoking, bible-quoting, psychotic rapist. What do they have in common? Fourteen years, ago Sam was a public defender assigned to Max Cady's rape trial, and he made a serious error: he hid a document from his illiterate client that could have gotten him acquitted. Now, the cagey, bibliophile Cady has been released, and he intends to teach Sam Bowden and his family a thing or two about loss.","release_date":"1991-11-15","poster_path":"/4KvrvcqckdupXXO2YnANtyG7QLK.jpg","popularity":0.637659,"title":"Cape Fear","video":false,"vote_average":6.6,"vote_count":127},{"adult":false,"backdrop_path":"/tkKUnTgSWg3xkN6ouDUM1JH2zGK.jpg","genre_ids":[12,37],"id":995,"original_language":"en","original_title":"Stagecoach","overview":"A simple stagecoach trip is complicated by the fact that Geronimo is on the warpath in the area. The passengers on the coach include a a drunken doctor, two women, a bank manager who has taken off with his client's money, and the famous Ringo Kid, among others.","release_date":"1939-02-15","poster_path":"/wvyS90AJsztvX5wxpDSjURad9yl.jpg","popularity":0.126626,"title":"Stagecoach","video":false,"vote_average":6.6,"vote_count":51}],"total_pages":180,"total_results":3596}
