{"page":66,"results":[{"adult":false,"backdrop_path":"/4ag7bLf1edaEKuxKDQ5WB820PJw.jpg","genre_ids":[16,35,14,878],"id":12889,"original_language":"en","original_title":"Futurama: The Beast with a Billion Backs","overview":"Fresh off ripping space-time a new one at the end of \"Bender's Big Score,\" the Planet Express crew is back to mend the tear in reality, or (hopefully) at least not make it worse.  Beyond the tear, though, lurks a being of inconceivable...tentacularity.  What will become of Earth, and indeed, our universe, when faced with the Beast with a Billion Backs?","release_date":"2008-06-24","poster_path":"/zuhfBxfBMIL6G1r6mTlwjHA0zqg.jpg","popularity":0.645673,"title":"Futurama: The Beast with a Billion Backs","video":false,"vote_average":6.6,"vote_count":55},{"adult":false,"backdrop_path":"/4UgcvHZtHUfC99BS7ptSQic32Zm.jpg","genre_ids":[12,14,28,37,53],"id":46528,"original_language":"en","original_title":"The Warrior's Way","overview":"An Asian assassin (Dong-gun Jang) is forced to hide in a small town in the American Badlands. Also starring Kate Bosworth, Danny Huston, Tony Cox and Academy Award winner Geoffrey Rush.","release_date":"2010-12-02","poster_path":"/ev5Einzgi2OFxPllt81DxBnfBSu.jpg","popularity":2.315399,"title":"The Warrior's Way","video":false,"vote_average":6.6,"vote_count":55},{"adult":false,"backdrop_path":"/xUXyhrsbOZqT3oSB6MulkqP5csV.jpg","genre_ids":[28],"id":9567,"original_language":"en","original_title":"Tears of the Sun","overview":"Navy SEAL Lieutenant A.K. Waters and his elite squadron of tactical specialists are forced to choose between their duty and their humanity, between following orders by ignoring the conflict that surrounds them, or finding the courage to follow their conscience and protect a group of innocent refugees. When the democratic government of Nigeria collapses and the country is taken over by a ruthless military dictator, Waters, a fiercely loyal and hardened veteran is dispatched on a routine mission to retrieve a Doctors Without Borders physician.","release_date":"2003-03-07","poster_path":"/qEe7aE4PgZCwnVoxKe7YsTm3Smh.jpg","popularity":2.634591,"title":"Tears of the Sun","video":false,"vote_average":6.6,"vote_count":234},{"adult":false,"backdrop_path":"/1GeTR0rkYKms7qGRdWe7SaiAs7v.jpg","genre_ids":[35,80,18],"id":85889,"original_language":"en","original_title":"Filth","overview":"A bipolar bigoted junkie cop, manipulates and hallucinates his way through the festive season in a bid to secure promotion and win back his wife and daughter.","release_date":"2013-09-24","poster_path":"/dchLaUOkQOPZQHnus5fnZgZKDuP.jpg","popularity":1.237044,"title":"Filth","video":false,"vote_average":6.6,"vote_count":212},{"adult":false,"backdrop_path":"/widvxFSHwraV3X4YbJsOcT0ZFy8.jpg","genre_ids":[35,10751],"id":10414,"original_language":"en","original_title":"The Mighty Ducks","overview":"As punishment for getting a DUI, hotshot lawyer Gordon Bombay is sentenced to community service coaching the pathetic Mighty Ducks hockey team. Initially reluctant, Gordon eventually transforms the ragtag band of outsiders and misfits into the No. 1 team in the peewee league, overcoming his own childhood trauma in the process.","release_date":"1992-10-01","poster_path":"/dP5iBJJ19Pllgc5P668wCN3IoO.jpg","popularity":0.720273,"title":"The Mighty Ducks","video":false,"vote_average":6.6,"vote_count":51},{"adult":false,"backdrop_path":"/yc4fcOo8ZGFtm3U7aAA1Sn8EV4l.jpg","genre_ids":[35,18,10749],"id":242042,"original_language":"en","original_title":"Barefoot","overview":"The \"black sheep\" son of a wealthy family meets a young psychiatric patient who's been raised in isolation her entire life. He takes the naive young woman home for his brother's wedding an improbable romance blooms, as she impresses everyone with her genuine, simple charms.","release_date":"2014-02-21","poster_path":"/m8iFS5IW1LSEX0and2FEWzy6GCX.jpg","popularity":2.382265,"title":"Barefoot","video":false,"vote_average":6.6,"vote_count":61},{"adult":false,"backdrop_path":"/aGaD6VUSzUpucrEmwMQ6ehUMaCx.jpg","genre_ids":[35],"id":48415,"original_language":"it","original_title":"Benvenuti al sud","overview":"Alberto (Claudio Bisio), post office manager of a small town in Brianza, under pressure of his wife Sylvia (Angela Finocchiaro), is willing to do anything to get the transfer to Milan. Even pretending to be disabled to climb in the ranking. But the trick does not work and as punishment, he is transferred in a small town in Campania, which to an inhabitant of the north is equivalent to a nightmare ...","release_date":"2010-10-01","poster_path":"/1D0FU4Nma6A4XYwTkXUvZknWie9.jpg","popularity":1.716788,"title":"Welcome to the South","video":false,"vote_average":6.6,"vote_count":52},{"adult":false,"backdrop_path":"/tEcojg2mgUe0WS7OLnbOP69h6w.jpg","genre_ids":[28,9648,53],"id":11963,"original_language":"en","original_title":"Three Days of the Condor","overview":"A bookish CIA researcher finds all his co-workers dead, and must outwit those responsible until he figures out who he can really trust.","release_date":"1975-09-24","poster_path":"/rjBul2hHPXWn8vVBlBlvETY63c3.jpg","popularity":0.818233,"title":"Three Days of the Condor","video":false,"vote_average":6.6,"vote_count":62},{"adult":false,"backdrop_path":"/whhU7492W0fcZE73r1HNhfyc5uV.jpg","genre_ids":[18,80,53],"id":1538,"original_language":"en","original_title":"Collateral","overview":"A cab driver finds himself the hostage of an engaging contract killer as he makes his rounds from hit to hit during one night in LA. He must find a way to save both himself and one last victim.","release_date":"2004-08-05","poster_path":"/mttymFexawuVYOlka8R3SVUeBn4.jpg","popularity":2.246223,"title":"Collateral","video":false,"vote_average":6.6,"vote_count":444},{"adult":false,"backdrop_path":"/1HyOTDlkly2rlRWp2UBFTzKH8vt.jpg","genre_ids":[12,18,28],"id":847,"original_language":"en","original_title":"Willow","overview":"Fearful of a prophecy stating that a girl child will be born to bring about her downfall, the evil Queen Bavmorda imprisons all pregnant women within the formidable stronghold of Nockmaar. A child, Elora Danan, is born in the Nockmaar dungeons and identified as the prophesied child by a birthmark on her arm. However, before the black sorceress arrives to claim the child, Elora's mother convinces her reluctant midwife to escape with the baby. Willow, a timid farmer and aspiring sorcerer, is entrusted with delivering the royal infant from evil.","release_date":"1988-05-20","poster_path":"/Akx1CXcDfwvZD5d4ZOsu6DCmYCA.jpg","popularity":2.067276,"title":"Willow","video":false,"vote_average":6.6,"vote_count":145},{"adult":false,"backdrop_path":"/naXDSf4eN3raSr3xmRSsyYAKKM3.jpg","genre_ids":[18,36,80,53,28],"id":9829,"original_language":"en","original_title":"United 93","overview":"A real time account of the events on United Flight 93, one of the planes hijacked on 9/11 that crashed near Shanksville, Pennsylvania when passengers foiled the terrorist plot.","release_date":"2006-04-28","poster_path":"/hmjqDkvdsiRU5DchivRAL2D82rC.jpg","popularity":1.982908,"title":"United 93","video":false,"vote_average":6.6,"vote_count":93},{"adult":false,"backdrop_path":"/vgnrUb8KbV3S8gVUcq6rXng9cnz.jpg","genre_ids":[28,12,878],"id":2164,"original_language":"en","original_title":"Stargate","overview":"An interstellar teleportation device, found in Egypt, leads to a planet with humans resembling ancient Egyptians who worship the god Ra.","release_date":"1994-10-28","poster_path":"/39WsfbB5BshvdbPAYRFXdsjC481.jpg","popularity":2.275004,"title":"Stargate","video":false,"vote_average":6.6,"vote_count":335},{"adult":false,"backdrop_path":"/Ll0Ul2ZsCLqezMPNCG9fGsCZOd.jpg","genre_ids":[16,10751],"id":11886,"original_language":"en","original_title":"Robin Hood","overview":"With King Richard off to the Crusades, Prince John and his slithering minion, Sir Hiss, set about taxing Nottingham's citizens with support from the corrupt sheriff - and staunch opposition by the wily Robin Hood and his band of merry men.","release_date":"1973-11-08","poster_path":"/78yFcKivWbLwlPcUOPj2A75k4Ii.jpg","popularity":2.26193,"title":"Robin Hood","video":false,"vote_average":6.6,"vote_count":391},{"adult":false,"backdrop_path":"/toXuHNbWmQVw6Nj4ffjYOzLK5yQ.jpg","genre_ids":[35,80,18,10749,53],"id":483,"original_language":"en","original_title":"Wild at Heart","overview":"Young lovers Sailor and Lula run from the variety of weirdos that Lula's mom has hired to kill Sailor.","release_date":"1990-05-01","poster_path":"/d4fbQjSSBd4FPyAROln1skafChr.jpg","popularity":2.08892,"title":"Wild at Heart","video":false,"vote_average":6.6,"vote_count":70},{"adult":false,"backdrop_path":"/5kEmDo78FHMJNPINxcUkPTspmjQ.jpg","genre_ids":[18,878],"id":11864,"original_language":"en","original_title":"Enemy Mine","overview":"A soldier from Earth crashlands on an alien world after sustaining battle damage. Eventually he encounters another survivor, but from the enemy species he was fighting; they band together to survive on this hostile world. In the end the human finds himself caring for his enemy in a completely unexpected way.","release_date":"1985-12-12","poster_path":"/hKsZY8jHagbiTtvq8mwHV36a9ki.jpg","popularity":1.894079,"title":"Enemy Mine","video":false,"vote_average":6.6,"vote_count":61},{"adult":false,"backdrop_path":"/qOu7Ukkglea6UFZSR6XV8cJLELE.jpg","genre_ids":[80,18,10751],"id":257,"original_language":"en","original_title":"Oliver Twist","overview":"Oliver Twist the modern filmed version of Charles Dickens bestseller, a Roman Polanski adaptation. The classic Dickens tale, where an orphan meets a pickpocket on the streets of London. From there, he joins a household of boys who are trained to steal for their master.","release_date":"2005-09-23","poster_path":"/ggQoLWChnmYaSdY1anfS6GqATNO.jpg","popularity":1.375851,"title":"Oliver Twist","video":false,"vote_average":6.6,"vote_count":56},{"adult":false,"backdrop_path":"/4NYzyugV9AoTq0e0SJ1cRHfn4BL.jpg","genre_ids":[27,53],"id":207933,"original_language":"en","original_title":"Stonehearst Asylum","overview":"A Harvard Medical School graduate takes a position at a mental institution and soon becomes obsessed with a female mental patient, but he has no idea of a recent and horrifying staffing change.\r The Call director Brad Anderson returns to the helm for this psychological thriller loosely based on Edgar Allan Poe's 1845 short story The System of Doctor Tarr and Professor Fether, and centered on the experiences of a Harvard Medical School graduate (Jim Sturgess) who becomes obsessed with a mental patient named Eliza Graves (Kate Beckinsale) while working at a mental asylum that's been taken over by the inmates.","release_date":"2014-10-24","poster_path":"/6PXtqaYOpLTpxfKtwvAK3xCQfXZ.jpg","popularity":6.034625,"title":"Stonehearst Asylum","video":false,"vote_average":6.6,"vote_count":102},{"adult":false,"backdrop_path":"/ac0HwGJIU3GxjjGujlIjLJmAGPR.jpg","genre_ids":[12,878,28],"id":1858,"original_language":"en","original_title":"Transformers","overview":"Young teenager Sam Witwicky becomes involved in the ancient struggle between two extraterrestrial factions of transforming robots, the heroic Autobots and the evil Decepticons. Sam holds the clue to unimaginable power and the Decepticons will stop at nothing to retrieve it.","release_date":"2007-07-02","poster_path":"/bgSHbGEA1OM6qDs3Qba4VlSZsNG.jpg","popularity":1.580122,"title":"Transformers","video":false,"vote_average":6.6,"vote_count":1847},{"adult":false,"backdrop_path":"/vPqTyOIeqfmQVNJCMwtkAE17uAc.jpg","genre_ids":[28,53,18],"id":8963,"original_language":"en","original_title":"Crimson Tide","overview":"On a US nuclear missile sub, a young first officer stages a mutiny to prevent his trigger happy captain from launching his missiles before confirming his orders to do so.","release_date":"1995-05-12","poster_path":"/oDJyDX11HW4j565vUjmFagKxDTQ.jpg","popularity":2.386394,"title":"Crimson Tide","video":false,"vote_average":6.6,"vote_count":161},{"adult":false,"backdrop_path":"/aJCEQFFXNcfg5YneJzTG15qzxF7.jpg","genre_ids":[28,53],"id":1572,"original_language":"en","original_title":"Die Hard: With a Vengeance","overview":"New York detective John McClane is back and kicking bad-guy butt in the third installment of this action-packed series, which finds him teaming with civilian Zeus Carver to prevent the loss of innocent lives. McClane thought he'd seen it all, until a genius named Simon engages McClane, his new \"partner\" -- and his beloved city -- in a deadly game that demands their concentration.","release_date":"1995-05-15","poster_path":"/q4ixsZm82c8GpwsQmjMuwVl5gM9.jpg","popularity":2.834757,"title":"Die Hard: With a Vengeance","video":false,"vote_average":6.6,"vote_count":1011}],"total_pages":180,"total_results":3596}
