{"page":103,"results":[{"adult":false,"backdrop_path":"/ueMSXqgN3FOF8y8fym7ntJqtAP.jpg","genre_ids":[28,9648,53],"id":48138,"original_language":"en","original_title":"Unknown","overview":"An American biologist attending a conference in Berlin awakens from a coma after a car accident, only to discover that someone has taken his identity and that no one, not even his wife, believes him. With the help of an illegal immigrant and a former Stazi agent, he sets out to prove who he is and find out why people are trying to kill him.","release_date":"2011-02-18","poster_path":"/4QAPgl63sRyCptq1Wd25lNsptbU.jpg","popularity":2.645236,"title":"Unknown","video":false,"vote_average":6.2,"vote_count":477},{"adult":false,"backdrop_path":"/qUQo4Xlv9nwBDPJxz5HtIsXqq1C.jpg","genre_ids":[18,10749],"id":3635,"original_language":"en","original_title":"Girl with a Pearl Earring","overview":"This film, adapted from a work of fiction by author Tracy Chevalier, tells a story about the events surrounding the creation of the painting \"Girl With A Pearl Earring\" by 17th century Dutch master Johannes Vermeer. A young peasant maid working in the house of painter Johannes Vermeer becomes his talented assistant and the model for one of his most famous works.","release_date":"2003-08-31","poster_path":"/iwapgsiyOLFZCrzDmdspdkrbkIW.jpg","popularity":0.484882,"title":"Girl with a Pearl Earring","video":false,"vote_average":6.2,"vote_count":76},{"adult":false,"backdrop_path":"/13DIK3beAoroeJSdrcYm66s6hal.jpg","genre_ids":[14,28,878],"id":1487,"original_language":"en","original_title":"Hellboy","overview":"In the final days of World War II, the Nazis attempt to use black magic to aid their dying cause. The Allies raid the camp where the ceremony is taking place, but not before a demon - Hellboy - has already been conjured. Joining the Allied forces, Hellboy eventually grows to adulthood, serving the cause of good rather than evil.","release_date":"2004-04-02","poster_path":"/3fAWzI9MUosggdGMu7EaDhn44m6.jpg","popularity":3.286316,"title":"Hellboy","video":false,"vote_average":6.2,"vote_count":611},{"adult":false,"backdrop_path":"/zwW7fzXQZF6r9fdl1C7V1gRQq73.jpg","genre_ids":[28,878],"id":865,"original_language":"en","original_title":"The Running Man","overview":"By 2017, the global economy has collapsed and American society has become a totalitarian police state, censoring all cultural activity. The government pacifies the populace by broadcasting a number of game shows in which convicted criminals fight for their lives, including the gladiator-style The Running Man, hosted by the ruthless Damon Killian, where “runners” attempt to evade “stalkers” and certain death for a chance to be pardoned and set free.","release_date":"1987-11-13","poster_path":"/ni5PkWh3J3Zx4pVk5JYGTywZDqW.jpg","popularity":2.742913,"title":"The Running Man","video":false,"vote_average":6.2,"vote_count":219},{"adult":false,"backdrop_path":"/y7N276seR43H31xvDbWMWxEsDr.jpg","genre_ids":[35,27],"id":12110,"original_language":"en","original_title":"Dracula: Dead and Loving It","overview":"When a lawyer shows up at the vampire's doorstep, he falls prey to his charms and joins him in his search for fresh blood. Enter Dr. van Helsing, who may be the only one able to vanquish the count.","release_date":"1995-12-22","poster_path":"/r7YrC6MQCdBe9l7dQoFru3ymJvo.jpg","popularity":1.477719,"title":"Dracula: Dead and Loving It","video":false,"vote_average":6.2,"vote_count":50},{"adult":false,"backdrop_path":"/7oLuhKfl8B9YbEIPWPpMmgY6jFD.jpg","genre_ids":[35,18,10749],"id":206408,"original_language":"fr","original_title":"Casse-Tête Chinois","overview":"Xavier is a 40-year-old father of two who still finds life very complicated. When the mother of his children moves to New York, he can't bear them growing up far away from him and so he decides to move there as well.","release_date":"2013-12-04","poster_path":"/7O5ZeMQyBZVwDyCIg8F8B1u3nsn.jpg","popularity":1.893703,"title":"Chinese Puzzle","video":false,"vote_average":6.2,"vote_count":93},{"adult":false,"backdrop_path":"/j5KtmMiOzLlyW0VWVP74exW3N5F.jpg","genre_ids":[12,35,80,10751],"id":145220,"original_language":"en","original_title":"Muppets Most Wanted","overview":"While on a grand world tour, The Muppets find themselves wrapped into an European jewel-heist caper headed by a Kermit the Frog look-alike and his dastardly sidekick.","release_date":"2014-03-20","poster_path":"/bxDby1r6WW3HyWzA9vd8uCMG9E6.jpg","popularity":0.855308,"title":"Muppets Most Wanted","video":false,"vote_average":6.2,"vote_count":146},{"adult":false,"backdrop_path":"/5W6lvvnwc4kXUcsPx0zum6ejQ2Q.jpg","genre_ids":[18,35],"id":84355,"original_language":"en","original_title":"Your Sister's Sister","overview":"Iris invites her friend Jack to stay at her family's island getaway after the death of his brother. At their remote cabin, Jack's drunken encounter with Hannah, Iris' sister, kicks off a revealing stretch of days.","release_date":"2012-06-14","poster_path":"/e9RqNtoG6HiMaNDQJIUTv0dM80u.jpg","popularity":1.666214,"title":"Your Sister's Sister","video":false,"vote_average":6.2,"vote_count":60},{"adult":false,"backdrop_path":"/dpo2SgBttTkiWwqdjsC74lv0lOO.jpg","genre_ids":[18,9648,53],"id":8066,"original_language":"en","original_title":"Stay","overview":"Sam Foster (Ewan McGregor), a psychiatrist, has a new patient, Henry Letham (Ryan Gosling), who claims to be suicidal. In trying to diagnose him, Sam visits Henry's prior therapist (Janeane Garofalo) and also finds Henry's mother -- even though Henry has said that he murdered both of his parents. As reality starts to contradict fact, Sam spirals into an unstable mental state. Then he finds a clue as to how and when Henry may try to kill himself, and races to try to stop him.","release_date":"2005-09-24","poster_path":"/gseatc9N1a4zsaHC4cda7txOiAZ.jpg","popularity":1.194267,"title":"Stay","video":false,"vote_average":6.2,"vote_count":82},{"adult":false,"backdrop_path":"/dfM5XwQcw36HAnKhowEh5776MJl.jpg","genre_ids":[18,36],"id":71688,"original_language":"en","original_title":"The Iron Lady","overview":"A look at the life of Margaret Thatcher (Meryl Streep), the former Prime Minister of the United Kingdom, with a focus on the price she paid for power.","release_date":"2011-12-30","poster_path":"/e67tal4u66eFz8yGnJGTO5FYRxY.jpg","popularity":1.094918,"title":"The Iron Lady","video":false,"vote_average":6.2,"vote_count":185},{"adult":false,"backdrop_path":"/wdp4unWJWY9hGKN1tM56HeSt6PZ.jpg","genre_ids":[28,12,878],"id":1893,"original_language":"en","original_title":"Star Wars: Episode I - The Phantom Menace","overview":"Anakin Skywalker, a young slave strong with the Force, is discovered on Tatooine. Meanwhile, the evil Sith have returned, enacting their plot for revenge against the Jedi.","release_date":"1999-05-19","poster_path":"/n8V09dDc02KsSN6Q4hC2BX6hN8X.jpg","popularity":3.617937,"title":"Star Wars: Episode I - The Phantom Menace","video":false,"vote_average":6.2,"vote_count":1748},{"adult":false,"backdrop_path":"/rSf0RYkPiMo9TyjHs2vI8rHlmfF.jpg","genre_ids":[28,80,18,9648,53],"id":241554,"original_language":"en","original_title":"Run All Night","overview":"Brooklyn mobster and prolific hit man Jimmy Conlon, once known as The Gravedigger, has seen better days. Longtime best friend of a mob boss, Jimmy, now 55, is haunted by the sins of his past—as well as a dogged police detective who’s been one step behind Jimmy for 30 years. But when Jimmy’s estranged son becomes a target, Jimmy must make a choice between the crime family he chose and the real family he abandoned long ago. Now, with nowhere safe to turn, Jimmy has just one night to figure out exactly where his loyalties lie and to see if he can finally make things right.","release_date":"2015-03-13","poster_path":"/aqNJrAxudMRNo8jg3HOUQqdl2xr.jpg","popularity":9.445551,"title":"Run All Night","video":false,"vote_average":6.2,"vote_count":332},{"adult":false,"backdrop_path":"/wr9KMaCGGquZQqmjN8mRqOR2FeM.jpg","genre_ids":[9648,53,18],"id":10866,"original_language":"en","original_title":"Joy Ride","overview":"Three young people on a road trip from Colorado to New Jersey talk to a trucker on their CB radio, then must escape when he turns out to be a psychotic killer.","release_date":"2001-10-05","poster_path":"/q8y2T2LvJV0mvia1RA9pS1K33GR.jpg","popularity":1.613986,"title":"Joy Ride","video":false,"vote_average":6.2,"vote_count":76},{"adult":false,"backdrop_path":"/qUPiStKKvtfqfOxZ0rzmNcFgbdh.jpg","genre_ids":[35,18,14,10751],"id":71864,"original_language":"en","original_title":"The Odd Life of Timothy Green","overview":"A childless couple bury a box in their backyard, containing all of their wishes for an infant. Soon, a child is born, though Timothy Green is not all that he appears.","release_date":"2012-08-15","poster_path":"/a4NMxSD6BbKT2zEMp2uqOn3uGXY.jpg","popularity":0.827569,"title":"The Odd Life of Timothy Green","video":false,"vote_average":6.2,"vote_count":148},{"adult":false,"backdrop_path":"/4mErncWN6TrLujvTQlbkfW9HNzp.jpg","genre_ids":[35,80],"id":209247,"original_language":"en","original_title":"The Art of the Steal","overview":"Crunch Calhoun, a third-rate motorcycle daredevil and part-time art thief, teams up with his snaky brother to steal one of the most valuable books in the world. But it's not just about the book for Crunch — he's keen to rewrite some chapters of his own past as well.","release_date":"2013-10-01","poster_path":"/cKR7yXINpyt38PoJCzuodNocNiO.jpg","popularity":1.946331,"title":"The Art of the Steal","video":false,"vote_average":6.2,"vote_count":89},{"adult":false,"backdrop_path":"/6ktmBHlqVTRoGESWBu3Uk3UsSri.jpg","genre_ids":[18,53],"id":9357,"original_language":"en","original_title":"One Hour Photo","overview":"Sy \"the photo guy\" Parrish has lovingly developed photos for the Yorkin family since their son was a baby. But as the Yorkins' lives become fuller, Sy's only seems lonelier, until he eventually believes he's part of their family. When \"Uncle\" Sy's picture-perfect fantasy collides with an ugly dose of reality, what happens next \"has the spine-tingling elements of the best psychological thrillers!\"","release_date":"2002-08-21","poster_path":"/ewTnaVWq3I0C99ZMemiZ8AYnY0c.jpg","popularity":1.740256,"title":"One Hour Photo","video":false,"vote_average":6.2,"vote_count":87},{"adult":false,"backdrop_path":"/dwRCptswUg5T27EM6hyXPlObRbE.jpg","genre_ids":[28,10752],"id":53182,"original_language":"en","original_title":"300: Rise of an Empire","overview":"Based on Frank Miller's latest graphic novel Xerxes and told in the breathtaking visual style of the blockbuster \"300,\" this new chapter of the epic saga takes the action to a fresh battlefield--on the sea--as Greek general Themistokles attempts to unite all of Greece by leading the charge that will change the course of the war. \"300: Rise of an Empire\" pits Themistokles against the massive invading Persian forces led by mortal-turned-god Xerxes and Artemesia, the vengeful commander of the Persian navy.","release_date":"2014-03-07","poster_path":"/bRE7nmNuZzciep7MDkNfuTrM9zW.jpg","popularity":3.624367,"title":"300: Rise of an Empire","video":false,"vote_average":6.2,"vote_count":1095},{"adult":false,"backdrop_path":"/ksyOtfDvn3eZZIfEcoRy87YUiwL.jpg","genre_ids":[18,53,878,9648],"id":2675,"original_language":"en","original_title":"Signs","overview":"A family living on a farm finds mysterious crop circles in their fields which suggests something more frightening to come.","release_date":"2002-08-02","poster_path":"/bY9lCUVUajpkKWlfjWF1mtXaSUp.jpg","popularity":2.75224,"title":"Signs","video":false,"vote_average":6.2,"vote_count":387},{"adult":false,"backdrop_path":"/kwd056hcmMluIPaQ427Rp4qlxbI.jpg","genre_ids":[18,27,53],"id":9272,"original_language":"en","original_title":"The Good Son","overview":"A young boy stays with his aunt and uncle, and befriends his cousin who's the same age. But his cousin begins showing increasing signs of psychotic behavior.","release_date":"1993-09-24","poster_path":"/813ZVK1ox32vr3FexdTlv9PHFD6.jpg","popularity":0.416328,"title":"The Good Son","video":false,"vote_average":6.2,"vote_count":50},{"adult":false,"backdrop_path":"/xWqqIw2wXlKfcNS2GnNO1AGfmCw.jpg","genre_ids":[35],"id":9472,"original_language":"en","original_title":"DodgeBall: A True Underdog Story","overview":"When megalomaniacal White Goodman, the owner of a trendy, high-end fitness center, makes a move to take over the struggling local gym run by happy-go-lucky Pete La Fleur, there's only one way for La Fleur to fight back: dodgeball. Aided by a dodgeball guru and Goodman's attorney, La Fleur and his rag-tag team of underdogs launch a knock-down, drag-out battle in which the winner takes all.","release_date":"2004-06-18","poster_path":"/c7biFO9cEl5hOSvZRMuuJohH5f3.jpg","popularity":2.581752,"title":"DodgeBall: A True Underdog Story","video":false,"vote_average":6.2,"vote_count":315}],"total_pages":180,"total_results":3596}
