{"page":43,"results":[{"adult":false,"backdrop_path":"/llII7YgUqtBbIl8Rkoo8JC56bqs.jpg","genre_ids":[28,80,18,53],"id":11636,"original_language":"en","original_title":"新警察故事","overview":"Sent into a drunken tailspin when his entire unit is killed by a gang of thrill-seeking punks, disgraced Hong Kong police inspector Wing (Jackie Chan) needs help from his new rookie partner, with a troubled past of his own, to climb out of the bottle and track down the gang and its ruthless leader.","release_date":"2004-09-24","poster_path":"/jUt1kFdzwXa1gYYk9jpZ2bHU2Fz.jpg","popularity":0.978657,"title":"New Police Story","video":false,"vote_average":7.0,"vote_count":65},{"adult":false,"backdrop_path":"/cQ5PU1ZJpOoTBa4nyQxR9lyIUzv.jpg","genre_ids":[10751,16,35,12],"id":9385,"original_language":"fr","original_title":"Les 12 travaux d'Astérix","overview":"Asterix and Obelix depart on an adventure to complete twelve impossible tasks to prove to Caesar that they are as strong as the Gods. You'll roar with laughter as they outwit, outrun, and generally outrage the very people who are trying to prove them \"only human\".","release_date":"1976-10-20","poster_path":"/VSOjIvBH168wKFURHBSpUjqGVt.jpg","popularity":2.301615,"title":"The Twelve Tasks of Asterix","video":false,"vote_average":6.9,"vote_count":55},{"adult":false,"backdrop_path":"/udoddkfohAuWpVi6FkzkVB3hJOa.jpg","genre_ids":[80,18,53],"id":77016,"original_language":"en","original_title":"End of Watch","overview":"Shot documentary-style, this film follows the daily grind of two young police officers in LA who are partners and friends, and what happens when they meet criminal forces greater than themselves.","release_date":"2012-09-21","poster_path":"/suqikqv0DjOsW8e0hst4YWDTmAX.jpg","popularity":2.501432,"title":"End of Watch","video":false,"vote_average":6.9,"vote_count":432},{"adult":false,"backdrop_path":"/L5QRL1O3fGs2hH1LbtYyVl8Tce.jpg","genre_ids":[53,28,878,10749],"id":262500,"original_language":"en","original_title":"Insurgent","overview":"Beatrice Prior must confront her inner demons and continue her fight against a powerful alliance which threatens to tear her society apart.","release_date":"2015-03-20","poster_path":"/aBBQSC8ZECGn6Wh92gKDOakSC8p.jpg","popularity":32.601093,"title":"Insurgent","video":false,"vote_average":6.9,"vote_count":853},{"adult":false,"backdrop_path":"/diJU3pSAHfVKiGCvHec7kJ4PqKh.jpg","genre_ids":[28,80,18,53],"id":242,"original_language":"en","original_title":"The Godfather: Part III","overview":"In the midst of trying to legitimize his business dealings in 1979 New York and Italy, aging mafia don Michael Corleone seeks forgiveness for his sins while taking a young protege under his wing.","release_date":"1990-12-24","poster_path":"/uzaP0L7BEprcJHCuwbaHiYT0UYX.jpg","popularity":2.020391,"title":"The Godfather: Part III","video":false,"vote_average":6.9,"vote_count":552},{"adult":false,"backdrop_path":"/1HjKgkIdR2qw8ihM6MTxgdST2kM.jpg","genre_ids":[10751,16,35,12],"id":82690,"original_language":"en","original_title":"Wreck-It Ralph","overview":"Wreck-It Ralph is the 9-foot-tall, 643-pound villain of an arcade video game named Fix-It Felix Jr., in which the game's titular hero fixes buildings that Ralph destroys. Wanting to prove he can be a good guy and not just a villain, Ralph escapes his game and lands in Hero's Duty, a first-person shooter where he helps the game's hero battle against alien invaders. He later enters Sugar Rush, a kart racing game set on tracks made of candies, cookies and other sweets. There, Ralph meets Vanellope von Schweetz who has learned that her game is faced with a dire threat that could affect the entire arcade, and one that Ralph may have inadvertently started.","release_date":"2012-11-01","poster_path":"/93FsllrXXWncp7BQYTdOU1XMRXo.jpg","popularity":4.760571,"title":"Wreck-It Ralph","video":false,"vote_average":6.9,"vote_count":2797},{"adult":false,"backdrop_path":"/crR71u5ptmoFW3sCFjAJnHGbYOk.jpg","genre_ids":[80,14,18],"id":1427,"original_language":"en","original_title":"Perfume: The Story of a Murderer","overview":"Jean-Baptiste Grenouille, born in the stench of eighteenth century Paris, develops a superior olfactory sense, which he uses to create the world's finest perfumes. His work, however, takes a dark turn as he tries to preserve scents in the search for the ultimate perfume.","release_date":"2006-10-18","poster_path":"/zC9JHS6NlkJKPYFxOOqBl7fQCjT.jpg","popularity":2.656685,"title":"Perfume: The Story of a Murderer","video":false,"vote_average":6.9,"vote_count":366},{"adult":false,"backdrop_path":"/uK0ihZKox9aatW6KH1yjZh8wkt3.jpg","genre_ids":[35,18],"id":403,"original_language":"en","original_title":"Driving Miss Daisy","overview":"The story of an old Jewish widow named Daisy Werthan and her relationship with her colored chauffeur Hoke. From an initial mere work relationship grew in 25 years a strong friendship between the two very different characters in a time when those types of relationships where shunned upon. Oscar winning tragic comedy with a star-studded cast and based on a play of the same name by Alfred Uhry.","release_date":"1989-12-13","poster_path":"/vzdx1rkR0wK8NcdgTAvg6Vp061U.jpg","popularity":1.825576,"title":"Driving Miss Daisy","video":false,"vote_average":6.9,"vote_count":96},{"adult":false,"backdrop_path":"/285qaXgc8vtmxTN77HmPmvpBMDP.jpg","genre_ids":[80,18,53],"id":4147,"original_language":"en","original_title":"Road to Perdition","overview":"Mike Sullivan works as a hit man for crime boss John Rooney. Sullivan views Rooney as a father figure, however after his son is witness to a killing, Mike Sullivan finds himself on the run in attempt to save the life of his son and at the same time looking for revenge on those who wronged him.","release_date":"2002-07-12","poster_path":"/jn0GH8klINSQtRNifY8W2Kv4ajl.jpg","popularity":1.17055,"title":"Road to Perdition","video":false,"vote_average":6.9,"vote_count":280},{"adult":false,"backdrop_path":"/fCZKEiiE3cCIqeWf2WSAiMCvDwN.jpg","genre_ids":[10751,16,12,35],"id":77459,"original_language":"fr","original_title":"Un monstre à Paris","overview":"Paris,1910. Emile, a shy movie projectionist, and Raoul, a colorful inventor, find themselves embarked on the hunt for a monster terrorizing citizens. They join forces with Lucille, the big-hearted star of the Bird of Paradise cabaret, an eccentric scientist and his irascible monkey to save the monster, who turns out to be an oversized but harmless flea, from the city's ruthlessly ambitious police chief.","release_date":"2011-10-12","poster_path":"/bEqkbV0bYIDWpu2dMc1Zy3aFHhT.jpg","popularity":1.834553,"title":"A Monster in Paris","video":false,"vote_average":6.9,"vote_count":102},{"adult":false,"backdrop_path":"/zDXBA5yaxfPCnRT2y4if5w9rxLX.jpg","genre_ids":[18,10751],"id":11236,"original_language":"en","original_title":"The Secret Garden","overview":"A young British girl born and reared in India loses her neglectful parents in an earthquake. She is returned to England to live at her uncle's castle. Her uncle is very distant due to the loss of his wife ten years before. Neglected once again, she begins exploring the estate and discovers a garden that has been locked and neglected. Aided by one of the servants' boys, she begins restoring the garden, and eventually discovers some other secrets of the manor.","release_date":"1993-08-13","poster_path":"/pI6J5nrFKh4GEUZ1eGP4AEVQOAN.jpg","popularity":1.264192,"title":"The Secret Garden","video":false,"vote_average":6.9,"vote_count":51},{"adult":false,"backdrop_path":"/oHOTQkTYgDuoCYMaBEzuB9DqguX.jpg","genre_ids":[28,12,10752],"id":1271,"original_language":"en","original_title":"300","overview":"Based on Frank Miller's graphic novel, \"300\" is very loosely based the 480 B.C. Battle of Thermopylae, where the King of Sparta led his army against the advancing Persians; the battle is said to have inspired all of Greece to band together against the Persians, and helped usher in the world's first democracy.","release_date":"2007-03-09","poster_path":"/bYR8O1H1ZlME7Dm9ysfTYZnRDpw.jpg","popularity":3.242637,"title":"300","video":false,"vote_average":6.9,"vote_count":2554},{"adult":false,"backdrop_path":"/u1jWWdqz8eDKzCxYPxBLD2q5QGW.jpg","genre_ids":[53,27,10749],"id":252171,"original_language":"en","original_title":"A Girl Walks Home Alone at Night","overview":"In the Iranian ghost-town Bad City, a place that reeks of death and loneliness, the townspeople are unaware they are being stalked by a lonesome vampire.","release_date":"2014-11-21","poster_path":"/eqYVrDgTSRiytz44QnBLwYTxkHl.jpg","popularity":1.893946,"title":"A Girl Walks Home Alone at Night","video":false,"vote_average":6.9,"vote_count":50},{"adult":false,"backdrop_path":"/q9FPpi6AkccX3nfQoA22P5S1HFp.jpg","genre_ids":[12,14,10749,10751],"id":2270,"original_language":"en","original_title":"Stardust","overview":"In a countryside town bordering on a magical land, a young man makes a promise to his beloved that he'll retrieve a fallen star by venturing into the magical realm. His journey takes him into a world beyond his wildest dreams and reveals his true identity.","release_date":"2007-08-09","poster_path":"/A9gXvPOnMu961E36x5p3RT4FQ5E.jpg","popularity":1.308341,"title":"Stardust","video":false,"vote_average":6.9,"vote_count":394},{"adult":false,"backdrop_path":"/4mb6yCuf9Gl05FVzT25GpAFHVRj.jpg","genre_ids":[27,18,9648,53],"id":1933,"original_language":"en","original_title":"The Others","overview":"Grace is a religious woman who lives in an old house kept dark because her two children, Anne and Nicholas, have a rare sensitivity to light. When the family begins to suspect the house is haunted, Grace fights to protect her children at any cost in the face of strange events and disturbing visions.","release_date":"2001-08-10","poster_path":"/s1AgCknn4t2OUPZynuGsi4yNFfq.jpg","popularity":3.356714,"title":"The Others","video":false,"vote_average":6.9,"vote_count":414},{"adult":false,"backdrop_path":"/8BueE3xOMMd2Z2ix6ayqj2uPIGL.jpg","genre_ids":[16,35,10751],"id":54559,"original_language":"en","original_title":"Despicable Me: Orientation Day","overview":"With so many jobs to choose from, the Minions have to make serious decisions after watching an 'Initiation Video'. What could go wrong?!","release_date":"2010-12-13","poster_path":"/8mpWQcqeY2NmzCLSNj8FHMAT1mN.jpg","popularity":2.397852,"title":"Despicable Me: Orientation Day","video":false,"vote_average":6.9,"vote_count":62},{"adult":false,"backdrop_path":"/oSRoGt8vOsWV78E14BOFdKQ2vls.jpg","genre_ids":[35],"id":91739,"original_language":"en","original_title":"Much Ado About Nothing","overview":"A modern retelling of Shakespeare's classic comedy about two pairs of lovers with different takes on romance and a way with words.","release_date":"2012-09-08","poster_path":"/6UrtVVSv4dDOv1cEIbhgsAsBB65.jpg","popularity":2.101259,"title":"Much Ado About Nothing","video":false,"vote_average":6.9,"vote_count":54},{"adult":false,"backdrop_path":"/3FweBee0xZoY77uO1bhUOlQorNH.jpg","genre_ids":[28,12,14],"id":76338,"original_language":"en","original_title":"Thor: The Dark World","overview":"Thor fights to restore order across the cosmos… but an ancient race led by the vengeful Malekith returns to plunge the universe back into darkness. Faced with an enemy that even Odin and Asgard cannot withstand, Thor must embark on his most perilous and personal journey yet, one that will reunite him with Jane Foster and force him to sacrifice everything to save us all.","release_date":"2013-11-08","poster_path":"/aROh4ZwLfv9tmtOAsrnkYTbpujA.jpg","popularity":4.827943,"title":"Thor: The Dark World","video":false,"vote_average":6.9,"vote_count":1828},{"adult":false,"backdrop_path":"/wDPmggrApz7nxy4BAQk3rCLi3R6.jpg","genre_ids":[18,37,12],"id":44264,"original_language":"en","original_title":"True Grit","overview":"Following the murder of her father by hired hand Tom Chaney, 14-year-old farm girl Mattie Ross sets out to capture the killer. To aid her, she hires the toughest U.S. Marshal she can find, a man with \"true grit,\" Reuben J. \"Rooster\" Cogburn. Mattie insists on accompanying Cogburn, whose drinking, sloth, and generally reprobate character do not augment her faith in him. Against his wishes, she joins him in his trek into the Indian Nations in search of Chaney. They are joined by Texas Ranger LaBoeuf, who wants Chaney for his own purposes. The unlikely trio find danger and adventure on the journey, and each has his or her \"grit\" tested.","release_date":"2010-12-22","poster_path":"/qc7vaF5fIeTllAykdP3wldlMyRh.jpg","popularity":2.570129,"title":"True Grit","video":false,"vote_average":6.9,"vote_count":665},{"adult":false,"backdrop_path":"/39LohvXfll5dGCQIV9B9VJ16ImE.jpg","genre_ids":[35],"id":18785,"original_language":"en","original_title":"The Hangover","overview":"When three friends finally come to after a raucous night of bachelor-party revelry, they find a baby in the closet and a tiger in the bathroom. But they can't seem to locate their best friend, Doug -- who's supposed to be tying the knot. Launching a frantic search for Doug, the trio perseveres through a nasty hangover to try to make it to the church on time.","release_date":"2009-06-05","poster_path":"/eshEkiG7NmU4ekA8CtpIdYiYufZ.jpg","popularity":2.539183,"title":"The Hangover","video":false,"vote_average":6.9,"vote_count":2691}],"total_pages":180,"total_results":3596}
