{"page":38,"results":[{"adult":false,"backdrop_path":"/auYNaUmh02RrdkPBpQpLAlY605p.jpg","genre_ids":[35,18],"id":11934,"original_language":"en","original_title":"The Hudsucker Proxy","overview":"When Waring Hudsucker, head of hugely successful Hudsucker Industries, commits suicide, his board of directors, led by Sidney Mussberger, comes up with a brilliant plan to make a lot of money: appoint a moron to run the company. When the stock falls low enough, Sidney and friends can buy it up for pennies on the dollar, take over the company, and restore its fortunes. They choose idealistic Norville Barnes, who just started in the mail room. Norville is whacky enough to drive any company to ruin, but soon, tough reporter Amy Archer smells a rat and begins an undercover investigation of Hudsucker Industries.","release_date":"1994-03-11","poster_path":"/olViHNQHPy18SOJvbAI1bXUjHXI.jpg","popularity":1.764384,"title":"The Hudsucker Proxy","video":false,"vote_average":7.0,"vote_count":61},{"adult":false,"backdrop_path":"/iGjj8r38g4zqCd0h8LK1MrDlsBz.jpg","genre_ids":[28],"id":4643,"original_language":"fr","original_title":"The Guardian","overview":"A high school swim champion with a troubled past enrolls in the U.S. Coast Guard's \"A\" School, where legendary rescue swimmer Ben Randall teaches him some hard lessons about loss, love, and self-sacrifice","release_date":"2006-09-28","poster_path":"/8hvMyM2SkijotayC1q5sQwi36qD.jpg","popularity":2.210029,"title":"The Guardian","video":false,"vote_average":7.0,"vote_count":102},{"adult":false,"backdrop_path":"/tbwmgmMGXui8MM98n71XsMxLACX.jpg","genre_ids":[9648,27,53],"id":2654,"original_language":"en","original_title":"In the Mouth of Madness","overview":"With the disappearance of hack horror writer Sutter Cane, all Hell is breaking loose...literally! Author Cane, it seems, has a knack for description that really brings his evil creepy-crawlies to life. Insurance investigator John Trent is sent to investigate Cane's mysterious vanishing act and ends up in the sleepy little East Coast town of Hobb's End.","release_date":"1994-12-12","poster_path":"/bHOUP3cnWDzONJCA4M9XQrVVP3H.jpg","popularity":1.994443,"title":"In the Mouth of Madness","video":false,"vote_average":7.0,"vote_count":53},{"adult":false,"backdrop_path":"/xDw3Yz797LSBGSxSrzBFEsP3Px4.jpg","genre_ids":[18],"id":9475,"original_language":"en","original_title":"Scent of a Woman","overview":"Charlie Simms (Chris O'Donnell) is a student at a private preparatory school who comes from a poor family. To earn the money for his flight home to Gresham, Oregon for Christmas, Charlie takes a job over Thanksgiving looking after retired U.S. Army officer Lieutenant Colonel Frank Slade (Al Pacino), a cantankerous middle-aged man who lives with his niece and her family.","release_date":"1992-12-23","poster_path":"/22m6tUzIYxXs5cjyl7KJJPULlMT.jpg","popularity":1.886714,"title":"Scent of a Woman","video":false,"vote_average":7.0,"vote_count":279},{"adult":false,"backdrop_path":"/7IZmviA7oRPyrW9usPkLRctvwh9.jpg","genre_ids":[35,10749,14,18],"id":103332,"original_language":"en","original_title":"Ruby Sparks","overview":"Calvin is a young novelist who achieved phenomenal success early in his career but is now struggling with his writing – as well as his romantic life. Finally, he makes a breakthrough and creates a character named Ruby who inspires him. When Calvin finds Ruby, in the flesh, sitting on his couch about a week later, he is completely flabbergasted that his words have turned into a living, breathing person.","release_date":"2012-07-25","poster_path":"/1mgwXxdkV7sQRRCb4Qaq3HZl8Xe.jpg","popularity":3.15543,"title":"Ruby Sparks","video":false,"vote_average":7.0,"vote_count":181},{"adult":false,"backdrop_path":"/xZ5qlcdZPyUKnoAugPE58XQyPXz.jpg","genre_ids":[18,35,10402],"id":71,"original_language":"en","original_title":"Billy Elliot","overview":"Set against the background of the 1984 Miner's Strike, Billy Elliot is an 11 year old boy who stumbles out of the boxing ring and onto the ballet floor. He faces many trials and triumphs as he strives to conquer his family's set ways, inner conflict, and standing on his toes!","release_date":"2000-05-18","poster_path":"/x0ySHQPAxQYD0D79BeDY2XhPzXg.jpg","popularity":1.606949,"title":"Billy Elliot","video":false,"vote_average":7.0,"vote_count":153},{"adult":false,"backdrop_path":"/zf7L87ZS2cXjaRT5d3ibIUaJvoo.jpg","genre_ids":[18,80],"id":1359,"original_language":"en","original_title":"American Psycho","overview":"A wealthy New York investment banking executive hides his alternate psychopathic ego from his co-workers and friends as he escalates deeper into his illogical, gratuitous fantasies.","release_date":"2000-04-14","poster_path":"/qXsylPM4Lr5397R3eHrfqHhTUNc.jpg","popularity":2.612219,"title":"American Psycho","video":false,"vote_average":7.0,"vote_count":493},{"adult":false,"backdrop_path":"/lfwwqgMWZn6Th56hHOue9syKO3l.jpg","genre_ids":[16,10751,12],"id":10674,"original_language":"en","original_title":"Mulan","overview":"A tomboyish girl disguises herself as a young man so she can fight with the Imperial Chinese Army against the invading Huns. With help from wise-cracking dragon Mushu, Mulan just might save her country -- and win the heart of handsome Captain Li Shang.","release_date":"1998-06-18","poster_path":"/dffoV5USC8kdgax6vXys8QHvMZ9.jpg","popularity":2.748301,"title":"Mulan","video":false,"vote_average":7.0,"vote_count":540},{"adult":false,"backdrop_path":"/mYNXGr8HNS1TO7wrQVSywrlduk9.jpg","genre_ids":[18,36,9648],"id":3580,"original_language":"en","original_title":"Changeling","overview":"Christine Collins is overjoyed when her kidnapped son is brought back home. But when Christine suspects that the boy returned to her isn't her child, the police captain has her committed to an asylum.","release_date":"2008-05-20","poster_path":"/qtte2n6ygA1zVG5kLrjUGui28TJ.jpg","popularity":2.423988,"title":"Changeling","video":false,"vote_average":7.0,"vote_count":358},{"adult":false,"backdrop_path":"/cv6GPeRbvlS0Vp9zVSu954nhxtR.jpg","genre_ids":[35,18],"id":9388,"original_language":"en","original_title":"Thank You for Smoking","overview":"The chief spokesperson and lobbyist Nick Naylor is the Vice-President of the Academy of Tobacco Studies. He is talented in speaking and spins argument to defend the cigarette industry in the most difficult situations. His best friends are Polly Bailey that works in the Moderation Council in alcohol business, and Bobby Jay Bliss of the gun business own advisory group SAFETY. They frequently meet each other in a bar and they self-entitle the Mod Squad a.k.a. Merchants of Death, disputing which industry has killed more people. Nick's greatest enemy is Vermont's Senator Ortolan Finistirre, who defends in the Senate the use a skull and crossed bones in the cigarette packs. Nick's son Joey Naylor lives with his mother, and has the chance to know his father in a business trip. When the ambitious reporter Heather Holloway betrays Nick disclosing confidences he had in bed with her, his life turns upside-down. But Nick is good in what he does for the mortgage.","release_date":"2006-03-17","poster_path":"/v8PKsbAGIvAhKbbRUjdQ3jgFD2S.jpg","popularity":0.389185,"title":"Thank You for Smoking","video":false,"vote_average":7.0,"vote_count":177},{"adult":false,"backdrop_path":"/qmERQjNTQ8HhBi5dxwv8BNzrOX.jpg","genre_ids":[18,10749],"id":38684,"original_language":"en","original_title":"Jane Eyre","overview":"After a bleak childhood, Jane Eyre goes out into the world to become a governess. As she lives happily in her new position at Thornfield Hall, she meet the dark, cold, and abrupt master of the house, Mr. Rochester. Jane and her employer grow close in friendship and she soon finds herself falling in love with him. Happiness seems to have found Jane at last, but could Mr. Rochester's terrible secret be about to destroy it forever?","release_date":"2011-03-11","poster_path":"/jINBiay4lfGyIaQUI0fpyvE5BBk.jpg","popularity":0.807723,"title":"Jane Eyre","video":false,"vote_average":7.0,"vote_count":88},{"adult":false,"backdrop_path":"/mjBjhotXUWc0EFZ5sswu7cu12Sp.jpg","genre_ids":[12,14,10751],"id":767,"original_language":"en","original_title":"Harry Potter and the Half-Blood Prince","overview":"The sixth year at Hogwarts School of Witchcraft and Wizardry kicks off with a bang for young Harry Potter when he inadvertently discovers a mysterious book that sheds light on the sordid life of the evil Lord Voldemort. Preparing for inevitable battle, Harry and Dumbledore turn to professor Horace Slughorn for help in pinpointing the weakness in Voldemort's forces.","release_date":"2009-07-07","poster_path":"/bFXys2nhALwDvpkF3dP3Vvdfn8b.jpg","popularity":2.47139,"title":"Harry Potter and the Half-Blood Prince","video":false,"vote_average":7.0,"vote_count":2024},{"adult":false,"backdrop_path":"/t5KONotASgVKq4N19RyhIthWOPG.jpg","genre_ids":[28,12,878,53],"id":135397,"original_language":"en","original_title":"Jurassic World","overview":"Twenty-two years after the events of Jurassic Park, Isla Nublar now features a fully functioning dinosaur theme park, Jurassic World, as originally envisioned by John Hammond.","release_date":"2015-06-12","poster_path":"/uXZYawqUsChGSj54wcuBtEdUJbh.jpg","popularity":40.933627,"title":"Jurassic World","video":false,"vote_average":7.0,"vote_count":1854},{"adult":false,"backdrop_path":"/kicduIe2pMRsLYZf3ZTn98uZyC7.jpg","genre_ids":[28,18,53],"id":2100,"original_language":"en","original_title":"The Last Castle","overview":"A Court Martialed general rallies together 1200 inmates to rise against the system that put him away.","release_date":"2001-10-19","poster_path":"/tfbZvbK3mVNcgsYwC0Npj96GRux.jpg","popularity":2.494163,"title":"The Last Castle","video":false,"vote_average":7.0,"vote_count":74},{"adult":false,"backdrop_path":"/A1S9fBzc4Wepc6onnCd9eVR2FLp.jpg","genre_ids":[28,80,18,53],"id":2034,"original_language":"en","original_title":"Training Day","overview":"On his first day on the job as a narcotics officer, a rookie cop works with a rogue detective who isn't what he appears.","release_date":"2001-10-05","poster_path":"/sDT2biSB7wzBJdXq9o3ldr7VfvY.jpg","popularity":1.254324,"title":"Training Day","video":false,"vote_average":7.0,"vote_count":519},{"adult":false,"backdrop_path":"/cGJPUfz4lWB3N9WBxrpHJmDTIG0.jpg","genre_ids":[18,53],"id":11368,"original_language":"en","original_title":"Blood Simple","overview":"A rich but jealous man hires a private investigator to kill his cheating wife and her new man. But, when blood is involved, nothing is simple.","release_date":"1984-09-07","poster_path":"/lzck6UDR5xlSaCUI3lEznubU9Ij.jpg","popularity":1.66073,"title":"Blood Simple","video":false,"vote_average":7.0,"vote_count":61},{"adult":false,"backdrop_path":"/2NKBHDZOT0NlhhT5ZEc5jamaUhX.jpg","genre_ids":[35,80],"id":378,"original_language":"en","original_title":"Raising Arizona","overview":"The Coen Brothers tell the story of a absurd yet likable family with an unproductive couple as the focal point. The couple has gotten themselves into some trouble while kidnapping a baby and give Hollywood one of the most memorable chase scenes to date.","release_date":"1987-03-01","poster_path":"/btzzZ3RV9ypuGT2j4Ft72xI013F.jpg","popularity":1.540387,"title":"Raising Arizona","video":false,"vote_average":7.0,"vote_count":117},{"adult":false,"backdrop_path":"/9XslOpki9QEFDfOHLzaQLJqx8Xl.jpg","genre_ids":[35,80,9648],"id":9749,"original_language":"en","original_title":"Fletch","overview":"Fletch is an ace reporter. While working on a story on Drug sales, he is approached by Alan Stanwyck who wants Fletch to murder him to save him from a lingering cancer death. Fletch begins to nose around and finds irregularities in Stanwyck's past and Underhill's Visa Number.","release_date":"1985-05-31","poster_path":"/t8VjThRC6uKvjR5jVlhj5bBBUUy.jpg","popularity":1.527848,"title":"Fletch","video":false,"vote_average":7.0,"vote_count":56},{"adult":false,"backdrop_path":"/bJMPdI1EfzkLPrgbBCCYrBXBY49.jpg","genre_ids":[12,35,10751],"id":11176,"original_language":"en","original_title":"The Muppet Movie","overview":"Kermit the Frog is persuaded by agent Dom DeLuise to pursue a career in Hollywood. Along the way, Kermit picks up Fozzie Bear, Miss Piggy, Gonzo, and a motley crew of other Muppets with similar aspirations. Meanwhile, Kermit must elude the grasp of a frog-leg restaurant magnate.","release_date":"1979-05-31","poster_path":"/48Ve7uLDcPJFGaDnmYYdcV3Ve1M.jpg","popularity":0.283797,"title":"The Muppet Movie","video":false,"vote_average":7.0,"vote_count":53},{"adult":false,"backdrop_path":"/rmgxcw8tGTmdhsWqdjGBS9uI1tO.jpg","genre_ids":[16,35,10751],"id":93456,"original_language":"en","original_title":"Despicable Me 2","overview":"Gru is recruited by the Anti-Villain League to help deal with a powerful new super criminal.","release_date":"2013-07-03","poster_path":"/agFUPjNeF9hk0NXATUkJYYznzJ9.jpg","popularity":4.674119,"title":"Despicable Me 2","video":false,"vote_average":7.0,"vote_count":2613}],"total_pages":180,"total_results":3596}
