{"page":46,"results":[{"adult":false,"backdrop_path":"/cSaXqhEIAXK6sVKMoGvxuhEYDe4.jpg","genre_ids":[18],"id":64685,"original_language":"en","original_title":"Extremely Loud & Incredibly Close","overview":"A year after his father's death, Oskar, a troubled young boy, discovers a mysterious key he believes was left for him by his father and embarks on a scavenger hunt to find the matching lock.","release_date":"2011-12-24","poster_path":"/EEf53z7xAUZzUHA5KVHVVLwgnQ.jpg","popularity":1.932686,"title":"Extremely Loud & Incredibly Close","video":false,"vote_average":6.9,"vote_count":271},{"adult":false,"backdrop_path":"/gti33Idw0SqTH6wFzRlGmdjnLxs.jpg","genre_ids":[18,10402,10749],"id":69,"original_language":"en","original_title":"Walk the Line","overview":"A chronicle of country music legend Johnny Cash's life, from his early days on an Arkansas cotton farm to his rise to fame with Sun Records in Memphis, where he recorded alongside Elvis Presley, Jerry Lee Lewis and Carl Perkins.","release_date":"2005-09-13","poster_path":"/nUsaYt9Wk4fVP8jp1ncfQe7Io7t.jpg","popularity":0.833149,"title":"Walk the Line","video":false,"vote_average":6.9,"vote_count":234},{"adult":false,"backdrop_path":"/kV0wiMw24cgac7BqcppgkmUSGIw.jpg","genre_ids":[12,18,28,36],"id":665,"original_language":"en","original_title":"Ben-Hur","overview":"Ben-Hur is a 1959 epic film directed by William Wyler, the third film version of Lew Wallace's 1880 novel Ben-Hur: A Tale of the Christ. It premiered at Loew's State Theatre in New York City on November 18, 1959. The film went on to win a record of eleven Academy Awards, including Best Picture, a feat equaled only by Titanic in 1998 and The Lord of the Rings: The Return of the King in 2004. It was also the last film to win the Oscar for both Best Actor and Best Supporting Actor, until nearly 44 years later when Mystic River achieved the same feat.The movie revolves around a Jewish prince who is betrayed and sent into slavery by a Roman friend and how he regains his freedom and comes back for revenge.","release_date":"1959-11-18","poster_path":"/syPMBvvZsADTTRu3UKuxO1Wflq.jpg","popularity":2.49039,"title":"Ben-Hur","video":false,"vote_average":6.9,"vote_count":192},{"adult":false,"backdrop_path":"/lSPsevGgWT3Rqc9OMTyeEsZsOpf.jpg","genre_ids":[18,80,53],"id":470,"original_language":"en","original_title":"21 Grams","overview":"This is the story of three gentle persons: Paul Rivers an ailing mathematician lovelessly married to an English émigré, Christina Peck, an upper-middle-class suburban housewife, happily married and mother of two little girls, and Jack Jordan, an ex-convict who has found in his Christian faith the strength to raise a family. They will be brought together by a terrible accident that will change their lives. By the final frame, none of them will be the same as they will learn harsh truths about love, faith, courage, desire and guilt, and how chance can change our worlds irretrievably, forever.","release_date":"2003-11-21","poster_path":"/Aps7GzrYiJZKHNT524Rsg4jaXej.jpg","popularity":2.496029,"title":"21 Grams","video":false,"vote_average":6.9,"vote_count":283},{"adult":false,"backdrop_path":"/nHUgWsYFyDOKYf2AsDdHHlHmRtJ.jpg","genre_ids":[18,53,10752],"id":9075,"original_language":"en","original_title":"Zwartboek","overview":"In the Nazi-occupied Netherlands during World War II, a Jewish singer infiltrates the regional Gestapo headquarters for the Dutch resistance.","release_date":"2006-09-13","poster_path":"/mvQj4ckJL7jP5MerFMnoONKjkHq.jpg","popularity":2.619738,"title":"Black Book","video":false,"vote_average":6.9,"vote_count":82},{"adult":false,"backdrop_path":"/9ISArgiVBdNLASKmvflRDMOYYMj.jpg","genre_ids":[53,9648,878],"id":51876,"original_language":"en","original_title":"Limitless","overview":"A paranoia-fuelled action thriller about an unsuccessful writer whose life is transformed by a top-secret \"smart drug\" that allows him to use 100% of his brain and become a perfect version of himself. His enhanced abilities soon attract shadowy forces that threaten his new life in this darkly comic and provocative film.","release_date":"2011-03-08","poster_path":"/bQfOFEeXxi51ijQrbQY9qvMtYhZ.jpg","popularity":4.113937,"title":"Limitless","video":false,"vote_average":6.9,"vote_count":1412},{"adult":false,"backdrop_path":"/yF9csWckyyjK27ufu788yZg3Hba.jpg","genre_ids":[28,53,37],"id":223485,"original_language":"en","original_title":"Slow West","overview":"Set at the end of the 19th Century, SLOW WEST is an American western filtered through the eyes of European filmmaking. The story centers on 17-year-old Jay Cavendish (Kodi Smit-McPhee) who has travelled from Scotland to Colorado to be reunited with the woman with whom he is infatuated. He is quickly confronted by the dangers of the frontier and so teams up with a mysterious traveller named Silas (Michael Fassbender), who agrees to protect him for cash. Jay's journey is fraught with danger, double-crossing, and violence as he comes to realize that America is not easy on the innocent.","release_date":"2015-04-16","poster_path":"/4d4rl3MzxC8lkXTq8XBOCZfaYmp.jpg","popularity":1.688802,"title":"Slow West","video":false,"vote_average":6.8,"vote_count":51},{"adult":false,"backdrop_path":"/m1jIh3e9cVLpXrM8ju3kA0etPG6.jpg","genre_ids":[27,53,9648],"id":10226,"original_language":"fr","original_title":"Haute tension","overview":"French college students, Marie and Alex, go to Alex's farmhouse to study for their exams without distractions. While settling in, a man breaks into the home and brutally murders Alex's family while Marie tries to hide herself. When the killer kidnaps Alex, Marie follows him, attempting to save her friend.","release_date":"2003-06-18","poster_path":"/yCjU4kFqXNVeoxHqMy8TaGscpjI.jpg","popularity":2.045532,"title":"High Tension","video":false,"vote_average":6.9,"vote_count":59},{"adult":false,"backdrop_path":"/q29p6YAp7QMmH3fKyxaVRluyW7Q.jpg","genre_ids":[35,18,10751],"id":962,"original_language":"en","original_title":"The Gold Rush","overview":"A lone prospector ventures into Alaska looking for gold. He gets mixed up with some burly characters and falls in love with the beautiful Georgia. He tries to win her heart with his singular charm.","release_date":"1925-06-26","poster_path":"/5TI6iida487FB4W8pBydAeQijfQ.jpg","popularity":0.418784,"title":"The Gold Rush","video":false,"vote_average":6.9,"vote_count":59},{"adult":false,"backdrop_path":"/mn1GTWYUpWs7jQnI6C0PJsqa8UI.jpg","genre_ids":[18,10749,10752],"id":409,"original_language":"en","original_title":"The English Patient","overview":"The filmed version of the novel by Michael Ondaatje of the same name. This film tells of love stories during the turbulent times of World War 2. Director Anthony Minghella films the biography of Ladislaus Almasy.","release_date":"1996-11-14","poster_path":"/niqc0v3Lclh99Mmmxm49qZTIo2e.jpg","popularity":2.011477,"title":"The English Patient","video":false,"vote_average":6.9,"vote_count":131},{"adult":false,"backdrop_path":"/fgg7X0WjO5uv4jvLmFG2Di917pK.jpg","genre_ids":[35,18,9648,53],"id":121875,"original_language":"fr","original_title":"Dans la maison","overview":"A sixteen-year-old boy insinuates himself into the house of a fellow student from his literature class and writes about it in essays for his French teacher. Faced with this gifted and unusual pupil, the teacher rediscovers his enthusiasm for his work, but the boy’s intrusion will unleash a series of uncontrollable events.","release_date":"2012-10-08","poster_path":"/4qAnWMNKUadx10jlCrkRAAuT4bN.jpg","popularity":2.065765,"title":"In the House","video":false,"vote_average":6.9,"vote_count":81},{"adult":false,"backdrop_path":"/6sLQFh6VFxU8nIkVaYg2yyJ6FL.jpg","genre_ids":[80,18,53],"id":388,"original_language":"en","original_title":"Inside Man","overview":"An efficient gang enters a Manhattan bank, locks the doors, and takes hostages. They work deliberately, without haste. Detective Frazier is assigned to negotiate, but his mind is occupied with the corruption charges he is facing. With an army of police surrounding the bank, the thief, the cop, and the plutocrat's fixer enter high-stakes negotiations. Why are the robbers asking for a plane, if they are so competent and they know they won't get one? Why aren't they in more of a hurry?","release_date":"2006-03-24","poster_path":"/z6wYRuvk1lf60R4SmWETfdUvGsm.jpg","popularity":2.026717,"title":"Inside Man","video":false,"vote_average":6.9,"vote_count":479},{"adult":false,"backdrop_path":"/judO4PDEDK8rktdCRpqjtKilvm8.jpg","genre_ids":[35,18],"id":10707,"original_language":"en","original_title":"The Squid and the Whale","overview":"Based on the true childhood experiences of Noah Baumbach and his brother, The Squid and the Whale tells the touching story of two young boys dealing with their parents divorce in Brooklyn in the 1980's.","release_date":"2005-10-05","poster_path":"/r5J5I04v6SwliQTstkmC72HaQV7.jpg","popularity":1.320533,"title":"The Squid and the Whale","video":false,"vote_average":6.9,"vote_count":58},{"adult":false,"backdrop_path":"/mQDsTjzdyxTfJSe1I4MGTG45JsL.jpg","genre_ids":[35],"id":9900,"original_language":"en","original_title":"Grandma's Boy","overview":"Even though he's 35, Alex acts more like he's 13, spending his days as the world's oldest video game tester and his evenings developing the next big Xbox game. But he gets kicked out of his apartment and is forced to move in with his grandmother.","release_date":"2006-01-06","poster_path":"/9Z0Q9uIH4il75dfPVqFhVKljfY.jpg","popularity":0.49332,"title":"Grandma's Boy","video":false,"vote_average":6.9,"vote_count":74},{"adult":false,"backdrop_path":"/kQzcHOxcjZ8hG0bF0tMNPghAFe0.jpg","genre_ids":[35],"id":8363,"original_language":"en","original_title":"Superbad","overview":"High school best buddies are facing separation anxiety as they prepare to go off to college. While attempting to score alcohol for a party with help from their fake ID-toting friend, \"McLovin\", the guys' evening takes a turn into chaotic territory.","release_date":"2007-08-17","poster_path":"/qxjq6uNSHBBVl8phdXsyVw2GJei.jpg","popularity":2.197815,"title":"Superbad","video":false,"vote_average":6.9,"vote_count":590},{"adult":false,"backdrop_path":"/ghqjoy3R6tkzE69rdIvvaK6v5o5.jpg","genre_ids":[14,35],"id":4011,"original_language":"en","original_title":"Beetlejuice","overview":"Thanks to an untimely demise via drowning, a young couple end up as poltergeists in their New England farmhouse, where they fail to meet the challenge of scaring away the insufferable new owners, who want to make drastic changes. In desperation, the undead newlyweds turn to an expert frightmeister, but he's got a diabolical agenda of his own.","release_date":"1988-03-30","poster_path":"/9QWgpkxjs9Pcb5JfWIw37lL6vYd.jpg","popularity":2.269938,"title":"Beetlejuice","video":false,"vote_average":6.9,"vote_count":411},{"adult":false,"backdrop_path":"/98jCUTFnZdQfICBsi9dZXcIEi8L.jpg","genre_ids":[18,10749],"id":4347,"original_language":"en","original_title":"Atonement","overview":"Fledgling writer Briony Tallis, as a 13-year-old, irrevocably changes the course of several lives when she accuses her older sister's lover of a crime he did not commit. Based on the British romance novel by Ian McEwan.","release_date":"2007-08-29","poster_path":"/quaWuwYZd8IbZMCOhW3CZEvyCWJ.jpg","popularity":2.517328,"title":"Atonement","video":false,"vote_average":6.9,"vote_count":261},{"adult":false,"backdrop_path":"/i5BVAFExVw7IyohdXF8sUcP3Ha0.jpg","genre_ids":[37],"id":11697,"original_language":"en","original_title":"The Man Who Shot Liberty Valance","overview":"A senator, who became famous for killing a notorious outlaw, returns for the funeral of an old friend and tells the truth about his deed.","release_date":"1962-04-22","poster_path":"/yDNYnSMbbIxgy1u2aUIzQPkuu0l.jpg","popularity":1.21156,"title":"The Man Who Shot Liberty Valance","video":false,"vote_average":6.9,"vote_count":77},{"adult":false,"backdrop_path":"/paHvFDm2uLTzVXpb59fsuJCz89b.jpg","genre_ids":[18,9648],"id":9270,"original_language":"en","original_title":"Brick","overview":"A teenage loner pushes his way into the underworld of a high school crime ring to investigate the disappearance of his ex-girlfriend.","release_date":"2006-03-31","poster_path":"/hyALqQpaTv0GGV4axqePihEmCY8.jpg","popularity":2.114724,"title":"Brick","video":false,"vote_average":6.9,"vote_count":93},{"adult":false,"backdrop_path":"/7rgmxIgzN9yI8LnyJIvTVSN8sMK.jpg","genre_ids":[18,10749],"id":97365,"original_language":"en","original_title":"De rouille et d'os","overview":"Put in charge of his young son, Ali leaves Belgium for Antibes to live with his sister and her husband as a family. Ali's bond with Stephanie, a killer whale trainer, grows deeper after Stephanie suffers a horrible accident.","release_date":"2012-05-17","poster_path":"/cHCwW8xPl8yPKQwpNzKVinwvirT.jpg","popularity":0.6732,"title":"Rust and Bone","video":false,"vote_average":6.9,"vote_count":130}],"total_pages":180,"total_results":3596}
