{"page":5,"results":[{"adult":false,"backdrop_path":"/wtwn4pSFZhm665cQIHFmBjmgMEC.jpg","genre_ids":[878,16],"id":149,"original_language":"ja","original_title":"Akira","overview":"Childhood friends Tetsuo and Kaneda are pulled into the post-apocalyptic underworld of Neo-Tokyo and forced to fight for their very survival. Kaneda is a bike gang leader, and Tetsuo is a member of a tough motorcycle crew who becomes involved in a covert government project called Akira. But a bloody battle ensues when Kaneda sets out to save his friend.","release_date":"1988-07-16","poster_path":"/8Pt7hlu7fkc5IIR0VZ2kNGY8sT4.jpg","popularity":1.734718,"title":"Akira","video":false,"vote_average":7.8,"vote_count":271},{"adult":false,"backdrop_path":"/xDmdjsQ2XVQCYUrnyZXwO7QzLd7.jpg","genre_ids":[35,18,10749],"id":901,"original_language":"en","original_title":"City Lights","overview":"City Lights is the first silent film that Charlie Chaplin directed after he established himself with sound accompanied films. The film is about a penniless man who falls in love with a flower girl. The film was a great success and today is deemed a cult classic.","release_date":"1931-01-30","poster_path":"/qe7K3h5JHAPKe7Z6AZpIxpbsv47.jpg","popularity":0.737419,"title":"City Lights","video":false,"vote_average":7.8,"vote_count":106},{"adult":false,"backdrop_path":"/9yk0H7FahcXbcniyoFvfd0Q206y.jpg","genre_ids":[35,80,18],"id":1023,"original_language":"da","original_title":"Adams æbler","overview":"A neo-nazi sentenced to community service at a church clashes with the blindly devotional priest.","release_date":"2005-04-15","poster_path":"/ysLgwV21cnoI9nkWIvdZWqJuwjE.jpg","popularity":1.497823,"title":"Adam's Apples","video":false,"vote_average":7.8,"vote_count":61},{"adult":false,"backdrop_path":"/mGN0lH2phYfesyEVqP2xvGUaxAQ.jpg","genre_ids":[80,18,53],"id":101,"original_language":"fr","original_title":"Léon","overview":"Leon, the top hit man in New York, has earned a rep as an effective \"cleaner\". But when his next-door neighbors are wiped out by a loose-cannon DEA agent, he becomes the unwilling custodian of 12-year-old Mathilda. Before long, Mathilda's thoughts turn to revenge, and she considers following in Leon's footsteps.","release_date":"1994-09-14","poster_path":"/gE8S02QUOhVnAmYu4tcrBlMTujz.jpg","popularity":3.190513,"title":"Leon: The Professional","video":false,"vote_average":7.8,"vote_count":1443},{"adult":false,"backdrop_path":"/xzqwxyQlhbdnnSpFbBpuDhdVZ92.jpg","genre_ids":[18],"id":7345,"original_language":"en","original_title":"There Will Be Blood","overview":"When Daniel Plainview - a ruthless oil prospector - learns of oil-rich land in California that can be bought cheaply, he moves his operation there and begins manipulating and exploiting the local landowners into selling him their property. Using his young adopted son H.W. to project the image of a caring family man, Plainview gains the cooperation of almost all the locals with lofty promises to build schools and cultivate the land to make their community flourish. Over time, Plainview's gradual accumulation of wealth and power causes his true self to surface, and he begins to slowly alienate himself from everyone in his life.","release_date":"2007-12-28","poster_path":"/bFgqkuAFBHNuq0oTtewHwuLVWSO.jpg","popularity":1.174659,"title":"There Will Be Blood","video":false,"vote_average":7.8,"vote_count":380},{"adult":false,"backdrop_path":"/qKIldRZ3jy3uGWdrNIt3P7QA5J3.jpg","genre_ids":[28,12,16,14,878],"id":81,"original_language":"en","original_title":"風の谷のナウシカ","overview":"Nausicaä, a gentle young princess, has an empathetic bond with the giant mutated insects that evolved in the wake of the destruction of the ecosystem. Traveling by cumbersome flying ship, on the backs of giant birds, and perched atop her beloved glider, Nausicaä and her allies must negotiate peace between kingdoms battling over the last of the world's precious natural resources.","release_date":"1984-03-11","poster_path":"/y2rl0OkMfZHpBaQYPfSJmLMOxwp.jpg","popularity":1.407819,"title":"Nausicaä of the Valley of the Wind","video":false,"vote_average":7.8,"vote_count":314},{"adult":false,"backdrop_path":"/86yhBiDcxe2Psicwn82QMD7cHlM.jpg","genre_ids":[18,53],"id":582,"original_language":"de","original_title":"Das Leben der Anderen","overview":"A tragic love story set in East Berlin with the backdrop of an undercover Stasi controlled culture. Stasi captain Wieler is ordered to follow author Dreyman and plunges deeper and deeper into his life until he reaches the threshold of doubting the system.","release_date":"2006-03-15","poster_path":"/6kxCD1v4yi61cOuGk5iYKjQisp.jpg","popularity":2.621052,"title":"The Lives of Others","video":false,"vote_average":7.8,"vote_count":330},{"adult":false,"backdrop_path":"/14qGZyC10dSWadsNuctFEM1QqHZ.jpg","genre_ids":[28,80,18,53],"id":832,"original_language":"en","original_title":"M","overview":"A psychotic child murderer stalks a city. Despite an exhaustive investigation fueled by public hysteria and outcry, the police have been unable to find him. The police crackdown makes it nearly impossible for the organized criminal underground to operate. The criminals decide that the only way to get the police off their backs is to catch the murderer themselves.","release_date":"1931-05-11","poster_path":"/7a1Wx3gI13I1Svrme94DfbzxMHo.jpg","popularity":1.255713,"title":"M","video":false,"vote_average":7.8,"vote_count":113},{"adult":false,"backdrop_path":"/wDWPuqhgZ0INvqHsyLa470xeabT.jpg","genre_ids":[16,28],"id":142061,"original_language":"en","original_title":"Batman: The Dark Knight Returns, Part 2","overview":"Batman has stopped the reign of terror that The Mutants had cast upon his city.  Now an old foe wants a reunion and the government wants The Man of Steel to put a stop to Batman.","release_date":"2013-01-29","poster_path":"/wPeorCnD9MRR2S9Dzh4OpIgNLiv.jpg","popularity":2.285259,"title":"Batman: The Dark Knight Returns, Part 2","video":false,"vote_average":7.8,"vote_count":175},{"adult":false,"backdrop_path":"/tbhdm8UJAb4ViCTsulYFL3lxMCd.jpg","genre_ids":[53,28,12],"id":76341,"original_language":"en","original_title":"Mad Max: Fury Road","overview":"An apocalyptic story set in the furthest reaches of our planet, in a stark desert landscape where humanity is broken, and most everyone is crazed fighting for the necessities of life. Within this world exist two rebels on the run who just might be able to restore order. There's Max, a man of action and a man of few words, who seeks peace of mind following the loss of his wife and child in the aftermath of the chaos. And Furiosa, a woman of action and a woman who believes her path to survival may be achieved if she can make it across the desert back to her childhood homeland.","release_date":"2015-05-15","poster_path":"/kqjL17yufvn9OVLyXYpvtyrFfak.jpg","popularity":25.811701,"title":"Mad Max: Fury Road","video":false,"vote_average":7.8,"vote_count":1656},{"adult":false,"backdrop_path":"/aCIOTvmk8jOTJn0BxlrRNV67lQI.jpg","genre_ids":[35,18,878],"id":297222,"original_language":"hi","original_title":"PK","overview":"This experimental satire is a comedy of ideas about an alien in the city, who asks questions that no one has asked before. They are innocent, child-like questions, but they bring about catastrophic answers. People who are set in their ways for generations, are forced to reappraise their world when they see it from PK's innocent eyes. In the process PK makes loyal friends and powerful foes, mends broken lives and angers the establishment. PK's childlike curiosity transforms into a spiritual odyssey for him and millions of others. This offbeat, experimental drama is an ambitious and uniquely original exploration of complex philosophies. It is also a simple and humane tale of love, laughter and letting-go. Finally, it is a moving saga about a friendship between strangers from worlds apart.","release_date":"2014-12-19","poster_path":"/dWUqNMxL2fMu1PlnRFLKvURi4rk.jpg","popularity":3.230814,"title":"PK","video":false,"vote_average":7.8,"vote_count":80},{"adult":false,"backdrop_path":"/mHKG3hvbqevNcZCvWzoY9svUzc4.jpg","genre_ids":[18,10749],"id":26022,"original_language":"en","original_title":"My Name Is Khan","overview":"Rizwan Khan, a Muslim from the Borivali section of Mumbai, suffers from Asperger's syndrome, a form of high-functioning autism that complicates socialization. The adult Rizwan marries a Hindu single mother, Mandira, in San Francisco. After 9/11, Rizwan is detained by authorities at LAX who mistake his disability for suspicious behavior.","release_date":"2010-02-12","poster_path":"/ipMQOfE4juN3FQh7uL1os1rwYRs.jpg","popularity":2.01442,"title":"My Name Is Khan","video":false,"vote_average":7.8,"vote_count":71},{"adult":false,"backdrop_path":"/cLGKawjQ5tUJCuDyR0OnGYT4fyf.jpg","genre_ids":[80,18,53],"id":146233,"original_language":"en","original_title":"Prisoners","overview":"When Keller Dover's daughter and her friend go missing, he takes matters into his own hands as the police pursue multiple leads and the pressure mounts. But just how far will this desperate father go to protect his family?","release_date":"2013-09-21","poster_path":"/yAhqW57pwMAsCgmZpM5zSIVQVTh.jpg","popularity":3.317757,"title":"Prisoners","video":false,"vote_average":7.8,"vote_count":965},{"adult":false,"backdrop_path":"/orynci7ZQ2sq8P9xCfn6byBuXCg.jpg","genre_ids":[14,18],"id":13363,"original_language":"en","original_title":"The Man from Earth","overview":"An impromptu goodbye party for Professor John Oldman becomes a mysterious interrogation after the retiring scholar reveals to his colleagues he never ages and has walked the earth for 14,000 years.","release_date":"2007-06-10","poster_path":"/iMpsEbJ86IICI2qgADYtP9HvWTL.jpg","popularity":2.823041,"title":"The Man from Earth","video":false,"vote_average":7.8,"vote_count":214},{"adult":false,"backdrop_path":"/AhFA76jQDkqnFu1rTNCIkwL1wMu.jpg","genre_ids":[18],"id":103663,"original_language":"da","original_title":"Jagten","overview":"A teacher lives a lonely life, all the while struggling over his son’s custody. His life slowly gets better as he finds love and receives good news from his son, but his new luck is about to be brutally shattered by an innocent little lie.","release_date":"2012-10-25","poster_path":"/hD42EDHLap5UVmv9CZrUiTxH3rY.jpg","popularity":1.332338,"title":"The Hunt","video":false,"vote_average":7.8,"vote_count":282},{"adult":false,"backdrop_path":"/v8k6ZKOIs2aFhGajSPuGej9OJDh.jpg","genre_ids":[35,18,53],"id":265195,"original_language":"es","original_title":"Relatos salvajes","overview":"A story about love deception, the return of the past, a tragedy, or even the violence contained in an everyday detail, appear themselves to push them towards the abyss, into the undeniable pleasure of losing control.","release_date":"2014-08-21","poster_path":"/idBELLgvTJ7ZiZ88B1EuVaXYlpO.jpg","popularity":3.120504,"title":"Wild Tales","video":false,"vote_average":7.8,"vote_count":228},{"adult":false,"backdrop_path":"/rR479zn26lJp4vNxXKjfBVCHLAW.jpg","genre_ids":[18,36],"id":1955,"original_language":"en","original_title":"The Elephant Man","overview":"A Victorian surgeon rescues a heavily disfigured man being mistreated by his \"owner\" as a side-show freak. Behind his monstrous facade, there is revealed a person of great intelligence and sensitivity. Based on the true story  of Joseph Merrick (called John Merrick in the film), a severely deformed man in 19th century London.","release_date":"1980-10-03","poster_path":"/3eQ28JtPB9SsmyVSsLFAQwQWEmW.jpg","popularity":1.041861,"title":"The Elephant Man","video":false,"vote_average":7.8,"vote_count":166},{"adult":false,"backdrop_path":"/qGxbbCoQsamrmtrsoowU7KfGPVF.jpg","genre_ids":[18],"id":7508,"original_language":"hi","original_title":"Taare Zameen Par","overview":"Ishaan Awasthi is an eight-year-old whose world is filled with wonders that no one else seems to appreciate; colours, fish, dogs and kites are just not important in the world of adults, who are much more interested in things like homework, marks and neatness. Ishaan just cannot seem to get anything right in class. He is then sent off to boarding school, where his life is about to change forever.","release_date":"2007-12-21","poster_path":"/ebtgPtzuVzNEbswKKvIjpBe6QYH.jpg","popularity":1.512149,"title":"Like Stars on Earth","video":false,"vote_average":7.8,"vote_count":52},{"adult":false,"backdrop_path":"/xUR95VFV1UTyzS1C8Lj06hi2n2M.jpg","genre_ids":[18,10752],"id":423,"original_language":"en","original_title":"The Pianist","overview":"The Pianist is a film adapted from the biography of Wladyslaw Szpilman. A Jewish-Polish pianist who during the second world war lived and hid miraculously in Warsaw after having gone through a terrible tragedy. A film from Roman Polanski.","release_date":"2002-09-24","poster_path":"/iunmxWkOi7Vk17Ob3G2HwwjgHsr.jpg","popularity":3.20796,"title":"The Pianist","video":false,"vote_average":7.8,"vote_count":465},{"adult":false,"backdrop_path":"/lQPMBJ1rm9Qk0cHd1C1lAbJcXJj.jpg","genre_ids":[80,18],"id":475,"original_language":"en","original_title":"Bonnie and Clyde","overview":"Bonnie and Clyde is based on the true stories of the gangster pair Bonnie Parker and Clyde Barrow who in the 1930s began robbing banks in U.S. cities until they were eventually killed. The film is a major landmark in the aesthetic movement known as the New Hollywood.","release_date":"1967-08-04","poster_path":"/isuVmlzVtJVUqySAmkjLB4kXdNm.jpg","popularity":1.594147,"title":"Bonnie and Clyde","video":false,"vote_average":7.8,"vote_count":68}],"total_pages":180,"total_results":3596}
