{"page":61,"results":[{"adult":false,"backdrop_path":"/ramtKRAgXSU2UJZrvVEgtVlOa8C.jpg","genre_ids":[28,12,18,10752],"id":1251,"original_language":"en","original_title":"Letters from Iwo Jima","overview":"The story of the battle of Iwo Jima between the United States and Imperial Japan during World War II, as told from the perspective of the Japanese who fought it.","release_date":"2006-12-19","poster_path":"/nWJJqOryTQOmVXvKUkLcEETUHgT.jpg","popularity":2.233774,"title":"Letters from Iwo Jima","video":false,"vote_average":6.7,"vote_count":160},{"adult":false,"backdrop_path":"/QHlIf8JgLDOMpEOeuraSKTTjkJ.jpg","genre_ids":[80,18,53,10749],"id":9281,"original_language":"en","original_title":"Witness","overview":"A sheltered Amish child is the sole witness of a brutal murder in a restroom at a Philadelphia train station, and he must be protected.  The assignment falls to a taciturn detective who goes undercover in a Pennsylvania Dutch community. On the farm, he slowly assimilates despite his urban grit and forges a romantic bond with the child's beautiful mother.","release_date":"1985-02-08","poster_path":"/pQZa314NJP3ieMAj6CgPI1v7nUY.jpg","popularity":0.324414,"title":"Witness","video":false,"vote_average":6.7,"vote_count":83},{"adult":false,"backdrop_path":"/6HbOqP1GUElNLdX8Bx2uP542CIP.jpg","genre_ids":[28,53,878,9648],"id":180,"original_language":"en","original_title":"Minority Report","overview":"John Anderton is a top \"Precrime\" cop in the late-21st century, when technology can predict crimes before they're committed. But Anderton becomes the quarry when another investigator targets him for a murder charge. Can Anderton find a glitch in the system and prove his innocence before it's too late?","release_date":"2002-06-20","poster_path":"/h3lpltSn7Rj1eYTPQO1lYGdw4Bz.jpg","popularity":4.64518,"title":"Minority Report","video":false,"vote_average":6.7,"vote_count":996},{"adult":false,"backdrop_path":"/yFtr1BD7AHeruIm9jsVnoebEN2v.jpg","genre_ids":[14,12,16,10751,35],"id":170687,"original_language":"en","original_title":"The Boxtrolls","overview":"The Boxtrolls is a comedic fable that unfolds in Cheesebridge, a posh Victorian-era town obsessed with wealth, class and the stinkiest of fine cheeses. Beneath its charming cobblestone streets dwell the Boxtrolls, foul monsters who crawl out of the sewers at night and steal what the townspeople hold most dear: their children and their cheeses. At least that’s the legend residents have always believed. In truth, the Boxtrolls are an underground cavern-dwelling community of quirky and lovable oddballs who wear recycled cardboard boxes the way turtles wear their shells. The Boxtrolls have raised an orphaned human boy since infancy as one of their dumpster-diving and mechanical junk-collecting own. When the Boxtrolls are targeted by a villainous pest exterminator who is bent on eradicating them as his ticket to Cheesebridge society, the kind-hearted band of tinkerers must turn to their adopted charge and an adventurous rich girl to bridge two worlds amidst the winds of change – and cheese.","release_date":"2014-09-26","poster_path":"/82BWSf1NfCm18ZJtAOIym1QRd24.jpg","popularity":3.167258,"title":"The Boxtrolls","video":false,"vote_average":6.7,"vote_count":255},{"adult":false,"backdrop_path":"/qSjaK9gzDUlL4beeexXwliWqSCX.jpg","genre_ids":[35,10749,18],"id":639,"original_language":"en","original_title":"When Harry Met Sally...","overview":"Will sex ruin a perfect relationship between a man and a woman? that's what Harry (Billy Crystal) and Sally (Meg Ryan) debate during their travels from Chicago to New York. And eleven years and later, they're still no closer to finding the answer. Will these two best friends ever accept that they're meant for each other...or will they continue to deny the attraction that's existed since the first moment When Harry Met Sally?","release_date":"1989-07-12","poster_path":"/anYI1fzx90PgjO9PY3JStJZJmQT.jpg","popularity":2.39053,"title":"When Harry Met Sally...","video":false,"vote_average":6.7,"vote_count":226},{"adult":false,"backdrop_path":"/5SmEl42nLab7WOVpvbPuVKmy4uK.jpg","genre_ids":[14,18,9648],"id":297,"original_language":"en","original_title":"Meet Joe Black","overview":"When the grim reaper comes to collect the soul of megamogul Bill Parrish, he arrives with a proposition: Host him for a \"vacation\" among the living in trade for a few more days of existence. Parrish agrees, and using the pseudonym Joe Black, Death begins taking part in Parrish's daily agenda and falls in love with the man's daughter. Yet when Black's holiday is over, so is Parrish's life.","release_date":"1998-11-12","poster_path":"/nlxPnkZY3vY1iehJriKMQcT6eua.jpg","popularity":2.610593,"title":"Meet Joe Black","video":false,"vote_average":6.7,"vote_count":365},{"adult":false,"backdrop_path":"/mQGEByVNnKiOVoAMDJ9KhvlCtgz.jpg","genre_ids":[35,18,9648,10749],"id":308,"original_language":"en","original_title":"Broken Flowers","overview":"As the devoutly single Don Johnston is dumped by his latest girlfriend, he receives an anonymous pink letter informing him that he has a son who may be looking for him. The situation causes Don to examine his relationships with women instead of moving on to the next one, and he embarks on a cross-country search for his old flames who might possess clues to the mystery at hand.","release_date":"2005-08-05","poster_path":"/pvtdRUpJE6YjIi8BLEZ7jhEdeN1.jpg","popularity":1.542661,"title":"Broken Flowers","video":false,"vote_average":6.7,"vote_count":90},{"adult":false,"backdrop_path":"/trtIwINGPoexmfTlt9WpBnBImpH.jpg","genre_ids":[28,53],"id":107846,"original_language":"en","original_title":"Escape Plan","overview":"Ray Breslin is the world's foremost authority on structural security. After analyzing every high security prison and learning a vast array of survival skills so he can design escape-proof prisons, his skills are put to the test. He's framed and incarcerated in a master prison he designed himself. He needs to escape and find the person who put him behind bars.","release_date":"2013-11-13","poster_path":"/1jHF5or25uCZr7O5c7CYm9eTrTw.jpg","popularity":4.416123,"title":"Escape Plan","video":false,"vote_average":6.7,"vote_count":698},{"adult":false,"backdrop_path":"/cz8jCliR5J5SUXrgVmnC2VMRVM8.jpg","genre_ids":[9648,10749,53],"id":160139,"original_language":"en","original_title":"Night Train to Lisbon","overview":"Raimund Gregorius, having saved a beautiful Portuguese woman from leaping to her death, stumbles upon a mesmerizing book by a Portuguese author, which compels him to suddenly abandon the boring life he has led for years and to embark on an enthralling adventure.  In search of the author, Gregorius acts as detective, pulling together pieces of a puzzle that involves political and emotional intrigue and the highest possible stakes. His voyage is one that transcends time and space, delving into the realms of history, medicine and love, all in search of true meaning to his life.","release_date":"2013-03-07","poster_path":"/kq7EIirl1AGRNpxR294cLe0PxvE.jpg","popularity":1.663138,"title":"Night Train to Lisbon","video":false,"vote_average":6.7,"vote_count":51},{"adult":false,"backdrop_path":"/iB0RsWVoOXzicPi2Yy5xmTYMbho.jpg","genre_ids":[28,878,12],"id":68726,"original_language":"en","original_title":"Pacific Rim","overview":"When legions of monstrous creatures, known as Kaiju, started rising from the sea, a war began that would take millions of lives and consume humanity's resources for years on end. To combat the giant Kaiju, a special type of weapon was devised: massive robots, called Jaegers, which are controlled simultaneously by two pilots whose minds are locked in a neural bridge. But even the Jaegers are proving nearly defenseless in the face of the relentless Kaiju. On the verge of defeat, the forces defending mankind have no choice but to turn to two unlikely heroes—a washed-up former pilot (Charlie Hunnam) and an untested trainee (Rinko Kikuchi)—who are teamed to drive a legendary but seemingly obsolete Jaeger from the past. Together, they stand as mankind's last hope against the mounting apocalypse.","release_date":"2013-07-12","poster_path":"/sCJEwEShZvruTpQ2a4yiX3Q9EyZ.jpg","popularity":3.821634,"title":"Pacific Rim","video":false,"vote_average":6.7,"vote_count":2513},{"adult":false,"backdrop_path":"/x1RyR9XbTG6qCuZhkTgyx96ADHt.jpg","genre_ids":[18],"id":68722,"original_language":"en","original_title":"The Master","overview":"An agitated Naval veteran arrives home from war unsettled and uncertain of his future - until he is tantalized by The Cause and its charismatic leader.","release_date":"2012-09-07","poster_path":"/l2BqOVs7Mg83rHk4x8fRvMxTbAw.jpg","popularity":2.369119,"title":"The Master","video":false,"vote_average":6.7,"vote_count":228},{"adult":false,"backdrop_path":"/h3X31FLlJSqi8NTZLKjXWJ7q3rs.jpg","genre_ids":[35,18,10749],"id":209263,"original_language":"en","original_title":"Enough Said","overview":"Eva is a divorced soon-to-be empty-nester wondering about her next act. Then she meets Marianne, the embodiment of her perfect self. Armed with a restored outlook on being middle-aged and single, Eva decides to take a chance on her new love interest Albert — a sweet, funny and like-minded man. But things get complicated when Eva discovers that Albert is in fact the dreaded ex–husband of Marianne...","release_date":"2013-10-11","poster_path":"/gPJ7KyzdHVpCaxdiq22sPEmNJZV.jpg","popularity":2.444278,"title":"Enough Said","video":false,"vote_average":6.7,"vote_count":177},{"adult":false,"backdrop_path":"/6clmTvA4hmP2M41JTJ0RHV2ODYj.jpg","genre_ids":[18,53],"id":210479,"original_language":"en","original_title":"Locke","overview":"Ivan Locke (Tom Hardy) has worked hard to craft a good life for himself. Tonight, that life will collapse around him. On the eve of the biggest challenge of his career, Ivan receives a phone call that sets in motion a series of events that will unravel his family, job, and soul.","release_date":"2013-09-02","poster_path":"/jC1soM3OUOzehbxp7IMumgQEDvB.jpg","popularity":1.281749,"title":"Locke","video":false,"vote_average":6.7,"vote_count":257},{"adult":false,"backdrop_path":"/yAdUc0v84Ok28ico6SP820wjZMz.jpg","genre_ids":[16,18,10751,12],"id":37135,"original_language":"en","original_title":"Tarzan","overview":"Tarzan was a small orphan who was raised by an ape named Kala since he was a child. He believed that this was his family, but on an expedition Jane Porter is rescued by Tarzan. He then finds out that he's human. Now Tarzan must make the decision as to which family he should belong to...","release_date":"1999-06-18","poster_path":"/tWFubl9q3quYuYXBGypXXCNLE00.jpg","popularity":2.807725,"title":"Tarzan","video":false,"vote_average":6.7,"vote_count":440},{"adult":false,"backdrop_path":"/68sGkVSVxuFw7J9H6sk4GZfYZ1q.jpg","genre_ids":[12],"id":8619,"original_language":"en","original_title":"Master and Commander: The Far Side of the World","overview":"After an abrupt and violent encounter with a French warship inflicts severe damage upon his ship, a captain of the British Royal Navy begins a chase over two oceans to capture or destroy the enemy, though he must weigh his commitment to duty and ferocious pursuit of glory against the safety of his devoted crew, including the ship's thoughtful surgeon, his best friend.","release_date":"2003-11-14","poster_path":"/4o4JyEQldHQiqJn0BBRFppDmI65.jpg","popularity":2.361822,"title":"Master and Commander: The Far Side of the World","video":false,"vote_average":6.7,"vote_count":267},{"adult":false,"backdrop_path":"/dpo7WDOhWtACY6oflrqxutbhg81.jpg","genre_ids":[28,12,53],"id":37724,"original_language":"en","original_title":"Skyfall","overview":"When Bond's latest assignment goes gravely wrong and agents around the world are exposed, MI6 is attacked forcing M to relocate the agency. These events cause her authority and position to be challenged by Gareth Mallory (Ralph Fiennes), the new Chairman of the Intelligence and Security Committee. With MI6 now compromised from both inside and out, M is left with one ally she can trust: Bond. 007 takes to the shadows - aided only by field agent, Eve (Naomie Harris) - following a trail to the mysterious Silva (Javier Bardem), whose lethal and hidden motives have yet to reveal themselves.","release_date":"2012-11-09","poster_path":"/uVALAeLEMGMf3oYpvdVi4uuaNOo.jpg","popularity":4.755088,"title":"Skyfall","video":false,"vote_average":6.7,"vote_count":4720},{"adult":false,"backdrop_path":"/r4izn85FflyHpqItrTbBZThuXm1.jpg","genre_ids":[35,80],"id":623,"original_language":"en","original_title":"A Fish Called Wanda","overview":"A diamond advocate is attempting to steal a collection of diamonds, yet troubles arise when he realizes that he is not the only one after the diamonds.","release_date":"1988-07-15","poster_path":"/9gZZyQ8XStpUJBFU1ceU4xx1crv.jpg","popularity":1.731134,"title":"A Fish Called Wanda","video":false,"vote_average":6.7,"vote_count":155},{"adult":false,"backdrop_path":"/bGU9HdjUH22b2KOCjfGIcfdkRSr.jpg","genre_ids":[28,35,18,10749,53],"id":41602,"original_language":"en","original_title":"The Necessary Death of Charlie Countryman","overview":"While traveling abroad, a guy falls for a Romanian beauty whose unreachable heart has its origins in her violent, charismatic ex.","release_date":"2013-11-15","poster_path":"/fSwdCCGmO50IMaH4XMAixjclLDF.jpg","popularity":2.612105,"title":"The Necessary Death of Charlie Countryman","video":false,"vote_average":6.7,"vote_count":117},{"adult":false,"backdrop_path":"/AkwLeC0Q8GIkYJ6ZI0tc0118AY6.jpg","genre_ids":[53,878],"id":860,"original_language":"en","original_title":"WarGames","overview":"High School student David Lightman (Matthew Broderick) has a talent for hacking. But while trying to hack into a computer system to play unreleased video games, he unwittingly taps into the Defense Department's war computer and initiates a confrontation of global proportions! Together with his girlfriend (Ally Sheedy) and a wizardly computer genius (John Wood), David must race against time to outwit his opponent...and prevent a nuclear Armageddon.","release_date":"1983-06-03","poster_path":"/akPIXEzNgjmtiz5FTtaLBHJassh.jpg","popularity":2.792274,"title":"WarGames","video":false,"vote_average":6.7,"vote_count":136},{"adult":false,"backdrop_path":"/7BtMwHuHCgi0oE0SuITgfWOmPTu.jpg","genre_ids":[53,878,9648],"id":431,"original_language":"en","original_title":"Cube","overview":"The claustrophobic debut of Canadian director Vincenzo Natali takes seven strangers out of their daily lives and places them mysteriously in a deadly cube where they all agree they must find their way out. A mix of thriller and psychodrama and a small budget film that gained cult status.","release_date":"1997-09-09","poster_path":"/u50r6chJGO2iqxVAvtQ07obiCkB.jpg","popularity":2.975721,"title":"Cube","video":false,"vote_average":6.7,"vote_count":296}],"total_pages":180,"total_results":3596}
