{"page":162,"results":[{"adult":false,"backdrop_path":"/7pCsrkl7yPNFU7wIuWy52wdAFQs.jpg","genre_ids":[27,28,53,878],"id":38321,"original_language":"en","original_title":"Priest","overview":"In an alternate world, humanity and vampires have warred for centuries. After the last Vampire War, the veteran Warrior Priest lives in obscurity with other humans inside one of the Church's walled cities. When the Priest's niece is kidnapped by vampires, the Priest breaks his vows to hunt them down. He is accompanied by the niece's boyfriend, who is a wasteland sheriff, and a former Warrior Priestess.","release_date":"2011-05-05","poster_path":"/pE28BDqICBPe3FgphsYSxtH6FcZ.jpg","popularity":2.569881,"title":"Priest","video":false,"vote_average":5.4,"vote_count":263},{"adult":false,"backdrop_path":"/4rfHkswHlkEAxcEr5XtAKZnE1nJ.jpg","genre_ids":[9648,878,53],"id":438,"original_language":"en","original_title":"Cube Zero","overview":"Cube Zero is the third film in the trilogy yet this time instead of a film about people trapped in a deadly cube trying to get out we see it from the eyes of someone who is controlling the cube and the torture of the victims inside. When the nerd can’t stand to see a woman suffer he himself enters the cube to try and save her.","release_date":"2004-10-15","poster_path":"/m6Vn1rysx6vmgJuy78Ih9QxFoOy.jpg","popularity":2.117308,"title":"Cube Zero","video":false,"vote_average":5.4,"vote_count":61},{"adult":false,"backdrop_path":"/jQiK80zlXDAsAb8MgkdzHSzlTpe.jpg","genre_ids":[12,35,18,14,878,10751],"id":62764,"original_language":"en","original_title":"Mirror Mirror","overview":"After she spends all her money, an evil enchantress queen (Julia Roberts) schemes to marry a handsome, wealthy prince (Arnie Hammer). There's just one problem - he's in love with a beautiful princess, Snow White (Lily Collins). Now, joined by seven rebellious dwarves, Snow White launches an epic battle of good vs. evil...","release_date":"2012-03-30","poster_path":"/twCU43qv4VVqqsIi1NMnGj2kXmp.jpg","popularity":1.768385,"title":"Mirror Mirror","video":false,"vote_average":5.4,"vote_count":398},{"adult":false,"backdrop_path":"/d7S5j0zxR4LFgBrBGKSRYFeEgw1.jpg","genre_ids":[28,80,53],"id":242310,"original_language":"en","original_title":"Tokarev","overview":"When the Russian mob kidnaps the daughter of a reformed criminal, he rounds up his old crew and seeks his own brand of justice.","release_date":"2014-05-09","poster_path":"/gV2QQqj0ub0OQOtAby4O5Y06zZt.jpg","popularity":2.462506,"title":"Rage","video":false,"vote_average":5.4,"vote_count":132},{"adult":false,"backdrop_path":"/qmOjsNEFclQuld6s7Vfc1255dXK.jpg","genre_ids":[35],"id":9957,"original_language":"en","original_title":"The Benchwarmers","overview":"A trio of guys try and make up for missed opportunities in childhood by forming a three-player baseball team to compete against standard little league squads.","release_date":"2006-04-07","poster_path":"/zQy6T5qV0lvLkkKi5S9VIYykSQD.jpg","popularity":1.658535,"title":"The Benchwarmers","video":false,"vote_average":5.4,"vote_count":71},{"adult":false,"backdrop_path":"/4liSXBZZdURI0c1Id1zLJo6Z3Gu.jpg","genre_ids":[878,14,28,12],"id":76757,"original_language":"en","original_title":"Jupiter Ascending","overview":"In a universe where human genetic material is the most precious commodity, an impoverished young Earth woman becomes the key to strategic maneuvers and internal strife within a powerful dynasty…","release_date":"2015-02-27","poster_path":"/aMEsvTUklw0uZ3gk3Q6lAj6302a.jpg","popularity":14.911359,"title":"Jupiter Ascending","video":false,"vote_average":5.4,"vote_count":1022},{"adult":false,"backdrop_path":"/hJGqSanlHxPOHXnTQk5zsfuXoJN.jpg","genre_ids":[53,80,18],"id":265208,"original_language":"en","original_title":"Wild Card","overview":"When a Las Vegas bodyguard with lethal skills and a gambling problem gets in trouble with the mob, he has one last play… and it's all or nothing.","release_date":"2015-01-30","poster_path":"/cZMjg5fWkhJ1D7MouzZuiB16Hdk.jpg","popularity":8.874112,"title":"Wild Card","video":false,"vote_average":5.4,"vote_count":256},{"adult":false,"backdrop_path":"/6hP5pzQojs062MQiQ2nRNZmIPhv.jpg","genre_ids":[28,35],"id":10040,"original_language":"en","original_title":"Miss Congeniality 2: Armed and Fabulous","overview":"After her triumph at the Miss United States pageant, FBI agent Gracie Hart becomes an overnight sensation -- and the new \"face of the FBI.\" But it's time to spring into action again when the pageant's winner, Cheryl, and emcee, Stan, are abducted.","release_date":"2005-03-11","poster_path":"/fMIm5xFB1VcW67b6VS8OMH89F1y.jpg","popularity":1.040362,"title":"Miss Congeniality 2: Armed and Fabulous","video":false,"vote_average":5.4,"vote_count":122},{"adult":false,"backdrop_path":"/qllCPxcPbwbrOAXcQqXjVeJfuvF.jpg","genre_ids":[35],"id":52449,"original_language":"en","original_title":"Bad Teacher","overview":"A lazy, incompetent middle school teacher who hates her job and her students is forced to return to her job to make enough money for a boob job after her rich fiancé dumps her.","release_date":"2011-06-19","poster_path":"/ejTcAKe5F3zsvU9GXyl2ODAhkWl.jpg","popularity":2.803107,"title":"Bad Teacher","video":false,"vote_average":5.4,"vote_count":535},{"adult":false,"backdrop_path":"/1htbrlfM4DNwIg1M353ZkO9uIlm.jpg","genre_ids":[27],"id":193612,"original_language":"en","original_title":"The Quiet Ones","overview":"A university student and some classmates are recruited to carry out a private experiment -- to create a poltergeist. Their subject: an alluring, but dangerously disturbed young woman. Their quest: to explore the dark energy that her damaged psyche might manifest. As the experiment unravels along with their sanity, the rogue PHD students, led by their determined professor, are soon confronted with a terrifying reality: they have triggered an unspeakable force with a power beyond all explanation.","release_date":"2014-04-01","poster_path":"/dlMln6CldiB5pt9vSSJBiNL83bh.jpg","popularity":1.880675,"title":"The Quiet Ones","video":false,"vote_average":5.4,"vote_count":73},{"adult":false,"backdrop_path":"/1I8jDOv9hefU0pS4q9ANgnIe9ri.jpg","genre_ids":[35,14,10749],"id":9678,"original_language":"en","original_title":"Little Nicky","overview":"After the lord of darkness decides he will not cede his thrown to any of his three sons, the two most powerful of them escape to Earth to create a kingdom for themselves. This action closes the portal filtering sinful souls to Hell and causes Satan to wither away. He must send his most weak but beloved son, Little Nicky, to Earth to return his brothers to Hell.","release_date":"2000-11-10","poster_path":"/ijfKqbZoZQjer5Oiolxy7hn8L92.jpg","popularity":1.778075,"title":"Little Nicky","video":false,"vote_average":5.4,"vote_count":115},{"adult":false,"backdrop_path":"/b7ZzSRrPMoDxFOY4J2GldlcycRY.jpg","genre_ids":[28,12,27,53],"id":9042,"original_language":"en","original_title":"The Cave","overview":"A group of biologists discovers a huge network of unexplored caves in Romania. The biologists believe they have found an undisturbed eco-system that has produced a new species. They hire the best American team of underwater cave explorers in the world. The team is so excited about the new cave that they start the dive immediately along with the biologists. While exploring deeper in the underwater caves, a cave-in blocks their exit, so they must find a new way out. They soon discover a larger carnivorous creature has added them to its food chain.","release_date":"2005-08-25","poster_path":"/uHzx3GvwFzGpNS6Z0gP4ve5TvY8.jpg","popularity":0.9215,"title":"The Cave","video":false,"vote_average":5.4,"vote_count":69},{"adult":false,"backdrop_path":"/enr2mZM9DL7pPHDQGFdVy9IMG6Z.jpg","genre_ids":[28,12,80,53],"id":1537,"original_language":"en","original_title":"Changing Lanes","overview":"A rush-hour fender-bender on New York City's crowded FDR Drive, under most circumstances, wouldn't set off a chain reaction that could decimate two people's lives. But on this day, at this time, a minor collision will turn two complete strangers into vicious adversaries. Their means of destroying each other might be different, but their goals, ultimately, will be the same: Each will systematically try to dismantle the other's life in a reckless effort to reclaim something he has lost.","release_date":"2002-04-07","poster_path":"/dCTVH1kl3aIkUmWpMT5STLAwsPs.jpg","popularity":2.098404,"title":"Changing Lanes","video":false,"vote_average":5.4,"vote_count":92},{"adult":false,"backdrop_path":"/gC5oemo21VQ6BSI6dXgwj3pNRDx.jpg","genre_ids":[12,35,878],"id":18162,"original_language":"en","original_title":"Land of the Lost","overview":"On his latest expedition, Dr. Rick Marshall is sucked into a space-time vortex alongside his research assistant and a redneck survivalist. In this alternate universe, the trio make friends with a primate named Chaka, their only ally in a world full of dinosaurs and other fantastic creatures.","release_date":"2009-06-05","poster_path":"/avlfNn8w9F3Z6iKrGe8FnJpQr7j.jpg","popularity":2.736004,"title":"Land of the Lost","video":false,"vote_average":5.4,"vote_count":138},{"adult":false,"backdrop_path":"/th9XO3SKdELxJ4PjPny0fXxCQmk.jpg","genre_ids":[18,27,53],"id":806,"original_language":"fr","original_title":"The Omen","overview":"A diplomatic couple adopts the son of the devil without knowing it. A remake of the classic horror film of the same name from 1976.","release_date":"2006-06-06","poster_path":"/kqKHg1qXuaIOhnKmPEF1GLzGrOY.jpg","popularity":1.774468,"title":"The Omen","video":false,"vote_average":5.4,"vote_count":83},{"adult":false,"backdrop_path":"/kaa4PBGpNJgicEIeIqWaCKrUkXy.jpg","genre_ids":[35,10751,14],"id":23023,"original_language":"en","original_title":"Tooth Fairy","overview":"When minor-league hockey player Derek Thompson -- who has a penchant for knocking out his opponents' teeth every time he plays -- disillusions a fan, he is sentenced to a stint for one week as a bona fide, tutu-clad, real-life tooth fairy. Soon, Derek is inspired to rekindle his youthful dreams.","release_date":"2010-01-22","poster_path":"/zqNo3IDzrhE9qyak87wun7uvkF7.jpg","popularity":2.248506,"title":"Tooth Fairy","video":false,"vote_average":5.4,"vote_count":143},{"adult":false,"backdrop_path":"/y66K59c1uxhnM45ZtG5xyOVC8yx.jpg","genre_ids":[12,35,10751,14,878],"id":20856,"original_language":"en","original_title":"Aliens in the Attic","overview":"It's summer vacation, but the Pearson family kids are stuck at a boring lake house with their nerdy parents. That is until feisty, little, green aliens crash-land on the roof, with plans to conquer the house AND Earth! Using only their wits, courage and video game-playing skills, the youngsters must band together to defeat the aliens and save the world - but the toughest part might be keeping the whole thing a secret from their parents! Featuring an all-star cast including Ashley Tisdale, Andy Richter, Kevin Nealon, Tim Meadows and Doris Roberts, Aliens In The Attic is the most fun you can have on this planet!","release_date":"2009-07-31","poster_path":"/oxds3BQ99FdOxiR24Z5I7N5ELwv.jpg","popularity":1.973584,"title":"Aliens in the Attic","video":false,"vote_average":5.4,"vote_count":79},{"adult":false,"backdrop_path":"/fG8Ghq7POTd3h0fRBCMJ40frvX0.jpg","genre_ids":[28,53],"id":106021,"original_language":"en","original_title":"Erased","overview":"A former agent (Aaron Eckhart) of the CIA and his estranged daughter (Liana Liberato) go on the run after his employers target them for assassination.","release_date":"2012-09-26","poster_path":"/cSyFaSCdauIsmHoAwDaeVehkTqA.jpg","popularity":2.418103,"title":"Erased","video":false,"vote_average":5.4,"vote_count":122},{"adult":false,"backdrop_path":"/deIo2XLWwDnx7jSfeuHTPvuure6.jpg","genre_ids":[53,878,9648],"id":437,"original_language":"en","original_title":"Cube 2: Hypercube","overview":"The sequel to the low budget first film ‘Cube.’ This time the prisoners find them selves in a more advanced cube environment that they must escape from before they are killed. A science fiction film where space and time have more than one path.","release_date":"2002-04-15","poster_path":"/6tPa2kvzsvOQTXK1JNO2JN9quBV.jpg","popularity":2.117284,"title":"Cube 2: Hypercube","video":false,"vote_average":5.4,"vote_count":95},{"adult":false,"backdrop_path":"/RpVE8C5oExULO2vCJky6WwGCwM.jpg","genre_ids":[28,53,18],"id":12123,"original_language":"en","original_title":"Chain Reaction","overview":"Two researchers in a green alternative energy project are put on the run when they are framed for murder and treason.","release_date":"1996-08-02","poster_path":"/t6anpB9iny456N7sVLd3S0QARGv.jpg","popularity":1.540747,"title":"Chain Reaction","video":false,"vote_average":5.4,"vote_count":79}],"total_pages":180,"total_results":3596}
