{"page":137,"results":[{"adult":false,"backdrop_path":"/A4iX2LXAhJwMtBER8T2ewgITXsK.jpg","genre_ids":[35,80,53],"id":2122,"original_language":"en","original_title":"The Whole Ten Yards","overview":"\"The Tulip\" Tudeski now spends his days compulsively cleaning his house and perfecting his culinary skills with his wife, Jill, a purported assassin who has yet to pull off a clean hit. Suddenly, an uninvited and unwelcome connection to their past unexpectedly shows up on Jimmy and Jill's doorstep: it's Oz, and he's begging them to help him rescue his wife Cynthia.","release_date":"2004-04-08","poster_path":"/pc2xIaRjmOxBiVqluPISzHRTKSr.jpg","popularity":0.89458,"title":"The Whole Ten Yards","video":false,"vote_average":5.8,"vote_count":93},{"adult":false,"backdrop_path":"/gu81IQeBK2t6VO4WD1dXjpC3YgF.jpg","genre_ids":[12,28,35],"id":10057,"original_language":"en","original_title":"The Three Musketeers","overview":"The three best of the disbanded Musketeers - Athos, Porthos, and Aramis - join a young hotheaded would-be-Musketeer, D'Artagnan, to stop the Cardinal Richelieu's evil plot: to form an alliance with enemy England by way of the mysterious Milady.","release_date":"1993-11-11","poster_path":"/cQsjMRId7r61Nh0bwEtGzCvp9gS.jpg","popularity":1.944938,"title":"The Three Musketeers","video":false,"vote_average":5.8,"vote_count":57},{"adult":false,"backdrop_path":"/icq8EO55IEvDo7OGCQfFXZ8l3Sv.jpg","genre_ids":[35,10751,14,878],"id":2284,"original_language":"en","original_title":"Mr. Magorium's Wonder Emporium","overview":"Molly Mahoney is the awkward and insecure manager of Mr. Magorium's Wonder Emporium, the strangest, most fantastic, most wonderful toy store in the world. But when Mr. Magorium bequeaths the store to her, a dark and ominous change begins to take over the once remarkable Emporium.","release_date":"2007-11-14","poster_path":"/75m4IBZE6gUrltcDgTSBTFg68QT.jpg","popularity":1.749465,"title":"Mr. Magorium's Wonder Emporium","video":false,"vote_average":5.8,"vote_count":92},{"adult":false,"backdrop_path":"/luTLwjU4WpQR2zBxJAKdK1D7C8T.jpg","genre_ids":[27,9648,53],"id":28355,"original_language":"en","original_title":"Case 39","overview":"In her many years as a social worker, Emily Jenkins believes she has seen it all, until she meets 10-year-old Lilith and the girl's cruel parents. Emily's worst fears are confirmed when the parents try to harm the child, and so Emily assumes custody of Lilith while she looks for a foster family. However, Emily soon finds that dark forces surround the seemingly innocent girl, and the more she tries to protect Lilith, the more horrors she encounters.","release_date":"2009-08-13","poster_path":"/xSyj4F1UVtAXhqSGpNCZRaBsKAJ.jpg","popularity":1.433778,"title":"Case 39","video":false,"vote_average":5.8,"vote_count":132},{"adult":false,"backdrop_path":"/nS1Vol9k3hkISYRyGK6w9bh5XP.jpg","genre_ids":[35,80,53],"id":5516,"original_language":"en","original_title":"The Ladykillers","overview":"An eccentric, if not charming Southern professor and his crew pose as a band in order to rob a casino, all under the nose of his unsuspecting landlord: a sharp old woman.","release_date":"2004-03-26","poster_path":"/mqky2h0qDlQAZyeBwkauyRZPtiC.jpg","popularity":1.746517,"title":"The Ladykillers","video":false,"vote_average":5.8,"vote_count":106},{"adult":false,"backdrop_path":"/qAVglXQJtsWNT0ZZCyarXpeATmV.jpg","genre_ids":[27,53],"id":10307,"original_language":"en","original_title":"Stigmata","overview":"A priest from the Vatican is sent in to investigate claims that a town in Brazil has a church where statues bleed from the eyes. Meanwhile, a young woman in the U.S. begins to show signs of stigmata.","release_date":"1999-09-10","poster_path":"/n60ugx0EbccAfBIQdvd6pCASXNl.jpg","popularity":1.8167,"title":"Stigmata","video":false,"vote_average":5.8,"vote_count":61},{"adult":false,"backdrop_path":"/rmg1iMCveruz7mQaY28gPvD0I23.jpg","genre_ids":[35,10752],"id":10313,"original_language":"en","original_title":"The Men Who Stare at Goats","overview":"A reporter in Iraq might just have the story of a lifetime when he meets Lyn Cassady, a guy who claims to be a former member of the U.S. Army's New Earth Army, a unit that employs paranormal powers in their missions.","release_date":"2009-11-05","poster_path":"/ddkZVyIKO85CL4P2qTj6G6liAMg.jpg","popularity":1.924978,"title":"The Men Who Stare at Goats","video":false,"vote_average":5.8,"vote_count":266},{"adult":false,"backdrop_path":"/xL05gsaqt6p78L5rBC9fDJBRnEy.jpg","genre_ids":[28,12,14,9648,53],"id":7131,"original_language":"en","original_title":"Van Helsing","overview":"Famed monster slayer Gabriel Van Helsing (Hugh Jackman) is dispatched to Transylvania to assist the last of the Valerious bloodline in defeating Count Dracula. Anna Valerious (Kate Beckinsale) reveals that Dracula has formed an unholy alliance with Dr. Frankenstein's monster and is hell-bent on exacting a centuries-old curse on her family.","release_date":"2004-05-06","poster_path":"/gPFn6CIe4Af6jeFmyIpyk5hGV4.jpg","popularity":2.207412,"title":"Van Helsing","video":false,"vote_average":5.8,"vote_count":543},{"adult":false,"backdrop_path":"/6CC3jdJWnWvEBCN50jZgLxZ3pmL.jpg","genre_ids":[35],"id":250349,"original_language":"fr","original_title":"Barbecue","overview":"On his 50th birthday, a man who's been watching his weight, health and temper all his life suffers a heart attack. He's been doing everything he was told he should do and it still didn't help. He decides to turn the page and let loose.","release_date":"2014-04-30","poster_path":"/20ZniTaQ4tIQJQOfWZ4bpps8jmx.jpg","popularity":0.219869,"title":"Barbecue","video":false,"vote_average":5.8,"vote_count":62},{"adult":false,"backdrop_path":"/kJTtIU4sBfgGa6GqPkpFh3K07qM.jpg","genre_ids":[35,10751],"id":58224,"original_language":"en","original_title":"Mr. Popper's Penguins","overview":"Jim Carrey stars as Tom Popper, a successful businessman who’s clueless when it comes to the really important things in life...until he inherits six “adorable” penguins, each with its own unique personality. Soon Tom’s rambunctious roommates turn his swank New York apartment into a snowy winter wonderland — and the rest of his world upside-down.","release_date":"2011-06-17","poster_path":"/qKkyePjlG9yilHpS89ZOc3N2Cd1.jpg","popularity":1.137444,"title":"Mr. Popper's Penguins","video":false,"vote_average":5.8,"vote_count":237},{"adult":false,"backdrop_path":"/lxZxbLpg4JhGptq0CejbElATU98.jpg","genre_ids":[27,9648,53],"id":10225,"original_language":"en","original_title":"Friday the 13th Part VI: Jason Lives","overview":"As a child, Tommy killed mass-murderer Jason. But now, years later, he is tormented by the fear that maybe Jason isn’t really dead. Determined to finish off the infamous killer once and for all, Tommy and a friend dig up Jason’s corpse in order to cremate him. Unfortunately, things go seriously awry, and Jason is instead resurrected, sparking a new chain of ruthlessly brutal murders. Now it’s up to Tommy to stop the dark, devious and demented deaths that he unwittingly brought about.","release_date":"1986-08-01","poster_path":"/le636yjPeWkC74nPDIZiQBH1CVt.jpg","popularity":2.01636,"title":"Friday the 13th Part VI: Jason Lives","video":false,"vote_average":5.8,"vote_count":50},{"adult":false,"backdrop_path":"/la0aNM61vvLx8Ia7501DuWKQRCb.jpg","genre_ids":[35,18,10749],"id":38031,"original_language":"en","original_title":"You Will Meet a Tall Dark Stranger","overview":"Two married couples find only trouble and heartache as their complicated lives unfold. After 40 years of marriage, Alfie leaves his wife to pursue what he thinks is happiness with a call girl. His wife, Helena, reeling from abandonment, decides to follow the advice of a psychic. Sally, the daughter of Alfie and Helena, is unhappy in her marriage and develops a crush on her boss, while her husband, Roy, falls for a woman engaged to be married.","release_date":"2010-05-23","poster_path":"/owCEJJCrylS8Z9rG1m4Bl2Wpd12.jpg","popularity":0.878192,"title":"You Will Meet a Tall Dark Stranger","video":false,"vote_average":5.8,"vote_count":61},{"adult":false,"backdrop_path":"/cmVWRQn2zKPL7NEViKkWOepLM6s.jpg","genre_ids":[28,80,18],"id":254473,"original_language":"en","original_title":"Brick Mansions","overview":"In the criminal underworld of Detroit, the streets are overrun with violence and drugs and the hand of corruption reaches into the lives of everyone; well almost everyone. For Lino (David Belle) every day is a fight to live an honest life. But when a drug lord kidnaps his girlfriend, Lino is forced to team up with Damien Collier (Paul Walker), an undercover cop who’s been tracking this king pin's involvement in something even more sinister – a plot to devastate the entire city. Together they uncover a trail of corruption that leads all the way to the top.","release_date":"2014-04-23","poster_path":"/v6M79FGu0G9KSR7bvXL76NbwyqC.jpg","popularity":3.702904,"title":"Brick Mansions","video":false,"vote_average":5.8,"vote_count":306},{"adult":false,"backdrop_path":"/pJB1yZ4nGiU8M2H8Wit5HEbUp5s.jpg","genre_ids":[28,12,9648,878,53],"id":9620,"original_language":"en","original_title":"Paycheck","overview":"Michael Jennings is a genius who's hired -- and paid handsomely -- by high-tech firms to work on highly sensitive projects, after which his short-term memory is erased so he's incapable of breaching security. But at the end of a three-year job, he's told he isn't getting a paycheck and instead receives a mysterious envelope. In it are clues he must piece together to find out why he wasn't paid … and how he's gotten in hot water.","release_date":"2003-12-25","poster_path":"/fvp8I0d21MMbpd0Z8HMeGZXMKGU.jpg","popularity":1.540877,"title":"Paycheck","video":false,"vote_average":5.8,"vote_count":193},{"adult":false,"backdrop_path":"/5AhzhhWMD7VxjXjvr1Cx3BmPxyj.jpg","genre_ids":[12,35,10751,878],"id":9354,"original_language":"en","original_title":"Honey, I Shrunk the Kids","overview":"The scientist father of a teenage girl and boy accidentally shrinks his and two other neighborhood teens to the size of insects. Now the teens must fight diminutive dangers as the father searches for them.","release_date":"1989-06-22","poster_path":"/f5eFxKYAd7hN1BxYzBg9qL1SDRe.jpg","popularity":1.969726,"title":"Honey, I Shrunk the Kids","video":false,"vote_average":5.8,"vote_count":188},{"adult":false,"backdrop_path":"/w6TR7kTsKmlBYps2i5hzoukBLCn.jpg","genre_ids":[35,10751,14],"id":10330,"original_language":"en","original_title":"Freaky Friday","overview":"Jamie Lee Curtis stars as Tess Coleman, mother of 15-year-old Anna (Lindsay Lohan), in this remake of the 1976 Jodie Foster comedy. Mother and daughter bicker over everything -- what Anna wears, whom she likes and what she wants to do when she's older. In turn, Anna detests Tess's fiancé (Mark Harmon). When a magical fortune cookie switches their personalities, they each get a peek at how the other person feels, thinks and lives.","release_date":"2003-08-03","poster_path":"/nFuJqQ1MRTlEJZQhZKDAxET4tJU.jpg","popularity":1.944234,"title":"Freaky Friday","video":false,"vote_average":5.8,"vote_count":202},{"adult":false,"backdrop_path":"/iYNKzyuABzBtO1ZEujNB37d7dED.jpg","genre_ids":[35,10749],"id":9541,"original_language":"en","original_title":"Jersey Girl","overview":"Ollie Trinke is a young, suave music publicist who seems to have it all, with a new wife and a baby on the way. But life deals him a bum hand when he's suddenly faced with single fatherhood, a defunct career and having to move in with his father. To bounce back, it takes a new love and the courage instilled in him by his daughter.","release_date":"2004-03-25","poster_path":"/d8Qf8wVQV3K4Nl3KBuVNHMBCxgw.jpg","popularity":0.569127,"title":"Jersey Girl","video":false,"vote_average":5.8,"vote_count":91},{"adult":false,"backdrop_path":"/mMmGK5gEPATupYNprpRVUtUshu4.jpg","genre_ids":[35,27,878],"id":9035,"original_language":"en","original_title":"Slither","overview":"A small town is taken over by an alien plague, turning residents into zombies and all forms of mutant monsters.","release_date":"2006-03-31","poster_path":"/oRwHmH4cPRAiCsMUCGaCwZQz0Jg.jpg","popularity":0.720852,"title":"Slither","video":false,"vote_average":5.8,"vote_count":71},{"adult":false,"backdrop_path":"/6lBB6bYjnQe0mPQTn1sJBkTux1l.jpg","genre_ids":[18,27,28,53,878],"id":52015,"original_language":"en","original_title":"Stake Land","overview":"Martin was a normal teenage boy before the country collapsed in an empty pit of economic and political disaster. A vampire epidemic has swept across what is left of the nation's abandoned towns and cities, and it's up to Mister, a death dealing, rogue vampire hunter, to get Martin safely north to Canada, the continent's New Eden.","release_date":"2010-09-30","poster_path":"/xohrZtjqSsP5hWK5J3dn8YyelKY.jpg","popularity":2.357588,"title":"Stake Land","video":false,"vote_average":5.8,"vote_count":71},{"adult":false,"backdrop_path":"/3X1X6GTlgloVqqRdlFZGtpMkr0Q.jpg","genre_ids":[18,10749],"id":215211,"original_language":"en","original_title":"Grace of Monaco","overview":"The story of former Hollywood star Grace Kelly's crisis of marriage and identity, during a political dispute between Monaco's Prince Rainier III and France's Charles De Gaulle, and a looming French invasion of Monaco in the early 1960s.","release_date":"2014-05-14","poster_path":"/7jFZ4r1CTNW2we5rUVx29IcuOZh.jpg","popularity":1.240392,"title":"Grace of Monaco","video":false,"vote_average":5.8,"vote_count":64}],"total_pages":180,"total_results":3596}
