{"page":79,"results":[{"adult":false,"backdrop_path":"/1TFEtFxD1M9OvMGlGcSAR5Pg53I.jpg","genre_ids":[28,12,35,80,53],"id":39514,"original_language":"en","original_title":"RED","overview":"When his peaceful life is threatened by a high-tech assassin, former black-ops agent Frank Moses reassembles his old team in a last ditch effort to survive and uncover his assailants.","release_date":"2010-10-14","poster_path":"/q2mwTRKrq1etP9S4SZVDIJq0wI2.jpg","popularity":2.683787,"title":"RED","video":false,"vote_average":6.5,"vote_count":1606},{"adult":false,"backdrop_path":"/183Jzh007eOZRkrfIDAcpvhzKli.jpg","genre_ids":[18],"id":157847,"original_language":"en","original_title":"Joe","overview":"The rough-hewn boss (Nicolas Cage) of a lumber crew courts trouble when he steps in to protect the youngest member (Tye Sheridan) of his team from an abusive father.","release_date":"2013-08-30","poster_path":"/bvcLnoffCm67n7pZPVdJ6pluJsi.jpg","popularity":3.775108,"title":"Joe","video":false,"vote_average":6.5,"vote_count":137},{"adult":false,"backdrop_path":"/fnG2DVGP3ZmJrvGjCaI6uh8uxEn.jpg","genre_ids":[35,10749],"id":1597,"original_language":"en","original_title":"Meet the Parents","overview":"Greg Focker is ready to marry his girlfriend, Pam, but before he pops the question, he must win over her formidable father, humorless former CIA agent Jack Byrnes, at the wedding of Pam's sister. As Greg bends over backward to make a good impression, his visit to the Byrnes home turns into a hilarious series of disasters, and everything that can go wrong does, all under Jack's critical, hawklike gaze.","release_date":"2000-10-05","poster_path":"/wVjtQtzv9IcNRGnOOdcK797Sdxx.jpg","popularity":1.358153,"title":"Meet the Parents","video":false,"vote_average":6.5,"vote_count":511},{"adult":false,"backdrop_path":"/5T6zZtS0p1xzyAIUczMopJgZJzg.jpg","genre_ids":[10749,18],"id":1440,"original_language":"en","original_title":"Little Children","overview":"The lives of two lovelorn spouses from separate marriages, a registered sex offender, and a disgraced ex-police officer intersect as they struggle to resist their vulnerabilities and temptations.","release_date":"2006-09-01","poster_path":"/225OXhGllrBJ6FWaYyiosxDU1us.jpg","popularity":1.868181,"title":"Little Children","video":false,"vote_average":6.5,"vote_count":61},{"adult":false,"backdrop_path":"/iLEh8hB3YVr3NgLmAFHPsMPLirU.jpg","genre_ids":[18,36,10749],"id":4517,"original_language":"en","original_title":"Elizabeth: The Golden Age","overview":"This movie is a Sequel to the First Elizabeth movie from 1998, and takes place in the 15th century, following the virgin queen of England, and her epic battle against the Spanish fleet","release_date":"2007-09-09","poster_path":"/kER0eNIgnZ9rlvrk5f2syGWaknK.jpg","popularity":2.186196,"title":"Elizabeth: The Golden Age","video":false,"vote_average":6.5,"vote_count":71},{"adult":false,"backdrop_path":"/tMxePXvxk4iUEAVS47IHyFhzkLX.jpg","genre_ids":[28,35],"id":11770,"original_language":"en","original_title":"Siu lam juk kau","overview":"A young Shaolin follower reunites with his discouraged brothers to form a soccer team using their martial art skills to their advantage.","release_date":"2001-07-12","poster_path":"/agSrcqz39QfPNm0ogoGLUuzRbLV.jpg","popularity":2.31881,"title":"Shaolin Soccer","video":false,"vote_average":6.5,"vote_count":152},{"adult":false,"backdrop_path":"/wlD4NgIp2mVyA3LeNqE39Lwx01J.jpg","genre_ids":[53,28,18,10752],"id":252178,"original_language":"en","original_title":"'71","overview":"A young British soldier must find his way back to safety after his unit accidentally abandons him during a riot in the streets of Belfast.","release_date":"2014-10-10","poster_path":"/b8dmfG84peFdouN2N8wOsiI9WHt.jpg","popularity":2.88031,"title":"'71","video":false,"vote_average":6.5,"vote_count":111},{"adult":false,"backdrop_path":"/6lwiZ1v5n3F0oY9ouCLlI9LgRRm.jpg","genre_ids":[12,16,14,10751],"id":41216,"original_language":"en","original_title":"Legend of the Guardians: The Owls of Ga'Hoole","overview":"Soren, a young barn owl, is kidnapped by owls of St. Aggie's, ostensibly an orphanage, where owlets are brainwashed into becoming soldiers. He and his new friends escape to the island of Ga'Hoole, to assist its noble, wise owls who fight the army being created by the wicked rulers of St. Aggie's. The film is based on the first three books in the series.","release_date":"2010-09-24","poster_path":"/mgkRaVtdrOAZT2cFZi9Ihh9QpuL.jpg","popularity":1.116369,"title":"Legend of the Guardians: The Owls of Ga'Hoole","video":false,"vote_average":6.5,"vote_count":291},{"adult":false,"backdrop_path":"/n4GhKs24bQK2XsdlZ5bZFljzlsK.jpg","genre_ids":[28,35,18,53],"id":787,"original_language":"en","original_title":"Mr. & Mrs. Smith","overview":"After five (or six) years of vanilla-wedded bliss, ordinary suburbanites John and Jane Smith (Pitt and Jolie) are stuck in a rut the size of the Grand Canyon?until the truth comes out! Unbeknownst to each other, they are both coolly lethal, highly paid assassins working for rival organizations. And when they discover they're each other's next target, their secret lives collide in a spicy, explosive mix of wicked comedy, pent-up passion, nonstop action and high-tech weaponry that gives an all-new meaning to \"Till death do us part!\"","release_date":"2005-06-09","poster_path":"/dqs5BmwSULtB28Kls3IB6khTQwp.jpg","popularity":3.630676,"title":"Mr. & Mrs. Smith","video":false,"vote_average":6.4,"vote_count":939},{"adult":false,"backdrop_path":"/kJre98tnbNXbk5L5altHkQWGwD3.jpg","genre_ids":[28,12,878,9648],"id":158852,"original_language":"en","original_title":"Tomorrowland","overview":"Bound by a shared destiny, a bright, optimistic teen bursting with scientific curiosity and a former boy-genius inventor jaded by disillusionment embark on a danger-filled mission to unearth the secrets of an enigmatic place somewhere in time and space that exists in their collective memory as \"Tomorrowland.\"","release_date":"2015-05-22","poster_path":"/b0f5Thd0IVYVUcteQAtcnwdta0c.jpg","popularity":9.940994,"title":"Tomorrowland","video":false,"vote_average":6.4,"vote_count":413},{"adult":false,"backdrop_path":"/rpNWJxp4hy23CyeItratYRDLmgV.jpg","genre_ids":[35],"id":16538,"original_language":"en","original_title":"I Love You, Man","overview":"Peter Klaven is a successful real estate agent who, upon getting engaged to the woman of his dreams, Zooey, discovers, to his dismay and chagrin, that he has no male friend close enough to serve as his Best Man. Peter immediately sets out to rectify the situation, embarking on a series of bizarre and awkward \"man-dates,\" before meeting Sydney Fife.","release_date":"2009-03-20","poster_path":"/bIW8xqbWnEylKcx8EJdpIMSmygw.jpg","popularity":2.043059,"title":"I Love You, Man","video":false,"vote_average":6.4,"vote_count":167},{"adult":false,"backdrop_path":"/hf2j8n3vFIS0T4EXpQNkvUvBnQd.jpg","genre_ids":[18,80],"id":9909,"original_language":"en","original_title":"Dangerous Minds","overview":"LouAnne Johnson is a Marine turned teacher who squares off against a classroom of impudent, inner-city teens, whose bullying tactics nearly drive her out the first day. But Johnson radically changes her lesson plan to include bribery and browbeating (despite objections from the school's prissy principal) in an effort to teach the class that learning is its own reward. Based on LouAnne Johnson's autobiography \"My Posse Don't Do Homework\".","release_date":"1995-08-11","poster_path":"/y5Jee3QmYOlpqfaPPbfvtdVc5wj.jpg","popularity":1.534398,"title":"Dangerous Minds","video":false,"vote_average":6.4,"vote_count":68},{"adult":false,"backdrop_path":"/uo5krr5i4q33TlHhTHI3PmpVjJu.jpg","genre_ids":[28,80,18,53],"id":62835,"original_language":"en","original_title":"Colombiana","overview":"Zoe Saldana plays a young woman who, after witnessing her parents’ murder as a child in Bogota, grows up to be a stone-cold assassin. She works for her uncle as a hitman by day, but her personal time is spent engaging in vigilante murders that she hopes will lead her to her ultimate target: the mobster responsible for her parents' death.","release_date":"2011-08-26","poster_path":"/tJIWuZC4ZVUJdVHXJfefUDzS2BX.jpg","popularity":2.009526,"title":"Colombiana","video":false,"vote_average":6.4,"vote_count":348},{"adult":false,"backdrop_path":"/ylLbLCVr8RF6PGXxiR2sCSjCmrf.jpg","genre_ids":[35,27],"id":1547,"original_language":"en","original_title":"The Lost Boys","overview":"A mother and her two teenage sons move to a seemingly nice and quiet small coastal California town yet soon find out that it's overrun by bike gangs and vampires. A couple of teenage friends take it upon themselves to hunt down the vampires that they suspect of a few mysterious murders and restore peace and calm to their town.","release_date":"1987-07-31","poster_path":"/evo7oiay9qDUzY510VhrB3YzyJs.jpg","popularity":1.798516,"title":"The Lost Boys","video":false,"vote_average":6.4,"vote_count":202},{"adult":false,"backdrop_path":"/mwI5fTor198yK4w7LDOfuPssxF2.jpg","genre_ids":[35,18,10749],"id":37056,"original_language":"en","original_title":"Letters to Juliet","overview":"An American girl on vacation in Italy finds an unanswered \"letter to Juliet\" -- one of thousands of missives left at the fictional lover's Verona courtyard, which are typically answered by a the \"secretaries of Juliet\" -- and she goes on a quest to find the lovers referenced in the letter.","release_date":"2010-05-14","poster_path":"/kUBSfYpsE1RLdl2WZL2YMJfNOEm.jpg","popularity":2.44805,"title":"Letters to Juliet","video":false,"vote_average":6.4,"vote_count":188},{"adult":false,"backdrop_path":"/zUURD3HOeQbzkyysG4bm5ZfZ9Gl.jpg","genre_ids":[35],"id":133790,"original_language":"en","original_title":"Clear History","overview":"Nathan Flomm, in order to avoid the humiliation of having missed out on a hugely successful business, assumes a new identity on Martha's Vineyard. He plots revenge when his former business partner moves to the same town.","release_date":"2013-08-10","poster_path":"/sRxcAPUwUJBjtLpnlt79E8qo1kP.jpg","popularity":1.744125,"title":"Clear History","video":false,"vote_average":6.4,"vote_count":55},{"adult":false,"backdrop_path":"/t4d5z96VgQ2Vd9DshAcmd3cJg9b.jpg","genre_ids":[28,80,53],"id":37645,"original_language":"en","original_title":"L'Immortel","overview":"Charly Matteï has turned his back on his life as an outlaw. For the last three years, he's led a peaceful life devoting himself to his wife and two children. Then, one winter morning, he's left for dead in the parking garage in Marseille's Old Port, with 22 bullets in his body. Against all the odds, he doesn't die...","release_date":"2010-03-23","poster_path":"/wTYZjPq4YA2wC99MdHZTFQuxFpd.jpg","popularity":2.297368,"title":"22 Bullets","video":false,"vote_average":6.4,"vote_count":100},{"adult":false,"backdrop_path":"/pzeR3bzYhywYQW8ANROgfKPhhd7.jpg","genre_ids":[80,27,53],"id":11454,"original_language":"en","original_title":"Manhunter","overview":"FBI Agent Will Graham, who retired after catching Hannibal Lecktor, returns to duty to engage in a risky cat-and-mouse game with Lecktor to capture a new killer. This film is based on the novel \"Red Dragon\" and predates all the later films with Anthony Hopkins as Hannibal Lecter (which also spells Lecter's name correctly).","release_date":"1986-08-14","poster_path":"/l43BtbZnLU2DaKvU7aNIZwZxpKC.jpg","popularity":0.048363,"title":"Manhunter","video":false,"vote_average":6.4,"vote_count":109},{"adult":false,"backdrop_path":"/lQBzxGpajSNWVHe3Tap4XulxFVb.jpg","genre_ids":[35],"id":9942,"original_language":"en","original_title":"Major League","overview":"When Rachel Phelps inherits the Cleveland Indians from her deceased husband, she's determined to move the team to a warmer climate -- but only a losing season will make that possible, which should be easy given the misfits she's hired. Rachel is sure her dream will come true, but she underestimates their will to succeed!","release_date":"1989-04-06","poster_path":"/nD8hYPxh4Ph12dAsWiH3nQbqYDW.jpg","popularity":1.469798,"title":"Major League","video":false,"vote_average":6.4,"vote_count":72},{"adult":false,"backdrop_path":"/6Ae5hTEgmowsgKcotKTXvoiKlpt.jpg","genre_ids":[18,36],"id":11450,"original_language":"en","original_title":"Quiz Show","overview":"Quiz Show is a 1994 American historical drama film which tells the true story of the Twenty One quiz show scandal of the 1950s.","release_date":"1994-09-23","poster_path":"/b3tVP6Dy730EySNKneVrXlSdd66.jpg","popularity":0.318919,"title":"Quiz Show","video":false,"vote_average":6.4,"vote_count":54}],"total_pages":180,"total_results":3596}
