{"page":6,"results":[{"adult":false,"backdrop_path":"/q5oiooqyWMzawR6YiZMPgxnIuwI.jpg","genre_ids":[14,18],"id":422,"original_language":"it","original_title":"8½","overview":"With 8 ½ Frederico Fellini leaves a self-portrait where dreams and reality are a mix. With help from a most excellent cast and unique scenery this self reflecting film is one of his master works.","release_date":"1963-02-15","poster_path":"/5pQlc8dp5dXzWg1yM70DZrsDpOl.jpg","popularity":2.248541,"title":"8½","video":false,"vote_average":7.8,"vote_count":92},{"adult":false,"backdrop_path":"/sNaQWTsQFfdhjKweXbgjSHKZ8YS.jpg","genre_ids":[28,37],"id":335,"original_language":"it","original_title":"C'era una volta il West","overview":"This classic western masterpiece is an epic film about a widow whose land and life are in danger as the railroad is getting closer and closer to taking them over. A mysterious harmonica player joins forces with a desperado to protect the woman and her land.","release_date":"1968-12-21","poster_path":"/rVAHRtAMhV8QVXQMQ8NxNbZXCDp.jpg","popularity":2.801168,"title":"Once Upon a Time in the West","video":false,"vote_average":7.8,"vote_count":414},{"adult":false,"backdrop_path":"/k4BAPrE5WkNLvpsPsiMfu8W4Zyi.jpg","genre_ids":[80,18],"id":598,"original_language":"pt","original_title":"Cidade de Deus","overview":"City of God depicts the raw violence in the ghettos of Rio de Janeiro. In the 1970’s that kids are carrying guns and joining gangs when they should be playing hide-and-seek.","release_date":"2002-08-30","poster_path":"/gCqnQaq8T4CfioP9uETLx9iMJF4.jpg","popularity":1.23592,"title":"City of God","video":false,"vote_average":7.7,"vote_count":568},{"adult":false,"backdrop_path":"/cqYMfKZSF8OylvQe88IGy0JX39J.jpg","genre_ids":[14],"id":10376,"original_language":"it","original_title":"La leggenda del pianista sull'oceano","overview":"The story of a virtuoso piano player who lives his entire life aboard an ocean liner. Born and raised on the ship, 1900 (Tim Roth) learned about the outside world through interactions with passengers, never setting foot on land, even for the love of his life. Years later, the ship may be destroyed, and a former band member fears that 1900 may still be aboard, willing to go down with the ship.","release_date":"1998-10-28","poster_path":"/4qmMvfkFWEZ9SocG2CeA57WAutF.jpg","popularity":1.660965,"title":"The Legend of 1900","video":false,"vote_average":7.7,"vote_count":215},{"adult":false,"backdrop_path":"/ba4CpvnaxvAgff2jHiaqJrVpZJ5.jpg","genre_ids":[80,9648,53],"id":807,"original_language":"en","original_title":"Se7en","overview":"Two homicide detectives are on a desperate hunt for a serial killer whose crimes are based on the \"seven deadly sins\" in this dark and haunting film that takes viewers from the tortured remains of one victim to the next. The seasoned Det. Sommerset researches each sin in an effort to get inside the killer's mind, while his novice partner, Mills, scoffs at his efforts to unravel the case.","release_date":"1995-09-22","poster_path":"/mhFXxB76LVgJBIfJM1sAuVBtVKv.jpg","popularity":4.399154,"title":"Se7en","video":false,"vote_average":7.7,"vote_count":2156},{"adult":false,"backdrop_path":"/puuwLLytKjZuv73SFqBihd6X5ES.jpg","genre_ids":[9648,53],"id":77,"original_language":"en","original_title":"Memento","overview":"Suffering short-term memory loss after a head injury, Leonard Shelby embarks on a grim quest to find the lowlife who murdered his wife in this gritty, complex thriller that packs more knots than a hangman's noose. To carry out his plan, Shelby snaps Polaroids of people and places, jotting down contextual notes on the backs of photos to aid in his search and jog his memory. He even tattoos his own body in a desperate bid to remember.","release_date":"2000-10-11","poster_path":"/fQMSaP88cf1nz4qwuNEEFtazuDM.jpg","popularity":4.564635,"title":"Memento","video":false,"vote_average":7.7,"vote_count":1232},{"adult":false,"backdrop_path":"/pfyWJUxrBTT2UIPoEQF3iFTHcQT.jpg","genre_ids":[80,35,28,12],"id":207703,"original_language":"en","original_title":"Kingsman: The Secret Service","overview":"Kingsman: The Secret Service tells the story of a super-secret spy organization that recruits an unrefined but promising street kid into the agency's ultra-competitive training program just as a global threat emerges from a twisted tech genius.","release_date":"2015-02-13","poster_path":"/8x7ej0LnHdKUqilNNJXYOeyB6L9.jpg","popularity":18.7663,"title":"Kingsman: The Secret Service","video":false,"vote_average":7.7,"vote_count":1733},{"adult":false,"backdrop_path":"/8BPZO0Bf8TeAy8znF43z8soK3ys.jpg","genre_ids":[12,14,28],"id":122,"original_language":"en","original_title":"The Lord of the Rings: The Return of the King","overview":"Aragorn is revealed as the heir to the ancient kings as he, Gandalf and the other members of the broken fellowship struggle to save Gondor from Sauron's forces. Meanwhile, Frodo and Sam bring the ring closer to the heart of Mordor, the dark lord's realm.","release_date":"2003-12-01","poster_path":"/50LoR9gJhbWZ5PpoHgi8MNTYgzd.jpg","popularity":5.208644,"title":"The Lord of the Rings: The Return of the King","video":false,"vote_average":7.7,"vote_count":4076},{"adult":false,"backdrop_path":"/9CdBoClQ3UuiJMSzDbQt4I0O3J0.jpg","genre_ids":[18,35],"id":234200,"original_language":"en","original_title":"Pride","overview":"It’s the summer of 1984 – Margaret Thatcher is in power and the National Union of Mineworkers (NUM) is on strike. At the Gay Pride March in London, a group of gay and lesbian activists decides to raise money to support the families of the striking miners. But there is a problem. The Union seems embarrassed to receive their support.  But the activists are not deterred. They decide to ignore the Union and go direct to the miners. They identify a mining village in deepest Wales and set off in a mini bus to make their donation in person. And so begins the extraordinary story of two seemingly alien communities who form a surprising and ultimately triumphant partnership.","release_date":"2014-09-12","poster_path":"/fk81iMvZTYo7MaYWGirPc0uzA55.jpg","popularity":2.044268,"title":"Pride","video":false,"vote_average":7.7,"vote_count":136},{"adult":false,"backdrop_path":"/rFtsE7Lhlc2jRWF7SRAU0fvrveQ.jpg","genre_ids":[28,12,878],"id":99861,"original_language":"en","original_title":"Avengers: Age of Ultron","overview":"When Tony Stark tries to jumpstart a dormant peacekeeping program, things go awry and Earth’s Mightiest Heroes are put to the ultimate test as the fate of the planet hangs in the balance. As the villainous Ultron emerges, it is up to The Avengers to stop him from enacting his terrible plans, and soon uneasy alliances and unexpected action pave the way for an epic and unique global adventure.","release_date":"2015-05-01","poster_path":"/t90Y3G8UGQp0f0DrP60wRu9gfrH.jpg","popularity":12.031458,"title":"Avengers: Age of Ultron","video":false,"vote_average":7.7,"vote_count":1802},{"adult":false,"backdrop_path":"/7mgKeg18Qml5nJQa56RBZO7dIu0.jpg","genre_ids":[28,878],"id":137113,"original_language":"en","original_title":"Edge of Tomorrow","overview":"Major Bill Cage is an officer who has never seen a day of combat when he is unceremoniously demoted and dropped into combat. Cage is killed within minutes, managing to take an alpha alien down with him. He awakens back at the beginning of the same day and is forced to fight and die again... and again - as physical contact with the alien has thrown him into a time loop.","release_date":"2014-06-06","poster_path":"/tpoVEYvm6qcXueZrQYJNRLXL88s.jpg","popularity":8.0452,"title":"Edge of Tomorrow","video":false,"vote_average":7.7,"vote_count":1966},{"adult":false,"backdrop_path":"/uafcAxvaM0Sos0txeoK9TXCIFTX.jpg","genre_ids":[18],"id":10435,"original_language":"en","original_title":"Chaplin","overview":"A film about the troubled and controversial life of the master comedy filmmaker.","release_date":"1992-12-18","poster_path":"/x9FZhpC0D9S2a9YWS4zMXXHNHmS.jpg","popularity":0.35705,"title":"Chaplin","video":false,"vote_average":7.7,"vote_count":54},{"adult":false,"backdrop_path":"/4qfXT9BtxeFuamR4F49m2mpKQI1.jpg","genre_ids":[28,12,878],"id":100402,"original_language":"en","original_title":"Captain America: The Winter Soldier","overview":"After the cataclysmic events in New York with The Avengers, Steve Rogers, aka Captain America is living quietly in Washington, D.C. and trying to adjust to the modern world. But when a S.H.I.E.L.D. colleague comes under attack, Steve becomes embroiled in a web of intrigue that threatens to put the world at risk. Joining forces with the Black Widow, Captain America struggles to expose the ever-widening conspiracy while fighting off professional assassins sent to silence him at every turn. When the full scope of the villainous plot is revealed, Captain America and the Black Widow enlist the help of a new ally, the Falcon. However, they soon find themselves up against an unexpected and formidable enemy—the Winter Soldier.","release_date":"2014-04-04","poster_path":"/5TQ6YDmymBpnF005OyoB7ohZps9.jpg","popularity":7.9894,"title":"Captain America: The Winter Soldier","video":false,"vote_average":7.7,"vote_count":2213},{"adult":false,"backdrop_path":"/qkpsvso2neEr7v6YnyMoZtm6R9F.jpg","genre_ids":[35],"id":914,"original_language":"en","original_title":"The Great Dictator","overview":"Chaplin plays two totally opposite roles in his first \"talkie,\" giving a superb display of his boundless talent for both inspired comedy and powerful drama. One of his masterfully drawn characters is a Jewish barber facing the constant threat of storm troopers and religious persecution. The other is the great dictator, Hynkel, a brilliant lampoon of Adolph Hitler that is awesome proof of Chaplin's pantomime genius. The movie's famous highlight comes in its final scene, when Chaplin steps out of character and addresses the camera with an eloquent plea for the triumph of reason and humanity over mindless militarism.","release_date":"1940-10-15","poster_path":"/i9rN9JPbTHplRa9OLEwcymUAKvb.jpg","popularity":2.370594,"title":"The Great Dictator","video":false,"vote_average":7.7,"vote_count":218},{"adult":false,"backdrop_path":"/76FPQybm3Va8bhyH3WGPBxFmg3o.jpg","genre_ids":[16,10751],"id":229407,"original_language":"en","original_title":"Puppy","overview":"A Minion, seeing many owners walk their dogs, wants a puppy of his own. He tries to leash a ladybug but fails. Luckily, a UFO that sweeps away the ladybug somehow agrees to become a Puppy.","release_date":"2013-12-10","poster_path":"/maBSw4YgUzjQoowiMI51FG0Npzc.jpg","popularity":2.334553,"title":"Puppy","video":false,"vote_average":7.7,"vote_count":53},{"adult":false,"backdrop_path":"/zMnVqsxi5g2nPglCMy49fYTLAOk.jpg","genre_ids":[35,10749],"id":804,"original_language":"en","original_title":"Roman Holiday","overview":"Cosseted European princess who goes AWOL in Rome and is soon taken under the wing of tabloid journalist Joe Bradley and his photographer sidekick, Irving Radovich. She thinks the boys don't suspect who she really is, but they're onto her -- and sense a sensational story if they can just keep Princess Ann handlers from retrieving her too soon.","release_date":"1953-09-02","poster_path":"/konkuLjrROMzc1ieWxpnTqMnb4E.jpg","popularity":1.578041,"title":"Roman Holiday","video":false,"vote_average":7.7,"vote_count":124},{"adult":false,"backdrop_path":"/eSZUjmpNSnQZ2Wp1IRdlbUpSAuz.jpg","genre_ids":[12,18,10749],"id":175,"original_language":"fr","original_title":"Le Grand Bleu","overview":"Two men answer the call of the ocean in this romantic fantasy-adventure.  Jacques (Jean-Marc Barr) and Enzo (Jean Reno) are a pair of friends who have been close since childhood, and who share a passion for the dangerous sport of free diving. Professional diver Jacques opted to follow in the footsteps of his father, who died at sea when Jacques was a boy; to the bewilderment of scientists, Jacques harbors a remarkable ability to adjust his heart rate and breathing pattern in the water, so that his vital signs more closely resemble that of dolphins than men (he even considers a school of dolphins as his extended family).  As Enzo persuades a reluctant Jacques to compete against him in a free diving contest -- determining who can dive deeper and longer without scuba gear -- Jacques meets Johana (Rosanna Arquette), a beautiful insurance investigator from America, and he finds that he must choose between his love for her and his love of the sea.","release_date":"1988-05-11","poster_path":"/w4TWqa7SiXP0Hm4rkRnCfXwIeRK.jpg","popularity":2.319006,"title":"The Big Blue","video":false,"vote_average":7.7,"vote_count":98},{"adult":false,"backdrop_path":"/w0RHju6nGeLhj1Ryb7mqf5xCbtG.jpg","genre_ids":[28,18,53],"id":109424,"original_language":"en","original_title":"Captain Phillips","overview":"The true story of Captain Richard Phillips and the 2009 hijacking by Somali pirates of the US-flagged MV Maersk Alabama, the first American cargo ship to be hijacked in two hundred years.","release_date":"2013-10-11","poster_path":"/AnMTMPTUzeWNbYxzp29WqYf1br1.jpg","popularity":3.966623,"title":"Captain Phillips","video":false,"vote_average":7.7,"vote_count":1076},{"adult":false,"backdrop_path":"/s2bT29y0ngXxxu2IA8AOzzXTRhd.jpg","genre_ids":[28,53,878,9648,12],"id":27205,"original_language":"en","original_title":"Inception","overview":"Cobb, a skilled thief who commits corporate espionage by infiltrating the subconscious of his targets is offered a chance to regain his old life as payment for a task considered to be impossible: \"inception\", the implantation of another person's idea into a target's subconscious.","release_date":"2010-07-16","poster_path":"/qmDpIHrmpJINaRKAfWQfftjCdyi.jpg","popularity":6.065176,"title":"Inception","video":false,"vote_average":7.7,"vote_count":7078},{"adult":false,"backdrop_path":"/u2NBDskoEAcm1bkizX5f9zoxL34.jpg","genre_ids":[878,12,14],"id":775,"original_language":"fr","original_title":"Le voyage dans la lune","overview":"A Trip to The Moon is a science fiction film from the French film pioneer Georges Méliès from the year 1902 about a trip to the moon. The film was the first film with a self-contained plot and was the beginning of the Science Fiction genre.","release_date":"1902-09-01","poster_path":"/zztHYAfSecYuaDyIjQudjKaOLLY.jpg","popularity":1.233916,"title":"A Trip to the Moon","video":false,"vote_average":7.7,"vote_count":50}],"total_pages":180,"total_results":3596}
