{"page":63,"results":[{"adult":false,"backdrop_path":"/uF9Pn5ZogD4QOonU0nIiTMKYOMm.jpg","genre_ids":[18,14],"id":1024,"original_language":"en","original_title":"Heavenly Creatures","overview":"Based on the true story of Juliet Hulme and Pauline Parker, two close friends who share a love of fantasy and literature, who conspire to kill Pauline's mother when she tries to end the girls' intense and obsessive relationship.","release_date":"1994-09-02","poster_path":"/5ek49TUeqStPmKwNdxrCSUAdXNe.jpg","popularity":1.508053,"title":"Heavenly Creatures","video":false,"vote_average":6.7,"vote_count":55},{"adult":false,"backdrop_path":"/7KUfpN82cevnzh7F4rX5r12GZfE.jpg","genre_ids":[35,10749],"id":19265,"original_language":"en","original_title":"Whatever Works","overview":"Whatever Works explores the relationship between a crotchety misanthrope, Boris and a naïve, impressionable young runaway from the south, Melody. When Melody's uptight parents arrive in New York to rescue her, they are quickly drawn into wildly unexpected romantic entanglements. Everyone discovers that finding love is just a combination of lucky chance and appreciating the value of \"whatever works.\"","release_date":"2009-06-19","poster_path":"/mGL6OgyBsrcoB4lnJNYvyqHrUYa.jpg","popularity":2.12452,"title":"Whatever Works","video":false,"vote_average":6.7,"vote_count":68},{"adult":false,"backdrop_path":"/j8qHxUWxb2h4cqs60ol0Cb59drS.jpg","genre_ids":[80,18,53],"id":8270,"original_language":"en","original_title":"The Lookout","overview":"Chris is a once promising high school athlete whose life is turned upside down following a tragic accident. As he tries to maintain a normal life, he takes a job as a janitor at a bank, where he ultimately finds himself caught up in a planned heist.","release_date":"2007-03-09","poster_path":"/jSJca1tqlj08fGeqngTmr4UJ9ON.jpg","popularity":0.552407,"title":"The Lookout","video":false,"vote_average":6.7,"vote_count":52},{"adult":false,"backdrop_path":"/hU7YAbnf49QLnvxs30aCgGgSb9T.jpg","genre_ids":[35],"id":11000,"original_language":"en","original_title":"The Birdcage","overview":"A gay cabaret owner and his drag queen companion agree to put up a false straight front so that their son can introduce them to his fiancé's right-wing moralistic parents.","release_date":"1996-03-08","poster_path":"/wRTkvqRTB05gcGInsnGqVgLkb3t.jpg","popularity":1.35603,"title":"The Birdcage","video":false,"vote_average":6.7,"vote_count":82},{"adult":false,"backdrop_path":"/kNkB1lIiSMtrgb5DnVrKomSOSN2.jpg","genre_ids":[12,80,18,9648,53],"id":574,"original_language":"en","original_title":"The Man Who Knew Too Much","overview":"A widescreen, Technicolor remake of Hitchcock's own 1934 film of the same title starring James Stewart and Doris Day. A couple vacationing in Morocco with their son accidentally stumble upon an assassination plot. When their son is kidnapped to ensure their silence, they have to take matters into their own hands to save him.","release_date":"1956-06-01","poster_path":"/vhUOukoJTWPfVpZOiKwrjdEV4OX.jpg","popularity":2.294914,"title":"The Man Who Knew Too Much","video":false,"vote_average":6.7,"vote_count":53},{"adult":false,"backdrop_path":"/pVixMBjeICME6a8oezSGymkpmXs.jpg","genre_ids":[878,18],"id":55420,"original_language":"en","original_title":"Another Earth","overview":"On the night of the discovery of a duplicate Earth in the Solar system, an ambitious young student and an accomplished composer cross paths in a tragic accident.","release_date":"2011-07-22","poster_path":"/yvjrhdXPEPB5rZbLjXCnfL4zY6V.jpg","popularity":2.015767,"title":"Another Earth","video":false,"vote_average":6.6,"vote_count":175},{"adult":false,"backdrop_path":"/rxWM3Jnb4sCmmyALeSwK6RlyooP.jpg","genre_ids":[10749],"id":112949,"original_language":"en","original_title":"Safe Haven","overview":"A young woman with a mysterious past lands in Southport, North Carolina where her bond with a widower forces her to confront the dark secret that haunts her.","release_date":"2013-02-14","poster_path":"/q5u3anNtsMoCFi1uwK2UfWHkOFt.jpg","popularity":2.479275,"title":"Safe Haven","video":false,"vote_average":6.6,"vote_count":347},{"adult":false,"backdrop_path":"/zJyDbdoyNquF2GnfFdvD54y2OBG.jpg","genre_ids":[18,14],"id":8967,"original_language":"en","original_title":"The Tree of Life","overview":"The impressionistic story of a Texas family in the 1950s. The film follows the life journey of the eldest son, Jack, through the innocence of childhood to his disillusioned adult years as he tries to reconcile a complicated relationship with his father. Jack finds himself a lost soul in the modern world, seeking answers to the origins and meaning of life while questioning the existence of faith.","release_date":"2011-05-27","poster_path":"/ptDOdfOg0srtk4TGdeYbLqxv2nd.jpg","popularity":1.077372,"title":"The Tree of Life","video":false,"vote_average":6.6,"vote_count":300},{"adult":false,"backdrop_path":"/pAHa892SfUcANURmhrx4SCkx3jR.jpg","genre_ids":[28,12,80,18],"id":10060,"original_language":"en","original_title":"Get Rich or Die Tryin'","overview":"A tale of an inner city drug dealer who turns away from crime to pursue his passion, rap music.","release_date":"2005-11-09","poster_path":"/kmP2EA5O760ylJsQHybEI9CwPA1.jpg","popularity":2.298266,"title":"Get Rich or Die Tryin'","video":false,"vote_average":6.6,"vote_count":65},{"adult":false,"backdrop_path":"/fAbDSD1wMTLbM5ANAUBFKeCJkxO.jpg","genre_ids":[27,878],"id":9426,"original_language":"en","original_title":"The Fly","overview":"When Seth Brundle makes a huge scientific and technological breakthrough in teleportation, he decides to test it on himself. Unbeknownst to him, a common housefly manages to get inside the device and the two become one.","release_date":"1986-08-15","poster_path":"/q49tjSe3O152t9QVwaradePGu7W.jpg","popularity":0.594918,"title":"The Fly","video":false,"vote_average":6.6,"vote_count":211},{"adult":false,"backdrop_path":"/iNj9LMS5APEHKsFLJdd5geQ94HM.jpg","genre_ids":[10402,18,10749,80],"id":9762,"original_language":"en","original_title":"Step Up","overview":"Everyone deserves a chance to follow their dreams, but some people only get one shot. Tyler Gage is a rebel from the wrong side of Baltimore¹s tracks and the only thing that stands between him and an unfulfilled life are his dreams of one day making it out of there. Nora is a privileged ballet dancer attending Baltimore¹s ultra-elite Maryland School of the Arts","release_date":"2006-08-11","poster_path":"/gyLww7ZlcwuzqvIwM1osR9Ioqtm.jpg","popularity":3.000198,"title":"Step Up","video":false,"vote_average":6.6,"vote_count":285},{"adult":false,"backdrop_path":"/ow0sx3Sk2BvbtpYMXwAQRNMdIMW.jpg","genre_ids":[35,18,10749],"id":9675,"original_language":"en","original_title":"Sideways","overview":"Two middle-aged men embark on a spiritual journey through Californian wine country. One of them an unpublished novelist suffering from depression, the other only days away from walking down the aisle. Both meet two beautiful women on their trip and become romantically involved with them.","release_date":"2004-10-22","poster_path":"/xg9EXz9SPJMxnnIMC4f9r8m5izr.jpg","popularity":0.868404,"title":"Sideways","video":false,"vote_average":6.6,"vote_count":150},{"adult":false,"backdrop_path":"/krgbGFHNXs9Xt4CYOhERo9hllfM.jpg","genre_ids":[18,12,878,10749],"id":1381,"original_language":"en","original_title":"The Fountain","overview":"Spanning over one thousand years, and three parallel stories, The Fountain is a story of love, death, spirituality, and the fragility of our existence in this world.","release_date":"2006-11-22","poster_path":"/lGIJvQ8ZQazOHVAA0E34yIy7gxv.jpg","popularity":2.339337,"title":"The Fountain","video":false,"vote_average":6.6,"vote_count":193},{"adult":false,"backdrop_path":"/4P5yVNTA3RWXLgXWPAxCWRTJ4le.jpg","genre_ids":[18,28,36,53],"id":612,"original_language":"en","original_title":"Munich","overview":"During the 1972 Olympic Games in Munich, eleven Israeli athletes are taken hostage and murdered by a Palestinian terrorist group known as Black September. In retaliation, the Israeli government recruits a group of Mossad agents to track down and execute those responsible for the attack.","release_date":"2005-12-22","poster_path":"/3pnsX1egUElYvgmAcCqYvXVOY9O.jpg","popularity":1.852363,"title":"Munich","video":false,"vote_average":6.6,"vote_count":212},{"adult":false,"backdrop_path":"/pQUxfw0ZVb5AK9PYyTzjYaEIs3m.jpg","genre_ids":[18,53],"id":2652,"original_language":"en","original_title":"Hard Candy","overview":"A mature 14-year old girl meets a charming 32-year old photographer on the Internet. Suspecting that he is a pedophile, she goes to his home in an attempt to expose him.","release_date":"2005-01-14","poster_path":"/1xInhmQVOOVS7xFT5DthpIwUTDI.jpg","popularity":1.483872,"title":"Hard Candy","video":false,"vote_average":6.6,"vote_count":202},{"adult":false,"backdrop_path":"/d7yZz1SmFNLSbZGilW2wAd9gcBd.jpg","genre_ids":[18,14,9648,53],"id":2668,"original_language":"en","original_title":"Sleepy Hollow","overview":"New York detective Ichabod Crane is sent to Sleepy Hollow to investigate a series of mysterious deaths in which the victims are found beheaded. But the locals believe the culprit to be none other than the ghost of the legendary Headless Horseman.","release_date":"1999-11-18","poster_path":"/yaX0WQstEi2akQXffoJUxyOsZkj.jpg","popularity":1.521808,"title":"Sleepy Hollow","video":false,"vote_average":6.6,"vote_count":495},{"adult":false,"backdrop_path":"/gxoO809imgs2hxDwFUmKamfxSHa.jpg","genre_ids":[35,18,10749],"id":8051,"original_language":"en","original_title":"Punch-Drunk Love","overview":"A beleaguered small-business owner gets a harmonium and embarks on a romantic journey with a mysterious woman.","release_date":"2002-10-25","poster_path":"/k4pekJKEdaV2fv4S89A8GCV7u7Y.jpg","popularity":1.666408,"title":"Punch-Drunk Love","video":false,"vote_average":6.6,"vote_count":144},{"adult":false,"backdrop_path":"/uLhpV983X2BLSpnfzwASZWmgEUL.jpg","genre_ids":[18,27,9648],"id":41402,"original_language":"en","original_title":"Let Me In","overview":"This is a remake of the movie \"Let The Right One In\" which was a movie adaptation of a book. A story of a young boy who is frequently bullied and a young girl that moves in next door with her caretaker. It is established that she is a vampire and, after losing her caretaker, must leave in order to survive. A story of innocent love entangled in murder, mystery, and horror.","release_date":"2010-10-01","poster_path":"/90Y8RVSlOnWsG8PO6evI4ycXItg.jpg","popularity":3.239031,"title":"Let Me In","video":false,"vote_average":6.6,"vote_count":202},{"adult":false,"backdrop_path":"/bd8RdP2OduLBGkUMdc8PZPjdtbI.jpg","genre_ids":[35,80,18,10749],"id":256591,"original_language":"en","original_title":"Focus","overview":"A veteran grifter takes a young, attractive woman under his wing, but things get complicated when they become romantically involved.","release_date":"2015-02-27","poster_path":"/9IElGiLkxPLUWZ3avy31bNSG3Tq.jpg","popularity":10.091823,"title":"Focus","video":false,"vote_average":6.6,"vote_count":748},{"adult":false,"backdrop_path":"/r8nIuvtJBmFvvW07KmOGKKm6NQF.jpg","genre_ids":[35,10751,14],"id":10830,"original_language":"en","original_title":"Matilda","overview":"A grouchy couple are parents to a very sweet girl, Matilda. Unlike her bratty brother and mean parents, Matilda becomes a very sweet and extremely intelligent 6 year old girl, who is very keen to go to school and read books. After a while, her parents send her to school with the worst principal in the world, a very sweet teacher, and good friends. While trying to put up with her parents' and principal's cruelty, she starts to unwittingly unleash telekinetic powers, destroying a television and making a newt fly onto the principal. With enough practice, Matilda starts to learn to control her telekinetic powers and soon using them on her principal so she can drive her away from the school.","release_date":"1996-07-28","poster_path":"/vddUwPL3L8MBH4FrEDCAZM9T6sj.jpg","popularity":1.78751,"title":"Matilda","video":false,"vote_average":6.6,"vote_count":192}],"total_pages":180,"total_results":3596}
