{"page":153,"results":[{"adult":false,"backdrop_path":"/fdP1YTHyskg4zH8Ap41Wczf5yWG.jpg","genre_ids":[14,35,18],"id":238215,"original_language":"en","original_title":"The Cobbler","overview":"Max Simkin repairs shoes in the same New York shop that has been in his family for generations. Disenchanted with the grind of daily life, Max stumbles upon a magical heirloom that allows him to step into the lives of his customers and see the world in a new way. Sometimes walking in another man's shoes is the only way one can discover who they really are.","release_date":"2014-09-11","poster_path":"/vebsGSrMDUac7Qugm02MCsoM49o.jpg","popularity":2.480642,"title":"The Cobbler","video":false,"vote_average":5.6,"vote_count":143},{"adult":false,"backdrop_path":"/wULBSnY3AaR9PfN6kYT8vLA8HfW.jpg","genre_ids":[80,18,53],"id":146238,"original_language":"en","original_title":"Runner Runner","overview":"When a poor college student who cracks an online poker game goes bust, he arranges a face-to-face with the man he thinks cheated him, a sly offshore entrepreneur.","release_date":"2013-10-02","poster_path":"/vh3pmcySB3sWkNwLRIyrbTugSrD.jpg","popularity":1.535692,"title":"Runner Runner","video":false,"vote_average":5.6,"vote_count":288},{"adult":false,"backdrop_path":"/oUsa0d6Dd9VKbotmfAxuiZHbPtr.jpg","genre_ids":[28,18,80],"id":266396,"original_language":"en","original_title":"The Gunman","overview":"Eight years after fleeing the Congo following his assassination of that country's minister of mining, former assassin Jim Terrier is back, suffering from PTSD and digging wells to atone for his violent past. After an attempt is made on his life, Terrier flies to London to find out who wants him dead -- and why. Terrier's search leads him to a reunion with Annie, a woman he once loved, who is now married to an oily businessman with dealings in Africa.","release_date":"2015-02-16","poster_path":"/luXBGFR9SKjQWJh0bardHLNDpT5.jpg","popularity":4.299213,"title":"The Gunman","video":false,"vote_average":5.6,"vote_count":96},{"adult":false,"backdrop_path":"/f0frE29Bds70oHdYwnfRoAWAUM7.jpg","genre_ids":[35,18,10749,10751],"id":11130,"original_language":"en","original_title":"The Princess Diaries 2: Royal Engagement","overview":"Mia Thermopolis is now a college graduate and on her way to Genovia to take up her duties as princess. Her best friend Lilly also joins her for the summer. Mia continues her 'princess lessons'- riding horses side-saddle, archery, and other royal. But her complicated life is turned upside down once again when she not only learns that she is to take the crown as queen earlier than expected...","release_date":"2004-08-06","poster_path":"/eu79w5ekffqqzxxwBdaxVPiURwB.jpg","popularity":1.475944,"title":"The Princess Diaries 2: Royal Engagement","video":false,"vote_average":5.6,"vote_count":152},{"adult":false,"backdrop_path":"/9csHsEuRjY9DqjbWmAU3pCI6y2o.jpg","genre_ids":[18,35,10402,10751],"id":13649,"original_language":"en","original_title":"High School Musical 2","overview":"The East High Wildcats are ready to have the time of their lives. Troy (Zac Efron) is thrilled when he’s offered a job in a country club, but it’s all part of Sharpay’s (Ashley Tisdale) plot to lure him away from Gabriella (Vanessa Hudgens). How will it all turn out? All questions are answered on the night of the club’s Talent Show.","release_date":"2007-08-17","poster_path":"/oZ0u3CLAdSzJWAVXsHhGqzmCiNG.jpg","popularity":1.999521,"title":"High School Musical 2","video":false,"vote_average":5.6,"vote_count":162},{"adult":false,"backdrop_path":"/mQbe5JOe4AZJewuIQkWzSWOKbEu.jpg","genre_ids":[27,53],"id":9885,"original_language":"en","original_title":"Wolf Creek","overview":"Stranded backpackers in remote Australia fall prey to a murderous bushman who offers to fix their car, then takes them captive","release_date":"2005-11-02","poster_path":"/eiQqXee0LwUvwHWp6QnZDoP1qdI.jpg","popularity":1.608561,"title":"Wolf Creek","video":false,"vote_average":5.6,"vote_count":65},{"adult":false,"backdrop_path":"/2hsd6MbbhVyfjozeU9oonyyKymR.jpg","genre_ids":[35,18,878],"id":7095,"original_language":"en","original_title":"Jack","overview":"Jack Powell suffers from an affliction that makes him grow four times faster than normal, so the 10-year-old looks like a 40-year-old man. After years of being tutored at home, Jack convinces his overprotective parents to send him to public school. The children don't know what to make of Jack, but with the help of his fifth-grade teacher, he makes an effort to win them over.","release_date":"1996-08-09","poster_path":"/nOgHa5ggt6vbmIuoNW7exrJQJq9.jpg","popularity":1.406544,"title":"Jack","video":false,"vote_average":5.6,"vote_count":82},{"adult":false,"backdrop_path":"/r87F9i3JyJbCym8zNtdciEnexOS.jpg","genre_ids":[53,878,28,12],"id":869,"original_language":"en","original_title":"Planet of the Apes","overview":"After a spectacular crash-landing on an uncharted planet, brash astronaut Leo Davidson (Mark Wahlberg) finds himself trapped in a savage world where talking apes dominate the human race. Desperate to find a way home, Leo must evade the invincible gorilla army led by Ruthless General Thade (Tim Roth) and his most trusted warrior, Attar (Michael Clarke Duncan).","release_date":"2001-07-26","poster_path":"/gYQKMOwLolMRyofpRzXPAawiLPC.jpg","popularity":2.870032,"title":"Planet of the Apes","video":false,"vote_average":5.6,"vote_count":394},{"adult":false,"backdrop_path":"/2fwHVLvh6kdwCujsMwtNmwRJAf1.jpg","genre_ids":[18],"id":38167,"original_language":"en","original_title":"Eat Pray Love","overview":"Liz Gilbert had everything a modern woman is supposed to dream of having - a husband, a house, a successful career - yet like so many others, she found herself lost, confused, and searching for what she really wanted in life. Newly divorced and at a crossroads, Gilbert steps out of her comfort zone, risking everything to change her life, embarking on a journey around the world that becomes a quest for self-discovery. In her travels, she discovers the true pleasure of nourishment by eating in Italy; the power of prayer in India, and, finally and unexpectedly, the inner peace and balance of true love in Bali. Based upon the bestselling memoir by Elizabeth Gilbert.","release_date":"2010-08-12","poster_path":"/s57E4AfPIU1fxwpGGRahk6A0DUl.jpg","popularity":2.430713,"title":"Eat Pray Love","video":false,"vote_average":5.6,"vote_count":197},{"adult":false,"backdrop_path":"/sGnf6maXvsnNOG7Xubv932bbTFJ.jpg","genre_ids":[35,80],"id":4551,"original_language":"en","original_title":"Be Cool","overview":"Disenchanted with the movie industry, Chili Palmer (John Travolta) tries the music industry, meeting and romancing a widow of a music exec (Uma Thurman) on the way.","release_date":"2005-03-04","poster_path":"/6vnI3uZ9D0bsrWSlOmNM6Rz1Ee2.jpg","popularity":2.246467,"title":"Be Cool","video":false,"vote_average":5.6,"vote_count":100},{"adult":false,"backdrop_path":"/fxSQuAFg3oZIaTC75D57WAkTZ8c.jpg","genre_ids":[12,14],"id":2268,"original_language":"en","original_title":"The Golden Compass","overview":"After overhearing a shocking secret, precocious orphan Lyra Belacqua trades her carefree existence roaming the halls of Jordan College for an otherworldly adventure in the far North, unaware that it's part of her destiny.","release_date":"2007-12-07","poster_path":"/mOF2xK2xDgbpOCPgXreM4vfw9dC.jpg","popularity":2.680083,"title":"The Golden Compass","video":false,"vote_average":5.6,"vote_count":408},{"adult":false,"backdrop_path":"/f5XdBzglTZEWV6aeGhTcGk1RP7B.jpg","genre_ids":[27,53],"id":1975,"original_language":"en","original_title":"The Grudge 2","overview":"In Tokyo, a young woman (Tamblyn) is exposed to the same mysterious curse that afflicted her sister (Gellar). The supernatural force, which fills a person with rage before spreading to its next victim, brings together a group of previously unrelated people who attempt to unlock its secret to save their lives.","release_date":"2006-10-13","poster_path":"/lPN7FyCuPDHwoupcuPT72cRE8lY.jpg","popularity":0.539056,"title":"The Grudge 2","video":false,"vote_average":5.6,"vote_count":77},{"adult":false,"backdrop_path":"/3hjBNPpCIBmU6ILnofzK6oOqMUT.jpg","genre_ids":[35],"id":11397,"original_language":"en","original_title":"Not Another Teen Movie","overview":"On a bet, a gridiron hero at John Hughes High School sets out to turn a bespectacled plain Jane into a beautiful and popular prom queen in this outrageous send-up of the teen movie genre.","release_date":"2001-12-07","poster_path":"/tBOG4R39TFJ2EPBfwlJFzrgcsix.jpg","popularity":1.984892,"title":"Not Another Teen Movie","video":false,"vote_average":5.6,"vote_count":92},{"adult":false,"backdrop_path":"/3s1jogOznYmG0xPqHE45D5ir3bx.jpg","genre_ids":[27,9648,53],"id":3597,"original_language":"en","original_title":"I Know What You Did Last Summer","overview":"As they celebrate their high school graduation, four friends are involved in a hit-and-run accident when their car hits and apparently kills a pedestrian on an isolated roadway. They dispose of the body and vow to keep the incident a secret, a year later somebody starts sending them letters bearing the warning \"I Know What You Did Last Summer.\"","release_date":"1997-10-17","poster_path":"/pq2I0saIQtXeocNP4uBBR3qLOtk.jpg","popularity":0.522899,"title":"I Know What You Did Last Summer","video":false,"vote_average":5.6,"vote_count":166},{"adult":false,"backdrop_path":"/e6nQFLsLP60Erv41JE4QrsEgJbI.jpg","genre_ids":[12,14,28,53],"id":1995,"original_language":"en","original_title":"Lara Croft: Tomb Raider","overview":"English aristocrat Lara Croft is skilled in hand-to-hand combat and in the middle of a battle with a secret society. The shapely archaeologist moonlights as a tomb raider to recover lost antiquities and meets her match in the evil Powell, who's in search of a powerful relic.","release_date":"2001-06-11","poster_path":"/m6aodY7SrvlTRiUFkxClaNAIQT.jpg","popularity":3.060105,"title":"Lara Croft: Tomb Raider","video":false,"vote_average":5.6,"vote_count":927},{"adult":false,"backdrop_path":"/bfiybUiH5TEiuk1Znn2cYG4w0YD.jpg","genre_ids":[14],"id":10137,"original_language":"en","original_title":"Stuart Little","overview":"The adventures of a heroic and debonair stalwart mouse named Stuart Little with human qualities, who faces some comic misadventures while searching for his lost bird friend and living with a human family as their child.","release_date":"1999-12-17","poster_path":"/539JU71suy9q4Wd5vvkKQLl5fTC.jpg","popularity":2.533377,"title":"Stuart Little","video":false,"vote_average":5.6,"vote_count":281},{"adult":false,"backdrop_path":"/i5qm0Zw4GiN9sWK5yAVQMtK44w5.jpg","genre_ids":[12,18,14],"id":58595,"original_language":"en","original_title":"Snow White and the Huntsman","overview":"After the Evil Queen marries the King, she performs a violent coup in which the King is murdered and his daughter, Snow White, is taken captive. Almost a decade later, a grown Snow White is still in the clutches of the Queen. In order to obtain immortality, The Evil Queen needs the heart of Snow White. After Snow escapes the castle, the Queen sends the Huntsman to find her in the Dark Forest.","release_date":"2012-06-01","poster_path":"/40iabcM7KQLJzmO8yGm8AvUbxZR.jpg","popularity":2.660331,"title":"Snow White and the Huntsman","video":false,"vote_average":5.6,"vote_count":1478},{"adult":false,"backdrop_path":"/e1CMBwdeWytbSFSiEc9ax5ZSTzg.jpg","genre_ids":[28,878,53],"id":51620,"original_language":"en","original_title":"Death Race 2","overview":"In the world's most dangerous prison, a new game is born: Death Race. The rules of this adrenaline-fueled blood sport are simple, drive or die. When repentant convict Carl Lucas discovers there's a price on his head, his only hope is to survive a twisted race against an army of hardened criminals and tricked-out cars.","release_date":"2010-12-27","poster_path":"/5ARRXaWPgtIT9qKl8Db3MNuGvo3.jpg","popularity":1.235046,"title":"Death Race 2","video":false,"vote_average":5.6,"vote_count":118},{"adult":false,"backdrop_path":"/tBMh4ig85nU6EC57pXhWfosSGlW.jpg","genre_ids":[28,12,35,878,10751],"id":88751,"original_language":"en","original_title":"Journey to the Center of the Earth","overview":"On a quest to find out what happened to his missing brother, a scientist, his nephew and their mountain guide discover a fantastic and dangerous lost world in the center of the earth.","release_date":"2008-07-11","poster_path":"/nlYk34gpPfM6KFujxB9HTHZyeiL.jpg","popularity":2.23288,"title":"Journey to the Center of the Earth","video":false,"vote_average":5.5,"vote_count":372},{"adult":false,"backdrop_path":"/jU5iViCqvycEnmbX04kYZi10lnR.jpg","genre_ids":[12,28,53,35],"id":52451,"original_language":"en","original_title":"The Three Musketeers","overview":"The hot-headed young D'Artagnan along with three former legendary but now down on their luck Musketeers must unite and defeat a beautiful double agent and her villainous employer from seizing the French throne and engulfing Europe in war.","release_date":"2011-10-20","poster_path":"/n8ob0xjLIjnvqgWY57rPQYOw7t.jpg","popularity":2.244457,"title":"The Three Musketeers","video":false,"vote_average":5.5,"vote_count":373}],"total_pages":180,"total_results":3596}
