{"page":19,"results":[{"adult":false,"backdrop_path":"/lVshZpxU5EB8zXJrnXxblaDps6m.jpg","genre_ids":[12,16,35,14,10749,10751],"id":228326,"original_language":"en","original_title":"The Book of Life","overview":"From producer Guillermo del Toro and director Jorge Gutierrez comes an animated comedy with a unique visual style. THE BOOK OF LIFE is the journey of Manolo, a young man who is torn between fulfilling the expectations of his family and following his heart. Before choosing which path to follow, he embarks on an incredible adventure that spans three fantastical worlds where he must face his greatest fears. Rich with a fresh take on pop music favorites, THE BOOK OF LIFE encourages us to celebrate the past while looking forward to the future.","release_date":"2014-10-17","poster_path":"/5B4lKHSQAtT1FSEfbjJkQ8ylxAY.jpg","popularity":1.839743,"title":"The Book of Life","video":false,"vote_average":7.3,"vote_count":244},{"adult":false,"backdrop_path":"/yFQg8nKzAWGNNBg277bvHyWSCJu.jpg","genre_ids":[18],"id":1402,"original_language":"en","original_title":"The Pursuit of Happyness","overview":"Based on a true story about a man named Christopher Gardner, who has invested heavily in a device known as a \"Bone Density scanner\". However, the devices do not sell as they are just marginally better than the current technology at a much higher price. As Gardner tries to figure out how to sell them, his wife leaves him, he loses his house, his bank account, and credit cards. Forced to live out in the streets with his son, Gardner is now desperate to find a steady job; he takes on a job as a stockbroker, but before he can receive pay, he needs to go through 6 months of training, and to sell his devices.","release_date":"2006-12-14","poster_path":"/qTyZ6bRb36FjoDPszbWa6zVYzJZ.jpg","popularity":2.762284,"title":"The Pursuit of Happyness","video":false,"vote_average":7.3,"vote_count":795},{"adult":false,"backdrop_path":"/my0hjfD40HJTPvLk9XyXeLcBjpm.jpg","genre_ids":[28,80,53],"id":393,"original_language":"en","original_title":"Kill Bill: Vol. 2","overview":"The Bride unwaveringly continues on her \"roaring rampage of revenge\" against the band of assassins who had tried to kill her and her unborn child. The woman visits each of her former associates one by one, checking off the victims on her Death List Five until there's nothing left to do … but kill Bill.","release_date":"2004-04-15","poster_path":"/eW6IUkxqNdESbEcP2KKXukdx0zm.jpg","popularity":2.322472,"title":"Kill Bill: Vol. 2","video":false,"vote_average":7.3,"vote_count":1198},{"adult":false,"backdrop_path":"/hhjC6MiQUoxAZgg8GmKRB8c6URe.jpg","genre_ids":[10751,16],"id":286192,"original_language":"en","original_title":"Lava","overview":"The story follows the love story of two volcanoes, Uku and Lele. It features a song, \"Lava\", which is written by Murphy and performed by Kuana Torres Kahele and Napua Greig, who voice the two volcanoes.","release_date":"2015-06-19","poster_path":"/oNfaNS1WM0bc7wOEm2SAItLggnI.jpg","popularity":2.620383,"title":"Lava","video":false,"vote_average":7.3,"vote_count":79},{"adult":false,"backdrop_path":"/kptmPB0rwfLqf1yQPCWewCoyiiq.jpg","genre_ids":[35,18,53],"id":290,"original_language":"en","original_title":"Barton Fink","overview":"A renowned New York playwright is enticed to California to write for the movies and discovers the hellish truth of Hollywood.","release_date":"1991-08-01","poster_path":"/dAsGm1jsQIJTe0oX081eXUDyFWY.jpg","popularity":0.820483,"title":"Barton Fink","video":false,"vote_average":7.3,"vote_count":89},{"adult":false,"backdrop_path":"/yMw0Wt63jTz24WIOn4e2UeZWwzI.jpg","genre_ids":[35,18],"id":37165,"original_language":"en","original_title":"The Truman Show","overview":"Truman Burbank is the star of \"The Truman Show\", a 24-hour-a-day \"reality\" TV show that broadcasts every aspect of his life -- live and in color -- without his knowledge. His entire life has been an unending soap opera for consumption by the rest of the world. And everyone he knows--including his wife and his best friend -- is really an actor, paid to be part of his life.","release_date":"1998-06-04","poster_path":"/EelZzudHRvJmjWccWscN1S5vmI.jpg","popularity":2.944341,"title":"The Truman Show","video":false,"vote_average":7.3,"vote_count":1042},{"adult":false,"backdrop_path":"/7B3I7S9a4bLonbYw6XVcoDzW8RT.jpg","genre_ids":[18,10749],"id":109689,"original_language":"en","original_title":"Tengo ganas de ti","overview":"Sequel to \"Three Steps Above Heaven\". The sexy Gin (Clara Lago) is the new love of Hache (Mario Casas), but this can not forget his former girlfriend (Maria Valverde), so the love triangle is inevitable.","release_date":"2012-06-22","poster_path":"/pwlqkymWu0I4E6Xqk9WGA9E73n7.jpg","popularity":2.329349,"title":"I Want You","video":false,"vote_average":7.3,"vote_count":70},{"adult":false,"backdrop_path":"/kgxidO6gSm0qB8C8QMvelmf2Wsd.jpg","genre_ids":[28,35],"id":238713,"original_language":"en","original_title":"Spy","overview":"A desk-bound CIA analyst volunteers to go undercover to infiltrate the world of a deadly arms dealer, and prevent diabolical global disaster.","release_date":"2015-06-05","poster_path":"/49Akyhe0gnuokaDIKKDldFRBoru.jpg","popularity":7.79484,"title":"Spy","video":false,"vote_average":7.3,"vote_count":495},{"adult":false,"backdrop_path":"/37U5GoPmbFK7wRMxlJJ854OzWs.jpg","genre_ids":[28,53,9648],"id":260,"original_language":"en","original_title":"The 39 Steps","overview":"The 39 Steps is one of Alfred Hitchcock’s masterpieces. A romantic thriller that revolves around a Canadian tourist visiting London who gets caught in the middle of a murder plot that has police and the secret service after him. A classic Hitchcock of romance mixed with adventure and picturesque scenes.","release_date":"1935-06-01","poster_path":"/9v283GWj9a0AC8wwC4zriNqY1lZ.jpg","popularity":2.041919,"title":"The 39 Steps","video":false,"vote_average":7.3,"vote_count":51},{"adult":false,"backdrop_path":"/6fDqNg8g7NJXUmsF1Dm4Y3iTAZW.jpg","genre_ids":[18,14,10751],"id":1585,"original_language":"en","original_title":"It's a Wonderful Life","overview":"George Bailey has spent his entire life giving of himself to the people of Bedford Falls. He has always longed to travel but never had the opportunity in order to prevent rich skinflint Mr. Potter from taking over the entire town. All that prevents him from doing so is George's modest building and loan company, which was founded by his generous father. But on Christmas Eve, George's Uncle Billy loses the business's $8,000 while intending to deposit it in the bank. Potter finds the misplaced money, hides it from Billy, and George's troubles begin.","release_date":"1946-12-30","poster_path":"/qZJ6d1SDsfoztmBfStwkBeTaOwG.jpg","popularity":0.702757,"title":"It's a Wonderful Life","video":false,"vote_average":7.3,"vote_count":306},{"adult":false,"backdrop_path":"/2C4XRT2yO6LTUViyduybpEfsJCE.jpg","genre_ids":[28,12,35,18,10749,10752],"id":961,"original_language":"en","original_title":"The General","overview":"The General is a 1927 American silent film comedy from Buster Keaton. The film flopped when first released but is now regarded as the height of silent film comedy. The film is based on events from America’s civil war.","release_date":"1927-01-17","poster_path":"/8sE1S2fOW7XMt0URZoHiiNsJMzr.jpg","popularity":0.668539,"title":"The General","video":false,"vote_average":7.3,"vote_count":59},{"adult":false,"backdrop_path":"/dk4eJkHrrL8nFI41AdgGEz56Kia.jpg","genre_ids":[18,10749],"id":90369,"original_language":"en","original_title":"Now Is Good","overview":"Tessa, a girl who is dying of leukaemia and tries to enjoy her remaining life as much as she possibly can.\r She compiles a list of things she'd like to do before passing away. Topping the list is her desire to lose her virginity.","release_date":"2012-05-25","poster_path":"/pnVbqegDYPfZjuhXUV3CMybAtgk.jpg","popularity":1.905735,"title":"Now Is Good","video":false,"vote_average":7.3,"vote_count":88},{"adult":false,"backdrop_path":"/2kGP9gJEONx1hjgRjbusXzAbKQf.jpg","genre_ids":[16,28,53,878],"id":64956,"original_language":"en","original_title":"Inception: The Cobol Job","overview":"The Cobol Job is a fourteen-minute animated prequel to Christopher Nolan’s award-winning movie: Inception, detailing the heist on Mr. Kaneda's mind by Nash, Cobb, Arthur, and several Cobol Engineering thugs.","release_date":"2010-12-07","poster_path":"/yr6XX4c7BOvxVjV6cJePwZdUlLn.jpg","popularity":1.891769,"title":"Inception: The Cobol Job","video":false,"vote_average":7.3,"vote_count":109},{"adult":false,"backdrop_path":"/eBqZdccNpwswdIrbx64Snml1dOI.jpg","genre_ids":[80,18,9648,53],"id":910,"original_language":"en","original_title":"The Big Sleep","overview":"Private Detective Philip Marlowe is hired by a rich family. Before the complex case is over, he's seen murder, blackmail, and what might be love.","release_date":"1946-08-23","poster_path":"/5EBI8HfYPXIBX50O3Ppwt49MCtv.jpg","popularity":0.929464,"title":"The Big Sleep","video":false,"vote_average":7.3,"vote_count":53},{"adult":false,"backdrop_path":"/p0u5vq9oXjMyTZinWTNjYwGRDN4.jpg","genre_ids":[18,10769],"id":614,"original_language":"en","original_title":"Smultronstället","overview":"Professor of medicine Isak Borg travels to Lund University in order to receive his anniversary title. Along the road he meets strangers and relatives, and in his dreams he is confronted with his own past as well as fear of insufficiency.","release_date":"1957-12-26","poster_path":"/je9lvVfSihc4L4yMNmw0rg6oks0.jpg","popularity":0.413102,"title":"Wild Strawberries","video":false,"vote_average":7.3,"vote_count":58},{"adult":false,"backdrop_path":"/6S8i52Q1ipCVYphnBJLhzCy0lb9.jpg","genre_ids":[16],"id":11621,"original_language":"ja","original_title":"Kurenai no buta","overview":"Porco Rosso, known in Japan as Crimson Pig (Kurenai no Buta) is the sixth animated film by Hayao Miyazaki and released in 1992. You're introduced to an Italian World War I fighter ace, now living as a freelance bounty hunter chasing \"air pirates\" in the Adriatic Sea. He has been given a curse that changed his head to that of a pig. Once called Marco Pagot, he is now known to the world as \"Porco Rosso\", Italian for \"Red Pig.\"","release_date":"1992-07-18","poster_path":"/d8J98dLZkfTpJY64VvtCOH2UkXP.jpg","popularity":1.781437,"title":"Porco Rosso","video":false,"vote_average":7.3,"vote_count":157},{"adult":false,"backdrop_path":"/ufOtiFQZSlnB9orUOnaKobvQsgk.jpg","genre_ids":[28,12],"id":85,"original_language":"en","original_title":"Raiders of the Lost Ark","overview":"When Dr. Indiana Jones – the tweed-suited professor who just happens to be a celebrated archaeologist – is hired by the government to locate the legendary Ark of the Covenant, he finds himself up against the entire Nazi regime.","release_date":"1981-06-12","poster_path":"/44sKJOGP3fTm4QXBcIuqu0RkdP7.jpg","popularity":3.556575,"title":"Raiders of the Lost Ark","video":false,"vote_average":7.3,"vote_count":1812},{"adult":false,"backdrop_path":"/m3bEQlir8IWpmFocQBXWM5fkHri.jpg","genre_ids":[12,28],"id":89,"original_language":"en","original_title":"Indiana Jones and the Last Crusade","overview":"When Dr. Henry Jones Sr. suddenly goes missing while pursuing the Holy Grail, eminent archaeologist Indiana Jones must team up with Marcus Brody, Sallah, and Elsa Schneider to follow in his father's footsteps and stop the Nazis from recovering the power of eternal life.","release_date":"1989-05-24","poster_path":"/4p1N2Qrt8j0H8xMHMHvtRxv9weZ.jpg","popularity":3.463649,"title":"Indiana Jones and the Last Crusade","video":false,"vote_average":7.3,"vote_count":1457},{"adult":false,"backdrop_path":"/7xHnyT8i7aO9AzGSBAEuH0a9Amy.jpg","genre_ids":[18],"id":228194,"original_language":"en","original_title":"The Hundred-Foot Journey","overview":"A story centered around an Indian family who moves to France and opens a restaurant across the street from a Michelin-starred French restaurant.","release_date":"2014-08-08","poster_path":"/zQWT270zHKC4xVs0ogUwrU8EwqB.jpg","popularity":2.098877,"title":"The Hundred-Foot Journey","video":false,"vote_average":7.3,"vote_count":191},{"adult":false,"backdrop_path":"/C9Fiv2lZOuQEWWuXB8C0LVZapC.jpg","genre_ids":[27,53],"id":138843,"original_language":"en","original_title":"The Conjuring","overview":"Paranormal investigators Ed and Lorraine Warren work to help a family terrorized by a dark presence in their farmhouse. Forced to confront a powerful entity, the Warrens find themselves caught in the most terrifying case of their lives.","release_date":"2013-07-19","poster_path":"/xYGkdhOEVoFrLNUotuTXemtQAWd.jpg","popularity":3.169421,"title":"The Conjuring","video":false,"vote_average":7.3,"vote_count":1151}],"total_pages":180,"total_results":3596}
