{"page":58,"results":[{"adult":false,"backdrop_path":"/oDqbewoFuIEWA7UWurole6MzDGn.jpg","genre_ids":[16,35,10751,12],"id":425,"original_language":"en","original_title":"Ice Age","overview":"With the impending ice age almost upon them, a mismatched trio of prehistoric critters -- Manny the woolly mammoth, Diego the saber-toothed tiger and Sid the giant sloth -- find an orphaned infant and decide to return it to its human parents. Along the way, the unlikely allies become friends. But when enemies attack, their quest takes on far nobler aims..","release_date":"2002-03-15","poster_path":"/zpaQwR0YViPd83bx1e559QyZ35i.jpg","popularity":4.19419,"title":"Ice Age","video":false,"vote_average":6.7,"vote_count":1433},{"adult":false,"backdrop_path":"/wazsMvCE8tEl8gaX1ORgb26JESt.jpg","genre_ids":[18],"id":37950,"original_language":"en","original_title":"Charlie St. Cloud","overview":"Accomplished sailor Charlie St. Cloud has the adoration of his mother Claire and his little brother Sam, as well as a college scholarship that will lead him far from his sleepy Pacific Northwest hometown. But his bright future is cut short when a tragedy strikes and takes his dreams with it. After his high-school classmate Tess returns home unexpectedly, Charlie grows torn between honoring a promise he made four years earlier and moving forward with newfound love. And as he finds the courage to let go of the past for good, Charlie discovers the soul most worth saving is his own.","release_date":"2010-05-01","poster_path":"/ghv3vJtpnBtJh4HvN85ipkqOyRa.jpg","popularity":2.012454,"title":"Charlie St. Cloud","video":false,"vote_average":6.7,"vote_count":126},{"adult":false,"backdrop_path":"/y5lG7TBpeOMG0jxAaTK0ghZSzBJ.jpg","genre_ids":[28,878,53],"id":198184,"original_language":"en","original_title":"Chappie","overview":"Every child comes into the world full of promise, and none more so than Chappie: he is gifted, special, a prodigy. Like any child, Chappie will come under the influence of his surroundings—some good, some bad—and he will rely on his heart and soul to find his way in the world and become his own man. But there's one thing that makes Chappie different from any one else: he is a robot.","release_date":"2015-03-06","poster_path":"/saF3HtAduvrP9ytXDxSnQJP3oqx.jpg","popularity":16.931252,"title":"Chappie","video":false,"vote_average":6.7,"vote_count":857},{"adult":false,"backdrop_path":"/ozpp9xeOzMz7GglNvcUy841T5pQ.jpg","genre_ids":[80,53,18],"id":241,"original_language":"en","original_title":"Natural Born Killers","overview":"Two victims of traumatized childhoods become lovers and psychopathic serial murderers irresponsibly glorified by the mass media.","release_date":"1994-08-25","poster_path":"/w5sruoTQ87PFAGRJQyyaCOM1C4A.jpg","popularity":2.104441,"title":"Natural Born Killers","video":false,"vote_average":6.7,"vote_count":265},{"adult":false,"backdrop_path":"/39jfRKSZZlHxfrdZOsR4R80gVoc.jpg","genre_ids":[18,28],"id":8456,"original_language":"en","original_title":"Never Back Down","overview":"Rebellious Jake Tyler is lured into an ultimate underground fight Scene at his new high school, after receiving threats to the safety of his friends and family Jake decides to seek the mentoring of a veteran fighter who trains him for one final no-holds-barred elimination fight with his nemesis and local martial arts champion Ryan McCarthy.","release_date":"2008-03-04","poster_path":"/6vT35MJ67U3llfi6W7MbM5r2dav.jpg","popularity":2.911065,"title":"Never Back Down","video":false,"vote_average":6.7,"vote_count":127},{"adult":false,"backdrop_path":"/ngDmpFRzNGr9XMtKchhBZjt4DLH.jpg","genre_ids":[18,10402,10749],"id":88,"original_language":"en","original_title":"Dirty Dancing","overview":"Expecting the usual tedium that accompanies a summer in the Catskills with her family, 17-year-old Frances \"Baby\" Houseman is surprised to find herself stepping into the shoes of a professional hoofer -- and unexpectedly falling in love. The object of her affection? The resort's free-spirited dance instructor.","release_date":"1987-08-20","poster_path":"/zMHIZHxKv6kdE3JFQqZFqj7OswK.jpg","popularity":1.740401,"title":"Dirty Dancing","video":false,"vote_average":6.7,"vote_count":328},{"adult":false,"backdrop_path":"/pOm4IfypKwWUKjM5G2SZ2HSrJyM.jpg","genre_ids":[80,18,53,12],"id":1213,"original_language":"en","original_title":"The Talented Mr. Ripley","overview":"Tom Ripley is a charismatic sociopath who makes his way in mid-'50s New York as a rest room attendant and pianist. His skill however is in impersonating other people, forging handwriting and running second-rate scams. Unhappy with his own life, he kills and takes on the persona of somebody else.","release_date":"1999-12-12","poster_path":"/lNVD3OADzRxaqbnN1ThdgB0Fuoe.jpg","popularity":1.811731,"title":"The Talented Mr. Ripley","video":false,"vote_average":6.7,"vote_count":208},{"adult":false,"backdrop_path":"/1V8C68OvU7IDjZO9GtfwfmHa8X7.jpg","genre_ids":[18,53,80],"id":44629,"original_language":"en","original_title":"Animal Kingdom","overview":"Following the death of his mother, J finds himself living with his estranged family, under the watchful eye of his doting grandmother, Smurf (JACKI WEAVER), mother to the Cody boys. J quickly comes to believe that he is a player in this world. But , as he soon discovers, this world is far larger and more menacing than he could ever imagine. J finds himself at the center of a cold-blooded revenge plot that turns the family upside down.","release_date":"2010-06-03","poster_path":"/3er1pjvnf57QwYQ6FvoS5V2qYeC.jpg","popularity":2.044605,"title":"Animal Kingdom","video":false,"vote_average":6.7,"vote_count":56},{"adult":false,"backdrop_path":"/mWuFDpOxXJpPxLM3p8f3w02pBb2.jpg","genre_ids":[12,28],"id":87,"original_language":"en","original_title":"Indiana Jones and the Temple of Doom","overview":"After arriving in India, Indiana Jones is asked by a desperate village to find a mystical stone. He agrees, and stumbles upon a secret cult plotting a terrible plan in the catacombs of an ancient palace.","release_date":"1984-05-22","poster_path":"/f2nTRKk2zGdUTE7tLJ5EGGSuKA6.jpg","popularity":3.485196,"title":"Indiana Jones and the Temple of Doom","video":false,"vote_average":6.7,"vote_count":1177},{"adult":false,"backdrop_path":"/qPQ6UyQuyteZEDxbGDaE04SswFO.jpg","genre_ids":[18,35],"id":231576,"original_language":"en","original_title":"Wish I Was Here","overview":"Aidan Bloom, a struggling actor, father and husband, is 35 years old and still trying to find a purpose for his life. He and his wife are barely getting by financially and Aidan passes his time by fantasizing about being the great futuristic Space-Knight he'd always dreamed he'd be as a little kid. When his ailing father can no longer afford to pay for private school for his two kids and the only available public school is on its last legs, Aidan reluctantly agrees to attempt to home-school them. Through teaching them about life his way, Aidan gradually discovers some of the parts of himself he couldn't find.","release_date":"2014-01-18","poster_path":"/8b54J6gCM27QodPBoBWAcC9JHnd.jpg","popularity":1.89905,"title":"Wish I Was Here","video":false,"vote_average":6.7,"vote_count":113},{"adult":false,"backdrop_path":"/gq9MN21DhsJTrI2uKOaB1GmAFiC.jpg","genre_ids":[16,35,12],"id":170522,"original_language":"fr","original_title":"Astérix: Le domaine des dieux","overview":"In order to wipe out the Gaulish village by any means necessary, Caesar plans to absorb the villagers into Roman culture by having an estate built next to the village to start a new Roman colony.","release_date":"2014-11-26","poster_path":"/3qy4O0iRz1smlvzkJ37nFGI7MBH.jpg","popularity":3.432798,"title":"Asterix: The Land of the Gods","video":false,"vote_average":6.7,"vote_count":125},{"adult":false,"backdrop_path":"/9cc80V412Uw5o863YBVYrHtS1RV.jpg","genre_ids":[14,16,35,10751],"id":22586,"original_language":"en","original_title":"The Swan Princess","overview":"As children, Prince Derek and Princess Odette are forced to spend their summers together by their widowed parents, who hope that the two will eventually fall in love and marry, so that the kingdoms of the two will be united. As children and adolescents, Derek and Odette can't stand each other, but as young adults they begin to see each other in a different light and fall in love with each other. B","release_date":"1994-11-18","poster_path":"/oYp2bckWNBKOIbznjAfypVoMOFl.jpg","popularity":1.427629,"title":"The Swan Princess","video":false,"vote_average":6.7,"vote_count":59},{"adult":false,"backdrop_path":"/pUNlJ6jzDsgUvPjJeFfsyyOSZJx.jpg","genre_ids":[12,18],"id":20766,"original_language":"en","original_title":"The Road","overview":"A father and his son walk alone through burned America. Nothing moves in the ravaged landscape save the ash on the wind and water. It is cold enough to crack stones, and, when the snow falls it is gray. The sky is dark. Their destination is the warmer south, although they don't know what, if anything, awaits them there.","release_date":"2009-11-25","poster_path":"/o34ARieL8kqGzcMnSksJ6OGPRK2.jpg","popularity":2.405884,"title":"The Road","video":false,"vote_average":6.7,"vote_count":370},{"adult":false,"backdrop_path":"/1BmEUnmJUTfx9gVjgbfZ2rUXZBq.jpg","genre_ids":[53],"id":72784,"original_language":"en","original_title":"The Loft","overview":"For five men, the opportunity to share a penthouse in the city -- in which to carry on extramarital affairs -- is a dream come true, until the dead body of an unknown woman turns up. Realizing that her killer must be one of their group, the men are gripped by paranoia as each one suspects another. Friendships are tested, loyalties are questioned, and marriages crumble while fear and suspicion run rampant.","release_date":"2014-10-14","poster_path":"/9hE6vesQoSREyvJha9z0g5OryHH.jpg","popularity":4.521677,"title":"The Loft","video":false,"vote_average":6.7,"vote_count":125},{"adult":false,"backdrop_path":"/2blmxp2pr4BhwQr74AdCfwgfMOb.jpg","genre_ids":[14,28],"id":268,"original_language":"en","original_title":"Batman","overview":"The Dark Knight of Gotham City begins his war on crime with his first major enemy being the clownishly homicidal Joker, who has seized control of Gotham's underworld.","release_date":"1989-06-23","poster_path":"/u782c0lom0YlLwSWX0X2o72OJDT.jpg","popularity":3.90433,"title":"Batman","video":false,"vote_average":6.7,"vote_count":727},{"adult":false,"backdrop_path":"/i6JYzuTiCDLF1gC3oufEalwJAQ9.jpg","genre_ids":[12,16,18,10751],"id":10948,"original_language":"en","original_title":"The Fox and the Hound","overview":"The fun and adventure begin when a lonely widow adopts an orphaned fox cub named Tod. The mischievous fox soon meets up with Copper, an adorable hound puppy. As the innocent pair grow up together in the forest, they become inseparable friends. But the day soon arrives when their friendship is put to the ultimate test!","release_date":"1981-07-10","poster_path":"/hDXg3U4eCxuqvrb7BEDXj2tAsdK.jpg","popularity":2.74491,"title":"The Fox and the Hound","video":false,"vote_average":6.7,"vote_count":254},{"adult":false,"backdrop_path":"/jd7pIx2XnO8wRdPT5ncAjhFxNwL.jpg","genre_ids":[27,53],"id":9003,"original_language":"en","original_title":"Hellraiser","overview":"An unfaithful wife encounters the zombie of her dead lover, who's being chased by demons after he escaped from their sado-masochistic Hell.","release_date":"1987-09-11","poster_path":"/4nfAhOTlfZUHNorHJXEib7GYFpp.jpg","popularity":0.890021,"title":"Hellraiser","video":false,"vote_average":6.7,"vote_count":93},{"adult":false,"backdrop_path":"/3ELbQ4Mcv9wB3WDSieChdedIkmc.jpg","genre_ids":[18,10751,35],"id":13156,"original_language":"en","original_title":"Secondhand Lions","overview":"\"Secondhand Lions\" follows the comedic adventures of an introverted boy left on the doorstep of a pair of reluctant, eccentric great-uncles, whose exotic remembrances stir the boy's spirit and re-ignite the men's lives.","release_date":"2003-09-19","poster_path":"/tMH0MShJOceh77Vg30OECnFcEzY.jpg","popularity":1.460038,"title":"Secondhand Lions","video":false,"vote_average":6.7,"vote_count":142},{"adult":false,"backdrop_path":"/cGB5Z26ooEFwYdf3fEMZ71RuHGU.jpg","genre_ids":[10749,18,53,80],"id":43539,"original_language":"en","original_title":"The Next Three Days","overview":"A married couple's life is turned upside down when the wife is accused of a murder. Lara Brennan is arrested for murdering her boss with whom she had an argument. It seems she was seen leaving the scene of the crime and her fingerprints were on the murder weapon. Her husband, John would spend the next few years trying to get her released, but there's no evidence that negates the evidence against her. And when the strain of being separated from her family, especially her son, gets to her, John decides to break her out. So he does a lot of research to find a way.","release_date":"2010-11-19","poster_path":"/odZECgJpQSUUK1tOMrkT7LWxSkI.jpg","popularity":2.175612,"title":"The Next Three Days","video":false,"vote_average":6.7,"vote_count":363},{"adult":false,"backdrop_path":"/ohm7LXOufzAktoainDJwKtA4oDX.jpg","genre_ids":[35,10749],"id":236737,"original_language":"es","original_title":"Ocho apellidos vascos","overview":"Rafael, a Seville citizen who has never left the Spanish region of Andalucia, decides to leave his homeland to follow Amaia, a Basque girl unlike other women he has known.","release_date":"2014-03-14","poster_path":"/xoZikQavGhmBegJTD2AY4u3htUU.jpg","popularity":0.501955,"title":"Spanish Affair","video":false,"vote_average":6.7,"vote_count":81}],"total_pages":180,"total_results":3596}
