{"page":110,"results":[{"adult":false,"backdrop_path":"/cRwfgVEV02xVA07tMidSIazYRJ.jpg","genre_ids":[28,35,10752],"id":9595,"original_language":"en","original_title":"Hot Shots!","overview":"Charlie Sheen, Lloyd Bridges, Cary Elwes, Valeria Golino and Jon Cryer co-star in director Jim Abrahams' (Airplane, Naked Gun) truly hilarious spoof of Top Gun. Recruited to join a top-secret mission for the Air Force, a renegade pilot (Sheen) finds himself coping with an incompetent admiral (Bridges) and a carefully selected squadron of flyers who are either inept or half-blind.","release_date":"1991-07-31","poster_path":"/7xTBjS7yfBk7xtTs8ckJKGp4HOl.jpg","popularity":2.806183,"title":"Hot Shots!","video":false,"vote_average":6.1,"vote_count":176},{"adult":false,"backdrop_path":"/lxbMXD12UCj7kMgfqjaZq5irGAu.jpg","genre_ids":[28,53],"id":117263,"original_language":"en","original_title":"Olympus Has Fallen","overview":"When the White House (Secret Service Code: \"Olympus\") is captured by a terrorist mastermind and the President is kidnapped, disgraced former Presidential guard Mike Banning finds himself trapped within the building. As the national security team scrambles to respond, they are forced to rely on Banning's inside knowledge to help retake the White House, save the President and avert an even bigger disaster.","release_date":"2013-03-22","poster_path":"/qC6Yw3KxtlsLDw2UdfYV5B9A4WO.jpg","popularity":3.38708,"title":"Olympus Has Fallen","video":false,"vote_average":6.1,"vote_count":1921},{"adult":false,"backdrop_path":"/m4HoSKqgtjbwXkN4VvfueZCV9iN.jpg","genre_ids":[35,10751],"id":1268,"original_language":"en","original_title":"Mr. Bean's Holiday","overview":"Mr. Bean wins a trip to Cannes where he unwittingly separates a young boy from his father and must help the two come back together. On the way he discovers France, bicycling, and true love, among other things","release_date":"2007-03-22","poster_path":"/5G3gOZemcwXf2nbUFB4VCc5gl2A.jpg","popularity":2.746463,"title":"Mr. Bean's Holiday","video":false,"vote_average":6.1,"vote_count":188},{"adult":false,"backdrop_path":"/q4LkO5LPHGO8FGUzfZfYQYnmAjf.jpg","genre_ids":[10749,878,18,14],"id":58244,"original_language":"en","original_title":"Upside Down","overview":"In an alternate universe where twinned worlds have opposite gravities, a young man battles interplanetary prejudice and the laws of physics in his quest to reunite with the long-lost girl of his dreams in this visually stunning romantic adventure that poses the question: what if love was stronger than gravity?","release_date":"2013-01-30","poster_path":"/jSPjz6sgbtGXvsKkAdb9Ucv8nUu.jpg","popularity":2.761062,"title":"Upside Down","video":false,"vote_average":6.1,"vote_count":469},{"adult":false,"backdrop_path":"/yJAicZoLQoVhY2rQGmUdcTP3pdw.jpg","genre_ids":[35],"id":64807,"original_language":"en","original_title":"Grudge Match","overview":"A pair of aging boxing rivals are coaxed out of retirement to fight one final bout -- 30 years after their last match.","release_date":"2013-12-25","poster_path":"/hScOPtZpAxYWx2sOGcfbzYti39Z.jpg","popularity":2.113908,"title":"Grudge Match","video":false,"vote_average":6.1,"vote_count":166},{"adult":false,"backdrop_path":"/hUgCX8CeRQiAyrYqvdkeHT7eVjN.jpg","genre_ids":[9648,53,28],"id":13027,"original_language":"en","original_title":"Eagle Eye","overview":"Jerry Shaw (Shia LaBeouf) and Rachel Holloman (Michelle Monaghan) are two strangers whose lives are suddenly thrown into turmoil by a mysterious woman they have never met. Threatening their lives and family, the unseen caller uses everyday technology to control their actions and push them into increasing danger. As events escalate, Jerry and Rachel become the country's most-wanted fugitives and must figure out what is happening to them.","release_date":"2008-09-25","poster_path":"/ej1yxLuhME7PJyGsXJjEMcQGI37.jpg","popularity":2.532109,"title":"Eagle Eye","video":false,"vote_average":6.1,"vote_count":425},{"adult":false,"backdrop_path":"/vSNkowbsQTpP7nM8A99EuiYhRaJ.jpg","genre_ids":[35,10749],"id":38303,"original_language":"en","original_title":"You Again","overview":"History -- make that high school -- may repeat itself when Marni learns that Joanna, the mean girl from her past, is set to be her sister-in-law. Before the wedding bells toll, Marni must show her brother that a tiger doesn't change its stripes. On Marni's side is her mother, while Joanna's backed by her wealthy aunt.","release_date":"2010-09-24","poster_path":"/8WdXpoFCEUReirxSn3SDAMXG1q5.jpg","popularity":1.006594,"title":"You Again","video":false,"vote_average":6.1,"vote_count":101},{"adult":false,"backdrop_path":"/xXhYQRNPcvtNvNwY5sXH7kQD5KU.jpg","genre_ids":[35,10749],"id":9489,"original_language":"en","original_title":"You've Got Mail","overview":"In this valentine to modern romance, book superstore magnate Joe Fox and independent book shop owner Kathleen Kelly fall in love in the anonymity of the Internet -- both blissfully unaware that he's trying to put her out of business.","release_date":"1998-12-17","poster_path":"/v5o3FlY2DwKSpmIMhcttTi6KQIc.jpg","popularity":2.456849,"title":"You've Got Mail","video":false,"vote_average":6.1,"vote_count":293},{"adult":false,"backdrop_path":"/4CTCZLCm2THhBuGjdF3UnKzxmYX.jpg","genre_ids":[35],"id":10591,"original_language":"en","original_title":"The Girl Next Door","overview":"Exceptionally ambitious high schooler Matthew has aspirations for a career in politics when he falls in love with his gorgeous 19-year-old neighbor, Danielle. But Matthew's bright future is jeopardized when he finds Danielle was once a porn star. As Danielle's past catches up with her, Matthew's love for her forces him to re-evaluate his goals.","release_date":"2004-03-04","poster_path":"/lWybRfPlUCKKOaYFSjY67pNhkxa.jpg","popularity":2.375671,"title":"The Girl Next Door","video":false,"vote_average":6.1,"vote_count":295},{"adult":false,"backdrop_path":"/eltn62uDNkDg27dhQS6nVvmLKIU.jpg","genre_ids":[53,28],"id":18487,"original_language":"en","original_title":"The Taking of Pelham 123","overview":"Armed men hijack a New York City subway train, holding the passengers hostage in return for a ransom, and turning an ordinary day's work for dispatcher Walter Garber into a face-off with the mastermind behind the crime.","release_date":"2009-06-11","poster_path":"/rqbG1uRKSNDLnDx1Jl7LBc4AtSy.jpg","popularity":2.838589,"title":"The Taking of Pelham 123","video":false,"vote_average":6.1,"vote_count":326},{"adult":false,"backdrop_path":"/ksxr95M6fh2f2zgIlgGDDyfgOhC.jpg","genre_ids":[80,18,9648,53],"id":12201,"original_language":"en","original_title":"Edge of Darkness","overview":"As a seasoned homicide detective, Thomas Craven has seen the bleakest side of humanity. But nothing prepares him for the toughest investigation of his life: the search for his only daughter Emma's killer. Now, he is on a personal mission to uncover the disturbing secrets surrounding her murder, including corporate corruption, government collusion and Emma's own mysterious life.","release_date":"2010-01-29","poster_path":"/u3kUkeKziARwvKFlWo6ZBYnaCpG.jpg","popularity":1.126533,"title":"Edge of Darkness","video":false,"vote_average":6.1,"vote_count":187},{"adult":false,"backdrop_path":"/2EK85HcE4qNdpRHkUWNC1CjNsTW.jpg","genre_ids":[18,9648,53],"id":14462,"original_language":"en","original_title":"The Manchurian Candidate","overview":"When his army unit was ambushed during the first Gulf War, Sergeant Raymond Shaw saved his fellow soldiers just as his commanding officer, then-Captain Ben Marco, was knocked unconscious. Brokering the incident for political capital, Shaw eventually becomes a vice-presidential nominee, while Marco is haunted by dreams of what happened -- or didn't happen -- in Kuwait. As Marco (now a Major) investigates, the story begins to unravel, to the point where he questions if it happened at all. Is it possible the entire unit was kidnapped and brainwashed to believe Shaw is a war hero as part of a plot to seize the White House? Some very powerful people at Manchurian Global corporation appear desperate to stop him from finding out.","release_date":"2004-07-30","poster_path":"/nT0mdDKWWicVSigXTUV275xaHXE.jpg","popularity":0.832291,"title":"The Manchurian Candidate","video":false,"vote_average":6.1,"vote_count":105},{"adult":false,"backdrop_path":"/mTMnfiWuvhbCdez9LAzbYy0vLSG.jpg","genre_ids":[35],"id":109443,"original_language":"en","original_title":"Anchorman 2: The Legend Continues","overview":"With the 70s behind him, San Diego's top rated newsman, Ron Burgundy, returns to take New York's first 24-hour news channel by storm.","release_date":"2013-12-18","poster_path":"/66HbvNKmfxYoOHAp1IVIYQsFoeA.jpg","popularity":2.411078,"title":"Anchorman 2: The Legend Continues","video":false,"vote_average":6.1,"vote_count":395},{"adult":false,"backdrop_path":"/kmKZVgUPqf9v4c0UitSZlDM3RPv.jpg","genre_ids":[28,80,53],"id":22832,"original_language":"en","original_title":"Ninja Assassin","overview":"Ninja Assassin follows Raizo (Rain), one of the deadliest assassins in the world. Taken from the streets as a child, he was transformed into a trained killer by the Ozunu Clan, a secret society whose very existence is considered a myth. But haunted by the merciless execution of his friend by the Clan, Raizo breaks free from them and vanishes. Now he waits, preparing to exact his revenge.","release_date":"2009-09-29","poster_path":"/3A3zgkcEOj1z0qflSdvZhydCVBT.jpg","popularity":2.735662,"title":"Ninja Assassin","video":false,"vote_average":6.1,"vote_count":145},{"adult":false,"backdrop_path":"/dHDQ0PhyH6B21OPYqApndkni2B6.jpg","genre_ids":[27,53],"id":297608,"original_language":"en","original_title":"The Taking of Deborah Logan","overview":"What starts as a poignant medical documentary about Deborah Logan's descent into Alzheimer's disease and her daughter's struggles as caregiver degenerates into a maddening portrayal of dementia at its most frightening, as hair-raising events begin to plague the family and crew and an unspeakable malevolence threatens to tear the very fabric of sanity from them all.","release_date":"2014-10-21","poster_path":"/lVHsBxkEXSH25TaUfyYF4KfrhlB.jpg","popularity":1.690592,"title":"The Taking of Deborah Logan","video":false,"vote_average":6.1,"vote_count":66},{"adult":false,"backdrop_path":"/uShjJWuNxZztCBULKTmHoIcjie6.jpg","genre_ids":[28,80,18,53],"id":1266,"original_language":"en","original_title":"Street Kings","overview":"Tom Ludlow is a disillusioned L.A. Police Officer, rarely playing by the rules and haunted by the death of his wife. When evidence implicates him in the execution of a fellow officer, he is forced to go up against the cop culture he's been a part of his entire career, ultimately leading him to question the loyalties of everyone around him.","release_date":"2008-04-10","poster_path":"/nFbZvElg1peBts1SYrfPkxUc3QG.jpg","popularity":1.453582,"title":"Street Kings","video":false,"vote_average":6.1,"vote_count":94},{"adult":false,"backdrop_path":"/tr2WAA1iaqODBT2YpMhwGXYniN1.jpg","genre_ids":[35,18,10749],"id":19255,"original_language":"en","original_title":"Away We Go","overview":"Verona De Tessant (Maya Rudolph) and Burt Farlander (John Krasinski) moved to Colorado to be close to Burt's Parents. Now Verona and Burt expecting their first child and are shocked to hear that his parents are moving to Belgium, leaving them in a place they hate living without a support structure in a place. They set off on a whirlwind tour of of disparate locations (Tucson, Montreal, Miami) where they have friends or relatives, sampling not only different cities and climates but also different families. Along the way they realize that the journey is less about discovering where they want to live and more about figuring out what type of parents they want to be.","release_date":"2009-06-05","poster_path":"/A4MSyqPM4SY1lJ1HqRURnXZkYfG.jpg","popularity":0.392906,"title":"Away We Go","video":false,"vote_average":6.1,"vote_count":54},{"adult":false,"backdrop_path":"/q4s8RTQFyLrEn2S8akWGMmc8mYX.jpg","genre_ids":[35],"id":38365,"original_language":"en","original_title":"Grown Ups","overview":"After their high school basketball coach passes away, five good friends and former teammates reunite for a Fourth of July holiday weekend.","release_date":"2010-06-24","poster_path":"/rKPU178ngGRXPYnuO3cpCnZP6wJ.jpg","popularity":3.336261,"title":"Grown Ups","video":false,"vote_average":6.1,"vote_count":783},{"adult":false,"backdrop_path":"/7u3UyejCbhM3jXcZ86xzA9JJxge.jpg","genre_ids":[28,35,878],"id":41154,"original_language":"en","original_title":"Men in Black 3","overview":"Agents J (Will Smith) and K (Tommy Lee Jones) are back...in time. J has seen some inexplicable things in his 15 years with the Men in Black, but nothing, not even aliens, perplexes him as much as his wry, reticent partner. But when K's life and the fate of the planet are put at stake, Agent J will have to travel back in time to put things right. J discovers that there are secrets to the universe that K never told him - secrets that will reveal themselves as he teams up with the young Agent K (Josh Brolin) to save his partner, the agency, and the future of humankind.","release_date":"2012-05-25","poster_path":"/sIuneIyme2O3qYxEZTVNyJ0F0LC.jpg","popularity":3.213229,"title":"Men in Black 3","video":false,"vote_average":6.1,"vote_count":2295},{"adult":false,"backdrop_path":"/nVxi4BtSkw7Eka8SWjkqhjjcPIl.jpg","genre_ids":[53,27,80],"id":207768,"original_language":"en","original_title":"I Spit on Your Grave 2","overview":"Naturally beautiful, Katie has just settled into New York where she, like many other young women, is trying to make it as a model. But what starts out as an innocent and simple photo shoot soon turns into something disturbingly unthinkable! Raped, tortured and kidnapped to a foreign country, Jessica is buried alive and left to die. Against all odds, she manages to escape. Severely injured, she will have to tap into the darkest places of the human psyche to not only survive, but to exact her revenge…","release_date":"2013-08-25","poster_path":"/qHCHcx5Kwl7bRPPbOK59yrzYAR9.jpg","popularity":2.315515,"title":"I Spit on Your Grave 2","video":false,"vote_average":6.1,"vote_count":100}],"total_pages":180,"total_results":3596}
