{"page":124,"results":[{"adult":false,"backdrop_path":"/1qzClUQQWDVO6nc1nU2F4AAjfKq.jpg","genre_ids":[35,80,18],"id":192134,"original_language":"en","original_title":"Dom Hemingway","overview":"After spending 12 years in prison for keeping his mouth shut, notorious safe-cracker Dom Hemingway is back on the streets of London looking to collect what he's owed.","release_date":"2013-11-15","poster_path":"/tKJck9jAXaCWZvexlbQ85NeAhro.jpg","popularity":2.220643,"title":"Dom Hemingway","video":false,"vote_average":6.0,"vote_count":87},{"adult":false,"backdrop_path":"/4xAb2zAe5Pmno928hBQqff4RVwr.jpg","genre_ids":[12,28,53],"id":36643,"original_language":"en","original_title":"The World Is Not Enough","overview":"Greed, revenge, world dominance, high-tech terrorism -- it's all in a day's work for cunning MI6 agent James Bond, who's on a mission to protect beautiful oil heiress Elektra King from a notorious terrorist. In a race against time that culminates in a dramatic submarine showdown, Bond works to defuse the international power struggle that has the world's oil supply hanging in the balance.","release_date":"1999-11-21","poster_path":"/aPfALBxfgx2tsbTwRMR1MbNHSvn.jpg","popularity":2.779231,"title":"The World Is Not Enough","video":false,"vote_average":6.0,"vote_count":296},{"adult":false,"backdrop_path":"/sLn5HvFwLIL7Fof2Jj0JEeJSrGC.jpg","genre_ids":[28,12,878,53],"id":34851,"original_language":"en","original_title":"Predators","overview":"A mercenary named Royce reluctantly leads a motley crew of warriors who soon come to realize they've been captured and deposited on an alien planet by an unknown nemesis. With the exception of a peculiar physician, they are all cold-blooded killers, convicts, death squad members...hunters who have now become the hunted.","release_date":"2010-07-06","poster_path":"/5G6kook6pUGrGZ99ciD4a7L1CIs.jpg","popularity":2.051044,"title":"Predators","video":false,"vote_average":6.0,"vote_count":392},{"adult":false,"backdrop_path":"/hnu7rEmUXyrRBqlRTd2CzDBUap4.jpg","genre_ids":[35],"id":45243,"original_language":"en","original_title":"The Hangover Part II","overview":"The Hangover crew heads to Thailand for Stu's wedding. After the disaster of a bachelor party in Las Vegas last year, Stu is playing it safe with a mellow pre-wedding brunch. However, nothing goes as planned and Bangkok is the perfect setting for another adventure with the rowdy group.","release_date":"2011-05-25","poster_path":"/hFUsdnUoQDQ02EVlKTyhDTdehEr.jpg","popularity":2.702498,"title":"The Hangover Part II","video":false,"vote_average":6.0,"vote_count":1899},{"adult":false,"backdrop_path":"/7X6Cn2YZnAioH3iIjBhhGq6Or70.jpg","genre_ids":[53,18],"id":157825,"original_language":"en","original_title":"White Bird in a Blizzard","overview":"Kat Connors is 17 years old when her perfect homemaker mother, Eve, disappears. Having lived for so long in an emotionally repressed household, she barely registers her mother's absence and certainly doesn't blame her doormat of a father, Brock, for the loss. But as time passes, Kat begins to come to grips with how deeply Eve's disappearance has affected her. Returning home on a break from college, she finds herself confronted with the truth about her mother's departure, and her own denial about the events surrounding it...","release_date":"2014-09-25","poster_path":"/1p4nQ1PHiA786dmMeW9ndIK7KCC.jpg","popularity":2.333947,"title":"White Bird in a Blizzard","video":false,"vote_average":6.0,"vote_count":97},{"adult":false,"backdrop_path":"/audTjUWgmjexseDrur5iAwtJPS.jpg","genre_ids":[35,10749],"id":11452,"original_language":"fr","original_title":"National Lampoon’s Van Wilder","overview":"Van Wilder is an outgoing, and extremely popular student who has been at Coolidge College for seven years. For the past three years he has made no effort to graduate, instead spending his time organizing parties, helping other students, and posing for figure drawing classes. But after seven years, with no return on his investment, Van's father decides it is time to stop paying Van's tuition.","release_date":"2002-03-29","poster_path":"/zjFnJVCDPqlL7ysBy8CXavg35Ac.jpg","popularity":1.070707,"title":"National Lampoon’s Van Wilder","video":false,"vote_average":6.0,"vote_count":574},{"adult":false,"backdrop_path":"/xuHuW4XhghQpVJSIna7JBb60bva.jpg","genre_ids":[27,9648,878],"id":9276,"original_language":"en","original_title":"The Faculty","overview":"When some very creepy things start happening around school, the kids at Herrington High make a chilling discovery that confirms their worst suspicions: their teachers really are from another planet! As mind-controlling parasites rapidly begin spreading from the faculty to the students' bodies, it's ultimately up to the few who are left – an unlikely collection of loners, leaders, nerds and jocks – to save the world from alien domination.","release_date":"1998-12-25","poster_path":"/6L1SgKyzDy5x2oEskUyfMcdVed2.jpg","popularity":1.070669,"title":"The Faculty","video":false,"vote_average":6.0,"vote_count":119},{"adult":false,"backdrop_path":"/7uExmIbSz5b5MfsuIqw2rgEOTZC.jpg","genre_ids":[18],"id":39210,"original_language":"en","original_title":"Somewhere","overview":"A hard-living Hollywood actor re-examines his life after his 11-year-old daughter surprises him with a visit.","release_date":"2010-09-03","poster_path":"/d3A0bbRp6sHN4uz6n3ddbtyL1tt.jpg","popularity":1.789056,"title":"Somewhere","video":false,"vote_average":6.0,"vote_count":66},{"adult":false,"backdrop_path":"/cta0YLPKH1Xb9EHmZAWFmLVQHeS.jpg","genre_ids":[28],"id":13455,"original_language":"en","original_title":"Push","overview":"After his father, an assassin, is brutally murdered, Nick Gant vows revenge on Division, the covert government agency that dabbles in psychic warfare and experimental drugs. Hiding in Hong Kong's underworld, Nick assembles a band of rogue psychics dedicated to destroying Division. Together with Cassie, a teenage clairvoyant, Nick goes in search of a missing girl and a stolen suitcase that could be the key to accomplishing their mutual goal.","release_date":"2009-02-06","poster_path":"/shk0MSuHOdBiQfHjLdcXDF6iXC9.jpg","popularity":3.366334,"title":"Push","video":false,"vote_average":6.0,"vote_count":221},{"adult":false,"backdrop_path":"/rfhnEYubWD4hnUUm8xXmotpqffb.jpg","genre_ids":[28,12,18,10751],"id":38575,"original_language":"en","original_title":"The Karate Kid","overview":"12-year-old Dre Parker could have been the most popular kid in Detroit, but his mother's latest career move has landed him in China. Dre immediately falls for his classmate Mei Ying but the cultural differences make such a friendship impossible. Even worse, Dre's feelings make him an enemy of the class bully, Cheng. With no friends in a strange land, Dre has nowhere to turn but maintenance man Mr. Han, who is a kung fu master. As Han teaches Dre that kung fu is not about punches and parries, but maturity and calm, Dre realizes that facing down the bullies will be the fight of his life.","release_date":"2010-06-10","poster_path":"/l13emtM0cz0HyJeWSxb6ml5RvzT.jpg","popularity":2.530093,"title":"The Karate Kid","video":false,"vote_average":6.0,"vote_count":584},{"adult":false,"backdrop_path":"/cXR4a7WITJbzkVbWQJ3UVkoK2sd.jpg","genre_ids":[35,18,14,10749],"id":9339,"original_language":"en","original_title":"Click","overview":"A workaholic architect finds a universal remote that allows him to fast-forward and rewind to different parts of his life. Complications arise when the remote starts to overrule his choices.","release_date":"2006-06-22","poster_path":"/hsiJ9CsCEkUF63xwcbtaCwXuEF3.jpg","popularity":2.175093,"title":"Click","video":false,"vote_average":6.0,"vote_count":756},{"adult":false,"backdrop_path":"/vQi6zDyPoX3bq9YHazcOojXkAKP.jpg","genre_ids":[28],"id":1428,"original_language":"en","original_title":"Once Upon a Time in Mexico","overview":"Hitman \"El Mariachi\" becomes involved in international espionage involving a psychotic CIA agent and a corrupt Mexican general.","release_date":"2003-09-11","poster_path":"/j3Mz1jaM3MVr5K1Ijh5D2T93VF2.jpg","popularity":2.188193,"title":"Once Upon a Time in Mexico","video":false,"vote_average":6.0,"vote_count":191},{"adult":false,"backdrop_path":"/vX5Leufgvw6Hy1KMF3bhoUfcvPc.jpg","genre_ids":[35],"id":49520,"original_language":"en","original_title":"The Change-Up","overview":"Dave is a married man with two kids and a loving wife , and Mitch is a single man who is at the prime of his sexual life. One fateful night while Mitch and Dave are peeing in a fountain when lightning strikes and they switch bodies.","release_date":"2011-08-05","poster_path":"/vvouEsB13kZN0NcV4vvFJwwhrs1.jpg","popularity":2.548321,"title":"The Change-Up","video":false,"vote_average":6.0,"vote_count":237},{"adult":false,"backdrop_path":"/z27PNUrpd8WYKSyacfbhUP1u6DR.jpg","genre_ids":[35,18],"id":84306,"original_language":"en","original_title":"Liberal Arts","overview":"Newly single, 35, and uninspired by his job, Jesse Fisher worries that his best days are behind him. But no matter how much he buries his head in a book, life keeps pulling Jesse back. When his favorite college professor invites him to campus to speak at his retirement dinner, Jesse jumps at the chance. He is prepared for the nostalgia of the dining halls and dorm rooms, the parties and poetry seminars; what he doesn’t see coming is Zibby – a beautiful, precocious, classical-music-loving sophomore. Zibby awakens scary, exciting, long-dormant feelings of possibility and connection that Jesse thought he had buried forever.","release_date":"2012-09-14","poster_path":"/c9Q2to1Jpq8a0Zqto6Mqc1ujLYn.jpg","popularity":0.493475,"title":"Liberal Arts","video":false,"vote_average":6.0,"vote_count":59},{"adult":false,"backdrop_path":"/iZy8mqTJpRjDMpGQxRVqku930he.jpg","genre_ids":[35,80,18,10749,53],"id":4912,"original_language":"en","original_title":"Confessions of a Dangerous Mind","overview":"Television made him famous, but his biggest hits happened off screen. Television producer by day, CIA assassin by night, Chuck Barris was recruited by the CIA at the height of his TV career and trained to become a covert operative. Or so Barris said.","release_date":"2002-12-30","poster_path":"/o3Im9nPLAgtlw1j2LtpMebAotSe.jpg","popularity":1.799401,"title":"Confessions of a Dangerous Mind","video":false,"vote_average":6.0,"vote_count":59},{"adult":false,"backdrop_path":"/6cEfaCVT2HDyc5UF2w3gCbaTXqy.jpg","genre_ids":[53,28,80,10749],"id":1844,"original_language":"en","original_title":"Entrapment","overview":"When retired thief Robert \"Mac\" MacDougal is implicated in the disappearance of a priceless painting, insurance investigator Virginia \"Gin\" Baker sets a trap to catch her suspect. But Gin is not exactly who she seems. Soon, she and Mac have joined forces to pull off -- quite literally -- the heist of the millennium.","release_date":"1999-04-29","poster_path":"/6IKmjW52qeMXx8xXMdX6RRshmY0.jpg","popularity":2.361423,"title":"Entrapment","video":false,"vote_average":6.0,"vote_count":207},{"adult":false,"backdrop_path":"/nCZGEteVNXNzL3dH5Q4T41yxAfI.jpg","genre_ids":[12,9648,878],"id":1685,"original_language":"en","original_title":"Beneath the Planet of the Apes","overview":"Astronaut Brent is sent to rescue Taylor but crash lands on the Planet of the Apes, just like Taylor did in the original film. Taylor has disappeared into the Forbidden Zone so Brent and Nova try to follow and find him. He discovers a cult of humans that fear the Apes' latest military movements and finds himself in the middle. Tension mounts to a climactic battle between ape and man deep in the bowels of the planet.","release_date":"1970-05-26","poster_path":"/pWXyweaAoFoprRHm9Ft33JakiQB.jpg","popularity":1.307099,"title":"Beneath the Planet of the Apes","video":false,"vote_average":6.0,"vote_count":80},{"adult":false,"backdrop_path":"/7mg6NTzvqpMDHtatxA36jFhXvdT.jpg","genre_ids":[53,80,9648],"id":8224,"original_language":"en","original_title":"8MM","overview":"A small, seemingly innocuous plastic reel of film leads surveillance specialist Tom Welles down an increasingly dark and frightening path. With the help of the streetwise Max, he relentlessly follows a bizarre trail of evidence to determine the fate of a complete stranger. As his work turns into obsession, he drifts farther and farther away from his wife, family and simple life as a small-town PI.","release_date":"1999-02-25","poster_path":"/oEgBIcIJb1Z5sperKxE8Pb4tTr0.jpg","popularity":1.830725,"title":"8MM","video":false,"vote_average":6.0,"vote_count":133},{"adult":false,"backdrop_path":"/wfHmHHL1EVv0WOnJlpF82oj7yRX.jpg","genre_ids":[18,27,53],"id":14254,"original_language":"en","original_title":"The Uninvited","overview":"Anna returns home after spending time in a psychiatric facility following her mother's tragic death and discovers that her mother's former nurse, Rachel, has moved into their house and become engaged to her father, Steven. Soon after she learns this shocking news, Anna is visited by her mother's ghost, who warns her that Rachel has evil intentions.","release_date":"2009-01-30","poster_path":"/2EK387xtxj7ypUXKXdoV8RRYXga.jpg","popularity":1.087023,"title":"The Uninvited","video":false,"vote_average":6.0,"vote_count":99},{"adult":false,"backdrop_path":"/eBOfqLDN8jnq6SJfjHoYX7xJ19s.jpg","genre_ids":[27,53],"id":159117,"original_language":"en","original_title":"V/H/S/2","overview":"Inside a darkened house looms a column of TVs littered with VHS tapes, a pagan shrine to forgotten analog gods. The screens crackle and pop endlessly with monochrome vistas of static white noise permeating the brain and fogging concentration. But you must fight the urge to relax: this is no mere movie night. Those obsolete spools contain more than just magnetic tape. They are imprinted with the very soul of evil.","release_date":"2013-06-06","poster_path":"/t1lILqp0Yfg0SncPyEw0DtR72G5.jpg","popularity":0.857325,"title":"V/H/S/2","video":false,"vote_average":6.0,"vote_count":97}],"total_pages":180,"total_results":3596}
