{"page":144,"results":[{"adult":false,"backdrop_path":"/jYO08KXUKvJvzx3KcE7MoaDYvoM.jpg","genre_ids":[12,28,53],"id":36670,"original_language":"en","original_title":"Never Say Never Again","overview":"James Bond returns as the secret agent 007 one more time to battle the evil organization SPECTRE. Bond must defeat Largo, who has stolen two atomic warheads for nuclear blackmail. But Bond has an ally in Largo's girlfriend, the willowy Domino, who falls for Bond and seeks revenge. This is the last time for Sean Connery as Her Majesty's Secret Agent 007.","release_date":"1983-12-15","poster_path":"/s9tBlhTEW0OtYJdemVMPbRcD7wk.jpg","popularity":2.145214,"title":"Never Say Never Again","video":false,"vote_average":5.7,"vote_count":92},{"adult":false,"backdrop_path":"/a4TcSTendjjerZr3GuwVhwbppDp.jpg","genre_ids":[18],"id":133694,"original_language":"en","original_title":"Promised Land","overview":"A salesman for a natural gas company experiences life-changing events after arriving in a small town, where his corporation wants to tap into the available resources.","release_date":"2012-12-28","poster_path":"/dzbv1mDRERrEvhUIJIRqvFB3IVL.jpg","popularity":0.660787,"title":"Promised Land","video":false,"vote_average":5.7,"vote_count":109},{"adult":false,"backdrop_path":"/gIg7GqpcOdSy6byN10QDEI5gwi3.jpg","genre_ids":[35],"id":52077,"original_language":"fr","original_title":"Rien à déclarer","overview":"During the elimination of the Belgian/French border in the 90s, a Belgian customs officer is forced to team up with one of his French counterparts.","release_date":"2010-12-15","poster_path":"/htfJUK8K1rAVl9R8TMOqH0qXPob.jpg","popularity":1.290477,"title":"Nothing to Declare","video":false,"vote_average":5.7,"vote_count":59},{"adult":false,"backdrop_path":"/bvFTBtBX2Q9T26jqmmDq5c0lYIT.jpg","genre_ids":[35,18,10749],"id":1901,"original_language":"en","original_title":"In Good Company","overview":"Dan Foreman is a seasoned advertisement sales executive at a high-ranking publication when a corporate takeover results in him being placed under naive supervisor Carter Duryea, who is half his age. Matters are made worse when Dan's new supervisor becomes romantically involved with his daughter an 18 year-old college student Alex.","release_date":"2004-12-29","poster_path":"/sYTw30QKeSKGxnexdZwkJZQlTOL.jpg","popularity":0.666319,"title":"In Good Company","video":false,"vote_average":5.7,"vote_count":59},{"adult":false,"backdrop_path":"/yeK1MPP6wDAnf4wATPqRfMvXHSS.jpg","genre_ids":[28,12,35,10749],"id":6068,"original_language":"en","original_title":"Six Days Seven Nights","overview":"When Quinn, a grouchy pilot living the good life in the South Pacific, agrees to transfer a savvy fashion editor, Robin, to Tahiti, he ends up stranded on a deserted island with her after their plane crashes. The pair avoid each other at first, until they're forced to team up to escape from the island -- and some pirates who want their heads.","release_date":"1998-06-12","poster_path":"/H0xSwk150VJY3mVB0QxFk8L0r7.jpg","popularity":2.090643,"title":"Six Days Seven Nights","video":false,"vote_average":5.7,"vote_count":76},{"adult":false,"backdrop_path":"/qTmXP26RbQMPxBUiTz9qdHg0eoH.jpg","genre_ids":[35,18,10749],"id":22327,"original_language":"en","original_title":"Youth in Revolt","overview":"Nick Twisp (Michael Cera), a teen with a taste for the finer things in life like Sinatra and Fellini, falls hopelessly in love with the beautiful, free-spirited Sheeni Saunders (Portia Doubleday) while on a family vacation.  But family, geography and jealous ex-lovers conspire to keep these two apart. Nick abandons his dull, predictable life and develops a rebellious alter ego: François.  With his ascot, his moustache and his cigarette, François will stop at nothing to be with Sheeni, and leads Nick on a path of destruction with unpredictable consequences..","release_date":"2009-09-11","poster_path":"/nQ45Ypo7fdgBWGUICyT0XR5RPU6.jpg","popularity":0.886181,"title":"Youth in Revolt","video":false,"vote_average":5.7,"vote_count":113},{"adult":false,"backdrop_path":"/aXgnwXi79x0G9u0OLkCzr1T53X.jpg","genre_ids":[28,35,10751],"id":10022,"original_language":"en","original_title":"The Pacifier","overview":"Disgraced Navy SEAL Shane Wolfe is handed a new assignment: Protect the five Plummer kids from enemies of their recently deceased father -- a government scientist whose top-secret experiment remains hidden in the kids' house.","release_date":"2005-03-04","poster_path":"/mHFWjLbJYWFxgrfTAHgbLbVcFug.jpg","popularity":2.640234,"title":"The Pacifier","video":false,"vote_average":5.7,"vote_count":229},{"adult":false,"backdrop_path":"/sIfz9wz5O8yApfzqNILGvwRg2ym.jpg","genre_ids":[35],"id":144789,"original_language":"es","original_title":"Los amantes pasajeros","overview":"The film is an ensemble comedy written and directed by Pedro Almodóvar. When it appears as though the end is in sight, the pilots, flight crew, and passengers of a plane heading to Mexico City look to forget the anguish of the moment and face the greatest danger, which we carry within ourselves.","release_date":"2013-03-08","poster_path":"/qMqjv4RhGkX53SysJ6yP5HCStY8.jpg","popularity":1.693467,"title":"I'm So Excited!","video":false,"vote_average":5.7,"vote_count":68},{"adult":false,"backdrop_path":"/aV7xYC7SzzNySpaMOoKBLesZsri.jpg","genre_ids":[12,16,35,10751],"id":13690,"original_language":"en","original_title":"Open Season 2","overview":"Boog and Elliot are back for more crazy adventures! After falling head over hooves in love with Giselle, Elliot's road to the alter takes a detour when Mr Weenie is kidnapped by a group of pampered pets determined to return him to his owners. Boog, Elliot, McSqizzy and the rest of the woodland creatures launch a full-scale mission to rescue their friend and soon find themselves in enemy camp...","release_date":"2008-11-06","poster_path":"/qNkuK6f2MwKInBdsfsEUAHJjXKg.jpg","popularity":2.201562,"title":"Open Season 2","video":false,"vote_average":5.7,"vote_count":74},{"adult":false,"backdrop_path":"/wsTFhxSdD2kgH1pMeMNKVzGNfXI.jpg","genre_ids":[18,10749],"id":192145,"original_language":"en","original_title":"Third Person","overview":"An acclaimed novelist struggles to write an analysis of love in one of three stories, each set in a different city, that detail the beginning, middle and end of a relationship.","release_date":"2013-09-09","poster_path":"/nbJxNgdIPD32AFNCSHD51A61gf2.jpg","popularity":1.909985,"title":"Third Person","video":false,"vote_average":5.7,"vote_count":80},{"adult":false,"backdrop_path":"/elTdq4oZ2jmYFrG6OEHnh4wpklC.jpg","genre_ids":[28,35,80,10749],"id":6073,"original_language":"en","original_title":"The Mexican","overview":"Jerry Welbach is given two ultimatums. His mob boss wants him to travel to Mexico to get a priceless antique pistol called \"The Mexican\" or he will suffer the consequences. The other ultimatum comes from his girlfriend Samantha, who wants him to end his association with the mob. Jerry figures that being alive, although in trouble with his girlfriend is the better alternative so he heads south of the border. Finding the pistol is easy but getting it home is a whole other matter. The pistol supposedly carries a curse - a curse Jerry is given every reason to believe, especially when Samantha is held hostage by the gay hit man Leroy to ensure the safe return of the pistol.","release_date":"2001-03-01","poster_path":"/a7PuqWv0ENFg8dt9k51AID6P1kh.jpg","popularity":0.853098,"title":"The Mexican","video":false,"vote_average":5.7,"vote_count":141},{"adult":false,"backdrop_path":"/wDUowkTXQpbuKsXblZssGKlpdyV.jpg","genre_ids":[12,14,18,35,878,10751],"id":26736,"original_language":"en","original_title":"Wizards of Waverly Place: The Movie","overview":"Powerful magic cast by Alex spells trouble for the Russo's. The kids must go on an adventure to save their family and their existence.","release_date":"2009-08-28","poster_path":"/k4mH6wGL1JBmsDjHSPGMxDAOSYa.jpg","popularity":1.616483,"title":"Wizards of Waverly Place: The Movie","video":false,"vote_average":5.7,"vote_count":72},{"adult":false,"backdrop_path":"/pK5G5br9ooo55zCgyjGDGs4p4Hl.jpg","genre_ids":[80,9648],"id":8688,"original_language":"en","original_title":"Snake Eyes","overview":"All bets are off when corrupt homicide cop Rick Santoro witnesses a murder during a boxing match. It's up to him and lifelong friend and naval intelligence agent Kevin Dunne to uncover the conspiracy behind the killing. At every turn, Santoro makes increasingly shocking discoveries that even he can't turn a blind eye to.","release_date":"1998-08-07","poster_path":"/i49r4ycCQAoGh2esfnL57PWGNh.jpg","popularity":0.483954,"title":"Snake Eyes","video":false,"vote_average":5.7,"vote_count":72},{"adult":false,"backdrop_path":"/rRyvFnKBlO2sDCbYugtAByn7ywL.jpg","genre_ids":[35,10749],"id":5966,"original_language":"en","original_title":"Along Came Polly","overview":"Reuben Feffer (Ben Stiller) is a guy who's spent his entire life playing it safe. Polly Prince (Jennifer Aniston) is irresistible as a free-spirit who lives for the thrill of the moment. When these two comically mismatched souls collide, Reuben's world is turned upside down, as he makes an uproarious attempt to change his life from middle-of-the-road to totally-out-there!","release_date":"2004-01-12","poster_path":"/nIY4kvJTTnxoBR0wycrXng5MOYs.jpg","popularity":1.538291,"title":"Along Came Polly","video":false,"vote_average":5.7,"vote_count":228},{"adult":false,"backdrop_path":"/dIxJlRlFwd1qfs7vdwTKjcQcg0u.jpg","genre_ids":[80,35],"id":9600,"original_language":"en","original_title":"Big Momma's House","overview":"When a street-smart FBI agent is sent to Georgia to protect a beautiful single mother and her son from an escaped convict, he is forced to impersonate a crass Southern granny known as Big Momma in order to remain incognito.","release_date":"2000-05-31","poster_path":"/bse0uwxF6daKzDbxZki1SYRNZkI.jpg","popularity":2.102489,"title":"Big Momma's House","video":false,"vote_average":5.7,"vote_count":127},{"adult":false,"backdrop_path":"/y7fi2vTh5tbEYnmsWdA7Xw2pXlY.jpg","genre_ids":[35,10749],"id":4379,"original_language":"en","original_title":"Monster-in-Law","overview":"Office temp Charlotte Cantilini thinks she's found Mr. Right when she starts dating gorgeous surgeon Dr. Kevin Fields. But there's a problem standing in the way of everlasting bliss: Kevin's overbearing and controlling mother, Viola. Fearing she'll lose her son's affections forever, Viola decides to break up the happy couple by becoming the world's worst mother-in-law.","release_date":"2005-05-13","poster_path":"/5GSLdahlqJX1Mb6l9vJI6tXQGaS.jpg","popularity":1.646098,"title":"Monster-in-Law","video":false,"vote_average":5.7,"vote_count":104},{"adult":false,"backdrop_path":"/cwUlDvv4IiKRvchwTnIyXnDZrRF.jpg","genre_ids":[35,10751,878],"id":10748,"original_language":"en","original_title":"St. Trinian's","overview":"When their beloved school is threatened with closure should the powers that be fail to raise the proper funds, the girls scheme to steal a priceless painting and use the profits to pull St. Trinian's out of the black.","release_date":"2007-12-21","poster_path":"/7WkJDzTqWaw2j57Yx1KvoIb5eWA.jpg","popularity":1.447107,"title":"St. Trinian's","video":false,"vote_average":5.7,"vote_count":55},{"adult":false,"backdrop_path":"/ocpr7wq4tG47qYRplaPtV1fJmFe.jpg","genre_ids":[28,14],"id":9312,"original_language":"en","original_title":"Mortal Kombat","overview":"For nine generations an evil sorcerer has been victorious in hand-to-hand battle against his mortal enemies. If he wins a tenth Mortal Kombat tournament, desolation and evil will reign over the multiverse forever. To save Earth, three warriors must overcome seemingly insurmountable odds, their own inner demons, and superhuman foes in this action/adventure movie based on one of the most popular video games of all time.","release_date":"1995-08-18","poster_path":"/bdXWixjWVA7Y03PvW74xufrROiJ.jpg","popularity":1.938341,"title":"Mortal Kombat","video":false,"vote_average":5.7,"vote_count":113},{"adult":false,"backdrop_path":"/jXqB2rntBO8RQ8YtpmskwimH7wG.jpg","genre_ids":[28,12,14,10751],"id":9822,"original_language":"en","original_title":"Mighty Joe Young","overview":"After Mighty Joe Young is brought to America for safety reasons, he escapes and rampages through Hollywood, spurred by tormentors out for revenge.","release_date":"1998-12-29","poster_path":"/5he85ndHxXHZkgLUbhMIWU9nF9z.jpg","popularity":0.479574,"title":"Mighty Joe Young","video":false,"vote_average":5.7,"vote_count":58},{"adult":false,"backdrop_path":"/p6WG7DkWT7VmUwgQuEZyPpKXWyX.jpg","genre_ids":[28,12,18,9648,878,53],"id":13811,"original_language":"en","original_title":"Knowing","overview":"A teacher opens a time capsule that has been dug up at his son's elementary school; in it are some chilling predictions -- some that have already occurred and others that are about to -- that lead him to believe his family plays a role in the events that are about to unfold.","release_date":"2009-03-20","poster_path":"/xEVriTTbxSSCJaPPdDSkDVs4qgv.jpg","popularity":3.171153,"title":"Knowing","video":false,"vote_average":5.7,"vote_count":428}],"total_pages":180,"total_results":3596}
