{"page":42,"results":[{"adult":false,"backdrop_path":"/m6zxiA1kHaOExw4a5wBx6Ylc6ZS.jpg","genre_ids":[18],"id":1165,"original_language":"en","original_title":"The Queen","overview":"The Queen is an intimate behind the scenes glimpse at the interaction between HM Elizabeth II and Prime Minister Tony Blair during their struggle, following the death of Diana, to reach a compromise between what was a private tragedy for the Royal family and the public's demand for an overt display of mourning.","release_date":"2006-09-15","poster_path":"/Ai8tz9c7Homb9mLg8baGhX1ABkR.jpg","popularity":1.775898,"title":"The Queen","video":false,"vote_average":6.9,"vote_count":59},{"adult":false,"backdrop_path":"/oT8RNPVSaZzEhimXcWihQxQPxKy.jpg","genre_ids":[18,28,53,80],"id":184,"original_language":"en","original_title":"Jackie Brown","overview":"Jackie Brown is a flight attendant who gets caught in the middle of smuggling cash into the country for her gunrunner boss. When the cops try to use Jackie to get to her boss, she hatches a plan—with help from a bail bondsman—to keep the money for herself. Based on Elmore Leonard's novel “Rum Punch”.","release_date":"1997-12-24","poster_path":"/5AiK0vIBuhC6sXlDMLEyHOc8Laj.jpg","popularity":2.350021,"title":"Jackie Brown","video":false,"vote_average":6.9,"vote_count":358},{"adult":false,"backdrop_path":"/pCPOaPO9aANGJ5D9JmVthxaDl4E.jpg","genre_ids":[18],"id":209276,"original_language":"en","original_title":"Starred Up","overview":"19-year-old Eric, arrogant and ultra-violent, is prematurely transferred to the same adult prison facility as his estranged father. As his explosive temper quickly finds him enemies in both prison authorities and fellow inmates — and his already volatile relationship with his father is pushed past breaking point — Eric is approached by a volunteer psychotherapist, who runs an anger management group for prisoners. Torn between gang politics, prison corruption, and a glimmer of something better, Eric finds himself in a fight for his own life, unsure if his own father is there to protect him or join in punishing him.","release_date":"2013-10-10","poster_path":"/cP5vXTItgkNahGEsaIHudbdIDRG.jpg","popularity":2.285466,"title":"Starred Up","video":false,"vote_average":6.9,"vote_count":116},{"adult":false,"backdrop_path":"/qG2NKjGLsFxohQYUWcjgI1fsuzz.jpg","genre_ids":[18,80],"id":8923,"original_language":"en","original_title":"Hooligans","overview":"After being wrongfully expelled from Harvard University, American Matt Buckner flees to his sister's home in England. Once there, he is befriended by her charming and dangerous brother-in-law, Pete Dunham, and introduced to the underworld of British football hooliganism. Matt learns to stand his ground through a friendship that develops against the backdrop of this secret and often violent world. 'Green Street Hooligans' is a story of loyalty, trust and the sometimes brutal consequences of living close to the edge.","release_date":"2005-09-09","poster_path":"/z3LC4kI8azbeuHRGgDdWo6VBCdX.jpg","popularity":2.213425,"title":"Green Street Hooligans","video":false,"vote_average":6.9,"vote_count":211},{"adult":false,"backdrop_path":"/804kjzDNr1zjD4Gmj08ELvYlNtm.jpg","genre_ids":[18,36],"id":4518,"original_language":"en","original_title":"Elizabeth","overview":"This film details the ascension to the throne and the early reign of Queen Elizabeth the First, as played by Cate Blanchett. The main focus is the endless attempts by her council to marry her off, the Catholic hatred of her and her romance with Lord Robert Dudley.","release_date":"1998-09-13","poster_path":"/y4ynYOy205LorkOIN6hs6DgJ1xa.jpg","popularity":0.79273,"title":"Elizabeth","video":false,"vote_average":6.9,"vote_count":85},{"adult":false,"backdrop_path":"/oRSocDAAADYnCkI4jiUeRnlCnwG.jpg","genre_ids":[28,12,37],"id":966,"original_language":"en","original_title":"The Magnificent Seven","overview":"The Magnificent Seven is a western film from John Sturges and a remake of the Akira Kurosawa's film The Seven Samurai from 1954.","release_date":"1960-10-23","poster_path":"/7w3JmmyL8GpBvW6BusQfQCSm2h0.jpg","popularity":2.113203,"title":"The Magnificent Seven","video":false,"vote_average":6.9,"vote_count":113},{"adult":false,"backdrop_path":"/unBJ0rZsL2kzs11FliadlDyv6ji.jpg","genre_ids":[18,27,53],"id":9552,"original_language":"en","original_title":"The Exorcist","overview":"12-year-old Regan MacNeil begins to adapt an explicit new personality as strange events befall the local area of Georgetown. Her mother becomes torn between science and superstition in a desperate bid to save her daughter, and ultimately turns to her last hope: Father Damien Karras, a troubled priest who is struggling with his own faith.","release_date":"1973-12-26","poster_path":"/eYVZP9CibJg1fyZnZahfFIYqfPr.jpg","popularity":1.912223,"title":"The Exorcist","video":false,"vote_average":6.9,"vote_count":572},{"adult":false,"backdrop_path":"/lh8KYPsoNbWOP6wn6OrwX9ACk0W.jpg","genre_ids":[18,10749],"id":451,"original_language":"en","original_title":"Leaving Las Vegas","overview":"Ben Sanderson, an alcoholic Hollywood screenwriter who lost everything because of his drinking, arrives in Las Vegas to drink himself to death. There, he meets and forms an uneasy friendship and non-interference pact with prostitute Sera.","release_date":"1995-10-27","poster_path":"/aPD0aD4yVoiwrZjVCpUBdGa1C0j.jpg","popularity":1.594278,"title":"Leaving Las Vegas","video":false,"vote_average":6.9,"vote_count":103},{"adult":false,"backdrop_path":"/gAEapcXL0XTzaJAGiOOo3vksKc1.jpg","genre_ids":[14,35,878],"id":11687,"original_language":"fr","original_title":"Les Visiteurs","overview":"This outrageous time-travel comedy follows the misadventures of a wacky medieval knight (Jean Reno) and his faithful servant when they are accidentally transported to contemporary times by a senile sorcererMayhem rules as these 12th-century visitors try adapting to the wildly confusing modern world. To avoid being stuck here for good, however, they soon begin an all-out cosmic assault on their former castle -- now a luxury hotel -- in their quest to return to the past","release_date":"1993-01-27","poster_path":"/ad3mSN89aBh5e057y402FOPAg0X.jpg","popularity":1.813946,"title":"The Visitors","video":false,"vote_average":6.9,"vote_count":64},{"adult":false,"backdrop_path":"/g6WT9zxATzTy9NVu2xwbxDAxvjd.jpg","genre_ids":[878,28],"id":157350,"original_language":"en","original_title":"Divergent","overview":"DIVERGENT is a thrilling action-adventure film set in a world where people are divided into distinct factions based on human virtues. Tris Prior is warned she is Divergent and will never fit into any one group. When she discovers a conspiracy by a faction leader to destroy all Divergents, Tris must learn to trust in the mysterious Four and together they must find out what makes being Divergent so dangerous before it's too late. Based on the best-selling book series by Veronica Roth.","release_date":"2014-03-21","poster_path":"/yTtx2ciqk4XdN1oKhMMDy3f5ue3.jpg","popularity":7.409126,"title":"Divergent","video":false,"vote_average":6.9,"vote_count":1686},{"adult":false,"backdrop_path":"/4GGHfOnROom52W3Hea4ev41PUbk.jpg","genre_ids":[18],"id":76025,"original_language":"en","original_title":"Shame","overview":"In New York City, Brandon's carefully cultivated private life -- which allows him to indulge his sexual addiction -- is disrupted when his sister Cissy arrives unannounced for an indefinite stay.","release_date":"2011-12-02","poster_path":"/wo6j31YThvs8VPTv9DAI3StSoby.jpg","popularity":2.58408,"title":"Shame","video":false,"vote_average":6.9,"vote_count":240},{"adult":false,"backdrop_path":"/a5FrfkLdI98DgOzI2QkZ2RfLWX0.jpg","genre_ids":[18,10749],"id":1443,"original_language":"en","original_title":"The Virgin Suicides","overview":"A group of male friends become obsessed with five mysterious sisters who are sheltered by their strict, religious parents.","release_date":"1999-04-21","poster_path":"/r3ngI5C6tmnQeQ1cFKnVj8TJI4R.jpg","popularity":0.534051,"title":"The Virgin Suicides","video":false,"vote_average":6.9,"vote_count":194},{"adult":false,"backdrop_path":"/xq6hXdBpDPIXWjtmvbFmtLvBFJt.jpg","genre_ids":[12,28,53],"id":36557,"original_language":"en","original_title":"Casino Royale","overview":"James Bond goes on his first ever mission as a 00. Le Chiffre is a banker to the world's terrorists. He is participating in a poker game at Montenegro, where he must win back his money, in order to stay safe among the terrorist market. The boss of MI6, known simply as M sends Bond, along with Vesper Lynd to attend this game and prevent Le Chiffre from winning. Bond, using help from Felix Leiter, Mathis and having Vesper pose as his wife, enters the most important poker game in his already dangerous career. But if Bond defeats Le Chiffre, will he and Vesper Lynd remain safe?","release_date":"2006-11-15","poster_path":"/uvrZJgQX4Gob7kfiithYKGBxdtT.jpg","popularity":3.601123,"title":"Casino Royale","video":false,"vote_average":6.9,"vote_count":1932},{"adult":false,"backdrop_path":"/sjSyssW1PC5AmhU6RnztVxa1dxd.jpg","genre_ids":[80,18,53],"id":9366,"original_language":"en","original_title":"Donnie Brasco","overview":"An FBI undercover agent infilitrates the mob and finds himself identifying more with the mafia life at the expense of his regular one.","release_date":"1997-02-27","poster_path":"/niqDLxwZ6GF0GLKUlkdKnOWfsvb.jpg","popularity":2.335692,"title":"Donnie Brasco","video":false,"vote_average":6.9,"vote_count":243},{"adult":false,"backdrop_path":"/9Kjxr4VCU0Y4DAuXkzR2moAy7DK.jpg","genre_ids":[16,35,10751],"id":863,"original_language":"en","original_title":"Toy Story 2","overview":"During a garage sale Andy’s mother sells some of Andy’s old things including his favorite toy Woody to a collector. Buzz Lightyear and the other toys begin a reckless mission to save their friend. The sequel to the revolutionary computer animated feature film Toy Story.","release_date":"1999-11-24","poster_path":"/gd12nM0VnrgbaUmZDjte4oBedGZ.jpg","popularity":2.686198,"title":"Toy Story 2","video":false,"vote_average":6.9,"vote_count":1314},{"adult":false,"backdrop_path":"/qbHJsDJLyPfBLkHfdsNTWvSirv8.jpg","genre_ids":[18],"id":11005,"original_language":"en","original_title":"Awakenings","overview":"The victims of an encephalitis epidemic many years ago have been catatonic ever since, but now a new drug offers the prospect of reviving them.","release_date":"1990-12-12","poster_path":"/y7Ug5P1HhQ9NbflpGcRJUAASiX7.jpg","popularity":1.607692,"title":"Awakenings","video":false,"vote_average":6.9,"vote_count":83},{"adult":false,"backdrop_path":"/uD93T339xX1k3fnDUaeopZBiajY.jpg","genre_ids":[12,14,10751],"id":671,"original_language":"en","original_title":"Harry Potter and the Philosopher's Stone","overview":"Harry Potter has lived under the stairs at his aunt and uncle's house his whole life. But on his 11th birthday, he learns he's a powerful wizard -- with a place waiting for him at the Hogwarts School of Witchcraft and Wizardry. As he learns to harness his newfound powers with the help of the school's kindly headmaster, Harry uncovers the truth about his parents' deaths -- and about the villain who's to blame.","release_date":"2001-11-04","poster_path":"/lR4drT4VGfts32j9jYTZUc1a3Pa.jpg","popularity":4.705241,"title":"Harry Potter and the Philosopher's Stone","video":false,"vote_average":6.9,"vote_count":2802},{"adult":false,"backdrop_path":"/4BMel8xxSed1pCkPSGc9R3jsUtC.jpg","genre_ids":[18,10749],"id":142,"original_language":"en","original_title":"Brokeback Mountain","overview":"Brokeback Mountain is an Ang Lee film about two modern day cowboys who meet on a shepherding job in the summer of ’63. The two share a raw and powerful summer together that turns into a life long relationship conflicting with the lives they are supposed to live.","release_date":"2005-09-02","poster_path":"/z2DqVxj17aW6xpimRlCLfhKSfUm.jpg","popularity":2.520243,"title":"Brokeback Mountain","video":false,"vote_average":6.9,"vote_count":370},{"adult":false,"backdrop_path":"/ns75FqFLk1v6jEmecgu25IOk8yB.jpg","genre_ids":[12,28,53,878],"id":8810,"original_language":"en","original_title":"Mad Max 2","overview":"Max Rockatansky returns as the heroic loner who drives the dusty roads of a postapocalyptic Australian Outback in an unending search for gasoline. Arrayed against him and the other scraggly defendants of a fuel-depot encampment are the bizarre warriors commanded by the charismatic Lord Humungus, a violent leader whose scruples are as barren as the surrounding landscape.","release_date":"1981-12-24","poster_path":"/91rlokpaXArmOlO1EOoA2u0dq4p.jpg","popularity":2.316391,"title":"Mad Max 2: The Road Warrior","video":false,"vote_average":6.9,"vote_count":251},{"adult":false,"backdrop_path":"/nsqs8dV3DBeheey1qqnbTD4LSHW.jpg","genre_ids":[18,10749],"id":8055,"original_language":"en","original_title":"The Reader","overview":"Tells the story of Michael Berg, a German lawyer who as a teenager in the late 1950s had an affair with an older woman, Hanna, who then disappeared only to resurface years later as one of the defendants in a war crimes trial stemming from her actions as a concentration camp guard late in the war. He alone realizes that Hanna is illiterate and may be concealing that at the expense of her freedom.","release_date":"2008-12-10","poster_path":"/mEqgCzhGO3gi9DkevgM7N6a5mY3.jpg","popularity":2.574848,"title":"The Reader","video":false,"vote_average":6.9,"vote_count":224}],"total_pages":180,"total_results":3596}
