{"page":171,"results":[{"adult":false,"backdrop_path":"/YKUNjQNJMS0vJEVWt5gunW7UDY.jpg","genre_ids":[28,12,35,10749],"id":8676,"original_language":"en","original_title":"Fool's Gold","overview":"Charming but luckless treasure hunter Ben Finnegan has sacrificed his relationship with his wife to search for the Queen's Dowry, a legendary treasure lost at sea. But the discovery of a new clue rekindles his hope for riches -- and his marriage.","release_date":"2008-02-08","poster_path":"/v4YTbyUsxOVRTFlOqQKKFPAjJhL.jpg","popularity":1.032696,"title":"Fool's Gold","video":false,"vote_average":5.1,"vote_count":164},{"adult":false,"backdrop_path":"/iqWlEYSx81cKDV1IvMzx1C5NYQK.jpg","genre_ids":[35],"id":219318,"original_language":"fr","original_title":"Eyjafjallajökull","overview":"The eruption of the Icelandic volcano Eyjafjallajökull causes major disruptions to travelers' plans around the world. For Alain and Valérie, it's a catastrophe. Because to make it to the small Greek village in time for their daughter's wedding, this divorced couple, whose mutual hatred knows no bounds, will be obliged to set out on the road together.","release_date":"2013-10-02","poster_path":"/eaDw2WwrhOitwuLNGSKxDBWPLXa.jpg","popularity":0.628139,"title":"The Volcano","video":false,"vote_average":5.1,"vote_count":54},{"adult":false,"backdrop_path":"/dc46nZwoHAKmnfoR0TMrTlGMeel.jpg","genre_ids":[35],"id":182219,"original_language":"fr","original_title":"Les profs","overview":"With only 12 percent of its pupils obtaining their baccalaureate, Jules Ferry High School is the worst school in France. The Inspector of Schools has already exhausted all the conventional means to raise standards at the school and he has no choice but to take the advice of his deputy. It is a case of having to fight fire with fire: the worst pupils must be taught by the worst teachers...","release_date":"2013-04-17","poster_path":"/8XsytWmkZmF6QG1mFgKG4RkK1xj.jpg","popularity":1.023208,"title":"Serial Teachers","video":false,"vote_average":5.1,"vote_count":71},{"adult":false,"backdrop_path":"/bVZNGCXhQMPpCCDr6HaYjqMULck.jpg","genre_ids":[27,53],"id":9378,"original_language":"en","original_title":"Thir13en Ghosts","overview":"Arthur and his two children, Kathy and Bobby, inherit his Uncle Cyrus's estate: a glass house that serves as a prison to 12 ghosts. When the family, accompanied by Bobby's Nanny and an attorney, enter the house they find themselves trapped inside an evil machine \"designed by the devil and powered by the dead\" to open the Eye of Hell. Aided by Dennis, a ghost hunter, and his rival Kalina, a ghost rights activist out to set the ghosts free, the group must do what they can to get out of the house alive.","release_date":"2001-10-26","poster_path":"/s4KZw4vmXfZGbPLBJB7RpWsiUxk.jpg","popularity":1.818508,"title":"Thir13en Ghosts","video":false,"vote_average":5.1,"vote_count":110},{"adult":false,"backdrop_path":"/rQwWtujstlG3dzfGsnp57Hh3pmj.jpg","genre_ids":[28,35],"id":5851,"original_language":"en","original_title":"Showtime","overview":"A spoof of buddy cop movies where two very different cops are forced to team up on a new reality based T.V. cop show.","release_date":"2002-03-14","poster_path":"/a1vRxRQFRwheHXJESIt2cnfudaH.jpg","popularity":0.717788,"title":"Showtime","video":false,"vote_average":5.1,"vote_count":72},{"adult":false,"backdrop_path":"/kHI6u5sywNk8BZLPIJxpvUZitVA.jpg","genre_ids":[35],"id":10327,"original_language":"en","original_title":"Legally Blonde 2: Red, White & Blonde","overview":"After Elle Woods, the eternally perky, fashionably adventurous, famously blonde Harvard Law grad gets fired by her law firm because of her opposition to animal testing, she takes her fight to Washington. As an aide for Congresswoman Victoria Rudd, she pushes for a bill to ban testing once and for all, but it's her building's doorman who advises her on how to get her way on the Hill.","release_date":"2003-07-02","poster_path":"/wECfNeNPTO5stVguJZ4lWYzd3J6.jpg","popularity":0.706613,"title":"Legally Blonde 2: Red, White & Blonde","video":false,"vote_average":5.1,"vote_count":116},{"adult":false,"backdrop_path":"/pdPekYuC8YSdbrMofieomEIevwe.jpg","genre_ids":[28,12,35,10751],"id":9488,"original_language":"en","original_title":"Spy Kids 2: The Island of Lost Dreams","overview":"Exploring the further adventures of Carmen and Juni Cortez, who have now joined the family spy business as Level 2 OSS agents. Their new mission is to save the world from a mad scientist living on a volcanic island populated by an imaginative menagerie of creatures. On this bizarre island, none of the Cortez's gadgets work and they must rely on their wits--and each other--to survive and save the day.","release_date":"2002-08-07","poster_path":"/p0waDhvhpIj5T2v1OmL7DeLD5oq.jpg","popularity":1.062663,"title":"Spy Kids 2: The Island of Lost Dreams","video":false,"vote_average":5.1,"vote_count":116},{"adult":false,"backdrop_path":"/79sgOV7YZk846qwy7g5sarYN08O.jpg","genre_ids":[878,28,12],"id":82700,"original_language":"en","original_title":"After Earth","overview":"One thousand years after cataclysmic events forced humanity's escape from Earth, Nova Prime has become mankind's new home. Legendary General Cypher Raige returns from an extended tour of duty to his estranged family, ready to be a father to his 13-year-old son, Kitai. When an asteroid storm damages Cypher and Kitai's craft, they crash-land on a now unfamiliar and dangerous Earth. As his father lies dying in the cockpit, Kitai must trek across the hostile terrain to recover their rescue beacon. His whole life, Kitai has wanted nothing more than to be a soldier like his father. Today, he gets his chance.","release_date":"2013-05-30","poster_path":"/pUCK62aHDUJYcCXUvdMKkr3dJmx.jpg","popularity":3.740389,"title":"After Earth","video":false,"vote_average":5.1,"vote_count":1204},{"adult":false,"backdrop_path":"/mo3Uu6km5pV0iHPRuHjL57RwAvg.jpg","genre_ids":[53,878],"id":22825,"original_language":"en","original_title":"The Box","overview":"Norma and Arthur Lewis, a suburban couple with a young child, receive a simple wooden box as a gift, which bears fatal and irrevocable consequences. A mysterious stranger delivers the message that the box promises to bestow upon its owner $1 million with the press of a button. However pressing this button will simultaneously cause the death of another human being somewhere in the world; someone they don't know. With just 24 hours to have the box in their possession, Norma and Arthur find themselves in the cross-hairs of a startling moral dilemma and must face the true nature of their humanity.","release_date":"2009-09-17","poster_path":"/1zinhNzY0okQVD1aZBZyrLffugu.jpg","popularity":2.944299,"title":"The Box","video":false,"vote_average":5.1,"vote_count":164},{"adult":false,"backdrop_path":"/pBgGl3GfVxs84T7ZniUAz5FMMNx.jpg","genre_ids":[12,35,14,10749,10751],"id":11451,"original_language":"en","original_title":"Herbie Fully Loaded","overview":"Maggie Peyton, the new owner of Number 53 - the free-wheelin' Volkswagen bug with a mind of its own - puts the car through its paces on the road to becoming a NASCAR competitor.","release_date":"2005-06-18","poster_path":"/w6LisixORl4NbEl4BaEykdkVloE.jpg","popularity":0.645194,"title":"Herbie Fully Loaded","video":false,"vote_average":5.1,"vote_count":124},{"adult":false,"backdrop_path":"/xyBLT9V5auaRl5d1g4Ow36ncVgw.jpg","genre_ids":[28,80,53],"id":151368,"original_language":"en","original_title":"Open Windows","overview":"Nick is excited to discover that he's won a dinner date with his favorite actress, Jill Goddard. But when Jill refuses to honor the contest, her manager Chord makes an offer he can't refuse: the ability to view Jill secretly via computer. Nick begins watching the unknowing star on her webcam, not realizing that this decision will put both himself and Jill at risk as they enter a terrifying world of cat-and-mouse where nothing-and no one-are as they seem.","release_date":"2014-07-04","poster_path":"/ATI8sLJ0pYNyJOIPaxX8tzcBsF.jpg","popularity":1.319132,"title":"Open Windows","video":false,"vote_average":5.1,"vote_count":84},{"adult":false,"backdrop_path":"/2C8YdM0pMYnI0s7388ANLgPJl6B.jpg","genre_ids":[18,27,53],"id":9009,"original_language":"en","original_title":"Dark Water","overview":"Dahlia Williams and her daughter Cecelia move into a rundown apartment on New York's Roosevelt Island. She is currently in midst of divorce proceedings and the apartment, though near an excellent school for her daughter, is all she can afford. From the time she arrives, there are mysterious occurrences and there is a constant drip from the ceiling in her daughter's bedroom.","release_date":"2005-06-27","poster_path":"/62Gtqvje0qhTBTBoDxJRMPePyHM.jpg","popularity":1.476551,"title":"Dark Water","video":false,"vote_average":5.1,"vote_count":57},{"adult":false,"backdrop_path":"/yKq6pahQnYNGpTRm85sOoIqUbpm.jpg","genre_ids":[27],"id":200462,"original_language":"en","original_title":"Hansel & Gretel","overview":"In this modern retelling of the classic horror tale, teen siblings are enslaved by a psychotic recluse within her gruesome house of horrors in the woods.","release_date":"2013-01-07","poster_path":"/qHqZ9zuwZAByQgjItecVtJCKSN.jpg","popularity":0.776561,"title":"Hansel & Gretel","video":false,"vote_average":5.1,"vote_count":62},{"adult":false,"backdrop_path":"/pIZTDlgwbGojhUymHkPrdpTwdIV.jpg","genre_ids":[28,53],"id":277355,"original_language":"en","original_title":"Everly","overview":"After she betrays a powerful mob boss, a woman matches wits and weaponry with a legion of killers who are out to collect the bounty on the heads of her and her family.","release_date":"2015-01-23","poster_path":"/dU7fJCSeZCjnoqb57HUQCZwwAhA.jpg","popularity":2.006363,"title":"Everly","video":false,"vote_average":5.1,"vote_count":97},{"adult":false,"backdrop_path":"/iF5ix0kDBBdcJpMTAwa41znmxC1.jpg","genre_ids":[28],"id":326,"original_language":"en","original_title":"Snakes on a Plane","overview":"America is on the search for the murderer Eddie Kim (Bryon Lawson). Sean Jones (Nathan Philips) must fly to L.A. to testify in a hearing against Kim. Accompanied by FBI agent Neville Flynn, the flight receives some unexpected visitors.","release_date":"2006-08-18","poster_path":"/dbt9YEAPZjd0LbaK1r8UnOZp2Uv.jpg","popularity":0.695832,"title":"Snakes on a Plane","video":false,"vote_average":5.1,"vote_count":127},{"adult":false,"backdrop_path":"/RdsII0tG6vdF6GTaiHePFaAKVM.jpg","genre_ids":[12,35,10751],"id":11888,"original_language":"en","original_title":"Snow Dogs","overview":"When a Miami dentist inherits a team of sled dogs, he's got to learn the trade or lose his pack to a crusty mountain man.","release_date":"2002-01-18","poster_path":"/p4eZyneqVExJY5WIJfa8WdOdqt9.jpg","popularity":0.554134,"title":"Snow Dogs","video":false,"vote_average":5.1,"vote_count":51},{"adult":false,"backdrop_path":"/e2au5ZOOxThV3mB6Wu0fK8OFqpq.jpg","genre_ids":[35],"id":243938,"original_language":"en","original_title":"Hot Tub Time Machine 2","overview":"When Lou, who has become the \"father of the Internet,\" is shot by an unknown assailant, Jacob and Nick fire up the time machine again to save their friend.","release_date":"2015-02-20","poster_path":"/tQtWuwvMf0hCc2QR2tkolwl7c3c.jpg","popularity":2.796369,"title":"Hot Tub Time Machine 2","video":false,"vote_average":5.1,"vote_count":112},{"adult":false,"backdrop_path":"/obvIA9vxfJUUYU5N7e5u3ppqvfJ.jpg","genre_ids":[16,35,10751],"id":8920,"original_language":"en","original_title":"Garfield","overview":"Garfield, the fat, lazy, lasagna lover, has everything a cat could want. But when Jon, in an effort to impress the Liz - the vet and an old high-school crush - adopts a dog named Odie and brings him home, Garfield gets the one thing he doesn't want. Competition.","release_date":"2004-06-11","poster_path":"/v6xvth8PjDG350ARG9H2sF7N3SF.jpg","popularity":1.819569,"title":"Garfield","video":false,"vote_average":5.1,"vote_count":193},{"adult":false,"backdrop_path":"/u3pQOLr9KrsMaPxmtvFDUM0Sh6Y.jpg","genre_ids":[35],"id":19824,"original_language":"en","original_title":"Van Wilder: Freshman Year","overview":"It is freshman year at Coolidge College and Van Wilder is ready to party. To his dismay, all the girls have taken a vow of chastity and the dean rules the school. Van embarks on a crusade to land the campus hottie, Kaitlin, and liberate his school from sexual oppression and party dysfunction.","release_date":"2009-06-02","poster_path":"/sJgbsheX4wV1qukwjOyXMFCdT5B.jpg","popularity":2.085328,"title":"Van Wilder: Freshman Year","video":false,"vote_average":5.1,"vote_count":67},{"adult":false,"backdrop_path":"/eerkyCF9nRXQK8tkwbuHAT0vDI7.jpg","genre_ids":[878,53,27],"id":190847,"original_language":"en","original_title":"The Last Days on Mars","overview":"On the last day of the first manned mission to Mars, a crew member of Tantalus Base believes he has made an astounding discovery – fossilized evidence of bacterial life. Unwilling to let the relief crew claims all the glory, he disobeys orders to pack up and goes out on an unauthorized expedition to collect further samples. But a routine excavation turns to disaster when the porous ground collapses and he falls into a deep crevice and near certain death. His devastated colleagues attempt to recover his body. However, when another vanishes, they start to suspect that the life-form they have discovered is not without danger.","release_date":"2013-12-06","poster_path":"/m0uxoxv6iJz6AdAFx5YOjPEKpTe.jpg","popularity":2.2195,"title":"The Last Days on Mars","video":false,"vote_average":5.1,"vote_count":109}],"total_pages":180,"total_results":3596}
