{"page":123,"results":[{"adult":false,"backdrop_path":"/jDzE7aMeuBXwVhAxb88GUtDyZPf.jpg","genre_ids":[35,12,14,28,878,10751],"id":1273,"original_language":"en","original_title":"TMNT","overview":"The continued adventures of the four adolescent mutated turtles gifted in the art of the ninja, as they attempt to stop a mysterious evil that threatens to end the world","release_date":"2007-03-22","poster_path":"/4hGzZ2DAjdu6IjHT7dGfiVatHEu.jpg","popularity":2.263735,"title":"TMNT","video":false,"vote_average":6.0,"vote_count":131},{"adult":false,"backdrop_path":"/84MR5ejizt57QpulfR4FXN8gA4h.jpg","genre_ids":[28,18,53],"id":9884,"original_language":"en","original_title":"Collateral Damage","overview":"Firefighter Gordon Brewer is plunged into the complex and dangerous world of international terrorism after he loses his wife and child in a bombing credited to Claudio \"The Wolf\" Perrini.","release_date":"2002-02-08","poster_path":"/o5TScwlDu3uPzbqZ5IYwlUtMP4O.jpg","popularity":1.059177,"title":"Collateral Damage","video":false,"vote_average":6.0,"vote_count":152},{"adult":false,"backdrop_path":"/ftgPQvQCKP4IBd0jA7HJRDWqlmu.jpg","genre_ids":[28,35],"id":87826,"original_language":"en","original_title":"Here Comes the Boom","overview":"A high school biology teacher moonlights as a mixed-martial arts fighter in an effort to raise money to save the school's music program.","release_date":"2012-10-12","poster_path":"/sB7UeSr1D4uIhTm76GdtA1e7F0t.jpg","popularity":2.11415,"title":"Here Comes the Boom","video":false,"vote_average":6.0,"vote_count":322},{"adult":false,"backdrop_path":"/eB2Kp4K0ebrUUgnEnfR8zMMGHef.jpg","genre_ids":[27,53],"id":256274,"original_language":"en","original_title":"As Above, So Below","overview":"When a team of explorers ventures into the catacombs that lie beneath the streets of Paris, they uncover the dark secret that lies within this city of the dead.","release_date":"2014-08-29","poster_path":"/rXhroOVTfR4Dde7Vci2L3FVGAZh.jpg","popularity":2.314889,"title":"As Above, So Below","video":false,"vote_average":6.0,"vote_count":259},{"adult":false,"backdrop_path":"/7rSnmAPdyjWNwsVgAaj9Qb2QRyl.jpg","genre_ids":[35,10749],"id":11529,"original_language":"en","original_title":"Sweet Home Alabama","overview":"New York fashion designer Melanie Carmichael suddenly finds herself engaged to the city's most eligible bachelor. But Melanie's past holds many secrets, including Jake, the redneck husband she married in high school, who refuses to divorce her. Bound and determined to end their contentious relationship once and for all, Melanie sneaks back home to Alabama to confront her past.","release_date":"2002-09-27","poster_path":"/suMTT3YgqeUg9vDJB0xZQhcekh7.jpg","popularity":1.519741,"title":"Sweet Home Alabama","video":false,"vote_average":6.0,"vote_count":119},{"adult":false,"backdrop_path":"/cRaD42r5Hte1D9Z24L6v0dtlYGj.jpg","genre_ids":[28,35],"id":168530,"original_language":"en","original_title":"Ride Along","overview":"For the past two years, high-school security guard Ben (Kevin Hart) has been trying to show decorated APD detective James (Ice Cube) that he's more than just a video-game junkie who's unworthy of James' sister, Angela (Tika Sumpter). When Ben finally gets accepted into the academy, he thinks he's earned the seasoned policeman's respect and asks for his blessing to marry Angela.  Knowing that a ride along will demonstrate if Ben has what it takes to take care of his sister, James invites him on a shift designed to scare the hell out of the trainee. But when the wild night leads them to the most notorious criminal in the city, James will find that his new partner's rapid-fire mouth is just as dangerous as the bullets speeding at it.","release_date":"2014-01-17","poster_path":"/fLXPcxZ1fJjxqUg94FFb8wwM9YN.jpg","popularity":2.666663,"title":"Ride Along","video":false,"vote_average":6.0,"vote_count":343},{"adult":false,"backdrop_path":"/3MET6hEfk8n8i0KFRq9BHnJq7ju.jpg","genre_ids":[16,35,12,10751],"id":218836,"original_language":"en","original_title":"Planes: Fire & Rescue","overview":"When world-famous air racer Dusty learns that his engine is damaged and he may never race again, he must shift gears and is launched into the world of aerial firefighting. Dusty joins forces with veteran fire and rescue helicopter Blade Ranger and his team, a bunch of all-terrain vehicles known as The Smokejumpers. Together, the fearless team battles a massive wildfire, and Dusty learns what it takes to become a true hero.","release_date":"2014-07-18","poster_path":"/b5Xn7UQf7s6ZPsDTVT0NeLqiiHY.jpg","popularity":2.505777,"title":"Planes: Fire & Rescue","video":false,"vote_average":6.0,"vote_count":133},{"adult":false,"backdrop_path":"/9aPAt8qyf3fMeQYRy743MarHrX4.jpg","genre_ids":[27,53,9648],"id":215830,"original_language":"en","original_title":"Open Grave","overview":"A man awakes-- without memory -- in a pit full of bodies and must figure out if the people who rescued him are the killers, or if he is the murderer.","release_date":"2013-08-13","poster_path":"/uO9pr6aMgHz8ofLrOAjHvhv7J3e.jpg","popularity":2.255745,"title":"Open Grave","video":false,"vote_average":6.0,"vote_count":91},{"adult":false,"backdrop_path":"/hM4SlL49CPvltPkVVulyXHlfFjO.jpg","genre_ids":[28,18,53],"id":9331,"original_language":"en","original_title":"Clear and Present Danger","overview":"CIA Analyst Jack Ryan is drawn into an illegal war fought by the US government against a Colombian drug cartel.","release_date":"1994-08-03","poster_path":"/avRDucB3FLf1Xz5532hbOYd1giX.jpg","popularity":1.679495,"title":"Clear and Present Danger","video":false,"vote_average":6.0,"vote_count":124},{"adult":false,"backdrop_path":"/gEXvIMvCT1TuQY7Lu9vN47MpSm4.jpg","genre_ids":[28,35,80],"id":7552,"original_language":"en","original_title":"Fun with Dick and Jane","overview":"After losing their high-paying corporate jobs, Jane and Dick Harper (Jim Carrey and Téa Leoni) turn to robbing banks to maintain their upwardly mobile standard of living in this action-comedy based on the 1977 film of the same name. The couple's hold-up act begins as a desperate measure. But before long, they're actually enjoying it -- and now it's getting to be a habit.","release_date":"2005-12-21","poster_path":"/nevy1DCIpEOqeuqrBjeSHCrNLQ9.jpg","popularity":0.761201,"title":"Fun with Dick and Jane","video":false,"vote_average":6.0,"vote_count":208},{"adult":false,"backdrop_path":"/1wyFgywBCCSnniSOHLlIZijNcty.jpg","genre_ids":[35,10749],"id":222899,"original_language":"en","original_title":"About Last Night","overview":"A modern reimagining of the classic romantic comedy, this contemporary version closely follows new love for two couples as they journey from the bar to the bedroom and are eventually put to the test in the real world.","release_date":"2014-02-14","poster_path":"/scGmWVpSt0Yaanwuxe1IvA5lZRG.jpg","popularity":2.079251,"title":"About Last Night","video":false,"vote_average":6.0,"vote_count":86},{"adult":false,"backdrop_path":"/tnSB171AQf4hnAR1simsgROtF0h.jpg","genre_ids":[28,35,80,53],"id":11078,"original_language":"en","original_title":"National Security","overview":"Two mismatched security guards are thrown together to bust a smuggling operation.","release_date":"2003-01-17","poster_path":"/5YFPkMgy5NCzUSYl5Ep8p0vK9qB.jpg","popularity":0.639085,"title":"National Security","video":false,"vote_average":5.9,"vote_count":85},{"adult":false,"backdrop_path":"/qG8MPYWkBQs0htKnsH6yBq0iCPJ.jpg","genre_ids":[14,18,53],"id":23488,"original_language":"en","original_title":"Dorian Gray","overview":"A vain London playboy offers his soul in exchange for eternal beauty in this adaptation of the chilling tale by author Oscar Wilde. Seduced into the decadent world of Lord Henry Wotton (Colin Firth), handsome young aristocrat Dorian Gray (Ben Barnes) becomes obsessed with maintaining his youthful appearance, and commissions a special portrait that will weather the winds of time while he remains forever young. When Gray's obsession spirals out of control, his desperate attempts to safeguard his secret turn his once-privileged life into a living hell.","release_date":"2009-09-09","poster_path":"/tL0JgGir10RFXZ1M0H3TgyrGdtp.jpg","popularity":2.027579,"title":"Dorian Gray","video":false,"vote_average":6.0,"vote_count":115},{"adult":false,"backdrop_path":"/8dHsvdiZLBdppKwRiZ0XZYngbeN.jpg","genre_ids":[35],"id":257091,"original_language":"en","original_title":"Get Hard","overview":"When obscenely rich hedge-fund manager James is convicted of fraud and sentenced to a stretch in San Quentin, the judge gives him one month to get his affairs in order. Knowing that he won't survive more than a few minutes in prison on his own, James desperately turns to Darnell-- a black businessman who's never even had a parking ticket -- for help. As Darnell puts James through the wringer, both learn that they were wrong about many things, including each other.","release_date":"2015-03-27","poster_path":"/qRzUSrN4p6B7fzA5XGm4ebFg3co.jpg","popularity":6.305681,"title":"Get Hard","video":false,"vote_average":6.0,"vote_count":256},{"adult":false,"backdrop_path":"/p0TQPs9GIXx8qXzfYMY0FrdBzxx.jpg","genre_ids":[28,35,53],"id":227300,"original_language":"en","original_title":"Stretch","overview":"A hard-luck limo driver struggling to go straight and pay off a debt to his bookie takes on a job with a crazed passenger whose sought-after ledger implicates some seriously dangerous criminals.","release_date":"2014-10-14","poster_path":"/5nl4WEEpLb75Y82NC4QZ45H6jG2.jpg","popularity":0.911944,"title":"Stretch","video":false,"vote_average":6.0,"vote_count":93},{"adult":false,"backdrop_path":"/3zQzN87U8pJgLDvVRZ6zj05jEYw.jpg","genre_ids":[28,80,18,53],"id":9882,"original_language":"en","original_title":"The Siege","overview":"The secret US abduction of a suspected terrorist leads to a wave of terrorist attacks in New York that lead to the declaration of martial law.","release_date":"1998-11-05","poster_path":"/A1RE1zw37lfLLkFy7H3TYp239td.jpg","popularity":0.485991,"title":"The Siege","video":false,"vote_average":6.0,"vote_count":107},{"adult":false,"backdrop_path":"/19qAk3bQZ6ulspbwhPw1A0bNpii.jpg","genre_ids":[27,80,53],"id":73861,"original_language":"en","original_title":"Srpski film","overview":"Milos, a retired porn star, leads a normal family life trying to make ends meet. Presented with the opportunity of a lifetime to financially support his family for the rest of their lives, Milos must participate in one last mysterious film. From then on, Milos is drawn into a maelstrom of unbelievable cruelty and mayhem.","release_date":"2010-06-16","poster_path":"/edM906NOM5WxaaAMeTsgDeqnBDr.jpg","popularity":1.993291,"title":"A Serbian Film","video":false,"vote_average":6.0,"vote_count":61},{"adult":false,"backdrop_path":"/p5rhvTBf0X6sNyyUQYakXnDshyk.jpg","genre_ids":[27,9648,53],"id":166271,"original_language":"en","original_title":"Haunter","overview":"The ghost of a teenager who died years ago reaches out to the land of the living in order to save someone from suffering her same fate.","release_date":"2013-10-25","poster_path":"/vq9kFAIPxhfpnIqlE7Gp5H7UwIg.jpg","popularity":2.33635,"title":"Haunter","video":false,"vote_average":6.0,"vote_count":61},{"adult":false,"backdrop_path":"/ewk1RjLDX4zynDZFGcDLHWblAbH.jpg","genre_ids":[27],"id":2082,"original_language":"en","original_title":"Halloween","overview":"After being committed for 17 years, Michael Myers, now a grown man and still very dangerous, escapes from the mental institution (where he was committed as a 10 year old) and he immediately returns to Haddonfield, where he wants to find his baby sister, Laurie. Anyone who crosses his path is in mortal danger","release_date":"2007-08-31","poster_path":"/YiqEqeu3fibeaCcEdTUf6q7hzO.jpg","popularity":1.923838,"title":"Halloween","video":false,"vote_average":6.0,"vote_count":122},{"adult":false,"backdrop_path":"/2SChQOUxcGoilS3zxnFQ7LZZMgE.jpg","genre_ids":[28,53,10749],"id":37710,"original_language":"ru","original_title":"The Tourist","overview":"American tourist Frank (Johnny Depp) meets mysterious British woman Elsie (Angelina Jolie) on the train to Venice. Romance seems to bud, but there's more to her than meets the eye. Remake of the 2005 French film \"Anthony Zimmer\", written and directed by Jérôme Salle.","release_date":"2010-12-10","poster_path":"/jfLFF0Qa9jAoTYQIKaSWmMWcKZd.jpg","popularity":2.958569,"title":"The Tourist","video":false,"vote_average":6.0,"vote_count":651}],"total_pages":180,"total_results":3596}
