{"page":59,"results":[{"adult":false,"backdrop_path":"/cct5idxwiY3wWtGSKvJ09iHNIvf.jpg","genre_ids":[18],"id":103731,"original_language":"en","original_title":"Mud","overview":"A drama centered on two teenage boys who encounter a fugitive and pact to help him escape from an island in the Mississippi.","release_date":"2012-05-26","poster_path":"/pKElR1ssiqRSYb9tylSt46UXOFx.jpg","popularity":2.421128,"title":"Mud","video":false,"vote_average":6.7,"vote_count":503},{"adult":false,"backdrop_path":"/pi1IHsEncqX2nJYdaQ2gmEUFO6f.jpg","genre_ids":[18,36,10749],"id":18320,"original_language":"en","original_title":"The Young Victoria","overview":"A dramatization of the turbulent first years of Queen Victoria's rule, and her enduring romance with Prince Albert.","release_date":"2009-03-04","poster_path":"/1U8Ubm0SrtvxJEdsQleSKwZhjG9.jpg","popularity":1.68991,"title":"The Young Victoria","video":false,"vote_average":6.7,"vote_count":79},{"adult":false,"backdrop_path":"/98Xb6UIC9TjoVpczIaCTRENZy45.jpg","genre_ids":[28,12,878],"id":80274,"original_language":"en","original_title":"Ender's Game","overview":"Based on the classic novel by Orson Scott Card, Ender's Game is the story of the Earth's most gifted children training to defend their homeplanet in the space wars of the future.","release_date":"2013-11-01","poster_path":"/vuZ8uSqyOM5698yNraF7OJRM3mS.jpg","popularity":2.272267,"title":"Ender's Game","video":false,"vote_average":6.7,"vote_count":968},{"adult":false,"backdrop_path":"/7FZJz63TtQtF9Jlz36N2YjhODD6.jpg","genre_ids":[16,10751],"id":51162,"original_language":"en","original_title":"Winnie the Pooh","overview":"During an ordinary day in Hundred Acre Wood, Winnie the Pooh sets out to find some honey. Misinterpreting a note from Christopher Robin, Pooh convinces Tigger, Rabbit, Piglet, Owl, Kanga, Roo, and Eeyore that their young friend has been captured by a creature named \"Backson\" and they set out to save him.","release_date":"2011-07-14","poster_path":"/dI2oQoJJ1QxDd5D1UiHfLvkoLnp.jpg","popularity":1.382717,"title":"Winnie the Pooh","video":false,"vote_average":6.7,"vote_count":99},{"adult":false,"backdrop_path":"/c2rWPWDJU6tIEHB9mA0BEmXDkAS.jpg","genre_ids":[10751,16,12],"id":9325,"original_language":"en","original_title":"The Jungle Book","overview":"The Jungle Book follows the ups and downs of the man-cub Mowgli as he makes his way back to the human village with wise panther Bagheera to escape ruthless tiger Shere Khan. Along the way, he meets unforgettable friends and foes including mad King Louie of the Apes, the hypnotic snake Kaa and the loveable, happy-go-lucky bear Baloo, who teaches Mowgli about true friendship.","release_date":"1967-10-18","poster_path":"/1AreNcL9s24Qfghbzomy0IlzCFk.jpg","popularity":2.88366,"title":"The Jungle Book","video":false,"vote_average":6.7,"vote_count":469},{"adult":false,"backdrop_path":"/xx9DyVNmehDJPrYGsy9AJgYzAtd.jpg","genre_ids":[18],"id":1367,"original_language":"en","original_title":"Rocky II","overview":"After Rocky goes the distance with champ Apollo Creed, both try to put the fight behind them and move on. Rocky settles down with Adrian but can't put his life together outside the ring, while Creed seeks a rematch to restore his reputation. Soon enough, the \"Master of Disaster\" and the \"Italian Stallion\" are set on a collision course for a climactic battle that is brutal and unforgettable.","release_date":"1979-06-15","poster_path":"/nFtDSJ2ebN54jdWrrF391mJzMhL.jpg","popularity":1.286722,"title":"Rocky II","video":false,"vote_average":6.7,"vote_count":264},{"adult":false,"backdrop_path":"/bk6TT6GYss9qBmNoJ6HqHtHLahw.jpg","genre_ids":[37],"id":5176,"original_language":"en","original_title":"3:10 to Yuma","overview":"In Arizona in the late 1800's, infamous outlaw Ben Wade and his vicious gang of thieves and murderers have plagued the Southern Railroad. When Wade is captured, Civil War veteran Dan Evans, struggling to survive on his drought-plagued ranch, volunteers to deliver him alive to the \"3:10 to Yuma\", a train that will take the killer to trial.","release_date":"2007-09-06","poster_path":"/9Nwkh0eQmkymEOR0ovAALtjSIZW.jpg","popularity":2.724624,"title":"3:10 to Yuma","video":false,"vote_average":6.7,"vote_count":500},{"adult":false,"backdrop_path":"/iA5RfBnIzzpvwDPy5LHPrUKRl71.jpg","genre_ids":[878],"id":12914,"original_language":"en","original_title":"Stargate: Continuum","overview":"Ba'al travels back in time and prevents the Stargate program from being started. SG-1 must somehow restore history.","release_date":"2008-07-29","poster_path":"/tk1jYOK6DRvBHAoHCueUVL3RSEe.jpg","popularity":1.542757,"title":"Stargate: Continuum","video":false,"vote_average":6.7,"vote_count":78},{"adult":false,"backdrop_path":"/y2zeVqgDEUVg0oUTLKtBvWqPv79.jpg","genre_ids":[18,10749],"id":1715,"original_language":"en","original_title":"The Cider House Rules","overview":"Homer is an orphan who was never adopted, becoming the favorite of orphanage director Dr. Larch. Dr. Larch imparts his full medical knowledge on Homer, who becomes a skilled, albeit unlicensed, physician. But Homer yearns for a self-chosen life outside the orphanage. What will Homer learn about life and love in the cider house? What of the destiny that Dr. Larch has planned for him?","release_date":"1999-12-17","poster_path":"/lgRNj2qa6EWPqJQmtejkGKBZkvm.jpg","popularity":0.785893,"title":"The Cider House Rules","video":false,"vote_average":6.7,"vote_count":78},{"adult":false,"backdrop_path":"/jyM4f6V5RJX7Klnu5cvBLv0pCwz.jpg","genre_ids":[35,18,10749],"id":7326,"original_language":"en","original_title":"Juno","overview":"A young girl named Juno gets herself pregnant and tries to stand on her own. She soon learns a few lessons about being grown up.","release_date":"2007-12-05","poster_path":"/eE64N6PYCSRW2mtQucfK2av5Wk2.jpg","popularity":1.965905,"title":"Juno","video":false,"vote_average":6.7,"vote_count":720},{"adult":false,"backdrop_path":"/cQ7y4GAwmDZAHev8IwOzA6Utr3z.jpg","genre_ids":[28,80,53],"id":11371,"original_language":"en","original_title":"The Score","overview":"An aging thief hopes to retire and live off his ill-gotten wealth when a young kid convinces him into doing one last heist.","release_date":"2001-07-13","poster_path":"/8d9HG9An0WOPNQywo99QyEptLHz.jpg","popularity":0.946132,"title":"The Score","video":false,"vote_average":6.7,"vote_count":124},{"adult":false,"backdrop_path":"/4PuvZmLtwKQ8eejyfKf51NWTG13.jpg","genre_ids":[28,80,18,878],"id":281,"original_language":"en","original_title":"Strange Days","overview":"Lenny Nero, a retired police officer turned street-hustler, accidentally uncovers a conspiracy on New Years' Eve.","release_date":"1995-10-13","poster_path":"/rXvy5hG9OeVmgnv9w4IhQxhqEKD.jpg","popularity":2.239416,"title":"Strange Days","video":false,"vote_average":6.7,"vote_count":76},{"adult":false,"backdrop_path":"/1sAm8L4yOquzak9bstajTIoCEmy.jpg","genre_ids":[35,878,10751],"id":926,"original_language":"en","original_title":"Galaxy Quest","overview":"Decades after the success of the sci-fi series \"Galaxy Quest,\" the show's washed-up stars -- Jason Nesmith, Gwen DeMarco and Alexander Dane -- are unwittingly recruited by actual aliens to pull off an intergalactic rescue mission.","release_date":"1999-12-23","poster_path":"/9yaxerm28NP4LIAsAS7zGAAbSSa.jpg","popularity":0.984678,"title":"Galaxy Quest","video":false,"vote_average":6.7,"vote_count":261},{"adult":false,"backdrop_path":"/8WsItKHM14rhyG8hW6hswkAtVu.jpg","genre_ids":[35],"id":8699,"original_language":"en","original_title":"Anchorman: The Legend of Ron Burgundy","overview":"It's the 1970's and San Diego super-sexist anchorman Ron Burgundy is the top dog in local TV, but that's all about to change when ambitious reporter Veronica Corningstone arrives as a new employee at his station.","release_date":"2004-07-09","poster_path":"/pdy6TWKUbSC9vtmxsFA73FZBVP3.jpg","popularity":2.361645,"title":"Anchorman: The Legend of Ron Burgundy","video":false,"vote_average":6.7,"vote_count":508},{"adult":false,"backdrop_path":"/uppaqwgSPiPLmbwoNJByoeTddRz.jpg","genre_ids":[53],"id":188166,"original_language":"en","original_title":"Blue Ruin","overview":"The quiet life of a beach bum is upended by dreadful news. He sets off for his childhood home to carry out an act of vengeance but proves an inept assassin and finds himself in a brutal fight to protect his estranged family.","release_date":"2013-08-15","poster_path":"/jspgd5F60RH8sKFfuvVW5jVL1F0.jpg","popularity":1.779591,"title":"Blue Ruin","video":false,"vote_average":6.7,"vote_count":158},{"adult":false,"backdrop_path":"/dSukjx8A3kOitewpG2n7HuRt4rH.jpg","genre_ids":[10402,10749],"id":621,"original_language":"en","original_title":"Grease","overview":"Australian good girl Sandy and greaser Danny fell in love over the summer. But when they unexpectedly discover they're now in the same high school, will they be able to rekindle their romance despite their eccentric friends?","release_date":"1978-07-07","poster_path":"/iMHdFTrCYhue74sBnXkdO39AJ3R.jpg","popularity":1.559081,"title":"Grease","video":false,"vote_average":6.7,"vote_count":428},{"adult":false,"backdrop_path":"/y1seh8UMjKlTOVEVco8OieJ2Lbm.jpg","genre_ids":[35,18],"id":586,"original_language":"en","original_title":"Wag the Dog","overview":"During the final weeks of a presidential race, the President is accused of sexual misconduct. To distract the public until the election, the President's adviser hires a Hollywood producer to help him stage a fake war.","release_date":"1997-12-25","poster_path":"/sTsMrXrTya8KpFm8lgtlQR12X7Z.jpg","popularity":1.513144,"title":"Wag the Dog","video":false,"vote_average":6.7,"vote_count":59},{"adult":false,"backdrop_path":"/fE78fvLAlOiwQYksd11Q511tAXr.jpg","genre_ids":[12,14,28,35],"id":6978,"original_language":"en","original_title":"Big Trouble in Little China","overview":"When trucker Jack Burton agreed to take his friend Wang Chi to pick up his fiancee at the airport, he never expected to get involved in a supernatural battle between good and evil. Wang's fiancee has emerald green eyes, which make her a perfect target for an immortal sorcerer named Lo Pan and his three invincible cronies. Lo Pan must marry a girl with green eyes so he can regain his physical form.","release_date":"1986-05-30","poster_path":"/9U88cwgT8nKLTaQu4l7QpiHWTX2.jpg","popularity":1.91397,"title":"Big Trouble in Little China","video":false,"vote_average":6.7,"vote_count":213},{"adult":false,"backdrop_path":"/x0jkRD2yXMxj2T2fW1kdG7rmGnx.jpg","genre_ids":[12,18,28,10749],"id":9550,"original_language":"en","original_title":"House of Flying Daggers","overview":"In 9th century China, a corrupt government wages war against a rebel army called the Flying Daggers. A romantic warrior breaks a beautiful rebel out of prison to help her rejoin her fellows, but things are not what they seem.","release_date":"2004-05-19","poster_path":"/wL1HUjrByfLO1kNqCm7uYAMIwAA.jpg","popularity":1.933215,"title":"House of Flying Daggers","video":false,"vote_average":6.7,"vote_count":126},{"adult":false,"backdrop_path":"/AsHvd4ZwW5mWyOuV4MY5f4HVzxj.jpg","genre_ids":[28,27,53],"id":285923,"original_language":"en","original_title":"Grindhouse","overview":"Two full length feature horror movies written by Quentin Tarantino &amp; Robert Rodriguez put together as a two film feature. Including fake movie trailers in between both movies.","release_date":"2007-04-06","poster_path":"/cEQRndSNoqveOkFdQd3oerdu6Kp.jpg","popularity":0.713429,"title":"Grindhouse","video":false,"vote_average":6.7,"vote_count":67}],"total_pages":180,"total_results":3596}
