{"page":160,"results":[{"adult":false,"backdrop_path":"/4ZMFxj9FR13Q6PP6N8YBPhMnN4Q.jpg","genre_ids":[28,878,53],"id":9383,"original_language":"en","original_title":"Hollow Man","overview":"Cocky researcher Sebastian Caine is working on a project to make living creatures invisible. He's so confident he's found the right formula that he tests it on himself and soon begins to vanish. The only problem is, no one can figure out how to make him visible again. This predicament begins to drive Caine mad, with terrifying results.","release_date":"2000-08-04","poster_path":"/ubc2Nf3fJirAUcxVLUismTSo4XD.jpg","popularity":1.205623,"title":"Hollow Man","video":false,"vote_average":5.4,"vote_count":164},{"adult":false,"backdrop_path":"/uu1cPthWjb0ex1cvgI8wPy6kasC.jpg","genre_ids":[35],"id":89492,"original_language":"en","original_title":"This Is 40","overview":"Pete and Debbie are both about to turn 40, their kids hate each other, both of their businesses are failing, they're on the verge of losing their house, and their relationship is threatening to fall apart.","release_date":"2012-12-21","poster_path":"/aNx4bIjDCTVdIhZqEzBu0utBMsh.jpg","popularity":2.303421,"title":"This Is 40","video":false,"vote_average":5.4,"vote_count":540},{"adult":false,"backdrop_path":"/ftMxXLM5Dl49Y3fwspS4op4PyCe.jpg","genre_ids":[18],"id":164251,"original_language":"en","original_title":"Serena","overview":"North Carolina mountains at the end of the 1920s – George and Serena Pemberton, love-struck newly-weds, begin to build a timber empire. Serena soon proves herself to be equal to any man: overseeing loggers, hunting rattle-snakes, even saving a man’s life in the wilderness. With power and influence now in their hands, the Pembertons refuse to let anyone stand in the way of their inflated love and ambitions. However, once Serena discovers George’s hidden past and faces an unchangeable fate of her own, the Pemberton’s passionate marriage begins to unravel leading toward a dramatic reckoning.","release_date":"2014-10-12","poster_path":"/9WqaVDoMJbsxLzJX5IwMdS6CUuW.jpg","popularity":1.946019,"title":"Serena","video":false,"vote_average":5.4,"vote_count":69},{"adult":false,"backdrop_path":"/9bNC8FsN1fjIDxLn2M7hys4mJiO.jpg","genre_ids":[28,35,80],"id":10157,"original_language":"en","original_title":"Police Academy 2: Their First Assignment","overview":"Officer Carey Mahoney and his cohorts have finally graduated from the Police Academy and are about to hit the streets on their first assignment. Question is, are they ready to do battle with a band of graffiti-tagging terrorists? Time will tell, but don't sell short this cheerful band of doltish boys in blue.","release_date":"1985-03-28","poster_path":"/iNlm1BBGCwfP207QzuUk2Ei13sG.jpg","popularity":1.811363,"title":"Police Academy 2: Their First Assignment","video":false,"vote_average":5.4,"vote_count":88},{"adult":false,"backdrop_path":"/zEgaJ33dWkXBcl7J5IjRBTWdyLL.jpg","genre_ids":[27,53],"id":227348,"original_language":"en","original_title":"Paranormal Activity: The Marked Ones","overview":"Seventeen-year-old Jesse has been hearing terrifying sounds coming from his neighbor’s apartment, but when he turns on his camera and sets out to uncover their source, he encounters an ancient evil that won’t rest until it’s claimed his very soul.","release_date":"2014-01-03","poster_path":"/iyXkJYM99gKkFgIRoACv88UiqIv.jpg","popularity":1.61061,"title":"Paranormal Activity: The Marked Ones","video":false,"vote_average":5.4,"vote_count":168},{"adult":false,"backdrop_path":"/8imTBLgQMJcfYrAGOsqVHFFXs3l.jpg","genre_ids":[35,10749,10751],"id":38317,"original_language":"en","original_title":"Zookeeper","overview":"A comedy about a zookeeper who might be great with animals, but he doesn't know anything about the birds and the bees. The man can't find love, so he decides to quit his job at the zoo, but his animal friends try to stop him and teach him that Mother Nature knows best when it comes to love.","release_date":"2011-07-08","poster_path":"/qVsaDvFLnGSH6WdTgatzc2nXt7e.jpg","popularity":2.336479,"title":"Zookeeper","video":false,"vote_average":5.4,"vote_count":174},{"adult":false,"backdrop_path":"/1XGdQbJbv6EDLa3MP4qGhcg9S8a.jpg","genre_ids":[10752,28,53,878],"id":60747,"original_language":"en","original_title":"Red Dawn","overview":"A city in Washington state awakens to the surreal sight of foreign paratroopers dropping from the sky - shockingly, the U.S. has been invaded and their hometown is the initial target. Quickly and without warning, the citizens find themselves prisoners and their town under enemy occupation. Determined to fight back, a group of young patriots seek refuge in the surrounding woods, training and reorganizing themselves into a guerrilla group of fighters. Taking inspiration from their high school mascot, they call themselves the Wolverines, banding together to protect one another, liberate their town from its captors, and take back their freedom.","release_date":"2012-11-21","poster_path":"/tNkIfqiuWFYCUIiyVblar8rB1GV.jpg","popularity":2.451953,"title":"Red Dawn","video":false,"vote_average":5.4,"vote_count":284},{"adult":false,"backdrop_path":"/awcak1m6yW8393FkyeRdiiwRC7W.jpg","genre_ids":[35,18,10749],"id":2539,"original_language":"en","original_title":"Spanglish","overview":"Mexican immigrant and single mother Flor Moreno finds housekeeping work with Deborah and John Clasky, a well-off couple with two children of their own. When Flor admits she can't handle the schedule because of her daughter, Cristina, Deborah decides they should move into the Clasky home. Cultures clash and tensions run high as Flor and the Claskys struggle to share space while raising their children on their own, and very different, terms.","release_date":"2004-12-17","poster_path":"/eXsj4d6kP5z1n9Pkk7rosX2TF9w.jpg","popularity":1.656416,"title":"Spanglish","video":false,"vote_average":5.4,"vote_count":112},{"adult":false,"backdrop_path":"/6hBIRNqGhaFxMHLRyudhRJOJGHt.jpg","genre_ids":[27,53],"id":13186,"original_language":"en","original_title":"Wrong Turn 2: Dead End","overview":"Retired military commander Colonel Dale Murphy hosts the simulated post-apocalyptic reality show where participants are challenged to survive a remote West Virginia wasteland. But the show turns into a nightmarish showdown when each realizes they are being hunted by an inbred family of cannibals determined to make them all dinner!","release_date":"2007-10-08","poster_path":"/ftmiyfrTrqTi5Qod62nGRP9BGPn.jpg","popularity":1.056683,"title":"Wrong Turn 2: Dead End","video":false,"vote_average":5.4,"vote_count":71},{"adult":false,"backdrop_path":"/4h6c98SPvXCfmZ0Qn5TaCZisy2K.jpg","genre_ids":[53,28,9648],"id":59965,"original_language":"en","original_title":"Abduction","overview":"A thriller centered on a young man who sets out to uncover the truth about his life after finding his baby photo on a missing persons website.","release_date":"2011-09-23","poster_path":"/cUT6NQP5LAJpmUoStGtXmvNt4zA.jpg","popularity":2.564034,"title":"Abduction","video":false,"vote_average":5.4,"vote_count":352},{"adult":false,"backdrop_path":"/cFWrMfRaNy9xJI5xirwc7qtCncn.jpg","genre_ids":[18,35],"id":23514,"original_language":"en","original_title":"The Rum Diary","overview":"Tired of the noise and madness of New York and the crushing conventions of late Eisenhower-era America, itinerant journalist Paul Kemp travels to the pristine island of Puerto Rico to write for a local San Juan newspaper run by the downtrodden editor Lotterman. Adopting the rum-soaked lifestyle of the late ‘50s version of Hemingway’s “The Lost Generation,” Paul soon becomes entangled with a very attractive American woman, Chenaults and her fiancée Sanderson, a businessman involved in shady property development deals.  It is within this world that Kemp ultimately discovers his true voice as a writer and integrity as a man.","release_date":"2011-10-27","poster_path":"/hYtMOXjSur5QccB4pZYWbKHMDor.jpg","popularity":1.795675,"title":"The Rum Diary","video":false,"vote_average":5.4,"vote_count":140},{"adult":false,"backdrop_path":"/b9OVFl48ZV2oTLzACSwBpNrCUhJ.jpg","genre_ids":[12,28,878,53],"id":72559,"original_language":"en","original_title":"G.I. Joe: Retaliation","overview":"Framed for crimes against the country, the G.I. Joe team is terminated by Presidential order. This forces the G.I. Joes into not only fighting their mortal enemy Cobra; they are forced to contend with threats from within the government that jeopardize their very existence.","release_date":"2013-03-29","poster_path":"/swk1AHwPvIJv8NUFM1qpFuaT642.jpg","popularity":3.535463,"title":"G.I. Joe: Retaliation","video":false,"vote_average":5.4,"vote_count":2267},{"adult":false,"backdrop_path":"/sGZJfQpK4RVnPOr2RE2bPJROZVn.jpg","genre_ids":[35],"id":4257,"original_language":"en","original_title":"Scary Movie 4","overview":"Cindy finds out the house she lives in is haunted by a little boy and goes on a quest to find out who killed him and why. Also, Alien \"Tr-iPods\" are invading the world and she has to uncover the secret in order to stop them.","release_date":"2006-04-13","poster_path":"/lfvDTZOi023sfpFfNkfVRD1oJei.jpg","popularity":1.974685,"title":"Scary Movie 4","video":false,"vote_average":5.4,"vote_count":183},{"adult":false,"backdrop_path":"/5ew8ofH2G9H3WqULFNjh6F9ZOlc.jpg","genre_ids":[35,18,878],"id":9296,"original_language":"en","original_title":"S1m0ne","overview":"The career of a disillusioned producer, who is desperate for a hit, is endangered when his star walks off the film set. Forced to think fast, the producer decides to digitally create an actress \"Simone\" to sub for the star--the first totally believable synthetic actress.","release_date":"2002-08-23","poster_path":"/jIDxGI6G1ctTLuPY7tA248NXTyI.jpg","popularity":2.021744,"title":"S1m0ne","video":false,"vote_average":5.4,"vote_count":70},{"adult":false,"backdrop_path":"/wEvAB2DlKbnKx41g18cFHjgz4Pj.jpg","genre_ids":[35],"id":13596,"original_language":"en","original_title":"My Best Friend's Girl","overview":"When Dustin's girlfriend, Alexis, breaks up with him, he employs his best buddy, Tank, to take her out on the worst rebound date imaginable in the hopes that it will send her running back into his arms. But when Tank begins to really fall for Alexis, he finds himself in an impossible position.","release_date":"2008-09-19","poster_path":"/l6OAtXIo1xerbwo8xezvqr6s27Q.jpg","popularity":0.703613,"title":"My Best Friend's Girl","video":false,"vote_average":5.4,"vote_count":64},{"adult":false,"backdrop_path":"/tsuO7UaOZGY1Lm6LeQgpSuJq0Y.jpg","genre_ids":[16,10751,35],"id":9982,"original_language":"en","original_title":"Chicken Little","overview":"When a tiny acorn bonks Chicken Little on the head, he causes widespread panic and gets on the bad side of the entire town. But when he's hit on the head by a real piece of sky, it's up to Chicken Little and his friends to save the world.","release_date":"2005-11-04","poster_path":"/iLMALbInUmbNn1tHmxJEWm5MyjP.jpg","popularity":3.169842,"title":"Chicken Little","video":false,"vote_average":5.4,"vote_count":279},{"adult":false,"backdrop_path":"/AfXk5IqMZuznjjvEkrQuzQ9A5U6.jpg","genre_ids":[28,12,35,80,53],"id":4327,"original_language":"en","original_title":"Charlie's Angels","overview":"Aspects of this take on the 1970s hit TV series are similar to the original show :Angels Dylan, Natalie and Alex still work for Charlie and interface with Bosley. They still flip their hair, stop traffic with a smile and kick butt. The differences are the unsubtle humor, the martial arts training and the high-tech premise: This time, they're hot on the trail of stolen software.","release_date":"2000-11-02","poster_path":"/eBzf9d09Vgq2HSVC4fIZm1QNQd.jpg","popularity":3.182276,"title":"Charlie's Angels","video":false,"vote_average":5.4,"vote_count":376},{"adult":false,"backdrop_path":"/k9fMBC1MMgrt4w6IVuB7kTX3yqz.jpg","genre_ids":[35,10749],"id":9889,"original_language":"en","original_title":"Shallow Hal","overview":"A shallow man falls in love with a 300 pound woman because of her \"inner beauty\".","release_date":"2001-11-01","poster_path":"/xhdJKfDp7TihFcO5CF6BFY1xImE.jpg","popularity":1.096479,"title":"Shallow Hal","video":false,"vote_average":5.4,"vote_count":202},{"adult":false,"backdrop_path":"/9gm6655C6a3M6hJt0MQ180gmd8.jpg","genre_ids":[35,10402,10751,14,16],"id":6477,"original_language":"en","original_title":"Alvin and the Chipmunks","overview":"A struggling songwriter named Dave Seville finds success when he comes across a trio of singing chipmunks: mischievous leader Alvin, brainy Simon, and chubby, impressionable Theodore.","release_date":"2007-12-13","poster_path":"/sAt2yb4dgrpkHjbB9dQaKD9Caor.jpg","popularity":2.342219,"title":"Alvin and the Chipmunks","video":false,"vote_average":5.4,"vote_count":369},{"adult":false,"backdrop_path":"/dBavxNhbNZ8uJU9avHrqCCEKuii.jpg","genre_ids":[28,35,80,18,53],"id":11517,"original_language":"en","original_title":"Money Train","overview":"A vengeful New York transit cop decides to steal a trainload of subway fares; his foster brother, a fellow cop, tries to protect him.","release_date":"1995-11-21","poster_path":"/jSozzzVOR2kfXgTUuGnbgG2yRFi.jpg","popularity":1.614793,"title":"Money Train","video":false,"vote_average":5.4,"vote_count":62}],"total_pages":180,"total_results":3596}
