{"page":138,"results":[{"adult":false,"backdrop_path":"/3X1X6GTlgloVqqRdlFZGtpMkr0Q.jpg","genre_ids":[18,10749],"id":215211,"original_language":"en","original_title":"Grace of Monaco","overview":"The story of former Hollywood star Grace Kelly's crisis of marriage and identity, during a political dispute between Monaco's Prince Rainier III and France's Charles De Gaulle, and a looming French invasion of Monaco in the early 1960s.","release_date":"2014-05-14","poster_path":"/7jFZ4r1CTNW2we5rUVx29IcuOZh.jpg","popularity":1.240392,"title":"Grace of Monaco","video":false,"vote_average":5.8,"vote_count":64},{"adult":false,"backdrop_path":"/fMakUN0qcOZzzSTkdh6xWGimJnN.jpg","genre_ids":[28,12,9648,878,53],"id":5137,"original_language":"en","original_title":"Sky Captain and the World of Tomorrow","overview":"When gigantic robots attack New York City, \"Sky Captain\" uses his private air force to fight them off. His ex-girlfriend, reporter Polly Perkins, has been investigating the recent disappearance of prominent scientists. Suspecting a link between the global robot attacks and missing men, Sky Captain and Polly decide to work together. They fly to the Himalayas in pursuit of the mysterious Dr. Totenkopf, the mastermind behind the robots.","release_date":"2004-09-14","poster_path":"/7tO8s7n6Hga2y0NIUT0aoGQelPG.jpg","popularity":1.061886,"title":"Sky Captain and the World of Tomorrow","video":false,"vote_average":5.8,"vote_count":150},{"adult":false,"backdrop_path":"/uDT5U5VBn2TVjUQsoV9hxouHmtH.jpg","genre_ids":[18,35,10749],"id":80038,"original_language":"en","original_title":"Friends with Kids","overview":"Revolves around a pair of best friends in their 30s who observe the effect of having kids has taken on the couples they know. To avoid that toll, the best friends resolve to have a child and then date other people.","release_date":"2011-09-09","poster_path":"/8P1iId23hDMVQL00k2IbzW46qQG.jpg","popularity":2.108069,"title":"Friends with Kids","video":false,"vote_average":5.8,"vote_count":75},{"adult":false,"backdrop_path":"/u9JDzUWEVLIWvXOjWdA5WDL8TwL.jpg","genre_ids":[28,12,35],"id":9292,"original_language":"en","original_title":"Hudson Hawk","overview":"Eddie Hawkins, called Hudson Hawk has just been released from ten years of prison and is planning to spend the rest of his life honestly. But then the crazy Mayflower couple blackmail him to steal some of the works of Leonardo da Vinci. If he refuses, they threaten to kill his friend Tommy.","release_date":"1991-05-23","poster_path":"/j9L6qA8HMgNrDzVyCukGeaCrRf6.jpg","popularity":2.040249,"title":"Hudson Hawk","video":false,"vote_average":5.8,"vote_count":99},{"adult":false,"backdrop_path":"/lxgA35XFImUtYMlU5GQTY2OW893.jpg","genre_ids":[18,80,53],"id":13279,"original_language":"en","original_title":"Lakeview Terrace","overview":"An LAPD officer begins to terrorize his next-door neighbors after learning they are an interracial married couple.","release_date":"2008-09-19","poster_path":"/iOnQK5te4gEhHpyZ5KpGCtbNn1B.jpg","popularity":1.405024,"title":"Lakeview Terrace","video":false,"vote_average":5.8,"vote_count":79},{"adult":false,"backdrop_path":"/racIiGwoq65Ld94GVazoWxuqogd.jpg","genre_ids":[35,27,14],"id":928,"original_language":"en","original_title":"Gremlins 2: The New Batch","overview":"Young sweethearts Billy and Kate move to the Big Apple, land jobs in a high-tech office park and soon reunite with the friendly and lovable Gizmo. But a series of accidents creates a whole new generation of Gremlins. The situation worsens when the devilish green creatures invade a top-secret laboratory and develop genetically altered powers, making them even harder to destroy!","release_date":"1990-06-15","poster_path":"/mkWD9W27JYmQPbgcryPBdI2cF4r.jpg","popularity":2.057061,"title":"Gremlins 2: The New Batch","video":false,"vote_average":5.8,"vote_count":136},{"adult":false,"backdrop_path":"/v6cvZfSAiUjvFVCCiaPNaZLA7gk.jpg","genre_ids":[16,35,10751],"id":9408,"original_language":"en","original_title":"Surf's Up","overview":"Cody is a surfing penguin from Shiverpool who dreams of making it big and being like his idol Big Z. On his journey he discovers his talents are not all he thinks they are and he must learn to accept that their is more to surfing than fame and fortune.  Surf's Up is a 2007 American computer-animated mockumentary film produced by Sony Pictures Animation and distributed by Columbia Pictures and ImageWorks Studios. It stars the voices of Shia LaBeouf, Jeff Bridges, Zooey Deschanel, Jon Heder among others.","release_date":"2007-06-08","poster_path":"/2Car4vWVDenBIMhfCjBvAHzameI.jpg","popularity":2.138117,"title":"Surf's Up","video":false,"vote_average":5.8,"vote_count":203},{"adult":false,"backdrop_path":"/plnmzCMPAb3suBAUJ4Yi2NC1APA.jpg","genre_ids":[35],"id":35056,"original_language":"en","original_title":"Date Night","overview":"The mild-mannered married couple Phil and Claire fear that their relationship may be falling into a stale rut. During their weekly date night, they impetuously steal a dinner reservation, which leads to a case of mistaken identity. Turns out the reservation was for a pair of thieves, and now a number of unsavory characters want Phil and Claire killed.","release_date":"2010-04-08","poster_path":"/fzzPht9KId6Ollow30jYtABhDY3.jpg","popularity":2.64858,"title":"Date Night","video":false,"vote_average":5.8,"vote_count":528},{"adult":false,"backdrop_path":"/shganEgL7LMJcGCBP7gisl9BpjT.jpg","genre_ids":[80,18,53],"id":11478,"original_language":"en","original_title":"The Skulls","overview":"Luke's exultance at being selected for The Skulls (a secret society bred within the walls of a prominent Ivy League Campus) is soon overshadowed when he realises that all is 'not well in Wonderland'. For The Skulls is a breeding ground for the future powerful and elite. It's not only a far cry from his working class background, but it also hallows its own deep and dark secrets.","release_date":"2000-03-31","poster_path":"/ww0HZpFwz9HtEW3HbrKtfts2tNH.jpg","popularity":1.595598,"title":"The Skulls","video":false,"vote_average":5.8,"vote_count":52},{"adult":false,"backdrop_path":"/sBvFyOlfcD5B2126ewELx67Wwmi.jpg","genre_ids":[35,18,10749],"id":4380,"original_language":"en","original_title":"Shall We Dance?","overview":"A romantic comedy where a bored, overworked Estate Lawyer, upon first sight of a beautiful instructor, signs up for ballroom dancing lessons.","release_date":"2004-10-15","poster_path":"/ntKMVXdb1tVr4q3sT9vJOV9wnfN.jpg","popularity":0.904532,"title":"Shall We Dance?","video":false,"vote_average":5.8,"vote_count":80},{"adult":false,"backdrop_path":"/q83wt7MsAWHNN1jNFXQb0bnCghe.jpg","genre_ids":[28,18,36,10752],"id":152760,"original_language":"en","original_title":"The Monuments Men","overview":"Based on the true story of the greatest treasure hunt in history, The Monuments Men is an action drama focusing on seven over-the-hill, out-of-shape museum directors, artists, architects, curators, and art historians who went to the front lines of WWII to rescue the world’s artistic masterpieces from Nazi thieves and return them to their rightful owners.  With the art hidden behind enemy lines, how could these guys hope to succeed?","release_date":"2014-02-20","poster_path":"/m4puTcUAFtFJBLMVoRs0FLk3ET3.jpg","popularity":3.597487,"title":"The Monuments Men","video":false,"vote_average":5.8,"vote_count":674},{"adult":false,"backdrop_path":"/6koMB7FpqCRNv7b7Xo54RQCE9F8.jpg","genre_ids":[27,35,12,80],"id":117974,"original_language":"en","original_title":"Sightseers","overview":"Chris wants to show girlfriend Tina his world, but events soon conspire against the couple and their dream caravan holiday takes a very wrong turn.","release_date":"2012-11-30","poster_path":"/bjTYdCV0DxTf48RPhGG0TtexPwR.jpg","popularity":1.731548,"title":"Sightseers","video":false,"vote_average":5.8,"vote_count":60},{"adult":false,"backdrop_path":"/5W6XO9KjLRY6W9wGojpzK8EqEgQ.jpg","genre_ids":[35],"id":256961,"original_language":"en","original_title":"Paul Blart: Mall Cop 2","overview":"Security guard Paul Blart is headed to Las Vegas to attend a Security Guard Expo with his teenage daughter Maya before she departs for college. While at the convention, he inadvertently discovers a heist - and it's up to Blart to apprehend the criminals.","release_date":"2015-04-17","poster_path":"/9ei03dsaYMB9cLk2oWgT5HOiS7A.jpg","popularity":7.948434,"title":"Paul Blart: Mall Cop 2","video":false,"vote_average":5.8,"vote_count":128},{"adult":false,"backdrop_path":"/bM8xMnxdsR0iJt3pdF4Ncus4KV8.jpg","genre_ids":[28,12,18,14,27,53],"id":1734,"original_language":"en","original_title":"The Mummy Returns","overview":"Rick and Evelyn O'Connell, along with their 8 year old son Alex, discover the key to the legendary Scorpion King's might, the fabled Bracelet of Anubis. Unfortunately, a newly resurrected Imhotep has designs on the bracelet as well, and isn't above kidnapping its new bearer, Alex, to gain control of Anubis' otherworldly army.","release_date":"2001-04-28","poster_path":"/hioiYUZVIuYIhagDGhIAjyNEUu0.jpg","popularity":2.196727,"title":"The Mummy Returns","video":false,"vote_average":5.8,"vote_count":921},{"adult":false,"backdrop_path":"/cmJeM2aXBHWIsftfb7dz3ksjyDV.jpg","genre_ids":[18,53,80,9648],"id":10731,"original_language":"en","original_title":"The Client","overview":"A street-wise kid, Mark Sway, sees the suicide of Jerome Clifford, a prominent Louisiana lawyer, whose current client is Barry 'The Blade' Muldano, a Mafia hit-man. Before Jerome shoots himself, he tells Mark where the body of a Senator is buried. Clifford shoots himself and Mark is found at the scene, and both the FBI and the Mafia quickly realize that Mark probably knows more than he says.","release_date":"1994-07-20","poster_path":"/bCWpxGGcP9DsCLwfNpnfcl1vLk8.jpg","popularity":1.944059,"title":"The Client","video":false,"vote_average":5.8,"vote_count":66},{"adult":false,"backdrop_path":"/tMhvihszpLbOjj7mJSTW7bgQbIc.jpg","genre_ids":[28,878,53],"id":296,"original_language":"en","original_title":"Terminator 3: Rise of the Machines","overview":"It's been 10 years since John Connor saved Earth from Judgment Day, and he's now living under the radar, steering clear of using anything Skynet can trace. That is, until he encounters T-X, a robotic assassin ordered to finish what T-1000 started. Good thing Connor's former nemesis, the Terminator, is back to aid the now-adult Connor … just like he promised.","release_date":"2003-06-30","poster_path":"/lz4xYdF1n09lyiCfZWtWT44SZiG.jpg","popularity":4.457499,"title":"Terminator 3: Rise of the Machines","video":false,"vote_average":5.8,"vote_count":876},{"adult":false,"backdrop_path":"/2IiaMCcQKinMY2JgXpED9lq3RlE.jpg","genre_ids":[35,14,10749,10751],"id":14442,"original_language":"en","original_title":"Ella Enchanted","overview":"Ella of Frell is given the \"gift of obedience\" by a fairy, only to realize that it's more of a curse because it could separate her from her true love, Prince Charmont. Will Ella manage to conjure a \"cure\" that enables her to live happily ever after?","release_date":"2004-04-09","poster_path":"/kmobKaIKO9ZvjD3p9SYuLAcHNFg.jpg","popularity":1.246411,"title":"Ella Enchanted","video":false,"vote_average":5.8,"vote_count":103},{"adult":false,"backdrop_path":"/jO9m4X4ztVJAfdm36MUnHFFWVLL.jpg","genre_ids":[35,10749],"id":11823,"original_language":"en","original_title":"Wimbledon","overview":"A pro tennis player has lost his ambition and has fallen in rank to 119. Fortunately for him, he meets a young player on the women's circuit who helps him recapture his focus for Wimbledon.","release_date":"2004-09-13","poster_path":"/1esb9XIjWiyroryuglxdzDLKU82.jpg","popularity":0.709734,"title":"Wimbledon","video":false,"vote_average":5.8,"vote_count":72},{"adult":false,"backdrop_path":"/o4Tt60z94Hbgk8adeZG9WE4S2im.jpg","genre_ids":[28,35],"id":93837,"original_language":"en","original_title":"So Undercover","overview":"When the FBI hires her to go undercover at a college sorority, Molly Morris (Miley Cyrus) must transform herself from a tough, streetwise private investigator to a refined, sophisticated university girl to help protect the daughter of a one-time Mobster. With several suspects on her list, Molly unexpectedly discovers that not everyone is who they appear to be, including herself.","release_date":"2012-01-01","poster_path":"/mfMndRWFbzXbTx0g3rHUXFAxyOh.jpg","popularity":1.009582,"title":"So Undercover","video":false,"vote_average":5.8,"vote_count":74},{"adult":false,"backdrop_path":"/wVqzYjPWsBXhgksC4M7GRP8GNlg.jpg","genre_ids":[35],"id":209249,"original_language":"en","original_title":"Love Punch","overview":"Retirement at last! Middle-aged and divorced, company owner Richard Jones is looking forward to a worry-free existence as he arrives at his office on his last day of work. Much to his dismay, he discovers that the management buyout of his company was fraudulent. The company is now bankrupt and the employee pension fund — including his own — has been embezzled. Enlisting the help of his ex-wife Kate, Richard sets out to track down the shady businessman behind the fraud...","release_date":"2013-09-12","poster_path":"/khBQKu0jYWHwrFgmCBw9dDlUPI2.jpg","popularity":1.603618,"title":"The Love Punch","video":false,"vote_average":5.8,"vote_count":57}],"total_pages":180,"total_results":3596}
