{"page":99,"results":[{"adult":false,"backdrop_path":"/qOcVMGFaUrJ6npQXUujVXWVS96C.jpg","genre_ids":[35,10402,10749],"id":2976,"original_language":"en","original_title":"Hairspray","overview":"Pleasantly plump teenager Tracy Turnblad and her best friend Penny Pingleton audition to be on The Corny Collins Show and Tracy wins. But when scheming Amber Von Tussle and her mother plot to destroy Tracy, it turns to chaos.","release_date":"2007-07-13","poster_path":"/ndOpIx4BXpFCRRIxgMoGHxZxlE9.jpg","popularity":2.186816,"title":"Hairspray","video":false,"vote_average":6.3,"vote_count":182},{"adult":false,"backdrop_path":"/rohVTacbOboHVjLkng0UMeXtLUR.jpg","genre_ids":[35],"id":188222,"original_language":"en","original_title":"Entourage","overview":"Movie star Vincent Chase, together with his boys, Eric, Turtle and Johnny, are back…and back in business with super agent-turned-studio head Ari Gold. Some of their ambitions have changed, but the bond between them remains strong as they navigate the capricious and often cutthroat world of Hollywood.","release_date":"2015-06-03","poster_path":"/bgmI7iQFSd1y9QeixTme6YcaPsy.jpg","popularity":6.038968,"title":"Entourage","video":false,"vote_average":6.3,"vote_count":91},{"adult":false,"backdrop_path":"/90eJYj2PxtE9Lu2AiwTsaSWt94Z.jpg","genre_ids":[18,35,10749],"id":245,"original_language":"en","original_title":"About a Boy","overview":"Will Freeman is a hip Londoner who one day realizes that his friends are all involved with the responsibilities of married life and that leaves him alone in the cold. Passing himself off as a single father, he starts to meet a string of single mums, confident in his ability to leave them behind when they start to ask for a commitment. But Will's hope of a continued bachelorhood is interrupted when he meets 12-year old Marcus, in many ways his complete opposite.","release_date":"2002-04-26","poster_path":"/1kz4Q2v7cxwNnTfkjrujzWAVCne.jpg","popularity":2.09615,"title":"About a Boy","video":false,"vote_average":6.3,"vote_count":181},{"adult":false,"backdrop_path":"/7GgOTHwZveqrk4Oqurgnb2W7Bgy.jpg","genre_ids":[18,10402],"id":27586,"original_language":"en","original_title":"The Runaways","overview":"Joan Jett (Kristen Stewart) and Cherie Currie (Dakota Fanning), two rebellious teenagers from Southern California, become the frontwomen for the Runaways -- the now-legendary group that paved the way for future generations of female rockers. Under the Svengalilike influence of impresario Kim Fowley, the band becomes a huge success, with Joan as the band's hard-rocking heart, and Cherie as the sex kitten. However, the teens' stormy relationship threatens the band's future.","release_date":"2010-03-19","poster_path":"/rC8PTdRj1Ij4Baz3jWCCgCV6JeX.jpg","popularity":0.808517,"title":"The Runaways","video":false,"vote_average":6.3,"vote_count":56},{"adult":false,"backdrop_path":"/ucMw5eHwZ8zLxcb9KUy6M7GlX7h.jpg","genre_ids":[27,53],"id":210947,"original_language":"en","original_title":"Afflicted","overview":"Best friends Derek and Clif set out on a trip of a lifetime. Their plan: travel to the ends of the earth, see the world, and live life to the fullest. But the trip soon takes a dark and bloody turn. Just days in, one of the men shows signs of a mysterious affliction which  gradually takes over his entire body and being. Now, thousands of miles from home, in a foreign land, they must race to uncover the source of his illness before it consumes him completely. Footage of their travelsmeant to document pleasant memoriesmay now become evidence of one of the most shocking discoveries ever captured on film…and may be their only postcard home.","release_date":"2014-04-04","poster_path":"/7lOMpfiAJPzOYEhHApY3SwtLWdj.jpg","popularity":1.873198,"title":"Afflicted","video":false,"vote_average":6.3,"vote_count":84},{"adult":false,"backdrop_path":"/fb2JuqsTqub0fm6akn3mNjK9KWT.jpg","genre_ids":[28,12],"id":98567,"original_language":"cn","original_title":"Chinese Zodiac","overview":"Asian Hawk (Jackie Chan) leads a mercenary team to recover several lost artifacts from the Old Summer Palace, the bronze heads of the 12 Chinese Zodiac animals which were sacked by the French and British armies from the imperial Summer Palace in Beijing in 1860. Assisted by a Chinese student and a Parisian lady, Hawk stops at nothing to accomplish the mission.","release_date":"2012-12-20","poster_path":"/qUo6fIvNPRZTIBOT4vTSFi3pWHP.jpg","popularity":2.304146,"title":"Chinese Zodiac","video":false,"vote_average":6.2,"vote_count":145},{"adult":false,"backdrop_path":"/nZfkRAT1pYLc4VkzkUaHqzTkF5v.jpg","genre_ids":[35,18,36],"id":6538,"original_language":"en","original_title":"Charlie Wilson's War","overview":"A drama based on Texas congressman Charlie Wilson's covert dealings in Afghanistan, where his efforts to assist rebels in their war with the Soviets had some unforeseen and long-reaching effects.","release_date":"2007-12-19","poster_path":"/uN9tN0ZDyol7VsTlugDZhGc11xQ.jpg","popularity":2.027547,"title":"Charlie Wilson's War","video":false,"vote_average":6.2,"vote_count":93},{"adult":false,"backdrop_path":"/w4tzSHxYSY6XqrQfpn1NqArJ8lE.jpg","genre_ids":[36,18],"id":245700,"original_language":"en","original_title":"Mr. Turner","overview":"Eccentric British painter J.M.W. Turner  lives his last 25 years with gusto and secretly becomes involved with a seaside landlady, while his faithful housekeeper bears an unrequited love for him.","release_date":"2014-05-15","poster_path":"/uZkqc8bHT0XPQrCKZV8QAtmT4cI.jpg","popularity":2.76241,"title":"Mr. Turner","video":false,"vote_average":6.2,"vote_count":65},{"adult":false,"backdrop_path":"/odfh1ImyLsvWxqBaTt06vAyigpP.jpg","genre_ids":[12,37],"id":9086,"original_language":"en","original_title":"Young Guns II","overview":"Only three of the original five \"young guns\" -- Billy the Kid (Emilio Estevez), Jose Chavez y Chavez (Lou Diamond Phillips), and Doc Scurlock (Kiefer Sutherland) -- return in Young Guns, Part 2, which is the story of Billy the Kid and his race to safety in Old Mexico while being trailed by a group of government agents led by Pat Garrett","release_date":"1990-07-30","poster_path":"/wlHmBfL43UvVILBmBsYvtizmueM.jpg","popularity":0.323721,"title":"Young Guns II","video":false,"vote_average":6.2,"vote_count":65},{"adult":false,"backdrop_path":"/ebFzrdBeyamDaPtuhCjB6ddMvL2.jpg","genre_ids":[12,16,10751],"id":10380,"original_language":"en","original_title":"An American Tail: Fievel Goes West","overview":"Some time after the Mousekewitz's have settled in America, they find that they are still having problems with the threat of cats. That makes them eager to try another home out in the west, where they are promised that mice and cats live in peace. Unfortunately, the one making this claim is an oily con artist named Cat R. Waul who is intent on his own sinister plan.","release_date":"1991-11-21","poster_path":"/dsz7SQeNw2v4JP5vubi5KMTiAQI.jpg","popularity":0.530505,"title":"An American Tail: Fievel Goes West","video":false,"vote_average":6.2,"vote_count":53},{"adult":false,"backdrop_path":"/om5m4YIDzHC5nEQkyLUUxIwcXZa.jpg","genre_ids":[27,53],"id":3021,"original_language":"en","original_title":"1408","overview":"A man who specializes in debunking paranormal occurrences checks into the fabled room 1408 in the Dolphin Hotel. Soon after settling in, he confronts genuine terror.","release_date":"2007-12-06","poster_path":"/4onX7UF2MPUgIpkUerLC3dpVfNZ.jpg","popularity":2.367578,"title":"1408","video":false,"vote_average":6.2,"vote_count":449},{"adult":false,"backdrop_path":"/poNggE1pzQpezVcTUSPKpacujCP.jpg","genre_ids":[12,28,878],"id":20526,"original_language":"en","original_title":"TRON: Legacy","overview":"Sam Flynn, the tech-savvy and daring son of Kevin Flynn, investigates his father's disappearance and is pulled into The Grid. With the help of a mysterious program named Quorra, Sam quests to stop evil dictator Clu from crossing into the real world.","release_date":"2010-12-16","poster_path":"/eZW5Rv0peoGrC0RY12lwzoLPwmx.jpg","popularity":4.123858,"title":"TRON: Legacy","video":false,"vote_average":6.2,"vote_count":1484},{"adult":false,"backdrop_path":"/4NSc5ZBMYuetFLpbktlcCOb7EM9.jpg","genre_ids":[53],"id":157849,"original_language":"en","original_title":"A Most Wanted Man","overview":"When a half-Chechen, half-Russian, tortured half-to-death immigrant turns up in Hamburg's Islamic community, laying claim to his father's ill gotten fortune, both German and US security agencies take a close interest: as the clock ticks down and the stakes rise, the race is on to establish this most wanted man's true identity - oppressed victim or destruction-bent extremist?","release_date":"2014-07-25","poster_path":"/iSMTe79efcxgI5jSFBAg6GjxEPs.jpg","popularity":2.766857,"title":"A Most Wanted Man","video":false,"vote_average":6.2,"vote_count":239},{"adult":false,"backdrop_path":"/lt7K8envOZJGRDfZ8GcN4epSzPd.jpg","genre_ids":[35,10749],"id":22897,"original_language":"en","original_title":"It's Complicated","overview":"Ten years after their divorce, Jane and Jake Adler unite for their son's college graduation and unexpectedly end up sleeping together. But Jake is married, and Jane is embarking on a new romance with her architect, Adam. Now, she has to sort out her life -- just when she thought she had it all figured out.","release_date":"2009-12-25","poster_path":"/foHRwmVZG7m0XMDq15wRuNoKca6.jpg","popularity":1.955245,"title":"It's Complicated","video":false,"vote_average":6.2,"vote_count":111},{"adult":false,"backdrop_path":"/68DzpzWIOA54ooEvplDxtCfkWY5.jpg","genre_ids":[28,35,80,53],"id":7516,"original_language":"en","original_title":"Smokin' Aces","overview":"When a Las Vegas performer-turned-snitch named Buddy Israel decides to turn state's evidence and testify against the mob, it seems that a whole lot of people would like to make sure he's no longer breathing.","release_date":"2007-01-26","poster_path":"/sIxQqvlhqWRiw0czLNuGS8q3P4F.jpg","popularity":2.317605,"title":"Smokin' Aces","video":false,"vote_average":6.2,"vote_count":163},{"adult":false,"backdrop_path":"/8lMeewfbgkNX8dBtqmyl4SvqIiP.jpg","genre_ids":[35,18,10749],"id":858,"original_language":"en","original_title":"Sleepless in Seattle","overview":"A young boy who tries to set his dad up on a date after the death of his mother. He calls into a radio station to talk about his dad’s loneliness which soon leads the dad into meeting a Journalist Annie who flies to Seattle to write a story about the boy and his dad. Yet Annie ends up with more than just a story in this popular romantic comedy.","release_date":"1993-06-24","poster_path":"/afkYP15OeUOD0tFEmj6VvejuOcz.jpg","popularity":1.971419,"title":"Sleepless in Seattle","video":false,"vote_average":6.2,"vote_count":219},{"adult":false,"backdrop_path":"/vf02KIcSx4Iq9J6R7n0qxNeL8Lm.jpg","genre_ids":[18,9648,878,53,10749],"id":1903,"original_language":"en","original_title":"Vanilla Sky","overview":"David Aames (Tom Cruise) has it all: wealth, good looks and gorgeous women on his arm. But just as he begins falling for the warmhearted Sofia (Penelope Cruz), his face is horribly disfigured in a car accident. That's just the beginning of his troubles as the lines between illusion and reality, between life and death, are blurred.","release_date":"2001-12-10","poster_path":"/ujMy9P4VczTW9YSpAM31uqdOMpz.jpg","popularity":1.63789,"title":"Vanilla Sky","video":false,"vote_average":6.2,"vote_count":315},{"adult":false,"backdrop_path":"/pddDWflAgEUex06MOjfRmAl9ZWq.jpg","genre_ids":[28,53],"id":44048,"original_language":"en","original_title":"Unstoppable","overview":"A runaway train, transporting deadly, toxic chemicals, is barreling down on Stanton, Pennsylvania, and only two men can stop it: a veteran engineer and a young conductor. Thousands of lives hang in the balance as these ordinary heroes attempt to chase down one million tons of hurtling steel and prevent an epic disaster.","release_date":"2010-11-12","poster_path":"/b2uI9tSssC4D7vCgdES6IZJXuCs.jpg","popularity":1.296764,"title":"Unstoppable","video":false,"vote_average":6.2,"vote_count":394},{"adult":false,"backdrop_path":"/d29F2JeMP1S6MQG4o5N6BCpRC3n.jpg","genre_ids":[35,9648],"id":3049,"original_language":"en","original_title":"Ace Ventura: Pet Detective","overview":"He's Ace Ventura: Pet Detective. Jim Carrey is on the case to find the Miami Dolphins' missing mascot and quarterback Dan Marino. He goes eyeball to eyeball with a man-eating shark, stakes out the Miami Dolphins and woos and wows the ladies. Whether he's undercover, under fire or underwater, he always gets his man . . . or beast!","release_date":"1994-02-04","poster_path":"/nZirljb8XYbKTWsRQTplDGhx39Q.jpg","popularity":0.91819,"title":"Ace Ventura: Pet Detective","video":false,"vote_average":6.2,"vote_count":640},{"adult":false,"backdrop_path":"/gbwOFHXSLi1DD3D7eI2vlZWIAyq.jpg","genre_ids":[53,10749],"id":255343,"original_language":"en","original_title":"Escobar: Paradise Lost","overview":"For Pablo Escobar (Benicio Del Toro), family is everything. When young surfer Nick (Josh Hutcherson) falls for Escobar's niece, he finds his life on the line when he's pulled into the dangerous world of the family business.","release_date":"2014-10-11","poster_path":"/4e1q2uZ4GB89n9iJa9lRx4mv37W.jpg","popularity":4.898381,"title":"Escobar: Paradise Lost","video":false,"vote_average":6.2,"vote_count":79}],"total_pages":180,"total_results":3596}
