{"page":84,"results":[{"adult":false,"backdrop_path":"/e1Z7OMTZi2RGfSN613PhxxvyPYo.jpg","genre_ids":[12,14,10751],"id":54318,"original_language":"en","original_title":"The Water Horse","overview":"A lonely boy discovers a mysterious egg that hatches a sea creature of Scottish legend.","release_date":"2007-12-25","poster_path":"/i1DU0Nux6CozY1uEjyz5uCWBxhc.jpg","popularity":1.158368,"title":"The Water Horse","video":false,"vote_average":6.4,"vote_count":72},{"adult":false,"backdrop_path":"/wfhWgaJK1MvV0ygYM2tU2puMqJa.jpg","genre_ids":[35,10749],"id":10466,"original_language":"en","original_title":"The Money Pit","overview":"After being evicted from their Manhattan apartment, a couple buy what looks like the home of their dreams - only to find themselves saddled with a bank-account-draining nightmare. Struggling to keep their relationship together as their rambling mansion falls to pieces around them, the two watch in hilarious horror as everything - including the kitchen sink, disppears into the Money Pit.","release_date":"1986-03-15","poster_path":"/vzUfCSAXDIQemW6Kdk2RU2JtfiV.jpg","popularity":1.60512,"title":"The Money Pit","video":false,"vote_average":6.4,"vote_count":72},{"adult":false,"backdrop_path":"/tlCnOu6PO7ILLnJMRw1NsrEWmyQ.jpg","genre_ids":[35,10749],"id":9602,"original_language":"en","original_title":"Coming to America","overview":"Prince Akeem, heir to the throne of Zamunda, leaves the tropical paradise kingdom in search of his queen. What better place than Queens, New York to find his bride? Joined by his loyal servant and friend, Semmi, Akeem attempts to blend in as an ordinary American and begin his search.","release_date":"1988-06-28","poster_path":"/7v1Sy0HC5KEM1DMM4Bpy5gVly1K.jpg","popularity":1.980278,"title":"Coming to America","video":false,"vote_average":6.4,"vote_count":290},{"adult":false,"backdrop_path":"/jHRi1YBxU80WTm8PyfrAZiyUC9r.jpg","genre_ids":[878,35,80],"id":816,"original_language":"en","original_title":"Austin Powers: International Man of Mystery","overview":"As a swingin' fashion photographer by day and a groovy British superagent by night, Austin Powers is the '60s' most shagadelic spy, baby! But can he stop megalomaniac Dr. Evil after the bald villain freezes himself and unthaws in the '90s? With the help of sexy sidekick Vanessa Kensington, he just might.","release_date":"1997-05-02","poster_path":"/1Ly0MRK2Na0aRpy2bD6GBRP3Rzx.jpg","popularity":1.96006,"title":"Austin Powers: International Man of Mystery","video":false,"vote_average":6.4,"vote_count":324},{"adult":false,"backdrop_path":"/2sqJMg3CAZlVq7VQ2pTftjqecqi.jpg","genre_ids":[18,53,9648],"id":26388,"original_language":"en","original_title":"Buried","overview":"Paul is a U.S. truck driver working in Iraq. After an attack by a group of Iraqis he wakes to find he is buried alive inside a coffin. With only a lighter and a cell phone it's a race against time to escape this claustrophobic death trap.","release_date":"2010-09-24","poster_path":"/mvDfLRgsyFtonhKfOFIfl4c9Jwl.jpg","popularity":2.668575,"title":"Buried","video":false,"vote_average":6.4,"vote_count":234},{"adult":false,"backdrop_path":"/xxGhGpmkaa4j9yJYpqu3N8WGxlh.jpg","genre_ids":[12,14,9648],"id":8054,"original_language":"en","original_title":"The Imaginarium of Doctor Parnassus","overview":"A traveling theater company gives its audience much more than they were expecting.","release_date":"2009-12-24","poster_path":"/jcJRTfd2b5db5DpsCh5XnO6pakN.jpg","popularity":2.064064,"title":"The Imaginarium of Doctor Parnassus","video":false,"vote_average":6.4,"vote_count":273},{"adult":false,"backdrop_path":"/lWmRtLisFIZzfvhbFeyx61af0zZ.jpg","genre_ids":[28,80,18,9648,53],"id":9386,"original_language":"en","original_title":"In the Line of Fire","overview":"Veteran Secret Service agent Frank Horrigan is a man haunted by his failure to save President Kennedy while serving protection detail in Dallas. Thirty years later, a man calling himself \"Booth\" threatens the life of the current President, forcing Horrigan to come back to protection detail to confront the ghosts from his past.","release_date":"1993-07-08","poster_path":"/vXgWOXa7m3cEhOhYjR5q2UZCBBp.jpg","popularity":1.028641,"title":"In the Line of Fire","video":false,"vote_average":6.4,"vote_count":89},{"adult":false,"backdrop_path":"/v5fC4udCQLOzZZRbI87QyQ8V2cd.jpg","genre_ids":[10749,18],"id":24803,"original_language":"en","original_title":"Julie & Julia","overview":"Julia Child and Julie Powell - both of whom wrote memoirs - find their lives intertwined. Though separated by time and space, both women are at loose ends... until they discover that with the right combination of passion, fearlessness and butter, anything is possible.","release_date":"2009-08-07","poster_path":"/wrbCJtGfneCx4YvyHHCPbjD5xcN.jpg","popularity":1.756389,"title":"Julie & Julia","video":false,"vote_average":6.4,"vote_count":133},{"adult":false,"backdrop_path":"/4H6vE7fvB0gvaaSRJyguUu67FvF.jpg","genre_ids":[35,80,53],"id":86838,"original_language":"en","original_title":"Seven Psychopaths","overview":"A struggling screenwriter inadvertently becomes entangled in the Los Angeles criminal underworld after his oddball friends kidnap a gangster's beloved Shih Tzu.","release_date":"2012-10-12","poster_path":"/3Zs6Ne6QAEOzQRz85VToH8ml6ab.jpg","popularity":1.995305,"title":"Seven Psychopaths","video":false,"vote_average":6.4,"vote_count":486},{"adult":false,"backdrop_path":"/ftTuuT2v3mQSjQHLMBGNd0e7TNJ.jpg","genre_ids":[35,80],"id":9490,"original_language":"en","original_title":"Half Baked","overview":"Three lovable party buds try to bail their friend out of jail. But just when the guys have mastered a plan, everything comes dangerously close to going up in smoke.","release_date":"1998-01-16","poster_path":"/rC95hS4k5mGJn7q0zNKEUewziMR.jpg","popularity":1.63553,"title":"Half Baked","video":false,"vote_average":6.4,"vote_count":54},{"adult":false,"backdrop_path":"/k3ccsowPEK40pWrTuvybSZDqPKN.jpg","genre_ids":[878],"id":2277,"original_language":"en","original_title":"Bicentennial Man","overview":"In the not so distant future, androids are owned as household servants. Andrew, is an extraordinary robot who exhibits emotional and creative characteristics that were never expected of him. Over a period of 200 years he evolves far beyond his initial design.","release_date":"1999-12-17","poster_path":"/pt57Kwkd2g2xdYFZKx3yCoz9Xim.jpg","popularity":1.194873,"title":"Bicentennial Man","video":false,"vote_average":6.4,"vote_count":210},{"adult":false,"backdrop_path":"/7LRuImFC4NKxutT3yvdqxinEXjo.jpg","genre_ids":[53,27,878],"id":11336,"original_language":"en","original_title":"The Dead Zone","overview":"Johnny Smith is a schoolteacher with his whole life ahead of him but, after leaving his fiancee's home one night, is involved in a car crash which leaves him in a coma for 5 years. When he wakes, he discovers he has an ability to see into the past, present and future life of anyone with whom he comes into physical contact.","release_date":"1983-10-21","poster_path":"/nfGUupEUffOkNyuQBN7Pp5hhqTU.jpg","popularity":1.635583,"title":"The Dead Zone","video":false,"vote_average":6.4,"vote_count":63},{"adult":false,"backdrop_path":"/llyyZzIlmReLc2Gd5CiGbercbjk.jpg","genre_ids":[18,10749],"id":60420,"original_language":"en","original_title":"Like Crazy","overview":"A British college student falls for an American student, only to be separated from him when she's banned from the U.S. after overstaying her visa.","release_date":"2011-10-28","poster_path":"/2fZBxMPmUdvDW7XKj9yD6RBpkRF.jpg","popularity":1.507219,"title":"Like Crazy","video":false,"vote_average":6.4,"vote_count":116},{"adult":false,"backdrop_path":"/jzyUa3g23LB4Yd9FFGzcomdyG29.jpg","genre_ids":[35,18,10749,10751],"id":9655,"original_language":"en","original_title":"She's the Man","overview":"Viola Johnson is in a real jam. Complications threaten her scheme to pose as her twin brother, Sebastian, and take his place at a new boarding school. She falls in love with her handsome roommate, Duke, who loves beautiful Olivia, who has fallen for Sebastian! As if that were not enough, Viola's twin returns from London ahead of schedule but has no idea that his sister has already replaced him on campus.","release_date":"2006-03-17","poster_path":"/aoO3OtAojt9g8D60tro8s26mGmj.jpg","popularity":1.911264,"title":"She's the Man","video":false,"vote_average":6.4,"vote_count":186},{"adult":false,"backdrop_path":"/mw6yIekHtl1eLCMLVc9vPfHNSsJ.jpg","genre_ids":[35,18],"id":8669,"original_language":"en","original_title":"Charlie Bartlett","overview":"Awkward teenager Charlie Bartlett (Anton Yelchin) has trouble fitting in at a new high school. Charlie needs some friends fast, and decides that the best way to find them is to appoint himself the resident psychiatrist. He becomes one of the most popular guys in school by doling out advice and, occasionally, medication, to the student body.","release_date":"2008-02-22","poster_path":"/xCirDLSaQwuPhKyQ2kP9AGLidQ0.jpg","popularity":0.495212,"title":"Charlie Bartlett","video":false,"vote_average":6.4,"vote_count":62},{"adult":false,"backdrop_path":"/4H1bXvPTyTB4FW2v9pk5OS9iOkB.jpg","genre_ids":[80,53,18],"id":1965,"original_language":"en","original_title":"A Perfect Murder","overview":"Millionaire industrialist Steven Taylor is a man who has everything but what he craves most: the love and fidelity of his wife. A hugely successful player in the New York financial world, he considers her to be his most treasured acquisition. But she needs more than simply the role of dazzling accessory.","release_date":"1998-06-05","poster_path":"/3qVJPM6tYilp3x3ckSBb3l4NyzE.jpg","popularity":2.157154,"title":"A Perfect Murder","video":false,"vote_average":6.4,"vote_count":80},{"adult":false,"backdrop_path":"/uHnLhm4AybDCbz6sAVkxZKNNXV3.jpg","genre_ids":[10751,16],"id":80321,"original_language":"en","original_title":"Madagascar 3: Europe's Most Wanted","overview":"Alex, Marty, Gloria and Melman are still trying to get back to the Big Apple and their beloved Central Park zoo, but first they need to find the penguins. When they travel to Monte Carlo, they attract the attention of Animal Control after gate crashing a party and are joined by the penguins, King Julian and Co., and the monkeys. How do a lion, zebra, hippo, giraffe, four penguins, two monkeys, three lemurs travel through Europe without attracting attention and get back to New York? They join a traveling circus. Their attempts to get back to New York are consistently hampered by the Captain of Animal Control who wants to make Alex part of her collection. Once they make it back to New York Marty, Alex, Gloria and Melman realize that they want to be part of the traveling circus.","release_date":"2012-06-08","poster_path":"/q79YojIzPEUb0JaEpuzDbLJT3yv.jpg","popularity":2.953654,"title":"Madagascar 3: Europe's Most Wanted","video":false,"vote_average":6.4,"vote_count":958},{"adult":false,"backdrop_path":"/cH19PJpfgxpVDr4UYOH3ARtgb7z.jpg","genre_ids":[18,10402,10749],"id":68817,"original_language":"en","original_title":"Footloose","overview":"City kid Ren MacCormack moves to a small town where rock 'n' roll and dancing have been banned, and his rebellious spirit shakes up the populace.","release_date":"2011-10-06","poster_path":"/kDpo6G7rYRHQ1bFhyLiJEW9ESPO.jpg","popularity":3.329644,"title":"Footloose","video":false,"vote_average":6.4,"vote_count":112},{"adult":false,"backdrop_path":"/vkjLn8nJVZ9JJKGUzU6fb5jEheQ.jpg","genre_ids":[35,10749],"id":156711,"original_language":"en","original_title":"Austenland","overview":"Obsessed with the BBC production of \"Pride and Prejudice\", a woman travels to a Jane Austen theme park in search for her perfect gentleman.","release_date":"2013-08-16","poster_path":"/mLLpJFl32QHTkR9s7GlHLTXZwKf.jpg","popularity":1.039049,"title":"Austenland","video":false,"vote_average":6.4,"vote_count":70},{"adult":false,"backdrop_path":"/xVmpVd5C7RDXVXFBDGcnqQzmTBy.jpg","genre_ids":[12,18,10749,28],"id":9476,"original_language":"en","original_title":"A Knight's Tale","overview":"William Thatcher, a peasant, is sent to apprentice with a Knight named Hector as a young boy. Urged by his father to \"change his Stars\", he assumes Sir Hector's place in a tournament when Hector dies in the middle of it. He wins. With the other apprentices, he trains and assumes the title of Sir Ulrich von Lichtenstein.","release_date":"2001-05-08","poster_path":"/1ZUpkMivvlF0ZoyXQzHF4El3izv.jpg","popularity":2.494351,"title":"A Knight's Tale","video":false,"vote_average":6.4,"vote_count":284}],"total_pages":180,"total_results":3596}
