{"page":164,"results":[{"adult":false,"backdrop_path":"/7CNgefk746czQzTVqSuf8yYQxOS.jpg","genre_ids":[12,10751],"id":1634,"original_language":"en","original_title":"Free Willy","overview":"When a boy learns that a beloved killer whale is to be killed by the aquarium owners, the boy risks everything to free the whale.","release_date":"1993-07-16","poster_path":"/vIjiTSNA52VGGP9eeegNaMKXNhf.jpg","popularity":1.274859,"title":"Free Willy","video":false,"vote_average":5.3,"vote_count":97},{"adult":false,"backdrop_path":"/pg7W4YCvpoub573MZtV3Rmmz9fE.jpg","genre_ids":[18,27,9648,53],"id":36419,"original_language":"en","original_title":"After.Life","overview":"A young woman caught between life and death... and a funeral director who appears to have the gift of transitioning the dead, but might just be intent on burying her alive.","release_date":"2009-11-07","poster_path":"/8mtT1Hqp63s3DiGxZckxQj0Mioy.jpg","popularity":1.775895,"title":"After.Life","video":false,"vote_average":5.3,"vote_count":75},{"adult":false,"backdrop_path":"/f2Vyj75EU1Cbdh0homXignBcdYG.jpg","genre_ids":[35,10749],"id":10314,"original_language":"en","original_title":"She's All That","overview":"High school hotshot Zach Siler is the envy of his peers. But his popularity declines sharply when his cheerleader girlfriend, Taylor, leaves him for sleazy reality-television star Brock Hudson. Desperate to revive his fading reputation, Siler agrees to a seemingly impossible challenge. He has six weeks to gain the trust of nerdy outcast Laney Boggs -- and help her to become the school's next prom queen.","release_date":"1999-01-29","poster_path":"/2kWpjQ3O6DZywdIoPlvXCk3T91P.jpg","popularity":1.327401,"title":"She's All That","video":false,"vote_average":5.3,"vote_count":118},{"adult":false,"backdrop_path":"/w2KDvs7D0E6yDGESrAeJ0tzimSA.jpg","genre_ids":[35,18],"id":44564,"original_language":"en","original_title":"The Dilemma","overview":"Longtime friends Ronny and Nick are partners in an auto-design firm. They are hard at work on a presentation for a dream project that would really launch their company. Then Ronny spots Nick's wife out with another man, and in the process of investigating the possible affair, he learns that Nick has a few secrets of his own. As the presentation nears, Ronny agonizes over what might happen if the truth gets out.","release_date":"2011-01-13","poster_path":"/iiy2VRxE3DjIVfrIZlOQQ5i4Ypx.jpg","popularity":1.91961,"title":"The Dilemma","video":false,"vote_average":5.3,"vote_count":134},{"adult":false,"backdrop_path":"/kUXciLXDo2Igxw9PDPhXWIDkA5E.jpg","genre_ids":[18,27,53],"id":7978,"original_language":"en","original_title":"The Wolfman","overview":"This werewolf-themed horror film set in Victorian England centers on Lawrence Talbot, an American man who, upon a visit to London, gets bitten by a werewolf. Talbot had come to England to make amends with his estranged father, but after a moonlight transformation leaves him with a savage hunger for flesh, family harmony is the least of his worries.","release_date":"2010-02-11","poster_path":"/igiSz8bGHE0BegZ8xvlokAQgAk3.jpg","popularity":1.091605,"title":"The Wolfman","video":false,"vote_average":5.3,"vote_count":159},{"adult":false,"backdrop_path":"/eR8BDUyk439EdcAW0EExG9tPRMI.jpg","genre_ids":[18,14,27],"id":11979,"original_language":"en","original_title":"Queen of the Damned","overview":"Lestat de Lioncourt is awakened from his slumber. Bored with his existence he has now become this generations new Rock God. While in the course of time, another has arisen, Akasha, the Queen of the Vampires and the Dammed. He want's immortal fame, his fellow vampires want him eternally dead for his betrayal, and the Queen want's him for her King. Who will be the first to reach him? Who shall win?","release_date":"2002-02-22","poster_path":"/jSNMRMPkXUqcqWm0xUPUviRfWfF.jpg","popularity":1.855153,"title":"Queen of the Damned","video":false,"vote_average":5.3,"vote_count":61},{"adult":false,"backdrop_path":"/umf3xzegzsqT9lXVdYKxG8OR1No.jpg","genre_ids":[35,10751],"id":22949,"original_language":"en","original_title":"Old Dogs","overview":"Charlie and Dan have been best friends and business partners for thirty years; their Manhattan public relations firm is on the verge of a huge business deal with a Japanese company. With two weeks to sew up the contract, Dan gets a surprise: a woman he married on a drunken impulse nearly nine years before (annulled the next day) shows up to tell him he's the father of her twins, now seven, and she'll be in jail for 14 days for a political protest. Dan volunteers to keep the tykes, although he's up tight and clueless. With Charlie's help is there any way they can be dad and uncle, meet the kids' expectations, and still land the account?","release_date":"2009-11-24","poster_path":"/2B4tOJ71vJQktyjsG0iqGM0Yh10.jpg","popularity":1.781023,"title":"Old Dogs","video":false,"vote_average":5.3,"vote_count":74},{"adult":false,"backdrop_path":"/3c7e0IywQOmPKyVRPwNe2uys0MZ.jpg","genre_ids":[878],"id":8202,"original_language":"en","original_title":"Æon Flux","overview":"400 years into the future, disease has wiped out the majority of the world's population, except one walled city, Bregna, ruled by a congress of scientists. When Æon Flux, the top operative in the underground 'Monican' rebellion, is sent on a mission to kill a government leader, she uncovers a world of secrets.","release_date":"2005-12-01","poster_path":"/3rKw2QInyaACZ6wnqSg4nAXgKal.jpg","popularity":1.761325,"title":"Æon Flux","video":false,"vote_average":5.3,"vote_count":254},{"adult":false,"backdrop_path":"/iPTMOZdrWE3q8rXQnUYSPRedah6.jpg","genre_ids":[878,53],"id":37707,"original_language":"en","original_title":"Splice","overview":"Elsa and Clive, two young rebellious scientists, defy legal and ethical boundaries and forge ahead with a dangerous experiment: splicing together human and animal DNA to create a new organism. Named \"Dren\", the creature rapidly develops from a deformed female infant into a beautiful but dangerous winged human-chimera, who forges a bond with both of her creators - only to have that bond turn deadly.","release_date":"2009-10-06","poster_path":"/2ERwnTksOfNnAyZFp6oUn3BSRqK.jpg","popularity":1.071654,"title":"Splice","video":false,"vote_average":5.3,"vote_count":176},{"adult":false,"backdrop_path":"/9Z67nL04U2mMGQlpgcVNif9DqFz.jpg","genre_ids":[35,18,53],"id":9894,"original_language":"en","original_title":"The Cable Guy","overview":"When recently single Steven moves into his new apartment, cable guy Chip comes to hook him up -- and doesn't let go. Initially, Chip is just overzealous in his desire to be Steven's pal, but when Steven tries to end the \"friendship,\" Chip shows his dark side. He begins stalking Steven, who's left to fend for himself because no one else can believe Chip's capable of such behavior.","release_date":"1996-06-10","poster_path":"/mqb62jLrlrT6XS1rR8cprtEW2Z6.jpg","popularity":0.50554,"title":"The Cable Guy","video":false,"vote_average":5.3,"vote_count":163},{"adult":false,"backdrop_path":"/m6QThhvZztXeSsZoeR0vPZb6TAt.jpg","genre_ids":[35,18,10749],"id":37786,"original_language":"en","original_title":"Sex and the City 2","overview":"Carrie, Charlotte, and Miranda are all married now, but they're still up for a little fun in the sun. When Samantha gets the chance to visit one of the most extravagant vacation destinations on the planet and offers to bring them all along, they surmise that a women-only retreat may be the perfect excuse to eschew their responsibilities and remember what life was like before they decided to settle down.","release_date":"2010-05-28","poster_path":"/bFaVEH21JfF70czs5qoDyiM8Pna.jpg","popularity":1.824048,"title":"Sex and the City 2","video":false,"vote_average":5.3,"vote_count":127},{"adult":false,"backdrop_path":"/5bxyCKV3AHlzwmvtqXkcr7Li56s.jpg","genre_ids":[28,80,53],"id":106747,"original_language":"en","original_title":"Machete Kills","overview":"Ex-Federale agent Machete is recruited by the President of the United States for a mission which would be impossible for any mortal man – he must take down a madman revolutionary and an eccentric billionaire arms dealer who has hatched a plan to spread war and anarchy across the planet.","release_date":"2013-10-11","poster_path":"/ltblMRM8clWKsjC2qQITuRN40Yr.jpg","popularity":2.377395,"title":"Machete Kills","video":false,"vote_average":5.3,"vote_count":252},{"adult":false,"backdrop_path":"/3Ws5ePyLJDLamVzWnkCM6kPBbgh.jpg","genre_ids":[28,12,35,10751,14,878],"id":1499,"original_language":"en","original_title":"Teenage Mutant Ninja Turtles III","overview":"The four turtles travel back in time to the days of the legendary and deadly samurai in ancient Japan, where they train to perfect the art of becoming one. The turtles also assist a small village in an uprising.","release_date":"1993-03-17","poster_path":"/bax6hItUe0XSeyO25J5V7hhgkkZ.jpg","popularity":2.649879,"title":"Teenage Mutant Ninja Turtles III","video":false,"vote_average":5.3,"vote_count":51},{"adult":false,"backdrop_path":"/urZuFzVm9rmjcHWeGgYeauNc0Wu.jpg","genre_ids":[28,53],"id":77234,"original_language":"en","original_title":"The Numbers Station","overview":"When the moral values of a longtime wetwork black ops agent is tested during his last operation, he receives an unfavorable psych evaluation. Now he is given a break and a seemingly uncomplicated assignment of simply protecting the security of a young female code announcer, code resources and remote station they are assigned to. After an ambush and one phone call later, it becomes a complicated fight for their survival.","release_date":"2013-04-26","poster_path":"/71KAIi3vVEHtjwrLVLtkBUiLEGg.jpg","popularity":1.707836,"title":"The Numbers Station","video":false,"vote_average":5.3,"vote_count":101},{"adult":false,"backdrop_path":"/c7biHKKOJFkC1LIAvwGf3hPMZic.jpg","genre_ids":[80,18,9648,53],"id":7183,"original_language":"en","original_title":"Perfect Stranger","overview":"A journalist goes undercover to ferret out businessman Harrison Hill as her best friend's killer. Posing as one of his temps, she enters into a game of online cat-and-mouse.","release_date":"2007-04-19","poster_path":"/7u4juVKIYSu5MwJ22aOukD5JqB9.jpg","popularity":2.130491,"title":"Perfect Stranger","video":false,"vote_average":5.3,"vote_count":61},{"adult":false,"backdrop_path":"/8NDf9WGgv2glSslJdzK63Sbdwzy.jpg","genre_ids":[35,10749],"id":19899,"original_language":"en","original_title":"Couples Retreat","overview":"Four couples, all friends, descend on a tropical island resort. Though one husband and wife are there to work on their marriage, the others just want to enjoy some fun in the sun. They soon find, however, that paradise comes at a price: Participation in couples therapy sessions is mandatory. What started out as a cut-rate vacation turns into an examination of the common problems many face.","release_date":"2009-09-19","poster_path":"/6mdsH9XA2u4jnVKwWlKE1Mg2OQM.jpg","popularity":2.729488,"title":"Couples Retreat","video":false,"vote_average":5.3,"vote_count":222},{"adult":false,"backdrop_path":"/trVS2zJ2rJvHLVZe9acUt7TSXZw.jpg","genre_ids":[35,18,10402,10749,10751],"id":9037,"original_language":"en","original_title":"Grease 2","overview":"It's 1961, two years after the original Grease gang graduated, and there's a new crop of seniors and new members of the coolest cliques on campus, the Pink Ladies and T-Birds. Michael Carrington is the new kid in school - but he's been branded a brainiac. Can he fix up an old motorcycle, don a leather jacket, avoid a rumble with the leader of the T-Birds, and win the heart of Pink Lady Stephanie?","release_date":"1982-06-11","poster_path":"/rfV03gWvZHGQyoG4tnxTRrjlOSC.jpg","popularity":0.232851,"title":"Grease 2","video":false,"vote_average":5.3,"vote_count":53},{"adult":false,"backdrop_path":"/rMAGfqQBpX1ooCFNubYO1bw70UI.jpg","genre_ids":[28,12],"id":230179,"original_language":"en","original_title":"Big Game","overview":"When Air Force One is shot down by terrorists leaving the President of the United States stranded in the wilderness, there is only one person around who can save him - a 13-year old boy called Oskari. In the forest on a hunting mission to prove his maturity to his kinsfolk, Oskari had been planning to track down a deer, but instead discovers the most powerful man on the planet in an escape pod. With the terrorists closing in to capture their own \"Big Game\" prize, the unlikely duo must team up to escape their hunters. As anxious Pentagon officials observe the action via satellite feed, it is up to the President and his new side-kick to prove themselves and survive the most extraordinary 24 hours of their lives.","release_date":"2015-06-26","poster_path":"/uSeDj6wb67WyBuwwAw9Nhh76quA.jpg","popularity":3.238431,"title":"Big Game","video":false,"vote_average":5.3,"vote_count":87},{"adult":false,"backdrop_path":"/9WRj8tXnfl3aSTv4ydEHTipxQ0e.jpg","genre_ids":[27],"id":10066,"original_language":"en","original_title":"House of Wax","overview":"A group of unwitting teens are stranded near a strange wax museum and soon must fight to survive and keep from becoming the next exhibit.","release_date":"2005-05-06","poster_path":"/uM1RebQywM5PPYsauayefpXGxVk.jpg","popularity":1.599851,"title":"House of Wax","video":false,"vote_average":5.3,"vote_count":158},{"adult":false,"backdrop_path":"/dVMGKJ9FrgzEHFVwdS1KYLxLqwi.jpg","genre_ids":[80,18,53],"id":97614,"original_language":"fr","original_title":"Deadfall","overview":"A thriller that follows two siblings who decide to fend for themselves in the wake of a botched casino heist, and their unlikely reunion during another family's Thanksgiving celebration.","release_date":"2012-12-07","poster_path":"/kt3bqW8pgbIxJY7aOqcQfUpB8dA.jpg","popularity":1.168094,"title":"Deadfall","video":false,"vote_average":5.3,"vote_count":92}],"total_pages":180,"total_results":3596}
