{"page":157,"results":[{"adult":false,"backdrop_path":"/l2R7qKAXQgfJR4C7B4clQpJeBq1.jpg","genre_ids":[16,10751,12,35,878],"id":50321,"original_language":"en","original_title":"Mars Needs Moms","overview":"Take out the trash, eat your broccoli - who needs moms, anyway? Nine-year-old Milo finds out just how much he needs his mom when she's nabbed by Martians who plan to steal her mom-ness for their own young. Milo's quest to save his mom involves stowing away on a spaceship, navigating an elaborate, multi-level planet and taking on the alien nation and their leader. With the help of a tech-savvy, underground earthman named Gribble and a rebel Martian girl called Ki, Milo just might find his way back to his mom - in more ways than one.","release_date":"2011-03-09","poster_path":"/6S7pkMjLrtmzn8uU5vRyTn5Az2A.jpg","popularity":1.777526,"title":"Mars Needs Moms","video":false,"vote_average":5.5,"vote_count":79},{"adult":false,"backdrop_path":"/vSnw6sAT5OihmEaKi26rYI3QcRl.jpg","genre_ids":[35],"id":180296,"original_language":"en","original_title":"They Came Together","overview":"A small business owner is about to lose her shop to a major corporate development.","release_date":"2014-06-27","poster_path":"/jue0hdydHvkfGgWS6FnYVlozO2d.jpg","popularity":1.393503,"title":"They Came Together","video":false,"vote_average":5.5,"vote_count":78},{"adult":false,"backdrop_path":"/5ZeIjrEbZvLPGB8PVgk3Vrm1aVF.jpg","genre_ids":[35,10749],"id":8780,"original_language":"en","original_title":"Baby Mama","overview":"A successful, single businesswoman who dreams of having a baby discovers she is infertile and hires a working class woman to be her unlikely surrogate.","release_date":"2008-04-23","poster_path":"/8YFiUegDjZPuNF1qdENDkcWfXPx.jpg","popularity":1.967964,"title":"Baby Mama","video":false,"vote_average":5.5,"vote_count":64},{"adult":false,"backdrop_path":"/sfJNjSGBEmc3gFhOtHNyq94N7Of.jpg","genre_ids":[28,35],"id":268920,"original_language":"en","original_title":"Hot Pursuit","overview":"An uptight by-the-book cop must protect the widow of a drug boss from crooked cops and gunmen.","release_date":"2015-05-08","poster_path":"/rQSebx3Ie1TL12TbHwFoVqRMU5r.jpg","popularity":10.026928,"title":"Hot Pursuit","video":false,"vote_average":5.5,"vote_count":106},{"adult":false,"backdrop_path":"/n4SEfHpFZFRHxNMX4qNjqOQkWJp.jpg","genre_ids":[28,12,18,878,53,10749],"id":8656,"original_language":"en","original_title":"Deep Impact","overview":"A seven-mile-wide space rock is hurtling toward Earth, threatening to obliterate the planet. Now, it's up to the president of the United States to save the world. He appoints a tough-as-nails veteran astronaut to lead a joint American-Russian crew into space to destroy the comet before impact. Meanwhile, an enterprising reporter uses her smarts to uncover the scoop of the century.","release_date":"1998-05-07","poster_path":"/nbF4Tuj4OY8btrjoOHtk64hkKbJ.jpg","popularity":1.472684,"title":"Deep Impact","video":false,"vote_average":5.5,"vote_count":265},{"adult":false,"backdrop_path":"/cZs50rEk4T13qWedon0uCnbYQzW.jpg","genre_ids":[35],"id":11862,"original_language":"en","original_title":"Father of the Bride Part II","overview":"Just when George Banks has recovered from his daughter's wedding, he receives the news that she's pregnant ... and that George's wife, Nina, is expecting too. He was planning on selling their home, but that's a plan that -- like George -- will have to change with the arrival of both a grandchild and a kid of his own.","release_date":"1995-12-08","poster_path":"/e64sOI48hQXyru7naBFyssKFxVd.jpg","popularity":1.626216,"title":"Father of the Bride Part II","video":false,"vote_average":5.5,"vote_count":52},{"adult":false,"backdrop_path":"/bxC8Ewo30J1LDVQEcU5PcEGwrOz.jpg","genre_ids":[35],"id":115283,"original_language":"en","original_title":"A.C.O.D.","overview":"A grown man is still caught in the crossfire of his parents' 15 year divorce. He discovers he was unknowingly part of a study on divorced children and is enlisted in a follow-up years later, which wreaks new havoc on his family.","release_date":"2013-10-04","poster_path":"/sm8rMaEvlQeAgUGn4nK7CjlxkfL.jpg","popularity":2.06071,"title":"A.C.O.D.","video":false,"vote_average":5.5,"vote_count":50},{"adult":false,"backdrop_path":"/9kADXPCK9BIh2ujdykyEVvtNkrL.jpg","genre_ids":[12,18,28,14],"id":37861,"original_language":"en","original_title":"Valhalla Rising","overview":"1000 AD, for years, One Eye, a mute warrior of supernatural strength, has been held prisoner by the Norse chieftain Barde. Aided by Are, a boy slave, One Eye slays his captor and together he and Are escape, beginning a journey into the heart of darkness. On their flight, One Eye and Are board a Viking vessel, but the ship is soon engulfed by an endless fog that clears only as the crew sights an unknown land. As the new world reveals its secrets and the Vikings confront their terrible and bloody fate, One Eye discovers his true self.","release_date":"2009-09-04","poster_path":"/gOZbRtcLCgDARcIkc6Zv2P1UDti.jpg","popularity":1.595525,"title":"Valhalla Rising","video":false,"vote_average":5.5,"vote_count":74},{"adult":false,"backdrop_path":"/83lCHxDeIrovVxPw2ztvwcoH6rA.jpg","genre_ids":[12,16,35,14,10751],"id":41513,"original_language":"en","original_title":"The Smurfs","overview":"When the evil wizard Gargamel chases the tiny blue Smurfs out of their village, they tumble from their magical world and into ours -- in fact, smack dab in the middle of Central Park. Just three apples high and stuck in the Big Apple, the Smurfs must find a way to get back to their village before Gargamel tracks them down.","release_date":"2011-07-29","poster_path":"/8W9L7ByduypXKD7AticK7GvGqTE.jpg","popularity":1.544709,"title":"The Smurfs","video":false,"vote_average":5.5,"vote_count":519},{"adult":false,"backdrop_path":"/ll9MpIdvt2DvHXolysp3cTiQegl.jpg","genre_ids":[28,12,35,80],"id":10345,"original_language":"en","original_title":"K-9","overview":"The extravagant cop Michael Dooley needs some help to fight a drug dealer who has tried to kill him. A \"friend\" gives him a dog named Jerry Lee (Officer Lewis), who has been trained to smell drugs. With his help, Dooley sets out to put his enemy behind the bars, but Jerry Lee has a personality of his own and works only when he wants to. On the other hand, the dog is quite good at destroying Dooley's car, house and sex-life...","release_date":"1989-04-28","poster_path":"/rarsqkzeUH1Ab4FxkTjFqIB91fs.jpg","popularity":2.151418,"title":"K-9","video":false,"vote_average":5.5,"vote_count":67},{"adult":false,"backdrop_path":"/78ccwmm9r0PhiPY50GQGzHUY4jW.jpg","genre_ids":[35,10749],"id":11638,"original_language":"en","original_title":"Guess Who","overview":"The fiancé of an African-American woman who's met with skepticism and suspicion from her father. Tension flares -- along with comedy -- when she takes him home for the all-important introduction, and as the wedding approaches, Dad must come to terms with his future son-in-law.","release_date":"2005-03-25","poster_path":"/edxlUrSaeVYkG1VfQlceXcWeRdR.jpg","popularity":1.514,"title":"Guess Who","video":false,"vote_average":5.5,"vote_count":64},{"adult":false,"backdrop_path":"/zZBns22yGa7rprapb11ZtV9EKsp.jpg","genre_ids":[28,12,18,53],"id":9208,"original_language":"en","original_title":"Broken Arrow","overview":"When rogue stealth-fighter pilot Vic Deakins deliberately drops off the radar while on maneuvers, the Air Force ends up with two stolen nuclear warheads -- and Deakins's co-pilot, Riley Hale, is the military's only hope for getting them back. Traversing the deserted canyons of Utah, Hale teams with park ranger Terry Carmichael to put Deakins back in his box.","release_date":"1996-02-09","poster_path":"/avqUG5RYB93rwSUNL5r16Vtbc9g.jpg","popularity":2.147807,"title":"Broken Arrow","video":false,"vote_average":5.5,"vote_count":147},{"adult":false,"backdrop_path":"/jC6pdiupSoUuuQdQ39cWxG6OiA1.jpg","genre_ids":[53],"id":9754,"original_language":"en","original_title":"Firewall","overview":"State-of-the-art security system creator Jack Stanfield has cemented his reputation as a man who's thought of everything. But when a criminal finds a way into Jack's personal life, everything Jack holds dear is suddenly at stake.","release_date":"2006-02-10","poster_path":"/8L6Cegh3Sk4XKLw5oVhKyGWQqs0.jpg","popularity":2.080604,"title":"Firewall","video":false,"vote_average":5.5,"vote_count":88},{"adult":false,"backdrop_path":"/xiu0tTYwOoeCEcVDJvgpKY0R4bO.jpg","genre_ids":[12,14,27,35],"id":74461,"original_language":"en","original_title":"Knights of Badassdom","overview":"Three best friends and dedicated roleplayers take to the woods to reenact a dungeons and dragons-like scenario as a live action role-playing game. Trouble arises when a prop spellbook purchased from the internet ends up being a genuine grimoire and they unwittingly conjure up a blood-lusting succubus from hell.","release_date":"2014-01-21","poster_path":"/iuWgWWY71kQVF5aGlj8BMmJGjkE.jpg","popularity":1.601101,"title":"Knights of Badassdom","video":false,"vote_average":5.5,"vote_count":52},{"adult":false,"backdrop_path":"/lRCpAiSMLSpPtc3hiPUBbdbcgXn.jpg","genre_ids":[35,14],"id":11852,"original_language":"en","original_title":"The Hot Chick","overview":"Not only is Jessica Spencer (Rachel McAdams) the most popular girl in school -- she is also the meanest. But things change for the attractive teen when a freak accident involving a cursed pair of earrings and a chance encounter at a gas station causes her to switch bodies with Clive (Rob Schneider), a sleazy crook. Jessica, in the form of the repulsive Clive, struggles to adjust to this radical alteration and sets out to get her own body back before the upcoming prom.","release_date":"2002-12-02","poster_path":"/7VxJmoWobDdARhEkU8mIiZwWEj8.jpg","popularity":0.493223,"title":"The Hot Chick","video":false,"vote_average":5.5,"vote_count":128},{"adult":false,"backdrop_path":"/ueJ8K4ik1UQKa3cVUa8RHfDDqL.jpg","genre_ids":[28,12,53,878],"id":698,"original_language":"en","original_title":"Moonraker","overview":"During the transportation of a Space Shuttle a Boeing 747 crashes in the Atlantic Ocean yet when they go to look for the destroyed shuttle it is not there. James Bond investigates the missing mission space shuttle and soon learns that the shuttles owner Hugo Drax wants to kill all of mankind.","release_date":"1979-06-27","poster_path":"/bIiTYuG1NRtLZAY7lxOwNafn2BV.jpg","popularity":2.740677,"title":"Moonraker","video":false,"vote_average":5.5,"vote_count":173},{"adult":false,"backdrop_path":"/lw9OluUfC72V3jmUCkq7TXfaPfv.jpg","genre_ids":[14,16],"id":2310,"original_language":"en","original_title":"Beowulf","overview":"An epic tale concerning a 6th-century Scandinavian warrior named Beowulf and his mission to slay the manlike ogre Grendel, a descendant of Cain.","release_date":"2007-11-05","poster_path":"/j90lLkvlcPNL6VVoLGQ0yzPUfJV.jpg","popularity":2.334694,"title":"Beowulf","video":false,"vote_average":5.5,"vote_count":282},{"adult":false,"backdrop_path":"/azqdlJvqTk0z1SiWNVsFsNZX7ma.jpg","genre_ids":[35,18,10749],"id":45658,"original_language":"en","original_title":"Everything Must Go","overview":"When an alcoholic relapses, causing him to lose his wife and his job, he holds a yard sale on his front lawn in an attempt to start over. A new neighbor might be the key to his return to form.","release_date":"2010-10-15","poster_path":"/8gUWukFYhc8mYtLB1uiXpUjUxBD.jpg","popularity":1.367618,"title":"Everything Must Go","video":false,"vote_average":5.5,"vote_count":64},{"adult":false,"backdrop_path":"/f3sepWZ7zxibzjpMzunP42plD1g.jpg","genre_ids":[27,53],"id":10053,"original_language":"en","original_title":"When a Stranger Calls","overview":"Far away from the site of a gruesome murder, a teenager named Jill Johnson arrives at a luxurious home for a baby-sitting job. With the children fast asleep, she settles in for what she expects to be an ordinary evening. Soon, the ringing of a phone and the frightening words of a sadistic caller turn Jill's routine experience into a night of terror.","release_date":"2006-02-03","poster_path":"/pYxd8DM4qBV24rJ9Jf84SYtIao1.jpg","popularity":1.390326,"title":"When a Stranger Calls","video":false,"vote_average":5.5,"vote_count":59},{"adult":false,"backdrop_path":"/udn0yGthFoMJnc3WKUb8BzmHKxd.jpg","genre_ids":[53],"id":16558,"original_language":"en","original_title":"Duplicity","overview":"Two romantically engaged corporate spies (Owen and Roberts) team up to manipulate a corporate race to corner the market on a medical innovation that will reap huge profits and enable them to lead an extravagant lifestyle together.","release_date":"2009-03-19","poster_path":"/97J8g4j1Yd9Qjy4Oz1ltpV9PAI2.jpg","popularity":1.641918,"title":"Duplicity","video":false,"vote_average":5.5,"vote_count":78}],"total_pages":180,"total_results":3596}
