{"page":53,"results":[{"adult":false,"backdrop_path":"/z71Ec0T4So8nGnvfR9NQHWraOdh.jpg","genre_ids":[27,9648,878,53],"id":837,"original_language":"en","original_title":"Videodrome","overview":"A sleazy cable-TV programmer begins to see his life and the future of media spin out of control in a very unusual fashion when he acquires a new kind of programming for his station.","release_date":"1983-02-04","poster_path":"/fl09Ai2lKPau49MdLp0pOc5rYlP.jpg","popularity":1.125782,"title":"Videodrome","video":false,"vote_average":6.8,"vote_count":92},{"adult":false,"backdrop_path":"/fjt8ZNuDH64GxgluSj52UMNkolY.jpg","genre_ids":[80,18,53],"id":1830,"original_language":"en","original_title":"Lord of War","overview":"Yuri Orlov is a globetrotting arms dealer. Through some of the deadliest war zones, Yuri struggles to stay one step ahead of a relentless Interpol agent, his business rivals, even some of his customers who include many of the world's most notorious dictators. Finally, Yuri must also face his own conscience.","release_date":"2005-09-16","poster_path":"/nwPUI9WlYtDmE5VO6eEFCfrNXWl.jpg","popularity":3.649828,"title":"Lord of War","video":false,"vote_average":6.8,"vote_count":500},{"adult":false,"backdrop_path":"/zme4RH7DVdRSGrTk7bNvcGGywAW.jpg","genre_ids":[27,53],"id":794,"original_language":"en","original_title":"The Omen","overview":"Immediately after their miscarriage, the US diplomat Robert Thorn adopts the newborn Damien without the knowledge of his wife. Yet what he doesn’t know is that their new son is the son of the devil. A classic horror film with Gregory Peck from 1976.","release_date":"1976-06-25","poster_path":"/uY14zS4Sm2DdvFXeczFKgLgkQUP.jpg","popularity":1.786991,"title":"The Omen","video":false,"vote_average":6.8,"vote_count":103},{"adult":false,"backdrop_path":"/n7VX5nsHUiQargJKVCJ5dcsa39o.jpg","genre_ids":[18],"id":11499,"original_language":"en","original_title":"Frost/Nixon","overview":"For three years after being forced from office, Nixon remained silent. But in summer 1977, the steely, cunning former commander-in-chief agreed to sit for one all-inclusive interview to confront the questions of his time in office and the Watergate scandal that ended his presidency. Nixon surprised everyone in selecting Frost as his televised confessor, intending to easily outfox the breezy British showman and secure a place in the hearts and minds of Americans. Likewise, Frost's team harboured doubts about their boss's ability to hold his own. But as the cameras rolled, a charged battle of wits resulted.","release_date":"2008-10-15","poster_path":"/qCs0Vc3QhyqRSDLCDinOai5CVT5.jpg","popularity":1.767681,"title":"Frost/Nixon","video":false,"vote_average":6.8,"vote_count":72},{"adult":false,"backdrop_path":"/dG7Booc7C2HoVmAZjqAzp2NcTGd.jpg","genre_ids":[18,878,53],"id":14337,"original_language":"en","original_title":"Primer","overview":"Friends/fledgling entrepreneurs invent a device in their garage that reduces the apparent mass of any object placed inside it, but they accidentally discover that it has some highly unexpected capabilities--ones that could enable them to do and to have seemingly anything they want.  Taking advantage of this unique opportunity is the first challenge they face.  Dealing with the consequences is the next.","release_date":"2004-10-08","poster_path":"/pYiAYDn3ltw9Fq7izODuq7oWYwX.jpg","popularity":1.876194,"title":"Primer","video":false,"vote_average":6.8,"vote_count":153},{"adult":false,"backdrop_path":"/aeR9Ek1q0oaHV1Ao8oEnxmxxwXg.jpg","genre_ids":[18,53],"id":127517,"original_language":"en","original_title":"Disconnect","overview":"Disconnect interweaves multiple storylines about people searching for human connection in today’s wired world. Through poignant turns that are both harrowing and touching, the stories intersect with surprising twists that expose a shocking reality into our daily use of technology that mediates and defines our relationships and ultimately our lives.","release_date":"2012-09-11","poster_path":"/kTLcEBTPzptlBP8auLRlK8KTKvV.jpg","popularity":1.795988,"title":"Disconnect","video":false,"vote_average":6.8,"vote_count":197},{"adult":false,"backdrop_path":"/AriZxZqpCTAShVSwTE87aC7EZZh.jpg","genre_ids":[35,18,10751],"id":788,"original_language":"en","original_title":"Mrs. Doubtfire","overview":"Loving but irresponsible dad Daniel Hillard, estranged from his exasperated spouse, is crushed by a court order allowing only weekly visits with his kids. When Daniel learns his ex needs a housekeeper, he gets the job -- disguised as an English nanny. Soon he becomes not only his children's best pal but the kind of parent he should have been from the start.","release_date":"1993-11-24","poster_path":"/eSz8308woe6oLyDu7UkrLK5gZDi.jpg","popularity":2.368834,"title":"Mrs. Doubtfire","video":false,"vote_average":6.8,"vote_count":375},{"adult":false,"backdrop_path":"/99aGSGxYHWnSdemNv1niGD8U99G.jpg","genre_ids":[28,53,80,9648],"id":33613,"original_language":"sv","original_title":"Luftslottet som sprängdes","overview":"After taking a bullet to the head, Salander is under close supervision in a hospital and is set to face trial for attempted murder on her eventual release. With the help of journalist Mikael Blomkvist and his researchers at Millennium magazine, Salander must prove her innocence. In doing this she plays against powerful enemies and her own past.","release_date":"2009-11-27","poster_path":"/npbvrALDJ48MjXec5ZELpYvaAGs.jpg","popularity":2.282726,"title":"The Girl Who Kicked the Hornet's Nest","video":false,"vote_average":6.8,"vote_count":180},{"adult":false,"backdrop_path":"/kgUVeWLZnBTmHwXORqOSVW5btTv.jpg","genre_ids":[12,18,28,10749],"id":146,"original_language":"zh","original_title":"Wo hu cang long","overview":"Two warriors in pursuit of a stolen sword and a notorious fugitive are led to an impetuous, physically-skilled, teenage nobleman's daughter, who is at a crossroads in her life.","release_date":"2000-10-01","poster_path":"/2D7kikHUHbecJGoRAspBYiqoxd6.jpg","popularity":2.733466,"title":"Crouching Tiger, Hidden Dragon","video":false,"vote_average":6.8,"vote_count":354},{"adult":false,"backdrop_path":"/dIF8r4OUVaRfy6O7mfIJjufEC9j.jpg","genre_ids":[35],"id":2295,"original_language":"en","original_title":"Clerks II","overview":"A calamity at Dante and Randall's shops sends them looking for new horizons - but they ultimately settle at Mooby's, a fictional Disney-McDonald's-style fast-food empire.","release_date":"2006-05-25","poster_path":"/luPEGTlN8egktVeomdf2nEap5SP.jpg","popularity":1.683631,"title":"Clerks II","video":false,"vote_average":6.8,"vote_count":108},{"adult":false,"backdrop_path":"/oZRsdp7H8ZIvo4ZH4IDOLpPjlMI.jpg","genre_ids":[18,27,10402],"id":13885,"original_language":"en","original_title":"Sweeney Todd: The Demon Barber of Fleet Street","overview":"The infamous story of Benjamin Barker, a.k.a Sweeney Todd, who sets up a barber shop down in London which is the basis for a sinister partnership with his fellow tenant, Mrs. Lovett. Based on the hit Broadway musical.","release_date":"2007-12-20","poster_path":"/mzvdTPcKYs1JsJrk2eVFNXQgSjg.jpg","popularity":2.392576,"title":"Sweeney Todd: The Demon Barber of Fleet Street","video":false,"vote_average":6.8,"vote_count":523},{"adult":false,"backdrop_path":"/xC9DRxpKgqJKDYLa9mkNa74eX4q.jpg","genre_ids":[28,12,18,36],"id":79,"original_language":"zh","original_title":"英雄","overview":"One man defeated three assassins who sought to murder the most powerful warlord in pre-unified China.","release_date":"2002-12-19","poster_path":"/xkJnow23eDxwQXB0iIWAWkBF47y.jpg","popularity":1.152754,"title":"Hero","video":false,"vote_average":6.8,"vote_count":199},{"adult":false,"backdrop_path":"/zpaTddJYsrQApEnWxe783DNhTqD.jpg","genre_ids":[80,18,53],"id":23168,"original_language":"en","original_title":"The Town","overview":"Doug MacRay is a longtime thief, who, smarter than the rest of his crew, is looking for his chance to exit the game. But when a bank job leads to the group kidnapping attractive branch manager Claire Keesey, he takes on the role of monitoring her, but their burgeoning relationship threatens to unveil the identities of Doug and his crew to FBI Agent Adam Frawley who is on their case.","release_date":"2010-09-15","poster_path":"/zX4fKmDXKGt4hlzhAJirdlRKFgO.jpg","popularity":2.889028,"title":"The Town","video":false,"vote_average":6.8,"vote_count":548},{"adult":false,"backdrop_path":"/a4LPY5nQD8MhFrNULzQkx3GQaGO.jpg","genre_ids":[35,37],"id":8366,"original_language":"de","original_title":"Der Schuh des Manitu","overview":"Abahachi, Chief of the Apache Indians, and his blood brother Ranger maintain peace and justice in the Wild West. One day, Abahachi needs to take up a credit from the Shoshone Indians to finance his tribe's new saloon. Unfortunately Santa Maria, who sold the saloon, betrays Abahachi, takes the money and leaves. Soon, the Shoshones are on the warpath to get their money back, and Abahachi is forced to organize it quickly.","release_date":"2001-07-11","poster_path":"/fbKhdhZzgDWLizfHA847FNW1saA.jpg","popularity":1.461893,"title":"Manitou's Shoe","video":false,"vote_average":6.8,"vote_count":50},{"adult":false,"backdrop_path":"/xATZyEpnZ0Z0iO9z5K8RZsraGKI.jpg","genre_ids":[878,18],"id":840,"original_language":"en","original_title":"Close Encounters of the Third Kind","overview":"After an encounter with UFOs, a line worker feels undeniably drawn to an isolated area in the wilderness where something spectacular is about to happen.","release_date":"1977-11-16","poster_path":"/3Av8ZPiMrxFq9XiOjZl0tkoq9Oo.jpg","popularity":2.550361,"title":"Close Encounters of the Third Kind","video":false,"vote_average":6.8,"vote_count":311},{"adult":false,"backdrop_path":"/l5Vmul3jIWUNvnpKs3hiyQWTK7Z.jpg","genre_ids":[80,18,53],"id":50348,"original_language":"en","original_title":"The Lincoln Lawyer","overview":"A lawyer conducts business from the back of his Lincoln town car while representing a high-profile client in Beverly Hills.","release_date":"2011-03-18","poster_path":"/bTXtxFUyqQ6T9FRa3ajSdMtwnAj.jpg","popularity":2.692945,"title":"The Lincoln Lawyer","video":false,"vote_average":6.8,"vote_count":351},{"adult":false,"backdrop_path":"/jjAq3tCezdlQduusgtMhpY2XzW0.jpg","genre_ids":[28,12,14],"id":49051,"original_language":"en","original_title":"The Hobbit: An Unexpected Journey","overview":"Bilbo Baggins, a hobbit enjoying his quiet life, is swept into an epic quest by Gandalf the Grey and thirteen dwarves who seek to reclaim their mountain home from Smaug, the dragon.","release_date":"2012-12-14","poster_path":"/h1XjBJoWdOh8aegBoVYKgABQZSL.jpg","popularity":5.499498,"title":"The Hobbit: An Unexpected Journey","video":false,"vote_average":6.8,"vote_count":5281},{"adult":false,"backdrop_path":"/wZ2u6C7Fw0DahC3Ilr3judpDWYO.jpg","genre_ids":[28,80,18,9648,53],"id":7485,"original_language":"en","original_title":"Shooter","overview":"A marksman living in exile is coaxed back into action after learning of a plot to kill the president. Ultimately double-crossed and framed for the attempt, he goes on the run to track the real killer and find out who exactly set him up, and why.","release_date":"2007-03-22","poster_path":"/wCZv0lNx58sfuLT698RYYJVEeTr.jpg","popularity":2.68069,"title":"Shooter","video":false,"vote_average":6.8,"vote_count":538},{"adult":false,"backdrop_path":"/iPe4WUji9iSbdTIzY4nNpoyHaiZ.jpg","genre_ids":[18,10749,35],"id":9454,"original_language":"en","original_title":"EverAfter","overview":"A unique 16th century woman, Danielle possesses a love of books, and can easily quote from Sir Thomas More’s Utopia. An intriguing mix of tomboyish athleticism and physical beauty, she has more than enough charm to capture the heart of a prince ... after beaning him with an apple.","release_date":"1998-07-31","poster_path":"/1ELrosU04wEbfmxK9wLBjdEECqm.jpg","popularity":1.805028,"title":"Ever After: A Cinderella Story","video":false,"vote_average":6.8,"vote_count":132},{"adult":false,"backdrop_path":"/yUztTrOARxj1lgcPyrSCeGWigZO.jpg","genre_ids":[27,53,878],"id":170,"original_language":"en","original_title":"28 Days Later...","overview":"Twenty-eight days after a killer virus was accidentally unleashed from a British research facility, a small group of London survivors are caught in a desperate struggle to protect themselves from the infected. Carried by animals and humans, the virus turns those it infects into homicidal maniacs -- and it's absolutely impossible to contain.","release_date":"2002-11-01","poster_path":"/xaYdxi1PBEAYvqknvAmMPK5Eff3.jpg","popularity":3.22481,"title":"28 Days Later...","video":false,"vote_average":6.8,"vote_count":612}],"total_pages":180,"total_results":3596}
