{"page":116,"results":[{"adult":false,"backdrop_path":"/cOUnJk61xWbhosPMrMWZmvag1NS.jpg","genre_ids":[878,28,12],"id":1724,"original_language":"en","original_title":"The Incredible Hulk","overview":"Scientist Bruce Banner scours the planet for an antidote to the unbridled force of rage within him: the Hulk. But when the military masterminds who dream of exploiting his powers force him back to civilization, he finds himself coming face to face with a new, deadly foe.","release_date":"2008-06-13","poster_path":"/qTghl3lO8PhmIxkf8eN5WQQefHI.jpg","popularity":3.793267,"title":"The Incredible Hulk","video":false,"vote_average":6.1,"vote_count":1253},{"adult":false,"backdrop_path":"/eZUssnnFeSO4naHJC400PbiL58f.jpg","genre_ids":[53,28,35,80],"id":11001,"original_language":"en","original_title":"Blue Streak","overview":"Miles Logan is a jewel thief who just hit the big time by stealing a huge diamond. However, after two years in jail, he comes to find out that he hid the diamond in a police building that was being built at the time of the robbery. In an attempt to regain his diamond, he poses as a LAPD detective","release_date":"1999-09-17","poster_path":"/czfw7EkBCK6SD1pBH0eheo1qPx9.jpg","popularity":2.953521,"title":"Blue Streak","video":false,"vote_average":6.1,"vote_count":119},{"adult":false,"backdrop_path":"/7xNMV50JJxBeATjJYXaXN7MkmiI.jpg","genre_ids":[35],"id":1624,"original_language":"en","original_title":"Liar Liar","overview":"Fletcher Reede is a fast-talking attorney and habitual liar. When his son Max blows out the candles on his fifth birthday he has just one wish - that his dad will stop lying for 24 hours. When Max's wish comes true, Fletcher discovers that his mouth has suddenly become his biggest liability.","release_date":"1997-03-21","poster_path":"/qd8VcWKrE4cNfInl9Osb8o8h9KP.jpg","popularity":2.515107,"title":"Liar Liar","video":false,"vote_average":6.1,"vote_count":467},{"adult":false,"backdrop_path":"/h0jrxKeDXS6VKnUnJayXLTo6PDx.jpg","genre_ids":[53,80,27],"id":184346,"original_language":"en","original_title":"Deliver Us from Evil","overview":"New York police officer Ralph Sarchie investigates a series of crimes. He joins forces with an unconventional priest, schooled in the rites of exorcism, to combat the possessions that are terrorizing their city.","release_date":"2014-07-02","poster_path":"/iI0FjaQcFGMlBClEGdMzTkOsOcP.jpg","popularity":1.881981,"title":"Deliver Us from Evil","video":false,"vote_average":6.1,"vote_count":295},{"adult":false,"backdrop_path":"/hSvpWAVXC781u5rOgI44799p2WL.jpg","genre_ids":[80,28,53],"id":254904,"original_language":"en","original_title":"The November Man","overview":"An ex- CIA operative is brought back in on a very personal mission and finds himself pitted against his former pupil in a deadly game involving high level CIA officials and the Russian president-elect.","release_date":"2014-08-27","poster_path":"/lcg1bkriMVvc8m0jz5zk0yvzVTA.jpg","popularity":6.478657,"title":"The November Man","video":false,"vote_average":6.1,"vote_count":296},{"adult":false,"backdrop_path":"/xBfMjt9pWFgOnimkvutRUf02GXf.jpg","genre_ids":[28,18,53],"id":11128,"original_language":"en","original_title":"Ladder 49","overview":"Under the watchful eye of his mentor Captain Mike Kennedy, probationary firefighter Jack Morrison matures into a seasoned veteran at a Baltimore fire station. Jack has reached a crossroads, however, as the sacrifices he's made have put him in harm's way innumerable times and significantly impacted his relationship with his wife and kids.","release_date":"2004-10-01","poster_path":"/opgPMSdkXsTOB5W169VlivKyaZQ.jpg","popularity":0.411298,"title":"Ladder 49","video":false,"vote_average":6.1,"vote_count":61},{"adult":false,"backdrop_path":"/ucszRdVFulPjbq27Wy1QSS9p7PP.jpg","genre_ids":[28,878,53],"id":1738,"original_language":"en","original_title":"Next","overview":"A Las Vegas magician who can see into the future is pursued by FBI agents seeking to use his abilities to prevent a nuclear terrorist attack.","release_date":"2007-04-26","poster_path":"/dPHxHzdL5P3LYnQgdyQjTfTQwoW.jpg","popularity":1.414333,"title":"Next","video":false,"vote_average":6.1,"vote_count":262},{"adult":false,"backdrop_path":"/pSgrMs66D3Yv0vIAlajMC7pKYR0.jpg","genre_ids":[35,10749],"id":6961,"original_language":"en","original_title":"The Wedding Date","overview":"Kat Ellis is a single New Yorker who returns to her parents' house in London to be the maid of honor at her younger half sister's wedding. She is dismayed to discover that the best man is none other than her former fiancé, who unceremoniously dumped her two years ago. Anxious about confronting him and eager to impress him, she hires debonair male escort Nick Mercer to pose as her boyfriend.","release_date":"2005-02-04","poster_path":"/vggxK7k3HFXEHX8Bfvt3TVt7sAp.jpg","popularity":1.932993,"title":"The Wedding Date","video":false,"vote_average":6.1,"vote_count":53},{"adult":false,"backdrop_path":"/oaLqlJxt8TJSjsdfMpSkLexZ4l5.jpg","genre_ids":[10402,35],"id":2005,"original_language":"en","original_title":"Sister Act","overview":"A Reno singer witnesses a mob murder and the cops stash her in a nunnery to protect her from the hitmen. The mother superior does not trust her, and takes steps to limit her influence on the other nuns. Eventually the singer rescues the failing choir and begins helping with community projects, which gets her an interview on TV.","release_date":"1992-05-28","poster_path":"/7wQxLtybiUbtC6tsJh9htFEmqq3.jpg","popularity":1.402267,"title":"Sister Act","video":false,"vote_average":6.1,"vote_count":143},{"adult":false,"backdrop_path":"/5O2FnVv3KScTcvFqam7OfFlSJS3.jpg","genre_ids":[80,12,28,35,878],"id":817,"original_language":"en","original_title":"Austin Powers: The Spy Who Shagged Me","overview":"When diabolical genius Dr. Evil travels back in time to steal superspy Austin Powers's \"mojo,\" Austin must return to the swingin' '60s himself -- with the help of American agent Felicity Shagwell -- to stop the dastardly plan. Once there, Austin faces off against Dr. Evil's army of minions and saves the world in his own unbelievably groovy way.","release_date":"1999-06-08","poster_path":"/yhg0l1Ddd2thQOSUUQx9jBrGI12.jpg","popularity":2.999714,"title":"Austin Powers: The Spy Who Shagged Me","video":false,"vote_average":6.1,"vote_count":326},{"adult":false,"backdrop_path":"/p3AEFdhqbqK9ujNUw6ajfLKkfMQ.jpg","genre_ids":[12,28,53,80],"id":8987,"original_language":"en","original_title":"The River Wild","overview":"While on a family vacation, Meryl Streep takes on a pair of armed killers (led by Kevin Bacon) while navigating a spectacularly violent river.","release_date":"1994-09-30","poster_path":"/8NFAQxZud5Kisw1sd9WxfBG54.jpg","popularity":1.467282,"title":"The River Wild","video":false,"vote_average":6.1,"vote_count":56},{"adult":false,"backdrop_path":"/lYTimGLaSjxZPiyoJjg3fHeCj5D.jpg","genre_ids":[12,18,10749,37],"id":11259,"original_language":"en","original_title":"Far and Away","overview":"A young man (Cruise) leaves Ireland with his landlord's daughter (Kidman) after some trouble with her father, and they dream of owning land at the big giveaway in Oklahoma ca. 1893. When they get to the new land, they find jobs and begin saving money. The man becomes a local barehands boxer, and rides in glory until he is beaten, then his employers steal all the couple's money and they must fight off starvation in the winter, and try to keep their dream of owning land alive. Meanwhile, the woman's parents find out where she has gone and have come to America to find her and take her back.","release_date":"1992-05-22","poster_path":"/yNdfm55jkgFk1IeAqxSEPFDPR5x.jpg","popularity":1.668598,"title":"Far and Away","video":false,"vote_average":6.1,"vote_count":76},{"adult":false,"backdrop_path":"/tkdgoNMc0yaQnsCPYZms6zMT8nN.jpg","genre_ids":[878,28,12,53],"id":157,"original_language":"en","original_title":"Star Trek III: The Search for Spock","overview":"Admiral Kirk and his bridge crew risk their careers stealing the decommissioned Enterprise to return to the restricted Genesis planet to recover Spock's body.","release_date":"1984-05-31","poster_path":"/6uwPD03ASHhJryFY5yp3XTDq4aR.jpg","popularity":2.218703,"title":"Star Trek III: The Search for Spock","video":false,"vote_average":6.1,"vote_count":152},{"adult":false,"backdrop_path":"/xIisiN3GxiOMpYQOYarzWlgpDNT.jpg","genre_ids":[28,12,18,9648,10749,14],"id":123553,"original_language":"en","original_title":"The Mortal Instruments: City of Bones","overview":"In New York City, Clary Fray, a seemingly ordinary teenager, learns that she is descended from a line of Shadowhunters — half-angel warriors who protect humanity from evil forces. After her mother disappears, Clary joins forces with a group of Shadowhunters and enters Downworld, an alternate realm filled with demons, vampires, and a host of other creatures. Clary and her companions must find and protect an ancient cup that holds the key to her mother's future.","release_date":"2013-08-21","poster_path":"/rgq2nlpYljGzoiCe8cJM3nhDSxT.jpg","popularity":3.506678,"title":"The Mortal Instruments: City of Bones","video":false,"vote_average":6.1,"vote_count":534},{"adult":false,"backdrop_path":"/oplJNCsJhBPGhANhHp9uTpwWpx.jpg","genre_ids":[18,9648,53,10752],"id":10684,"original_language":"en","original_title":"Courage Under Fire","overview":"A US Army officer had made a \"friendly fire\" mistake that was covered up and he was reassigned to a desk job. Later he was tasked to investigate a female chopper commander's worthiness to be awarded the Medal of Honor posthumously. At first all seemed in order then he begins to notice inconsistencies between the testimonies of the witnesses....","release_date":"1996-07-04","poster_path":"/lPAzGRgc2afaGsYwFX7Iez8gzmq.jpg","popularity":0.571531,"title":"Courage Under Fire","video":false,"vote_average":6.1,"vote_count":67},{"adult":false,"backdrop_path":"/9u0BWsv2Hz4dI3reXRNWCOdps6r.jpg","genre_ids":[53,28,18,10402,10749],"id":619,"original_language":"en","original_title":"The Bodyguard","overview":"A former Secret Service agent grudgingly takes an assignment to protect a pop idol who's threatened by a crazed fan. At first, the safety-obsessed bodyguard and the self-indulgent diva totally clash. But before long, all that tension sparks fireworks of another sort, and the love-averse tough guy is torn between duty and romance.","release_date":"1992-11-25","poster_path":"/cbUiIu4357JQ4FBCtRJovHNv1gi.jpg","popularity":2.108245,"title":"The Bodyguard","video":false,"vote_average":6.1,"vote_count":173},{"adult":false,"backdrop_path":"/4PCuizEFMmIp2eNC66qj5bHfp3w.jpg","genre_ids":[28,53],"id":3595,"original_language":"en","original_title":"Ransom","overview":"When a rich man's son is kidnapped, he cooperates with the police at first but then tries a unique tactic against the criminals.","release_date":"1996-11-08","poster_path":"/96pdw2qcx4g25vZLywNi4XRQVqm.jpg","popularity":0.956918,"title":"Ransom","video":false,"vote_average":6.1,"vote_count":117},{"adult":false,"backdrop_path":"/460905or2cCiaG93csoIUBBMwYq.jpg","genre_ids":[28,35,53],"id":7288,"original_language":"en","original_title":"Duplex","overview":"When a young couple buys their dream home, they have no idea what the sweet little old lady upstairs is going to put them through!","release_date":"2003-09-26","poster_path":"/rFtYcCd21ML6s0EuGMEuojFvz3B.jpg","popularity":0.565968,"title":"Duplex","video":false,"vote_average":6.1,"vote_count":108},{"adult":false,"backdrop_path":"/jCpaC069FnQJJd9q6Jw8K1dHN6s.jpg","genre_ids":[28,12,53],"id":11678,"original_language":"en","original_title":"Vertical Limit","overview":"Trapped near the summit of K2, the world's second-highest mountain, Annie Garrett radios to base camp for help. Brother Peter hears Annie's message and assembles a team to save her and her group before they succumb to K2's unforgiving elements. But, as Annie lays injured in an icy cavern, the rescuers face several terrifying events that could end the rescue attempt -- and their lives.","release_date":"2000-12-08","poster_path":"/LYRvXwqgQGJoaxb8bB8i46X9wp.jpg","popularity":0.862017,"title":"Vertical Limit","video":false,"vote_average":6.1,"vote_count":69},{"adult":false,"backdrop_path":"/avv35YJ1Qd8OaGjON8Fbp3uqsHV.jpg","genre_ids":[10751,16],"id":10567,"original_language":"en","original_title":"Dinosaur","overview":"An orphaned dinosaur raised by lemurs joins an arduous trek to a sancturary after a meteorite shower destroys his family home.","release_date":"2000-05-19","poster_path":"/jZDp3C5howi40aCeqXDJliodXk9.jpg","popularity":2.881894,"title":"Dinosaur","video":false,"vote_average":6.1,"vote_count":148}],"total_pages":180,"total_results":3596}
