{"page":72,"results":[{"adult":false,"backdrop_path":"/xfZzaR3YlElrCoBnFGBFt0oB12E.jpg","genre_ids":[35],"id":2171,"original_language":"en","original_title":"Wet Hot American Summer","overview":"The setting is Camp Firewood, the year 1981. It's the last day before everyone goes back to the real world, but there's still a summer's worth of unfinished business to resolve. At the center of the action is camp director Beth, who struggles to keep order while she falls in love with the local astrophysics professor. He is busy trying to save the camp from a deadly piece of NASA's Skylab which is hurtling toward earth. All that, plus: a dangerous waterfall rescue, love triangles, misfits, cool kids, and talking vegetable cans. The questions will all be resolved, of course, at the big talent show at the end of the day.","release_date":"2001-07-27","poster_path":"/2fu0uOi3h0lcXbjDfea9hzedKTq.jpg","popularity":0.721953,"title":"Wet Hot American Summer","video":false,"vote_average":6.5,"vote_count":68},{"adult":false,"backdrop_path":"/nPrOZA419yOPG0MVI8I9w70AtZj.jpg","genre_ids":[37],"id":2055,"original_language":"en","original_title":"Open Range","overview":"A former gunslinger is forced to take up arms again when he and his cattle crew are threatened by a corrupt lawman.","release_date":"2003-08-29","poster_path":"/qMxKzKHi4HfmBzHJB5NZtquLctn.jpg","popularity":1.633095,"title":"Open Range","video":false,"vote_average":6.5,"vote_count":68},{"adult":false,"backdrop_path":"/1edydp18PYIaihYLfG52e3v9jwQ.jpg","genre_ids":[18],"id":1900,"original_language":"en","original_title":"Traffic","overview":"An exploration of the United States of America's war on drugs from multiple perspectives. For the new head of the Office of National Drug Control Policy, the war becomes personal when he discovers his well-educated daughter is abusing cocaine within their comfortable suburban home. In Mexico, a flawed, but noble policeman agrees to testify against a powerful general in league with a cartel, and in San Diego, a drug kingpin's sheltered trophy wife must learn her husband's ruthless business after he is arrested, endangering her luxurious lifestyle.","release_date":"2000-12-27","poster_path":"/9qPLd5hdXIlrAyknVWK38eZyUMo.jpg","popularity":1.907413,"title":"Traffic","video":false,"vote_average":6.5,"vote_count":166},{"adult":false,"backdrop_path":"/nvZVu6inpwLHKqRXZhye3S4uqei.jpg","genre_ids":[28,35,878],"id":257344,"original_language":"en","original_title":"Pixels","overview":"Video game experts are recruited by the military to fight 1980s-era video game characters who've attacked New York.","release_date":"2015-07-24","poster_path":"/ktyVmIqfoaJ8w0gDSZyjhhOPpD6.jpg","popularity":13.361472,"title":"Pixels","video":false,"vote_average":6.5,"vote_count":196},{"adult":false,"backdrop_path":"/kwsnFHKEkqlREvEl2RNvxGmEbFt.jpg","genre_ids":[28,80,878,53],"id":754,"original_language":"en","original_title":"Face/Off","overview":"An antiterrorism agent goes under the knife to acquire the likeness of a terrorist and gather details about a bombing plot. When the terrorist escapes custody, he undergoes surgery to look like the agent so he can get close to the agent's family.","release_date":"1997-06-26","poster_path":"/q1i8QHiHZ1cukG5iOxai8pydmoa.jpg","popularity":4.299965,"title":"Face/Off","video":false,"vote_average":6.5,"vote_count":611},{"adult":false,"backdrop_path":"/5jQBVgdf0FWdzfBnjD7QmLRFsEi.jpg","genre_ids":[18,27,9648,53],"id":9913,"original_language":"en","original_title":"The Skeleton Key","overview":"A hospice nurse working at a spooky New Orleans plantation home finds herself entangled in a mystery involving the house's dark past.","release_date":"2005-07-29","poster_path":"/kP7s8PGey0E36JaFoFq2d3gRKNY.jpg","popularity":2.126979,"title":"The Skeleton Key","video":false,"vote_average":6.5,"vote_count":157},{"adult":false,"backdrop_path":"/jYLh4mdOqkt30i7LTFs3o02UcGF.jpg","genre_ids":[28,12,14,878],"id":49521,"original_language":"en","original_title":"Man of Steel","overview":"A young boy learns that he has extraordinary powers and is not of this earth. As a young man, he journeys to discover where he came from and what he was sent here to do. But the hero in him must emerge if he is to save the world from annihilation and become the symbol of hope for all mankind.","release_date":"2013-06-14","poster_path":"/xWlaTLnD8NJMTT9PGOD9z5re1SL.jpg","popularity":4.549312,"title":"Man of Steel","video":false,"vote_average":6.5,"vote_count":3564},{"adult":false,"backdrop_path":"/m3xgF9JiTlfN1rO9hcvTd4PTIQy.jpg","genre_ids":[12,16,28,10751,9648],"id":17578,"original_language":"en","original_title":"The Adventures of Tintin","overview":"Intrepid young reporter Tintin and his loyal dog Snowy are thrust into a world of high adventure when they discover a ship carrying an explosive secret. As Tintin is drawn into a centuries-old mystery, Ivan Ivanovitch Sakharine suspects him of stealing a priceless treasure. Tintin and Snowy, with the help of salty, cantankerous Captain Haddock, and bumbling detectives Thompson &amp; Thomson, travel half the world, one step ahead of their enemies as Tintin endeavors to find The Unicorn, a sunken ship that may hold a vast fortune, but also an ancient curse.","release_date":"2011-12-20","poster_path":"/bDE10SyVAFEBrwI6qettdCHQjT.jpg","popularity":4.04017,"title":"The Adventures of Tintin","video":false,"vote_average":6.5,"vote_count":1006},{"adult":false,"backdrop_path":"/aUTWjvYrIl1ssc1QQje91WaqbZ4.jpg","genre_ids":[28,18,36,53,10752],"id":13813,"original_language":"en","original_title":"Defiance","overview":"During World War II, four Jewish brothers escape their Nazi-occupied homeland of West Belarus in Poland and join the Soviet partisans to combat the Nazis. The brothers begin the rescue of roughly 1,200 Jews still trapped in the ghettos of Poland. Based on a true story.","release_date":"2008-12-31","poster_path":"/ArY2fs0nK6DbrCKrxaMeCTVRZ0i.jpg","popularity":2.531596,"title":"Defiance","video":false,"vote_average":6.5,"vote_count":177},{"adult":false,"backdrop_path":"/8xK6vXJtwcmMNE9t2VawDU2pfTn.jpg","genre_ids":[28,12,35,878],"id":607,"original_language":"en","original_title":"Men in Black","overview":"Men in Black follows the exploits of agents Kay and Jay, members of a top-secret organization established to monitor and police alien activity on Earth. The two Men in Black find themselves in the middle of the deadly plot by an intergalactic terrorist who has arrived on Earth to assassinate two ambassadors from opposing galaxies. In order to prevent worlds from colliding, the MiB must track down the terrorist and prevent the destruction of Earth. It's just another typical day for the Men in Black.","release_date":"1997-07-02","poster_path":"/f24UVKq3UiQWLqGWdqjwkzgB8j8.jpg","popularity":2.715536,"title":"Men in Black","video":false,"vote_average":6.5,"vote_count":1811},{"adult":false,"backdrop_path":"/vimLj0rb8jkSKaXDaCMrVqJ7VhT.jpg","genre_ids":[12,16,35,10751],"id":533,"original_language":"en","original_title":"Wallace & Gromit: The Curse of the Were-Rabbit","overview":"Cheese-loving eccentric Wallace and his cunning canine pal, Gromit, investigate a mystery in Nick Park's animated adventure, in which the lovable inventor and his intrepid pup run a business ridding the town of garden pests. Using only humane methods that turn their home into a halfway house for evicted vermin, the pair stumble upon a mystery involving a voracious vegetarian monster that threatens to ruin the annual veggie-growing contest.","release_date":"2005-10-14","poster_path":"/tLryx0x9TDV5rifA9W8yUvDZFHB.jpg","popularity":0.734409,"title":"Wallace & Gromit: The Curse of the Were-Rabbit","video":false,"vote_average":6.5,"vote_count":195},{"adult":false,"backdrop_path":"/cupcRgJAmvQg564ezasw81W4MYy.jpg","genre_ids":[28,14,53],"id":9741,"original_language":"en","original_title":"Unbreakable","overview":"An ordinary man makes an extraordinary discovery when a train accident leaves his fellow passengers dead -- and him unscathed. Is he truly unbreakable? The answer could lie with the mysterious Elijah Price, a man who suffers from a disease that renders his bones as fragile as glass.","release_date":"2000-11-13","poster_path":"/pvL37V88plePxFSszCbV3wRHiBm.jpg","popularity":2.886432,"title":"Unbreakable","video":false,"vote_average":6.5,"vote_count":424},{"adult":false,"backdrop_path":"/43GrPpAeBUOvOCZ8L1A3MLuDnkc.jpg","genre_ids":[35],"id":193893,"original_language":"en","original_title":"Let's Be Cops","overview":"It's the ultimate buddy cop movie except for one thing: they're not cops.  When two struggling pals dress as police officers for a costume party, they become neighborhood sensations.  But when these newly-minted “heroes” get tangled in a real life web of mobsters and dirty detectives, they must put their fake badges on the line.","release_date":"2014-08-13","poster_path":"/8GVU8AaYpxiIS462SZgAtjh02pm.jpg","popularity":5.875127,"title":"Let's Be Cops","video":false,"vote_average":6.5,"vote_count":534},{"adult":false,"backdrop_path":"/fztkRpVydDJKSo07oEdqOYTZF1q.jpg","genre_ids":[28,18,12,10752],"id":11165,"original_language":"en","original_title":"Tora! Tora! Tora!","overview":"In the summer of 1941, the United States and Japan seem on the brink of war after constant embargos and failed diplomacy come to no end. \"Tora! Tora! Tora!\", named after the code words use by the lead Japanese pilot to indicate they had surprised the Americans, covers the days leading up to the attack on Pearl Harbor, which plunged America into the Second World War.","release_date":"1970-09-23","poster_path":"/vBxZpSulJCNNH5VonyUjZHaDJek.jpg","popularity":1.932778,"title":"Tora! Tora! Tora!","video":false,"vote_average":6.5,"vote_count":67},{"adult":false,"backdrop_path":"/1DfcGAQ4EVIZFnveo1IzHFtgFTS.jpg","genre_ids":[16,14,10751],"id":175112,"original_language":"en","original_title":"The Pirate Fairy","overview":"When a misunderstood dust-keeper fairy named Zarina steals Pixie Hollow's all-important Blue Pixie Dust and flies away to join forces with the pirates of Skull Rock, Tinker Bell and her fairy friends must embark on the adventure of a lifetime to return it to its rightful place.","release_date":"2014-04-01","poster_path":"/pns2xlF55VQEbHkEbPlCNQKLjMh.jpg","popularity":3.540121,"title":"The Pirate Fairy","video":false,"vote_average":6.5,"vote_count":102},{"adult":false,"backdrop_path":"/fNsWLoZUdOhRriHS5AHcbb4n3da.jpg","genre_ids":[18,10749],"id":42297,"original_language":"en","original_title":"Burlesque","overview":"The Burlesque Lounge has its best days behind it. Tess, a retired dancer and owner of the venue, struggles to keep the aging theater alive, facing all kinds of financial and artistic challenges. With the Lounge's troupe members becoming increasingly distracted by personal problems and a threat coming from a wealthy businessman's quest to buy the spot from Tess, the good fortune seems to have abandoned the club altogether. Meanwhile, the life of Ali, a small-town girl from Iowa, is about to change dramatically. Hired by Tess as a waitress at the Lounge, Ali escapes a hollow past and quickly falls in love with the art of burlesque. Backed by newfound friends amongst the theater's crew, she manages to fulfill her dreams of being on stage herself. Things take a dramatic turn though when Ali's big voice makes her become the main attraction of the revue","release_date":"2010-11-23","poster_path":"/j7AwTMAauPuwO8mixpU6SSPuPeZ.jpg","popularity":2.868228,"title":"Burlesque","video":false,"vote_average":6.5,"vote_count":156},{"adult":false,"backdrop_path":"/pNqdW8zVhgs7vioK3NaLEqYs3Fk.jpg","genre_ids":[18,36],"id":192136,"original_language":"en","original_title":"Mandela: Long Walk to Freedom","overview":"A chronicle of Nelson Mandela's life journey from his childhood in a rural village through to his inauguration as the first democratically elected president of South Africa.","release_date":"2013-12-25","poster_path":"/dFebwt45Tyfb49SiQPZMelRKIjj.jpg","popularity":0.805313,"title":"Mandela: Long Walk to Freedom","video":false,"vote_average":6.5,"vote_count":110},{"adult":false,"backdrop_path":"/edoD5Yt1jCeUqfxJmW2Yi1lwpvc.jpg","genre_ids":[35,10751,18],"id":9820,"original_language":"en","original_title":"The Parent Trap","overview":"Hallie Parker and Annie James are identical twins separated at a young age because of their parents' divorce. unknowingly to their parents, the girls are sent to the same summer camp where they meet, discover the truth about themselves, and then plot with each other to switch places. Hallie meets her mother, and Annie meets her father for the first time in years.","release_date":"1998-07-29","poster_path":"/7vR4e3ga3mdSEpYe8kMeUv3mgND.jpg","popularity":2.038927,"title":"The Parent Trap","video":false,"vote_average":6.5,"vote_count":185},{"adult":false,"backdrop_path":"/2SmriSA5l4WE40KnZ8mA0GuqtEJ.jpg","genre_ids":[878,12],"id":168,"original_language":"en","original_title":"Star Trek IV: The Voyage Home","overview":"Fugitives of the Federation for their daring rescue of Spock from the doomed Genesis Planet, Admiral Kirk (William Shatner) and his crew begin their journey home to face justice for their actions. But as they near Earth, they find it at the mercy of a mysterious alien presence whose signals are slowly destroying the planet. In a desperate attempt to answer the call of the probe, Kirk and his crew race back to the late twentieth century. However they soon find the world they once knew to be more alien than anything they've encountered in the far reaches of the galaxy!","release_date":"1986-11-25","poster_path":"/62nATuMKuaLhd5VHKumHOrJnCZa.jpg","popularity":2.219233,"title":"Star Trek IV: The Voyage Home","video":false,"vote_average":6.5,"vote_count":188},{"adult":false,"backdrop_path":"/w8wOF8n52L3npxj3cBYejoc2Zkj.jpg","genre_ids":[35,18],"id":2609,"original_language":"en","original_title":"Planes, Trains and Automobiles","overview":"A man must struggle to travel home for Thanksgiving, with an obnoxious slob of a shower ring salesman his only companion.","release_date":"1987-11-26","poster_path":"/9ocp6pKCauo8HiLcJcEC82VmuRk.jpg","popularity":1.724053,"title":"Planes, Trains and Automobiles","video":false,"vote_average":6.5,"vote_count":158}],"total_pages":180,"total_results":3596}
