{"page":147,"results":[{"adult":false,"backdrop_path":"/4fLG140YT6DX3rmqIX4OfBqym2o.jpg","genre_ids":[28,53],"id":6623,"original_language":"en","original_title":"The Peacemaker","overview":"When a train carrying atomic warheads mysteriously crashes in the former Soviet Union, a nuclear specialist discovers the accident is really part of a plot to cover up the theft of the weapons. Assigned to help her recover the missing bombs is a crack Special Forces Colonel.","release_date":"1997-09-26","poster_path":"/1yemGzqs99QAWuwm6lR5wMH0Xn0.jpg","popularity":2.341145,"title":"The Peacemaker","video":false,"vote_average":5.6,"vote_count":65},{"adult":false,"backdrop_path":"/pHPi34ysBhhLVM9LVKwJ0nJPFqN.jpg","genre_ids":[27],"id":6466,"original_language":"en","original_title":"Freddy vs. Jason","overview":"Evil dream-demon Freddy Krueger devises a plan to manipulate the unstoppable Jason Vorhees into hacking up the teenagers of Elm Street in an effort to make people remember the name Freddy Krueger, thus freeing him from limbo.","release_date":"2003-08-13","poster_path":"/smD9JEIKuvsllgjgrGTOzzbATeN.jpg","popularity":2.818961,"title":"Freddy vs. Jason","video":false,"vote_average":5.6,"vote_count":192},{"adult":false,"backdrop_path":"/QQshZZ3msRB1n4c9JQldVKUvx0.jpg","genre_ids":[18,9648,53,10749],"id":13944,"original_language":"en","original_title":"Passengers","overview":"After a plane crash, a young therapist, Claire, is assigned by her mentor to counsel the flight's five survivors. When they share their recollections of the incident -- which some say include an explosion that the airline claims never happened -- Claire is intrigued by Eric, the most secretive of the passengers","release_date":"2008-10-23","poster_path":"/fGI0FFre8W454JqHgexV6zDWC9H.jpg","popularity":1.927146,"title":"Passengers","video":false,"vote_average":5.6,"vote_count":55},{"adult":false,"backdrop_path":"/pOKpILmjJ4m3ljGFeC3wkWPpZr4.jpg","genre_ids":[18,35,10402,10749,10751],"id":11887,"original_language":"en","original_title":"High School Musical 3: Senior Year","overview":"It's almost graduation day for high school seniors Troy, Gabriella, Sharpay, Chad, Ryan and Taylor ― and the thought of heading off in separate directions after leaving East High has these Wildcats thinking they need to do something they'll remember forever. Together with the rest of the Wildcats, they stage a spring musical reflecting their hopes and fears about the future and their unforgettable experiences growing up together. But with graduation approaching and college plans in question, what will become of the dreams, romances, and friendships of East High's senior Wildcats?","release_date":"2008-10-22","poster_path":"/ewZpH2QIfPQ0VIn9lPf7MHbLbl4.jpg","popularity":2.020623,"title":"High School Musical 3: Senior Year","video":false,"vote_average":5.6,"vote_count":183},{"adult":false,"backdrop_path":"/tcaJNtDbJCuFuOYo29KLtI68hRs.jpg","genre_ids":[35,10749],"id":4806,"original_language":"en","original_title":"Runaway Bride","overview":"Ike Graham, New York columnist, writes his text always at the last minute. This time, a drunken man in his favourite bar tells Ike about Maggie Carpenter, a woman who always flees from her grooms in the last possible moment. Ike, who does not have the best opinion about females anyway, writes an offensive column without researching the subject thoroughly.","release_date":"1999-07-30","poster_path":"/5DN9BWdj45b9e31nWaLJceAGFR3.jpg","popularity":0.650734,"title":"Runaway Bride","video":false,"vote_average":5.6,"vote_count":121},{"adult":false,"backdrop_path":"/hJ7zcIAxY3cfavFmsfz2JetRQ1x.jpg","genre_ids":[16,12,14,10751],"id":42949,"original_language":"fr","original_title":"Arthur et la guerre des deux mondes","overview":"Maltazard, the Evil M, is now 7 feet tall and evolving among the humans, causing terror wherever he goes. His goal is simple: forming an army of giant henchmen and ruling over the universe. Meanwhile, Arthur is still a Minimoy, and thus in a state where he's unable to fend him off. With the help of Selenia and Betameche, he hatches a plan to regain his usual size: all they must do is infiltrate Arthur's house through the pipeworks, catch an electric train from his bedroom to his grandfather's study and find an elixir that will make him grow back to his human size. Sounds simple enough, if it weren't for Darkos, Maltazard's own son, hot on their tails.","release_date":"2010-10-13","poster_path":"/cxVwoOth4oRhASGKTvPuSRiVxP9.jpg","popularity":2.455255,"title":"Arthur 3: The War of the Two Worlds","video":false,"vote_average":5.6,"vote_count":60},{"adult":false,"backdrop_path":"/lshpN0UfiHqan1G9HalSUQVTJdJ.jpg","genre_ids":[27],"id":1691,"original_language":"en","original_title":"Hostel: Part II","overview":"4 beautiful college students are tricked into entering a hostel where the 'hosts' like to torture, rape and murder. Following a geographical tour of Slovakia, three women are lured into a hostel by a handsome young man who sells them to the twisted masters, who tie them up and bring upon an unthinkable world of pain","release_date":"2007-06-08","poster_path":"/fRRjGgHCh6dWvRn1wSbv2VMO6JL.jpg","popularity":2.24945,"title":"Hostel: Part II","video":false,"vote_average":5.6,"vote_count":112},{"adult":false,"backdrop_path":"/mJP6tf0ScfoRZtagfsnWW7Jon1l.jpg","genre_ids":[10751,16,12],"id":14873,"original_language":"en","original_title":"The Jungle Book 2","overview":"Mowgli, missing the jungle and his old friends, runs away from the man village unaware of the danger he's in by going back to the wild.","release_date":"2003-02-13","poster_path":"/9MXnhnqbubPy9NbFCvLJpg5VUns.jpg","popularity":1.904888,"title":"The Jungle Book 2","video":false,"vote_average":5.6,"vote_count":70},{"adult":false,"backdrop_path":"/boT0X1wTI399zK6jJ2Dgtqhjkdj.jpg","genre_ids":[35,18,10749],"id":12572,"original_language":"en","original_title":"New York, I Love You","overview":"Ten vignettes in New York City: a pickpocket meets his match; a young Hasidic woman, on the eve of her marriage, reveals herself to an Indian businessman; a writer tries a pick-up line; an artist seeks a model; a composer needs to read; two women connect; a man takes a child to Central Park; lovers meet; a couple takes a walk on their anniversary; a kid goes to the prom with a girl in a wheelchair; a retired singer contemplates suicide. There are eight million stories in the naked city: these have been ten of them.","release_date":"2008-09-01","poster_path":"/roKhZLvRRzqdVY9rvDv1i5ZAmmx.jpg","popularity":0.671066,"title":"New York, I Love You","video":false,"vote_average":5.6,"vote_count":64},{"adult":false,"backdrop_path":"/y97xS60jrTzOmDb2jwB0IP57qig.jpg","genre_ids":[878],"id":2067,"original_language":"en","original_title":"Mission to Mars","overview":"When contact is lost with the crew of the first Mars expedition, a rescue mission is launched to discover their fate.","release_date":"2000-03-10","poster_path":"/eco5chujn3Mt7HnuMTUIuobPMoX.jpg","popularity":0.512376,"title":"Mission to Mars","video":false,"vote_average":5.6,"vote_count":92},{"adult":false,"backdrop_path":"/e4GKAesuV3GhCTvP4EeuSDJ2vPg.jpg","genre_ids":[12,35],"id":9396,"original_language":"en","original_title":"Crocodile Dundee II","overview":"Australian outback expert protects his New York love from gangsters who've followed her down under.","release_date":"1988-05-19","poster_path":"/m8DRsyNMD1pzWIgOb7X6XN7R3y0.jpg","popularity":1.711567,"title":"Crocodile Dundee II","video":false,"vote_average":5.6,"vote_count":82},{"adult":false,"backdrop_path":"/6a5keKsnRickHy6TImQ9b3RsTQQ.jpg","genre_ids":[27,9648,53],"id":86597,"original_language":"en","original_title":"The Tall Man","overview":"When her child goes missing, a mother looks to unravel the legend of the Tall Man, an entity who allegedly abducts children.","release_date":"2012-08-01","poster_path":"/1fc87E3ppCq6xBnZJ63Sa9FKRUd.jpg","popularity":2.487147,"title":"The Tall Man","video":false,"vote_average":5.6,"vote_count":107},{"adult":false,"backdrop_path":"/3ksHzCDEVj1dHcu8i1zLNMQs7Zw.jpg","genre_ids":[35],"id":4256,"original_language":"en","original_title":"Scary Movie 3","overview":"In the third installment of the Scary Movie franchise, news anchorwoman Cindy Campbell has to investigate mysterious crop circles and killing video tapes, and help the President stop an alien invasion in the process.","release_date":"2003-10-20","poster_path":"/jSUPkCB9kLacGm8W4BKGYRyjhQv.jpg","popularity":1.057249,"title":"Scary Movie 3","video":false,"vote_average":5.6,"vote_count":230},{"adult":false,"backdrop_path":"/pNw0c7aiUZHhu8WuolfOA8xube9.jpg","genre_ids":[28,18,14],"id":37958,"original_language":"en","original_title":"Immortals","overview":"Theseus is a mortal man chosen by Zeus to lead the fight against the ruthless King Hyperion, who is on a rampage across Greece to obtain a weapon that can destroy humanity.","release_date":"2011-11-11","poster_path":"/3oM3xqBefB9pyZnHZ5Bkkrv797z.jpg","popularity":1.504146,"title":"Immortals","video":false,"vote_average":5.6,"vote_count":408},{"adult":false,"backdrop_path":"/zpoWepchcTiG49cMiMDzttjaI1V.jpg","genre_ids":[35,10749],"id":62838,"original_language":"en","original_title":"New Year's Eve","overview":"The lives of several couples and singles in New York intertwine over the course of New Year's Eve.","release_date":"2011-12-09","poster_path":"/el1pKVogVwmE1dpbeAO1Ol6y1Vl.jpg","popularity":1.755694,"title":"New Year's Eve","video":false,"vote_average":5.6,"vote_count":221},{"adult":false,"backdrop_path":"/p4Xazn7f63Sqwslw8va7IqDQBki.jpg","genre_ids":[28,80,53],"id":76640,"original_language":"en","original_title":"The Last Stand","overview":"Ray Owens is sheriff of the quiet US border town of Sommerton Junction after leaving the LAPD following a bungled operation. Following his escape from the FBI, a notorious drug baron, his gang, and a hostage are heading toward Sommerton Junction where the police are preparing to make a last stand to intercept them before they cross the border. Owens is reluctant to become involved but ultimately joins in with the law enforcement efforts","release_date":"2013-01-12","poster_path":"/eOfpuaNcCcitHi3HOik7XFavRP4.jpg","popularity":2.444602,"title":"The Last Stand","video":false,"vote_average":5.6,"vote_count":755},{"adult":false,"backdrop_path":"/lAmJ2RomLgS6wjpBWlT7WNjEiv6.jpg","genre_ids":[35,18],"id":59968,"original_language":"en","original_title":"Our Idiot Brother","overview":"Everybody has one. The sibling who is always just a little bit behind the curve when it comes to getting his life together. For sisters Liz (Emily Mortimer), Miranda (Elizabeth Banks) and Natalie (Zooey Deschanel), that person is their perennially upbeat brother Ned (Paul Rudd), an erstwhile organic farmer whose willingness to rely on the honesty of mankind is a less-than-optimum strategy for a tidy, trouble-free existence. Ned may be utterly lacking in common sense, but he is their brother and so, after his girlfriend dumps him and boots him off the farm, his sisters once again come to his rescue. As Liz, Miranda and Natalie each take a turn at housing Ned, their brother's unfailing commitment to honesty creates more than a few messes in their comfortable routines. But as each of their lives begins to unravel, Ned's family comes to realize that maybe, in believing and trusting the people around him, Ned isn't such an idiot after all.","release_date":"2011-08-26","poster_path":"/yEKHFUkFP6bGfsy9aNRA6IscB6b.jpg","popularity":1.578309,"title":"Our Idiot Brother","video":false,"vote_average":5.6,"vote_count":128},{"adult":false,"backdrop_path":"/nAitR4PfakCKCBwRRf1bsxcVVuy.jpg","genre_ids":[10751,16],"id":12819,"original_language":"en","original_title":"Alpha and Omega","overview":"Two mismatched wolves embark on a cross-country quest to get back home and restore peace in their pack after being relocated thousands of miles away by well-meaning park rangers. Quick-witted Humphrey (voice of Justin Long) likes to frolic with friends and play video games with squirrels; disciplined Kate (voice of Hayden Panettiere) likes to call the shots and hunt caribou. Normally, an omega wolf like Humphrey would never stand a chance with an alpha wolf like Kate, but when they're both transported halfway across the country they must work together to get back to their natural habitat. And it won't be easy either, because the one thing Humphrey and Kate can agree on is that they don't have anything in common. Perhaps by working together toward a common goal, however, the two contentious traveling companions will finally realize that even lone wolves can use a helping paw every once in a while.","release_date":"2010-09-17","poster_path":"/jqbxW4JtAIAC6OP8WteHCWwF7zh.jpg","popularity":1.776121,"title":"Alpha and Omega","video":false,"vote_average":5.6,"vote_count":55},{"adult":false,"backdrop_path":"/zw3fM9KYYhYGsIQUJOyQNbeZSnn.jpg","genre_ids":[10749,18],"id":216015,"original_language":"en","original_title":"Fifty Shades of Grey","overview":"When college senior Anastasia Steele steps in for her sick roommate to interview prominent businessman Christian Grey for their campus paper, little does she realize the path her life will take. Christian, as enigmatic as he is rich and powerful, finds himself strangely drawn to Ana, and she to him. Though sexually inexperienced, Ana plunges headlong into an affair -- and learns that Christian's true sexual proclivities push the boundaries of pain and pleasure.","release_date":"2015-02-13","poster_path":"/jV8wnk3Jgz6f7degmT3lHNGI2tK.jpg","popularity":5.686851,"title":"Fifty Shades of Grey","video":false,"vote_average":5.6,"vote_count":865},{"adult":false,"backdrop_path":"/ag3LIUYCclnXltzoVZX3nPKmQt7.jpg","genre_ids":[35,10751],"id":33217,"original_language":"en","original_title":"Diary of a Wimpy Kid","overview":"Middle school isn't all it's cracked up to be for self-described \"wimpy kid\" Greg Heffley, who discovers a frightening new world teeming with boys who are taller, tougher and hairier than he is -- and decides to document it all in his diary.","release_date":"2010-03-19","poster_path":"/5bPEGiI6r2PvER13UWPy0Ud4MnZ.jpg","popularity":0.93227,"title":"Diary of a Wimpy Kid","video":false,"vote_average":5.6,"vote_count":112}],"total_pages":180,"total_results":3596}
