{"page":24,"results":[{"adult":false,"backdrop_path":"/kA93JyJKPbS3my9pZVrr9V2jDeV.jpg","genre_ids":[35,18,9648],"id":109,"original_language":"pl","original_title":"Trois couleurs : Blanc","overview":"Polish immigrant Karol Karol finds himself out of a marriage, a job and a country when his French wife, Dominique, divorces him after six months due to his impotence. Forced to leave France after losing the business they jointly owned, Karol enlists fellow Polish expatriate Mikolah to smuggle him back to their homeland.","release_date":"1994-01-26","poster_path":"/zkjEQR4UGYZQI4esXEmNsg1ic5K.jpg","popularity":1.392347,"title":"Three Colors: White","video":false,"vote_average":7.2,"vote_count":53},{"adult":false,"backdrop_path":"/3xmKw9OSbUrg7GCyhvpMuAXLjRh.jpg","genre_ids":[18,10749,10752],"id":3175,"original_language":"en","original_title":"Barry Lyndon","overview":"In the Eighteenth Century, in a small village in Ireland, Redmond Barry is a young farm boy in love with his cousin Nora Brady. When Nora engages to the British Captain John Quin, Barry challenges him for a duel of pistols. He wins and escapes to Dublin, but is robbed on the road. Without any other alternative, Barry joins the British Army to fight in the Seven Years War.","release_date":"1975-12-18","poster_path":"/htHCOsF4oUdMWfLh2PKEDFMn8Oc.jpg","popularity":0.982001,"title":"Barry Lyndon","video":false,"vote_average":7.2,"vote_count":121},{"adult":false,"backdrop_path":"/gXJXJiQtvm0JsSMybsaEQaiQKlq.jpg","genre_ids":[10749,18],"id":132344,"original_language":"en","original_title":"Before Midnight","overview":"We meet Jesse and Celine nine years on in Greece. Almost two decades have passed since their first meeting on that train bound for Vienna.","release_date":"2013-06-14","poster_path":"/uDdobcCBfPObD2pqDSTjXxELt3c.jpg","popularity":2.452565,"title":"Before Midnight","video":false,"vote_average":7.2,"vote_count":197},{"adult":false,"backdrop_path":"/p7WgP9egrM3hEogrhrLiHA8QD1r.jpg","genre_ids":[18],"id":1523,"original_language":"en","original_title":"The Last King of Scotland","overview":"Nicholas Garrigan, a young doctor from Scotland, decides it is time for an adventure after he finishes his formal education. He decides to try his luck in Uganda. He arrives during the downfall of president Obote. General Idi Amin comes to power and asks him to become his personal doctor. When will Nicholas realize Amin is not the friend of the nation, but a brutal dictator?","release_date":"2006-10-18","poster_path":"/rgJa3DRf8L2EnYKr5ZRMpuQn0s2.jpg","popularity":2.047207,"title":"The Last King of Scotland","video":false,"vote_average":7.2,"vote_count":130},{"adult":false,"backdrop_path":"/ipt0EywV773s3eicpUOPA49MAiD.jpg","genre_ids":[16],"id":217993,"original_language":"en","original_title":"Justice League: War","overview":"The world is under attack by an alien armada led by the powerful Apokoliptian, Darkseid. A group of superheroes consisting of Superman, Batman, Wonder Woman, The Flash, Green Lantern, Cyborg, and Shazam must set aside their differences and gather together to defend Earth.","release_date":"2014-02-02","poster_path":"/11X9WnPuSCnKavfTe0AJ935MDl4.jpg","popularity":2.010878,"title":"Justice League: War","video":false,"vote_average":7.2,"vote_count":94},{"adult":false,"backdrop_path":"/soKwqxI1j5rNkVfDeuarmTHetcH.jpg","genre_ids":[18,10751,10402,10749],"id":11113,"original_language":"en","original_title":"My Fair Lady","overview":"A misogynistic and snobbish phonetics professor agrees to a wager that he can take a flower girl and make her presentable in high society.","release_date":"1964-10-21","poster_path":"/AiyysCDn0l5SHO5dTGHsrKjPBN8.jpg","popularity":2.043527,"title":"My Fair Lady","video":false,"vote_average":7.2,"vote_count":99},{"adult":false,"backdrop_path":"/myz6XHquJeHfQb4paDMi8BYQTge.jpg","genre_ids":[12,37],"id":576,"original_language":"en","original_title":"The Wild Bunch","overview":"Aging outlaw Pike Bishop (William Holden) prepares to retire after one final robbery. Joined by his gang, which includes Dutch Engstrom (Ernest Borgnine) and brothers Lyle (Warren Oates) and Tector Gorch (Ben Johnson), Bishop discovers the heist is a setup orchestrated in part by his old partner, Deke Thornton (Robert Ryan). As the remaining gang takes refuge in Mexican territory, Thornton trails them, resulting in fierce gunfights with plenty of casualties","release_date":"1969-06-17","poster_path":"/hkYPeDXuxlxpflz09rvu5KxOtT5.jpg","popularity":1.577223,"title":"The Wild Bunch","video":false,"vote_average":7.2,"vote_count":59},{"adult":false,"backdrop_path":"/v1XhOGAE5wvhaXdNTwVH8Z5gxNm.jpg","genre_ids":[35,18],"id":179144,"original_language":"en","original_title":"La grande bellezza","overview":"Jep Gambardella has seduced his way through the lavish nightlife of Rome for decades, but after his 65th birthday and a shock from the past, Jep looks past the nightclubs and parties to find a timeless landscape of absurd, exquisite beauty.","release_date":"2013-05-21","poster_path":"/nDBRRkZgaGhJw91wdcUFYwWIbFF.jpg","popularity":2.958758,"title":"The Great Beauty","video":false,"vote_average":7.2,"vote_count":159},{"adult":false,"backdrop_path":"/AprhfmDEwy14xyjaAlcwdLolLjq.jpg","genre_ids":[18,10749],"id":11036,"original_language":"en","original_title":"The Notebook","overview":"An epic love story centered around an older man who reads aloud to a woman with Alzheimer's. From a faded notebook, the old man's words bring to life the story about a couple who is separated by World War II, and is then passionately reunited, seven years later, after they have taken different paths.","release_date":"2004-06-25","poster_path":"/gMfstesBXKdsHToAUXVPHujUDfb.jpg","popularity":1.765707,"title":"The Notebook","video":false,"vote_average":7.2,"vote_count":969},{"adult":false,"backdrop_path":"/4ypwob4uxh0q1osOFq2Wh7zdopT.jpg","genre_ids":[53,80,18],"id":1632,"original_language":"en","original_title":"Mississippi Burning","overview":"Two FBI agents investigating the murder of civil rights workers during the 60s seek to breach the conspiracy of silence in a small Southern town where segregation divides black and white. The younger agent trained in FBI school runs up against the small town ways of his former Sheriff partner.","release_date":"1988-12-08","poster_path":"/uSukdUQwx0l4rRuMXNqugR1tu4n.jpg","popularity":1.739214,"title":"Mississippi Burning","video":false,"vote_average":7.2,"vote_count":67},{"adult":false,"backdrop_path":"/eB43LYncKDJS3p5xYSUN9dUrL2A.jpg","genre_ids":[18],"id":205587,"original_language":"en","original_title":"The Judge","overview":"A successful lawyer returns to his hometown for his mother's funeral only to discover that his estranged father, the town's judge, is suspected of murder.","release_date":"2014-10-10","poster_path":"/v6s65U6qisvxWgO3cNnreaaaite.jpg","popularity":6.503788,"title":"The Judge","video":false,"vote_average":7.2,"vote_count":549},{"adult":false,"backdrop_path":"/l1UF3Lr1zSUiwKgvdkk8OEEr4Sk.jpg","genre_ids":[18],"id":249164,"original_language":"en","original_title":"If I Stay","overview":"Based on Gayle Forman's novel of the same name. \"If I Stay\" is the story of the gifted classical musician Mia and her boyfriend, Adam, an up and coming indie-rock star. Torn between two paths in life, her art or her relationship, Mia is forced to make an even starker choice between life and death when she is caught in a fatal car accident with her family one snowy morning in Oregon.","release_date":"2014-08-22","poster_path":"/isUQKy3cdfN62DfIp0dhl4hD5oc.jpg","popularity":2.876095,"title":"If I Stay","video":false,"vote_average":7.2,"vote_count":375},{"adult":false,"backdrop_path":"/fmRdkt5PCvGYY9swmLky8xfdoKv.jpg","genre_ids":[28,80,18,53],"id":13635,"original_language":"en","original_title":"L'Instinct de mort","overview":"The early career (1959-’70) of outlaw Jacques Mesrine (Cassel), covering his military service in Algeria, apprenticeship with a Paris gang-lord (Depardieu), crime-spree partnership with soulmate Jeanne (De France) and escape from a tough Canadian prison.","release_date":"2008-10-22","poster_path":"/kX572fQIR1nVfONRlp3j6htYq3.jpg","popularity":0.907936,"title":"Mesrine: Killer Instinct","video":false,"vote_average":7.2,"vote_count":73},{"adult":false,"backdrop_path":"/ufqKwX5bz2jXfPf6WGw7fAnuhoE.jpg","genre_ids":[28,16,18,878],"id":15137,"original_language":"en","original_title":"Evangerion shin gekijôban: Jo","overview":"After the Second Impact, Tokyo-3 is being attacked by giant creatures called Angels that seek to eradicate humankind. The child Shinji's objective is to fight the Angels by piloting one of the mysterious Evangelion mecha units. A remake of the first six episodes of GAINAX's famous 1996 anime series.","release_date":"2007-09-01","poster_path":"/uCIKdMLppi4MjPFnxQWT2GA8W5r.jpg","popularity":1.376004,"title":"Evangelion: 1.0: You Are (Not) Alone","video":false,"vote_average":7.2,"vote_count":61},{"adult":false,"backdrop_path":"/sjJyxlCsQRDfsanDUg8xiFT7xgS.jpg","genre_ids":[35,80],"id":1542,"original_language":"en","original_title":"Office Space","overview":"Peter is a drone for a software company well on his way to a nervous breakdown when a hypnosis mishap opens his eyes. He becomes so apathetic toward his job that he can't even muster up the energy to quit. His new no-work ethic is mistaken by a pair of corporate headhunters as \"middle-management potential,\" and he is promoted as his pals Michael and Samir are laid off. Frustrated in his attempts to be down-sized, Peter hatches a plot to embezzle the company.","release_date":"1999-02-19","poster_path":"/iO9aZzrfmMvm3IqkFiQyuuUMLh2.jpg","popularity":0.496914,"title":"Office Space","video":false,"vote_average":7.2,"vote_count":388},{"adult":false,"backdrop_path":"/6tn0uUz4HcfZ3Jc1JWClfY9Q23l.jpg","genre_ids":[18],"id":250538,"original_language":"en","original_title":"The Good Lie","overview":"A young refugee of the Sudanese Civil War who wins a lottery for relocation to the United States with three other lost boys. Encountering the modern world for the first time, they develop an unlikely friendship with a brash American woman assigned to help them, but the young man struggles to adjust to this new life and his feelings of guilt about the brother he left behind.","release_date":"2014-09-10","poster_path":"/uTBubhbaq3wt4i3QYEwXc99Uk46.jpg","popularity":0.656818,"title":"The Good Lie","video":false,"vote_average":7.2,"vote_count":74},{"adult":false,"backdrop_path":"/oPDiCIdNsECwJJg5pdqRd6d5k6C.jpg","genre_ids":[18],"id":157832,"original_language":"en","original_title":"Calvary","overview":"After he is threatened during a confession, a good-natured priest must battle the dark forces closing in around him.","release_date":"2014-04-11","poster_path":"/fxu3NT8PMCoPG0QLr0j6KoleSp.jpg","popularity":1.735866,"title":"Calvary","video":false,"vote_average":7.2,"vote_count":122},{"adult":false,"backdrop_path":"/oVJczyZofj44rXopmpZTNZv3BmO.jpg","genre_ids":[35],"id":112198,"original_language":"fr","original_title":"Le Prénom","overview":"Vincent, a wealthy real estate agent, is invited to dinner by his sister Elizabeth and her husband Peter, both professors in Paris. Claude, a childhood friend and trombonist in a symphony orchestra, is also present. Vincent brings news from the prenatal examination of his and his wife Anna's unborn son.  The name chosen by the soon-to-be parents strongly offends the others for many reasons. The dispute between the guests quickly escalates and before long the resurgence of old grudges and hidden secrets is unavoidable ...","release_date":"2012-04-25","poster_path":"/qU7YPqKhnxycIm8iNOm2kdkPuht.jpg","popularity":0.336098,"title":"What's in a Name","video":false,"vote_average":7.2,"vote_count":85},{"adult":false,"backdrop_path":"/svFInfkTpgHV54ZOltzBrGXZ6R9.jpg","genre_ids":[18],"id":687,"original_language":"en","original_title":"Dead Man Walking","overview":"A justice drama based on a true story about a man on death row who in his last days forms a strong relationship with a nun who teaches him forgiveness and gives him spirituality as she accompanies him to his execution. Susan Sarandon won an Oscar for best female actress for her convincing portrayal of Sister Helen Prejean.","release_date":"1995-12-29","poster_path":"/jAuo0Buh8wSOrAnUoiwrJIuOs0q.jpg","popularity":1.638353,"title":"Dead Man Walking","video":false,"vote_average":7.2,"vote_count":65},{"adult":false,"backdrop_path":"/haHULz59jdG4OVmqHjZ01z7HEit.jpg","genre_ids":[35,18,10749],"id":164,"original_language":"en","original_title":"Breakfast at Tiffany's","overview":"Fortune hunter Holly Golightly finds herself captivated by aspiring writer Paul Varjak, who's moved into her building on a wealthy woman's dime. As romance blooms between Paul and Holly, Doc Golightly shows up on the scene, revealing Holly's past.","release_date":"1961-10-05","poster_path":"/c95lbDwL5WT8PV9DZsdSvRtXKNA.jpg","popularity":1.767853,"title":"Breakfast at Tiffany's","video":false,"vote_average":7.2,"vote_count":279}],"total_pages":180,"total_results":3596}
