{"page":94,"results":[{"adult":false,"backdrop_path":"/ntdakjgQNmRNscwWgKQBTVw1UqY.jpg","genre_ids":[18,27,53],"id":77949,"original_language":"en","original_title":"The Awakening","overview":"The Awakening is a British horror thriller film directed by Nick Murphy, starring Rebecca Hall, Dominic West, and Imelda Staunton. 1921 England is overwhelmed by the loss and grief of World War I. Hoax exposer Florence Cathcart (Hall) visits a boarding school to explain sightings of a child ghost.","release_date":"2011-08-17","poster_path":"/1iIB1eR9pFxoOdAp4FhPCYwQ1TA.jpg","popularity":2.190623,"title":"The Awakening","video":false,"vote_average":6.3,"vote_count":83},{"adult":false,"backdrop_path":"/khzRw7ZDE3NIrYpe0RYyB864FPT.jpg","genre_ids":[80],"id":189,"original_language":"en","original_title":"Sin City: A Dame to Kill For","overview":"Some of Sin City's most hard-boiled citizens cross paths with a few of its more reviled inhabitants.","release_date":"2014-08-22","poster_path":"/tORcCU6o65Fu52SGmGhqryaWqXH.jpg","popularity":4.777728,"title":"Sin City: A Dame to Kill For","video":false,"vote_average":6.3,"vote_count":524},{"adult":false,"backdrop_path":"/lWnPz1EvXUWMvXK1plZMA1I2XMV.jpg","genre_ids":[12,18,28],"id":254,"original_language":"en","original_title":"King Kong","overview":"In 1933 New York, an overly ambitious movie producer coerces his cast and hired ship crew to travel to mysterious Skull Island, where they encounter Kong, a giant ape who is immediately smitten with leading lady Ann Darrow.","release_date":"2005-12-14","poster_path":"/ueMFrWi2NTqvpDAUWh5lSewai8Q.jpg","popularity":2.848028,"title":"King Kong","video":false,"vote_average":6.3,"vote_count":663},{"adult":false,"backdrop_path":"/ataSToX6mARHLbv0NpEmKr7IJJs.jpg","genre_ids":[35,10749],"id":7942,"original_language":"en","original_title":"Run Fatboy Run","overview":"Five years after jilting his pregnant fiancée on their wedding day, out-of-shape Dennis decides to run a marathon to win her back.","release_date":"2007-09-06","poster_path":"/s6ehbUfScpU0408ahsxCzlUwAzG.jpg","popularity":1.604261,"title":"Run, Fatboy, Run","video":false,"vote_average":6.3,"vote_count":69},{"adult":false,"backdrop_path":"/tUjjDjFRLIXS0298EnskwskTA23.jpg","genre_ids":[35,27],"id":10779,"original_language":"en","original_title":"The Frighteners","overview":"After a car accident in which his wife, Debra, was killed and he was injured, Frank Bannister develops psychic abilities allowing him to see, hear, and communicate with ghosts.","release_date":"1996-07-18","poster_path":"/cS3QPtMsE1jsEWUww5WsPE275Jb.jpg","popularity":0.637569,"title":"The Frighteners","video":false,"vote_average":6.3,"vote_count":102},{"adult":false,"backdrop_path":"/ddPXVUAeCBFMbtTajh8bg4uyBvv.jpg","genre_ids":[12,28,14],"id":1865,"original_language":"en","original_title":"Pirates of the Caribbean: On Stranger Tides","overview":"Captain Jack Sparrow crosses paths with a woman from his past, and he's not sure if it's love -- or if she's a ruthless con artist who's using him to find the fabled Fountain of Youth. When she forces him aboard the Queen Anne's Revenge, the ship of the formidable pirate Blackbeard, Jack finds himself on an unexpected adventure in which he doesn't know who to fear more: Blackbeard or the woman from his past.","release_date":"2011-05-18","poster_path":"/jUkGuSC9Kt29rW3x6UiB9zyZr1M.jpg","popularity":3.701986,"title":"Pirates of the Caribbean: On Stranger Tides","video":false,"vote_average":6.3,"vote_count":2280},{"adult":false,"backdrop_path":"/mpTEeip03IoeLukOW5zp1eQ5FfG.jpg","genre_ids":[80,53,27],"id":9533,"original_language":"en","original_title":"Red Dragon","overview":"Former FBI agent Will Graham, who was once nearly killed by the savage Hannibal \"The Cannibal\" Lecter now has no choice but to face him again. It seems Lecter is the only one who can help Graham track down a new serial killer, Francis Dolarhyde -- but can he be trusted?","release_date":"2002-09-29","poster_path":"/sULs7GLEM2tqNBwE5ac5d6FRlBR.jpg","popularity":1.543629,"title":"Red Dragon","video":false,"vote_average":6.3,"vote_count":411},{"adult":false,"backdrop_path":"/46rKRjko3K3nxbmsB0lh4Z2WyUq.jpg","genre_ids":[18,16,10751,35,14],"id":11497,"original_language":"en","original_title":"All Dogs Go to Heaven","overview":"When a casino owning dog named Charlie is murdered by his rival Carface, he finds himself in Heaven basically by default since all dogs go to heaven. However, since he wants to get back at his killer, he cons his way back to the living with the warning that doing that damns him to Hell. Once back, he teams with his old partner, Itchy to prep his retaliation. He also stumbles on to an orphan girl who can talk to the animals, thus allowing him to get the inside info on the races to ensure his wins to finance his plans. However, all the while, he is still haunted by nightmares on what's waiting for him on the other side unless he can prove that he is worthy of Heaven again.","release_date":"1989-11-17","poster_path":"/fb6CRpryYQB5eqjohSnLbjHxJQK.jpg","popularity":1.642047,"title":"All Dogs Go to Heaven","video":false,"vote_average":6.3,"vote_count":63},{"adult":false,"backdrop_path":"/uCfeXjn5aBTN2aHATK4mO9bbohD.jpg","genre_ids":[35],"id":21861,"original_language":"en","original_title":"LOL (Laughing Out Loud)","overview":"Lola, a striking teenaged girl who is on the cusp of adulthood, who longs to rush into the adult world of independence, freedom and sexual exploits, but is tenaciously held back by her mother.","release_date":"2008-06-06","poster_path":"/nINXF8CgKUEFw1Q2vxNXQRknMfQ.jpg","popularity":1.554312,"title":"LOL (Laughing Out Loud)","video":false,"vote_average":6.3,"vote_count":73},{"adult":false,"backdrop_path":"/hkuPAYz0TstcAquVpibaDnADqQS.jpg","genre_ids":[28,35],"id":109414,"original_language":"en","original_title":"This Is the End","overview":"While attending a party at James Franco's house, Seth Rogen, Jay Baruchel and many other celebrities are faced with the apocalypse.","release_date":"2013-06-12","poster_path":"/1rMzHyOsk1b1ddcFJgMSB6kOASu.jpg","popularity":3.584447,"title":"This Is the End","video":false,"vote_average":6.3,"vote_count":1129},{"adult":false,"backdrop_path":"/s41Er80jGJf3tNkgYHxUCttjmwv.jpg","genre_ids":[27,28,878],"id":1576,"original_language":"en","original_title":"Resident Evil","overview":"When a virus leaks from a top-secret facility, turning all resident researchers into ravenous zombies and their lab animals into mutated hounds from hell, the government sends in an elite military task force to contain the outbreak. Alice and Rain are charged with leading the mission. But they only have three hours before the pathogen becomes airborne and infects the world.","release_date":"2002-03-15","poster_path":"/fttmSgLEOdBNwQepW2lC6t0mbOm.jpg","popularity":2.214049,"title":"Resident Evil","video":false,"vote_average":6.3,"vote_count":729},{"adult":false,"backdrop_path":"/ymkmGKZdhbthgiHsHvXPFLOmTY2.jpg","genre_ids":[18],"id":111190,"original_language":"en","original_title":"Adore","overview":"Lil and Roz are two lifelong friends, having grown up together as neighbors in an idyllic beach town. As adults, their sons have developed a friendship as strong as that which binds their mothers. One summer, all four are confronted by simmering emotions that have been mounting between them, and each find unexpected happiness in relationships that cross the bounds of convention.","release_date":"2013-09-06","poster_path":"/l2OTtTGfSfBRKArvzn14sk3xiNL.jpg","popularity":0.886894,"title":"Adore","video":false,"vote_average":6.3,"vote_count":99},{"adult":false,"backdrop_path":"/v66qzYKRyVGN5Oa6GqlgdPw6ITb.jpg","genre_ids":[28,12,35,18,37],"id":9359,"original_language":"en","original_title":"Maverick","overview":"Maverick is a gambler who would rather con someone than fight them. He needs an additional three thousand dollars in order to enter a Winner Take All poker game that begins in a few days. He tries to win some, tries to collect a few debts, and recover a little loot for the reward. He joins forces with a woman gambler with a marvelous southern accent as the two both try and enter the game.","release_date":"1994-05-20","poster_path":"/vBQjwzheZGwNpLQSdp671X0Nu6O.jpg","popularity":2.801101,"title":"Maverick","video":false,"vote_average":6.3,"vote_count":188},{"adult":false,"backdrop_path":"/ug7Hmj9ueIzvZwiVNtbO1VEt3Z2.jpg","genre_ids":[35],"id":9451,"original_language":"en","original_title":"Election","overview":"A high school teacher's personal life becomes complicated as he works with students during the school elections.","release_date":"1999-04-23","poster_path":"/7KobSdAHTA0uJSW7Dc5VdG9YWiD.jpg","popularity":1.381274,"title":"Election","video":false,"vote_average":6.3,"vote_count":59},{"adult":false,"backdrop_path":"/nmlqFLYlRt1VgGS0rC5RDOWKe63.jpg","genre_ids":[35,18],"id":141043,"original_language":"en","original_title":"A Long Way Down","overview":"Four lost souls – a disgraced TV presenter, a foul-mouthed teen, an isolated single mother and a solipsistic muso - decide to end their lives on the same night, New Year's Eve. When this disillusioned quartet of strangers meet unintentionally at the same suicide hotspot, a London high-rise with the well-earned nickname Topper's Tower, they mutually agree to call off their plans for six weeks, forming an unconventional, dysfunctional family, becoming media sensations as the Topper House Four and searching together for the reasons to keep on living.","release_date":"2014-03-21","poster_path":"/vIa83hicQj1ZFDG2bWfZaoUoa2e.jpg","popularity":1.773106,"title":"A Long Way Down","video":false,"vote_average":6.3,"vote_count":154},{"adult":false,"backdrop_path":"/eCgIoGvfNXrbSiQGqQHccuHjQHm.jpg","genre_ids":[28,878],"id":240832,"original_language":"en","original_title":"Lucy","overview":"A woman, accidentally caught in a dark deal, turns the tables on her captors and transforms into a merciless warrior evolved beyond human logic.","release_date":"2014-07-25","poster_path":"/rwn876MeqienhOVSSjtUPnwxn0Z.jpg","popularity":8.811382,"title":"Lucy","video":false,"vote_average":6.3,"vote_count":2199},{"adult":false,"backdrop_path":"/2GXQriEd9Rp4TdbESq5dk7lapNh.jpg","genre_ids":[12,53],"id":246080,"original_language":"en","original_title":"Black Sea","overview":"A suspenseful adventure thriller directed by Academy Award winner Kevin Macdonald, centering on a rogue submarine captain who pulls together a misfit crew to go after a sunken treasure rumored to be lost in the depths of the Black Sea. As greed and desperation take control onboard their claustrophobic vessel, the increasing uncertainty of the mission causes the men to turn on each other to fight for their own survival.","release_date":"2014-12-05","poster_path":"/a4MDlZKwSoLaleFOU7u2sr9e8PN.jpg","popularity":1.928184,"title":"Black Sea","video":false,"vote_average":6.3,"vote_count":105},{"adult":false,"backdrop_path":"/jRLG8WHA77FXwYDGlW7caJOBRZc.jpg","genre_ids":[18,53],"id":50837,"original_language":"en","original_title":"Martha Marcy May Marlene","overview":"After several years of living with a cult, Martha finally escapes and calls her estranged sister, Lucy, for help. Martha finds herself at the quiet Connecticut home Lucy shares with her new husband, Ted, but the memories of what she experienced in the cult make peace hard to find. As flashbacks continue to torment her, Martha fails to shake a terrible sense of dread, especially in regard to the cult's manipulative leader.","release_date":"2011-10-21","poster_path":"/f68uBuxkEfesHmw5eJxFOnNalTY.jpg","popularity":1.837378,"title":"Martha Marcy May Marlene","video":false,"vote_average":6.3,"vote_count":61},{"adult":false,"backdrop_path":"/sPiFgbWMSQxVMO6TuRFrkeWwarI.jpg","genre_ids":[35,14],"id":72105,"original_language":"en","original_title":"Ted","overview":"Family Guy creator Seth MacFarlane brings his boundary-pushing brand of humor to the big screen for the first time as writer, director and voice star of Ted. In the live action/CG-animated comedy, he tells the story of John Bennett, a grown man who must deal with the cherished teddy bear who came to life as the result of a childhood wish, and has refused to leave his side ever since.","release_date":"2012-06-29","poster_path":"/5ExgYTRafm4kFRwHp2jH6C23Yl4.jpg","popularity":5.54297,"title":"Ted","video":false,"vote_average":6.3,"vote_count":2230},{"adult":false,"backdrop_path":"/tC9q69NLP4qLqPcloWYNkdWFkXa.jpg","genre_ids":[18,27,53],"id":17609,"original_language":"en","original_title":"Antichrist","overview":"A grieving couple retreats to their cabin 'Eden' in the woods, hoping to repair their broken hearts and troubled marriage. But nature takes its course and things go from bad to worse.","release_date":"2009-05-29","poster_path":"/lY4Y9buUIZY17vpvL5dsBpbORo0.jpg","popularity":2.046646,"title":"Antichrist","video":false,"vote_average":6.3,"vote_count":143}],"total_pages":180,"total_results":3596}
