{"page":36,"results":[{"adult":false,"backdrop_path":"/9bd6IFBMwSOINrEW8VIBxaS4cd9.jpg","genre_ids":[14,12,28,10751,10749],"id":102651,"original_language":"en","original_title":"Maleficent","overview":"The untold story of Disney's most iconic villain from the 1959 classic 'Sleeping Beauty'. A beautiful, pure-hearted young woman, Maleficent has an idyllic life growing up in a peaceable forest kingdom, until one day when an invading army threatens the harmony of the land.  Maleficent rises to be the land's fiercest protector, but she ultimately suffers a ruthless betrayal – an act that begins to turn her heart into stone. Bent on revenge, Maleficent faces an epic battle with the invading King's successor and, as a result, places a curse upon his newborn infant Aurora. As the child grows, Maleficent realizes that Aurora holds the key to peace in the kingdom - and to Maleficent's true happiness as well.","release_date":"2014-05-30","poster_path":"/4FYu1AAu14tuBU0lns0hbKiHUcH.jpg","popularity":6.439171,"title":"Maleficent","video":false,"vote_average":7.0,"vote_count":1668},{"adult":false,"backdrop_path":"/p8HsQATQBnpUO3EdICYUaaG1HbS.jpg","genre_ids":[18,10751,14,10749],"id":2323,"original_language":"en","original_title":"Field of Dreams","overview":"Ray Kinsella is an Iowa farmer who hears a mysterious voice telling him to turn his cornfield into a baseball diamond. He does, but the voice's directions don't stop -- even after the spirits of deceased ballplayers turn up to play.","release_date":"1989-04-21","poster_path":"/ps5B8ZNSFvqLczD5e4Yh3whV66B.jpg","popularity":1.533071,"title":"Field of Dreams","video":false,"vote_average":7.0,"vote_count":114},{"adult":false,"backdrop_path":"/ogP5mxjOQpsn0bTZairpBSnPuNS.jpg","genre_ids":[18,10749],"id":1391,"original_language":"es","original_title":"Y tu mamá también","overview":"In Mexico, two teenage boys and an attractive older woman embark on a road trip and learn a thing or two about life, friendship, sex, and each other.","release_date":"2001-06-08","poster_path":"/iwQLkEJGpKsuhRSpv3MkbKgPWcZ.jpg","popularity":1.690873,"title":"Y tu mamá también","video":false,"vote_average":7.0,"vote_count":72},{"adult":false,"backdrop_path":"/c5jNuPA19oGiEmbh8iFeAi6aHMI.jpg","genre_ids":[18,28,53,878],"id":9693,"original_language":"en","original_title":"Children of Men","overview":"In 2027, in a chaotic world in which humans can no longer procreate, a former activist agrees to help transport a miraculously pregnant woman to a sanctuary at sea, where her child's birth may help scientists save the future of humankind.","release_date":"2006-09-22","poster_path":"/gZ6i32Da76EUxta06GL2BxpC4Cn.jpg","popularity":3.587919,"title":"Children of Men","video":false,"vote_average":7.0,"vote_count":543},{"adult":false,"backdrop_path":"/q8OEC91NiJOpghWI9hXtC27nFX0.jpg","genre_ids":[10749,10751,16,14,10402],"id":10020,"original_language":"en","original_title":"Beauty and the Beast","overview":"Follow the adventures of Belle, a bright young woman who finds herself in the castle of a prince who's been turned into a mysterious beast. With the help of the castle's enchanted staff, Belle soon learns the most important lesson of all -- that true beauty comes from within.","release_date":"1991-11-12","poster_path":"/b9QJr2oblOu1grgOMUZF1xkUJdh.jpg","popularity":2.877966,"title":"Beauty and the Beast","video":false,"vote_average":7.0,"vote_count":1094},{"adult":false,"backdrop_path":"/40fJ7cg5Q5IPNxYLE5xJil33TBc.jpg","genre_ids":[18],"id":221902,"original_language":"fr","original_title":"Deux jours, une nuit","overview":"Sandra is a young woman who has only one weekend to convince her colleagues they must give up their bonuses in order for her to keep her job — not an easy task in this economy.","release_date":"2014-05-21","poster_path":"/1mYAejpMskvskGr0J0SaBvdjmrH.jpg","popularity":2.241964,"title":"Two Days, One Night","video":false,"vote_average":7.0,"vote_count":94},{"adult":false,"backdrop_path":"/cKTpfaao3g9rdW4imF34tpd3Dio.jpg","genre_ids":[12,35,18,10749],"id":21755,"original_language":"en","original_title":"The Brothers Bloom","overview":"The Brothers Bloom are the best con men in the world, swindling millionaires with complex scenarios of lust and intrigue. Now they've decided to take on one last job - showing a beautiful and eccentric heiress the time of her life with a romantic adventure that takes them around the world.","release_date":"2008-09-09","poster_path":"/dFjfFhbsYCkMoc3fMk3ZQX7HMls.jpg","popularity":0.515107,"title":"The Brothers Bloom","video":false,"vote_average":7.0,"vote_count":64},{"adult":false,"backdrop_path":"/s5uzLhDSlESxaiwkEaH7bQPDNkW.jpg","genre_ids":[28,80,18,53],"id":8982,"original_language":"en","original_title":"ต้มยำกุ้ง","overview":"In Bangkok, the young Kham was raised by his father in the jungle with elephants as members of their family. When his old elephant and the baby Kern are stolen by criminals, Kham finds that the animals were sent to Sidney. He travels to Australia, where he locates the baby elephant in a restaurant owned by the evil Madame Rose, the leader of an international Thai mafia. With the support of the efficient Thai sergeant Mark, who was involved in a conspiracy, Kham fights to rescue the animal from the mobsters.","release_date":"2005-08-11","poster_path":"/wgipNtPvjzqqilVMKxZWIFKyGF5.jpg","popularity":1.769891,"title":"The Protector","video":false,"vote_average":7.0,"vote_count":53},{"adult":false,"backdrop_path":"/wJG1hKcwzDzvYqhWCOP3lxYJHn3.jpg","genre_ids":[18,36,10752],"id":76758,"original_language":"zh","original_title":"金陵十三釵","overview":"A Westerner finds refuge with a group of women in a church during Japan's rape of Nanking in 1937. Posing as a priest, he attempts to lead the women to safety.","release_date":"2011-12-15","poster_path":"/s9Lgt28YhHIVllsF3N1FxwNuGre.jpg","popularity":0.979198,"title":"The Flowers of War","video":false,"vote_average":7.0,"vote_count":54},{"adult":false,"backdrop_path":"/6z28QA320tWjdIxu0cmS5HyrKMR.jpg","genre_ids":[10749,35,18],"id":11178,"original_language":"ko","original_title":"엽기적인 그녀","overview":"Based on a series of true stories posted by Ho-sik Kim on the Internet describing his relationship with his girlfriend. These were later transformed into a best-selling book and the movie follows the book closely. It describes the meeting of Kyun-woo (Cha) and an unnamed girl. Kyun-woo is shamed into assisting the girl because the other passengers mistakenly think she is his girlfriend.","release_date":"2001-07-27","poster_path":"/2KwiMixp0UB9V1wIy9Z5lE8Fcy.jpg","popularity":1.506286,"title":"My Sassy Girl","video":false,"vote_average":7.0,"vote_count":54},{"adult":false,"backdrop_path":"/uqJKqddBjETEv4LsXCYLbHeIui7.jpg","genre_ids":[53,18],"id":4553,"original_language":"en","original_title":"The Machinist","overview":"The Machinist is the story of Trevor Reznik, a lathe-operator who is dying of insomnia. In a machine shop, occupational hazards are bad enough under normal circumstances; yet for Trevor the risks are compounded by fatigue. Trevor has lost the ability to sleep. This is no ordinary insomnia...","release_date":"2004-10-22","poster_path":"/2tYr40n1ZjbMfYq20ieiAPsSe5.jpg","popularity":2.331486,"title":"The Machinist","video":false,"vote_average":7.0,"vote_count":309},{"adult":false,"backdrop_path":"/ekLAySalu0CGoGogPWY0BG6uAul.jpg","genre_ids":[28,80,18,53],"id":64690,"original_language":"en","original_title":"Drive","overview":"A mysterious Hollywood stuntman who moonlights as a getaway driver seems to be trying to escape his shady past as he falls for his neighbor - whose husband is in prison and who's looking after her child alone. Meanwhile, his garage mechanic boss is trying to set up a race team using gangland money, which implicates our driver as he is to be used as the race team's main driver. Our hero gets more than he bargained for when he meets the man who is married to the woman he loves.","release_date":"2011-09-16","poster_path":"/fsnaaNQ4RmZwgRv6qfT7NIi41Sj.jpg","popularity":2.060633,"title":"Drive","video":false,"vote_average":7.0,"vote_count":1259},{"adult":false,"backdrop_path":"/i8NcYenVqMzB95pVz8YOPIqmGj8.jpg","genre_ids":[36,18],"id":10139,"original_language":"en","original_title":"Milk","overview":"The story of California's first openly gay elected official, Harvey Milk, who  became an outspoken agent for change, seeking equal rights and opportunities for all. His great love for the city and its people brought him backing from young and old, straight and gay, alike – at a time when prejudice and violence against gays was openly accepted as the norm.","release_date":"2008-11-26","poster_path":"/sFYmJJSVXqfqPI79tx4UG4IR5Jb.jpg","popularity":1.675558,"title":"Milk","video":false,"vote_average":7.0,"vote_count":168},{"adult":false,"backdrop_path":"/ivT2yCIvL4GskjJjvoyax8h23wq.jpg","genre_ids":[80,18,53],"id":8470,"original_language":"en","original_title":"John Q","overview":"John Q is a 2002 film by Nick Cassavetes; starring Denzel Washington as John Quincy Archibald, a father and husband whose son is diagnosed with an enlarged heart and then finds out he cannot receive a transplant because HMO insurance will not cover it. Therefore, he decides to take a hospital full of patients hostage until the hospital puts his son's name on the donor's list.","release_date":"2002-02-15","poster_path":"/4jX2XxZbpMy2rGSigoIaFAbhOez.jpg","popularity":1.113618,"title":"John Q","video":false,"vote_average":7.0,"vote_count":156},{"adult":false,"backdrop_path":"/5mDCKKS7M8aUZKdShnCa7lLbzmH.jpg","genre_ids":[10751,16],"id":62211,"original_language":"en","original_title":"Monsters University","overview":"A look at the relationship between Mike and Sulley during their days at Monsters University — when they weren't necessarily the best of friends.","release_date":"2013-06-21","poster_path":"/flXrt9Dh0Tki6zOgX0TOq63KpG8.jpg","popularity":2.84485,"title":"Monsters University","video":false,"vote_average":7.0,"vote_count":1531},{"adult":false,"backdrop_path":"/eYzHRuzwaI13ln5eO3XRnCN7Vo5.jpg","genre_ids":[28,18],"id":7549,"original_language":"en","original_title":"Huo Yuanjia","overview":"Huo Yuan Jia became the most famous martial arts fighter in all of China at the turn of the 20th Century. Huo faced personal tragedy but ultimately fought his way out of darkness, defining the true spirit of martial arts and also inspiring his nation. The son of a great fighter who didn't wish for his child to follow in his footsteps, Huo resolves to teach himself how to fight - and win.","release_date":"2006-01-26","poster_path":"/nPku02hVAFPsAd1pJr81OkdBidw.jpg","popularity":1.295086,"title":"Fearless","video":false,"vote_average":7.0,"vote_count":147},{"adult":false,"backdrop_path":"/qCLaNDvgnpj3N1VkRacr3bjK9ZN.jpg","genre_ids":[28,80],"id":9462,"original_language":"en","original_title":"Bruce Lee The Way of the Dragon","overview":"Tang Lung arrives in Rome to help his cousins in the restaurant business. They are being pressured to sell their property to the syndicate, who will stop at nothing to get what they want. When Tang arrives he poses a new threat to the syndicate, and they are unable to defeat him. The syndicate boss hires the best Japanese and European martial artists to fight Tang, but he easily finishes them off.","release_date":"1972-12-29","poster_path":"/uVASFTBi4EDOI0mqx2PXUYdhxps.jpg","popularity":1.659927,"title":"Way of the Dragon","video":false,"vote_average":7.0,"vote_count":69},{"adult":false,"backdrop_path":"/h6NUGnzIG7q0g8mfIIIQcHIagsz.jpg","genre_ids":[28,9648,53],"id":839,"original_language":"en","original_title":"Duel","overview":"Travelling businessman, David Mann, angers the driver of a rusty tanker whilst crossing the Californian desert. A simple trip turns deadly as Mann struggles to stay on the road while the tanker plays cat and mouse with his life.","release_date":"1971-11-10","poster_path":"/ydQrclzo7sESEnzmqVgJRcyC5Y.jpg","popularity":1.997688,"title":"Duel","video":false,"vote_average":7.0,"vote_count":69},{"adult":false,"backdrop_path":"/ao0OWpQPMy3lagLwksWyciO6Iaj.jpg","genre_ids":[18,9648,10749,53],"id":223,"original_language":"en","original_title":"Rebecca","overview":"A self-conscious bride is tormented by the memory of her husband's dead first wife.","release_date":"1940-04-12","poster_path":"/eIkJjEbQcPasYvoNHKueFrfgpX4.jpg","popularity":1.829542,"title":"Rebecca","video":false,"vote_average":7.0,"vote_count":70},{"adult":false,"backdrop_path":"/evAe6OMQgRkrVWxjLktYy1tIARW.jpg","genre_ids":[18,10749,10752],"id":907,"original_language":"en","original_title":"Doctor Zhivago","overview":"Doctor Zhivago is the filmed adapation of the Russian novel by Boris Pasternak from director David Lean that was an international success and today deemed a classic. Omar Sharif and Julie Christie play two protagonists who in fact love each other yet because of their current situation cannot find a way be together.","release_date":"1965-12-22","poster_path":"/lP1Mn1sQ9FiSNovCyZonhKjjkRM.jpg","popularity":2.041615,"title":"Doctor Zhivago","video":false,"vote_average":7.0,"vote_count":70}],"total_pages":180,"total_results":3596}
