{"page":118,"results":[{"adult":false,"backdrop_path":"/r3fmtaMavXeaSrMOl7LDs9WPlWC.jpg","genre_ids":[35,18,10749],"id":38357,"original_language":"en","original_title":"Morning Glory","overview":"When hard-working TV producer Becky Fuller is fired from a local news program, her career begins to look as bleak as her hapless love life. Stumbling into a job at \"Daybreak\" (the last-place national morning news show), Becky decides to revitalize the show by bringing on legendary TV anchor Mike Pomeroy.  Unfortunately, Pomeroy refuses to cover morning show staples like celebrity gossip, weather, fashion and crafts – let alone work with his new co-host, Colleen Peck, a former beauty queen and longtime morning show personality who is more than happy covering morning \"news.\" As Mike and Colleen clash, first behind the scenes and then on the air, Becky's blossoming love affair with fellow producer, Adam Bennett begins to unravel – and soon Becky is struggling to save her relationship, her reputation, her job and ultimately, the show itself.","release_date":"2010-11-10","poster_path":"/cm56bLezP4aXHBNV1EQITE0yPBk.jpg","popularity":2.064377,"title":"Morning Glory","video":false,"vote_average":6.0,"vote_count":122},{"adult":false,"backdrop_path":"/lpHxO2XT0NizhtZWh7nLWP1KKOb.jpg","genre_ids":[28,53,80],"id":4105,"original_language":"en","original_title":"Black Rain","overview":"Two New York cops get involved in a gang war between members of the Yakuza, the Japanese Mafia. They arrest one of their killers and are ordered to escort him back to Japan. In Japan, however, he manages to escape. As they try to track him down, they get deeper and deeper into the Japanese Mafia scene and they have to learn that they can only win by playing the game the Japanese way.","release_date":"1989-09-22","poster_path":"/iKRO9Am8rXvPGmkvRgUh4E2EC8J.jpg","popularity":1.636543,"title":"Black Rain","video":false,"vote_average":6.0,"vote_count":57},{"adult":false,"backdrop_path":"/kEMUElVaO8GqZSh4Atmy9kiuqMn.jpg","genre_ids":[28,878],"id":1688,"original_language":"en","original_title":"Conquest of the Planet of the Apes","overview":"In a futuristic world that has embraced ape slavery, Caesar, the son of the late simians Cornelius and Zira, surfaces after almost twenty years of hiding out from the authorities, and prepares for a slave revolt against humanity.","release_date":"1972-06-29","poster_path":"/fRKPbTcq6wwbCuIbBNERW7FRQBs.jpg","popularity":1.993836,"title":"Conquest of the Planet of the Apes","video":false,"vote_average":6.0,"vote_count":57},{"adult":false,"backdrop_path":"/yDfyYVZhLTL3NDzjzJe1m1FpqPy.jpg","genre_ids":[80,18],"id":157845,"original_language":"en","original_title":"The Rover","overview":"A decade after the collapse of the western world, Australia has become a lawless wasteland. As desperate outsiders pillage the country's precious mineral resources, taciturn Eric travels from town to town searching for signs of life.","release_date":"2014-05-18","poster_path":"/ugVbrbicJHfOw8e24RUYISKqgvf.jpg","popularity":0.974833,"title":"The Rover","video":false,"vote_average":6.0,"vote_count":105},{"adult":false,"backdrop_path":"/hK8gap1Y2zAvFHcKuqe6og15c4b.jpg","genre_ids":[12,14,18,10749],"id":50620,"original_language":"en","original_title":"The Twilight Saga: Breaking Dawn - Part 2","overview":"After the birth of Renesmee, the Cullens gather other vampire clans in order to protect the child from a false allegation that puts the family in front of the Volturi.","release_date":"2012-11-16","poster_path":"/kJQPygYB8aNEevZZHRifyYrAdU9.jpg","popularity":3.094533,"title":"The Twilight Saga: Breaking Dawn - Part 2","video":false,"vote_average":6.0,"vote_count":1029},{"adult":false,"backdrop_path":"/xeGoXLDGgXGKH5nDHvuGNSFQsbv.jpg","genre_ids":[35,10749],"id":225565,"original_language":"en","original_title":"That Awkward Moment","overview":"Best pals Jason and Daniel indulge in casual flings and revel in their carefree, unattached lives. After learning that the marriage of their friend Mikey is over, they gladly welcome him back into their circle. The three young men make a pact to have fun and avoid commitment. However, when all three find themselves involved in serious relationships, they must keep their romances secret from one another.","release_date":"2014-01-31","poster_path":"/lvj2Nqr9RLA6ichyui5Th8oZq5s.jpg","popularity":3.572322,"title":"That Awkward Moment","video":false,"vote_average":6.0,"vote_count":340},{"adult":false,"backdrop_path":"/kKoVVOd3HBDz9EVarFEGl6xU7r6.jpg","genre_ids":[35],"id":10358,"original_language":"en","original_title":"Zack and Miri Make a Porno","overview":"Lifelong platonic friends Zack and Miri look to solve their respective cash-flow problems by making an adult film together. As the cameras roll, however, the duo begin to sense that they may have more feelings for each other than they previously thought.","release_date":"2008-09-18","poster_path":"/zxwEJBhSSu5AuKTTd4ugWaCqmg.jpg","popularity":1.846195,"title":"Zack and Miri Make a Porno","video":false,"vote_average":6.0,"vote_count":243},{"adult":false,"backdrop_path":"/cHy7nSitAVgvZ7qfCK4JO47t3oZ.jpg","genre_ids":[878,28,12],"id":91314,"original_language":"en","original_title":"Transformers: Age of Extinction","overview":"As humanity picks up the pieces, following the conclusion of \"Transformers: Dark of the Moon,\" Autobots and Decepticons have all but vanished from the face of the planet. However, a group of powerful, ingenious businessman and scientists attempt to learn from past Transformer incursions and push the boundaries of technology beyond what they can control - all while an ancient, powerful Transformer menace sets Earth in his cross-hairs.","release_date":"2014-06-27","poster_path":"/6rtXH8cIZbgwLy8EvaXGucwdep5.jpg","popularity":5.121815,"title":"Transformers: Age of Extinction","video":false,"vote_average":6.0,"vote_count":1460},{"adult":false,"backdrop_path":"/mXenFohxCO4jQ0e1bJf4e9gebxL.jpg","genre_ids":[28,35,80],"id":96,"original_language":"en","original_title":"Beverly Hills Cop II","overview":"Axel Foley is back and as funny as ever in this fast-paced sequel to the original smash hit. This time, the Detroit cop heads for the land of sunshine and palm trees to find out who shot police Captain Andrew Bogomil. Thanks to a couple of old friends, Axel's investigation uncovers a series of robberies masterminded by a heartless weapons kingpin, and the chase is on!","release_date":"1987-05-18","poster_path":"/2y1z1baxKT0coTTRlnkI6McnR9f.jpg","popularity":2.750459,"title":"Beverly Hills Cop II","video":false,"vote_average":6.0,"vote_count":188},{"adult":false,"backdrop_path":"/8iNsXY3LPsuT0gnUiTBMoNuRZI7.jpg","genre_ids":[14,28,27],"id":52520,"original_language":"en","original_title":"Underworld: Awakening","overview":"After being held in a coma-like state for fifteen years, vampire Selene learns that she has a fourteen-year-old vampire/Lycan hybrid daughter named Nissa, and when she finds her, they must stop BioCom from creating super Lycans that will kill them all.","release_date":"2012-01-18","poster_path":"/76GXWKs2IDi0ZERKLT57wkToV0A.jpg","popularity":2.726437,"title":"Underworld: Awakening","video":false,"vote_average":6.0,"vote_count":1154},{"adult":false,"backdrop_path":"/tBSTG4I5CbRtW4nhM5zRLgEoDhY.jpg","genre_ids":[35,18,10749],"id":12435,"original_language":"en","original_title":"The Nanny Diaries","overview":"A college graduate goes to work as a nanny for a rich New York family. Ensconced in their home, she has to juggle their dysfunction, a new romance, and the spoiled brat in her charge.","release_date":"2007-08-24","poster_path":"/vaARLtfmTHbNpcZycgYLV62M7ye.jpg","popularity":1.068092,"title":"The Nanny Diaries","video":false,"vote_average":6.0,"vote_count":87},{"adult":false,"backdrop_path":"/hNuopzyelAp6PaOvwB2QG6JCPLu.jpg","genre_ids":[35,18],"id":271724,"original_language":"fr","original_title":"Hippocrate","overview":"Benjamin is meant to be a great doctor, he’s certain of it. But his first experience as a junior doctor in the hospital ward where his father works doesn’t turn out the way he hoped it would. Responsibility is overwhelming, his father is all but present, and his co-junior partner, a foreign doctor, is far more experimented than he is. This internship will force Benjamin to confront his limits… and start his way to adulthood.","release_date":"2014-09-03","poster_path":"/5vwa4kVPU1iKFvSXw88DsGc164a.jpg","popularity":0.247048,"title":"Hippocrates","video":false,"vote_average":6.0,"vote_count":53},{"adult":false,"backdrop_path":"/qFYwztFX1gx9PZLnTEokQw5q04G.jpg","genre_ids":[35],"id":9273,"original_language":"en","original_title":"Ace Ventura: When Nature Calls","overview":"Summoned from an ashram in Tibet, Ace finds himself on a perilous journey into the jungles of Africa to find Shikaka, the missing sacred animal of the friendly Wachati tribe. He must accomplish this before the wedding of the Wachati's Princess to the prince of the warrior Wachootoos. If Ace fails, the result will be a vicious tribal war.","release_date":"1995-11-10","poster_path":"/wRlGnJhEzcxBjvWtvbjhDSU1cIY.jpg","popularity":2.349446,"title":"Ace Ventura: When Nature Calls","video":false,"vote_average":6.0,"vote_count":354},{"adult":false,"backdrop_path":"/6wBfey6EVR5qxYLB8pxoTVQYWkS.jpg","genre_ids":[28,80,18,53],"id":1620,"original_language":"en","original_title":"Hitman","overview":"The best-selling videogame, Hitman, roars to life with both barrels blazing in this hardcore action-thriller starring Timothy Olyphant. A genetically engineered assassin with deadly aim, known only as \"Agent 47\" eliminates strategic targets for a top-secret organization. But when he's double-crossed, the hunter becomes the prey as 47 finds himself in a life-or-death game of international intrigue.","release_date":"2007-11-21","poster_path":"/1U2FpMotSyaciATw5qfEsKdgpX4.jpg","popularity":2.913072,"title":"Hitman","video":false,"vote_average":6.0,"vote_count":389},{"adult":false,"backdrop_path":"/vKEMIoqP2HqYG9jKqFgjnaPssKK.jpg","genre_ids":[35],"id":2123,"original_language":"en","original_title":"Me, Myself & Irene","overview":"Rhode Island State Trooper Charlie Baileygates has a multiple personality disorder. One personality is crazy and aggressive, while the other is more friendly and laid back. Both of these personalities fall in love with the same woman named Irene after Charlie loses his medication.","release_date":"2000-06-15","poster_path":"/y7OG1Y2UvnaEoQEQIonnykJvdwt.jpg","popularity":2.561411,"title":"Me, Myself & Irene","video":false,"vote_average":6.0,"vote_count":299},{"adult":false,"backdrop_path":"/2o8CFr4bqmYDiWQp1DRwC7Jh4VX.jpg","genre_ids":[35],"id":55465,"original_language":"en","original_title":"A Very Harold & Kumar Christmas","overview":"Six years have elapsed since Guantanamo Bay, leaving Harold and Kumar estranged from one another with very different families, friends and lives. But when Kumar arrives on Harold's doorstep during the holiday season with a mysterious package in hand, he inadvertently burns down Harold's father-in-law's beloved Christmas tree. To fix the problem, Harold and Kumar embark on a mission through New York City to find the perfect Christmas tree, once again stumbling into trouble at every single turn.","release_date":"2011-11-04","poster_path":"/8zdGMb5lfq2JB5OpipASK85URHC.jpg","popularity":0.579335,"title":"A Very Harold & Kumar Christmas","video":false,"vote_average":6.0,"vote_count":132},{"adult":false,"backdrop_path":"/p4oRggKzwuhPVEVBdgfvyuZw9Tj.jpg","genre_ids":[35],"id":242022,"original_language":"en","original_title":"The Inbetweeners 2","overview":"Neil, Will and Simon receive an invite from Jay to join him in Australia whilst on his gap year, who promises them it’s ”the sex capital of the world”. With their lives now rather dull compared to their hedonistic school days and legendary lads holiday, it’s an offer they can’t refuse. Once again, they put growing up temporarily on-hold, and embark on a backpacking holiday of a lifetime in an awful car, inspired by Peter Andre’s ‘Mysterious Girl’. Will soon finds himself battling with the lads to do something cultural, whilst they focus their attention on drinking, girls, and annoying fellow travelers.","release_date":"2014-08-06","poster_path":"/qaUeXI9am1IkEoDoccnBy5W6kA4.jpg","popularity":1.482774,"title":"The Inbetweeners 2","video":false,"vote_average":6.0,"vote_count":96},{"adult":false,"backdrop_path":"/47gRJs6hozTKhg8jaqkEyQQ6NrA.jpg","genre_ids":[878,10752],"id":9425,"original_language":"en","original_title":"Soldier","overview":"Sergeant Todd is a veteran soldier for an elite group of the armed forces. After being defeated by a new breed of genetically engineered soldiers, he is dumped on a waste planet and left for dead. He soon interacts with a group of crash survivors who lead out a peaceful existence. The peace is broken as the new soldiers land on the planet to eliminate the colony, which Sergeant Todd must defend.","release_date":"1998-10-23","poster_path":"/lpByPXb2xJvsmeEBxO9YPADLLdi.jpg","popularity":1.880724,"title":"Soldier","video":false,"vote_average":6.0,"vote_count":59},{"adult":false,"backdrop_path":"/7gTvjByEOx959HtetwcczO2eOJi.jpg","genre_ids":[18,27],"id":133805,"original_language":"en","original_title":"Carrie","overview":"A reimagining of the classic horror tale about Carrie White, a shy girl outcast by her peers and sheltered by her deeply religious mother, who unleashes telekinetic terror on her small town after being pushed too far at her senior prom.","release_date":"2013-10-18","poster_path":"/j0999NYddCGcishJlxluDRQIn6k.jpg","popularity":3.087069,"title":"Carrie","video":false,"vote_average":6.0,"vote_count":523},{"adult":false,"backdrop_path":"/m0YwLST0nm2oh4t1udfzfnp42Sw.jpg","genre_ids":[12,27,53],"id":34480,"original_language":"en","original_title":"The Descent: Part 2","overview":"Distraught, confused, and half-wild with fear, Sarah Carter emerges alone from the Appalachian cave system where she encountered unspeakable terrors. Unable to plausibly explain to the authorities what happened - or why she's covered in her friends' blood - Sarah is forced back to the subterranean depths to help locate her five missing companions.","release_date":"2009-12-02","poster_path":"/hdiPZ3vnM6fPvfvbGY6C3gfTFEn.jpg","popularity":1.216749,"title":"The Descent: Part 2","video":false,"vote_average":6.0,"vote_count":82}],"total_pages":180,"total_results":3596}
