{"page":143,"results":[{"adult":false,"backdrop_path":"/ip4qHgYa0ZJhO1e7cjnz0HAcgRX.jpg","genre_ids":[16,35,10402,10751],"id":9836,"original_language":"en","original_title":"Happy Feet","overview":"Into the world of the Emperor Penguins, who find their soul mates through song, a penguin is born who cannot sing. But he can tap dance something fierce!","release_date":"2006-11-16","poster_path":"/8RLEzftZK87S2usLsQoYtyNYzoV.jpg","popularity":0.86076,"title":"Happy Feet","video":false,"vote_average":5.7,"vote_count":526},{"adult":false,"backdrop_path":"/rPkAysz2Kjjk2C52N2DXwK2rhgy.jpg","genre_ids":[28,12,878],"id":2135,"original_language":"en","original_title":"The Time Machine","overview":"Hoping to alter the events of the past, a 19th century inventor instead travels 800,000 years into the future, where he finds humankind divided into two warring races.","release_date":"2002-03-04","poster_path":"/elWjfgdsKQbk5E02npdy5Q0Ziee.jpg","popularity":1.500506,"title":"The Time Machine","video":false,"vote_average":5.7,"vote_count":190},{"adult":false,"backdrop_path":"/ddMTbjChBrkdTsrUKi8l8Jcljei.jpg","genre_ids":[80,9648,53],"id":3489,"original_language":"en","original_title":"88 Minutes","overview":"\"88 Minutes\" focuses on a college professor (Pacino) who moonlights as a forensic psychiatrist for the FBI and receives a death threat claiming he has only 88 minutes to live.","release_date":"2008-04-18","poster_path":"/b5d3iWimQXvjAx9Grjuk912DSij.jpg","popularity":0.94346,"title":"88 Minutes","video":false,"vote_average":5.7,"vote_count":87},{"adult":false,"backdrop_path":"/t2qDw8mZlwIvdBVOBogRnFdL018.jpg","genre_ids":[28,53,878],"id":81796,"original_language":"en","original_title":"Lockout","overview":"Set in the near future, Lockout follows a falsely convicted ex-government agent , whose one chance at obtaining freedom lies in the dangerous mission of rescuing the President's daughter from rioting convicts at an outer space maximum security prison.","release_date":"2012-04-12","poster_path":"/6Re7l6UQDlTzfmn3yNL35pvr2mG.jpg","popularity":2.565996,"title":"Lockout","video":false,"vote_average":5.7,"vote_count":316},{"adult":false,"backdrop_path":"/3xpkLbV35XkbUwcE0WsvJOkqvdz.jpg","genre_ids":[28,80,9648,53],"id":11074,"original_language":"en","original_title":"Striking Distance","overview":"Coming from a police family, Tom Hardy ends up fighting his uncle after the murder of his father. Tom believes the killer is another cop, and goes on the record with his allegations. Demoted to water-way duty Tom, along with new partner Jo Christman, navigate the three rivers looking for clues and discovering bodies. This time the victims are women Tom knows, he must find the killer to prove his innocence.","release_date":"1993-09-17","poster_path":"/5lajJvZTWmDAN0OnDvzN6nqpT8e.jpg","popularity":0.697332,"title":"Striking Distance","video":false,"vote_average":5.7,"vote_count":54},{"adult":false,"backdrop_path":"/K2oP3Quy3eJmUJruI0GtNUGre5.jpg","genre_ids":[28,12,35,37,10749,10751],"id":10204,"original_language":"en","original_title":"Around the World in 80 Days","overview":"A bet pits a British inventor, a Chinese thief, and a French artist on a worldwide adventure that they can circle the globe in 80 days.","release_date":"2004-06-16","poster_path":"/2glntoCztzLkfjajsJKNOSY0vpn.jpg","popularity":1.205243,"title":"Around the World in 80 Days","video":false,"vote_average":5.7,"vote_count":184},{"adult":false,"backdrop_path":"/damb978MeBbqNf6SXlPe1Fum6x1.jpg","genre_ids":[10751,12,878],"id":238603,"original_language":"en","original_title":"Earth to Echo","overview":"After a construction project begins digging in their neighborhood, best friends Tuck, Munch and Alex inexplicably begin to receive strange, encoded messages on their cell phones. Convinced something bigger is going on, they go to their parents and the authorities. When everyone around them refuses to take the messages seriously, the three embark on a secret adventure to crack the code and follow it to its source. But taking matters into their own hands gets the trio in way over their heads when they discover a mysterious being from another world who desperately needs their help. The epic, suspenseful and exciting journey that follows will change all of their lives forever.","release_date":"2014-07-02","poster_path":"/tWPWo3JgwM7uGX096mWXmWPl8k8.jpg","popularity":2.14569,"title":"Earth to Echo","video":false,"vote_average":5.7,"vote_count":151},{"adult":false,"backdrop_path":"/3rRAYIwh1FhdijYkSDgPFhQTTI9.jpg","genre_ids":[28,35,80],"id":23742,"original_language":"en","original_title":"Cop Out","overview":"Officers Jimmy Monroe and Paul Hodges have their weapons drawn on a gun-wielding killer. They agree to shoot on three. But, wait, does that mean 1…2… shoot or 1…2…3… then shoot? Punches hit hard and laughs hit harder (or is it the other way ’round?) when action star Bruce Willis and ace comic Tracy Morgan pair as bickering-but-got-your-back Brooklyn buddy cops. Kevin Smith (Clerks, Chasing Amy) directs the gritty, goofball goings-on as the guys hunt for a stolen 1952 mint condition baseball card (Jimmy needs it to fund his daughter’s wedding), a hunt plunging them into a gunslinging war with a deadly drug ring. Batter up, fans. The boys are ready to take you out to the ol’ brawl game!","release_date":"2010-02-26","poster_path":"/cSkPYnVsD7MRNXPhkhBv3Mcxx39.jpg","popularity":1.981026,"title":"Cop Out","video":false,"vote_average":5.7,"vote_count":211},{"adult":false,"backdrop_path":"/oDstZBZm1GbxusSlgSncWTO5zHW.jpg","genre_ids":[12],"id":10495,"original_language":"en","original_title":"The Karate Kid, Part III","overview":"Kreese, his life in tatters after his karate school was defeated by Daniel and Mr. Miyagi, visits Terry, a friend from Vietnam. Terry is a ruthless business man and a martial arts expert, and he vows to help Kreese take revenge on Daniel and Mr. Miyagi.","release_date":"1989-06-29","poster_path":"/2Z0EJl11kOSPMMvHqZ4r5Csh7Ph.jpg","popularity":1.394287,"title":"The Karate Kid, Part III","video":false,"vote_average":5.7,"vote_count":73},{"adult":false,"backdrop_path":"/sGukZxFSavizbySXPI3wnyrbkcj.jpg","genre_ids":[28,35,80],"id":12118,"original_language":"en","original_title":"Police Academy 3: Back in Training","overview":"When police funding is cut, the Governor announces he must close one of the academies. To make it fair, the two police academies must compete against each other to stay in operation. Mauser persuades two officers in Lassard's academy to better his odds, but things don't quite turn out as expected...","release_date":"1986-03-20","poster_path":"/A0WHx049ty1RJ57XeQwweRxhHbW.jpg","popularity":2.585245,"title":"Police Academy 3: Back in Training","video":false,"vote_average":5.7,"vote_count":60},{"adult":false,"backdrop_path":"/qnvApBAWbXNm4C1PaiMsOcWfjnj.jpg","genre_ids":[18,10749],"id":152599,"original_language":"en","original_title":"The Immigrant","overview":"An innocent immigrant woman is tricked into a life of burlesque and vaudeville until a dazzling magician tries to save her and reunite her with her sister who is being held in the confines of Ellis Island.","release_date":"2013-11-27","poster_path":"/s1KTOHIQkn78NT74bz7pmxM6c7x.jpg","popularity":2.258082,"title":"The Immigrant","video":false,"vote_average":5.7,"vote_count":68},{"adult":false,"backdrop_path":"/tjUxWH1ru5zEfViPwtn6FzJ5rfO.jpg","genre_ids":[16,28,35,10751],"id":10555,"original_language":"en","original_title":"Shark Tale","overview":"Oscar is a small fish whose big aspirations often get him into trouble. Meanwhile, Lenny is a great white shark with a surprising secret that no sea creature would guess: He's a vegetarian. When a lie turns Oscar into an improbable hero and Lenny becomes an outcast, the two form an unlikely friendship.","release_date":"2004-10-01","poster_path":"/8hgmA0U2WgMA8EOSKgTH5tJNUfd.jpg","popularity":2.900278,"title":"Shark Tale","video":false,"vote_average":5.7,"vote_count":375},{"adult":false,"backdrop_path":"/iskupQlVbYmWrxNH6ifatWf2X5n.jpg","genre_ids":[18,35],"id":72358,"original_language":"en","original_title":"A Thousand Words","overview":"Jack McCall is a fast-talking literary agent, who can close any deal, any time, any way. He has set his sights on New Age guru Dr. Sinja (Cliff Curtis) for his own selfish purposes. But Dr. Sinja is on to him, and Jack’s life comes unglued after a magical Bodhi tree mysteriously appears in his backyard. With every word Jack speaks, a leaf falls from the tree and he realizes that when the last leaf falls, both he and the tree are toast. Words have never failed Jack McCall, but now he’s got to stop talking and conjure up some outrageous ways to communicate or he’s a goner.","release_date":"2012-03-08","poster_path":"/4T0nPirZLeLEaXOgLT7SGgopCui.jpg","popularity":2.271918,"title":"A Thousand Words","video":false,"vote_average":5.7,"vote_count":138},{"adult":false,"backdrop_path":"/nmZrtjeP3j7lTDKlNv4ayhq6AYR.jpg","genre_ids":[12,27],"id":8689,"original_language":"en","original_title":"Cannibal Holocaust","overview":"A New York University professor returns from a rescue mission to the Amazon rainforest with the footage shot by a lost team of documentarians who were making a film about the area's local cannibal tribes.","release_date":"1980-02-07","poster_path":"/r0VmAFHWAqlaraVg0krIEhDCPWH.jpg","popularity":1.246571,"title":"Cannibal Holocaust","video":false,"vote_average":5.7,"vote_count":56},{"adult":false,"backdrop_path":"/ovAxqg6WTlfi6QbPAJOiyHwNABM.jpg","genre_ids":[35,10751],"id":10708,"original_language":"en","original_title":"Daddy Day Care","overview":"Two men get laid off and have to become stay-at-home dads when they can't find jobs, which inspires them to open their own day-care center.","release_date":"2003-05-03","poster_path":"/fApwJRtMEML829MMlAAA5w1dGhu.jpg","popularity":2.122782,"title":"Daddy Day Care","video":false,"vote_average":5.7,"vote_count":125},{"adult":false,"backdrop_path":"/txR74Uy6sYbUv4HQURQXNF8LXTf.jpg","genre_ids":[35],"id":8277,"original_language":"en","original_title":"American Pie Presents: Beta House","overview":"Erik, Ryan, and Cooze start college and pledge the Beta House fraternity, presided over by none other than legendary Dwight Stifler. But chaos ensues when a fraternity of geeks threatens to stop the debauchery and the Betas have to make a stand for their right to party.","release_date":"2007-12-10","poster_path":"/jZ0mFsl1Cp28GrJoNPuku75gNPn.jpg","popularity":1.107469,"title":"American Pie Presents: Beta House","video":false,"vote_average":5.7,"vote_count":136},{"adult":false,"backdrop_path":"/jvClNC2oi7kL9lnKFD3fjKVhYbV.jpg","genre_ids":[28,14,35,27,9648],"id":203739,"original_language":"en","original_title":"Vampire Academy","overview":"Rose Hathaway is a Dhampir, half human/vampire, guardians of the Moroi, peaceful, mortal vampires living discretely within our world. Her legacy is to protect the Moroi from bloodthirsty, immortal Vampires, the Strigoi. This is her story.","release_date":"2014-02-07","poster_path":"/xxjEjVN0YKLuPUK9dnK97ov4tSk.jpg","popularity":4.254115,"title":"Vampire Academy","video":false,"vote_average":5.7,"vote_count":203},{"adult":false,"backdrop_path":"/nNvReK5QSyygLQDLcaxhrXa8eR0.jpg","genre_ids":[12,35,10751],"id":9641,"original_language":"en","original_title":"Cheaper by the Dozen 2","overview":"Steve Martin and Bonnie Hunt return as heads of the Baker family who, while on vacation, find themselves in competition with a rival family of eight children, headed by Eugene Levy,","release_date":"2005-12-21","poster_path":"/ftrEtXOMnYzF5k14tBJiS3MYby2.jpg","popularity":1.203051,"title":"Cheaper by the Dozen 2","video":false,"vote_average":5.7,"vote_count":130},{"adult":false,"backdrop_path":"/yp8bmscuXTocgYvL66QLtu9ONnz.jpg","genre_ids":[16,35,10751,28],"id":12242,"original_language":"en","original_title":"Mulan II","overview":"Fa Mulan gets the surprise of her young life when her love, Captain Li Shang asks for her hand in marriage. Before the two can have their happily ever after, the Emperor assigns them a secret mission, to escort three princesses to Chang'an, China. Mushu is determined to drive a wedge between the couple after he learns that he will lose his guardian job if Mulan marries into the Li family.","release_date":"2004-11-13","poster_path":"/pxGtt9XOdbFsGthxkGoceYcUccU.jpg","popularity":2.026978,"title":"Mulan II","video":false,"vote_average":5.7,"vote_count":97},{"adult":false,"backdrop_path":"/iybE8hZgZDT0XFxFslH2X9TUMtk.jpg","genre_ids":[28,12,35,18,37],"id":1406,"original_language":"en","original_title":"City Slickers","overview":"New York meets the west in this comedy starring Billy Crystal. Three New York business men decide to take a 'Wild West' vacation that turns out to not be the relaxing vacation they had envisioned.","release_date":"1991-06-07","poster_path":"/9utnPWr4aaZma19owcEXBo3OLcu.jpg","popularity":1.672234,"title":"City Slickers","video":false,"vote_average":5.7,"vote_count":61}],"total_pages":180,"total_results":3596}
