{"page":106,"results":[{"adult":false,"backdrop_path":"/wLczRlndrKOFcBffSzUEKNyBEi2.jpg","genre_ids":[18],"id":112336,"original_language":"en","original_title":"Hitchcock","overview":"Hitchcock follows the relationship between director Alfred Hitchcock and his wife Alma Reville during the making of his most famous film \"Psycho\" - and the trials and tribulations the director faced from Hollywood censors.","release_date":"2012-11-22","poster_path":"/qQGr8DQiAelkcy4w8cXn2qTMkMq.jpg","popularity":2.452683,"title":"Hitchcock","video":false,"vote_average":6.2,"vote_count":210},{"adult":false,"backdrop_path":"/xW7aigkiyHcGYUeXaljmhw8qOnU.jpg","genre_ids":[35],"id":9788,"original_language":"en","original_title":"Accepted","overview":"A high school slacker who's rejected by every school he applies to opts to create his own institution of higher learning, the South Harmon Institute of Technology, on a rundown piece of property near his hometown.","release_date":"2006-08-18","poster_path":"/2GaDZYNy3GgraGfn54FWUSrxPiF.jpg","popularity":1.964128,"title":"Accepted","video":false,"vote_average":6.2,"vote_count":118},{"adult":false,"backdrop_path":"/lNABYZx4BLt97dinPV4iRegGVfa.jpg","genre_ids":[16,10751],"id":7518,"original_language":"en","original_title":"Over the Hedge","overview":"A scheming raccoon fools a mismatched family of forest creatures into helping him repay a debt of food, by invading the new suburban sprawl that popped up while they were hibernating...and learns a lesson about family himself.","release_date":"2006-04-22","poster_path":"/fGvoD6n6blbFprgbl3BJ2U8YHSF.jpg","popularity":1.507511,"title":"Over the Hedge","video":false,"vote_average":6.2,"vote_count":317},{"adult":false,"backdrop_path":"/v761yOHKO3p6Yr7LDCjud6tUL5G.jpg","genre_ids":[28,80,53],"id":10651,"original_language":"en","original_title":"The Dead Pool","overview":"Dirty Harry Callahan returns for his final film adventure. Together with his partner Al Quan, he must investigate the systematic murder of actors and musicians. By the time Harry learns that the murders are a part of a sick game to predict the deaths of celebrities before they happen, it may be too late...","release_date":"1988-07-12","poster_path":"/mOaNHnAdqxi4dnvNmEddrM4vQQe.jpg","popularity":1.610256,"title":"The Dead Pool","video":false,"vote_average":6.2,"vote_count":50},{"adult":false,"backdrop_path":"/6BqAHEKpm88t3z678mxJnpWNx55.jpg","genre_ids":[18,27,53],"id":86825,"original_language":"en","original_title":"Stoker","overview":"After India's father dies, her Uncle Charlie, who she never knew existed, comes to live with her and her unstable mother. She comes to suspect this mysterious, charming man has ulterior motives and becomes increasingly infatuated with him.","release_date":"2013-03-01","poster_path":"/vq4Medvdxd2G6WJXhN5vWHnWEhK.jpg","popularity":2.993021,"title":"Stoker","video":false,"vote_average":6.2,"vote_count":390},{"adult":false,"backdrop_path":"/fedByntH8KdlT8WCoLsH6xAVXmw.jpg","genre_ids":[27],"id":157547,"original_language":"en","original_title":"Oculus","overview":"A woman tries to exonerate her brother's murder conviction by proving that the crime was committed by a supernatural phenomenon.","release_date":"2013-09-08","poster_path":"/ic8C94ylSfcoLkXqPOKzL6DqPcH.jpg","popularity":1.920751,"title":"Oculus","video":false,"vote_average":6.2,"vote_count":311},{"adult":false,"backdrop_path":"/73hI1zgRALUDrB46JDPBLFqHcqv.jpg","genre_ids":[12,35,14,10751],"id":181533,"original_language":"en","original_title":"Night at the Museum: Secret of the Tomb","overview":"When the magic powers of The Tablet of Ahkmenrah begin to die out, Larry Daley (Ben Stiller) spans the globe, uniting favorite and new characters while embarking on an epic quest to save the magic before it is gone forever.","release_date":"2014-12-19","poster_path":"/tWwASv4CU1Au1IukacdSUewDCV3.jpg","popularity":7.961047,"title":"Night at the Museum: Secret of the Tomb","video":false,"vote_average":6.2,"vote_count":490},{"adult":false,"backdrop_path":"/q5LRhDbHCLGzbQoakyjozXhIsPx.jpg","genre_ids":[28,878,53,80],"id":31867,"original_language":"en","original_title":"Repo Men","overview":"In the future, medical technology has advanced to the point where people can buy artificial organs to extend their lives. But if they default on payments, an organization known as the Union sends agents to repossess the organs. Remy is one of the best agents in the business, but when he becomes the recipient of an artificial heart, he finds himself in the same dire straits as his many victims.","release_date":"2010-03-18","poster_path":"/owCZCoKCutG7cf3Gu2ykrbfyRnl.jpg","popularity":2.139117,"title":"Repo Men","video":false,"vote_average":6.2,"vote_count":248},{"adult":false,"backdrop_path":"/AiVEqxrkov15dfzliosRXcE0w39.jpg","genre_ids":[27],"id":215,"original_language":"en","original_title":"Saw II","overview":"When a new murder victim is discovered with all the signs of Jigsaw's hand, Detective Eric Matthews begins a full investigation and apprehends Jigsaw with little effort. But for Jigsaw, getting caught is just another part of his plan. Eight more of his victims are already fighting for their lives and now it's time for Matthews to join the game...","release_date":"2005-10-28","poster_path":"/vC7ggR8njwtQOZRmrSvMtHqy9hx.jpg","popularity":1.429259,"title":"Saw II","video":false,"vote_average":6.2,"vote_count":322},{"adult":false,"backdrop_path":"/AmzCMsWyWAsUCRSTXHPmm3cK8mm.jpg","genre_ids":[80,18,53],"id":2116,"original_language":"en","original_title":"Out of Time","overview":"Matt Lee Whitlock, respected chief of police in small Banyan Key, Florida, must solve a vicious double homicide before he himself falls under suspicion. Matt Lee has to stay a few steps ahead of his own police force and everyone he's trusted in order to find out the truth.","release_date":"2003-10-03","poster_path":"/3k3YJByOHT7z8DQa43yj6P5LFHI.jpg","popularity":1.62673,"title":"Out of Time","video":false,"vote_average":6.2,"vote_count":88},{"adult":false,"backdrop_path":"/bWvLioeu9DUv4aP5kWPHj8NMoNJ.jpg","genre_ids":[28,35,878],"id":59678,"original_language":"en","original_title":"Attack the Block","overview":"A teen gang in South London defend their block from an alien invasion. Attack the Block is a 2011 British science fiction action film written and directed by Joe Cornish. The film stars Jodie Whittaker, John Boyega, Alex Esmail, Franz Drameh, Leeon Jones, Simon Howard. Set on a council estate in South London on Bonfire night, the film follows a street gang which have to defend themselves from hostile alien invaders. The film was released in the United Kingdom on 11 May 2011. Attack the Block is the directorial debut of Cornish.","release_date":"2011-05-12","poster_path":"/n2qLb5UPj0sKUnlzkthp30wM0g2.jpg","popularity":1.851984,"title":"Attack the Block","video":false,"vote_average":6.2,"vote_count":189},{"adult":false,"backdrop_path":"/mYPkgYPf6o6cVdfZdoR7HMtseBj.jpg","genre_ids":[28,80,53],"id":2085,"original_language":"en","original_title":"Romeo Must Die","overview":"Two warring gang families (one African-American, the other Chinese) maneuver for bragging rights to the Oakland, California, docks. Hang SIng and Trish O'Day uncover a trail of deceit that leaves most of the warring factions dead … or worse!","release_date":"2000-06-08","poster_path":"/pJfYg8odBx1NOVFafOM1ahfvr4V.jpg","popularity":2.186276,"title":"Romeo Must Die","video":false,"vote_average":6.2,"vote_count":119},{"adult":false,"backdrop_path":"/8Roetz620YFxPUYwxaJwdI4kI9q.jpg","genre_ids":[35],"id":10156,"original_language":"en","original_title":"History of the World: Part I","overview":"Mel Brooks' uproarious version of history proves nothing is sacred as he takes us on a laugh-filled look at what really happened throughout time. His delirious romp features everything from a wild send-up of \"2001\" to the real stories behind the Roman Empire, the French Revolution and the Spanish Inquisition. It's Mel and company at their hilarious best.","release_date":"1981-06-12","poster_path":"/6jOfKftlw1M5cT2oijL3U1Lt6Up.jpg","popularity":1.67126,"title":"History of the World: Part I","video":false,"vote_average":6.2,"vote_count":52},{"adult":false,"backdrop_path":null,"genre_ids":[28,878,27],"id":173897,"original_language":"en","original_title":"Resident Evil: Rising","overview":"Alice, Jill, Claire, Chris, Leon, Ada, and Wesker rush to The Hive, where The Red Queen plots total destruction over the human race.","release_date":"2016-09-02","poster_path":"/4Aq3xUPDVbTr8AdU1mGcu5PgSc3.jpg","popularity":1.055987,"title":"Resident Evil: Rising","video":false,"vote_average":6.2,"vote_count":341},{"adult":false,"backdrop_path":"/dvdKrICCKP8Uh1Xqkn60oQXnYer.jpg","genre_ids":[16,10751],"id":77950,"original_language":"en","original_title":"Turbo","overview":"The tale of an ordinary garden snail who dreams of winning the Indy 500.","release_date":"2013-07-19","poster_path":"/kajPlPUgobxci8ME5oqvzjN430q.jpg","popularity":1.474785,"title":"Turbo","video":false,"vote_average":6.2,"vote_count":577},{"adult":false,"backdrop_path":"/oFT8EGTXeBthnEsf4UQkHUBqI6X.jpg","genre_ids":[35,18,10749],"id":38073,"original_language":"en","original_title":"Going the Distance","overview":"Erin's wry wit and unfiltered frankness charm newly single Garrett over beer, bar trivia and breakfast the next morning. Their chemistry sparks a full-fledged summer fling, but neither expects it to last once Erin heads home to San Francisco and Garrett stays behind for his job in New York City. But when six weeks of romping through the city inadvertently become meaningful, neither is sure they want it to end. And while Garrett's friends, Box and Dan, joke about his pre-flight calorie-cutting and his full-time relationship with his cell phone, they don't like losing their best drinking buddy to yet another rocky romance.","release_date":"2010-09-03","poster_path":"/2WRQiwOsy0LZj4PNSKCjQQk19e3.jpg","popularity":1.598057,"title":"Going the Distance","video":false,"vote_average":6.2,"vote_count":78},{"adult":false,"backdrop_path":"/k3QPHRK6hn1fVyaSgHgyzckF3MQ.jpg","genre_ids":[28,12,80,18,53],"id":13389,"original_language":"en","original_title":"Righteous Kill","overview":"Two veteran New York City detectives work to identify the possible connection between a recent murder and a case they believe they solved years ago; is there a serial killer on the loose, and did they perhaps put the wrong person behind bars?","release_date":"2008-09-12","poster_path":"/rUKws37KgZ6rtUObEvTLn4ziEjN.jpg","popularity":2.385934,"title":"Righteous Kill","video":false,"vote_average":6.2,"vote_count":100},{"adult":false,"backdrop_path":"/uEkVmznbztmNHvxc0qlIX0TKArz.jpg","genre_ids":[28],"id":179,"original_language":"en","original_title":"The Interpreter","overview":"A thriller about an interpreter who has overheard plans of an assassination at United Nations headquarters. An American Secret Service agent is sent to investigate as Silvia Broome, the interpreter, is in danger of being killed by the assassins.","release_date":"2005-04-04","poster_path":"/iQ3pa4t2B0oLBU2Ny6GRBabhV7e.jpg","popularity":2.78586,"title":"The Interpreter","video":false,"vote_average":6.2,"vote_count":100},{"adult":false,"backdrop_path":"/oSEq6TrGiGHo1p0gsY1rox2MTSg.jpg","genre_ids":[80,18,28,53],"id":41283,"original_language":"en","original_title":"Faster","overview":"Driver (Dwayne Johnson) has spent the last 10 years in prison planning revenge for the murder of his brother. Now that Driver is free to carry out his deadly plan only two men stand in his way- Billy Bob Thornton plays a veteran cop and Oliver Jackson-Cohen, a crazy hitman. With those two close on his trail, Driver races to carry out his mission as the mystery surrounding his brothers murder deepens.","release_date":"2010-11-23","poster_path":"/xaHojTGfidOUfON6DGY14qUqATj.jpg","popularity":2.582803,"title":"Faster","video":false,"vote_average":6.2,"vote_count":242},{"adult":false,"backdrop_path":"/yMHcsO8PY2J7CzxtcWxvgfT0iUz.jpg","genre_ids":[18],"id":6972,"original_language":"en","original_title":"Australia","overview":"Set in northern Australia before World War II, an English aristocrat who inherits a sprawling ranch reluctantly pacts with a stock-man in order to protect her new property from a takeover plot. As the pair drive 2,000 head of cattle over unforgiving landscape, they experience the bombing of Darwin, Australia, by Japanese forces firsthand.","release_date":"2008-11-18","poster_path":"/rjyseZNRuMiomWbQZt6BQMwyyE2.jpg","popularity":1.964874,"title":"Australia","video":false,"vote_average":6.2,"vote_count":236}],"total_pages":180,"total_results":3596}
