{"page":134,"results":[{"adult":false,"backdrop_path":"/hUCf8nuuSjUwWlOmTVVPXJHl97v.jpg","genre_ids":[35,10749],"id":3981,"original_language":"en","original_title":"What Women Want","overview":"Advertising executive Nick Marshall is as cocky as they come, but what happens to a chauvinistic guy when he can suddenly hear what women are thinking? Nick gets passed over for a promotion, but after an accident enables him to hear women's thoughts, he puts his newfound talent to work against Darcy, his new boss, who seems to be infatuated with him.","release_date":"2000-12-14","poster_path":"/xiL4PMdL2b5RRdsfEkGmaol2ScW.jpg","popularity":0.758406,"title":"What Women Want","video":false,"vote_average":5.8,"vote_count":312},{"adult":false,"backdrop_path":"/fQsnOE6OpjV2wkCVBBoC47T4wUH.jpg","genre_ids":[28,18],"id":76544,"original_language":"en","original_title":"Man of Tai Chi","overview":"In Beijing, a young martial artist's skill places him in position to experience opportunities and sacrifices.","release_date":"2013-11-01","poster_path":"/42MutxsgeJS5pYLNWUGv8d6B9wa.jpg","popularity":1.939552,"title":"Man of Tai Chi","video":false,"vote_average":5.8,"vote_count":130},{"adult":false,"backdrop_path":"/hozzH6DHXjqSVx9LyipyQiWc7MA.jpg","genre_ids":[12,53,878],"id":74,"original_language":"en","original_title":"War of the Worlds","overview":"The extraordinary battle for the future of humankind through the eyes of one American family fighting to survive it. Ray Ferrier is a divorced dockworker and less-than-perfect father. Soon after his ex-wife and her new husband drop of his teenage son Robbie and young daughter Rachel for a rare weekend visit, a strange and powerful lightning storm touches down.","release_date":"2005-06-28","poster_path":"/xXMM9KY2eq1SDOQif9zO91YOBA8.jpg","popularity":3.42932,"title":"War of the Worlds","video":false,"vote_average":5.8,"vote_count":676},{"adult":false,"backdrop_path":"/zkY5c8UlV6vD9VA8dCkKb2Ff8YA.jpg","genre_ids":[35,10751],"id":10406,"original_language":"en","original_title":"Encino Man","overview":"High school misfits Stoney and Dave discover a long-frozen primeval man from the past in their back yard. But the thawed-out Link, as the boys have named him, quickly becomes a wild card in the teens' already zany Southern California lives. After a shave and some new clothes, Link's presence at school makes the daily drudgery a lot more interesting.","release_date":"1992-05-22","poster_path":"/9DIWNDwGkWR1yAAcJu9Ccb6TuGl.jpg","popularity":1.348819,"title":"Encino Man","video":false,"vote_average":5.8,"vote_count":52},{"adult":false,"backdrop_path":"/8ELLcGJkQD1JrjJ6A5LS3Frn87q.jpg","genre_ids":[18,35,10749,10751],"id":10735,"original_language":"en","original_title":"What a Girl Wants","overview":"An American girl, Daphne, heads to Europe in search of the father she's never met. But instead of finding a British version of her bohemian mother, she learns the love of her mom's life is an uptight politician. The only problem now is that her long-lost dad is engaged to a fiercely territorial social climber with a daughter who makes Daphne's life miserable.","release_date":"2003-03-27","poster_path":"/fz7hIWLvyEAzH0hjGNwWEoWyNQn.jpg","popularity":1.886715,"title":"What a Girl Wants","video":false,"vote_average":5.8,"vote_count":75},{"adult":false,"backdrop_path":"/7fT1IogBbxM6S7SOIGSe7BXLEMq.jpg","genre_ids":[14,12,16,35,10751],"id":810,"original_language":"en","original_title":"Shrek the Third","overview":"Shrek and Co, return for more adventures. The King of Far Far Away has died and Shrek and Fiona are to become King &amp; Queen. Shrek however wants to return to his cosy swamp and live in peace and quiet. So when he finds out their is another heir to the throne, they set of to bring him back to rule the kingdom. Meanwhile, Prince Charming enlists the fairy tale baddies to steal the throne away.","release_date":"2007-05-17","poster_path":"/eDAnxTxVbrTFDz8KTMGgBXYLgYn.jpg","popularity":2.906318,"title":"Shrek the Third","video":false,"vote_average":5.8,"vote_count":737},{"adult":false,"backdrop_path":"/2ItHN3UMJyWmRdAoaXmdiffjiGR.jpg","genre_ids":[16,35,10402,10751],"id":65759,"original_language":"en","original_title":"Happy Feet Two","overview":"Mumble the penguin has a problem: his son Erik, who is reluctant to dance, encounters The Mighty Sven, a penguin who can fly! Things get worse for Mumble when the world is shaken by powerful forces, causing him to brings together the penguin nations and their allies to set things right.","release_date":"2011-11-17","poster_path":"/gY8lWCObaGvcDsmeM8QHBF4AZVk.jpg","popularity":0.917779,"title":"Happy Feet Two","video":false,"vote_average":5.8,"vote_count":125},{"adult":false,"backdrop_path":"/hg8ecg8LrR8ChvZh4aMETNUraGA.jpg","genre_ids":[12,28,53],"id":699,"original_language":"en","original_title":"For Your Eyes Only","overview":"A British spy ship has sunk and on board was a hi-tech encryption device. James Bond is sent to find the device that holds British launching instructions before the enemy Soviets get to it first.","release_date":"1981-06-23","poster_path":"/vpZZZ2eq8z4I6PSeGxR2UWNciGG.jpg","popularity":2.432481,"title":"For Your Eyes Only","video":false,"vote_average":5.8,"vote_count":159},{"adult":false,"backdrop_path":"/bOVyJyl19wX6crzZDCERXeweeZ8.jpg","genre_ids":[878],"id":3604,"original_language":"en","original_title":"Flash Gordon","overview":"A football player and his friends travel to the planet Mongo and find themselves fighting the tyrant, Ming the Merciless, to save Earth.","release_date":"1980-12-05","poster_path":"/9c5vKUX7MB1yixVp0ZFAUDRTaeE.jpg","popularity":1.403667,"title":"Flash Gordon","video":false,"vote_average":5.8,"vote_count":51},{"adult":false,"backdrop_path":"/n2ayb7ko6OpKTqgsAmWROoDgB9b.jpg","genre_ids":[27,53],"id":10294,"original_language":"en","original_title":"Vacancy","overview":"A young married couple becomes stranded at an isolated motel and find hidden video cameras in their room. They realize that unless they escape, they'll be the next victims of a snuff film.","release_date":"2007-04-20","poster_path":"/wZjZkzHdePRg0iaFAfVxLwXINhR.jpg","popularity":2.077253,"title":"Vacancy","video":false,"vote_average":5.8,"vote_count":96},{"adult":false,"backdrop_path":"/t03uCzKAcYwynMOG4iTcZ75Z23U.jpg","genre_ids":[16,10751,12,878],"id":15512,"original_language":"en","original_title":"Monsters vs Aliens","overview":"When Susan Murphy is unwittingly clobbered by a meteor full of outer space gunk on her wedding day, she mysteriously grows to 49-feet-11-inches. The military jumps into action and captures Susan, secreting her away to a covert government compound. She is renamed Ginormica and placed in confinement with a ragtag group of Monsters...","release_date":"2009-03-26","poster_path":"/8x0WrDcFQDC2eoXJe6iC34wXZE8.jpg","popularity":2.618736,"title":"Monsters vs Aliens","video":false,"vote_average":5.8,"vote_count":526},{"adult":false,"backdrop_path":"/3UNBXbqijQFq45OqMJJgiSK4tDV.jpg","genre_ids":[12,18,28,53,80],"id":17336,"original_language":"en","original_title":"Fighting","overview":"Small-town boy Shawn MacArthur has come to New York City with nothing. Barely earning a living selling counterfeit goods on the streets, his luck changes when scam artist Harvey Boarden sees that he has a natural talent for streetfighting. When Harvey offers Shawn help at making the real cash, the two form an uneasy partnership.","release_date":"2009-04-24","poster_path":"/yaZLB9FNV7Ivwu4mwDIsh320zDb.jpg","popularity":1.746819,"title":"Fighting","video":false,"vote_average":5.8,"vote_count":59},{"adult":false,"backdrop_path":"/fK079xAMXWYOfL0Cvsc5stHmcwI.jpg","genre_ids":[35,14,10749,10751],"id":10202,"original_language":"en","original_title":"Bedtime Stories","overview":"Skeeter Bronson is a down-on-his-luck guy who's always telling bedtime stories to his niece and nephew. But his life is turned upside down when the fantastical stories he makes up for entertainment inexplicably turn into reality. Can a bewildered Skeeter manage his own unruly fantasies now that the outrageous characters and situations from his mind have morphed into actual people and events?","release_date":"2008-12-25","poster_path":"/nhovvB0LO5nlgIvpPg2C1iLLAvr.jpg","popularity":1.1806,"title":"Bedtime Stories","video":false,"vote_average":5.8,"vote_count":393},{"adult":false,"backdrop_path":"/hVpUs9zBGDuAG6RcTeHkBQshJkk.jpg","genre_ids":[28,14,53],"id":23629,"original_language":"en","original_title":"Sucker Punch","overview":"A young girl is institutionalized by her abusive stepfather. Retreating to an alternative reality as a coping strategy, she envisions a plan which will help her escape from the mental facility.","release_date":"2011-03-25","poster_path":"/s5SjC5pXsBQG3wx9iVzaIzJzpFl.jpg","popularity":3.157836,"title":"Sucker Punch","video":false,"vote_average":5.8,"vote_count":607},{"adult":false,"backdrop_path":"/5EYLPXzlU2phGotXqW1qAE9bGnh.jpg","genre_ids":[12,14,18,878,10749],"id":10326,"original_language":"en","original_title":"Forever Young","overview":"A 1939 test pilot asks his best friend to use him as a guinea pig for a cryogenics experiment. Daniel McCormick wants to be frozen for a year so that he doesn't have to watch his love lying in a coma. The next thing Daniel knows is that he's been awoken in 1992.","release_date":"1992-12-16","poster_path":"/AvkLZ5EqehwUlJD93ZeobesDmHB.jpg","popularity":1.347695,"title":"Forever Young","video":false,"vote_average":5.8,"vote_count":61},{"adult":false,"backdrop_path":"/lzJzB0QfkjpGCm9qUC4XpEIB6pm.jpg","genre_ids":[10402,10751,14,35],"id":224141,"original_language":"en","original_title":"Into the Woods","overview":"A witch conspires to teach important lessons to various characters of popular children's stories including Little Red Riding Hood, Cinderella, Jack and the Beanstalk and Rapunzel.","release_date":"2014-12-25","poster_path":"/5h91odPFNlBuJbRBj5N4MEBfXDE.jpg","popularity":4.159561,"title":"Into the Woods","video":false,"vote_average":5.8,"vote_count":537},{"adult":false,"backdrop_path":"/wQAwqf2VgSJRyU7u8vNDWl6qXQf.jpg","genre_ids":[35],"id":88042,"original_language":"en","original_title":"Parental Guidance","overview":"Artie and Diane agree to look after their three grandkids when their type-A helicopter parents need to leave town for work. Problems arise when the kids' 21st-century behavior collides with Artie and Diane's old-school methods.","release_date":"2012-12-25","poster_path":"/1uHA1xOzrQczAmXvs4ji3XmKG6b.jpg","popularity":1.59936,"title":"Parental Guidance","video":false,"vote_average":5.8,"vote_count":129},{"adult":false,"backdrop_path":"/dMZHsG4agPmQ3jbuII4meLfbzK9.jpg","genre_ids":[28,35,53],"id":951,"original_language":"en","original_title":"Kindergarten Cop","overview":"Hard-edged cop John Kimble gets more than he bargained for when he goes undercover as a kindergarten teacher to get the goods on a brutal drug lord while at the same time protecting the man's young son. Pitted against a class of boisterous moppets whose antics try his patience and test his mettle, Kimble may have met his match … in more ways than one.","release_date":"1990-12-21","poster_path":"/7NkSMYuyVamvCnM5mYD6FkD59Wu.jpg","popularity":0.434756,"title":"Kindergarten Cop","video":false,"vote_average":5.8,"vote_count":156},{"adult":false,"backdrop_path":"/kFT6PLkBYystDLr1ekzr2Z9y8R8.jpg","genre_ids":[35,18],"id":112200,"original_language":"en","original_title":"Thanks for Sharing","overview":"A romantic comedy that brings together three disparate characters who are learning to face a challenging and often confusing world as they struggle together against a common demon: sex addiction.","release_date":"2012-09-07","poster_path":"/v0UZhlaAn3GE0xSSFUSRyDY7BHI.jpg","popularity":1.501085,"title":"Thanks for Sharing","video":false,"vote_average":5.8,"vote_count":57},{"adult":false,"backdrop_path":"/4UnmIN6aJhUiCIw8JlQuxUJ9vzR.jpg","genre_ids":[35,10749,18],"id":41210,"original_language":"en","original_title":"The Switch","overview":"An unmarried 40-year-old woman turns to a turkey baster in order to become pregnant. Seven years later, she reunites with her best friend, who has been living with a secret: he replaced her preferred sperm sample with his own.","release_date":"2010-05-11","poster_path":"/cikOGh4sUstWitAS3BTEpXsJ1vr.jpg","popularity":2.303952,"title":"The Switch","video":false,"vote_average":5.8,"vote_count":206}],"total_pages":180,"total_results":3596}
