{"page":14,"results":[{"adult":false,"backdrop_path":"/jRHZDSOv7WUKaY3NfrwYSXH3uRC.jpg","genre_ids":[18,35,10749],"id":49020,"original_language":"en","original_title":"Submarine","overview":"15-year-old deep-thinker Oliver Tate struggles to initiate and maintain a relationship with Jordana, his devilish, dark-haired classmate.  As his parents' marriage begins to fall apart, similar problems arise in his relationship with Jordana.","release_date":"2010-09-12","poster_path":"/ibYScMoDmBktoIZzUDFrhPpTPlH.jpg","popularity":2.014046,"title":"Submarine","video":false,"vote_average":7.5,"vote_count":118},{"adult":false,"backdrop_path":"/1iE3vVXx3Q7sFlJbNvNYsGHZEvO.jpg","genre_ids":[18,12,53],"id":10669,"original_language":"en","original_title":"Deliverance","overview":"The Cahulawassee River valley in Northern Georgia is one of the last natural pristine areas of the state, which will soon change with the imminent building of a dam on the river, which in turn will flood much of the surrounding land. As such, four Atlanta city slickers - alpha male Lewis Medlock, generally even-keeled Ed Gentry, slightly condescending Bobby Trippe, and wide-eyed Drew Ballinger - decide to take a multi-day canoe trip on the river, which turns into a trip they'll never forget into the dangerous American back-country.","release_date":"1972-07-30","poster_path":"/ig4ciwj5bfiXlvZOdeCuewktJw6.jpg","popularity":2.516992,"title":"Deliverance","video":false,"vote_average":7.5,"vote_count":88},{"adult":false,"backdrop_path":"/rHNz1AlYG0S9J3CGp9ObSFxUyMH.jpg","genre_ids":[12,16,28,878,9648],"id":40662,"original_language":"en","original_title":"Batman: Under the Red Hood","overview":"Batman faces his ultimate challenge as the mysterious Red Hood takes Gotham City by firestorm. One part vigilante, one part criminal kingpin, Red Hood begins cleaning up Gotham with the efficiency of Batman, but without following the same ethical code.","release_date":"2010-07-27","poster_path":"/78kjgspmLLOm2Glgpzqo9cS4GpI.jpg","popularity":2.333384,"title":"Batman: Under the Red Hood","video":false,"vote_average":7.5,"vote_count":182},{"adult":false,"backdrop_path":"/9Sib1INpjXMNwYuLSS9wgGRk707.jpg","genre_ids":[18],"id":404,"original_language":"en","original_title":"The Straight Story","overview":"\"The Straight Story\" chronicles a trip made by 73-year-old Alvin Straight from Laurens, Iowa, to Mt. Zion, Wisconsin, in 1994 while riding a lawn mower. The man undertook his strange journey to mend his relationship with his ill, estranged, 75-year-old brother Lyle.","release_date":"1999-05-21","poster_path":"/xR4LWXJa32fmPDoDBCOK1OwmBvt.jpg","popularity":1.353812,"title":"The Straight Story","video":false,"vote_average":7.5,"vote_count":54},{"adult":false,"backdrop_path":"/qNDbThLBQixXwUR3ri8NYHX0ydf.jpg","genre_ids":[35,18,10749],"id":703,"original_language":"en","original_title":"Annie Hall","overview":"The neurotic New Yorker Woody Allen tells one of the greatest romantic comedies to be set in the city of New York.","release_date":"1977-04-19","poster_path":"/j9vVQCSyNWvyBU6w9BxExZRlpZZ.jpg","popularity":2.322853,"title":"Annie Hall","video":false,"vote_average":7.5,"vote_count":200},{"adult":false,"backdrop_path":"/pPFbXcONHBntJIAsEn8TaIPPCpZ.jpg","genre_ids":[28,18,53,10752],"id":193756,"original_language":"en","original_title":"Lone Survivor","overview":"Based on the failed June 28, 2005 mission \"Operation Red Wing.\" Four members of SEAL Team 10, were tasked with the mission to capture or kill notorious Taliban leader, Ahmad Shah. Only one member of the team survived.","release_date":"2013-12-24","poster_path":"/c7Sqof18FgkoNcA0r5BFUcPLER1.jpg","popularity":2.639184,"title":"Lone Survivor","video":false,"vote_average":7.5,"vote_count":674},{"adult":false,"backdrop_path":"/5vZw7ltCKI0JiOYTtRxaIC3DX0e.jpg","genre_ids":[28,18,12],"id":98,"original_language":"en","original_title":"Gladiator","overview":"Gladiator is an epic film of love, death and betrayal set in the Roman Empire. General Maximus' success in battle earns the favour of an elderly Emperor at the expense of the Emperor's son. In a fit of jealous rage the son slays his father before turning his anger towards Maximus. Now reduced to a slave, his family dead, Maximus must fight as a gladiator to gain his freedom, and his revenge.","release_date":"2000-05-01","poster_path":"/6WBIzCgmDCYrqh64yDREGeDk9d3.jpg","popularity":5.135344,"title":"Gladiator","video":false,"vote_average":7.5,"vote_count":2483},{"adult":false,"backdrop_path":"/kFwUy1Nu9tM4ywZAGXHoetBY2pk.jpg","genre_ids":[18,37],"id":68718,"original_language":"en","original_title":"Django Unchained","overview":"With the help of a German bounty hunter, a freed slave sets out to rescue his wife from a brutal Mississippi plantation owner.","release_date":"2012-12-25","poster_path":"/5WJnxuw41sddupf8cwOxYftuvJG.jpg","popularity":6.693647,"title":"Django Unchained","video":false,"vote_average":7.5,"vote_count":5438},{"adult":false,"backdrop_path":"/ncsbzGl0r3wRWFWQMREATaFoywm.jpg","genre_ids":[18,10749],"id":84892,"original_language":"en","original_title":"The Perks of Being a Wallflower","overview":"A coming-of-age story based on the best-selling novel by Stephen Chbosky, which follows 15-year-old freshman Charlie, an endearing and naive outsider who is taken under the wings of two seniors. A moving tale of love, loss, fear and hope - and the unforgettable friends that help us through life.","release_date":"2012-09-21","poster_path":"/s9R55JZF8g0WEqZvf7YWh4FZVYl.jpg","popularity":2.281864,"title":"The Perks of Being a Wallflower","video":false,"vote_average":7.5,"vote_count":850},{"adult":false,"backdrop_path":"/6TRVwCYpEFhKVjG7r5wVorTXRDc.jpg","genre_ids":[27],"id":11906,"original_language":"en","original_title":"Suspiria","overview":"A candy-colored nightmare from Italian terror maestro Dario Argento, Suspiria weaves a menacing tale of witchcraft as a fairy tale gone horribly awry. From the moment she arrives in Freiberg, Germany, to attend the prestigious Tans Academy, American ballet-dancer Suzy Bannion (Jessica Harper) senses that something horribly evil lurks within the walls of the age-old institution.","release_date":"1977-02-01","poster_path":"/ccMPzxtnr5WcHaiwIN4P7mXoJzo.jpg","popularity":1.453393,"title":"Suspiria","video":false,"vote_average":7.5,"vote_count":63},{"adult":false,"backdrop_path":"/9hkWw0LnWrDlcK1swe3lf2Yxiko.jpg","genre_ids":[18],"id":1578,"original_language":"en","original_title":"Raging Bull","overview":"An emotionally self-destructive boxer's journey through life, as the violence and temper that leads him to the top in the ring, destroys his life outside it.","release_date":"1980-11-14","poster_path":"/yerJ9kU93Pxc2JtnuMDe6yRFxmC.jpg","popularity":2.464649,"title":"Raging Bull","video":false,"vote_average":7.4,"vote_count":237},{"adult":false,"backdrop_path":"/9meXjIwJZk9aMMoMZk3AMzt8o44.jpg","genre_ids":[27,35,14],"id":765,"original_language":"en","original_title":"Evil Dead II","overview":"Ash Williams and his girlfriend Linda find a log cabin in the woods with a voice recording from an archeologist who had recorded himself reciting ancient chants from “The Book of the Dead.” As they play the recording an evil power is unleashed taking over Linda’s body.","release_date":"1987-03-13","poster_path":"/w38GAxdfiDMJTW55zbnNcv0Av45.jpg","popularity":2.386488,"title":"Evil Dead II","video":false,"vote_average":7.4,"vote_count":220},{"adult":false,"backdrop_path":"/khX2v80pKktsqFQwhBxXM0N3KIb.jpg","genre_ids":[10751,35,18,10402],"id":304410,"original_language":"fr","original_title":"La Famille Bélier","overview":"The whole Bélier family is deaf, except for sixteen year old Paula who is the important translator in her parents' day to day life especially when it comes to matters concerning the family farm. When her music teacher discovers she has a fantastic singing voice and she gets an opportunity to enter a big Radio France contest the whole family's future is set up for big changes.","release_date":"2014-12-17","poster_path":"/ur6BmIy835Y62eb7AmUqHeRHo0a.jpg","popularity":2.769551,"title":"The Bélier Family","video":false,"vote_average":7.4,"vote_count":201},{"adult":false,"backdrop_path":"/w6Ecdh1Erq285jEVVKmjnkFUIdj.jpg","genre_ids":[53,80],"id":107,"original_language":"en","original_title":"Snatch","overview":"The second film from British director Guy Ritchie. Snatch tells an obscure story similar to his first fast-paced crazy character-colliding filled film “Lock, Stock &amp; Two Smoking Barrels.” There are two overlapping stories here – one is the search for a stolen diamond, and the other about a boxing promoter who’s having trouble with a psychotic gangster.","release_date":"2000-09-01","poster_path":"/on9JlbGEccLsYkjeEph2Whm1DIp.jpg","popularity":3.246262,"title":"Snatch","video":false,"vote_average":7.4,"vote_count":1398},{"adult":false,"backdrop_path":"/qjm30F9hwJ6BNbsb7iOrrKwkY3n.jpg","genre_ids":[35,18,10749],"id":696,"original_language":"en","original_title":"Manhattan","overview":"The life of a divorced television writer dating a teenage girl is further complicated when he falls in love with his best friend's mistress.","release_date":"1979-04-25","poster_path":"/2OmmKrcLfFQeTd5N7pZeAw6fJPA.jpg","popularity":1.8047,"title":"Manhattan","video":false,"vote_average":7.4,"vote_count":170},{"adult":false,"backdrop_path":"/mZDS11lSL7WXhDOeNQUnPEkMK0L.jpg","genre_ids":[28,12,878],"id":54138,"original_language":"en","original_title":"Star Trek Into Darkness","overview":"When the crew of the Enterprise is called back home, they find an unstoppable force of terror from within their own organization has detonated the fleet and everything it stands for, leaving our world in a state of crisis.  With a personal score to settle, Captain Kirk leads a manhunt to a war-zone world to capture a one man weapon of mass destruction. As our heroes are propelled into an epic chess game of life and death, love will be challenged, friendships will be torn apart, and sacrifices must be made for the only family Kirk has left: his crew.","release_date":"2013-05-16","poster_path":"/41mhrXASAW3sdn7LBWF49uCX0xi.jpg","popularity":4.274088,"title":"Star Trek Into Darkness","video":false,"vote_average":7.4,"vote_count":2555},{"adult":false,"backdrop_path":"/r2zB2vGLDQVxlRZISH7KzQ6reiC.jpg","genre_ids":[27,28,53,878],"id":679,"original_language":"en","original_title":"Aliens","overview":"When Ripley's lifepod is found by a salvage crew over 50 years later, she finds that terra-formers are on the very planet they found the alien species. When the company sends a family of colonists out to investigate her story... all contact is lost with the planet and colonists. They enlist Ripley and the colonial marines to return and search for answers.","release_date":"1986-07-18","poster_path":"/4dw4JX6uqGPO5v5bJYusaGNSON2.jpg","popularity":4.389292,"title":"Aliens","video":false,"vote_average":7.4,"vote_count":1302},{"adult":false,"backdrop_path":"/ymzaJLm2EIYbG9n7snVfCnHAPQk.jpg","genre_ids":[18],"id":11321,"original_language":"en","original_title":"Seven Pounds","overview":"An IRS agent with a fateful secret embarks on an extraordinary journey of redemption by forever changing the lives of seven strangers.","release_date":"2008-12-18","poster_path":"/mX8SsTw2uApc02W8SBIKeprcWr1.jpg","popularity":2.597424,"title":"Seven Pounds","video":false,"vote_average":7.4,"vote_count":533},{"adult":false,"backdrop_path":"/aMjbjiH0mTUmHVLmYFTTdG5fMZQ.jpg","genre_ids":[18,36,9648,53],"id":891,"original_language":"en","original_title":"All the President's Men","overview":"In the run-up to the 1972 elections, Washington Post reporter Bob Woodward covers what seems to be a minor break-in at the Democratic Party National headquarters. He is surprised to find top lawyers already on the defense case, and the discovery of names and addresses of Republican fund organizers on the accused further arouses his suspicions. The editor of the Post is prepared to run with the story and assigns Woodward and Carl Bernstein to it. They find the trail leading higher and higher in the Republican Party, and eventually into the White House itself.","release_date":"1976-04-04","poster_path":"/5uGlMCLH3es7Hk0JvmFJUBISGZM.jpg","popularity":0.924595,"title":"All the President's Men","video":false,"vote_average":7.4,"vote_count":106},{"adult":false,"backdrop_path":"/oPmZDHPkdmhuvxYGmwtKcQefeNr.jpg","genre_ids":[12,14,10751],"id":12445,"original_language":"en","original_title":"Harry Potter and the Deathly Hallows: Part 2","overview":"In the second installment of the two-part conclusion, Harry and his best friends, Ron and Hermione, continue their quest to vanquish the evil Voldemort once and for all. Just as things begin to look hopeless for the young wizards, Harry discovers a trio of magical objects that endow him with powers to rival Voldemort's formidable skills.","release_date":"2011-07-07","poster_path":"/7xmtxRc9nQnCuWINuTT4SMP5NJc.jpg","popularity":3.926613,"title":"Harry Potter and the Deathly Hallows: Part 2","video":false,"vote_average":7.4,"vote_count":2491}],"total_pages":180,"total_results":3596}
