{"page":67,"results":[{"adult":false,"backdrop_path":"/lAdRfK0Clun517bq5V0meoIx7SG.jpg","genre_ids":[27,53,9648],"id":82507,"original_language":"en","original_title":"Sinister","overview":"Found footage helps a true-crime novelist realize how and why a family was murdered in his new home, though his discoveries put his entire family in the path of a supernatural entity.","release_date":"2012-10-12","poster_path":"/hrRYY7FcRc46Ue7h9jcKiW1xqJ3.jpg","popularity":2.659345,"title":"Sinister","video":false,"vote_average":6.6,"vote_count":487},{"adult":false,"backdrop_path":"/lBIU50ihAcSJtxrayTv1CmyP7r0.jpg","genre_ids":[10770,16],"id":256835,"original_language":"en","original_title":"Toy Story That Time Forgot","overview":"During a post-Christmas play date, the gang find themselves in uncharted territory when the coolest set of action figures ever turn out to be dangerously delusional. It's all up to Trixie, the triceratops, if the gang hopes to return to Bonnie's room in this Toy Story That Time Forgot.","release_date":"2014-12-02","poster_path":"/aGDVBwpxlA95mn7yTxwM8r0oTR0.jpg","popularity":1.603843,"title":"Toy Story That Time Forgot","video":false,"vote_average":6.6,"vote_count":70},{"adult":false,"backdrop_path":"/hyVHeKqCDwZdvgeFvAFZD2pDcFy.jpg","genre_ids":[14,35,12],"id":1832,"original_language":"en","original_title":"Dogma","overview":"The latest battle in the eternal war between Good and Evil has come to New Jersey in the late, late 20th Century. Angels, demons, apostles and prophets (of a sort) walk among the cynics and innocents of America and duke it out for the fate of humankind.","release_date":"1999-11-12","poster_path":"/c4z6u46AyH3dflgVJLXHbo3lx0U.jpg","popularity":2.747368,"title":"Dogma","video":false,"vote_average":6.6,"vote_count":282},{"adult":false,"backdrop_path":"/zWGAnbxjjwY3xFGuOeR26LGbBlG.jpg","genre_ids":[27,53],"id":238636,"original_language":"en","original_title":"The Purge: Anarchy","overview":"Three groups of people are trying to survive Purge Night, when their stories intertwine and are left stranded in The Purge trying to survive the chaos and violence that occurs.","release_date":"2014-07-17","poster_path":"/l1DRl40x2OWUoPP42v8fjKdS1Z3.jpg","popularity":5.4944,"title":"The Purge: Anarchy","video":false,"vote_average":6.6,"vote_count":552},{"adult":false,"backdrop_path":"/yc0cEEZ9OO6ydyYmCEfY90Q9jII.jpg","genre_ids":[53,878,28],"id":2787,"original_language":"en","original_title":"Pitch Black","overview":"After crash-landing on a seemingly lifeless planet, pilot Carolyn Fry and the remaining passengers -- including murderer Riddick and policeman William J. Johns -- encounter an army of creatures whose only weakness is light. As night approaches and the aliens emerge, the passengers must rely on Riddick's powerful night vision to lead them through the darkness.","release_date":"2000-02-18","poster_path":"/j4iBVA49KDBX4ypfVcZxl1y7CCT.jpg","popularity":2.022999,"title":"Pitch Black","video":false,"vote_average":6.6,"vote_count":858},{"adult":false,"backdrop_path":"/q45ooDygidJB4pPjEE2xW3sHVUt.jpg","genre_ids":[14,16,10749,10751],"id":10882,"original_language":"en","original_title":"Sleeping Beauty","overview":"A beautiful princess born in a faraway kingdom is destined by a terrible curse to prick her finger on the spindle of a spinning wheel and fall into a deep sleep that can only be awakened by true love's first kiss. Determined to protect her, her parents ask three fairies to raise her in hiding. But the evil Maleficent is just as determined to seal the princess's fate.","release_date":"1959-01-29","poster_path":"/biXVl7xLv1sD9ucBEYzheuMYX8b.jpg","popularity":2.881689,"title":"Sleeping Beauty","video":false,"vote_average":6.6,"vote_count":311},{"adult":false,"backdrop_path":"/cQRFjaXsEfCTtd2h18xZv49REqP.jpg","genre_ids":[18,9648,53],"id":1985,"original_language":"en","original_title":"The Constant Gardener","overview":"Justin Quayle is a low-level British diplomat who has always gone about his work very quietly, not causing any problems. But after his radical wife Tessa is killed he becomes determined to find out why, thrusting himself into the middle of a very dangerous conspiracy.","release_date":"2005-08-31","poster_path":"/r7QOXMcuIqZUeIVXVc4BCZrd9ni.jpg","popularity":0.964827,"title":"The Constant Gardener","video":false,"vote_average":6.6,"vote_count":106},{"adult":false,"backdrop_path":"/qjfE7SkPXpqFs8FX8rIaG6eO2aK.jpg","genre_ids":[28,53,80],"id":82992,"original_language":"en","original_title":"Fast & Furious 6","overview":"Hobbs has Dominic and Brian reassemble their crew to take down a team of mercenaries: Dominic unexpectedly gets convoluted also facing his presumed deceased girlfriend, Letty.","release_date":"2013-05-24","poster_path":"/b9gTJKLdSbwcQRKzmqMq3dMfRwI.jpg","popularity":1.302394,"title":"Fast & Furious 6","video":false,"vote_average":6.6,"vote_count":3785},{"adult":false,"backdrop_path":"/rRTMdhZ7kxMdJIqykz0t4p0HABA.jpg","genre_ids":[28,12,878],"id":97,"original_language":"en","original_title":"TRON","overview":"As Kevin Flynn searches for proof that he invented a hit video game, he is \"digitalized\" by a laser and finds himself inside The Grid, where programs suffer under the tyrannical rule of the Master Control Program. With the help of TRON, a security program, Flynn seeks to free The Grid from the MCP.","release_date":"1982-07-09","poster_path":"/cTF8lpXvAwT1SLH9kVFZZl0AO0D.jpg","popularity":1.41988,"title":"TRON","video":false,"vote_average":6.6,"vote_count":279},{"adult":false,"backdrop_path":"/iIU2NlC0EpL5NTPtGWmupyoMPhN.jpg","genre_ids":[18],"id":22798,"original_language":"en","original_title":"Whip It","overview":"In Bodeen, Texas, Land Of The Dragon, an indie-rock loving misfit finds a way of dealing with her small-town misery after she discovers a roller derby league in nearby Austin.","release_date":"2009-09-13","poster_path":"/llpanXzIJq65qEM4weBaYaLEiY9.jpg","popularity":1.28365,"title":"Whip It","video":false,"vote_average":6.6,"vote_count":103},{"adult":false,"backdrop_path":"/7e6eM6lqj8VB5IqPK57RuDJZXYt.jpg","genre_ids":[35,18],"id":883,"original_language":"en","original_title":"Coffee and Cigarettes","overview":"Coffee And Cigarettes is a collection of eleven films from cult director Jim Jarmusch. Each film hosts star studded cast of extremely unique individuals who all share the common activities of conversing while drinking coffee and smoking cigarettes.","release_date":"2003-09-05","poster_path":"/4IZ9SR6quqjUTghphn0oTBjnQKi.jpg","popularity":0.445748,"title":"Coffee and Cigarettes","video":false,"vote_average":6.6,"vote_count":52},{"adult":false,"backdrop_path":"/aGwSgTnv5n66bY6T3yo4NTFAvnt.jpg","genre_ids":[28,12,18,53],"id":38199,"original_language":"en","original_title":"Unthinkable","overview":"A convert to Islam sends the U.S. government a tape showing him in three nondescript storage rooms, each of which may contain a nuclear bomb set to detonate in less than a week. Helen Brody, an FBI agent in L.A., is tasked with finding the bombs while a CIA \"consultant\", known as H, interrogates the suspect who has allowed himself to be caught. The suspect, whose wife and children have left him and disappeared, seems to know exactly what the interrogation will entail. Even as H ratchets up the pressure, using torture over Brody's objection, the suspect doesn't crack. Should H do the unthinkable, and will Brody acquiesce? Is any Constitutional principle worth possible loss of life?","release_date":"2010-06-15","poster_path":"/kRW14N0z8L7zx47rqTlXUCBSNWt.jpg","popularity":3.032289,"title":"Unthinkable","video":false,"vote_average":6.6,"vote_count":168},{"adult":false,"backdrop_path":"/w3z4GfVzIUvxyJHzAPqiBpMnfKi.jpg","genre_ids":[28,35],"id":10890,"original_language":"en","original_title":"Stripes","overview":"John Winger, an indolent sad sack in his 30s, impulsively joins the U.S. Army after losing his job, his girlfriend and his apartment.","release_date":"1981-06-25","poster_path":"/hENiMXPuiogVOOEAL2dcuyIccwf.jpg","popularity":1.752521,"title":"Stripes","video":false,"vote_average":6.6,"vote_count":58},{"adult":false,"backdrop_path":"/ptNcTh2bewqzcV2qVpjDgsh6pTs.jpg","genre_ids":[18,53,36,10752],"id":2253,"original_language":"en","original_title":"Valkyrie","overview":"Wounded in Africa during World War II, Nazi Col. Claus von Stauffenberg returns to his native Germany and joins the Resistance in a daring plan to create a shadow government and assassinate Adolf Hitler. When events unfold so that he becomes a central player, he finds himself tasked with both leading the coup and personally killing the Führer.","release_date":"2008-12-25","poster_path":"/54GgkO63zZyJJb5Fk2CKvNIoUvr.jpg","popularity":3.690473,"title":"Valkyrie","video":false,"vote_average":6.6,"vote_count":429},{"adult":false,"backdrop_path":"/oxM3QDmsg5M1rFtJadr8Q9Yydya.jpg","genre_ids":[28,12,80,18,9648,53],"id":9631,"original_language":"en","original_title":"The Negotiator","overview":"The police try to arrest expert hostage negotiator Danny Roman, who insists he's being framed for his partner's murder in what he believes is an elaborate conspiracy. Thinking there's evidence in the Internal Affairs offices that might clear him, he takes everyone in the office hostage and demands that another well-known negotiator be brought in to handle the situation and secretly investigate the conspiracy.","release_date":"1998-07-29","poster_path":"/uA1zKgJVoO0ljbSbKXyek5YbLwv.jpg","popularity":1.149238,"title":"The Negotiator","video":false,"vote_average":6.6,"vote_count":206},{"adult":false,"backdrop_path":"/p6frW7qR3wUbssM25BS8BlzyoKc.jpg","genre_ids":[878,16,10751,14],"id":12092,"original_language":"en","original_title":"Alice in Wonderland","overview":"On a golden afternoon, young Alice follows a White Rabbit, who disappears down a nearby rabbit hole. Quickly following him, she tumbles into the burrow - and enters the merry, topsy-turvy world of Wonderland! Memorable songs and whimsical escapades highlight Alice's journey, which culminates in a madcap encounter with the Queen of Hearts - and her army of playing cards!","release_date":"1951-07-26","poster_path":"/ujKqMw5eLzH5WGxfGiHSCfQKQT0.jpg","popularity":2.700056,"title":"Alice in Wonderland","video":false,"vote_average":6.6,"vote_count":351},{"adult":false,"backdrop_path":"/uHx9E9xqSgOBoRvL4shmMNu8Ojc.jpg","genre_ids":[18],"id":1164,"original_language":"en","original_title":"Babel","overview":"Tragedy strikes a married couple on vacation in the Moroccan desert, touching off an interlocking story involving four different families.","release_date":"2006-09-08","poster_path":"/fxneN0EQZwTfAfhTGUvUuIn6PLi.jpg","popularity":2.359829,"title":"Babel","video":false,"vote_average":6.6,"vote_count":326},{"adult":false,"backdrop_path":"/nS0rEXPbkHI449SF6R4WUQvTVxE.jpg","genre_ids":[14,28,878],"id":1924,"original_language":"en","original_title":"Superman","overview":"Mild-mannered Clark Kent works as a reporter at the Daily Planet alongside his crush, Lois Lane − who's in love with Superman. Clark must summon his superhero alter ego when the nefarious Lex Luthor launches a plan to take over the world.","release_date":"1978-12-14","poster_path":"/rLTdj7oB9oxsYwuweeglWRzRng7.jpg","popularity":2.520172,"title":"Superman","video":false,"vote_average":6.6,"vote_count":309},{"adult":false,"backdrop_path":"/nJaVxQNC4pb6eYH5jv0UUokfH5X.jpg","genre_ids":[35],"id":8467,"original_language":"en","original_title":"Dumb and Dumber","overview":"Lloyd and Harry are two men whose stupidity is really indescribable. When Mary, a beautiful woman, loses an important suitcase with money before she leaves for Aspen, the two friends (who have found the suitcase) decide to return it to her. After some \"adventures\" they finally get to Aspen where, using the lost money they live it up and fight for Mary's heart.","release_date":"1994-12-16","poster_path":"/st4P2TtPrAfNwu8HLXoPsPPii42.jpg","popularity":3.24535,"title":"Dumb and Dumber","video":false,"vote_average":6.6,"vote_count":461},{"adult":false,"backdrop_path":"/k0DpC04G7tHanxDGdNksxvSH63A.jpg","genre_ids":[12,16,35,14,10751],"id":10837,"original_language":"en","original_title":"DuckTales: The Movie - Treasure of the Lost Lamp","overview":"Scrooge McDuck, his dimwitted pilot Launch Pad, and his newphews Huey, Dewey and Louie, with Webby, arrive in Egypt where Scrooge finds the lost treasure of Collie Baba, unbeknownst to Scrooge, a magic lamp was included inside the treasure, so while the nephews have fun with the genie, they all have no idea that they're being stalked by a power hungry sorceror named Murlock and his dimwitted thief.","release_date":"1990-08-03","poster_path":"/dPikP4LLcw2JV2LSBKKVtcl5d4v.jpg","popularity":0.95707,"title":"DuckTales: The Movie - Treasure of the Lost Lamp","video":false,"vote_average":6.6,"vote_count":55}],"total_pages":180,"total_results":3596}
