{"page":178,"results":[{"adult":false,"backdrop_path":"/tOlBCN5uXtVvOScelV4XLmYlIU9.jpg","genre_ids":[18,878,53],"id":14620,"original_language":"en","original_title":"The Butterfly Effect 2","overview":"After his girlfriend, Julie (Erica Durance), and two best friends are killed in a tragic auto accident, Nick (Eric Lively) struggles to cope with his loss and grief. Suffering from migraine-like seizures, Nick soon discovers that he has the power to change the past via his memories. However, his time-traveling attempts to alter the past and save his one true love have unexpected and dire consequen","release_date":"2006-10-10","poster_path":"/nw0qNvyIGiGMvQOTNpxYeERyCn8.jpg","popularity":0.773408,"title":"The Butterfly Effect 2","video":false,"vote_average":4.7,"vote_count":75},{"adult":false,"backdrop_path":"/yVfZlZyOtE8QoBSL6gojfopMxr8.jpg","genre_ids":[35,27,53],"id":71668,"original_language":"en","original_title":"Piranha 3DD","overview":"After the events at Lake Victoria, the prehistoric school of blood-thirsty piranhas make their way into swimming pools, plumbing, and a newly opened water park.","release_date":"2012-06-01","poster_path":"/s0HZqE2Q8Pta2Cttyal0tcQRxwD.jpg","popularity":1.056339,"title":"Piranha 3DD","video":false,"vote_average":4.7,"vote_count":104},{"adult":false,"backdrop_path":"/jNoW4xqUljVyVQ1yrrhv9TGOWlM.jpg","genre_ids":[35],"id":4258,"original_language":"en","original_title":"Scary Movie 5","overview":"Home with their newly-formed family, happy parents Dan and Jody are haunted by sinister, paranormal activities — disrupting new mama Jody’s dancing aspirations in the “Swan Lake” ballet and threatening Dan’s rise as an ape researcher. Determined to expel the insidious force, they install security cameras and discover their family is being stalked by an evil dead demon! The latest installment of the SCARY MOVIE franchise includes hilarious, non-stop send ups of some of the biggest recent cinematic hits and pop culture, featuring Ashley Tisdale, Charlie Sheen, Lindsay Lohan, Snoop Dogg, Katt Williams, Katrina Bowden, Kate Walsh, Heather Locklear and Mike Tyson.","release_date":"2013-04-12","poster_path":"/zYptQLRnePlv5rYg2kYOCZ3C31Q.jpg","popularity":2.410351,"title":"Scary Movie 5","video":false,"vote_average":4.7,"vote_count":377},{"adult":false,"backdrop_path":"/pkqkxX7tkN0QLBtOYzugtBqyu0C.jpg","genre_ids":[35,28,12,14,878],"id":9531,"original_language":"en","original_title":"Superman III","overview":"Aiming to defeat the Man of Steel, wealthy executive Ross Webster hires bumbling but brilliant Gus Gorman to develop synthetic kryptonite, which yields some unexpected psychological effects in the third installment of the 1980s Superman franchise. Between rekindling romance with his high school sweetheart and saving himself, Superman must contend with a powerful supercomputer.","release_date":"1983-06-17","poster_path":"/pDjfBk3YkdvRK2VERvoHaXJdNxF.jpg","popularity":2.277153,"title":"Superman III","video":false,"vote_average":4.7,"vote_count":142},{"adult":false,"backdrop_path":"/oRvtAJ5A0PqI3aKu23HyacjaQUz.jpg","genre_ids":[27],"id":282813,"original_language":"en","original_title":"The Pyramid","overview":"A team of U.S. archaeologists unearths an ancient pyramid buried deep beneath the Egyptian desert. As they search the pyramid's depths, they become hopelessly lost in its dark and endless catacombs. Searching for a way out, they become desperate to seek daylight again. They come to realize they aren't just trapped, they are being hunted.","release_date":"2014-12-05","poster_path":"/g0XtjlZSPAtdDFg4Af2ufr7Vqyp.jpg","popularity":2.805846,"title":"The Pyramid","video":false,"vote_average":4.7,"vote_count":108},{"adult":false,"backdrop_path":"/6ohE4r6nlg4xZum13Yfoj2wdz5X.jpg","genre_ids":[35,10749],"id":12177,"original_language":"en","original_title":"The Love Guru","overview":"Born in America and raised in an Indian ashram, Pitka (Mike Myers) returns to his native land to seek his fortune as a spiritualist and self-help expert. His skills are put to the test when he must get a brokenhearted hockey player's marriage back on track in time for the man to help his team win the Stanley Cup.","release_date":"2008-06-20","poster_path":"/q3g4UFCMPqbKXfc3qMOsYQBOGbl.jpg","popularity":0.588078,"title":"The Love Guru","video":false,"vote_average":4.6,"vote_count":88},{"adult":false,"backdrop_path":"/i8gJF3ERZphPTHMYw8N4dWd68o8.jpg","genre_ids":[28,37,18,14,53],"id":20533,"original_language":"en","original_title":"Jonah Hex","overview":"Gunsliger Jonah Hex (Josh Brolin) is appointed by President Ulysses Grant to track down terrorist Quentin Turnbull (John Malkovich), a former Confederate officer determined on unleashing hell on earth. Jonah not only secures freedom by accepting this task, he also gets revenge on the man who slayed his wife and child. Megan Fox plays a prostitute as well as Jonah Hex's love interst in the film.","release_date":"2010-06-18","poster_path":"/fhpl0NYcwQ8oUmur30L0ANOay4L.jpg","popularity":2.496669,"title":"Jonah Hex","video":false,"vote_average":4.6,"vote_count":157},{"adult":false,"backdrop_path":"/8gWjHiLeIRWIHNLScAs8LKbEJ4F.jpg","genre_ids":[36,28,12],"id":192538,"original_language":"en","original_title":"Hammer of the Gods","overview":"Action epic sees a passionate young man transform into a brutal warrior as he travels the unforgiving landscape in search of his long lost brother Hakan The Ferrocious, whose people are relying on him to restore order to their kingdom.","release_date":"2013-07-05","poster_path":"/4UH8anWng3X9Vl5J8QNz3ZWfqm7.jpg","popularity":1.853757,"title":"Hammer of the Gods","video":false,"vote_average":4.6,"vote_count":66},{"adult":false,"backdrop_path":"/jp4uQV79C1WzAaVjW5hRTu1iSxd.jpg","genre_ids":[27,53],"id":76487,"original_language":"en","original_title":"The Devil Inside","overview":"In Italy, a woman becomes involved in a series of unauthorized exorcisms during her mission to discover what happened to her mother, who allegedly murdered three people during her own exorcism.","release_date":"2012-01-06","poster_path":"/xClxu7PoHWMpCHHaqd3ZRdwOCnr.jpg","popularity":0.818812,"title":"The Devil Inside","video":false,"vote_average":4.6,"vote_count":96},{"adult":false,"backdrop_path":"/7DDQp1l72rXjYZRwEgHg2TkbPcH.jpg","genre_ids":[878],"id":42684,"original_language":"en","original_title":"Skyline","overview":"When strange lights descend on the city of Los Angeles, people are drawn outside like moths to a flame where an extraterrestrial force threatens to swallow the entire human population off the face of the Earth. Now the band of survivors must fight for their lives as the world unravels around them.","release_date":"2010-11-12","poster_path":"/AdadT2HuwHkYWxbzme4QP77M6Wt.jpg","popularity":1.792116,"title":"Skyline","video":false,"vote_average":4.6,"vote_count":186},{"adult":false,"backdrop_path":"/1A5oDak9MwbHN2TU4gy3e8kfzU7.jpg","genre_ids":[27,35],"id":40264,"original_language":"en","original_title":"Vampires Suck","overview":"Becca, an anxious, non-vampire teen is torn between two boys. Before she can choose, Becca must get around her controlling father, who embarrasses Becca by treating her like a child. Meanwhile, Becca's friends contend with their own romantic issues - all of which collide at the prom.","release_date":"2010-08-18","poster_path":"/ug9h5BJ5XX9bp1nJI6Ji07QC3sx.jpg","popularity":1.798467,"title":"Vampires Suck","video":false,"vote_average":4.6,"vote_count":80},{"adult":false,"backdrop_path":"/pZs9RMIeXYbcBl2UggBZCOmncyH.jpg","genre_ids":[12,14,28,10751],"id":14199,"original_language":"en","original_title":"The Adventures of Sharkboy and Lavagirl","overview":"Max conjures up his perfect dreamworld...the Planet Drool. But his dream is more powerful than even he suspects, and his favorite dream super-heroes, Sharkboy and Lavagirl must help Max discover and conquer a source of danger that threatens to destroy their world.","release_date":"2005-06-10","poster_path":"/ai5O9rm0X4trFSUtvvoX9BpVMO0.jpg","popularity":2.297091,"title":"The Adventures of Sharkboy and Lavagirl","video":false,"vote_average":4.6,"vote_count":56},{"adult":false,"backdrop_path":"/6N3PAKNCUs1JA3VVqt59pqc6yUU.jpg","genre_ids":[35,10749],"id":6280,"original_language":"en","original_title":"Junior","overview":"As part of a fertility research project, a male scientist agrees to carry a pregnancy in his own body.","release_date":"1994-11-22","poster_path":"/bwt2hkLGKo5KAVMCw4u1umUPhax.jpg","popularity":0.640147,"title":"Junior","video":false,"vote_average":4.6,"vote_count":98},{"adult":false,"backdrop_path":"/7VgdCXNKJltqjuGACCtyrLguH3D.jpg","genre_ids":[14,12,35,10751],"id":2395,"original_language":"en","original_title":"Astérix aux Jeux Olympiques","overview":"Astérix and Obélix have to win the Olympic Games in order to help their friend Alafolix marry Princess Irina (portrayed by supermodel Vanessa Hessler). Brutus (Benoît Poelvoorde) uses every trick in the book to have his own team win the game, and get rid of his father Julius Caesar (Alain Delon) in the process.","release_date":"2008-01-13","poster_path":"/tKL0RJOeuccc1rrpcDKg8qhedIz.jpg","popularity":2.266426,"title":"Asterix at the Olympic Games","video":false,"vote_average":4.6,"vote_count":96},{"adult":false,"backdrop_path":"/eGWVsZhgEyNpQ327udKz5iCLHcF.jpg","genre_ids":[35],"id":87818,"original_language":"en","original_title":"Movie 43","overview":"The film is composed of multiple comedy shorts presented through an overarching segment titled \"The Pitch\", in which Charlie Wessler, a mad screenwriter, is attempting to pitch a script to film executive Griffin Schraeder. After revealing several of the stories in his script, Wessler becomes agitated when Schraeder dismisses his outrageous ideas, and he pulls a gun on him and forces him to listen to multiple other stories before making Schraeder consult his manager, Bob Mone, to purchase the film.","release_date":"2013-01-25","poster_path":"/cJvaW8eZCFS7JncM6HRKyykVTYC.jpg","popularity":0.935654,"title":"Movie 43","video":false,"vote_average":4.6,"vote_count":360},{"adult":false,"backdrop_path":"/ae2oJzjdGcGo14iECNnkcnLlUyI.jpg","genre_ids":[12,35,10751,878],"id":11158,"original_language":"en","original_title":"Honey I Blew Up the Kid","overview":"Wayne Szalinski is at it again. But instead of shrinking things, he tries to make a machine that can make things grow. As in the first one, his machine isn't quite accurate. But when he brings Nick &amp; his toddler son Adam to see his invention, the machine unexpectedly starts working. And when Adam comes right up to the machine, he gets zapped along with his stuffed bunny.","release_date":"1992-07-16","poster_path":"/gwda8CnPAfHGwygclGiKddt60fX.jpg","popularity":1.545221,"title":"Honey I Blew Up the Kid","video":false,"vote_average":4.6,"vote_count":65},{"adult":false,"backdrop_path":"/74G2n8hyooZfORLjh6oGtFjGBPk.jpg","genre_ids":[28,12,18,9648,878,53],"id":10329,"original_language":"en","original_title":"Congo","overview":"Eight people embark on an expedition into the Congo, a mysterious expanse of unexplored Africa where human greed and the laws of nature have gone berserk. When the thrill-seekers -- some with ulterior motives -- stumble across a race of killer apes.","release_date":"1995-06-09","poster_path":"/wjeQaiAApgzdipkNXhQnBrqjBY9.jpg","popularity":1.570689,"title":"Congo","video":false,"vote_average":4.5,"vote_count":51},{"adult":false,"backdrop_path":"/j9yxQJGkpi9N9a2NbEGTrjfhT7j.jpg","genre_ids":[35,12,80],"id":10628,"original_language":"en","original_title":"Kangaroo Jack","overview":"Two childhood friends, a New York hairstylist and a wanna-be musician, get mixed-up with the mob and are forced to deliver $50,000 to Australia, but things go all wrong when the money is lost to a wild kangaroo.","release_date":"2003-01-17","poster_path":"/a6kZTRfKtBWe7x4mCRvL4IOpEoZ.jpg","popularity":1.980678,"title":"Kangaroo Jack","video":false,"vote_average":4.5,"vote_count":54},{"adult":false,"backdrop_path":"/5W1jTxgPcoTKbXLb0fgMDrbphpH.jpg","genre_ids":[28,12],"id":188207,"original_language":"en","original_title":"The Legend of Hercules","overview":"In Ancient Greece 1200 B.C., a queen succumbs to the lust of Zeus to bear a son promised to overthrow the tyrannical rule of the king and restore peace to a land in hardship. But this prince, Hercules, knows nothing of his real identity or his destiny. He desires only one thing: the love of Hebe, Princess of Crete, who has been promised to his own brother. When Hercules learns of his greater purpose, he must choose: to flee with his true love or to fulfill his destiny and become the true hero of his time. The story behind one of the greatest myths is revealed in this action-packed epic - a tale of love, sacrifice and the strength of the human spirit.","release_date":"2014-01-10","poster_path":"/eIHrBHeqfQodgEjSPdZWh9b5lV3.jpg","popularity":2.18139,"title":"The Legend of Hercules","video":false,"vote_average":4.5,"vote_count":289},{"adult":false,"backdrop_path":"/wLUTb5Terk3ZRjAX9BoobhP1d0p.jpg","genre_ids":[27,53],"id":146203,"original_language":"en","original_title":"The Last Exorcism Part II","overview":"As Nell Sweetzer tries to build a new life after the events of the first movie, the evil force that once possessed her returns with an even more horrific plan.","release_date":"2013-02-28","poster_path":"/nFWl45XKP3XhZY4K9ngZSBo6BkZ.jpg","popularity":0.61171,"title":"The Last Exorcism Part II","video":false,"vote_average":4.5,"vote_count":106}],"total_pages":180,"total_results":3596}
