{"page":27,"results":[{"adult":false,"backdrop_path":"/AdAxR8ObgT8Cz0d5hp4UuZGibrW.jpg","genre_ids":[14,18],"id":34647,"original_language":"en","original_title":"Enter the Void","overview":"This psychedelic tour of life after death is seen entirely from the point of view of Oscar (Nathaniel Brown), a young American drug dealer and addict living in Tokyo with his prostitute sister, Linda (Paz de la Huerta). When Oscar is killed by police during a bust gone bad, his spirit journeys from the past -- where he sees his parents before their deaths -- to the present -- where he witnesses his own autopsy -- and then to the future, where he looks out for his sister from beyond the grave.","release_date":"2009-05-05","poster_path":"/iTOxCChcDLv56togZOxF5LK8EkX.jpg","popularity":2.133512,"title":"Enter the Void","video":false,"vote_average":7.2,"vote_count":76},{"adult":false,"backdrop_path":"/44y7gEHdX6wpUalhMczwcS38BVt.jpg","genre_ids":[12,16,35,878,10751],"id":530,"original_language":"en","original_title":"Wallace and Gromit: A Grand Day Out","overview":"Wallace and Gromit have run out of cheese and this provides an excellent excuse for the animated duo to take their holiday on the moon, where, as everyone knows, there is ample cheese. The moon is inhabited by a mechanical caretaker, who is not too happy about the two visitors from earth that nibble on the moon.","release_date":"1989-01-01","poster_path":"/jgQU84QuFQ4yofDmGYzOsXLEQj9.jpg","popularity":0.791183,"title":"Wallace and Gromit: A Grand Day Out","video":false,"vote_average":7.2,"vote_count":61},{"adult":false,"backdrop_path":"/aRMZOhLj6IjnmDnRGjblXYMOPxR.jpg","genre_ids":[18,80],"id":1607,"original_language":"en","original_title":"A Bronx Tale","overview":"Robert De Niro made his directorial debut with this expanded adaptation of Chazz Palminteri's one-character play. DeNiro's role of Lorenzo Anello, an Italian-America bus driver, is secondary to the part of his son Calogero, played by young Francis Capra. The top dog in Calogero's Bronx neighborhood is flashy \"wiseguy\" Sonny (Chazz Palminteri). When the boy witnesses Sonny commit a murder, he honor","release_date":"1993-09-14","poster_path":"/wlYIwDwk53R4h0uMnpK1NAhHqdg.jpg","popularity":1.728088,"title":"A Bronx Tale","video":false,"vote_average":7.2,"vote_count":119},{"adult":false,"backdrop_path":"/ie40d2IO3iFADzWs4KLV3mvBtl5.jpg","genre_ids":[80,18,53],"id":819,"original_language":"en","original_title":"Sleepers","overview":"Two gangsters seek revenge on the state jail worker who during their stay at a youth prison sexually abused them. A sensational court hearing takes place to charge him for the crimes. A moving drama from director Barry Levinson.","release_date":"1996-10-18","poster_path":"/cDqEv4Fw4JZh2zCfecqw3z09L8z.jpg","popularity":2.676467,"title":"Sleepers","video":false,"vote_average":7.2,"vote_count":187},{"adult":false,"backdrop_path":"/6GMcKubg3KmrE8snLOCNAtsZWW2.jpg","genre_ids":[18,36,10402],"id":279,"original_language":"en","original_title":"Amadeus","overview":"The incredible story of genius musician Wolfgang Amadeus Mozart, told in flashback by his peer and secret rival Antonio Salieri - now confined to an insane asylum.","release_date":"1984-10-26","poster_path":"/flnoqdC38mbaulAeptjynOFO7yi.jpg","popularity":0.981578,"title":"Amadeus","video":false,"vote_average":7.2,"vote_count":320},{"adult":false,"backdrop_path":"/ujdkwg9sIlgBUSVF1NoiipFdUGv.jpg","genre_ids":[12,18,35],"id":1878,"original_language":"en","original_title":"Fear and Loathing in Las Vegas","overview":"The hallucinogenic misadventures of sportswriter Raoul Duke and his Samoan lawyer, Dr. Gonzo, on a three-day romp from Los Angeles to Las Vegas. Motoring across the Mojave Desert on the way to Sin City, Duke and his purple haze passenger ingest a cornucopia of drugs ranging from acid to ether.","release_date":"1998-05-21","poster_path":"/u9ffgobMADj6GCafeImbov566j9.jpg","popularity":2.710373,"title":"Fear and Loathing in Las Vegas","video":false,"vote_average":7.2,"vote_count":405},{"adult":false,"backdrop_path":"/qpMYSLIpBlH41VqJaY79fNHGx1p.jpg","genre_ids":[18],"id":380,"original_language":"en","original_title":"Rain Man","overview":"Selfish yuppie Charlie Babbitt's father left a fortune to his savant brother Raymond and a pittance to Charlie; they travel cross-country.","release_date":"1988-12-11","poster_path":"/vllKYkA7eYi2UMM9yWQ1JegefBh.jpg","popularity":2.649149,"title":"Rain Man","video":false,"vote_average":7.2,"vote_count":532},{"adult":false,"backdrop_path":"/vJHu0oQ35NW4AHUc35DtDK0BZvU.jpg","genre_ids":[27,53],"id":948,"original_language":"en","original_title":"Halloween","overview":"A psychotic murderer institutionalized since childhood for the murder of his sister, escapes and stalks a bookish teenage girl and her friends while his doctor chases him through the streets.","release_date":"1978-10-25","poster_path":"/vjoOFOTBJcJvA1weJejlZ92LZD4.jpg","popularity":1.261024,"title":"Halloween","video":false,"vote_average":7.2,"vote_count":280},{"adult":false,"backdrop_path":"/zwMEMIo1j5TjP9oUG89aWCKDjYt.jpg","genre_ids":[35,10751],"id":116149,"original_language":"en","original_title":"Paddington","overview":"A young Peruvian bear with a passion for all things British travels to London in search of a home. Finding himself lost and alone at Paddington Station, he begins to realize that city life is not all he had imagined - until he meets the kindly Brown family, who read the label around his neck ('Please look after this bear. Thank you.') and offer him a temporary haven. It looks as though his luck has changed until this rarest of bears catches the eye of a museum taxidermist...","release_date":"2014-11-28","poster_path":"/Sw7g22Wt4IILyD8LepkjNe5ql9.jpg","popularity":4.426089,"title":"Paddington","video":false,"vote_average":7.2,"vote_count":311},{"adult":false,"backdrop_path":"/m6kXoIPsU2zkvpA08pbJ3klRSW6.jpg","genre_ids":[35,10751],"id":11528,"original_language":"en","original_title":"The Sandlot","overview":"Scotty Smalls moves to a new neighborhood with his mom and stepdad, and wants to learn to play baseball. The neighborhood baseball guru Rodriquez takes Smalls under his wing. They fall into adventures involving baseball, treehouse sleep-ins, the desirous lifeguard at the local pool, the snooty rival ball team, and the travelling fair.","release_date":"1993-04-07","poster_path":"/fKJUQrAm5QbVR5DqgH9U5IflHGQ.jpg","popularity":1.116535,"title":"The Sandlot","video":false,"vote_average":7.2,"vote_count":82},{"adult":false,"backdrop_path":"/cN7dCe6ig4ZVbBbGqO5m4oZvink.jpg","genre_ids":[35,18],"id":156700,"original_language":"en","original_title":"The Kings of Summer","overview":"Joe Toy, on the verge of adolescence, finds himself increasingly frustrated by his single father, Frank's attempts to manage his life. Declaring his freedom once and for all, he escapes to a clearing in the woods with his best friend, Patrick, and a strange kid named Biaggio. He announces that they are going to build a house there, free from responsibility and parents. Once their makeshift abode is finished, the three young men find themselves masters of their own destiny, alone in the woods.","release_date":"2013-05-31","poster_path":"/4HGYmH5mYcBBTIMHhbOBdT1Antl.jpg","popularity":2.217557,"title":"The Kings of Summer","video":false,"vote_average":7.2,"vote_count":158},{"adult":false,"backdrop_path":"/77tdeFCkxL0EV3Hs6DnvQbXTu3P.jpg","genre_ids":[18,10749],"id":4348,"original_language":"en","original_title":"Pride & Prejudice","overview":"Pride and Prejudice is a humorous story of love and life among English gentility during the Georgian era. Mr Bennet is an english gentleman living in Hartfordshire with his overbearing wife and 5 daughters. If Mr Bennet dies their house will be inherited by a distant cousin whom they have never met, so the family's future happiness and security is dependant on the daughters making good marriages.","release_date":"2005-09-16","poster_path":"/dAC0hkYmz5ZOCHURZCyj9isPMPd.jpg","popularity":3.007172,"title":"Pride & Prejudice","video":false,"vote_average":7.2,"vote_count":307},{"adult":false,"backdrop_path":"/qgmcpz4ZyDxtAOTvqN6oIpBez7d.jpg","genre_ids":[18],"id":7214,"original_language":"en","original_title":"Coach Carter","overview":"Based on a true story, in which Richmond High School head basketball coach Ken Carter made headlines in 1999 for benching his undefeated team due to poor academic results.","release_date":"2005-01-14","poster_path":"/8c6BeOIrDStz2aiPceYdI5sd9pL.jpg","popularity":2.174921,"title":"Coach Carter","video":false,"vote_average":7.2,"vote_count":118},{"adult":false,"backdrop_path":"/qj3TAGH89t8nkdTH7N6Ge1HTvGj.jpg","genre_ids":[18,10402,10749],"id":824,"original_language":"en","original_title":"Moulin Rouge!","overview":"A celebration of love and creative inspiration takes place in the infamous, gaudy and glamorous Parisian nightclub, at the cusp of the 20th century. A young poet, who is plunged into the heady world of Moulin Rouge, begins a passionate affair with the club's most notorious and beautiful star.","release_date":"2001-05-16","poster_path":"/vgYM0ZDoeQKZEGxrGAO221J5rIG.jpg","popularity":0.994477,"title":"Moulin Rouge!","video":false,"vote_average":7.2,"vote_count":371},{"adult":false,"backdrop_path":"/fWajlHU4AF0Fm4f2JfLI84puYnb.jpg","genre_ids":[18,10749,10752,37],"id":4476,"original_language":"en","original_title":"Legends of the Fall","overview":"An epic tale of three brothers and their father living in the remote wilderness of 1900s USA and how their lives are affected by nature, history, war, and love.","release_date":"1994-12-16","poster_path":"/uh0sJcx3SLtclJSuKAXl6Tt6AV0.jpg","popularity":2.414143,"title":"Legends of the Fall","video":false,"vote_average":7.2,"vote_count":213},{"adult":false,"backdrop_path":"/h5ILYBMAYAlZbMypIImmSr2NGqZ.jpg","genre_ids":[35,18,14],"id":300,"original_language":"fr","original_title":"La science des rêves","overview":"A man entranced by his dreams and imagination is lovestruck with a French woman and feels he can show her his world.","release_date":"2006-02-11","poster_path":"/8juTRqn5o43mnlVacp1IzZSd11N.jpg","popularity":1.315171,"title":"The Science of Sleep","video":false,"vote_average":7.2,"vote_count":65},{"adult":false,"backdrop_path":"/lREt2ifyEjxdxmsqkWnmoFaIcZF.jpg","genre_ids":[18,35,10749],"id":11971,"original_language":"en","original_title":"Much Ado About Nothing","overview":"In this Shakespearean farce, Hero and her groom-to-be, Claudio, team up with Claudio's commanding officer, Don Pedro, the week before their wedding to hatch a matchmaking scheme. Their targets are sharp-witted duo Benedick and Beatrice -- a tough task indeed, considering their corresponding distaste for love and each other. Meanwhile, meddling Don John plots to ruin the wedding.","release_date":"1993-05-07","poster_path":"/6qlYYvDZ0Tb5h0t7sLwy4sjGIwM.jpg","popularity":1.729243,"title":"Much Ado About Nothing","video":false,"vote_average":7.2,"vote_count":56},{"adult":false,"backdrop_path":"/f7EbIN1bMf8tOtoSmiqd6mO5p4P.jpg","genre_ids":[28,53,80,10749],"id":319,"original_language":"en","original_title":"True Romance","overview":"Clarence marries hooker Alabama, steals cocaine from her pimp, and tries to sell it in Hollywood, while the owners of the coke try to reclaim it.","release_date":"1993-09-09","poster_path":"/xBO8R3CZfrJ9rrwrZoJ68PgJyAR.jpg","popularity":3.161061,"title":"True Romance","video":false,"vote_average":7.2,"vote_count":211},{"adult":false,"backdrop_path":"/f39s0OrTtcY6YXBJFoz5R2m6u9R.jpg","genre_ids":[28,35],"id":24804,"original_language":"en","original_title":"Black Dynamite","overview":"This is the story of 1970s African-American action legend Black Dynamite. The Man killed his brother, pumped heroin into local orphanages, and flooded the ghetto with adulterated malt liquor. Black Dynamite was the one hero willing to fight The Man all the way from the blood-soaked city streets to the hallowed halls of the Honky House...","release_date":"2009-10-16","poster_path":"/3mZBBrXWQqSP6QV4VR9gXs7R2kl.jpg","popularity":1.655823,"title":"Black Dynamite","video":false,"vote_average":7.2,"vote_count":53},{"adult":false,"backdrop_path":"/3nErSCj393Yh5h5MdvYgw9PvTQH.jpg","genre_ids":[18],"id":13416,"original_language":"en","original_title":"Friday Night Lights","overview":"Gary Gaines, the coach of a local football team in small-town Odessa, Texas, propels his squad to the state championships. But the path to glory is paved with racial and economic strife, and the coach must help his players navigate through the maze so they can play like winners.","release_date":"2004-10-08","poster_path":"/uvs1mubs3VsURZF6r3QgtK7UlPh.jpg","popularity":1.667386,"title":"Friday Night Lights","video":false,"vote_average":7.2,"vote_count":53}],"total_pages":180,"total_results":3596}
