{"page":166,"results":[{"adult":false,"backdrop_path":"/j2RqEGY3DW9teKb1vExFIFapWPc.jpg","genre_ids":[27],"id":37169,"original_language":"en","original_title":"The Human Centipede (First Sequence)","overview":"During a stopover in Germany in the middle of a carefree road trip through Europe, two American girls find themselves alone at night when their car breaks down in the woods. Searching for help at a nearby villa, they are wooed into the clutches of a deranged retired surgeon who explains his mad scientific vision to his captives' utter horror. They are to be the subjects of his sick lifetime fantasy: to be the first to connect people, one to the next, and in doing so bring to life \"the human centipede.\"","release_date":"2010-08-30","poster_path":"/rhy5WMyLVmYQ9PfEM60pg25E3TL.jpg","popularity":1.405435,"title":"The Human Centipede (First Sequence)","video":false,"vote_average":5.3,"vote_count":132},{"adult":false,"backdrop_path":"/gcqChVuR9n43ktuA5Pi7klrsGKJ.jpg","genre_ids":[35,14,10751],"id":10588,"original_language":"en","original_title":"The Cat in the Hat","overview":"Conrad and Sally Walden are home alone with their pet fish. It is raining outside, and there is nothing to do. Until The Cat in the Hat walks in the front door. He introduces them to their imagination, and at first it's all fun and games, until things get out of hand, and The Cat must go, go, go, before their parents get back.","release_date":"2003-11-21","poster_path":"/cyfCsdxGYIRlMd2z3dncOZWrgvk.jpg","popularity":0.482984,"title":"Dr. Seuss' The Cat in the Hat","video":false,"vote_average":5.3,"vote_count":86},{"adult":false,"backdrop_path":"/nTjGB5omiZIiZRS8zazwlPVs24m.jpg","genre_ids":[10751,14,12],"id":68737,"original_language":"en","original_title":"Seventh Son","overview":"John Gregory, who is a seventh son of a seventh son and also the local spook, has protected he country from witches, boggarts, ghouls and all manner of things that go bump in the night. However John is not young anymore, and has been seeking an apprentice to carry on his trade. Most have failed to survive. The last hope is a young farmer's son named Thomas Ward. Will he survive the training to become the spook that so many others couldn't?","release_date":"2015-02-06","poster_path":"/A3SBRfCSgKNcW2IkbaaOgugLwRt.jpg","popularity":9.049773,"title":"Seventh Son","video":false,"vote_average":5.3,"vote_count":361},{"adult":false,"backdrop_path":"/n6F0RaYx1Y0nU2JBYDKNoB4Sgni.jpg","genre_ids":[28,35,14],"id":11817,"original_language":"en","original_title":"Bulletproof Monk","overview":"A mysterious and immortal Tibetan kung fu master, who has spent the last 60 years traveling around the world protecting the ancient Scroll of the Ultimate, mentors a selfish street kid in the ancient intricacies of kung fu.","release_date":"2003-03-28","poster_path":"/pHclmPMiZsLjTpcdCJgJMMh7ccC.jpg","popularity":1.890442,"title":"Bulletproof Monk","video":false,"vote_average":5.3,"vote_count":89},{"adult":false,"backdrop_path":"/4laX0hT8ULoiuguZbD0WG3udG9s.jpg","genre_ids":[35],"id":50647,"original_language":"en","original_title":"Wanderlust","overview":"Rattled by sudden unemployment, a Manhattan couple surveys alternative living options, ultimately deciding to experiment with living on a rural commune where free love rules.","release_date":"2012-02-24","poster_path":"/6dbzcnxU49xtvLrqsxqODJqRN9S.jpg","popularity":2.090442,"title":"Wanderlust","video":false,"vote_average":5.3,"vote_count":153},{"adult":false,"backdrop_path":"/sjM8mQHnNQfeTQIsUQENIF9fvBJ.jpg","genre_ids":[35,18],"id":10833,"original_language":"en","original_title":"Heartbreakers","overview":"Max and Page are a brilliant mother/daughter con team who have their grift down to a fine science. Max targets wealthy, willing men and marries them. Page then seduces them, and Max catches her husband in the act. Then it's off to palimony city and the next easy mark.","release_date":"2001-03-23","poster_path":"/2yiDk4RnGL01HvMxXu96J4zmjle.jpg","popularity":0.437104,"title":"Heartbreakers","video":false,"vote_average":5.3,"vote_count":66},{"adult":false,"backdrop_path":"/cKVcHq9qdctpY8v9XMmqcwuG2Jn.jpg","genre_ids":[35,14,10751],"id":2698,"original_language":"en","original_title":"Evan Almighty","overview":"Buffalo newsman Evan Baxter is elected to Congress with the slogan, \"Change the world.\" He lucks into a huge house in a new Virginia suburb. His Capitol office is also fantastic, but there's a catch: he's tapped by the powerful Congressman Long to co-sponsor a bill to allow development in national parks. In steps God, who appears to a disbelieving Evan and gently commands him to build an ark","release_date":"2007-06-09","poster_path":"/mtIjd19s4eOSkUm9P9iDVY35TsQ.jpg","popularity":1.16225,"title":"Evan Almighty","video":false,"vote_average":5.3,"vote_count":356},{"adult":false,"backdrop_path":"/nNH43KDwtiXJIie6oviBIEwE8xd.jpg","genre_ids":[878,28,12,53],"id":172,"original_language":"en","original_title":"Star Trek V: The Final Frontier","overview":"Capt. Kirk and his crew must deal with Mr. Spock's half brother who kidnaps three diplomats and hijacks the Enterprise in his obsessive search for God.","release_date":"1989-06-09","poster_path":"/pV68KIKhlMneCnnopBzDTYgqonC.jpg","popularity":2.162401,"title":"Star Trek V: The Final Frontier","video":false,"vote_average":5.3,"vote_count":131},{"adult":false,"backdrop_path":"/jihMKGWilrgy0VWJyopstqFw3Ti.jpg","genre_ids":[28,878,53],"id":9920,"original_language":"en","original_title":"Ultraviolet","overview":"A beautiful hemophage infected with a virus that gives her superhuman powers has to protect a boy who is thought to be carrying antigens that would destroy all hemophages.","release_date":"2006-03-03","poster_path":"/4JTRliHy3DVQ4gu11hQu8ydtoBk.jpg","popularity":1.68709,"title":"Ultraviolet","video":false,"vote_average":5.3,"vote_count":158},{"adult":false,"backdrop_path":"/pWCWxPiyy8vW6wPsKVruad9fV9Z.jpg","genre_ids":[9648,12,35],"id":9637,"original_language":"en","original_title":"Scooby-Doo","overview":"The Mystery Inc. gang have gone their separate ways and have been apart for two years, until they each receive an invitation to Spooky Island. Not knowing that the others have also been invited, they show up and discover an amusement park that affects young visitors in very strange ways.","release_date":"2002-06-14","poster_path":"/yn1dLaEcvUHIgxmAu6NY5ho6CnJ.jpg","popularity":1.791182,"title":"Scooby-Doo","video":false,"vote_average":5.3,"vote_count":164},{"adult":false,"backdrop_path":"/vRqKw0PFHnYfV0pc5dC1ulNfe1e.jpg","genre_ids":[28,35,18],"id":5375,"original_language":"en","original_title":"Fred Claus","overview":"Fred Claus (Vince Vaughn) and Santa Claus (Paul Giamatti) have been estranged brothers for many years. Now Fred must reconcile his differences with his brother whom he believes over shadows him. When an efficiency expert (Kevin Spacey) asseses the workings at the North Pole and threatens to shut Santa down, Fred must help his brother to save Christmas.","release_date":"2007-11-03","poster_path":"/bJmo8Uc47RQ8hdfFM0QQz2vFEaV.jpg","popularity":2.054096,"title":"Fred Claus","video":false,"vote_average":5.3,"vote_count":52},{"adult":false,"backdrop_path":"/vj4IhmH4HCMZYYjTMiYBybTWR5o.jpg","genre_ids":[53],"id":241251,"original_language":"en","original_title":"The Boy Next Door","overview":"A recently cheated on married woman falls for a younger man who has moved in next door, but their torrid affair soon takes a dangerous turn.","release_date":"2015-01-23","poster_path":"/h28t2JNNGrZx0fIuAw8aHQFhIxR.jpg","popularity":7.604316,"title":"The Boy Next Door","video":false,"vote_average":5.3,"vote_count":158},{"adult":false,"backdrop_path":"/95287fjUjiXuptOLYrA1m1f0mw7.jpg","genre_ids":[35],"id":70868,"original_language":"en","original_title":"I Don't Know How She Does It","overview":"A comedy centered on the life of Kate Reddy, a finance executive who is the breadwinner for her husband and two kids.","release_date":"2011-09-16","poster_path":"/hL7CsRkzVGaD385Ady05LSSqpz5.jpg","popularity":2.111296,"title":"I Don't Know How She Does It","video":false,"vote_average":5.3,"vote_count":56},{"adult":false,"backdrop_path":"/uCuKMiI7aVYhNQu7SuMhWae5z0i.jpg","genre_ids":[28,14],"id":18911,"original_language":"en","original_title":"Tomb Raider: Ascension","overview":"West Midlands based filmmaker Stephen Reynolds’ latest 60 minute feature, Tomb Raider Ascension. Shot in 7 days with a budget of £10,000, Stephen directs Anna Tyrie in his own spin on the Tomb Raider franchise, taking the story back to the beginning of Lara Croft’s journey and showing her rise to become ‘Tomb Raider’","release_date":"2008-01-01","poster_path":"/vQ8MWxp81xcmaVsk76mwEVTzVt2.jpg","popularity":0.493575,"title":"Tomb Raider: Ascension","video":false,"vote_average":5.2,"vote_count":215},{"adult":false,"backdrop_path":"/yIEq17CHNDhKC5xHdLlGTlrwgav.jpg","genre_ids":[35,10749],"id":48988,"original_language":"en","original_title":"Hall Pass","overview":"When best buds Rick and Fred begin to show signs of restlessness at home, their wives take a bold approach to revitalize their marriages: they grant the guys a \"hall pass\", one week of freedom to do whatever they want. At first, it seems like a dream come true, but they quickly discover that their expectations of the single life - and themselves - are completely and hilariously out of sync with reality.","release_date":"2011-02-25","poster_path":"/hRvf9rhmwIzvfZwQx4IT6xsUhPe.jpg","popularity":2.270475,"title":"Hall Pass","video":false,"vote_average":5.2,"vote_count":270},{"adult":false,"backdrop_path":"/2AqqmCXBzYh0Pyf6L6t8cHtsrGX.jpg","genre_ids":[35,878],"id":80035,"original_language":"en","original_title":"The Watch","overview":"Four everyday suburban guys come together as an excuse to escape their humdrum lives one night a week. But when they accidentally discover that their town has become overrun with aliens posing as ordinary suburbanites, they have no choice but to save their neighborhood - and the world - from total extermination.","release_date":"2012-07-27","poster_path":"/llVq0170tBmPCcqVuFnV7CilrLj.jpg","popularity":2.126867,"title":"The Watch","video":false,"vote_average":5.2,"vote_count":398},{"adult":false,"backdrop_path":"/uAVdwu4vEx0TwuC4ewp9RqplKEV.jpg","genre_ids":[12,14,28,878],"id":1452,"original_language":"en","original_title":"Superman Returns","overview":"Set 5 years after the end of Superman II, the film begins when Superman returns to discover his absence allowed Lex Luthor to walk free, and that those he was closest too felt abandoned and have moved on. Luthor plots his ultimate revenge that could see millions killed and change the face of the planet forever, as well as ridding himself of the Man Of Steel.","release_date":"2006-06-28","poster_path":"/mAZ9zR7I7TjWvL4Yw3HkchsTeGM.jpg","popularity":2.141334,"title":"Superman Returns","video":false,"vote_average":5.2,"vote_count":527},{"adult":false,"backdrop_path":"/BwAlurHOXrHtDHX5UUIhiB9u6F.jpg","genre_ids":[28,878,53],"id":8870,"original_language":"en","original_title":"Red Planet","overview":"Astronauts search for solutions to save a dying Earth by searching on Mars, only to have the mission go terribly awry.","release_date":"2000-11-06","poster_path":"/wgXnmZG8vG7Fhmk9r3NofQsu44A.jpg","popularity":0.891308,"title":"Red Planet","video":false,"vote_average":5.2,"vote_count":70},{"adult":false,"backdrop_path":"/6Q4GeMo08AOJJos9BzgnutFiZTG.jpg","genre_ids":[28,12,18,36,10749],"id":76649,"original_language":"en","original_title":"Pompeii","overview":"Set in 79 A.D., POMPEII tells the epic story of Milo, a slave turned invincible gladiator who finds himself in a race against time to save his true love Cassia, the beautiful daughter of a wealthy merchant who has been unwillingly betrothed to a corrupt Roman Senator. As Mount Vesuvius erupts in a torrent of blazing lava, Milo must fight his way out of the arena in order to save his beloved as the once magnificent Pompeii crumbles around him.","release_date":"2014-02-21","poster_path":"/idiv0IxVhVSDW8cWxfprYyY5Yev.jpg","popularity":2.106609,"title":"Pompeii","video":false,"vote_average":5.2,"vote_count":513},{"adult":false,"backdrop_path":"/v8qppTQ6cK8rIInke51WDi1rRM9.jpg","genre_ids":[35,10749],"id":2752,"original_language":"en","original_title":"40 Days and 40 Nights","overview":"When easy-on-the-eyes Matt Sullivan is dumped by his girlfriend, he swears off all sex for Lent, which lasts 40 days and 40 nights. But his abstinence is tested when he meets beautiful and sexy Erica Sutton. Feeling like he's doomed if he doesn't stick to his plan, he struggles to resist the girl of his dreams.","release_date":"2002-03-01","poster_path":"/bIyZfvT4kwfR6pus69kpbQKIokJ.jpg","popularity":0.685497,"title":"40 Days and 40 Nights","video":false,"vote_average":5.2,"vote_count":85}],"total_pages":180,"total_results":3596}
