{"page":96,"results":[{"adult":false,"backdrop_path":"/hRdPa1NGhGWoquRQsSts5yOoLSS.jpg","genre_ids":[35,18,10749],"id":45156,"original_language":"en","original_title":"A Little Bit of Heaven","overview":"It's a comedy about a guarded woman who finds out she's dying of cancer, but when she meets her match, the threat of falling in love is scarier than death","release_date":"2011-02-03","poster_path":"/1DDjTd3eLaUyXcF3ndIUDZpHnPe.jpg","popularity":0.749138,"title":"A Little Bit of Heaven","video":false,"vote_average":6.3,"vote_count":62},{"adult":false,"backdrop_path":"/w0uFWvTzHDdfubKsI2KN4mPy1z8.jpg","genre_ids":[12,28,35,53],"id":8697,"original_language":"cn","original_title":"我是誰","overview":"Martial-arts megastar Jackie Chan wrote, directed and stars in this action-comedy. Secret agent Jackie (Chan) leads a commando group to Africa to kidnap scientists who are working to unleash a powerful -- and lethal -- new energy source. When Jackie develops amnesia after a plane crash, he fights to regain his memory and continue his assignment. Who Am I is packed with excitement and, of course, Jackie's unique brand of gymnastic martial arts.","release_date":"1998-09-11","poster_path":"/vRXEteH2ClX891qvu4R6EuCqWGp.jpg","popularity":1.904789,"title":"Who Am I?","video":false,"vote_average":6.3,"vote_count":55},{"adult":false,"backdrop_path":"/41mTvUFC5qtrAI12kQbgxw3Zig.jpg","genre_ids":[878],"id":11884,"original_language":"en","original_title":"The Last Starfighter","overview":"A video-gaming boy, seemingly doomed to stay at his trailer park home all his life, finds himself recruited as a gunner for an alien defense force.","release_date":"1984-07-13","poster_path":"/5uGg2npj168w8NIXUj35fpdHQX4.jpg","popularity":1.300334,"title":"The Last Starfighter","video":false,"vote_average":6.3,"vote_count":71},{"adult":false,"backdrop_path":"/f54d3tpzdRW02IDIIVRuwiY2N3K.jpg","genre_ids":[878,18,53],"id":76726,"original_language":"it","original_title":"Chronicle","overview":"Three high school students make an incredible discovery, leading to their developing uncanny powers beyond their understanding. As they learn to control their abilities and use them to their advantage, their lives start to spin out of control, and their darker sides begin to take over.","release_date":"2012-02-02","poster_path":"/6uaJhUNP1VXyRQS6cGyQD4RbZsj.jpg","popularity":2.921987,"title":"Chronicle","video":false,"vote_average":6.3,"vote_count":630},{"adult":false,"backdrop_path":"/vEpDdfgOzdOy3sBa27iVx60ix02.jpg","genre_ids":[18,36,10749],"id":12783,"original_language":"en","original_title":"The Duchess","overview":"A chronicle of the life of 18th century aristocrat Georgiana, Duchess of Devonshire, who was reviled for her extravagant political and personal life.","release_date":"2008-09-05","poster_path":"/tOv8ftJIER6Jrwshv1GQ8FhmGUN.jpg","popularity":2.546193,"title":"The Duchess","video":false,"vote_average":6.3,"vote_count":107},{"adult":false,"backdrop_path":"/ysUwLsrJfRkkWGttH1fhpy8uuRf.jpg","genre_ids":[35,18,10749,14],"id":5994,"original_language":"en","original_title":"The Family Man","overview":"Cutthroat investment banker Jack Campbell, who eschews emotional ties, is transported into the prosaic life he might have had if he'd wed his college sweetheart. Instead of a Ferrari, Campbell drives a malfunctioning minivan in the suburbs and is saddled with two screaming kids -- but he learns to love every minute of it.","release_date":"2000-12-12","poster_path":"/tL3ehhaFBkXnp51FCn6kCs2CuiW.jpg","popularity":2.07886,"title":"The Family Man","video":false,"vote_average":6.3,"vote_count":177},{"adult":false,"backdrop_path":"/vXm2sO7SoHGJuXY6CEJJaC1T6TX.jpg","genre_ids":[80,18],"id":398,"original_language":"en","original_title":"Capote","overview":"Capote is the biographical film about writer Truman Capote and his assignment for The New Yorker to write the non-fiction book In Cold Blood. Philip Seymour Hoffman won an Oscar for Best Actor for his portrayal of Capote.","release_date":"2005-09-30","poster_path":"/klbnGQ9OlFRzuLDtP9FSGkwepGp.jpg","popularity":0.70955,"title":"Capote","video":false,"vote_average":6.3,"vote_count":86},{"adult":false,"backdrop_path":"/ttOa1qlKCNLYJgdpsiDrVva9VOJ.jpg","genre_ids":[12,14,16,35,10751,10402],"id":12335,"original_language":"en","original_title":"Bedknobs and Broomsticks","overview":"Three children evacuated from London during World War II are forced to stay with an eccentric spinster (Eglantine Price). The children's initial fears disappear when they find out she is in fact a trainee witch.","release_date":"1971-10-07","poster_path":"/1mWFExXAlUSgfBKGkK3mjH1iXk4.jpg","popularity":1.762555,"title":"Bedknobs and Broomsticks","video":false,"vote_average":6.3,"vote_count":61},{"adult":false,"backdrop_path":"/yUgmWnxcPYoonOQfrax5CfIYvDU.jpg","genre_ids":[28,35,27,878,53],"id":9362,"original_language":"en","original_title":"Tremors","overview":"Hick handymen Val McKee and Earl Bassett can barely eke out a living in the Nevada hamlet of Perfection, so they decide to leave town -- despite an admonition from a shapely seismology coed who's picking up odd readings on her equipment. Before long, Val and Earl discover what's responsible for those readings: 30-foot-long carnivorous worms with a proclivity for sucking their prey underground.","release_date":"1990-01-19","poster_path":"/uaTHEpgS3tMPK5XY3f17RIrM07v.jpg","popularity":1.072228,"title":"Tremors","video":false,"vote_average":6.3,"vote_count":230},{"adult":false,"backdrop_path":"/wUetiqu2EFhHW94yTP0pWABfyUG.jpg","genre_ids":[16,10751],"id":953,"original_language":"en","original_title":"Madagascar","overview":"Zoo animals leave the comforts of man-made habitats for exotic adventure in this animated family film. After escaping from the zoo, four friends -- a lion, a hippo, a zebra and a giraffe -- are sent back to Africa. When their ship capsizes, stranding them on Madagascar, an island populated by crazy critters, the pals must adapt to jungle life and their new roles as wild animals.","release_date":"2005-05-26","poster_path":"/2YiESGB68BGQSAFvfJxBi774sc4.jpg","popularity":2.700579,"title":"Madagascar","video":false,"vote_average":6.3,"vote_count":1530},{"adult":false,"backdrop_path":"/7Vza7sJBA4dJIUioxOtxky4S35m.jpg","genre_ids":[18,10749,53],"id":10998,"original_language":"en","original_title":"Fatal Attraction","overview":"A married man's one night stand comes back to haunt him when that lover begins to stalk him and his family.","release_date":"1987-09-11","poster_path":"/qHditPFIFCbXJKGLTPzvIagg6XD.jpg","popularity":2.382129,"title":"Fatal Attraction","video":false,"vote_average":6.3,"vote_count":63},{"adult":false,"backdrop_path":"/5ldMfEYNk0fea8QQ0mjyrksIr1M.jpg","genre_ids":[28,12,53],"id":138103,"original_language":"en","original_title":"The Expendables 3","overview":"Barney (Stallone), Christmas (Statham) and the rest of the team comes face-to-face with Conrad Stonebanks (Gibson), who years ago co-founded The Expendables with Barney. Stonebanks subsequently became a ruthless arms trader and someone who Barney was forced to kill... or so he thought. Stonebanks, who eluded death once before, now is making it his mission to end The Expendables -- but Barney has other plans. Barney decides that he has to fight old blood with new blood, and brings in a new era of Expendables team members, recruiting individuals who are younger, faster and more tech-savvy. The latest mission becomes a clash of classic old-school style versus high-tech expertise in the Expendables' most personal battle yet.","release_date":"2014-08-15","poster_path":"/4ZWCSEUhiWgVGRXwEEqC9juXyQ1.jpg","popularity":6.081394,"title":"The Expendables 3","video":false,"vote_average":6.3,"vote_count":825},{"adult":false,"backdrop_path":"/nFs9hEgQKEsmhaItx11Qv9Ubnz.jpg","genre_ids":[35,10749],"id":8390,"original_language":"en","original_title":"Definitely, Maybe","overview":"When Will decides to tell his daughter the story of how he met her mother, he discovers that a second look at the past might also give him a second chance at the future.","release_date":"2008-02-08","poster_path":"/26U9CeCwH63P0n4jrYnhxnlfKWs.jpg","popularity":2.194075,"title":"Definitely, Maybe","video":false,"vote_average":6.3,"vote_count":192},{"adult":false,"backdrop_path":"/shg7ZGAGVxhM9ZfOtV6bp93QZwt.jpg","genre_ids":[18,10752],"id":25,"original_language":"en","original_title":"Jarhead","overview":"Jarhead is a film about a US Marine Anthony Swofford’s experience in the Gulf War. After putting up with an arduous boot camp, Swafford and his unit are sent to the Persian Gulf where they are earger to fight but are forced to stay back from the action. Meanwhile Swofford gets news of his girlfriend is cheating on him. Desperately he wants to kill someone and finally put his training to use.","release_date":"2005-11-04","poster_path":"/iEYnXqUsfTaKwO1svSa39Ap07of.jpg","popularity":2.432761,"title":"Jarhead","video":false,"vote_average":6.3,"vote_count":244},{"adult":false,"backdrop_path":"/9DURhsE2UwGlufkShlw9rXC2Yug.jpg","genre_ids":[28,35,80,53],"id":146216,"original_language":"en","original_title":"RED 2","overview":"Retired C.I.A. agent Frank Moses reunites his unlikely team of elite operatives for a global quest to track down a missing portable nuclear device.","release_date":"2013-07-19","poster_path":"/dvWITvEzlq8IaUbxUuBVKvXqfo6.jpg","popularity":2.735769,"title":"RED 2","video":false,"vote_average":6.3,"vote_count":789},{"adult":false,"backdrop_path":"/cyWNCOy2jvEumNmqXHjPKNkIUhS.jpg","genre_ids":[35],"id":183836,"original_language":"fr","original_title":"Les Gamins","overview":"Newly engaged, Thomas meets his future father-in-law Gilbert, who has been married for 30 years to Suzanne. Disillusioned Gilbert is convinced that his marriage has meant he's missed out on life. He persuades Thomas not to marry his daughter Lola and encourages him to drop everything else in his life as well. The two men then throw themselves into a new brats' life full of adventure, convinced that freedom is elsewhere. But at what cost do we rediscover our adolescent dreams?","release_date":"2013-04-17","poster_path":"/ycJMqTnZkiE3TdAQDlBJSRImcBV.jpg","popularity":1.409826,"title":"The Brats","video":false,"vote_average":6.3,"vote_count":66},{"adult":false,"backdrop_path":"/2tQ4Hf7LJMHvqZrJCEDmAY9LoBX.jpg","genre_ids":[28,53],"id":10135,"original_language":"en","original_title":"Road House","overview":"A tough bouncer is hired to tame a dirty bar.","release_date":"1989-05-19","poster_path":"/fSiDWJ7EyA4JVVlPHwhFzYmWYDG.jpg","popularity":0.268173,"title":"Road House","video":false,"vote_average":6.3,"vote_count":55},{"adult":false,"backdrop_path":"/a1MlbLBk5Sy6YvMbSuKfwGlDVlb.jpg","genre_ids":[16,12,35,10751],"id":920,"original_language":"en","original_title":"Cars","overview":"Lightning McQueen, a hotshot rookie race car driven to succeed, discovers that life is about the journey, not the finish line, when he finds himself unexpectedly detoured in the sleepy Route 66 town of Radiator Springs. On route across the country to the big Piston Cup Championship in California to compete against two seasoned pros, McQueen gets to know the town's offbeat characters.","release_date":"2006-06-09","poster_path":"/xi7KxnMSQzlqyCyCrXFJUJFdtxm.jpg","popularity":3.037843,"title":"Cars","video":false,"vote_average":6.3,"vote_count":1621},{"adult":false,"backdrop_path":"/sESzXLxl1f8vf94zPr8yngIddro.jpg","genre_ids":[878,53],"id":4437,"original_language":"en","original_title":"2010","overview":"A joint American-Soviet space expedition is sent to Jupiter to learn went happened to the U.S.S. Discovery against a backdrop of growing global tensions. Among the mysteries the expedition must explain are the appearance of a huge black monolith in Jupiter's orbit and the fate of H.A.L., the Discovery's sentient computer.","release_date":"1984-12-06","poster_path":"/9Rcz2n16HEYRi2EKGliByP6ESYR.jpg","popularity":1.064525,"title":"2010","video":false,"vote_average":6.3,"vote_count":103},{"adult":false,"backdrop_path":"/7CuXAFUWcOlR5kt07ln1fZDxdHX.jpg","genre_ids":[16,10751],"id":73723,"original_language":"en","original_title":"The Lorax","overview":"A 12-year-old boy searches for the one thing that will enable him to win the affection of the girl of his dreams. To find it he must discover the story of the Lorax, the grumpy yet charming creature who fights to protect his world.","release_date":"2012-03-01","poster_path":"/6FuYtjegxaUv7n7C733hUEOQytR.jpg","popularity":2.358945,"title":"The Lorax","video":false,"vote_average":6.3,"vote_count":519}],"total_pages":180,"total_results":3596}
