{"page":40,"results":[{"adult":false,"backdrop_path":"/rtEY19TbcuLgztYxwU06c7rBo0a.jpg","genre_ids":[12,18,28,36],"id":11416,"original_language":"en","original_title":"The Mission","overview":"Jeremy Irons plays a Spanish Jesuit who goes into the South American wilderness to build a mission in the hope of converting the Indians of the region. Robert DeNiro plays a slave hunter who is converted and joins Irons in his mission. When Spain sells the colony to Portugal, they are forced to defend all they have built against the Portugese aggressors.","release_date":"1986-09-29","poster_path":"/vwCrxKBQCajZ3g67c28cXoSN91z.jpg","popularity":2.258308,"title":"The Mission","video":false,"vote_average":7.0,"vote_count":57},{"adult":false,"backdrop_path":"/6AH0BpiEaLz3NMTaBhqgHdA4YJ6.jpg","genre_ids":[37],"id":288,"original_language":"en","original_title":"High Noon","overview":"High Noon is about a recently freed leader of a gang of bandits in the desert who is looking to get revenge on the Sheriff who put him in jail. A legendary western film from the Austrian director Fred Zinnemann.","release_date":"1952-07-24","poster_path":"/teFvLNdppclC01dZodBTyaP3lGK.jpg","popularity":0.39897,"title":"High Noon","video":false,"vote_average":7.0,"vote_count":73},{"adult":false,"backdrop_path":"/s9DKwK5fXzaqFOzkZkidkOk4KR9.jpg","genre_ids":[878,53],"id":206487,"original_language":"en","original_title":"Predestination","overview":"Predestination chronicles the life of a Temporal Agent (Ethan Hawke) sent on an intricate series of time-travel journeys designed to prevent future killers from committing their crimes. Now, on his final assignment, the Agent must stop the one criminal that has eluded him throughout time and prevent a devastating attack in which thousands of lives will be lost.","release_date":"2014-08-28","poster_path":"/kDdUtDsGMQ3OYwoBtEQyJIGPz4V.jpg","popularity":5.499313,"title":"Predestination","video":false,"vote_average":7.0,"vote_count":538},{"adult":false,"backdrop_path":"/nPBDOLBPdBapuhcv4xXopHX9BAE.jpg","genre_ids":[28,53,878],"id":17654,"original_language":"en","original_title":"District 9","overview":"Aliens land in South Africa and have no way home. Years later after living in a slum and wearing out their welcome the \"Non-Humans\" are being moved to a new tent city overseen by Multi-National United (MNU). The movie follows an MNU employee tasked with leading the relocation and his relationship with one of the alien leaders.","release_date":"2009-10-15","poster_path":"/axFmCRNQsW6Bto8XuJKo08MPPV5.jpg","popularity":3.987358,"title":"District 9","video":false,"vote_average":7.0,"vote_count":1231},{"adult":false,"backdrop_path":"/hTs7gIRH4o48q4zDm5VNtHovqb4.jpg","genre_ids":[10752,18],"id":256917,"original_language":"en","original_title":"The Water Diviner","overview":"Four years after the Battle of Gallipoli, Australian farmer Joshua Connor travels to Turkey to find his three sons, who never returned home from the war. When he arrives in Istanbul, he meets others who have also suffered losses: hotelier Ayshe and her son, Orhan, who befriends Connor; and Major Hasan, a Turkish officer who fought against Connor's sons and now may be their father's only hope in finding closure.","release_date":"2014-12-26","poster_path":"/94hLHuw3lD5XyJSt4azSm97EVCB.jpg","popularity":5.742344,"title":"The Water Diviner","video":false,"vote_average":7.0,"vote_count":103},{"adult":false,"backdrop_path":"/lXZgNXoMNbCCp0j03AC20LvdiHd.jpg","genre_ids":[80,18,9648,53],"id":1949,"original_language":"en","original_title":"Zodiac","overview":"Based on the actual case files for one of the most intriguing unsolved crimes in America, \"Zodiac\" tells the story of a serial killer that terrified the San Francisco Bay Area, taunting police with his ciphers and letters. The case becomes an obsession for four men as their lives and careers are built and destroyed by the endless trail of clues.","release_date":"2007-03-01","poster_path":"/kIW7N2bKV42OWk1kkMeq5ewZQVh.jpg","popularity":2.554579,"title":"Zodiac","video":false,"vote_average":7.0,"vote_count":488},{"adult":false,"backdrop_path":"/oeF51bKdpu8g5XEFxYTzLsT0YwD.jpg","genre_ids":[18,10752],"id":53457,"original_language":"fr","original_title":"Elle s'appelait Sarah","overview":"On the night of 16 July 1942, ten year old Sarah and her parents are being arrested and transported to the Velodrome d'Hiver in Paris where thousands of other jews are being send to get deported. Sarah however managed to lock her little brother in a closed just before the police entered their appartment.Sixty years later, Julia Jarmond, an American journalist in Paris, gets the assignment to write an article about this raid, a black page in the history of France. She starts digging archives and through Sarah's file discovers a well kept secret about her own in-laws.","release_date":"2010-10-13","poster_path":"/lh6kZE8IFCmyufOBlH3a6PxYexe.jpg","popularity":1.487481,"title":"Sarah's Key","video":false,"vote_average":7.0,"vote_count":52},{"adult":false,"backdrop_path":"/s5rP9nQ6fqvhkrpBEe4JrSRMmOf.jpg","genre_ids":[28,18,36,10752],"id":9289,"original_language":"en","original_title":"The Longest Day","overview":"The retelling of June 6, 1944, from the perspectives of the Germans, the US, Britain, and the Free French. Marshall Erwin Rommel, touring the defenses being established as part of the Reich's Atlantic Wall, notes to his officers that when the Allied invasion comes they must be stopped on the beach. \"For the Allies as well as the Germans, it will be the longest day\"","release_date":"1962-09-25","poster_path":"/q8NXuRN57k8ZDUU3wVOTvy685UG.jpg","popularity":0.78583,"title":"The Longest Day","video":false,"vote_average":7.0,"vote_count":81},{"adult":false,"backdrop_path":"/9CtyPVGETuWUlqnNswo7R98xGgU.jpg","genre_ids":[35,18],"id":10312,"original_language":"en","original_title":"Patch Adams","overview":"Meet Patch Adams, a doctor who doesn't look, act or think like any doctor you've met before. For Patch, humor is the best medicine, and he's willing to do just anything to make his patients laugh - even if it means risking his own career.","release_date":"1998-12-25","poster_path":"/2T0Mj8gkTXgciedz8W5nsnjCHig.jpg","popularity":1.57346,"title":"Patch Adams","video":false,"vote_average":7.0,"vote_count":159},{"adult":false,"backdrop_path":"/awGZf5T1hflis9Z2KvRMhp798xU.jpg","genre_ids":[35],"id":272693,"original_language":"en","original_title":"The DUFF","overview":"Bianca is a content high school senior whose world is shattered when she learns the student body refers to her as ‘The DUFF’ (Designated Ugly Fat Friend) to her prettier, more popular friends. With her universe turned upside down, she ignoreswords of wisdom from her favorite teacher and enlists Wesley, a slick but charming jock, to help set her apart from the pack and erase her label forever. In doing so, she hopes to land her crush Toby, and find the confidence to overthrow the school’s ruthless label maker Madison by reminding everyone that no matter what people look or act like, we are all someone’s DUFF…and that’s totally fine.","release_date":"2015-02-19","poster_path":"/dBBgPTCN5Zze4POXWVVpwf3wkra.jpg","popularity":4.239783,"title":"The DUFF","video":false,"vote_average":7.0,"vote_count":216},{"adult":false,"backdrop_path":"/sLbXneTErDvS3HIjqRWQJPiZ4Ci.jpg","genre_ids":[10751,16,12,35],"id":211672,"original_language":"en","original_title":"Minions","overview":"Minions Stuart, Kevin and Bob are recruited by Scarlet Overkill, a super-villain who, alongside her inventor husband Herb, hatches a plot to take over the world.","release_date":"2015-06-25","poster_path":"/s5uMY8ooGRZOL0oe4sIvnlTsYQO.jpg","popularity":36.028736,"title":"Minions","video":false,"vote_average":7.0,"vote_count":900},{"adult":false,"backdrop_path":"/pBz7T9KYTEbZoGlrynHT43QxNwE.jpg","genre_ids":[80,18,53],"id":9559,"original_language":"en","original_title":"A Perfect World","overview":"A kidnapped boy strikes up a friendship with his captor: an escaped convict on the run from the law, headed by an honorable U.S. Marshal.","release_date":"1993-11-24","poster_path":"/5RhCpfiZcEWhKhuoGw9XaqtCgHG.jpg","popularity":1.657587,"title":"A Perfect World","video":false,"vote_average":7.0,"vote_count":91},{"adult":false,"backdrop_path":"/3FkVs6SHcAiGD9AIPYpPDu3pwK0.jpg","genre_ids":[35,18],"id":265189,"original_language":"en","original_title":"Turist","overview":"While holidaying in the French Alps, a Swedish family deals with acts of cowardliness as an avalanche breaks out.","release_date":"2014-08-15","poster_path":"/7yZ82fITO2QYMYipEEmpJjbXo5D.jpg","popularity":2.820907,"title":"Force Majeure","video":false,"vote_average":7.0,"vote_count":75},{"adult":false,"backdrop_path":"/qUMDvACSfDEhqwLa3ZnHlbLOim1.jpg","genre_ids":[18,36,10749],"id":88273,"original_language":"da","original_title":"En kongelig affære","overview":"A young queen falls in love with her physician, and they start a revolution that changes their nation forever.","release_date":"2012-03-29","poster_path":"/f7bfKSEasjNLJ7I8rS5YJmzSDGr.jpg","popularity":0.833067,"title":"A Royal Affair","video":false,"vote_average":7.0,"vote_count":74},{"adult":false,"backdrop_path":"/4FfjHGlzloUqJe9h3mZK1T2olty.jpg","genre_ids":[18,36],"id":746,"original_language":"en","original_title":"The Last Emperor","overview":"A dramatic history of Pu Yi, the last of the Emperors of China, from his lofty birth and brief reign in the Forbidden City, the object of worship by half a billion people; through his abdication, his decline and dissolute lifestyle; his exploitation by the invading Japanese, and finally to his obscure existence as just another peasant worker in the People's Republic.","release_date":"1987-10-29","poster_path":"/KTirnfG6FZLKWbm8Am3EEKmZDx.jpg","popularity":2.445261,"title":"The Last Emperor","video":false,"vote_average":7.0,"vote_count":84},{"adult":false,"backdrop_path":"/e1svWjxTXMOmdgkVLSPHSfWv90R.jpg","genre_ids":[28,18,53],"id":2502,"original_language":"en","original_title":"The Bourne Supremacy","overview":"When a CIA operation to purchase classified Russian documents is blown by a rival agent, who then shows up in the sleepy seaside village where Bourne and Marie have been living. The pair run for their lives and Bourne, who promised retaliation should anyone from his former life attempt contact, is forced to once again take up his life as a trained assassin to survive.","release_date":"2004-07-23","poster_path":"/6a74OaZArLNNDHK9SdiLBUu2JYj.jpg","popularity":2.683346,"title":"The Bourne Supremacy","video":false,"vote_average":7.0,"vote_count":1213},{"adult":false,"backdrop_path":"/dyuQeCN6K4DaUnm6RjenCBPI5nb.jpg","genre_ids":[35,18,10749],"id":401,"original_language":"en","original_title":"Garden State","overview":"Andrew returns to his hometown for the funeral of his mother, a journey that reconnects him with past friends. The trip coincides with his decision to stop taking his powerful antidepressants. A chance meeting with Sam - a girl also suffering from various maladies - opens up the possibility of rekindling emotional attachments, confronting his psychologist father, and perhaps beginning a new life.","release_date":"2004-01-16","poster_path":"/u7IASCZ02Q94SYklSIR2609inis.jpg","popularity":1.038689,"title":"Garden State","video":false,"vote_average":7.0,"vote_count":195},{"adult":false,"backdrop_path":"/3CvufhBzPoIpwqBhg6PuJXdFpON.jpg","genre_ids":[27],"id":377,"original_language":"en","original_title":"A Nightmare on Elm Street","overview":"Teenagers in a small town are dropping like flies, apparently in the grip of mass hysteria causing their suicides. A cop's daughter, Nancy Thompson (Heather Langenkamp) traces the cause to child molester Fred Krueger (Robert Englund), who was burned alive by angry parents many years before. Krueger has now come back in the dreams of his killers' children, claiming their lives as his revenge. Nancy and her boyfriend, Glen (Johnny Depp), must devise a plan to lure the monster out of the realm of nightmares and into the real world...","release_date":"1984-11-15","poster_path":"/sXFlyjfWv544uKOJmPd2vVsaFm9.jpg","popularity":2.628772,"title":"A Nightmare on Elm Street","video":false,"vote_average":7.0,"vote_count":296},{"adult":false,"backdrop_path":"/w6VwFCdQypTKEZAkzWtyPVii3zp.jpg","genre_ids":[18],"id":606,"original_language":"en","original_title":"Out of Africa","overview":"Out of Africa tells the story of the life of Danish author Karen Blixen, who at the beginning of the 20th century moved to Africa to build a new life for herself. The film is based on the autobiographical novel by Karen Blixen from 1937.","release_date":"1985-12-10","poster_path":"/bLXD2jp0img4RJiczAwnS7m7jF9.jpg","popularity":0.733652,"title":"Out of Africa","video":false,"vote_average":7.0,"vote_count":64},{"adult":false,"backdrop_path":"/7ezJPolhTzeClFeqtApEpBuKik2.jpg","genre_ids":[16,18],"id":41201,"original_language":"en","original_title":"L'illusionniste","overview":"The Illusionist is a 2010 British-French animated film directed by Sylvain Chomet. The film is based on an unproduced script that the French mime, director and actor Jacques Tati had written in 1956 as a personal letter to his estranged eldest daughter, Helga Marie-Jeanne Schiel. The plot revolves around a struggling illusionist who visits an isolated community and meets a young lady who is convinced that he is a real magician. The film is set in Scotland in the late 1950s.","release_date":"2010-02-16","poster_path":"/ojLyiLwf1XmYnsPIreNX2M0PcX7.jpg","popularity":0.711894,"title":"The Illusionist","video":false,"vote_average":7.0,"vote_count":51}],"total_pages":180,"total_results":3596}
