{"page":62,"results":[{"adult":false,"backdrop_path":"/lpJGmjxZ9ONC4efcnQdbyYyxFR5.jpg","genre_ids":[28,12,35,18,10751],"id":1885,"original_language":"en","original_title":"The Karate Kid","overview":"Hassled by the school bullies, Daniel LaRusso has his share of adolescent woes. Luckily, his apartment building houses a resident martial arts master: Kesuke Miyagi, who agrees to train Daniel ... and ends up teaching him much more than self-defense. Armed with newfound confidence, skill and wisdom, Daniel ultimately faces off against his tormentors in this hugely popular classic underdog tale.","release_date":"1984-06-22","poster_path":"/5kKor5pZ3ov08CAstSyk7FGDKVN.jpg","popularity":1.004988,"title":"The Karate Kid","video":false,"vote_average":6.7,"vote_count":296},{"adult":false,"backdrop_path":"/jc3qQh8FV2YOJc8z7JQlXmv33Zs.jpg","genre_ids":[12,18,10751],"id":44826,"original_language":"en","original_title":"Hugo","overview":"Hugo is an orphan boy living in the walls of a train station in 1930s Paris. He learned to fix clocks and other gadgets from his father and uncle which he puts to use keeping the train station clocks running. The only thing that he has left that connects him to his dead father is an automaton (mechanical man) that doesn't work without a special key which Hugo needs to find to unlock the secret he believes it contains. On his adventures, he meets with a shopkeeper, George Melies, who works in the train station and his adventure-seeking god-daughter. Hugo finds that they have a surprising connection to his father and the automaton, and he discovers it unlocks some memories the old man has buried inside regarding his past.","release_date":"2011-11-23","poster_path":"/fkeaJr29ypea1n24gzspsc7qK44.jpg","popularity":2.028762,"title":"Hugo","video":false,"vote_average":6.7,"vote_count":746},{"adult":false,"backdrop_path":"/bsiHaklreqeDj7V7Mjhfu9rW4zL.jpg","genre_ids":[35,10749],"id":2898,"original_language":"en","original_title":"As Good as It Gets","overview":"New York City. Melvin Udall, a cranky, bigoted, obsessive-compulsive writer, finds his life turned upside down when neighboring gay artist Simon is hospitalized and his dog is entrusted to Melvin. In addition, Carol, the only waitress who will tolerate him, must leave work to care for her sick son, making it impossible for Melvin to eat breakfast.","release_date":"1997-12-19","poster_path":"/q2645aW8vgg1g7RL5lil6K93yaA.jpg","popularity":1.964254,"title":"As Good as It Gets","video":false,"vote_average":6.7,"vote_count":270},{"adult":false,"backdrop_path":"/yEvwVgAjea7PCmpBB7DxBfXn7tL.jpg","genre_ids":[18,10749],"id":24684,"original_language":"en","original_title":"An Education","overview":"A coming-of-age story about a teenage girl in 1960s suburban London, and how her life changes with the arrival of a playboy nearly twice her age.","release_date":"2009-10-29","poster_path":"/n0mH5BgPjlMWJLWKhjtf5MDRrm9.jpg","popularity":1.67661,"title":"An Education","video":false,"vote_average":6.7,"vote_count":117},{"adult":false,"backdrop_path":"/kKC9BRM9iR6Hsz2HEedEdTglgXk.jpg","genre_ids":[18],"id":249660,"original_language":"en","original_title":"God's Not Dead","overview":"Radisson finds the topic of religion painful because his Christian mother died when he was 12, though he had prayed and begged God to spare her life. This may be what led him to study philosophy so in depth that he ultimately became a philosophy professor, but his desire to now avoid the topic of religion does not mesh well with his career as a philosophy professor. His anger at God has him requesting his students quote Friedrich Nietzsche and, in exchange, he promises to allow them to skip the chapter on religion. This is not the only clue the movie makers give that they have read atheist material extensively. Radisson tells Josh that if he won't reach a consensus with the class, he must prove God is not dead. Radisson had already explained this was a metaphor and, taken in the context of Nietzsche's point, Josh does an excellent job of proving this.","release_date":"2014-03-21","poster_path":"/XEK5B6a55ErDzRkupZ3rbq3SbN.jpg","popularity":1.433344,"title":"God's Not Dead","video":false,"vote_average":6.7,"vote_count":81},{"adult":false,"backdrop_path":"/yQWiRYbsO0ceVm6EJ7TUaFXbYx1.jpg","genre_ids":[18,36,10752,28],"id":2024,"original_language":"en","original_title":"The Patriot","overview":"After proving himself on the field of battle in the French and Indian War, Benjamin Martin wants nothing more to do with such things, preferring the simple life of a farmer. But when his son Gabriel enlists in the army to defend their new nation, America, against the British, Benjamin reluctantly returns to his old life to protect his son.","release_date":"2000-03-16","poster_path":"/yQE8Ag9t1wQHjY58rPzJX8G1iIz.jpg","popularity":2.798316,"title":"The Patriot","video":false,"vote_average":6.7,"vote_count":388},{"adult":false,"backdrop_path":"/59baGxEztxeXW1oFjs8EBgXxTXk.jpg","genre_ids":[27,53],"id":91586,"original_language":"en","original_title":"Insidious: Chapter 2","overview":"The haunted Lambert family seeks to uncover the mysterious childhood secret that has left them dangerously connected to the spirit world.","release_date":"2013-09-13","poster_path":"/qjzk0pig5c7aTLlvKzcegD9PXA.jpg","popularity":3.220652,"title":"Insidious: Chapter 2","video":false,"vote_average":6.7,"vote_count":389},{"adult":false,"backdrop_path":"/o2FFyK2lFk9VyumyNwG0bUk2CeR.jpg","genre_ids":[35],"id":8265,"original_language":"fr","original_title":"Bienvenue chez les ch'tis","overview":"Although living a comfortable life in Salon-de-Provence, a charming town in the South of France, Julie has been feeling depressed for a while. To please her, Philippe Abrams, a post office administrator, her husband, tries to obtain a transfer to a seaside town, on the French Riviera, at any cost. The trouble is that he is caught red-handed while trying to scam an inspector. Philippe is immediately banished to the distant unheard of town of Bergues, in the Far North of France...","release_date":"2008-02-20","poster_path":"/wpuxRlQ9dwPlCXCpnckIk9MzBcD.jpg","popularity":0.996082,"title":"Welcome to the Sticks","video":false,"vote_average":6.7,"vote_count":130},{"adult":false,"backdrop_path":"/yJVp1C2evg53kOyndpmHM5aRhua.jpg","genre_ids":[27,28,53,878],"id":8337,"original_language":"en","original_title":"They Live","overview":"Nada, a down-on-his-luck construction worker, discovers a pair of special sunglasses. Wearing them, he is able to see the world as it really is: people being bombarded by media and government with messages like \"Stay Asleep\", \"No Imagination\", \"Submit to Authority\". Even scarier is that he is able to see that some usually normal-looking people are in fact ugly aliens in charge of the massive campaign to keep humans subdued.","release_date":"1988-11-23","poster_path":"/8N8BnBGwgsxXXwZ2q9eVFFIKFL1.jpg","popularity":2.589401,"title":"They Live","video":false,"vote_average":6.7,"vote_count":118},{"adult":false,"backdrop_path":"/vUyDnfk7DHaozfl1cXFh6PzbUW4.jpg","genre_ids":[35,10751],"id":771,"original_language":"en","original_title":"Home Alone","overview":"Eight-year-old Kevin McCallister makes the most of the situation after his family unwittingly leaves him behind when they go on Christmas vacation. But when a pair of bungling burglars set their sights on Kevin's house, the plucky kid stands ready to defend his territory. By planting booby traps galore, adorably mischievous Kevin stands his ground as his frantic mother attempts to race home before.","release_date":"1990-11-09","poster_path":"/8IWPBT1rkAaI8Kpk5V3WfQRklJ7.jpg","popularity":1.0733,"title":"Home Alone","video":false,"vote_average":6.7,"vote_count":787},{"adult":false,"backdrop_path":"/cfp28CJU7Xak3MEjjIMkZLkTtIW.jpg","genre_ids":[18,10749],"id":72570,"original_language":"en","original_title":"The Vow","overview":"Happy young married couple Paige (McAdams) and Leo (Tatum) are, well, happy. Then a car accident puts Paige into a life-threatening coma. Upon awakening she has lost the previous five years of memories, including those of her beloved Leo, her wedding, a confusing relationship with her parents, or the ending of her relationship with her ex-fiance. Despite these complications, Leo endeavors to win her heart again and rebuild their marriage.","release_date":"2012-02-10","poster_path":"/uh8t52yMz0WWsZkuk1c6i9JgEwE.jpg","popularity":3.653097,"title":"The Vow","video":false,"vote_average":6.7,"vote_count":414},{"adult":false,"backdrop_path":"/GtodNrQnorVd3Gv6f6i4bdEwkP.jpg","genre_ids":[10751,16,12,35],"id":270946,"original_language":"en","original_title":"Penguins of Madagascar","overview":"Skipper, Kowalski, Rico and Private join forces with undercover organization The North Wind to stop the villainous Dr. Octavius Brine from destroying the world as we know it.","release_date":"2014-11-26","poster_path":"/pRer59eyY4rjkLPeKXKo7fPxCHH.jpg","popularity":7.920223,"title":"Penguins of Madagascar","video":false,"vote_average":6.7,"vote_count":479},{"adult":false,"backdrop_path":"/cYd3PL27r0KJa9Pa4A5lfUr58Yg.jpg","genre_ids":[14,27,28],"id":924,"original_language":"en","original_title":"Dawn of the Dead","overview":"A group of surviving people take refuge in a shopping center after the world has been over taken over by aggressive, flesh-eating zombies. A remake of the 1978 zombie film of the same name.","release_date":"2004-03-10","poster_path":"/yfqsgzW6AQYmBjIEIq0y9EB1Rgl.jpg","popularity":2.351749,"title":"Dawn of the Dead","video":false,"vote_average":6.7,"vote_count":307},{"adult":false,"backdrop_path":"/nTBRgAF4lWzGZ1GWOqsKkbBNWT.jpg","genre_ids":[18],"id":345,"original_language":"en","original_title":"Eyes Wide Shut","overview":"After Dr. Bill Hartford's wife, Alice, admits to having sexual fantasies about a man she met, Bill becomes obsessed with having a sexual encounter. He discovers an underground sexual group and attends one of their meetings -- and quickly discovers that he is in over his head.","release_date":"1999-07-16","poster_path":"/c8X6UIbzbhBBuyuHRrzVzaCMbkZ.jpg","popularity":2.044815,"title":"Eyes Wide Shut","video":false,"vote_average":6.7,"vote_count":320},{"adult":false,"backdrop_path":"/dyHIPT1Q2nZjsciWBuTPikYOxzA.jpg","genre_ids":[35,80,9648],"id":39939,"original_language":"en","original_title":"Super Troopers","overview":"Four bored, occasionally high and always ineffective Vermont state troopers must prove their worth to the governor or lose their jobs. After stumbling on a drug ring, they plan to make a bust, but a rival police force is out to steal the glory.","release_date":"2001-01-18","poster_path":"/egJdSR2XVOC0P8P6bVa5CCvxStN.jpg","popularity":0.400515,"title":"Super Troopers","video":false,"vote_average":6.7,"vote_count":165},{"adult":false,"backdrop_path":"/l7lE9Z22b9hDkZs1HBB1nCHEqqP.jpg","genre_ids":[28,12,18],"id":43930,"original_language":"en","original_title":"Tomorrow, When the War Began","overview":"Ellie Linton, a teen from an Australian coastal town, leads her friends on an excursion to a camp deep in the woods, dubbed \"Hell.\" Upon their return, the youths find that their town has been overrun by an enemy army, and their friends and family have been imprisoned. When the hostile invaders become alerted to their presence, Ellie and her friends band together to escape -- and strike back against -- this mysterious enemy.","release_date":"2010-08-08","poster_path":"/A6w5QSdO2DkyFAii1fR8Wy3fRb7.jpg","popularity":1.848071,"title":"Tomorrow, When the War Began","video":false,"vote_average":6.7,"vote_count":75},{"adult":false,"backdrop_path":"/pA6FQxybVUjNlbYUAJJupLTfUsN.jpg","genre_ids":[35],"id":232672,"original_language":"en","original_title":"Blended","overview":"After a bad blind date, a man and woman find themselves stuck together at a resort for families, where their attractions grows as their respective kids benefit from the burgeoning relationship.","release_date":"2014-05-23","poster_path":"/l99PKd9tdwtpOS5jxHwDGKTsVUo.jpg","popularity":3.312348,"title":"Blended","video":false,"vote_average":6.7,"vote_count":403},{"adult":false,"backdrop_path":"/ocml2PiclZHpIy1MvT2mvGSJFpH.jpg","genre_ids":[18,10749],"id":2288,"original_language":"en","original_title":"Closer","overview":"Set in contemporary London, a story of passion, drama, love, and abandonment involving four strangers--their chance meetings, instant attractions and casual betrayals.","release_date":"2004-12-02","poster_path":"/jZINusxU1VUKae1s6j39jeFrnJt.jpg","popularity":1.941847,"title":"Closer","video":false,"vote_average":6.7,"vote_count":210},{"adult":false,"backdrop_path":"/NtQjMSMinCFcejZyfhtVYBV1x0.jpg","genre_ids":[27,9648,53],"id":635,"original_language":"en","original_title":"Angel Heart","overview":"The down-and-out private detective Harry Angel is ordered, by a mysterious man named Louis Cyphre, to go on a mission to find a missing person. His routine failure soon leads to a bloody spur with himself as Harry Angel goes on a supernatural journey into his soul.","release_date":"1987-03-06","poster_path":"/xFtrVJWygDiK2iZluUxNwuQZ6Sm.jpg","popularity":0.828959,"title":"Angel Heart","video":false,"vote_average":6.7,"vote_count":67},{"adult":false,"backdrop_path":"/uF9Pn5ZogD4QOonU0nIiTMKYOMm.jpg","genre_ids":[18,14],"id":1024,"original_language":"en","original_title":"Heavenly Creatures","overview":"Based on the true story of Juliet Hulme and Pauline Parker, two close friends who share a love of fantasy and literature, who conspire to kill Pauline's mother when she tries to end the girls' intense and obsessive relationship.","release_date":"1994-09-02","poster_path":"/5ek49TUeqStPmKwNdxrCSUAdXNe.jpg","popularity":1.508053,"title":"Heavenly Creatures","video":false,"vote_average":6.7,"vote_count":55}],"total_pages":180,"total_results":3596}
