{"page":148,"results":[{"adult":false,"backdrop_path":"/rRK0LRpvRI2didoMaBFt1GqxjEy.jpg","genre_ids":[53,18],"id":134411,"original_language":"en","original_title":"Snitch","overview":"Construction company owner John Matthews learns that his estranged son, Jason, has been arrested for drug trafficking. Facing an unjust prison sentence for a first time offender courtesy of mandatory minimum sentence laws, Jason has nothing to offer for leniency in good conscience. Desperately, John convinces the DEA and the opportunistic DA Joanne Keeghan to let him go undercover to help make arrests big enough to free his son in return. With the unwitting help of an ex-con employee, John enters the narcotics underworld where every move could be his last in an operation that will demand all his resources, wits and courage to survive.","release_date":"2013-02-22","poster_path":"/6bIr7h0AcZGZds7ep8ShsQRwUxX.jpg","popularity":2.39166,"title":"Snitch","video":false,"vote_average":5.6,"vote_count":789},{"adult":false,"backdrop_path":"/sV6bKdIa3Mttr39BukrTQTEEYeJ.jpg","genre_ids":[18,10749],"id":25643,"original_language":"en","original_title":"Love Happens","overview":"Dr. Burke Ryan (Eckhart) is a successful self-help author and motivational speaker with a secret. While he helps thousands of people cope with tragedy and personal loss, he secretly is unable to overcome the death of his late wife. It's not until Burke meets a fiercely independent florist name Eloise (Aniston) that he is forced to face his past and overcome his demons.","release_date":"2009-09-18","poster_path":"/1MW1e8ooNH8Sds5ptOA9rLpyfaZ.jpg","popularity":0.695263,"title":"Love Happens","video":false,"vote_average":5.6,"vote_count":61},{"adult":false,"backdrop_path":"/gCVAvKhsD5BrGZhyj1sNnwsqCY5.jpg","genre_ids":[28,878,53],"id":18501,"original_language":"en","original_title":"Gamer","overview":"Mind-control technology has taken society by a storm, a multiplayer on-line game called \"Slayers\" allows players to control human prisoners in mass-scale. Simon (Lerman) controls Kable (Butler), the online champion of the game. Kable's ultimate challenge becomes regaining his identity and independence by defeating the game's mastermind (Hall).","release_date":"2009-09-04","poster_path":"/ki0s06d4iUeDEdLfCcQQO2NY6Co.jpg","popularity":1.485457,"title":"Gamer","video":false,"vote_average":5.6,"vote_count":284},{"adult":false,"backdrop_path":"/yTZKBx66njeBNXFM1A26Rm49AWL.jpg","genre_ids":[12,14,35,878,10751],"id":1649,"original_language":"en","original_title":"Bill & Ted's Bogus Journey","overview":"Attention all righteous dudes and babes! Keanu Reeves and Alex Winter are back and better than ever with a most triumphant sequel to Bill And Ted's Excellent Adventure! Everything's excellent for everyone's favourite surf-speaking dudes. With their own apartment, a pair of bodacious princess babes and a spot on the upcoming battle of the bands, life couldn't be any better. But all that goes down the tubes when Bill and Ted's evil robot twins kill the San Dimas duo and then take over their lives.","release_date":"1991-07-19","poster_path":"/8JrQsGEO6WyM1KBpUxLqLiKa8vW.jpg","popularity":1.278534,"title":"Bill & Ted's Bogus Journey","video":false,"vote_average":5.6,"vote_count":89},{"adult":false,"backdrop_path":"/rGvao8CGRgtFmiJewzJxCe6cspl.jpg","genre_ids":[53,28,18],"id":4614,"original_language":"en","original_title":"The Sum of All Fears","overview":"CIA analyst Jack Ryan must thwart the plans of a terrorist faction that threatens to induce a catastrophic conflict between the United States and Russia's newly elected president by detonating a nuclear weapon at a football game in Baltimore.","release_date":"2002-05-31","poster_path":"/k3ZJrGAccBocurYccRyD3aP6ltV.jpg","popularity":2.234586,"title":"The Sum of All Fears","video":false,"vote_average":5.6,"vote_count":151},{"adult":false,"backdrop_path":"/nEdBHjvRkKwEPD1Ps5A3rRiiLVN.jpg","genre_ids":[12,14,18,10749],"id":8966,"original_language":"en","original_title":"Twilight","overview":"When Bella Swan moves to a small town in the Pacific Northwest to live with her father, she starts school and meets the reclusive Edward Cullen, a mysterious classmate who reveals himself to be a 108-year-old vampire. Despite Edward's repeated cautions, Bella can't help but fall in love with him, a fatal move that endangers her own life when a coven of bloodsuckers try to challenge the Cullen clan.","release_date":"2008-11-20","poster_path":"/nlvPMLCdum7bkHKmDSMnNLGztmW.jpg","popularity":4.08295,"title":"Twilight","video":false,"vote_average":5.6,"vote_count":1206},{"adult":false,"backdrop_path":"/v8RM5OJ9Vvka4EVGidoSTnA3DNQ.jpg","genre_ids":[53,14,28,35],"id":10610,"original_language":"en","original_title":"The Medallion","overview":"A Hong Kong detective suffers a fatal accident involving a mysterious medallion and is transformed into an immortal warrior with superhuman powers.","release_date":"2003-08-15","poster_path":"/5JDLNIxaKd96vq43qY5KmiSkycR.jpg","popularity":2.058942,"title":"The Medallion","video":false,"vote_average":5.6,"vote_count":71},{"adult":false,"backdrop_path":"/6sCto39wgQGCzDojAr5c4UPBjDZ.jpg","genre_ids":[27,9648],"id":9286,"original_language":"en","original_title":"Final Destination 3","overview":"In this third installment of the Final Destination series, a student's premonition of a deadly rollercoaster ride saves her life and a lucky few, but not from death itself which seeks out those who escaped their fate.","release_date":"2006-02-10","poster_path":"/fO7QneBmdE9dEJUewiYMfsEp3IL.jpg","popularity":1.729748,"title":"Final Destination 3","video":false,"vote_average":5.6,"vote_count":305},{"adult":false,"backdrop_path":"/tGxBYYSKSmBUpjSHDpRelsbNeBy.jpg","genre_ids":[80,53,28],"id":334074,"original_language":"en","original_title":"Survivor","overview":"A Foreign Service Officer in London tries to prevent a terrorist attack set to hit New York, but is forced to go on the run when she is framed for crimes she did not commit.","release_date":"2015-05-29","poster_path":"/XtvR1aSph7X3wqrE2PY66IPzVi.jpg","popularity":12.406414,"title":"Survivor","video":false,"vote_average":5.6,"vote_count":119},{"adult":false,"backdrop_path":"/xT9awVPuIh8yWx1b2ODTpngY30M.jpg","genre_ids":[28,35,80,9648,10751],"id":12096,"original_language":"en","original_title":"The Pink Panther","overview":"When the coach of the France soccer team is killed by a poisoned dart in the stadium in the end of a game, and his expensive and huge ring with the diamond Pink Panther disappears, the ambitious Chief Inspector Dreyfus assigns the worst police inspector Jacques Clouseau to the case.","release_date":"2006-01-18","poster_path":"/eNzbcO8Mps96Zycg6DSFn9b1aO1.jpg","popularity":1.908242,"title":"The Pink Panther","video":false,"vote_average":5.6,"vote_count":155},{"adult":false,"backdrop_path":"/b617fCm0275hXuhH6JuEmcAcvyM.jpg","genre_ids":[12,28,53,878],"id":331,"original_language":"en","original_title":"Jurassic Park III","overview":"In need of funds for research, Dr. Alan Grant accepts a large sum of money to accompany Paul and Amanda Kirby on an aerial tour of the infamous Isla Sorna. It isn't long before all hell breaks loose and the stranded wayfarers must fight for survival as a host of new -- and even more deadly -- dinosaurs try to make snacks of them.","release_date":"2001-07-15","poster_path":"/26L7XODsNlxX3VwkfuUnYOslbRF.jpg","popularity":1.098685,"title":"Jurassic Park III","video":false,"vote_average":5.6,"vote_count":938},{"adult":false,"backdrop_path":"/1IsoAseGbqvNxkNYge4mMymGt1Q.jpg","genre_ids":[80,53],"id":240916,"original_language":"en","original_title":"Reasonable Doubt","overview":"When up-and-coming District Attorney Mitch Brockden commits a fatal hit-and-run, he feels compelled to throw the case against the accused criminal who was found with the body and blamed for the crime. Following the trial, Mitch's worst fears come true when he realizes that he acquitted a guilty man, and he soon finds himself on the hunt for the killer before more victims pile up.","release_date":"2014-01-17","poster_path":"/HwcSgZ4DuvmwdibfKCUz5dnPBx.jpg","popularity":1.848283,"title":"Reasonable Doubt","video":false,"vote_average":5.6,"vote_count":101},{"adult":false,"backdrop_path":"/1bqOGOqbxqbYodEimrhGIXHYRf3.jpg","genre_ids":[27],"id":10781,"original_language":"en","original_title":"The Texas Chainsaw Massacre: The Beginning","overview":"On one last road trip before they're sent to serve in Vietnam, two brothers and their girlfriends get into an accident that calls their local sheriff to the scene. Thus begins a terrifying experience where the teens are taken to a secluded house of horrors, where a young, would-be killer is being nurtured.","release_date":"2006-10-06","poster_path":"/9elCJIG1TOJ0wew3JVx5ZMkHq5w.jpg","popularity":0.978221,"title":"The Texas Chainsaw Massacre: The Beginning","video":false,"vote_average":5.6,"vote_count":90},{"adult":false,"backdrop_path":"/tg0qbKJLBzzVwYfwde5UBOVfbFQ.jpg","genre_ids":[80,9648,53,28],"id":2043,"original_language":"en","original_title":"Along Came a Spider","overview":"When a teacher kidnaps a girl from a prestigious school, homicide detective Alex Cross takes the case, teaming up with young security agent Jezzie Flannigan, in hopes of finding the girl and stopping the brutal psychopath. Every second counts as Alex and Jezzie attempt to track down the kidnapper before the spider claims another victim for its web.","release_date":"2001-04-06","poster_path":"/1ZjDmPKMUtout8hR77qmK1llgls.jpg","popularity":2.066109,"title":"Along Came a Spider","video":false,"vote_average":5.6,"vote_count":116},{"adult":false,"backdrop_path":"/4yr7WC1qRoWBZa1QvS5YBz1aEGT.jpg","genre_ids":[18,53],"id":60599,"original_language":"en","original_title":"Arbitrage","overview":"A troubled hedge fund magnate, desperate to complete the sale of his trading empire, makes an error that forces him to turn to an unlikely person for help.","release_date":"2012-09-14","poster_path":"/tn8a9qdYmUF8NMy1tmhoH4WnDXq.jpg","popularity":1.180741,"title":"Arbitrage","video":false,"vote_average":5.6,"vote_count":112},{"adult":false,"backdrop_path":"/vbx7PM6DZJVA8dp5Z21clTzj1Ik.jpg","genre_ids":[35,18,10749],"id":7303,"original_language":"en","original_title":"Maid in Manhattan","overview":"A senatorial candidate falls for a hotel maid, thinking she is a socialite when he sees her trying on a wealthy woman's dress.","release_date":"2002-12-13","poster_path":"/3LQ4wKp4lF41yTTRSd6QdgD6eXO.jpg","popularity":0.90161,"title":"Maid in Manhattan","video":false,"vote_average":5.6,"vote_count":121},{"adult":false,"backdrop_path":"/3qvtPTzdeV5cJFBpJO56KFAkF4d.jpg","genre_ids":[18,53,36],"id":1247,"original_language":"en","original_title":"The Good Shepherd","overview":"Edward Wilson, the only witness to his father's suicide and member of the Skull and Bones Society while a student at Yale, is a morally upright young man who values honor and discretion, qualities that help him to be recruited for a career in the newly founded OSS. His dedication to his work does not come without a price though, leading him to sacrifice his ideals and eventually his family.","release_date":"2006-12-11","poster_path":"/s2RYkRXrjUIyOlmzym37kpLTKRz.jpg","popularity":1.957335,"title":"The Good Shepherd","video":false,"vote_average":5.6,"vote_count":101},{"adult":false,"backdrop_path":"/pZmUs1f3t3P0sAySnw8vdFclO4p.jpg","genre_ids":[18,10749],"id":9266,"original_language":"en","original_title":"Blue Crush","overview":"Nothing gets between Anne Marie and her board. Living in a beach shack with three roommates, she is up before dawn every morning to conquer the waves and count the days until the Pipe Masters competition. Having transplanted herself to Hawaii with no one's blessing but her own, Anne Marie finds all she needs in the adrenaline-charged surf scene - until pro quarterback Matt Tollman comes along...","release_date":"2002-08-08","poster_path":"/zHCuiNnQu0o84vPK9vuecJ8SLZe.jpg","popularity":0.356072,"title":"Blue Crush","video":false,"vote_average":5.6,"vote_count":56},{"adult":false,"backdrop_path":"/pkA5BGeroLS37p8LUa6KaJprhnv.jpg","genre_ids":[27,9648,53],"id":44040,"original_language":"en","original_title":"Devil","overview":"A group of people trapped in a elevator realize that the devil is among them.","release_date":"2010-09-17","poster_path":"/m54c0mMcsQfNcRk2As2qH8Y5DQG.jpg","popularity":2.421998,"title":"Devil","video":false,"vote_average":5.6,"vote_count":246},{"adult":false,"backdrop_path":"/281QVUuSYKBgtdxmr5iAM7YDUZw.jpg","genre_ids":[878,53],"id":262543,"original_language":"en","original_title":"Autómata","overview":"Jacq Vaucan, an insurance agent of ROC robotics corporation, routinely investigates the case of manipulating a robot. What he discovers will have profound consequences for the future of humanity.","release_date":"2014-10-09","poster_path":"/wwo81W8PxHREEprnrJRww471hWm.jpg","popularity":4.251552,"title":"Autómata","video":false,"vote_average":5.6,"vote_count":247}],"total_pages":180,"total_results":3596}
