{"page":139,"results":[{"adult":false,"backdrop_path":"/z0dlGR5S2aHWtxwa1vAOIcK4a7J.jpg","genre_ids":[10751,12,35,14],"id":9564,"original_language":"fr","original_title":"Astérix & Obélix contre César","overview":"Set in 50 B.C., Asterix and Obelix are living in a small but well-protected village in Gaul, where a magic potion concocted by Druids turns the townsfolk into mighty soldiers. When Roman troops carve a path through Gaul to reach the English Channel, Caesar and his aide de camp Detritus discover the secret elixir and capture the Druid leader who knows its formula, and Asterix and Obelix are sent off to rescue them.","release_date":"1999-02-01","poster_path":"/6kfP4ILTMgPGskhXvCuZa7ldyv1.jpg","popularity":1.450239,"title":"Asterix & Obelix take on Caesar","video":false,"vote_average":5.8,"vote_count":84},{"adult":false,"backdrop_path":"/7Twk0ewJmB4CI55YkK2IBiEcIFC.jpg","genre_ids":[28,53],"id":8845,"original_language":"en","original_title":"Under Siege","overview":"This action-packed thriller takes place on the soon-to-be-decommissioned USS Missouri. Disgruntled ex-CIA operative Strannix, his assistant Krill and their group of terrorists seize the battleship with nuclear blackmail in mind. They've planned for every contingency but ignore the ship's cook, former Navy SEAL Casey Ryback -- an error that could be fatal.","release_date":"1992-10-09","poster_path":"/duxM3HJ55Fpc4A3krziKn1FR22K.jpg","popularity":1.713908,"title":"Under Siege","video":false,"vote_average":5.8,"vote_count":115},{"adult":false,"backdrop_path":"/RjUgtRV9E9cNDuJCcdDngz9g34.jpg","genre_ids":[28],"id":1534,"original_language":"en","original_title":"Pathfinder","overview":"A Viking boy is left behind after his clan battles a Native American tribe. Raised within the tribe, he ultimately becomes their savior in a fight against the Norsemen.","release_date":"2007-01-11","poster_path":"/1gN8kJYFjyAOL3cR1z6lnMkElfb.jpg","popularity":1.905491,"title":"Pathfinder","video":false,"vote_average":5.8,"vote_count":54},{"adult":false,"backdrop_path":"/dvt6M1gtdUUg5NJVkkGw5Fleomd.jpg","genre_ids":[10402,35],"id":6279,"original_language":"en","original_title":"Sister Act 2: Back in the Habit","overview":"Deloris Van Cartier is again asked to don the nun's habit to help a run-down Catholic school, presided over by Mother Superior. And if trying to reach out to a class full of uninterested students wasn't bad enough, the sisters discover that the school is due to be closed by the unscrupulous local authority chief Mr. Crisp.","release_date":"1993-12-09","poster_path":"/tLbvfUYw8Pr7DMI5TGL5DX1bx5S.jpg","popularity":1.54592,"title":"Sister Act 2: Back in the Habit","video":false,"vote_average":5.8,"vote_count":74},{"adult":false,"backdrop_path":"/uDnwgH9sFgTST9M06Y1TkBpRTDF.jpg","genre_ids":[28,12,80,53],"id":9691,"original_language":"en","original_title":"Assassins","overview":"Assassin Robert Rath (Sylvester Stallone) arrives at a funeral to kill a prominent mobster, only to witness rival hired gun Miguel Bain (Antonio Banderas) complete the job for him -- with grisly results. Horrified by the murder of innocent bystanders, Rath decides to take one last job and then return to civilian life. But finding his way out of the world of contract killing grows ever more dangerous as Rath falls for his target, Electra (Julianne Moore), and becomes a marked man himself.","release_date":"1995-10-06","poster_path":"/xAx5MP7Dg4y85pyS7atX6eWk4Qd.jpg","popularity":2.101063,"title":"Assassins","video":false,"vote_average":5.8,"vote_count":102},{"adult":false,"backdrop_path":"/am5mEE7bEHJQZLFmuXP8ytMHB3v.jpg","genre_ids":[35,10749],"id":1257,"original_language":"en","original_title":"Because I Said So","overview":"In an effort to prevent family history from repeating itself, meddlesome mom Daphne Wilder attempts to set up her youngest daughter, Milly, with Mr. Right. Meanwhile, her other daughters try to keep their mom's good intentions under control.","release_date":"2007-02-02","poster_path":"/a7fBuvCoPPP5RQMZuPN25OT4rk9.jpg","popularity":1.798316,"title":"Because I Said So","video":false,"vote_average":5.8,"vote_count":55},{"adult":false,"backdrop_path":"/ga4ovMTK6nqCnvPDGGxzokeESpu.jpg","genre_ids":[35,80],"id":9072,"original_language":"en","original_title":"Little Man","overview":"A wannabe dad mistakes a vertically challenged criminal on the lam as his newly adopted son.","release_date":"2006-08-31","poster_path":"/xbwQDrCq8epP8Jx67IaBKBDDVfy.jpg","popularity":1.400614,"title":"Little Man","video":false,"vote_average":5.8,"vote_count":63},{"adult":false,"backdrop_path":"/8TBn3aFZ0ilZqUghYeiscJiBfSV.jpg","genre_ids":[18],"id":4478,"original_language":"en","original_title":"Indecent Proposal","overview":"Robert Redford stars as billionaire John Gage, who offers a down-on-his-luck yuppie husband (Woody Harrelson) $1 million for the opportunity to spend the night with the man's wife (Demi Moore).","release_date":"1993-04-07","poster_path":"/uDKSC4w6N2fCqc3sj6ZbmhePDCp.jpg","popularity":2.703975,"title":"Indecent Proposal","video":false,"vote_average":5.8,"vote_count":65},{"adult":false,"backdrop_path":"/brbsq016UiQgwWb4qKPdCysnXjg.jpg","genre_ids":[12,14,10749],"id":50619,"original_language":"en","original_title":"The Twilight Saga: Breaking Dawn - Part 1","overview":"The new found married bliss of Bella Swan and vampire Edward Cullen is cut short when a series of betrayals and misfortunes threatens to destroy their world. Bella soon discovers she is pregnant, and during a nearly fatal childbirth, Edward finally fulfills her wish to become immortal. But the arrival of their remarkable daughter, Renesmee, sets in motion a perilous chain of events that pits the Cullens and their allies against the Volturi, the fearsome council of vampire leaders, setting the stage for an all-out battle.","release_date":"2011-11-17","poster_path":"/5Vp3N1Gp147Yd8A8kQspvxJ7ByG.jpg","popularity":3.057953,"title":"The Twilight Saga: Breaking Dawn - Part 1","video":false,"vote_average":5.8,"vote_count":1094},{"adult":false,"backdrop_path":"/lQ872mmHvHXip5sC1t0cvCSP8IO.jpg","genre_ids":[53,28,878],"id":19959,"original_language":"en","original_title":"Surrogates","overview":"Set in a futuristic world where humans live in isolation and interact through surrogate robots, a cop (Willis) is forced to leave his home for the first time in years in order to investigate the murders of others' surrogates.","release_date":"2009-09-24","poster_path":"/pHAnrezPCpWzNYYceLivTMcQ4jM.jpg","popularity":2.73112,"title":"Surrogates","video":false,"vote_average":5.8,"vote_count":396},{"adult":false,"backdrop_path":"/ptEAh4Ok6PnXDkcX2kAue5A2sIG.jpg","genre_ids":[18,10402,10749,10751],"id":1788,"original_language":"en","original_title":"Footloose","overview":"Classic tale of teen rebellion and repression features a delightful combination of dance choreography and realistic and touching performances. When teenager Ren and his family move from big-city Chicago to a small town in the West, he's in for a real case of culture shock.","release_date":"1984-02-17","poster_path":"/3ohQOMqmSipX7bCKGkVcB7jpVXU.jpg","popularity":0.831466,"title":"Footloose","video":false,"vote_average":5.8,"vote_count":181},{"adult":false,"backdrop_path":"/3QdaSf5akgTo2qWHMftvA7nq0qu.jpg","genre_ids":[18,35,10749],"id":6964,"original_language":"en","original_title":"Something's Gotta Give","overview":"Harry Sanborn is an aged music industry exec with a fondness for younger women like Marin, his latest trophy girlfriend. Things get a little awkward when Harry suffers a heart attack at the home of Marin's mother Erica. Left in the care of Erica and his doctor, a love triangle starts to take shape.","release_date":"2003-12-12","poster_path":"/q1DO4rwTGz1VSX2sEqqboPwsXUF.jpg","popularity":1.590924,"title":"Something's Gotta Give","video":false,"vote_average":5.8,"vote_count":102},{"adult":false,"backdrop_path":"/s7BL1QkkGzX3af2ZxzVmeyuLfz4.jpg","genre_ids":[18,27,53],"id":9030,"original_language":"en","original_title":"The Eye","overview":"Violinist Sydney Wells was accidentally blinded by her sister Helen when she was five years old. She submits to a cornea transplantation, and while recovering from the operation, she realizes that she is seeing dead people.","release_date":"2008-02-01","poster_path":"/iFeK07UppNGNtvooixF5lZudhWk.jpg","popularity":1.716423,"title":"The Eye","video":false,"vote_average":5.7,"vote_count":93},{"adult":false,"backdrop_path":"/83qzaRh3btCvfQWAXW5D97W4GQZ.jpg","genre_ids":[14],"id":38117,"original_language":"en","original_title":"Beastly","overview":"A curse transforms a handsome and arrogant young man into everything he detests in this contemporary retelling of Beauty and the Beast. Wealthy Kyle Kingson has everything a teenager could want in life, but he still gets off on humiliating the weaker and less attractive. When Kyle invites his misfit classmate Kendra to an environmental rally at their school, she questions his motivations but reluctantly accepts. Later, Kyle blows Kendra off, prompting the spurned goth girl to cast a dark spell on the swaggering egotist.","release_date":"2011-01-21","poster_path":"/yp7k0Run4cDGygfAmXpee4qEwAA.jpg","popularity":2.012798,"title":"Beastly","video":false,"vote_average":5.7,"vote_count":227},{"adult":false,"backdrop_path":"/uBqa8nPu3HUtfSHtWqo7VhYG0Uc.jpg","genre_ids":[28,80,18,9648,53],"id":1642,"original_language":"en","original_title":"The Net","overview":"Angela Bennett is a freelance software engineer who lives in a world of computer technology. When a cyber friend asks Bennett to debug a CD-ROM game, she discovers a conspiracy that will turn her life upside down. Soon, her records have been erased, and she's been given a new identity and a police record. Her vacation is ruined as she struggles to determine why she's been deleted from society.","release_date":"1995-07-28","poster_path":"/gKDNaAFzT21cSVeKQop7d1uhoSp.jpg","popularity":1.891864,"title":"The Net","video":false,"vote_average":5.7,"vote_count":126},{"adult":false,"backdrop_path":"/jCIjDZJj0S7sagS2Wppd3H3uP9w.jpg","genre_ids":[18,80],"id":33909,"original_language":"en","original_title":"Wall Street: Money Never Sleeps","overview":"As the global economy teeters on the brink of disaster, a young Wall Street trader partners with disgraced former Wall Street corporate raider Gordon Gekko on a two tiered mission: To alert the financial community to the coming doom, and to find out who was responsible for the death of the young trader's mentor.","release_date":"2010-09-20","poster_path":"/3W7hi95b4lUklAP14pFVz21VSW5.jpg","popularity":2.401432,"title":"Wall Street: Money Never Sleeps","video":false,"vote_average":5.7,"vote_count":185},{"adult":false,"backdrop_path":"/u4yi7VwgkAiQGZsgyks5WXOtRkl.jpg","genre_ids":[28,12,80,53],"id":2019,"original_language":"en","original_title":"Hard Target","overview":"Natasha Binder comes to New Orleans looking for her father, who has gone missing. In doing so, she meets a very hard man called Chance. He helps her find out that her father was killed by an organisation who sell the opportunity to hunt human prey. They are taking advantage of a police strike in New Orleans. Will the Muscles from Brussels win through?","release_date":"1993-08-20","poster_path":"/6WEu60V7EzncuFJSVmGJzhFvs4I.jpg","popularity":1.093771,"title":"Hard Target","video":false,"vote_average":5.7,"vote_count":61},{"adult":false,"backdrop_path":"/dQ6RwEC2OcyHcqA6BO5l40NSMv8.jpg","genre_ids":[28,80,27],"id":8398,"original_language":"en","original_title":"The Hitcher","overview":"While driving through the New Mexico Desert during a rainy night, the college students Jim Halsey and his girlfriend Grace Andrews give a ride to the hitchhiker John Ryder. While in their car, the stranger proves to be a psychopath threatening the young couple with a knife, but Jim succeeds to throw him out of the car on the road. On the next morning, the young couple sees John in another car.","release_date":"2007-01-19","poster_path":"/mIPCt79baN62Xv6TAEwLDxLUqBz.jpg","popularity":0.755703,"title":"The Hitcher","video":false,"vote_average":5.7,"vote_count":55},{"adult":false,"backdrop_path":"/pNPdcgHT1FpCmauzFWepyfDvDo9.jpg","genre_ids":[28,12],"id":184315,"original_language":"en","original_title":"Hercules","overview":"Fourteen hundred years ago, a tormented soul walked the earth that was neither man nor god. Hercules was the powerful son of the god king Zeus, for this he received nothing but suffering his entire life. After twelve arduous labors and the loss of his family, this dark, world-weary soul turned his back on the gods finding his only solace in bloody battle. Over the years he warmed to the company of six similar souls, their only bond being their love of fighting and presence of death. These men and woman never question where they go to fight or why or whom, just how much they will be paid. Now the King of Thrace has hired these mercenaries to train his men to become the greatest army of all time. It is time for this bunch of lost souls to finally have their eyes opened to how far they have fallen when they must train an army to become as ruthless and blood thirsty as their reputation has become.","release_date":"2014-07-23","poster_path":"/wGAWxOnVjwXqvoiKX7Pf6XOWnPJ.jpg","popularity":6.463889,"title":"Hercules","video":false,"vote_average":5.7,"vote_count":717},{"adult":false,"backdrop_path":"/cosApMCd8Ik6KPhDEybl16ct0tp.jpg","genre_ids":[80,27,9648,53],"id":103620,"original_language":"en","original_title":"Maniac","overview":"As he helps a young artist with her upcoming exhibition, the owner of a mannequin shop's deadly, suppressed desires come to the surface.","release_date":"2012-12-26","poster_path":"/11QHXOALXnjZEvtdlA9FI22QF1u.jpg","popularity":1.099324,"title":"Maniac","video":false,"vote_average":5.7,"vote_count":129}],"total_pages":180,"total_results":3596}
