{"page":30,"results":[{"adult":false,"backdrop_path":"/zLGbK69ZyWPzj5Pgb8tXjDJk8J2.jpg","genre_ids":[12,18],"id":203819,"original_language":"en","original_title":"Tracks","overview":"Accompanied only by her faithful dog and four camels, an Australian satisfies her craving for solitude by embarking on a solo trip across the desert from Alice Springs to the Indian Ocean.","release_date":"2014-04-25","poster_path":"/ysXVxDpfPvl6YmojfNYDz9zjVtb.jpg","popularity":1.023245,"title":"Tracks","video":false,"vote_average":7.1,"vote_count":76},{"adult":false,"backdrop_path":"/17Pf2aGFfehYyz9Ru2S6fzcXvEO.jpg","genre_ids":[12,14,10751],"id":12444,"original_language":"en","original_title":"Harry Potter and the Deathly Hallows: Part 1","overview":"The end begins as Harry, Ron, and Hermione walk away from their last year at Hogwarts to find and destroy the remaining Horcruxes, putting an end to Voldemort's bid for immortality. But with Harry's beloved Dumbledore dead and Voldemort's unscrupulous Death Eaters on the loose, the world is more dangerous than ever.","release_date":"2010-11-19","poster_path":"/maP4MTfPCeVD2FZbKTLUgriOW4R.jpg","popularity":2.516555,"title":"Harry Potter and the Deathly Hallows: Part 1","video":false,"vote_average":7.1,"vote_count":2253},{"adult":false,"backdrop_path":"/u4F1Ib1CflQ3zxELDPSLfd5QqcI.jpg","genre_ids":[12,878],"id":329,"original_language":"en","original_title":"Jurassic Park","overview":"A wealthy entrepreneur secretly creates a theme park featuring living dinosaurs drawn from prehistoric DNA. Before opening day, he invites a team of experts and his two eager grandchildren to experience the park and help calm anxious investors. However, the park is anything but amusing as the security systems go off-line and the dinosaurs escape.","release_date":"1993-06-08","poster_path":"/c414cDeQ9b6qLPLeKmiJuLDUREJ.jpg","popularity":1.168264,"title":"Jurassic Park","video":false,"vote_average":7.1,"vote_count":2044},{"adult":false,"backdrop_path":"/v0n05pokVhg5mVIzD9eL8pFmy2e.jpg","genre_ids":[18,9648],"id":152780,"original_language":"fr","original_title":"Le passé","overview":"After four years apart, Ahmad returns to his wife Marie in Paris in order to progress their divorce. During his brief stay, he cannot help noticing the strained relationship between Marie and her daughter Lucie. As he attempts to improve matters between mother and daughter Ahmad unwittingly lifts the lid on a long buried secret...","release_date":"2013-05-17","poster_path":"/dYm3iRzUuAt8ZqLgWvIWtYCoabQ.jpg","popularity":1.016751,"title":"The Past","video":false,"vote_average":7.1,"vote_count":63},{"adult":false,"backdrop_path":"/sATr9IM8WFsgkSJL1nXkBL88KKf.jpg","genre_ids":[18,10749],"id":4584,"original_language":"en","original_title":"Sense and Sensibility","overview":"Rich Mr. Dashwood dies, leaving his second wife and her daughters poor by the rules of inheritance. Two daughters are the titular opposites.","release_date":"1995-12-13","poster_path":"/6Bp0Xnsvmc6aoG8vsanVooViIMd.jpg","popularity":1.448082,"title":"Sense and Sensibility","video":false,"vote_average":7.1,"vote_count":99},{"adult":false,"backdrop_path":"/jiPcamHlH8YUUM8lMUWMhXSr6U.jpg","genre_ids":[37],"id":11901,"original_language":"en","original_title":"High Plains Drifter","overview":"A gunfighting stranger comes to the small settlement of Lago. After gunning down three gunmen who tried to kill him, the townsfolk decide to hire the Stranger to hold off three outlaws who are on their way.","release_date":"1973-04-19","poster_path":"/557vwDdOIQ07Q1QvTwHVmxHJpXU.jpg","popularity":2.168901,"title":"High Plains Drifter","video":false,"vote_average":7.1,"vote_count":69},{"adult":false,"backdrop_path":"/eKvQzgzJ205IPFNjHwSbqNZyXx6.jpg","genre_ids":[12,35,18],"id":4538,"original_language":"en","original_title":"The Darjeeling Limited","overview":"Three American brothers who have not spoken to each other in a year set off on a train voyage across India with a plan to find themselves and bond with each other -- to become brothers again like they used to be. Their \"spiritual quest\", however, veers rapidly off-course (due to events involving over-the-counter pain killers, Indian cough syrup, and pepper spray).","release_date":"2007-09-29","poster_path":"/47AGp0EKNMjqBBPaxRYDW0Sc5If.jpg","popularity":1.116049,"title":"The Darjeeling Limited","video":false,"vote_average":7.1,"vote_count":261},{"adult":false,"backdrop_path":"/uFg02Gt69UM6Ouam4slMdD0s029.jpg","genre_ids":[16,10751],"id":38757,"original_language":"en","original_title":"Tangled","overview":"When the kingdom's most wanted-and most charming-bandit Flynn Rider hides out in a mysterious tower, he's taken hostage by Rapunzel, a beautiful and feisty tower-bound teen with 70 feet of magical, golden hair. Flynn's curious captor, who's looking for her ticket out of the tower where she's been locked away for years, strikes a deal with the handsome thief and the unlikely duo sets off on an action-packed escapade, complete with a super-cop horse, an over-protective chameleon and a gruff gang of pub thugs.","release_date":"2010-11-24","poster_path":"/nD4WoN1VQmDpoD5SpYxU4v2V85I.jpg","popularity":3.598861,"title":"Tangled","video":false,"vote_average":7.1,"vote_count":1311},{"adult":false,"backdrop_path":"/vkE1ROrP1gA5c1L31XZ8JR9QRMJ.jpg","genre_ids":[37,10752],"id":10747,"original_language":"en","original_title":"The Outlaw Josey Wales","overview":"After avenging his family's brutal murder, Wales is pursued by a pack of soldiers. He prefers to travel alone, but ragtag outcasts are drawn to him - and Wales can't bring himself to leave them unprotected.","release_date":"1976-06-30","poster_path":"/8HRmovHTe1FTiZ5GUM534izCNL2.jpg","popularity":1.712148,"title":"The Outlaw Josey Wales","video":false,"vote_average":7.1,"vote_count":70},{"adult":false,"backdrop_path":"/eSbKT3v3RKFRGeOmxJbZhIvrevR.jpg","genre_ids":[18,10752],"id":227306,"original_language":"en","original_title":"Unbroken","overview":"A chronicle of the life of Louis Zamperini, an Olympic runner who was taken prisoner by Japanese forces during World War II.","release_date":"2014-12-25","poster_path":"/qvRHvtjNfvq0R0IwV2oVmW6DduS.jpg","popularity":6.561258,"title":"Unbroken","video":false,"vote_average":7.1,"vote_count":458},{"adult":false,"backdrop_path":"/9GruQLprYzRnT72vQNF92tcUUQJ.jpg","genre_ids":[18,10749],"id":64,"original_language":"es","original_title":"Hable con ella","overview":"Two men share an odd friendship while they care for two women who are both in deep comas.","release_date":"2002-03-14","poster_path":"/zxRaFJyxvomX3uPCfAh35BdZy5e.jpg","popularity":1.547887,"title":"Talk to Her","video":false,"vote_average":7.1,"vote_count":66},{"adult":false,"backdrop_path":"/2II5wbEvodIXLEGPAkmkBe60rYD.jpg","genre_ids":[35,18],"id":773,"original_language":"en","original_title":"Little Miss Sunshine","overview":"Little Miss Sunshine is a comedy about a family of six who are all having a mental breakdown at the same time. To ease their mental lows they decide to take a cross country road trip to a “Little Miss Sunshine” contest that their daughter has qualified for. An Academy Award winning comedy with memorable performances from its all actors.","release_date":"2006-07-26","poster_path":"/j8iu2kdD0KWMcA3IMzCAhO8ULO.jpg","popularity":1.046765,"title":"Little Miss Sunshine","video":false,"vote_average":7.1,"vote_count":484},{"adult":false,"backdrop_path":"/mtTKXG925gRdYHVto6cxC9NdfBZ.jpg","genre_ids":[14,35,10749],"id":59436,"original_language":"en","original_title":"Midnight in Paris","overview":"A romantic comedy about a family traveling to the French capital for business. The party includes a young engaged couple forced to confront the illusion that a life different from their own is better.","release_date":"2011-05-11","poster_path":"/xxSopLYATHXSepXcEaBh9Gazv6p.jpg","popularity":2.601195,"title":"Midnight in Paris","video":false,"vote_average":7.1,"vote_count":573},{"adult":false,"backdrop_path":"/tZ1nTCUFr0cMqKKoATzCFRA0LLB.jpg","genre_ids":[12,14,16,18,10751],"id":15370,"original_language":"en","original_title":"Neko no ongaeshi","overview":"Haru, a schoolgirl bored by her ordinary routine, saves the life of an unusual cat and suddenly her world is transformed beyond anything she ever imagined. The Cat King rewards her good deed with a flurry of presents, including a very shocking proposal of marriage to his son! Haru embarks on an unexpected journey to the Kingdom of Cats where her eyes are opened to a whole other world.","release_date":"2002-07-19","poster_path":"/liASKLjYzk6aJ4GbQDlfYfQk02h.jpg","popularity":2.559745,"title":"The Cat Returns","video":false,"vote_average":7.1,"vote_count":91},{"adult":false,"backdrop_path":"/bqkPXTFTYTRQ5j0lSZpNoTOeoUH.jpg","genre_ids":[35],"id":8764,"original_language":"en","original_title":"Top Secret!","overview":"Popular and dashing American singer Nick Rivers travels to East Germany to perform in a music festival. When he loses his heart to the gorgeous Hillary Flammond, he finds himself caught up in an underground resistance movement. Rivers joins forces with Agent Cedric and Flammond to attempt the rescue of her father, Dr. Paul, from the Germans, who have captured the scientist in hopes of coercing him into building a new naval mine.","release_date":"1984-06-08","poster_path":"/2ArC4IAAGXf3hTVJCzQfE0G5Vbf.jpg","popularity":0.506234,"title":"Top Secret!","video":false,"vote_average":7.1,"vote_count":68},{"adult":false,"backdrop_path":"/qugcFtH0nsG6vfLFOzxNhPpuezV.jpg","genre_ids":[10402,35,28,80],"id":525,"original_language":"fr","original_title":"The Blues Brothers","overview":"Direct out of jail, Jake Blues and his Brother Elwood are off on a “mission from God” to raise funds for the orphanage in which they grew up. The only thing they can do is do what they do best: play music. So they get their old band together and they're on their way yet not without getting in a bit of trouble here and there.","release_date":"1980-06-17","poster_path":"/wdcoPIqOHk3dJ1s3fQOGgrMDNYu.jpg","popularity":2.334475,"title":"The Blues Brothers","video":false,"vote_average":7.1,"vote_count":367},{"adult":false,"backdrop_path":"/jpRpigNQUjNlfx0gYRBJ30tQIOl.jpg","genre_ids":[12,14,28],"id":22,"original_language":"en","original_title":"Pirates of the Caribbean: The Curse of the Black Pearl","overview":"Jack Sparrow, a freewheeling 17th-century pirate who roams the Caribbean Sea butts heads with a rival pirate bent on pillaging the village of Port Royal. When the governor's daughter is kidnapped, Sparrow decides to help the girl's love save her. But their seafaring mission is hardly simple.","release_date":"2003-07-09","poster_path":"/tkt9xR1kNX5R9rCebASKck44si2.jpg","popularity":4.053857,"title":"Pirates of the Caribbean: The Curse of the Black Pearl","video":false,"vote_average":7.1,"vote_count":2739},{"adult":false,"backdrop_path":"/wNm3hNJuOk117wEwuESKO8eCEAk.jpg","genre_ids":[28,80,53],"id":9461,"original_language":"en","original_title":"Enter the Dragon","overview":"A martial artist agrees to spy on a reclusive crime lord using his invitation to a tournament there as cover.","release_date":"1973-08-17","poster_path":"/6C006cxfwjWYkBW4fM3xCMyr7Yg.jpg","popularity":1.870565,"title":"Enter the Dragon","video":false,"vote_average":7.1,"vote_count":180},{"adult":false,"backdrop_path":"/kvXLZqY0Ngl1XSw7EaMQO0C1CCj.jpg","genre_ids":[28,12,878],"id":102899,"original_language":"en","original_title":"Ant-Man","overview":"Armed with the astonishing ability to shrink in scale but increase in strength, con-man Scott Lang must embrace his inner-hero and help his mentor, Dr. Hank Pym, protect the secret behind his spectacular Ant-Man suit from a new generation of towering threats. Against seemingly insurmountable obstacles, Pym and Lang must plan and pull off a heist that will save the world.","release_date":"2015-07-17","poster_path":"/7SGGUiTE6oc2fh9MjIk5M00dsQd.jpg","popularity":49.886069,"title":"Ant-Man","video":false,"vote_average":7.1,"vote_count":788},{"adult":false,"backdrop_path":"/nL1Q0micYpF5nNkaI2ZNeLuOLGZ.jpg","genre_ids":[28,53,80],"id":51497,"original_language":"en","original_title":"Fast Five","overview":"Former cop Brian O'Conner partners with ex-con Dom Toretto on the opposite side of the law. Since Brian and Mia Toretto broke Dom out of custody, they've blown across many borders to elude authorities. Now backed into a corner in Rio de Janeiro, they must pull one last job in order to gain their freedom.","release_date":"2011-04-28","poster_path":"/cA81CI8odKv5KHRUUzJbj83yN7c.jpg","popularity":1.201083,"title":"Fast Five","video":false,"vote_average":7.1,"vote_count":892}],"total_pages":180,"total_results":3596}
