{"page":11,"results":[{"adult":false,"backdrop_path":"/mGzHgeXhGSRVMfwq0oo7VAltiZH.jpg","genre_ids":[18],"id":873,"original_language":"en","original_title":"The Color Purple","overview":"In the southern United States in the 1930s, a male-dominated African American woman fights her way through a troubled life.","release_date":"1985-12-18","poster_path":"/2a50LyRInWGLWq3u3DeGBQnvBHR.jpg","popularity":1.038213,"title":"The Color Purple","video":false,"vote_average":7.6,"vote_count":79},{"adult":false,"backdrop_path":"/16Zih6SSQzWrDRMnAaiaszx2mbV.jpg","genre_ids":[16,12,35,10751,14],"id":40619,"original_language":"en","original_title":"Day & Night","overview":"When Day, a sunny fellow, encounters Night, a stranger of distinctly darker moods, sparks fly! Day and Night are frightened and suspicious of each other at first, and quickly get off on the wrong foot. But as they discover each other's unique qualities--and come to realize that each of them offers a different window onto the same world-the friendship helps both to gain a new perspective.","release_date":"2010-06-17","poster_path":"/15yOr3M2lOk8fTkn7Bpxuc19ZU9.jpg","popularity":1.595696,"title":"Day & Night","video":false,"vote_average":7.6,"vote_count":89},{"adult":false,"backdrop_path":"/29aIaZIxOulxDHkVSIV533BMIye.jpg","genre_ids":[18,80],"id":11327,"original_language":"en","original_title":"Midnight Express","overview":"Billy Hayes is caught attempting to smuggle drugs out of Turkey. The Turkish courts decide to make an example of him, sentencing him to more than 30 years in prison. Hayes has two opportunities for release: the appeals made by his lawyer, his family, and the American government, or the \"Midnight Express\".","release_date":"1978-10-06","poster_path":"/afgAGwV1WXjMoooUzaSnw7XAvhj.jpg","popularity":1.861263,"title":"Midnight Express","video":false,"vote_average":7.6,"vote_count":72},{"adult":false,"backdrop_path":"/hjmJKAVoZ3n2KWbKgasbfdugwhu.jpg","genre_ids":[80,18],"id":103,"original_language":"en","original_title":"Taxi Driver","overview":"Robert De Niro stars as Travis Bickle in this oppressive psychodrama about a Vietnam veteran who rebels against the decadence and immorality of big city life in New York while working the nightshift as a taxi driver.","release_date":"1976-02-08","poster_path":"/yxq4pk1xGmro8tQABuQIrWrvdaE.jpg","popularity":2.51522,"title":"Taxi Driver","video":false,"vote_average":7.6,"vote_count":595},{"adult":false,"backdrop_path":"/8ERjWovJfdy2csH5OSVTeHkQGfh.jpg","genre_ids":[35,18],"id":211954,"original_language":"es","original_title":"No se Aceptan Devoluciones","overview":"Valentin is Acapulco's resident playboy, until a former fling leaves a baby on his doorstep and him heading with her out of Mexico.","release_date":"2013-07-20","poster_path":"/dhf4A9Hwg1ZSsq6FkqEhX33SruX.jpg","popularity":0.699787,"title":"Instructions Not Included","video":false,"vote_average":7.6,"vote_count":88},{"adult":false,"backdrop_path":"/vH1FgUSUo3Js8BxuePINqfqMogr.jpg","genre_ids":[18,10749,80,9648],"id":152742,"original_language":"en","original_title":"La migliore offerta","overview":"Virgil Oldman is a world renowned antiques expert and auctioneer. An eccentric genius, he leads a solitary life, going to extreme lengths to keep his distance from the messiness of human relationships. When appointed by the beautiful but emotionally damaged Claire to oversee the valuation and sale of her family’s priceless art collection, Virgil allows himself to form an attachment to her – and soon he is engulfed by a passion which will rock his bland existence to the core.","release_date":"2013-01-01","poster_path":"/bXk6T8npfh2Ly24VMWSeZLsTLhC.jpg","popularity":2.790374,"title":"The Best Offer","video":false,"vote_average":7.5,"vote_count":184},{"adult":false,"backdrop_path":"/80MH0jVCqSbcC2Z0a6xkkwCCPbZ.jpg","genre_ids":[80,18],"id":5924,"original_language":"en","original_title":"Papillon","overview":"A man befriends a fellow criminal as the two of them begin serving their sentence on a dreadful prison island, which inspires the man to plot his escape.","release_date":"1973-12-16","poster_path":"/q1tmTQvEWbJgf8eccX1XWXxWKkK.jpg","popularity":0.888995,"title":"Papillon","video":false,"vote_average":7.5,"vote_count":101},{"adult":false,"backdrop_path":"/u7OoqcZzOIL6VXD9JZ5EOSTLt6p.jpg","genre_ids":[18,28,53,80,9648],"id":10775,"original_language":"en","original_title":"Infernal Affairs","overview":"Chan Wing Yan, a young police officer, has been sent undercover as a mole in the local mafia. Lau Kin Ming, a young mafia member, infiltrates the police force. Years later, their older counterparts, Chen Wing Yan and Inspector Lau Kin Ming, respectively, race against time to expose the mole within their midst.","release_date":"2002-12-12","poster_path":"/6v86wopD9NQf9Hj0e3jXKcL5zTG.jpg","popularity":2.065293,"title":"Infernal Affairs","video":false,"vote_average":7.5,"vote_count":221},{"adult":false,"backdrop_path":"/aAWgHv8whxLj25ZxpSTnBPgXMzo.jpg","genre_ids":[18,10749],"id":843,"original_language":"zh","original_title":"花樣年華","overview":"A melancholy story about the love between a woman and a man who live in the same building and one day find out that their husband and wife had an affair with each other. More and more the two meet during their daily lives as they determine that they both don’t want to be lonely in their marriage.","release_date":"2000-05-22","poster_path":"/kuQETsVToV3UImsVsJGFhsIRijd.jpg","popularity":1.51723,"title":"In the Mood for Love","video":false,"vote_average":7.5,"vote_count":79},{"adult":false,"backdrop_path":"/tnpGBhOXnhJ0W2wW1wSNS8jbluC.jpg","genre_ids":[18,53,10749],"id":303,"original_language":"en","original_title":"Notorious","overview":"Released shortly after the war, this classic Hitchcock film illustrates the battle between German Nazis and American spies in Rio de Janeiro where a German businessman keeps a wine cellar with uranium ore.","release_date":"1946-08-15","poster_path":"/pi5YexkEQ9BZIWovB5SyPmjCBjG.jpg","popularity":0.731033,"title":"Notorious","video":false,"vote_average":7.5,"vote_count":79},{"adult":false,"backdrop_path":"/79p6lNdZX7XAKGZ8rxlDC8TU0C7.jpg","genre_ids":[80,18],"id":269,"original_language":"fr","original_title":"À bout de souffle","overview":"A young car thief kills a policeman and tries to persuade a girl to hide in Italy with him.","release_date":"1960-03-16","poster_path":"/mBZ6BE7V9MCC7FzhAQPJl6K0634.jpg","popularity":1.744748,"title":"Breathless","video":false,"vote_average":7.5,"vote_count":53},{"adult":false,"backdrop_path":"/iAsnIAyoauaGYmQwh2JOd1ibhke.jpg","genre_ids":[18,10749],"id":293863,"original_language":"en","original_title":"The Age of Adaline","overview":"After 29-year-old Adaline recovers from a nearly lethal accident, she inexplicably stops growing older. As the years stretch on and on, Adaline keeps her secret to herself  until she meets a man who changes her life.","release_date":"2015-04-24","poster_path":"/gEDGROZ4NQDlRjUPPSSyIf0hKvD.jpg","popularity":8.95651,"title":"The Age of Adaline","video":false,"vote_average":7.5,"vote_count":281},{"adult":false,"backdrop_path":"/u8wIN4aQXWkgbFB9PtO4TS3O2PS.jpg","genre_ids":[16,878,28],"id":9323,"original_language":"ja","original_title":"攻殻機動隊","overview":"In the year 2029, the barriers of our world have been broken down by the net and by cybernetics, but this brings new vulnerability to humans in the form of brain-hacking. When a highly-wanted hacker known as 'The Puppetmaster' begins involving them in politics, Section 9, a group of cybernetically enhanced cops, are called in to investigate and stop the Puppetmaster.","release_date":"1995-11-18","poster_path":"/vTXgUgB4KyntDSUezLljcm1Ol6N.jpg","popularity":2.406024,"title":"Ghost in the Shell","video":false,"vote_average":7.5,"vote_count":272},{"adult":false,"backdrop_path":"/8Od5zV7Q7zNOX0y9tyNgpTmoiGA.jpg","genre_ids":[18,53,80],"id":1422,"original_language":"en","original_title":"The Departed","overview":"To take down South Boston's Irish Mafia, the police send in one of their own to infiltrate the underworld, not realizing the syndicate has done likewise in Martin Scorsese's multiple Oscar-winning crime thriller. While an undercover cop curries favor with the mob kingpin, a career criminal rises through the police ranks. But both sides soon discover there's a mole among them.","release_date":"2006-11-09","poster_path":"/tGLO9zw5ZtCeyyEWgbYGgsFxC6i.jpg","popularity":4.194854,"title":"The Departed","video":false,"vote_average":7.5,"vote_count":1641},{"adult":false,"backdrop_path":"/4y5TDUZlqUmWWtjTAznWb6CFpzt.jpg","genre_ids":[18,36,10752],"id":857,"original_language":"en","original_title":"Saving Private Ryan","overview":"As U.S. troops storm the beaches of Normandy, three brothers lie dead on the battlefield, with a fourth trapped behind enemy lines. Ranger captain John Miller and seven men are tasked with penetrating German-held territory and bringing the boy home.","release_date":"1998-07-24","poster_path":"/gc7IN6bWNaWXv4vI6cxSmeB7PeO.jpg","popularity":4.518525,"title":"Saving Private Ryan","video":false,"vote_average":7.5,"vote_count":2256},{"adult":false,"backdrop_path":"/6RK0NV0CuyRZESciuDI9veRXEgf.jpg","genre_ids":[35,80],"id":115,"original_language":"en","original_title":"The Big Lebowski","overview":"Jeffrey \"The Dude\" Lebowski, a Los Angeles slacker who only wants to bowl and drink white Russians, is mistaken for another Jeffrey Lebowski, a wheelchair-bound millionaire, and finds himself dragged into a strange series of events involving nihilists, adult film producers, ferrets, errant toes, and large sums of money.","release_date":"1998-03-06","poster_path":"/aHaVjVoXeNanfwUwQ92SG7tosFM.jpg","popularity":3.322802,"title":"The Big Lebowski","video":false,"vote_average":7.5,"vote_count":1021},{"adult":false,"backdrop_path":"/vnT6HzjLSDrAweHn9xWykb8Ii6T.jpg","genre_ids":[18,80],"id":311,"original_language":"en","original_title":"Once Upon a Time in America","overview":"Though Sergio Leone is primarily known for his westerns, his final film is a sweeping gangster epic with meditations on friendship, loyalty, and the passage of time. Spanning decades, the film follows a group of Jewish gangsters from childhood into their glory years of prohibition, and their eventual reunion in later years.","release_date":"1984-02-17","poster_path":"/fqP3Q7DWMFqW7mh11hWXbNwN9rz.jpg","popularity":2.682305,"title":"Once Upon a Time in America","video":false,"vote_average":7.5,"vote_count":322},{"adult":false,"backdrop_path":"/xqDfLC7XbiaVN5XxZBWOJCX0hU7.jpg","genre_ids":[18],"id":15,"original_language":"en","original_title":"Citizen Kane","overview":"Following the death of a publishing tycoon, news reporters scramble to discover the meaning of his final utterance.","release_date":"1941-05-01","poster_path":"/n8wfFsQ5vtm6dM8vdgXb6OLv2GY.jpg","popularity":2.159314,"title":"Citizen Kane","video":false,"vote_average":7.5,"vote_count":310},{"adult":false,"backdrop_path":"/8vA6dxBzRqSajvqdmTLtoguAa3T.jpg","genre_ids":[18],"id":489,"original_language":"en","original_title":"Good Will Hunting","overview":"Will Hunting, a janitor at MIT, has a gift for mathematics but needs help from a psychologist to find direction in his life.","release_date":"1997-12-05","poster_path":"/jq8LjngZ7XZEQge5JFTdOGMrHyZ.jpg","popularity":2.768579,"title":"Good Will Hunting","video":false,"vote_average":7.5,"vote_count":877},{"adult":false,"backdrop_path":"/vzujbqGcPnrHi02hDnq3RDcVUbH.jpg","genre_ids":[18],"id":641,"original_language":"en","original_title":"Requiem for a Dream","overview":"The hopes and dreams of four ambitious people are shattered when their drug addictions begin spiraling out of control. A look into addiction and how it overcomes the mind and body.","release_date":"2000-10-27","poster_path":"/muym4jTjdLx7E6as09d1wlC3sOB.jpg","popularity":1.896076,"title":"Requiem for a Dream","video":false,"vote_average":7.5,"vote_count":685}],"total_pages":180,"total_results":3596}
