{"page":155,"results":[{"adult":false,"backdrop_path":"/pyllS8OfE5ld539TToT2qSC6iw7.jpg","genre_ids":[28,12,35],"id":11199,"original_language":"en","original_title":"Wild Hogs","overview":"Restless and ready for adventure, four suburban bikers leave the safety of their subdivision and head out on the open road. But complications ensue when they cross paths with an intimidating band of New Mexico bikers known as the Del Fuegos.","release_date":"2007-03-02","poster_path":"/auKcnTuYtB7v1t4yLC4y29ZwyTq.jpg","popularity":2.380308,"title":"Wild Hogs","video":false,"vote_average":5.5,"vote_count":200},{"adult":false,"backdrop_path":"/lxfQlCTmGuz9u9kxa7lcWLs3JI7.jpg","genre_ids":[878,28],"id":38541,"original_language":"ru","original_title":"The Divide","overview":"Survivors of a nuclear attack are grouped together for days in the basement of their apartment building, where fear and dwindling supplies wear away at their dynamic.","release_date":"2011-03-13","poster_path":"/3AdJMWYMjZBED2DLfBiOq7Rfw03.jpg","popularity":2.394804,"title":"The Divide","video":false,"vote_average":5.5,"vote_count":59},{"adult":false,"backdrop_path":"/41c9Posihpr1acKmY1zfVle8yET.jpg","genre_ids":[18,27,878,53,9648],"id":10153,"original_language":"en","original_title":"Sphere","overview":"The OSSA discovers a spacecraft thought to be at least 300 years old at the bottom of the ocean. Immediately following the discovery, they decide to send a team down to the depths of the ocean to study the space craft.They are the best of best, smart and logical, and the perfect choice to learn more about the spacecraft.","release_date":"1998-02-13","poster_path":"/jrjzPjKnpJq99GPePKf64k7Fzqh.jpg","popularity":2.586971,"title":"Sphere","video":false,"vote_average":5.5,"vote_count":142},{"adult":false,"backdrop_path":"/zbvGbnOniU53SucXxfqpWXOH05X.jpg","genre_ids":[16,35,10751],"id":10715,"original_language":"en","original_title":"Looney Tunes: Back In Action","overview":"Bugs Bunny and Daffy Duck are up to their feuding ways again. Tired of playing second fiddle to Bugs, Daffy has decided to leave the Studio for good. He is aided by Warner Bros.' humor impaired Vice President of Comedy, Kate Houghton, who releases him from his contract and instructs WB security guard/aspiring stunt man DJ Drake to capture and \"escort\" Daffy off the studio lot.","release_date":"2003-11-14","poster_path":"/ownVrxw7OYOo8vwk2g4q74Oe8Wa.jpg","popularity":0.6641,"title":"Looney Tunes: Back In Action","video":false,"vote_average":5.5,"vote_count":62},{"adult":false,"backdrop_path":"/6wRXMPdk21jNsXHcMJ3hJuahHjX.jpg","genre_ids":[27,53],"id":11351,"original_language":"en","original_title":"Jeepers Creepers 2","overview":"After 23 horrifying days of gorging on human flesh, an ancient creature known as the Creeper embarks on a final voracious feeding frenzy, terrorizing a group of varsity basketball players, cheerleaders and coaches stranded on a remote highway when their bus breaks down. The terrified group is forced to come together and do battle against the winged creature hell-bent on completing its grizzly ritual.","release_date":"2003-08-29","poster_path":"/yyCvROn0bSq5VlV3NhQxB3wzbTB.jpg","popularity":1.507473,"title":"Jeepers Creepers 2","video":false,"vote_average":5.5,"vote_count":63},{"adult":false,"backdrop_path":"/hHpWbON0DNGTnzRuHwuvhqrndSt.jpg","genre_ids":[35,10749],"id":9038,"original_language":"en","original_title":"The Heartbreak Kid","overview":"The story centers on a man who is convinced that he has finally met the right girl and marries too quickly. While on his honeymoon and in the process of discovering that his new bride is a nightmare, he meets the girl of his dreams","release_date":"2007-10-05","poster_path":"/fYUc7bKhhC3uwiFjyeRbu1USKOE.jpg","popularity":1.802652,"title":"The Heartbreak Kid","video":false,"vote_average":5.5,"vote_count":97},{"adult":false,"backdrop_path":"/9UX4kgD1XlRMJSYQg3gY7MyCCFx.jpg","genre_ids":[28,12,35,80,53],"id":12138,"original_language":"en","original_title":"3000 Miles to Graceland","overview":"It was an ingenious enough plan: rob the Riviera Casino's count room during an Elvis impersonator convention. But Thomas Murphy decided to keep all the money for himself and shot all his partners, including recently-freed ex-con Michael Zane. With $3.2 million at stake, the Marshals Service closing in, Michael must track down Murphy.","release_date":"2001-02-23","poster_path":"/9sx6BJm3JFwJHeN7qfL8mbQBzbA.jpg","popularity":0.548236,"title":"3000 Miles to Graceland","video":false,"vote_average":5.5,"vote_count":51},{"adult":false,"backdrop_path":"/eu9T3NiweIyMSY3i0bEUKtpYxTK.jpg","genre_ids":[35],"id":34803,"original_language":"en","original_title":"Death at a Funeral","overview":"Aaron's father's funeral is today at the family home, and everything goes wrong: the funeral home delivers the wrong body, his cousin accidentally drugs her fiancé, and Aaron's successful younger brother, Ryan, flies in from New York, broke but arrogant. To top it all off, a mysterious stranger wants a word with Aaron.","release_date":"2010-04-15","poster_path":"/iicn7Nku5G4cwCfN5DfX8aiRDD9.jpg","popularity":0.640621,"title":"Death at a Funeral","video":false,"vote_average":5.5,"vote_count":79},{"adult":false,"backdrop_path":"/r1IN5dsXYvb2Pt644SulIf8NfbY.jpg","genre_ids":[28,18],"id":94380,"original_language":"en","original_title":"Bad Ass","overview":"Decorated Vietnam hero Frank Vega returns home only to get shunned by society leaving him without a job or his high school sweetheart. It's not until forty years later when an incident on a commuter bus (where he protects an elderly black man from a pair of skin heads) makes him a local hero where he's suddenly celebrated once again. But his good fortune suddenly turns for the worse when his best friend Klondike is murdered and the police aren't doing anything about it.","release_date":"2012-04-13","poster_path":"/acXahXPfgIw1jRYc5eNcJsnwrPd.jpg","popularity":2.080254,"title":"Bad Ass","video":false,"vote_average":5.5,"vote_count":57},{"adult":false,"backdrop_path":"/13aAN3iqwiYQ8TAKUCDgHl1DNxU.jpg","genre_ids":[18,53,28],"id":184125,"original_language":"en","original_title":"Assault on Wall Street","overview":"Jim is an average New Yorker living a peaceful life with a well paying job and a loving family. Suddenly, everything changes when the economy crashes causing Jim to lose everything. Filled with anger and rage, Jim snaps and goes to extreme lengths to seek revenge for the life taken from him.","release_date":"2013-06-30","poster_path":"/5MPJ0anWmqo29DCbUMgE2ZPzGJx.jpg","popularity":2.214991,"title":"Assault on Wall Street","video":false,"vote_average":5.5,"vote_count":115},{"adult":false,"backdrop_path":"/w9ecomJahB1UlVkXWFgnFtRAgkc.jpg","genre_ids":[28,12,53],"id":10538,"original_language":"en","original_title":"Passenger 57","overview":"An infamous terrorist has evaded capture for a long time by being extremely clever and ruthless. Things get interesting when he hijacks a plane carrying famous security expert John Cutter, who isn't about to stand this sort of thing.","release_date":"1992-11-05","poster_path":"/u08JSmddkrqmx8ciFikhprWKqqB.jpg","popularity":1.656001,"title":"Passenger 57","video":false,"vote_average":5.5,"vote_count":87},{"adult":false,"backdrop_path":"/17vWkOFksf8479W5kHRto6sR98f.jpg","genre_ids":[27,9648,53],"id":23437,"original_language":"en","original_title":"A Nightmare on Elm Street","overview":"The film that brings back horror icon Freddy Krueger as a darker and more sinister character than ever before. While Freddy is on the prowl a group of teenagers being stalked soon learn they all have a common factor making them targets for this twisted killer.","release_date":"2010-04-30","poster_path":"/zPdMcikD993AQRd92iNv0Dxb67T.jpg","popularity":2.588776,"title":"A Nightmare on Elm Street","video":false,"vote_average":5.5,"vote_count":237},{"adult":false,"backdrop_path":"/eBcjJY0o7GErxmm8SYpslvtjRyM.jpg","genre_ids":[28,878],"id":44943,"original_language":"en","original_title":"Battle: Los Angeles","overview":"The Earth is attacked by unknown forces. As people everywhere watch the world's great cities fall, Los Angeles becomes the last stand for mankind in a battle no one expected. It's up to a Marine staff sergeant and his new platoon to draw a line in the sand as they take on an enemy unlike any they've ever encountered before.","release_date":"2011-03-08","poster_path":"/pRVPNau3MIqyGn3QQI86pd2Pq1Y.jpg","popularity":2.797524,"title":"Battle: Los Angeles","video":false,"vote_average":5.5,"vote_count":725},{"adult":false,"backdrop_path":"/gXDOdcEPi2FxCOTA1hwZTmF0Hv7.jpg","genre_ids":[35],"id":8849,"original_language":"en","original_title":"Alfie","overview":"In Manhattan, the British limousine driver Alfie is surrounded by beautiful women, having one night stands with all of them and without any sort of commitment. His best friends are his colleague Marlon and his girl-friend Lonette. Alfie has a brief affair with Lonette, and the consequences of his act forces Alfie to reflect over his lifestyle.","release_date":"2004-10-22","poster_path":"/gavHGUJseSLBdENBnyZDwiRobXy.jpg","popularity":2.006225,"title":"Alfie","video":false,"vote_average":5.5,"vote_count":76},{"adult":false,"backdrop_path":"/fOI3kFfMGBnNJJlnwYAXunpqzze.jpg","genre_ids":[12,18,14,10749],"id":18239,"original_language":"en","original_title":"The Twilight Saga: New Moon","overview":"Forks, Washington resident Bella Swan is reeling from the departure of her vampire love, Edward Cullen, and finds comfort in her friendship with Jacob Black, a werewolf. But before she knows it, she's thrust into a centuries-old conflict, and her desire to be with Edward at any cost leads her to take greater and greater risks.","release_date":"2009-11-20","poster_path":"/yR87vK2thajbGdxJDvaxJeUZJkn.jpg","popularity":1.662062,"title":"The Twilight Saga: New Moon","video":false,"vote_average":5.5,"vote_count":748},{"adult":false,"backdrop_path":"/4kEgfSDpz7kH6mMe75s5YHX5Ob8.jpg","genre_ids":[12,14,16,28,53,878],"id":2114,"original_language":"en","original_title":"Final Fantasy: The Spirits Within","overview":"Led by a strange dream, scientist Aki Ross struggles to collect the eight spirits in the hope of creating a force powerful enough to protect the planet. With the aid of the Deep Eyes Squadron and her mentor, Dr. Sid, Aki must save the Earth from its darkest hate and unleash the spirits within.","release_date":"2001-07-02","poster_path":"/7xmWJM5eugu582m8EtTaw0fSBF2.jpg","popularity":2.062813,"title":"Final Fantasy: The Spirits Within","video":false,"vote_average":5.5,"vote_count":146},{"adult":false,"backdrop_path":"/2WF9y6sQdftdsenlWKMaoQUKJRN.jpg","genre_ids":[35,10749],"id":9794,"original_language":"en","original_title":"Employee of the Month","overview":"When he hears that the new female employee digs ambitious men who are the store employee of the month, a slacker gets his act together but finds himself in competition with his rival, an ambitious co-worker.","release_date":"2006-10-06","poster_path":"/sbTfPvKshVINPlKHiqlI14ARQV0.jpg","popularity":0.370456,"title":"Employee of the Month","video":false,"vote_average":5.5,"vote_count":53},{"adult":false,"backdrop_path":"/sCgaRqHZdYXegYBxi5rv6F4gydZ.jpg","genre_ids":[27,53],"id":123109,"original_language":"en","original_title":"No One Lives","overview":"A gang of ruthless highway killers kidnap a wealthy couple traveling cross country only to shockingly discover that things are not what they seem.","release_date":"2012-09-08","poster_path":"/fQarG0ddQM5XddKz0BXd7qTGK9j.jpg","popularity":2.190174,"title":"No One Lives","video":false,"vote_average":5.5,"vote_count":55},{"adult":false,"backdrop_path":"/erlpqOX6MN8U23DXdTAq1NXQ7kW.jpg","genre_ids":[35,80],"id":209189,"original_language":"en","original_title":"Life of Crime","overview":"Two common criminals get more than they bargained for after kidnapping the wife of a corrupt real-estate developer who shows no interest in paying the $1 million dollar ransom for her safe return.","release_date":"2013-09-14","poster_path":"/dSEjpA64DfGvhOPNOqVUfypwdpc.jpg","popularity":1.844273,"title":"Life of Crime","video":false,"vote_average":5.5,"vote_count":55},{"adult":false,"backdrop_path":"/4ErXZZgpXPxDcCLnnLXysK03ss9.jpg","genre_ids":[16,10751,14,10749],"id":14128,"original_language":"en","original_title":"Cinderella II: Dreams Come True","overview":"Explore Cinderella's \"happily ever after\" life as a princess in 3 stories, with help from the Fairy Godmother. First, Cinderella's awkward first days at the palace, when she tried so hard to fit in that she forgot to be herself. Second, how Jaq felt so left out that he wished to be a human. Third, how Cinderella taught one of her nasty step-sisters how to smile which leads to her own true love.","release_date":"2002-02-26","poster_path":"/fnEYUw3fPb5ajNukzhXhw01LaYY.jpg","popularity":2.792886,"title":"Cinderella II: Dreams Come True","video":false,"vote_average":5.5,"vote_count":56}],"total_pages":180,"total_results":3596}
