{"page":105,"results":[{"adult":false,"backdrop_path":"/tR09Vod2LPZXp3O4gGokLcpD8O4.jpg","genre_ids":[27],"id":14001,"original_language":"en","original_title":"Dead Silence","overview":"Jamie returns to his hometown in search of answers to his wife's murder, which occurred after receiving a weird package containing a ventriloquist dummy named Billy, which may be linked to the legend of ventriloquist Mary Shaw. Destined to find out the truth, Jamie goes to the town of Raven's Fair, where Shaw used to perform and is buried. But Jamie is in for more than he expected.","release_date":"2007-03-16","poster_path":"/gRe2XJPOSFH9ZJe5oOsrtnX0eeB.jpg","popularity":2.216862,"title":"Dead Silence","video":false,"vote_average":6.2,"vote_count":131},{"adult":false,"backdrop_path":"/crwNKUOVf24JdNbPdVAZVbt6q9X.jpg","genre_ids":[12,878,35],"id":7512,"original_language":"en","original_title":"Idiocracy","overview":"To test its top-secret Human Hibernation Project, the Pentagon picks the most average Americans it can find - an Army private and a prostitute - and sends them to the year 2505 after a series of freak events. But when they arrive, they find a civilization so dumbed-down that they're the smartest people around.","release_date":"2006-09-01","poster_path":"/fPAhLmWdXDuwDPb37ccc6DqkJiw.jpg","popularity":2.103628,"title":"Idiocracy","video":false,"vote_average":6.2,"vote_count":173},{"adult":false,"backdrop_path":"/2WKcxQbTVkLUgoS5kPnHlecbj02.jpg","genre_ids":[28,878,53],"id":124905,"original_language":"en","original_title":"Godzilla","overview":"Fifteen years after an 'incident' at a Japanese nuclear power plant, physicist Joe Brody joins forces with his soldier son Ford to discover for themselves what really happened.  What they uncover is prelude to global-threatening devastation.  An epic rebirth to Toho's iconic Godzilla, this spectacular adventure pits the world's most famous monster against malevolent creatures who, bolstered by humanity's scientific arrogance, threaten our very existence.","release_date":"2014-05-16","poster_path":"/szVwkB4H5yyOJBVuQ432b9boO0N.jpg","popularity":4.679531,"title":"Godzilla","video":false,"vote_average":6.2,"vote_count":1465},{"adult":false,"backdrop_path":"/33TTFIqH3cGG5KVk6EvpKKvpegN.jpg","genre_ids":[27,53,9648,14],"id":11596,"original_language":"fr","original_title":"New Nightmare","overview":"Freddy's back … and he's badder than ever! Nancy, the historical nemesis of the man with the satanic snarl and pitchfork fingers, discovers that a new monstrous demon has taken on Freddy's persona. Can Nancy stop this new threat in time to save her son?","release_date":"1994-10-14","poster_path":"/oLEZibnraixTE68rTaYv4FEmvYd.jpg","popularity":2.357725,"title":"New Nightmare","video":false,"vote_average":6.2,"vote_count":82},{"adult":false,"backdrop_path":"/iiufWukqR2QBfYIfP7OEdLHrYXB.jpg","genre_ids":[16],"id":58423,"original_language":"en","original_title":"Puss in Boots","overview":"Long before he even met Shrek, the notorious fighter, lover and outlaw Puss in Boots becomes a hero when he sets off on an adventure with the tough and street smart Kitty Softpaws and the mastermind Humpty Dumpty to save his town. This is the true story of The Cat, The Myth, The Legend... The Boots.","release_date":"2011-10-28","poster_path":"/zy48sYz5TZWC4itoOHaQnUfWKtP.jpg","popularity":2.978011,"title":"Puss in Boots","video":false,"vote_average":6.2,"vote_count":682},{"adult":false,"backdrop_path":"/dy5ThWXUuEHH60liT8oVSDqkSGB.jpg","genre_ids":[28,12,18,53,10752],"id":1369,"original_language":"en","original_title":"Rambo: First Blood Part II","overview":"Col. Troutman recruits ex-Green Beret John Rambo for a highly secret and dangerous mission. Teamed with freedom fighter Co Bao, Rambo goes deep into Vietnam to rescue POWs. Deserted by his own team, he's left in a hostile jungle to fight for his life, avenge the death of a woman and bring corrupt officials to justice.","release_date":"1985-05-21","poster_path":"/xYLmHi80zIlu3JDfJYfd1JY0Xl7.jpg","popularity":3.226935,"title":"Rambo: First Blood Part II","video":false,"vote_average":6.2,"vote_count":266},{"adult":false,"backdrop_path":"/hAFi159H1TIg3NIi8fGUyTVO1kU.jpg","genre_ids":[35],"id":496,"original_language":"en","original_title":"Borat: Cultural Learnings of America for Make Benefit Glorious Nation of Kazakhstan","overview":"Kazakh journalist Borat Sagdiyev travels to America to make a documentary. As he zigzags across the nation, Borat meets real people in real situations with hysterical consequences. His backwards behavior generates strong reactions around him exposing prejudices and hypocrisies in American culture.","release_date":"2006-11-02","poster_path":"/9yoY43fgCmuCv2tzIr77z9jCx1L.jpg","popularity":2.547636,"title":"Borat: Cultural Learnings of America for Make Benefit Glorious Nation of Kazakhstan","video":false,"vote_average":6.2,"vote_count":413},{"adult":false,"backdrop_path":"/7OluTl9LoaMDZ2MVdrFVuU2os09.jpg","genre_ids":[35],"id":227159,"original_language":"en","original_title":"Horrible Bosses 2","overview":"Dale, Kurt and Nick decide to start their own business but things don't go as planned because of a slick investor, prompting the trio to pull off a harebrained and misguided kidnapping scheme.","release_date":"2014-11-26","poster_path":"/zRkLCOx7o9tjPYb9s7u6mpw8VOs.jpg","popularity":7.291823,"title":"Horrible Bosses 2","video":false,"vote_average":6.2,"vote_count":579},{"adult":false,"backdrop_path":"/rFQYdSvvSABOWVsgHlVqUTFgVWK.jpg","genre_ids":[80,35,28],"id":112205,"original_language":"en","original_title":"The Family","overview":"The Manzoni family, a notorious mafia clan, is relocated to Normandy, France under the witness protection program, where fitting in soon becomes challenging as their old habits die hard.","release_date":"2013-09-13","poster_path":"/9Qnug9QrwUCQhd7dSfGJfJMO1zS.jpg","popularity":3.140798,"title":"The Family","video":false,"vote_average":6.2,"vote_count":415},{"adult":false,"backdrop_path":"/vHLsgsvLtFWDlhBigKDRsYIC1p6.jpg","genre_ids":[28,53,80,9648],"id":27576,"original_language":"en","original_title":"Salt","overview":"As a CIA officer, Evelyn Salt swore an oath to duty, honor and country. Her loyalty will be tested when a defector accuses her of being a Russian spy. Salt goes on the run, using all her skills and years of experience as a covert operative to elude capture. Salt's efforts to prove her innocence only serve to cast doubt on her motives, as the hunt to uncover the truth behind her identity continues and the question remains: \"Who is Salt?\"","release_date":"2010-07-23","poster_path":"/956xMjH4sPoqimqoLOP6AI19mjm.jpg","popularity":3.069792,"title":"Salt","video":false,"vote_average":6.2,"vote_count":889},{"adult":false,"backdrop_path":"/zhMiJmPuX2o2bbXWWZNUgVbw3OM.jpg","genre_ids":[12,16,35,14,10751],"id":10010,"original_language":"en","original_title":"Brother Bear 2","overview":"An old female friend of Kenai needs his help on a quest, much to Koda's growing consternation.","release_date":"2006-08-28","poster_path":"/msZSTfilEF6hw47HTuf5AeXAO8R.jpg","popularity":1.140784,"title":"Brother Bear 2","video":false,"vote_average":6.2,"vote_count":76},{"adult":false,"backdrop_path":"/hTxT3nuM1yOOC6DZM1voRgVwiDP.jpg","genre_ids":[35,18,10749],"id":8976,"original_language":"en","original_title":"A Lot Like Love","overview":"On a flight from Los Angeles to New York, Oliver and Emily make a connection, only to decide that they are poorly suited to be together. Over the next seven years, however, they are reunited time and time again, they go from being acquaintances to close friends to ... lovers?","release_date":"2005-04-22","poster_path":"/anrhVr6lZqesL1HDgmX06Oo86R.jpg","popularity":0.773539,"title":"A Lot Like Love","video":false,"vote_average":6.2,"vote_count":95},{"adult":false,"backdrop_path":"/bhEudqWbWsiEBdnl0kCIwFp5Hay.jpg","genre_ids":[14,35],"id":310,"original_language":"en","original_title":"Bruce Almighty","overview":"Bruce Nolan toils as a \"human interest\" television reporter in Buffalo, N.Y. Despite his high ratings and the love of his beautiful girlfriend, Grace, Bruce remains unfulfilled. At the end of the worst day in his life, he angrily ridicules God -- and the Almighty responds, endowing Bruce with all of His divine powers.","release_date":"2003-05-21","poster_path":"/y5TEe8Qbgn91dwqVm9FqE2PEL4Q.jpg","popularity":3.62686,"title":"Bruce Almighty","video":false,"vote_average":6.2,"vote_count":1013},{"adult":false,"backdrop_path":"/mcpnSz85J81yCcdLzH9u6NiEQt9.jpg","genre_ids":[12,35,14,878,10751],"id":36819,"original_language":"en","original_title":"Time Bandits","overview":"In Terry Gilliam's fantastic voyage through time and space, a boy escapes from his gadget-obsessed parents to join a band of time-traveling dwarves. On their journey, they visit Napoleon (Ian Holm), Robin Hood (John Cleese) and King Agamemnon (Sean Connery), among other popular figures. It's a giddy, visually outrageous fairy tale, a revisionist history lesson and a satire on technology gone awry -- all wrapped into one adventure.","release_date":"1981-07-13","poster_path":"/ydI0Z7JWTaDLg8uJEddpzy4UBcl.jpg","popularity":0.626417,"title":"Time Bandits","video":false,"vote_average":6.2,"vote_count":60},{"adult":false,"backdrop_path":"/sbm4pRbGNaqaHjx6fPXh1aQGTJO.jpg","genre_ids":[18,27],"id":8913,"original_language":"en","original_title":"Pet Sematary","overview":"Dr. Louis Creed's family moves into the country house of their dreams and discover a pet cemetery at the back of their property. The cursed burial ground deep in the woods brings the dead back to life -- with \"minor\" problems. At first, only the family's cat makes the return trip, but an accident forces a heartbroken father to contemplate the unthinkable.","release_date":"1989-04-21","poster_path":"/9zUax4pjRgoPIJla9CQejqNJofB.jpg","popularity":0.399278,"title":"Pet Sematary","video":false,"vote_average":6.2,"vote_count":93},{"adult":false,"backdrop_path":"/rpNpe7fF2gmpe4up9Ao4rgDlOX.jpg","genre_ids":[18],"id":17332,"original_language":"en","original_title":"The Soloist","overview":"A Los Angeles journalist befriends a homeless Juilliard-trained musician, while looking for a new article for the paper.","release_date":"2009-04-24","poster_path":"/tqPc3IuujFScEAHMLb58eFiMBdy.jpg","popularity":0.635435,"title":"The Soloist","video":false,"vote_average":6.2,"vote_count":74},{"adult":false,"backdrop_path":"/doMoN3efVN4NefceDtLVY8879fR.jpg","genre_ids":[14,18,27,53],"id":9100,"original_language":"en","original_title":"The Craft","overview":"A Catholic school newcomer falls in with a clique of teen witches who wield their powers against all who dare to cross them -- be they teachers, rivals or meddlesome parents.","release_date":"1996-05-03","poster_path":"/5QoAIazIjidUcnD4Vggvmvg42NW.jpg","popularity":1.954807,"title":"The Craft","video":false,"vote_average":6.2,"vote_count":91},{"adult":false,"backdrop_path":"/uWREpRwvl2AYqKNmrubGgE68gnC.jpg","genre_ids":[53,80,28],"id":134374,"original_language":"en","original_title":"Pain & Gain","overview":"Based on the true story of Daniel Lugo (Mark Wahlberg) a Miami bodybuilder who wants to live the American dream. He would like to have the money that other people have. So he enlists the help of fellow bodybuilder Adrian Doorbal (Anthony Mackie) and ex-convict, Christian bodybuilder Paul Doyle (Dwayne Johnson). Their kidnapping and extortion scheme goes terribly wrong since they have muscles for brains and they're left to haphazardly try to hold onto the elusive American dream.","release_date":"2013-04-26","poster_path":"/3AWSwYavODs0lL916NE9bLJJNTo.jpg","popularity":2.931791,"title":"Pain & Gain","video":false,"vote_average":6.2,"vote_count":797},{"adult":false,"backdrop_path":"/fc2PyW63qTwBX4E93p7opX3Kwn5.jpg","genre_ids":[18],"id":7874,"original_language":"en","original_title":"Black Snake Moan","overview":"A God-fearing bluesman takes to a wild young woman who, as a victim of childhood sexual abuse, looks everywhere for love, never quite finding it.","release_date":"2006-12-08","poster_path":"/1zP6sIiCQeMhTryJ3scpq0tzW0Q.jpg","popularity":0.533792,"title":"Black Snake Moan","video":false,"vote_average":6.2,"vote_count":59},{"adult":false,"backdrop_path":"/p0VpzQG1PWnICbgQMyrQJGAhwEW.jpg","genre_ids":[35,18,10749],"id":2064,"original_language":"en","original_title":"While You Were Sleeping","overview":"A love story built on a misunderstanding. A transit worker pulls commuter Peter off the tracks after he's mugged. But while he's in a coma, his family mistakenly thinks she's Peter's fiancée, and she doesn't correct them. Things get more complicated when she falls for his brother, who's not quite sure that she's who she claims to be.","release_date":"1995-04-21","poster_path":"/9StV7DX4ZtRZGJs9VcVEPvxIKL6.jpg","popularity":1.264639,"title":"While You Were Sleeping","video":false,"vote_average":6.2,"vote_count":89}],"total_pages":180,"total_results":3596}
