{"page":141,"results":[{"adult":false,"backdrop_path":"/foNJupJS0pXtjpKetZ2VyPKj88Q.jpg","genre_ids":[27],"id":1690,"original_language":"en","original_title":"Hostel","overview":"Three backpackers head to a Slovakian city that promises to meet their hedonistic expectations, with no idea of the hell that awaits them.","release_date":"2005-01-06","poster_path":"/aXKo9A59BLQLwV7oUwCMPzYBtJg.jpg","popularity":2.361035,"title":"Hostel","video":false,"vote_average":5.7,"vote_count":259},{"adult":false,"backdrop_path":"/5ySQ4UwjvIbaHnnEf6SzJS6Qfxr.jpg","genre_ids":[18,53],"id":48231,"original_language":"en","original_title":"A Dangerous Method","overview":"In 1904 a Russian woman named Sabina Spielrein arrives at Carl Jung's clinic, seeking treatment for hysteria. Jung is eager to test Sigmund Freud's theories on Sabina and, in fact, successfully treats her. Two years later Jung and Sabina meet Freud in person, and Jung takes over the treatment of Otto Gross, whose influence leads Jung to begin an affair with Sabina, contributing to a rift with Freud.","release_date":"2011-11-10","poster_path":"/vKoP2wiyP71abIGxZ2oCmgnWG6K.jpg","popularity":2.852772,"title":"A Dangerous Method","video":false,"vote_average":5.7,"vote_count":139},{"adult":false,"backdrop_path":"/bnXs5dibTbH8YdoFCgPUf52GASd.jpg","genre_ids":[27],"id":2662,"original_language":"en","original_title":"House of 1000 Corpses","overview":"Two teenage couples traveling across the backwoods of Texas searching for urban legends of serial killers end up as prisoners of a bizarre and sadistic backwater family of serial killers.","release_date":"2003-03-13","poster_path":"/8l9wpDtIXcVxZPp2IMtCj6I1iCx.jpg","popularity":1.565153,"title":"House of 1000 Corpses","video":false,"vote_average":5.7,"vote_count":74},{"adult":false,"backdrop_path":"/1ZRCJL17jnAfT0EnKIeP9ncOeN6.jpg","genre_ids":[28,53],"id":136418,"original_language":"en","original_title":"Hummingbird","overview":"Homeless and on the run from a military court martial, a damaged ex-special forces soldier navigating London's criminal underworld seizes an opportunity to assume another man's identity, transforming into an avenging angel in the process.","release_date":"2013-06-27","poster_path":"/tVOPEBdjoIqaRDE5INctTcoI0Va.jpg","popularity":1.985775,"title":"Hummingbird","video":false,"vote_average":5.7,"vote_count":305},{"adult":false,"backdrop_path":"/BKfK0XIkjLFeNJQGOS0tsF9F2D.jpg","genre_ids":[18,27,53],"id":159128,"original_language":"en","original_title":"We Are What We Are","overview":"In this reimagining of the 2010 Mexican film of the same name, director Jim Mickle paints a gruesome portrait of an introverted family struggling to keep their macabre traditions alive, giving us something we can really sink our teeth into.","release_date":"2013-09-27","poster_path":"/evlXBQlXI99bcSSj6nLbriHaY3A.jpg","popularity":1.791829,"title":"We Are What We Are","video":false,"vote_average":5.7,"vote_count":66},{"adult":false,"backdrop_path":"/qBPsdNP23qqHUE7niOgKSPNnUSO.jpg","genre_ids":[18,36,53],"id":1852,"original_language":"en","original_title":"World Trade Center","overview":"On September, 11th 2001, after the terrorist attack to the World Trade Center, the building collapses over the rescue team from the Port Authority Police Department. Will Jimeno and his sergeant John McLoughlin are found alive trapped under the wreckage while the rescue teams fight to save them.","release_date":"2006-08-09","poster_path":"/hYbKIxMGqm0YaxGBYW52NbkYNAx.jpg","popularity":0.937617,"title":"World Trade Center","video":false,"vote_average":5.7,"vote_count":111},{"adult":false,"backdrop_path":"/bADjtiEq2kQ75UHkdnIe13CftsX.jpg","genre_ids":[12,28,53,80,9648],"id":4959,"original_language":"en","original_title":"The International","overview":"An interpol agent and an attorney are determined to bring one of the world's most powerful banks to justice. Uncovering money laundering, arms trading, and conspiracy to destabilize world governments, their investigation takes them from Berlin, Milan, New York and Istanbul. Finding themselves in a chase across the globe, their relentless tenacity puts their own lives at risk.","release_date":"2009-02-03","poster_path":"/xwH65cbBMAoZ01kcRpQw2dCRsw0.jpg","popularity":1.904676,"title":"The International","video":false,"vote_average":5.7,"vote_count":125},{"adult":false,"backdrop_path":"/tcv1qOo2k6ifKjz9hD2oTYtrsOq.jpg","genre_ids":[28,35,53,10749],"id":37821,"original_language":"en","original_title":"Killers","overview":"When an elite assassin marries a beautiful computer whiz after a whirlwind romance, he gives up the gun and settles down with his new bride. That is, until he learns that someone from his past has put a contract out on his life.","release_date":"2010-06-04","poster_path":"/m2wrmME95SF1hsqvMpAyNXeghOl.jpg","popularity":3.523596,"title":"Killers","video":false,"vote_average":5.7,"vote_count":302},{"adult":false,"backdrop_path":"/7VtaXw0iT8L3GcCGb8aBZ2YYg8Z.jpg","genre_ids":[28,35,53],"id":49010,"original_language":"en","original_title":"Hobo with a Shotgun","overview":"A vigilante homeless man pulls into a new city and finds himself trapped in urban chaos, a city where crime rules and where the city's crime boss reigns. Seeing an urban landscape filled with armed robbers, corrupt cops, abused prostitutes and even a pedophile Santa, the Hobo goes about bringing justice to the city the best way he knows how - with a 20-gauge shotgun. Mayhem ensues when he tries to make things better for the future generation. Street justice will indeed prevail.","release_date":"2011-05-06","poster_path":"/do7uf8m627YnTnspMGY3lD7vDEH.jpg","popularity":1.990748,"title":"Hobo with a Shotgun","video":false,"vote_average":5.7,"vote_count":61},{"adult":false,"backdrop_path":"/h4ApNjVe5z1lZzqC7i4r1jZqgha.jpg","genre_ids":[27,53],"id":77883,"original_language":"en","original_title":"The Possession","overview":"A young girl buys an antique box at a yard sale, unaware that inside the collectible lives a malicious ancient spirit. The girl's father teams with his ex-wife to find a way to end the curse upon their child.","release_date":"2012-08-30","poster_path":"/4QjzFuaZmB4btGnLwAgdp23BzIU.jpg","popularity":1.05037,"title":"The Possession","video":false,"vote_average":5.7,"vote_count":171},{"adult":false,"backdrop_path":"/q0eS323TqNtxPqYpgtRa2X9G9xx.jpg","genre_ids":[28,35,80,37],"id":1969,"original_language":"en","original_title":"Bandidas","overview":"Set in the late 19th century. When a ruthless robber baron takes away everything they cherish, a rough-and-tumble, idealistic peasant and a sophisticated heiress embark on a quest for justice, vengeance…and a few good heists.","release_date":"2006-01-18","poster_path":"/6WnSdouYhXDowg9NrKY2fSV5o1W.jpg","popularity":0.908939,"title":"Bandidas","video":false,"vote_average":5.7,"vote_count":99},{"adult":false,"backdrop_path":"/nCK3Api5TteYOhbc7JTrbcD9OlO.jpg","genre_ids":[28,878,53],"id":10796,"original_language":"en","original_title":"The One","overview":"A sheriff's deputy fights an alternate universe version of himself who grows stronger with each alternate self he kills.","release_date":"2001-11-02","poster_path":"/baw9Zdb1zJDWs4iJBrmfWKnx62p.jpg","popularity":1.218254,"title":"The One","video":false,"vote_average":5.7,"vote_count":147},{"adult":false,"backdrop_path":"/46aAskiXtvdtAR9ryEOXJPazKpL.jpg","genre_ids":[27,878,53],"id":8843,"original_language":"en","original_title":"The Cell","overview":"A psychotherapist journeys inside a comatose serial killer in the hopes of saving his latest victim.","release_date":"2000-08-17","poster_path":"/tu2rPoVBhEp9fZfOahkqbXSNsxS.jpg","popularity":1.114901,"title":"The Cell","video":false,"vote_average":5.7,"vote_count":111},{"adult":false,"backdrop_path":"/3zpcmA6Lcv2K7kxGV5hQfegQd7Y.jpg","genre_ids":[12,16,14,10751],"id":9992,"original_language":"fr","original_title":"Arthur et les Minimoys","overview":"Arthur is a spirited ten-year old whose parents are away looking for work, whose eccentric grandfather has been missing for several years, and who lives with his grandmother in a country house that, in two days, will be repossessed, torn down, and turned into a block of flats unless Arthur's grandfather returns to sign some papers and pay off the family debt. Arthur discovers that the key to success lies in his own descent into the land of the Minimoys, creatures no larger than a tooth, whom his grandfather helped relocate to their garden. Somewhere among them is hidden a pile of rubies, too. Can Arthur be of stout heart and save the day? Romance beckons as well, and a villain lurks.","release_date":"2006-12-13","poster_path":"/idbP413bzKWrQXJyElrDazcJUFM.jpg","popularity":1.169985,"title":"Arthur and the Invisibles","video":false,"vote_average":5.7,"vote_count":125},{"adult":false,"backdrop_path":"/b3Te0cO00JJmw16LQxoLa8hbs0R.jpg","genre_ids":[28,18,53],"id":7007,"original_language":"en","original_title":"Rising Sun","overview":"When a prostitute is found dead in a Los Angeles skyscraper occupied by a large Japanese corporation, detectives John Conner and Web Smith are called in to investigate. Although Conner has previous experience working in Japan, cultural differences make their progress difficult until a security disc showing the murder turns up. Close scrutiny proves the disc has been doctored, and the detectives realize they're dealing with a cover-up as well.","release_date":"1993-07-30","poster_path":"/d07rjd7e54ClVLoixmf6alTiDDj.jpg","popularity":0.55971,"title":"Rising Sun","video":false,"vote_average":5.7,"vote_count":57},{"adult":false,"backdrop_path":"/yRaCI0pjb1FGgagYXjg7dV4lkJJ.jpg","genre_ids":[28,12,878,53],"id":64635,"original_language":"en","original_title":"Total Recall","overview":"Welcome to Rekall, the company that can turn your dreams into real memories. For a factory worker named Douglas Quaid, even though he's got a beautiful wife who he loves, the mind-trip sounds like the perfect vacation from his frustrating life - real memories of life as a super-spy might be just what he needs. But when the procedure goes horribly wrong, Quaid becomes a hunted man. Finding himself on the run from the police - controlled by Chancellor Cohaagen, the leader of the free world - Quaid teams up with a rebel fighter to find the head of the underground resistance and stop Cohaagen. The line between fantasy and reality gets blurred and the fate of his world hangs in the balance as Quaid discovers his true identity, his true love, and his true fate.","release_date":"2012-08-03","poster_path":"/tWBo7aZk3I1dLxmMj7ZJcN8uke5.jpg","popularity":3.123522,"title":"Total Recall","video":false,"vote_average":5.7,"vote_count":1462},{"adult":false,"backdrop_path":"/8zmlsQINxvU5ly3Qn3K1dtAAPGu.jpg","genre_ids":[28,35,80],"id":306,"original_language":"en","original_title":"Beverly Hills Cop III","overview":"Detroit cop Axel Foley is back in sunny Southern California in the third installment of the comedic fish-out-of-water Beverly Hills Cop series. On the trail of two murderers, Axel again teams up with Los Angeles cop Billy Rosewood. Soon, they discover that an amusement park is being used as a front for a massive counterfeiting ring -- and it's run by the same gang that shot Billy's boss.","release_date":"1994-05-24","poster_path":"/tw9gAhqQcBFX0X0XfVbWqUsmzoU.jpg","popularity":1.665181,"title":"Beverly Hills Cop III","video":false,"vote_average":5.7,"vote_count":137},{"adult":false,"backdrop_path":"/bDdVZNvxb670EMlZqeIy6RdyJ4V.jpg","genre_ids":[12,28,53],"id":955,"original_language":"en","original_title":"Mission: Impossible II","overview":"With computer genius Luther Stickell at his side and a beautiful thief on his mind, agent Ethan Hunt races across Australia and Spain to stop a former IMF agent from unleashing a genetically engineered biological weapon called Chimera. This mission, should Hunt choose to accept it, plunges him into the center of an international crisis of terrifying magnitude.","release_date":"2000-05-23","poster_path":"/3XcpeZeSHlDjdPFTWyCvDM1bL6z.jpg","popularity":3.845907,"title":"Mission: Impossible II","video":false,"vote_average":5.7,"vote_count":785},{"adult":false,"backdrop_path":"/ikIjjgcJHS5Tei2vrsI117QugSq.jpg","genre_ids":[878,28,27,53,12,14],"id":36648,"original_language":"en","original_title":"Blade: Trinity","overview":"For years, Blade has fought against the vampires in the cover of the night. But now, after falling into the crosshairs of the FBI, he is forced out into the daylight, where he is driven to join forces with a clan of human vampire hunters he never knew existed - The Nightstalkers. Together with Abigail and Hannibal, two deftly trained Nightstalkers, Blade follows a trail of blood to the ancient creature that is also hunting him, the original vampire, Dracula.","release_date":"2004-12-07","poster_path":"/4WinsdHQBdh5aTt7Bd7T7dbUXbb.jpg","popularity":3.513216,"title":"Blade: Trinity","video":false,"vote_average":5.7,"vote_count":518},{"adult":false,"backdrop_path":"/8VHxc79a8wZRM6jfw2yhXtZkn1.jpg","genre_ids":[18,80,36],"id":88794,"original_language":"en","original_title":"J. Edgar","overview":"As the face of law enforcement in America for almost 50 years, J. Edgar Hoover was feared and admired, reviled and revered. But behind closed doors, he held secrets that would have destroyed his image, his career and his life.","release_date":"2011-11-09","poster_path":"/upACO9i21lb5lG7ovf51m3lIPcv.jpg","popularity":1.952113,"title":"J. Edgar","video":false,"vote_average":5.7,"vote_count":226}],"total_pages":180,"total_results":3596}
