{"page":115,"results":[{"adult":false,"backdrop_path":"/e5qyyJrydldPej8epHlHjQ1G3m1.jpg","genre_ids":[35],"id":9298,"original_language":"en","original_title":"Ali G Indahouse","overview":"Ali G unwittingly becomes a pawn in the evil Chancellor's plot to overthrow the Prime Minister of Great Britain. However, instead of bringing the Prime Minister down, Ali is embraced by the nation as the voice of youth and 'realness', making the Prime Minister and his government more popular than ever.","release_date":"2002-03-21","poster_path":"/7uhKivL5sy9IL0aR8W4QeD9Et3M.jpg","popularity":0.584088,"title":"Ali G Indahouse","video":false,"vote_average":6.1,"vote_count":82},{"adult":false,"backdrop_path":"/4MkdaWN5coyFYQs2giE4saCO1bD.jpg","genre_ids":[28,12,80,53],"id":11968,"original_language":"en","original_title":"Into the Blue","overview":"Red-hot action superstars Paul Walker and Jessica Alba heat up the screen as two sexy young divers who dream of finding hidden treasure. When they take some friends (Scott Caan and Ashley Scott) on an extreme sport adventure, the last thing they expect to see below the shark-infested waters is a legendary pirate ship rumored to contain millions of dollars in gold.","release_date":"2005-09-30","poster_path":"/m64ptUEvvDDgeju5DlwKe6l92Tp.jpg","popularity":1.063113,"title":"Into the Blue","video":false,"vote_average":6.1,"vote_count":150},{"adult":false,"backdrop_path":"/2Osd4HJpGTHBR7lWIspMrwGQlrh.jpg","genre_ids":[12,10751,14],"id":76285,"original_language":"en","original_title":"Percy Jackson: Sea of Monsters","overview":"In their quest to confront the ultimate evil, Percy and his friends battle swarms of mythical creatures to find the mythical Golden Fleece and to stop an ancient evil from rising.","release_date":"2013-08-07","poster_path":"/cjNvhte8I318miZucl9MIFFyWQJ.jpg","popularity":3.046185,"title":"Percy Jackson: Sea of Monsters","video":false,"vote_average":6.1,"vote_count":618},{"adult":false,"backdrop_path":"/2S5MGcHJhYuSnlaOAM6bQWlwMoY.jpg","genre_ids":[16],"id":8916,"original_language":"en","original_title":"Antz","overview":"In this animated hit, a neurotic worker ant in love with a rebellious princess rises to unlikely stardom when he switches places with a soldier. Signing up to march in a parade, he ends up under the command of a bloodthirsty general. But he's actually been enlisted to fight against a termite army.","release_date":"1998-10-02","poster_path":"/3biVcPu5hrfKUMC73sTFq17dmmS.jpg","popularity":2.758384,"title":"Antz","video":false,"vote_average":6.1,"vote_count":259},{"adult":false,"backdrop_path":"/ht1Sgx744CIYeFgsZTdwwK70HyO.jpg","genre_ids":[18],"id":2133,"original_language":"en","original_title":"The Perfect Storm","overview":"In October 1991, a confluence of weather conditions combined to form a killer storm in the North Atlantic. Caught in the storm was the sword-fishing boat Andrea Gail. Magnificent foreshadowing and anticipation fill this true-life drama while minute details of the fishing boats, their gear and the weather are juxtaposed with the sea adventure.","release_date":"2000-06-26","poster_path":"/uARMPDyjiENKyUz7JRmQmLCH8L5.jpg","popularity":0.662715,"title":"The Perfect Storm","video":false,"vote_average":6.1,"vote_count":176},{"adult":false,"backdrop_path":"/avhEibZxIr8NzHQFBjw3FjLjN7u.jpg","genre_ids":[28],"id":20662,"original_language":"en","original_title":"Robin Hood","overview":"When soldier Robin happens upon the dying Robert of Loxley, he promises to return the man's sword to his family in Nottingham. There, he assumes Robert's identity; romances his widow, Marion; and draws the ire of the town's sheriff and King John's henchman, Godfrey.","release_date":"2010-05-13","poster_path":"/4gH0vhyOcl7QV3t81653CpWjEB6.jpg","popularity":2.229127,"title":"Robin Hood","video":false,"vote_average":6.1,"vote_count":546},{"adult":false,"backdrop_path":"/70wyqj6WnOSVWKnW2vxylFGz7c9.jpg","genre_ids":[27,53],"id":16871,"original_language":"en","original_title":"Drag Me to Hell","overview":"After denying a woman the extension she needs to keep her home, loan officer Christine Brown sees her once-promising life take a startling turn for the worse. Christine is convinced she's been cursed by a Gypsy, but her boyfriend is skeptical. Her only hope seems to lie in a psychic who claims he can help her lift the curse and keep her soul from being dragged straight to hell.","release_date":"2009-03-15","poster_path":"/4trULrbj4AoPLKSiIoQUTm2tPAG.jpg","popularity":1.553549,"title":"Drag Me to Hell","video":false,"vote_average":6.1,"vote_count":279},{"adult":false,"backdrop_path":"/8uuxCakfVvf5WflFacBHfwU3d8J.jpg","genre_ids":[28,12,18,14],"id":8840,"original_language":"en","original_title":"DragonHeart","overview":"In an ancient time when majestic fire-breathers soared through the skies, a knight named Bowen comes face to face and heart to heart with the last dragon on Earth, Draco. Taking up arms to suppress a tyrant king, Bowen soon realizes his task will be harder than he'd imagined: If he kills the king, Draco will die as well.","release_date":"1996-05-31","poster_path":"/nXdAIa8q1YSoA3wZaTwPxjQxNBb.jpg","popularity":2.024326,"title":"DragonHeart","video":false,"vote_average":6.1,"vote_count":148},{"adult":false,"backdrop_path":"/vGLFYyv8hFZi3zcZr8toBDWrRE4.jpg","genre_ids":[53,27],"id":277685,"original_language":"en","original_title":"Unfriended","overview":"While video chatting one night, six high school friends receive a Skype message from a classmate who killed herself exactly one year ago. A first they think it's a prank, but when the girl starts revealing the friends' darkest secrets, they realize they are dealing with something out of this world, something that wants them dead. Told entirely from a young girl's computer desktop, Unfriended redefines 'found footage' for a new generation of teens.","release_date":"2014-07-20","poster_path":"/qiqoamFq2lPuG7O5B1HFv8miBLl.jpg","popularity":7.458723,"title":"Unfriended","video":false,"vote_average":6.1,"vote_count":164},{"adult":false,"backdrop_path":"/iol2mmfheqTk9AmQXwmgCwKYHm7.jpg","genre_ids":[28,80,53],"id":49527,"original_language":"en","original_title":"Man on a Ledge","overview":"An ex-cop turned con threatens to jump to his death from a Manhattan hotel rooftop. The NYPD dispatch a female police psychologist to talk him down. However, unbeknownst to the police on the scene, the suicide attempt is a cover for the biggest diamond heist ever pulled.","release_date":"2012-01-27","poster_path":"/ssl4ZcThbMtEPNBEXmWpSgtT9xK.jpg","popularity":1.869214,"title":"Man on a Ledge","video":false,"vote_average":6.1,"vote_count":368},{"adult":false,"backdrop_path":"/5ZYCcVwJ0Ixjy36SlHpn1bAIwC4.jpg","genre_ids":[35,18,10749],"id":16781,"original_language":"en","original_title":"Madea's Family Reunion","overview":"Based upon Tyler Perry's acclaimed stage production, Madea's Family Reunion continues the adventures of Southern matriarch Madea. She has just been court ordered to be in charge of Nikki, a rebellious runaway, her nieces, Lisa and Vanessa, are suffering relationship trouble, and through it all, she has to organize her family reunion.","release_date":"2006-02-24","poster_path":"/RbR50UMMYy7bFBy5GeFxNf5wsK.jpg","popularity":0.338961,"title":"Madea's Family Reunion","video":false,"vote_average":6.1,"vote_count":55},{"adult":false,"backdrop_path":"/na8T1ykPKAYmseM8gkSjuoHOZP.jpg","genre_ids":[27],"id":18781,"original_language":"en","original_title":"The Haunting in Connecticut","overview":"When the Campbell family moves to upstate Connecticut, they soon learn that their charming Victorian home has a disturbing history: not only was the house a transformed funeral parlor where inconceivable acts occurred, but the owner's clairvoyant son Jonah served as a demonic messenger, providing a gateway for spiritual entities to crossover.","release_date":"2009-03-27","poster_path":"/lSahgFbmbmCPdZ3X6cZynblkP6R.jpg","popularity":1.935648,"title":"The Haunting in Connecticut","video":false,"vote_average":6.1,"vote_count":71},{"adult":false,"backdrop_path":"/4EX04WSbSuWOREHVzhXgnFeJbI9.jpg","genre_ids":[16,10751,35,10749,14],"id":11238,"original_language":"en","original_title":"Aladdin and the King of Thieves","overview":"At long last, Aladdin is about to marry the Princess Jasmine. Despite the presence and encouragement of his friends Genie, Carpet, and Abu, he is fearful and anxious. He is most worried as to what kind of father he will be, having never known his own. But when the 40 Thieves disrupt the wedding trying to steal a magical oracular talisman, Aladdin is drawn into a dangerous quest to stop the thieves.","release_date":"1996-08-13","poster_path":"/f6cwFA76j6aaRu1KOQ8bBYfSlLx.jpg","popularity":2.670578,"title":"Aladdin and the King of Thieves","video":false,"vote_average":6.1,"vote_count":142},{"adult":false,"backdrop_path":"/7UWPr9LUq3GizuZDG3e6PvSlvck.jpg","genre_ids":[28,80,18,53],"id":294652,"original_language":"en","original_title":"Son of a Gun","overview":"Locked up for a minor crime, 19 year old JR quickly learns the harsh realities of prison life. Protection, if you can get it, is paramount. JR soon finds himself under the watchful eye of Australia's most notorious criminal, Brendan Lynch, but protection comes at a price.","release_date":"2014-10-16","poster_path":"/pJoofuXXnEsDu5U4L1L48qkgUPf.jpg","popularity":3.052159,"title":"Son of a Gun","video":false,"vote_average":6.1,"vote_count":90},{"adult":false,"backdrop_path":"/5QJbfO5EZtNHTABWKkGqOyvOvNg.jpg","genre_ids":[80,12,28,35,53],"id":58233,"original_language":"en","original_title":"Johnny English Reborn","overview":"Johnny English Reborn is a 2011 British spy comedy film parodying the James Bond secret agent genre and film franchise reboots. The film is the sequel to Johnny English (2003), and stars Rowan Atkinson reprising his role as the title character and directed by Oliver Parker. The film has a slightly darker tone than the previous film but retains Atkinson's signature humor.","release_date":"2011-09-15","poster_path":"/kQ1gXdBMgLplFnznmTzOzdcsU4D.jpg","popularity":3.087612,"title":"Johnny English Reborn","video":false,"vote_average":6.1,"vote_count":460},{"adult":false,"backdrop_path":"/4z77i6kxomsphwdSbksCKFeWnJZ.jpg","genre_ids":[18],"id":77805,"original_language":"en","original_title":"Lovelace","overview":"Story of Linda Lovelace, who is used and abused by the porn industry at the behest of her coercive husband, before taking control of her life.","release_date":"2013-08-09","poster_path":"/6J4zI97usxdjhzobBkqFW1d9OQ5.jpg","popularity":0.989689,"title":"Lovelace","video":false,"vote_average":6.1,"vote_count":99},{"adult":false,"backdrop_path":"/bk7oQqahFMarYBFri6xzjvXDzwm.jpg","genre_ids":[28,18,9648,53],"id":87516,"original_language":"en","original_title":"Oldboy","overview":"An everyday man has only three and a half days and limited resources to discover why he was imprisoned in a nondescript room for 20 years without any explanation.","release_date":"2013-11-27","poster_path":"/cmspwpe1usgG5hYijfEcTrueKRC.jpg","popularity":1.869338,"title":"Oldboy","video":false,"vote_average":6.1,"vote_count":240},{"adult":false,"backdrop_path":"/qVATwWm9QAjkPNzaZHnEHEYHcyy.jpg","genre_ids":[18,9648,53],"id":28211,"original_language":"en","original_title":"Chloe","overview":"A doctor hires an escort to seduce her husband, whom she suspects of cheating, though unforeseen events put the family in danger.","release_date":"2009-09-12","poster_path":"/9NyVhWbTrCMzWoExYZU54tsDJ6k.jpg","popularity":0.973708,"title":"Chloe","video":false,"vote_average":6.1,"vote_count":149},{"adult":false,"backdrop_path":"/njVTBUU5VK60KsOjju86L4HJS5y.jpg","genre_ids":[18,53,878],"id":39538,"original_language":"en","original_title":"Contagion","overview":"Contagion follows the rapid progress of a lethal airborne virus that kills within days. As the fast–moving epidemic grows, the worldwide medical community races to find a cure and control the panic that spreads faster than the virus itself. At the same time, ordinary people struggle to survive in a society coming apart.","release_date":"2011-09-09","poster_path":"/kbC6I0AOSLTHFA2dieyat9h8QHP.jpg","popularity":2.993096,"title":"Contagion","video":false,"vote_average":6.1,"vote_count":533},{"adult":false,"backdrop_path":"/w7duQ0vVhhKmhq8VpJgVjbr3NeR.jpg","genre_ids":[878,53],"id":174772,"original_language":"en","original_title":"Europa Report","overview":"A crew of international astronauts are sent on a private mission to Jupiter's fourth moon.","release_date":"2013-06-27","poster_path":"/hXRqbBilaYTUg8t10pJawynDFFB.jpg","popularity":1.257154,"title":"Europa Report","video":false,"vote_average":6.1,"vote_count":209}],"total_pages":180,"total_results":3596}
