{"page":142,"results":[{"adult":false,"backdrop_path":"/ne5tEv0x7bj8LvSCHhPv0qOhRk4.jpg","genre_ids":[28,12,53],"id":11228,"original_language":"en","original_title":"Daylight","overview":"When an explosion seals off a commuter tunnel, the survivors are faced with toxic fumes, fires and the impending collapse of the tunnel. Their only hope lies in the hands of Kit Latura (Stallone), a former Emergency Medical Services chief who is haunted by a tragic past. As the walls cave in and the tunnel fills up with water, Latura risks his own life to save others and prevent further disaster.","release_date":"1996-12-06","poster_path":"/ubVmAxPbvjgY8w2MCoFKFkMXt1A.jpg","popularity":0.632111,"title":"Daylight","video":false,"vote_average":5.7,"vote_count":90},{"adult":false,"backdrop_path":"/bTw0dkOfkYRyvcAjC6uX03hUQG0.jpg","genre_ids":[27,9648],"id":4234,"original_language":"en","original_title":"Scream 3","overview":"A murdering spree begins to happen again, this time its targeted toward the original Woodsboro survivors and those associated with the movie inside a movie, Stab 3. Sydney must face the demons of her past to stop the killer.","release_date":"2000-02-03","poster_path":"/8mmObJf9L07wwF92gKdVb4lRXVC.jpg","popularity":1.85817,"title":"Scream 3","video":false,"vote_average":5.7,"vote_count":188},{"adult":false,"backdrop_path":"/5VsPAeiXGy7PhvYlbQFPO2FO3H4.jpg","genre_ids":[80,18,53],"id":98357,"original_language":"en","original_title":"Broken City","overview":"In a broken city rife with injustice, ex-cop Billy Taggart (Mark Wahlberg) seeks redemption and revenge after being double-crossed and then framed by its most powerful figure, the mayor (Russell Crowe). Billy's relentless pursuit of justice, matched only by his streetwise toughness, makes him an unstoppable force - and the mayor's worst nightmare.","release_date":"2013-01-18","poster_path":"/pYDj2b15p4YdNz88XvO7QmBoHgD.jpg","popularity":1.453271,"title":"Broken City","video":false,"vote_average":5.7,"vote_count":329},{"adult":false,"backdrop_path":"/3YafUwZBXU8irYkBcgPDQByPfMR.jpg","genre_ids":[28,12,878,53],"id":9804,"original_language":"en","original_title":"Waterworld","overview":"In a futuristic world where the polar ice caps have melted and made Earth a liquid planet, a beautiful barmaid rescues a mutant seafarer from a floating island prison. They escape, along with her young charge, Enola, and sail off aboard his ship. But the trio soon becomes the target of a menacing pirate who covets the map to \"Dryland\" -- which is tattooed on Enola's back.","release_date":"1995-07-28","poster_path":"/yordVJcPLh3VNRL7bXzFIBEhXRr.jpg","popularity":3.172656,"title":"Waterworld","video":false,"vote_average":5.7,"vote_count":318},{"adult":false,"backdrop_path":"/2nB0FfnVUjwXX7UgAirnjvjhdrt.jpg","genre_ids":[28,12,35],"id":10136,"original_language":"en","original_title":"The Golden Child","overview":"A detective specializing in missing children is on a madcap mission to save a youth with mystical powers who's been abducted by an evil cult. He battles a band of super-nasties, scrambles through a booby-trapped chamber of horrors and traverses Tibet to obtain a sacred dagger.","release_date":"1986-12-12","poster_path":"/auDjIWIUob3yKfL78SthUl4Cy4z.jpg","popularity":1.009065,"title":"The Golden Child","video":false,"vote_average":5.7,"vote_count":73},{"adult":false,"backdrop_path":"/vE4yZmpoXFBN8efniq5ruoxEFoM.jpg","genre_ids":[35,10749],"id":20048,"original_language":"en","original_title":"Confessions of a Shopaholic","overview":"In the glamorous world of New York City, Rebecca Bloomwood is a fun-loving girl who is really good at shopping-a little too good, perhaps. She dreams of working for her favorite fashion magazine, but can't quite get her foot in the door-until ironically, she snags a job as an advice columnist for a financial magazine published by the same company.","release_date":"2009-02-05","poster_path":"/8gCZJ8gOxd22Spz1MKiu4b54T2r.jpg","popularity":1.189723,"title":"Confessions of a Shopaholic","video":false,"vote_average":5.7,"vote_count":187},{"adult":false,"backdrop_path":"/xKgWuEG2yA3pACS8BmcGkLlCi2c.jpg","genre_ids":[35,10749],"id":277547,"original_language":"en","original_title":"Playing It Cool","overview":"The story of a young man disillusioned by love who meets a breathtaking young woman at a charity dinner by pretending to be a philanthropist. Turns out that she’s engaged to a guy who doesn’t like her going on dates. Challenged by the chase, and egged on by his eclectic friends, he feigns a platonic relationship in order to keep seeing her as he tries to conquer her heart","release_date":"2014-09-26","poster_path":"/mBzSxaPOcq8XwXq4qkkyy8Ev9Go.jpg","popularity":3.434298,"title":"Playing It Cool","video":false,"vote_average":5.7,"vote_count":50},{"adult":false,"backdrop_path":"/6urmjGWJx08zVyXPmrDIUVOYGob.jpg","genre_ids":[35],"id":12569,"original_language":"en","original_title":"Extract","overview":"The owner of a factory that produces flavor extracts, Joel Reynold seems to have it all, but really doesn't. What's missing is sexual attention from his wife, Suzie. Joel hatches a convoluted plan to get Suzie to cheat on him, thereby clearing the way for Joel to have an affair with Cindy, an employee. But what Joel doesn't know is that Cindy is a sociopathic con artist, and a freak workplace accident clears the way for her to ruin Joel forever.","release_date":"2009-09-03","poster_path":"/j13qLGBu3WBbyPPTfWAHj8jucQI.jpg","popularity":1.488246,"title":"Extract","video":false,"vote_average":5.7,"vote_count":62},{"adult":false,"backdrop_path":"/5WVCXiuJPMsRbRFRsH7khHszswF.jpg","genre_ids":[35,28],"id":10661,"original_language":"en","original_title":"You Don't Mess With the Zohan","overview":"An Israeli counterterrorism soldier with a secretly fabulous ambition to become a Manhattan hairstylist. Zohan's desire runs so deep that he'll do anything -- including faking his own death and going head-to-head with an Arab cab driver -- to make his dreams come true.","release_date":"2008-06-04","poster_path":"/3n9FYKLJVqwrZ7Wf96eoF2cAowU.jpg","popularity":2.297414,"title":"You Don't Mess With the Zohan","video":false,"vote_average":5.7,"vote_count":351},{"adult":false,"backdrop_path":"/wPECLS6BpxunydpjmyMsbvDW8pO.jpg","genre_ids":[80,18,9648,53,10749],"id":8984,"original_language":"en","original_title":"Disclosure","overview":"A computer specialist is sued for sexual harassment by a former lover turned boss who initiated the act forcefully, which threatens both his career and his personal life.","release_date":"1994-12-09","poster_path":"/qbwcjmHnXkeE8l7wNBsdnlrp3J4.jpg","popularity":1.313597,"title":"Disclosure","video":false,"vote_average":5.7,"vote_count":55},{"adult":false,"backdrop_path":"/bAmhm8pfLqbzxNRzZw08512h4RE.jpg","genre_ids":[28,12,878,53],"id":14869,"original_language":"en","original_title":"G.I. Joe: The Rise of Cobra","overview":"From the Egyptian desert to deep below the polar ice caps, the elite G.I. JOE team uses the latest in next-generation spy and military equipment to fight the corrupt arms dealer Destro and the growing threat of the mysterious Cobra organization to prevent them from plunging the world into chaos.","release_date":"2009-08-07","poster_path":"/29eW5c5DaCFQejdt9V14RrA51yD.jpg","popularity":1.788439,"title":"G.I. Joe: The Rise of Cobra","video":false,"vote_average":5.7,"vote_count":1154},{"adult":false,"backdrop_path":"/gc0wxulwtxlBapmiluOtCZVun7o.jpg","genre_ids":[28],"id":7451,"original_language":"en","original_title":"xXx","overview":"Xander Cage is your standard adrenaline junkie with no fear and a lousy attitude. When the US Government \"recruits\" him to go on a mission, he's not exactly thrilled. His mission: to gather information on an organization that may just be planning the destruction of the world, led by the nihilistic Yorgi.","release_date":"2002-08-09","poster_path":"/fPHNTG1OXFBQ6aEVO7Lv8tSgfrY.jpg","popularity":2.239241,"title":"xXx","video":false,"vote_average":5.7,"vote_count":401},{"adult":false,"backdrop_path":"/63OmgMeYb2T7azonwtY1T0UpRGc.jpg","genre_ids":[35],"id":1588,"original_language":"en","original_title":"Bring It On","overview":"The Toro cheerleading squad from Rancho Carne High School in San Diego has got spirit, spunk, sass and a killer routine that's sure to land them the national championship trophy for the sixth year in a row. But for newly-elected team captain (Kirsten Dunst), the Toros' road to total cheer glory takes a shady turn when she discovers that their perfectly-choreographed routines were in fact stolen.","release_date":"2000-08-25","poster_path":"/yg0O6eGgrumDZ1bht3pqMjNaWon.jpg","popularity":2.775023,"title":"Bring It On","video":false,"vote_average":5.7,"vote_count":289},{"adult":false,"backdrop_path":"/vlfYYFavD87DNnwuNBsOyf8xzOs.jpg","genre_ids":[28,878,53],"id":169,"original_language":"en","original_title":"Predator 2","overview":"Ten years after a band of mercenaries first battled a vicious alien, the invisible creature from another world has returned to Earth -- and this time, it's drawn to the gang-ruled and ravaged city of Los Angeles. When it starts murdering drug dealers, detective-lieutenant Mike Harrigan and his police force set out to capture the creature, ignoring warnings from a mysterious government agent to stay away.","release_date":"1990-11-20","poster_path":"/4cAQgbIPislEeBJahLO5BsqAUZN.jpg","popularity":1.97541,"title":"Predator 2","video":false,"vote_average":5.7,"vote_count":230},{"adult":false,"backdrop_path":"/nnUqd9vSHmLcR8DlEu8vx9RDftZ.jpg","genre_ids":[28,35,80],"id":9604,"original_language":"en","original_title":"Red Heat","overview":"A tough Russian policeman is forced to partner up with a cocky Chicago police detective when he is sent to Chicago to apprehend a Georgian drug lord who killed his partner and fled the country.","release_date":"1988-06-14","poster_path":"/tCBns5Uxpy82dvs0pztDtD2CeL8.jpg","popularity":1.421561,"title":"Red Heat","video":false,"vote_average":5.7,"vote_count":85},{"adult":false,"backdrop_path":"/xJsn2nVpcR0bw4svqOFzK0rP7yt.jpg","genre_ids":[28,12,18,53,10749],"id":11983,"original_language":"en","original_title":"Proof of Life","overview":"Alice hires a professional negotiator to obtain the release of her engineer husband, who has been kidnapped by anti-government guerrillas in South America.","release_date":"2000-12-08","poster_path":"/snEJh0a61MwVmkBsOvuzlQO7mkW.jpg","popularity":0.732635,"title":"Proof of Life","video":false,"vote_average":5.7,"vote_count":54},{"adult":false,"backdrop_path":"/fu25oCkJOWTFRdNozB8VyEPUG5z.jpg","genre_ids":[10770,18,35,10402,10751],"id":10947,"original_language":"en","original_title":"High School Musical","overview":"Troy (Zac Efron), the popular captain of the basketball team, and Gabriella (Vanessa Anne Hudgens), the brainy and beautiful member of the academic club, break all the rules of East High society when they secretly audition for the leads in the school's musical. As they reach for the stars and follow their dreams, everyone learns about acceptance, teamwork, and being yourself. And it's all set to fun tunes and very cool dance moves!","release_date":"2006-01-20","poster_path":"/nJPhjD6HCE6vPokWKuJtc9yX196.jpg","popularity":1.758998,"title":"High School Musical","video":false,"vote_average":5.7,"vote_count":204},{"adult":false,"backdrop_path":"/yv2s856C1zOQqmsmZl5vIatHqeL.jpg","genre_ids":[28,18,27,878,53],"id":25769,"original_language":"en","original_title":"Carriers","overview":"Four friends fleeing a viral pandemic soon learn they are more dangerous than any virus.A deadly virus has spread across the globe. Contagion is everywhere, no one is safe and no one can be trusted. Four young attractive people race through the back roads of the American West to the pounding beat of a vacation soundtrack. Their aim is to retreat to secluded utopian beach in the Gulf of Mexico, where they could peacefully wait out the pandemic and survive the apocalyptic disease. Their plans take a grim turn when their car breaks down on an isolated road starting a chain of events that will seal the fate of each of them in an inexorable and horrifying voyage of hell through a western landscape populated by only the hideous dead or the twisted living.","release_date":"2009-09-04","poster_path":"/6DM0qexULlnAIteeApZiChneuvL.jpg","popularity":2.044494,"title":"Carriers","video":false,"vote_average":5.7,"vote_count":72},{"adult":false,"backdrop_path":"/vd1pETgA5dFFX6HfzcPbnWS2PT3.jpg","genre_ids":[18,27,53],"id":48171,"original_language":"en","original_title":"The Rite","overview":"Seminary student Michael Kovak (Colin O'Donoghue) reluctantly attends exorcism school at the Vatican. While he’s in Rome, Michael meets an unorthodox priest, Father Lucas (Anthony Hopkins), who introduces him to the darker side of his faith, uncovering the devil’s reach even to one of the holiest places on Earth.","release_date":"2011-01-28","poster_path":"/94jKSKAOfM3EU4bPsOPkVB9AOHT.jpg","popularity":1.605777,"title":"The Rite","video":false,"vote_average":5.7,"vote_count":182},{"adult":false,"backdrop_path":"/yT0dZm5EicwHZIWTJZvK2MvjDqO.jpg","genre_ids":[35,10749],"id":13477,"original_language":"en","original_title":"When in Rome","overview":"After fishing out coins from a water fountain in Italy, cynical New Yorker Beth Harper finds herself being wooed by several ardent suitors. As she deals with the attention, Beth tries to figure out whether a charming reporter really loves her.","release_date":"2010-01-29","poster_path":"/lsq9k09TGKXMbAqNr5lNj8EInQf.jpg","popularity":0.782674,"title":"When in Rome","video":false,"vote_average":5.7,"vote_count":123}],"total_pages":180,"total_results":3596}
