{"page":111,"results":[{"adult":false,"backdrop_path":"/9Pu4kGTcq7c1bvufK13p5WaHe7K.jpg","genre_ids":[35,10749],"id":34016,"original_language":"en","original_title":"She's Out of My League","overview":"When he starts dating drop-dead gorgeous Molly, insecure airport security agent Kirk can't believe it. As his friends and family share their doubts about the relationship lasting, Kirk does everything he can to avoid losing Molly forever.","release_date":"2010-03-11","poster_path":"/jtoZLyid2QGjbkuMrQ4cMt8iRFd.jpg","popularity":1.141702,"title":"She's Out of My League","video":false,"vote_average":6.1,"vote_count":171},{"adult":false,"backdrop_path":"/lD1ukTu3oEHMC4lFMt7Xfj0QaQ1.jpg","genre_ids":[28,80,18,53],"id":9333,"original_language":"en","original_title":"Last Man Standing","overview":"John Smith is a mysterious stranger who is drawn into a vicious war between two Prohibition-era gangs. In a dangerous game, he switches allegiances from one to another, offering his services to the highest bidder. As the death toll mounts, Smith takes the law into his own hands in a deadly race to stay alive.","release_date":"1996-09-20","poster_path":"/fkURS96D2ceuocZIBuyiIBGHilF.jpg","popularity":2.225311,"title":"Last Man Standing","video":false,"vote_average":6.1,"vote_count":74},{"adult":false,"backdrop_path":"/rjDrnIzQGR7A3fik2RlLesVo4NY.jpg","genre_ids":[35,10749],"id":6957,"original_language":"en","original_title":"The 40 Year Old Virgin","overview":"Andy Stitzer has a pleasant life with a nice apartment and a job stamping invoices at an electronics store. But at age 40, there's one thing Andy hasn't done, and it's really bothering his sex-obsessed male co-workers: Andy is still a virgin. Determined to help Andy get laid, the guys make it their mission to de-virginize him. But it all seems hopeless until Andy meets small business owner Trish, a single mom.","release_date":"2005-08-11","poster_path":"/wAKUo12pRBGyFJQV27LFJoTvMU5.jpg","popularity":2.344182,"title":"The 40 Year Old Virgin","video":false,"vote_average":6.1,"vote_count":562},{"adult":false,"backdrop_path":"/aZBIoiZyqzohhGeYkroi08fBOMw.jpg","genre_ids":[28,35],"id":44147,"original_language":"en","original_title":"Wild Target","overview":"A hitman tries to retire but a beautiful thief may change his plans.","release_date":"2010-04-08","poster_path":"/x1O8MOIY41fpKbCUt1I4sKeLwwr.jpg","popularity":2.060338,"title":"Wild Target","video":false,"vote_average":6.1,"vote_count":56},{"adult":false,"backdrop_path":"/2mbQF4SfdbpqF8LmIxDfJ9RDqQQ.jpg","genre_ids":[28,80,53],"id":8909,"original_language":"en","original_title":"Wanted","overview":"Doormat Wesley Gibson discovers that his recently murdered father -- who Wesley never knew -- belonged to a secret guild of assassins. After a leather-clad sexpot drafts Wesley into the society, he hones his innate killing skills and turns avenger.","release_date":"2008-06-26","poster_path":"/mUrkppyahzk6koYFekxeu0tmcPd.jpg","popularity":1.70176,"title":"Wanted","video":false,"vote_average":6.1,"vote_count":834},{"adult":false,"backdrop_path":"/fj6nbVd7FVENNLtusyd1U8bcUFu.jpg","genre_ids":[28,12,35,878],"id":9739,"original_language":"en","original_title":"Demolition Man","overview":"Simon Phoenix, a violent criminal cryogenically frozen in 1996, has escaped during a parole hearing in 2032 in the utopia of San Angeles. Police are incapable of dealing with his violent ways and turn to his captor, John Spartan, who had also been cryogenically frozen when wrongfully accused of killing 30 innocent people while apprehending Phoenix.","release_date":"1993-10-06","poster_path":"/k0PN3Ho12cGGIVJW7SCS7apLYaP.jpg","popularity":2.433107,"title":"Demolition Man","video":false,"vote_average":6.1,"vote_count":374},{"adult":false,"backdrop_path":"/oNeqMgCr8FgH3CqioA420utgdT5.jpg","genre_ids":[35,18],"id":41733,"original_language":"en","original_title":"Due Date","overview":"Peter Highman must scramble across the US in five days to be present for the birth of his first child. He gets off to a bad start when his wallet and luggage are stolen, and put on the \"no-fly\" list. Peter embarks on a terrifying journey when he accepts a ride from actor Ethan Tremblay.","release_date":"2010-11-04","poster_path":"/88m6HPueDnDnuCGwDa2BtA9sK8m.jpg","popularity":2.739794,"title":"Due Date","video":false,"vote_average":6.1,"vote_count":575},{"adult":false,"backdrop_path":"/lDGr5MEZjUP1s6rNLQIJAvZzBeN.jpg","genre_ids":[80,9648,53],"id":13483,"original_language":"en","original_title":"Awake","overview":"In \"Awake,\" a psychological thriller that tells the story of a man undergoing heart surgery while experiencing a phenomenon called \"anesthetic awareness,\" which leaves him awake but paralyzed throughout the operation. As various obstacles present themselves, his wife must make life-altering decisions while wrestling with her own personal drama.","release_date":"2007-11-28","poster_path":"/36PzzP5VBLkOvMJvyed4YQaVZXr.jpg","popularity":0.830703,"title":"Awake","video":false,"vote_average":6.1,"vote_count":119},{"adult":false,"backdrop_path":"/rRhoMIqgdX9wEtRUOLsqXKkH9I0.jpg","genre_ids":[878,12,9648],"id":70981,"original_language":"en","original_title":"Prometheus","overview":"A team of explorers discover a clue to the origins of mankind on Earth, leading them on a journey to the darkest corners of the universe. There, they must fight a terrifying battle to save the future of the human race.","release_date":"2012-06-08","poster_path":"/ng8ALjSDhUmwLl7vtjUWIZNQSlt.jpg","popularity":4.03114,"title":"Prometheus","video":false,"vote_average":6.1,"vote_count":2669},{"adult":false,"backdrop_path":"/8RkLHFm2PK4PO5W0WZA5LMXLZBz.jpg","genre_ids":[28,80,53],"id":584,"original_language":"en","original_title":"2 Fast 2 Furious","overview":"It's a major double-cross when former police officer Brian O'Conner teams up with his ex-con buddy Roman Pearce to transport a shipment of \"dirty\" money for shady Miami-based import-export dealer Carter Verone. But the guys are actually working with undercover agent Monica Fuentes to bring Verone down.","release_date":"2003-06-02","poster_path":"/hZVcmztCVo510FhBXyLqStiTAce.jpg","popularity":1.363147,"title":"2 Fast 2 Furious","video":false,"vote_average":6.1,"vote_count":829},{"adult":false,"backdrop_path":"/uIlIfc50twLli49Yme9zVy2VG5h.jpg","genre_ids":[35,18],"id":86555,"original_language":"en","original_title":"Take This Waltz","overview":"Michelle Williams plays twenty-eight-year-old Margot, happily married to Lou (Seth Rogen), a good-natured cookbook author. But when Margot meets Daniel (Luke Kirby), a handsome artist who lives across the street, their mutual attraction is undeniable. Warmly human, funny and bittersweet, TAKE THIS WALTZ deftly avoids romantic clichés and paints an unusually true and unsentimental portrait of adult relationships.","release_date":"2012-05-25","poster_path":"/dLHwIyDGcuKeMo4Msftl1fxxccm.jpg","popularity":0.347241,"title":"Take This Waltz","video":false,"vote_average":6.1,"vote_count":53},{"adult":false,"backdrop_path":"/l09jhXXMk1pW3xG1irKEk7V8475.jpg","genre_ids":[35],"id":11566,"original_language":"en","original_title":"Dave","overview":"Bill Mitchell is the philandering and distant President of the United States. Dave Kovic is a sweet-natured and caring Temp Agency operator, who by a staggering coincidence looks exactly like the President. As such, when Mitchell wants to escape an official luncheon, the Secret Service hires Dave to stand in for him. Unfortunately, Mitchell suffers a severe stroke whilst having sex with one of his aides, and Dave finds himself stuck in the role indefinitely. The corrupt and manipulative Chief of Staff, Bob Alexander, plans to use Dave to elevate himself to the White House - but unfortunately, he doesn't count on Dave enjoying himself in office, using his luck to make the country a better place, and falling in love with the beautiful First Lady...","release_date":"1993-05-07","poster_path":"/d8RP3iz7QVlkPAuEX4y6jMd2rC2.jpg","popularity":1.729603,"title":"Dave","video":false,"vote_average":6.1,"vote_count":53},{"adult":false,"backdrop_path":"/vxsmU9IgSSd59C3ARg0KIhJzYwy.jpg","genre_ids":[80,18,28,53],"id":82682,"original_language":"en","original_title":"Gangster Squad","overview":"Los Angeles, 1949. Ruthless, Brooklyn-born mob king Mickey Cohen (Sean Penn) runs the show in this town, reaping the ill-gotten gains from the drugs, the guns, the prostitutes and — if he has his way — every wire bet placed west of Chicago. And he does it all with the protection of not only his own paid goons, but also the police and the politicians who are under his control. It’s enough to intimidate even the bravest, street-hardened cop… except, perhaps, for the small, secret crew of LAPD outsiders led by Sgt. John O’Mara (Josh Brolin) and Jerry Wooters (Ryan Gosling), who come together to try to tear Cohen’s world apart.","release_date":"2013-01-11","poster_path":"/8keIzofLkbcOsyP4OEPftkyzJIM.jpg","popularity":3.513506,"title":"Gangster Squad","video":false,"vote_average":6.1,"vote_count":1066},{"adult":false,"backdrop_path":"/mHZ9i2NWnVlds80l1xrUgzTIqWf.jpg","genre_ids":[35,14,10749],"id":2619,"original_language":"en","original_title":"Splash","overview":"A successful businessman falls in love with the girl of his dreams. There's one big complication though; he's fallen hook, line and sinker for a mermaid.","release_date":"1984-03-08","poster_path":"/nP4O0DUMvqlxvptcjOHdyzK0T2Y.jpg","popularity":1.671977,"title":"Splash","video":false,"vote_average":6.1,"vote_count":64},{"adult":false,"backdrop_path":"/xBOHpSyGsz10A9nVJ6XW0L8Y3GV.jpg","genre_ids":[28,53,80],"id":15357,"original_language":"en","original_title":"Banlieue 13 - Ultimatum","overview":"Damien and Leito return to District 13 on a mission to bring peace to the troubled sector that is controlled by five different gang bosses, before the city's secret services take drastic measures to solve the problem.","release_date":"2009-02-18","poster_path":"/9dONlMfokUH5dfsjZJgpDl1KB12.jpg","popularity":2.393488,"title":"District 13: Ultimatum","video":false,"vote_average":6.1,"vote_count":119},{"adult":false,"backdrop_path":"/cy5sGMWhOOz2ksfDgELhaPDnqgm.jpg","genre_ids":[28,18,53],"id":1957,"original_language":"en","original_title":"Enough","overview":"On the run from an abusive husband, a young mother begins to train herself to fight back.","release_date":"2002-05-24","poster_path":"/la9F1MVu1nU4v61trp80dVcr5Ij.jpg","popularity":2.145868,"title":"Enough","video":false,"vote_average":6.1,"vote_count":80},{"adult":false,"backdrop_path":"/ezXodpP429qK0Av89pVNlaXWJkQ.jpg","genre_ids":[80,18,53],"id":75780,"original_language":"en","original_title":"Jack Reacher","overview":"In an innocent heartland city, five are shot dead by an expert sniper. The police quickly identify and arrest the culprit, and build a slam-dunk case. But the accused man claims he's innocent and says \"Get Jack Reacher.\" Reacher himself sees the news report and turns up in the city. The defense is immensely relieved, but Reacher has come to bury the guy. Shocked at the accused's request, Reacher sets out to confirm for himself the absolute certainty of the man's guilt, but comes up with more than he bargained for.","release_date":"2012-12-21","poster_path":"/38bmEXmuJuInLs9dwfgOGCHmZ7l.jpg","popularity":3.701135,"title":"Jack Reacher","video":false,"vote_average":6.1,"vote_count":1666},{"adult":false,"backdrop_path":"/a3ewdEJLvl31ZFfG4ClZh4P5l0T.jpg","genre_ids":[18,10749],"id":4148,"original_language":"en","original_title":"Revolutionary Road","overview":"A young couple living in a Connecticut suburb during the mid-1950s struggle to come to terms with their personal problems while trying to raise their two children. Based on a novel by Richard Yates.","release_date":"2008-12-19","poster_path":"/jTQdA1ciNvPbxCmnWabDmpAgxe3.jpg","popularity":0.832649,"title":"Revolutionary Road","video":false,"vote_average":6.1,"vote_count":177},{"adult":false,"backdrop_path":"/rNLu39wGShIXz0W28tJqGc44VOz.jpg","genre_ids":[18,10749],"id":1365,"original_language":"en","original_title":"Monster's Ball","overview":"Set in the Southern United States, 'Monster's Ball' is a tale of a racist white man, Hank, who falls in love with a black woman named Leticia. Ironically Hank is a prison guard working on Death Row who executed Leticia's husband. Hank and Leticia's interracial affair leads to confusion and new ideas for the two unlikely lovers.","release_date":"2001-11-11","poster_path":"/8tQ2ZtUJ4bxxUF1slc6DKBXOtTN.jpg","popularity":1.959236,"title":"Monster's Ball","video":false,"vote_average":6.1,"vote_count":61},{"adult":false,"backdrop_path":"/aRL0VSl58stheyPRVDRtgbq1TEx.jpg","genre_ids":[12,18],"id":49494,"original_language":"en","original_title":"The Eagle","overview":"In 140 AD, twenty years after the unexplained disappearance of the entire Ninth Legion in the mountains of Scotland, young centurion Marcus Aquila (Tatum) arrives from Rome to solve the mystery and restore the reputation of his father, the commander of the Ninth. Accompanied only by his British slave Esca (Bell), Marcus sets out across Hadrian's Wall into the uncharted highlands of Caledonia - to confront its savage tribes, make peace with his father's memory, and retrieve the lost legion's golden emblem, the Eagle of the Ninth.","release_date":"2011-02-08","poster_path":"/1e3SKFIEy8zPYICzQXBqeKM6xx8.jpg","popularity":2.166439,"title":"The Eagle","video":false,"vote_average":6.1,"vote_count":153}],"total_pages":180,"total_results":3596}
