{"page":163,"results":[{"adult":false,"backdrop_path":"/kGojOHeReLbR6m5PgTtYIqM26ph.jpg","genre_ids":[18,53,14,9648],"id":9697,"original_language":"en","original_title":"Lady in the Water","overview":"Apartment building superintendent Cleveland Heep rescues what he thinks is a young woman from the pool he maintains. When he discovers that she is actually a character from a bedtime story who is trying to make the journey back to her home, he works with his tenants to protect his new friend from the creatures that are determined to keep her in our world.","release_date":"2006-07-21","poster_path":"/hzyMUZBN1UgSKGGkQdrRdQPNnfE.jpg","popularity":2.149364,"title":"Lady in the Water","video":false,"vote_average":5.4,"vote_count":104},{"adult":false,"backdrop_path":"/9498vD4khnvpiKIWgr0KyxtThxS.jpg","genre_ids":[35,10749],"id":150117,"original_language":"en","original_title":"I Give It A Year","overview":"A look at the trials and tribulations of a pair of newlyweds during their first year of marriage.","release_date":"2013-02-08","poster_path":"/o5cKKnjBQJuJ4vWw4pnHuKqkHYR.jpg","popularity":1.860442,"title":"I Give It A Year","video":false,"vote_average":5.4,"vote_count":143},{"adult":false,"backdrop_path":"/w37BURBF9CIuW1fJpHh15pJRXLI.jpg","genre_ids":[27,9648,53],"id":41505,"original_language":"en","original_title":"Shelter","overview":"A female forensic psychiatrist discovers that all of one of her patient's multiple personalities are murder victims. She will have to find out what's happening before her time is finished.","release_date":"2010-04-08","poster_path":"/xHVnoe2qq86091vD17kqP0laI6h.jpg","popularity":2.982757,"title":"Shelter","video":false,"vote_average":5.4,"vote_count":61},{"adult":false,"backdrop_path":"/12HlG6i0j44J7KTSbPmnAKmRvTw.jpg","genre_ids":[28,12,16,35,14,878,10751],"id":12589,"original_language":"en","original_title":"Jimmy Neutron: Boy Genius","overview":"Jimmy Neutron is a boy genius and way ahead of his friends, but when it comes to being cool, he's a little behind. All until one day when his parents, and parents all over Earth are kidnapped by aliens, it's up to him to lead all the children of the world to rescue their parents.","release_date":"2001-12-21","poster_path":"/uzX8yzFfYRJdW0G35Mfzi6IQWZM.jpg","popularity":0.660926,"title":"Jimmy Neutron: Boy Genius","video":false,"vote_average":5.4,"vote_count":61},{"adult":false,"backdrop_path":"/Ai7WaZDlqyrOZZ6FT5NrsTCaUi4.jpg","genre_ids":[35],"id":8274,"original_language":"en","original_title":"American Pie Presents: Band Camp","overview":"The original American Pie characters have moved on, except for Sherman and Jim Levenstein's still understanding dad. Steve Stifler's little brother Matt wants to join his brother's business (the hit it big Girls Gone Wild) and after everything Matt has heard from Jim's band-geek wife Michelle, he plans to go back to band camp and make a video of his own: Bandies Gone Wild!","release_date":"2005-12-30","poster_path":"/hwWwljYkvWebTb9xPvzJdhLtS8R.jpg","popularity":2.345921,"title":"American Pie Presents: Band Camp","video":false,"vote_average":5.4,"vote_count":167},{"adult":false,"backdrop_path":"/aTjMXroOL6f3FObPvwcA5hpWtXm.jpg","genre_ids":[14,28,35,80],"id":49524,"original_language":"en","original_title":"R.I.P.D.","overview":"A recently slain cop joins a team of undead police officers working for the Rest in Peace Department and tries to find the man who murdered him. Based on the comic by Peter M. Lenkov.","release_date":"2013-07-19","poster_path":"/ldBBulVDkifYnT501PWXIvtCgmO.jpg","popularity":2.968108,"title":"R.I.P.D.","video":false,"vote_average":5.3,"vote_count":599},{"adult":false,"backdrop_path":"/uSPlxOT3MppHyfP74mD8oUjlIQe.jpg","genre_ids":[35,10751,16,12],"id":41515,"original_language":"en","original_title":"Yogi Bear","overview":"Jellystone Park has been losing business, so greedy Mayor Brown decides to shut it down and sell the land. That means families will no longer be able to experience the natural beauty of the outdoors -- and, even worse, Yogi and Boo Boo will be tossed out of the only home they've ever known. Faced with his biggest challenge ever, Yogi must prove that he really is \"smarter than the average bear\" as he and Boo Boo join forces with their old nemesis Ranger Smith to find a way to save Jellystone Park from closing forever.","release_date":"2010-12-17","poster_path":"/5oYL4YS8WHjhodRLn4b8BRZ3YHh.jpg","popularity":1.770007,"title":"Yogi Bear","video":false,"vote_average":5.3,"vote_count":83},{"adult":false,"backdrop_path":"/fMCLnUOd5s4EsYlf6HyHfVL09Bk.jpg","genre_ids":[28,12,35,14,878],"id":9824,"original_language":"en","original_title":"Mystery Men","overview":"When Captain Amazing (Kinnear) is kidnapped by Casanova Frankenstein (Rush) a group of superheroes combine together to create a plan. But these aren't normal superheroes. Now, the group who include such heroes as Mr. Furious (Stiller), The Shoveller (Macy) and The Blue Raja (Azaria) must put all the powers together to save everyone they know and love.","release_date":"1999-08-06","poster_path":"/7Ixs6ulRmw0LcOycvk8z7TidVeM.jpg","popularity":0.485387,"title":"Mystery Men","video":false,"vote_average":5.3,"vote_count":63},{"adult":false,"backdrop_path":"/dtmmUCOjCtrjzRCtXHXwaBSySjN.jpg","genre_ids":[28,12,14],"id":23047,"original_language":"en","original_title":"Season of the Witch","overview":"A 14th century Crusader (Cage) returns with his comrade (Perlman) to a homeland devastated by the Black Plague. The Church commands the two knights to transport a witch (Foy) to a remote abbey, where monks will perform a ritual in hopes of ending the pestilence.","release_date":"2011-01-07","poster_path":"/71XUlmCSJomhBZoXDBBIMxzoLFx.jpg","popularity":1.177497,"title":"Season of the Witch","video":false,"vote_average":5.3,"vote_count":270},{"adult":false,"backdrop_path":"/z7XcryUUHL94wwcBkhUno1YUFZu.jpg","genre_ids":[16,35,10751,12],"id":227783,"original_language":"en","original_title":"The Nut Job","overview":"Surly, a curmudgeon, independent squirrel is banished from his park and forced to survive in the city. Lucky for him, he stumbles on the one thing that may be able to save his life, and the rest of park community, as they gear up for winter - Maury's Nut Store.","release_date":"2014-01-17","poster_path":"/rXdSfDu08cs0fU9S6l3AK1bJqy8.jpg","popularity":2.590266,"title":"The Nut Job","video":false,"vote_average":5.3,"vote_count":135},{"adult":false,"backdrop_path":"/6TSzmESfh0LVOBnDcktcRMI6Wnk.jpg","genre_ids":[28,12,53],"id":9619,"original_language":"en","original_title":"Dante's Peak","overview":"Volcanologist Harry Dalton comes to the sleepy town of Dante's Peak to investigate the recent rumblings of the dormant volcano the burg is named for. Before long, his worst fears are realized when a massive eruption hits, and immediately, Harry, the mayor and the townspeople find themselves fighting for their lives amid a catastrophic nightmare.","release_date":"1997-02-06","poster_path":"/6wBlgo0xqja56OMfQoxsdLmcR76.jpg","popularity":0.790783,"title":"Dante's Peak","video":false,"vote_average":5.3,"vote_count":115},{"adult":false,"backdrop_path":"/wEjX9ZSTJ2VYjDOkbFccZKJPqYK.jpg","genre_ids":[28,12,18,36],"id":4515,"original_language":"en","original_title":"Lions for Lambs","overview":"Three stories told simultaneous in ninety minutes of real time: a Republican Senator who's a presidential hopeful gives an hour-long interview to a skeptical television reporter, detailing a strategy for victory in Afghanistan; two special forces ambushed on an Afghani ridge await rescue as Taliban forces close in; a poli-sci professor at a California college invites a student to re-engage.","release_date":"2007-10-22","poster_path":"/iLuo4swOCHF2a8BlaxXZGdqETUs.jpg","popularity":1.660254,"title":"Lions for Lambs","video":false,"vote_average":5.3,"vote_count":62},{"adult":false,"backdrop_path":"/maHpW0MSN432eTejku5APVaQvtg.jpg","genre_ids":[10749,35,27],"id":244566,"original_language":"en","original_title":"Life After Beth","overview":"Zach is devastated by the unexpected death of his girlfriend, Beth. When she mysteriously returns, he gets a second chance at love. Soon his whole world turns upside down...","release_date":"2014-08-15","poster_path":"/8SBHU1oLnj6gurSR9o5EQGCPrCK.jpg","popularity":1.70556,"title":"Life After Beth","video":false,"vote_average":5.3,"vote_count":65},{"adult":false,"backdrop_path":"/mSZADd1N0wWkkNJmwcpYAq93bke.jpg","genre_ids":[878],"id":9482,"original_language":"en","original_title":"Judge Dredd","overview":"In a dystopian future, Dredd, the most famous judge (a cop with instant field judiciary powers) is convicted for a crime he did not commit while his murderous counterpart escapes.","release_date":"1995-06-30","poster_path":"/r17S4XlQ3Jq5U1KRovFUwU8P4aG.jpg","popularity":2.356943,"title":"Judge Dredd","video":false,"vote_average":5.3,"vote_count":195},{"adult":false,"backdrop_path":"/kGalplb3ORM7aGXkW9UaZrp5AYN.jpg","genre_ids":[27,9648],"id":19912,"original_language":"en","original_title":"The Final Destination","overview":"After a young man's premonition of a deadly race-car crash helps saves the lives of his peers, Death sets out to collect those who evaded their end.","release_date":"2009-08-26","poster_path":"/qQ6IvrEDe5OutlYs1xRQby9gcZE.jpg","popularity":5.221363,"title":"The Final Destination","video":false,"vote_average":5.3,"vote_count":272},{"adult":false,"backdrop_path":"/q2TpvfYQcsytg8nO1Yf0DHKwSqJ.jpg","genre_ids":[28,12,35,80],"id":9471,"original_language":"en","original_title":"Charlie's Angels: Full Throttle","overview":"The Angels are charged with finding a pair of missing rings that are encoded with the personal information of members of the Witness Protection Program. As informants are killed, the ladies target a rogue agent who might be responsible.","release_date":"2003-06-27","poster_path":"/rfJrpT6oj4lLzi4Rqt0qzTfUdtr.jpg","popularity":2.056118,"title":"Charlie's Angels: Full Throttle","video":false,"vote_average":5.3,"vote_count":323},{"adult":false,"backdrop_path":"/fltrFAIcNp8Ut41DpAHQRVdmn7I.jpg","genre_ids":[35,10751,16,14,10402],"id":23398,"original_language":"en","original_title":"Alvin and the Chipmunks: The Squeakquel","overview":"Pop sensations Alvin, Simon and Theodore end up in the care of Dave Seville's twenty-something nephew Toby. The boys must put aside music super stardom to return to school, and are tasked with saving the school's music program by winning the $25,000 prize in a battle of the bands. But the Chipmunks unexpectedly meet their match in three singing chipmunks known as The Chipettes - Brittany, Eleanor and Jeanette. Romantic and musical sparks are ignited when the Chipmunks and Chipettes square off.","release_date":"2009-12-21","poster_path":"/dpY7igIBW0Gw8LVLYgbCvjgc2aR.jpg","popularity":2.738199,"title":"Alvin and the Chipmunks: The Squeakquel","video":false,"vote_average":5.3,"vote_count":197},{"adult":false,"backdrop_path":"/nuJWx6hdjSHhEAPU9wUKx2s6J5H.jpg","genre_ids":[35,10749],"id":49012,"original_language":"en","original_title":"Arthur","overview":"A drunken playboy stands to lose a wealthy inheritance when he falls for a woman, his family doesn't like.","release_date":"2011-04-22","poster_path":"/28HW1Kc4OwQH50M0XmcEuIYrCWk.jpg","popularity":1.697162,"title":"Arthur","video":false,"vote_average":5.3,"vote_count":108},{"adult":false,"backdrop_path":"/yzEJW4dowe1RSpSdchaGi9eoHHU.jpg","genre_ids":[35,18],"id":20829,"original_language":"en","original_title":"Funny People","overview":"Famous and wealthy funnyman George Simmons doesn't give much thought to how he treats people until a doctor delivers stunning health news, forcing George to reevaluate his priorities with a little help from aspiring stand-up comic Ira.","release_date":"2009-07-31","poster_path":"/uWgcmAIfYURUHJGhY4Rq1IXcJIg.jpg","popularity":0.992013,"title":"Funny People","video":false,"vote_average":5.3,"vote_count":104},{"adult":false,"backdrop_path":"/5G5rOi7Qkg5F3u94vpy1lrwr06W.jpg","genre_ids":[27],"id":254191,"original_language":"en","original_title":"Honeymoon","overview":"Young newlyweds Paul (Harry Treadaway) and Bea (Rose Leslie) travel to a remote lake house for their honeymoon, where the promise of private romance awaits them. Paul is woken in the middle of the night by a shaft of light entering the cabin, which sets off his bedside alarm. Returning to bed, he finds it empty and, after an anxious period of search, discovers a naked Bea cold and disoriented in the woods. As she becomes more distant and her behaviour increasingly peculiar, Paul begins to suspect something more sinister than sleepwalking took place in the woods.","release_date":"2014-09-12","poster_path":"/74gFZ3M3GdudJusogYZoFmJNcz.jpg","popularity":1.798032,"title":"Honeymoon","video":false,"vote_average":5.3,"vote_count":72}],"total_pages":180,"total_results":3596}
