{"page":20,"results":[{"adult":false,"backdrop_path":"/43HsIo5PPMIs42tmtNmqiuJVSNR.jpg","genre_ids":[53],"id":1700,"original_language":"en","original_title":"Misery","overview":"Novelist Paul Sheldon crashes his car on a snowy Colorado road. He is found by Annie Wilkes, the \"number one fan\" of Paul's heroine Misery Chastaine. Annie is also somewhat unstable, and Paul finds himself crippled, drugged and at her mercy.","release_date":"1990-11-29","poster_path":"/ff99EPAbI9qSEsCcSsK3UfqnYdy.jpg","popularity":1.69291,"title":"Misery","video":false,"vote_average":7.3,"vote_count":156},{"adult":false,"backdrop_path":"/AplR1QRswlXiM65GoifX8sDadME.jpg","genre_ids":[9648,53],"id":213,"original_language":"en","original_title":"North by Northwest","overview":"Madison Avenue advertising man Roger Thornhill finds himself thrust into the world of spies when he is mistaken for a man by the name of George Kaplan. Foreign spy Philip Vandamm and his henchman Leonard try to eliminate him but when Thornhill tries to make sense of the case, he is framed for murder. Now on the run from the police, he manages to board the 20th Century Limited bound for Chicago where he meets a beautiful blond, Eve Kendall, who helps him to evade the authorities. His world is turned upside down yet again when he learns that Eve isn't the innocent bystander he thought she was. Not all is as it seems however, leading to a dramatic rescue and escape at the top of Mt. Rushmore.","release_date":"1959-07-17","poster_path":"/bltScM1v9OqQQfTaZOtHEGeUYVx.jpg","popularity":1.308875,"title":"North by Northwest","video":false,"vote_average":7.3,"vote_count":360},{"adult":false,"backdrop_path":"/lcRGF2RpurdvBiSQVocfzRrxV9u.jpg","genre_ids":[18,28,36],"id":14756,"original_language":"cn","original_title":"葉問","overview":"A semi-biographical account of Yip Man, the first martial arts master to teach the Chinese martial art of Wing Chun. The film focuses on events surrounding Ip that took place in the city of Foshan between the 1930s to 1940s during the Second Sino-Japanese War. Directed by Wilson Yip, the film stars Donnie Yen in the lead role, and features fight choreography by Sammo Hung.","release_date":"2008-12-12","poster_path":"/8knFfuqW289DJi2cpPl4RVTDkbo.jpg","popularity":2.002076,"title":"Ip Man","video":false,"vote_average":7.3,"vote_count":623},{"adult":false,"backdrop_path":"/o4OSztAvDYNDXkn9PJGbaQAO8VG.jpg","genre_ids":[18],"id":70,"original_language":"en","original_title":"Million Dollar Baby","overview":"Despondent over a painful estrangement from his daughter, trainer Frankie Dunn isn't prepared for boxer Maggie Fitzgerald to enter his life. But Maggie's determined to go pro and to convince Dunn and his cohort to help her.","release_date":"2004-12-14","poster_path":"/h4VZKi2Jt4VoBYJmtC4c3bO8KqM.jpg","popularity":2.613528,"title":"Million Dollar Baby","video":false,"vote_average":7.3,"vote_count":630},{"adult":false,"backdrop_path":"/tB9NxQGbGQCobY5d1ogDgQAsSXI.jpg","genre_ids":[35,18],"id":2640,"original_language":"en","original_title":"Heathers","overview":"A girl who half-heartedly tries to be part of the \"in crowd\" of her school meets a rebel who teaches her a more devious way to play social politics; killing the popular kids.","release_date":"1988-10-01","poster_path":"/vjzfbkc460BHJYcjR2aAPriCRWC.jpg","popularity":0.394707,"title":"Heathers","video":false,"vote_average":7.3,"vote_count":78},{"adult":false,"backdrop_path":"/xdTkAfB4mNcinEMkoUKkaedY6uN.jpg","genre_ids":[18,36],"id":273895,"original_language":"en","original_title":"Selma","overview":"\"Selma,\" as in Alabama, the place where segregation in the South was at its worst, leading to a march that ended in violence, forcing a famous statement by President Lyndon B. Johnson that ultimately led to the signing of the Civil Rights Act.","release_date":"2014-12-25","poster_path":"/xj1H3dpEHhouyJNB1lfpkKf9fXX.jpg","popularity":2.154878,"title":"Selma","video":false,"vote_average":7.3,"vote_count":279},{"adult":false,"backdrop_path":"/1gtENiNa9XA9XtabR4iJpcBpcWt.jpg","genre_ids":[28,12,878],"id":327029,"original_language":"en","original_title":"Power/Rangers","overview":"Deboot of the Power Rangers. Joseph Kahn's take on the FAN FILM. Not a pilot, not a series, not for profit, strictly for exhibition. This is a bootleg experiment not affiliated or endorsed by Saban Entertainment or Lionsgate nor is it selling any product. He claims no rights to any of the characters. This is the NSFW version.","release_date":"2015-02-24","poster_path":"/7YEWtMTWUcLSybO25imetyJX418.jpg","popularity":2.134331,"title":"Power/Rangers","video":false,"vote_average":7.3,"vote_count":59},{"adult":false,"backdrop_path":"/424MxHQe5Hfu92hTeRvZb5Giv0X.jpg","genre_ids":[878,28,12,53],"id":16320,"original_language":"en","original_title":"Serenity","overview":"When the renegade crew of Serenity agrees to hide a fugitive on their ship, they find themselves in an action-packed battle between the relentless military might of a totalitarian regime who will destroy anything - or anyone - to get the girl back and the bloodthirsty creatures who roam the uncharted areas of space. But, the greatest danger of all may be on their ship.","release_date":"2005-09-30","poster_path":"/1Hq659V31ER9pQQvVBUUJbwR7NT.jpg","popularity":2.844044,"title":"Serenity","video":false,"vote_average":7.3,"vote_count":477},{"adult":false,"backdrop_path":"/kkS8PKa8c134vXsj2fQkNqOaCXU.jpg","genre_ids":[28,80],"id":24,"original_language":"en","original_title":"Kill Bill: Vol. 1","overview":"An assassin is shot at the altar by her ruthless employer, Bill, and other members of their assassination circle. But \"The Bride\" lives to plot her vengeance. Setting out for some payback, she makes a death list and hunts down those who wronged her, saving Bill for last.","release_date":"2003-10-10","poster_path":"/97fNAi62HawGjWru7PvVmF7RAbU.jpg","popularity":2.623328,"title":"Kill Bill: Vol. 1","video":false,"vote_average":7.3,"vote_count":1551},{"adult":false,"backdrop_path":"/pVlZBKp8v3Jzd0ahPmrBGlbeQ2s.jpg","genre_ids":[35,878],"id":68,"original_language":"en","original_title":"Brazil","overview":"Brazil is a Terry Gilliam dystopic black comedy film that reflects the melancholy, dreamlike quality of a famous Brazilian song that’s been translated into English. The film parodies the mostly dysfunctional bureaucratic world we live in and takes us to a post-apocalyptic world in the future yet with our present day attitudes in mind.","release_date":"1985-02-20","poster_path":"/55Vfc1beLn3pJF4Lw83TRKHenK6.jpg","popularity":1.454112,"title":"Brazil","video":false,"vote_average":7.3,"vote_count":222},{"adult":false,"backdrop_path":"/3qgqAUA1JQT3o3CUxUhKQ3qZXBY.jpg","genre_ids":[27,35],"id":763,"original_language":"en","original_title":"Braindead","overview":"When a Sumatran rat-monkey bites Lionel Cosgrove's mother, she's transformed into a zombie and begins killing (and transforming) the entire town while Lionel races to keep things under control.","release_date":"1992-08-13","poster_path":"/zzgn2fBeKmIMDEuX7FqS2l1WGfu.jpg","popularity":1.78782,"title":"Braindead","video":false,"vote_average":7.3,"vote_count":94},{"adult":false,"backdrop_path":"/3ByTi4fvNBCNZzCMXGiz7RmWimV.jpg","genre_ids":[53,28,80],"id":197950,"original_language":"fr","original_title":"La French","overview":"Newly transferred to the bustling port city of Marseille to assist with a crackdown on organized crime, energetic young magistrate Pierre Michel is given a rapid-fire tutorial on the ins and outs of an out-of-control drug trade. Pierre's wildly ambitious mission is to take on the French Connection, a highly organized operation that controls the city's underground heroin economy and is overseen by the notorious —and reputedly untouchable— Gaetan Zampa. Fearless, determined and willing to go the distance, Pierre plunges into an underworld world of insane danger and ruthless criminals.","release_date":"2014-12-03","poster_path":"/iHuuGacrQaBtjj6L1XasojPQaom.jpg","popularity":1.710086,"title":"The Connection","video":false,"vote_average":7.3,"vote_count":72},{"adult":false,"backdrop_path":"/3Eux3wcYYb79D2sr8aA6BEH9kVl.jpg","genre_ids":[18,53,9648],"id":2649,"original_language":"en","original_title":"The Game","overview":"In honor of his birthday, San Francisco banker Nicholas Van Orton, a financial genius and a coldhearted loner, receives an unusual present from his younger brother, Conrad -- a gift certificate to play a unique kind of game. In nary a nanosecond, Nicholas finds himself consumed by a dangerous set of ever-changing rules, unable to distinguish where the charade ends and reality begins.","release_date":"1997-09-12","poster_path":"/reLfX4fIasqLXCdgZ7vnnYWYhe3.jpg","popularity":3.002221,"title":"The Game","video":false,"vote_average":7.3,"vote_count":523},{"adult":false,"backdrop_path":"/nMulOcoR6HAahofkcuo4mtA0o9j.jpg","genre_ids":[14,12,16,10751],"id":10191,"original_language":"en","original_title":"How to Train Your Dragon","overview":"As the son of a Viking leader on the cusp of manhood, shy Hiccup Horrendous Haddock III faces a rite of passage: he must kill a dragon to prove his warrior mettle. But after downing a feared dragon, he realizes that he no longer wants to destroy it, and instead befriends the beast – which he names Toothless – much to the chagrin of his warrior father","release_date":"2010-03-05","poster_path":"/zMAm3WYmvD40FaWFsOmpicQFabz.jpg","popularity":3.870519,"title":"How to Train Your Dragon","video":false,"vote_average":7.3,"vote_count":2193},{"adult":false,"backdrop_path":"/zY5LAPLgNpqDAz5MB0w4tWKSfLn.jpg","genre_ids":[28,12,10752],"id":1654,"original_language":"en","original_title":"The Dirty Dozen","overview":"Classic World War II action drama about a group of 12 American military prisoners, who are ordered to infiltrate a well-guarded enemy château and kill the Nazi officers vacationing there. The soldiers, most of whom are facing death sentences for a variety of violent crimes, agree to the mission and the possible commuting of their sentences.","release_date":"1967-06-15","poster_path":"/7Uvfdm9pHYEMCDBGzwWzIX2MMKN.jpg","popularity":1.780609,"title":"The Dirty Dozen","video":false,"vote_average":7.3,"vote_count":99},{"adult":false,"backdrop_path":"/zVmWnAIlplmlTiZY9Bmo9kbX2mn.jpg","genre_ids":[18],"id":74308,"original_language":"en","original_title":"Detachment","overview":"Detachment is a chronicle of three weeks in the lives of several high school teachers, administrators and students through the eyes of a substitute teacher named Henry Barthes. Henry roams from school to school, imparting modes of knowledge, but never staying long enough to form any semblance of sentient attachment. A perfect profession for one seeking to hide out in the open. One day Henry arrives at his next assignment. Upon his entry into this particular school, a secret world of emotion is awakened within him by three women. A girl named Meredith in his first period. A fellow teacher Ms. Madison, and a street hooker named Erica, whom Henry has personally granted brief shelter from the streets. Each one of these women, like Henry, are in a life and death struggle to find beauty in a seemingly vicious and loveless world.","release_date":"2011-04-25","poster_path":"/krmtqPYue29Dz6523jMqNu6TukC.jpg","popularity":1.984789,"title":"Detachment","video":false,"vote_average":7.3,"vote_count":94},{"adult":false,"backdrop_path":"/d9AqtruwS8nljKjL5aYzM42hQJr.jpg","genre_ids":[28,53,878],"id":280,"original_language":"en","original_title":"Terminator 2: Judgment Day","overview":"Nearly 10 years have passed since Sarah Connor was targeted for termination by a cyborg from the future. Now her son, John, the future leader of the resistance, is the target for a newer, more deadly terminator. Once again, the resistance has managed to send a protector back to attempt to save John and his mother Sarah.","release_date":"1991-07-01","poster_path":"/2y4dmgWYRMYXdD1UyJVcn2HSd1D.jpg","popularity":5.858121,"title":"Terminator 2: Judgment Day","video":false,"vote_average":7.3,"vote_count":1955},{"adult":false,"backdrop_path":"/9JvO9d5VgQ9Cy0bbAdBAyKK7pWd.jpg","genre_ids":[18],"id":1587,"original_language":"en","original_title":"What's Eating Gilbert Grape","overview":"Gilbert has to care for his brother Arnie and his obese mother, which gets in the way when love walks into his life.","release_date":"1993-12-17","poster_path":"/xTRRw69N4vsccTY0TDB9FqZY5ld.jpg","popularity":1.635345,"title":"What's Eating Gilbert Grape","video":false,"vote_average":7.3,"vote_count":185},{"adult":false,"backdrop_path":"/jbTbTZhmZsKVWxk0436ymadWQBd.jpg","genre_ids":[12,18,36],"id":169881,"original_language":"en","original_title":"The Physician","overview":"The story of Rob Cole, a boy who is left a penniless orphan in an 11th-century English mining town when his mother dies of a mysterious illness. Vowing to become a physician and vanquish Death itself, he travels to Isfahan in Persia to study medicine under the great Ibn Sina. Through countless ordeals and challenges, and making many sacrifices along the way, he struggles on unwaveringly. His unflagging quest for knowledge leads to the blossoming of friendship and true love.","release_date":"2013-12-25","poster_path":"/jsOZXPSUr64mJCZ8nGvVpXgl05X.jpg","popularity":1.801942,"title":"The Physician","video":false,"vote_average":7.3,"vote_count":152},{"adult":false,"backdrop_path":"/1XOSh6BFZbQ0xN75m4avqgzClyG.jpg","genre_ids":[878,28,12],"id":13475,"original_language":"en","original_title":"Star Trek","overview":"The fate of the galaxy rests in the hands of bitter rivals. One, James Kirk, is a delinquent, thrill-seeking Iowa farm boy. The other, Spock, a Vulcan, was raised in a logic-based society that rejects all emotion. As fiery instinct clashes with calm reason, their unlikely but powerful partnership is the only thing capable of leading their crew through unimaginable danger, boldly going where no one has gone before. The human adventure has begun again.","release_date":"2009-05-07","poster_path":"/xPihqTMhCh6b8DHYzE61jrIiNMS.jpg","popularity":4.088243,"title":"Star Trek","video":false,"vote_average":7.3,"vote_count":2584}],"total_pages":180,"total_results":3596}
