{"page":92,"results":[{"adult":false,"backdrop_path":"/AoLVfcYPziZZQbAFQuKoceHreXD.jpg","genre_ids":[12,28,53,878],"id":2789,"original_language":"en","original_title":"The Chronicles of Riddick","overview":"Five years after the events in sci-fi film Pitch Black, escaped convict Riddick finds himself caught in the middle of a galactic war waged by Lord Marshal, the leader of a sect called the Necromongers. Riddick is charged with stopping the Necromonger army, all while rescuing an old friend from a prison planet and evading capture by bounty hunters.","release_date":"2004-06-11","poster_path":"/tGNj5xxw5td0SBih1UmuqkHZ8ga.jpg","popularity":2.26095,"title":"The Chronicles of Riddick","video":false,"vote_average":6.3,"vote_count":871},{"adult":false,"backdrop_path":"/kCFUMALPRnm414RF5jk3vTBDkER.jpg","genre_ids":[12,28,53],"id":16353,"original_language":"en","original_title":"Ong Bak 2","overview":"Moments from death a young man is rescued by a renowned warrior. Realizing unsurpassed physical potential in the young boy he trains him into the most dangerous man alive. As he becomes a young man he goes on a lone mission of vengeance against the vicious slave traders who enslaved him as a youth and the treacherous warlord who killed his father.","release_date":"2008-12-04","poster_path":"/ezNF5WT3eRbEXUwtPa5Z8RVBUxi.jpg","popularity":1.975717,"title":"Ong Bak 2","video":false,"vote_average":6.3,"vote_count":55},{"adult":false,"backdrop_path":"/raXPY1lseo1TEj5hTUPUZS0NegF.jpg","genre_ids":[28,12,18,878,10749],"id":9663,"original_language":"en","original_title":"Starman","overview":"An alien takes the form of a young widow's husband and asks her to drive him from Wisconsin to Arizona. The government tries to stop them.","release_date":"1984-12-14","poster_path":"/w12sE04ycjFvuO2DllPQyGURj3l.jpg","popularity":1.330966,"title":"Starman","video":false,"vote_average":6.3,"vote_count":55},{"adult":false,"backdrop_path":"/6tfW4BjdgwuYSD7gaEMEEPoDcpH.jpg","genre_ids":[27,9648],"id":588,"original_language":"en","original_title":"Silent Hill","overview":"A girl has a bad case of sleep walking and while dreaming talks about a place called Silent Hill. Her parents take her to this place that she only mentions in dreams yet in an attempt to get there they crash their car and loose their daughter. They begin searching for her yet not knowing the dangers that lurk in Silent Hill.","release_date":"2006-04-21","poster_path":"/862ko2hKHE7RZt2GOWYIJjQQAnU.jpg","popularity":2.65251,"title":"Silent Hill","video":false,"vote_average":6.3,"vote_count":312},{"adult":false,"backdrop_path":"/g9V4nHoYaWCcZ43VB1v2aF2X0R.jpg","genre_ids":[53,80,27],"id":43947,"original_language":"en","original_title":"I Spit on Your Grave","overview":"A remake of the 1979 controversial cult classic, I Spit on Your Grave retells the horrific tale of writer Jennifer Hills who takes a retreat from the city to a charming cabin in the woods to start on her next book. But Jennifer's presence in the small town attracts the attention of a few morally deprived locals led by Johnny, the town's service station owner, his two co-workers, Andy and Stanley, who along with their socially and mentally challenged friend Matthew, set out one night to teach this city girl a lesson.","release_date":"2010-06-17","poster_path":"/7hA8FfUAwBJut4MSIhR6eCF8li7.jpg","popularity":2.430204,"title":"I Spit on Your Grave","video":false,"vote_average":6.3,"vote_count":146},{"adult":false,"backdrop_path":"/q4GEKbi4ZO2lhZJg0Zr6kYNKQgm.jpg","genre_ids":[27,53,878],"id":1562,"original_language":"en","original_title":"28 Weeks Later","overview":"In this chilling sequel to 28 Days Later, the inhabitants of the British Isles appear to have lost their battle against the onslaught of disease, as the deadly rage virus has killed every citizen there. Six months later, a group of Americans dare to set foot on the isles, convinced the danger has come and gone. But it soon becomes all too clear that the scourge continues to live, waiting to pounce on its next victims.","release_date":"2007-04-26","poster_path":"/kcJ99AtUykDhpzfQOApsViQa3fj.jpg","popularity":2.579704,"title":"28 Weeks Later","video":false,"vote_average":6.3,"vote_count":440},{"adult":false,"backdrop_path":"/iE2WiPdF7a0s5glgXQBBmZQ6mUd.jpg","genre_ids":[53,10749,14],"id":38050,"original_language":"en","original_title":"The Adjustment Bureau","overview":"A man glimpses the future Fate has planned for him – and chooses to fight for his own destiny. Battling the powerful Adjustment Bureau across, under and through the streets of New York, he risks his destined greatness to be with the only woman he's ever loved.","release_date":"2011-03-04","poster_path":"/g87PqGH9Oo3d3Tbczcfk7ZMAIEk.jpg","popularity":2.859341,"title":"The Adjustment Bureau","video":false,"vote_average":6.3,"vote_count":750},{"adult":false,"backdrop_path":"/sBQo4qneN0329KSMM7PyfnEVe6L.jpg","genre_ids":[35,10749],"id":20943,"original_language":"en","original_title":"The Ugly Truth","overview":"A romantically challenged morning show producer is reluctantly embroiled in a series of outrageous tests by her chauvinistic correspondent to prove his theories on relationships and help her find love. His clever ploys, however, lead to an unexpected result.","release_date":"2009-07-24","poster_path":"/xbIEfRy1qLYyChHc3cqaYLIWdVS.jpg","popularity":2.040754,"title":"The Ugly Truth","video":false,"vote_average":6.3,"vote_count":288},{"adult":false,"backdrop_path":"/qwEKkJMlywLOq624AUtFH6FxlHO.jpg","genre_ids":[35,80],"id":9336,"original_language":"en","original_title":"Police Academy","overview":"New rules enforced by the Lady Mayoress mean that sex, weight, height and intelligence need no longer be a factor for joining the Police Force. This opens the floodgates for all and sundry to enter the Police Academy, much to the chagrin of the instructors. Not everyone is there through choice, though. Social misfit Mahoney has been forced to sign up as the only alternative to a jail sentence and it doesn't take long before he falls foul of the boorish Lieutenant Harris. But before long, Mahoney realises that he is enjoying being a police cadet and decides he wants to stay... while Harris decides he wants Mahoney out!","release_date":"1984-03-22","poster_path":"/J1UDZYfVaLJjoIfw0VDmpBZ2Sm.jpg","popularity":1.651903,"title":"Police Academy","video":false,"vote_average":6.3,"vote_count":134},{"adult":false,"backdrop_path":"/1R2ihQztuRTIqN3pFBR1yrBMd7w.jpg","genre_ids":[28,80,18,53],"id":13804,"original_language":"en","original_title":"Fast & Furious","overview":"When a crime brings them back to L.A., fugitive ex-con Dom Toretto reignites his feud with agent Brian O'Conner. But as they are forced to confront a shared enemy, Dom and Brian must give in to an uncertain new trust if they hope to outmaneuver him. And the two men will find the best way to get revenge: push the limits of what's possible behind the wheel.","release_date":"2009-04-03","poster_path":"/kC8pOjxYpTDYWWmNLo41kkpPYux.jpg","popularity":1.156145,"title":"Fast & Furious","video":false,"vote_average":6.3,"vote_count":1227},{"adult":false,"backdrop_path":"/r9BCMru6cPtuXeIRKGGkf4NNRrU.jpg","genre_ids":[18,35,80],"id":4944,"original_language":"en","original_title":"Burn After Reading","overview":"This is a comedic tale of espionage. An ousted CIA official's memoir accidentally falls into the hands of two unwise gym employees intent on exploiting their find.","release_date":"2008-09-12","poster_path":"/kYXnwKcsMJlEBXwQbde1D20aNGe.jpg","popularity":2.394266,"title":"Burn After Reading","video":false,"vote_average":6.3,"vote_count":425},{"adult":false,"backdrop_path":"/df21ZOrmNzHU63jiLm1NYwSOegE.jpg","genre_ids":[12,14,878],"id":11253,"original_language":"en","original_title":"Hellboy II: The Golden Army","overview":"In this continuation to the adventure of the demon superhero, an evil elf breaks an ancient pact between humans and creatures, as he declares war against humanity. He is on a mission to release The Golden Army, a deadly group of fighting machines that can destroy the human race. As Hell on Earth is ready to erupt, Hellboy and his crew set out to defeat the evil prince.","release_date":"2008-07-11","poster_path":"/fFcZqnWDeQsImDAAIyAimc3SGEl.jpg","popularity":3.571839,"title":"Hellboy II: The Golden Army","video":false,"vote_average":6.3,"vote_count":504},{"adult":false,"backdrop_path":"/5MNAokmkK4NPtYJCPmQ2fgErW9n.jpg","genre_ids":[28,12,35,10749],"id":9326,"original_language":"en","original_title":"Romancing the Stone","overview":"Though she can spin wild tales of passionate romance, novelist Joan Wilder has no life of her own. Then one day adventure comes her way in the form of a mysterious package. It turns out that the parcel is the ransom she'll need to free her abducted sister, so Joan flies to South America to hand it over. But she gets on the wrong bus and winds up hopelessly stranded in the jungle...","release_date":"1984-03-30","poster_path":"/3TqpkTYiltYsxYatdug6WDgdRKL.jpg","popularity":1.802514,"title":"Romancing the Stone","video":false,"vote_average":6.3,"vote_count":152},{"adult":false,"backdrop_path":"/gSNqUnQSgYWxsFQ59xH077dW1Zx.jpg","genre_ids":[53,18],"id":146015,"original_language":"en","original_title":"The Double","overview":"An awkward office drone (Jesse Eisenberg) becomes increasingly unhinged after a charismatic and confident look-alike takes a job at his workplace and seduces the woman (Mia Wasikowska) he desires.","release_date":"2014-04-04","poster_path":"/hN6bP9XWKHI8JhlZpk8ieF1lcyG.jpg","popularity":1.899226,"title":"The Double","video":false,"vote_average":6.3,"vote_count":118},{"adult":false,"backdrop_path":"/4j8WcrHfVtsM58w2mANtxwLWUvU.jpg","genre_ids":[12,35,14,10751],"id":11708,"original_language":"en","original_title":"Chitty Chitty Bang Bang","overview":"An eccentric professor invents wacky machinery, but can't seem to make ends meet. When he invents a revolutionary car, a foreign government becomes interested in it, and resorts to skulduggery to get their hands on it.","release_date":"1968-12-16","poster_path":"/m2z9NV6ZWXdWH6xdpF9yBJveEPa.jpg","popularity":0.816536,"title":"Chitty Chitty Bang Bang","video":false,"vote_average":6.3,"vote_count":56},{"adult":false,"backdrop_path":"/1Y3ThCgBgGy0woQTUgjGxQmEByS.jpg","genre_ids":[35],"id":2294,"original_language":"en","original_title":"Jay and Silent Bob Strike Back","overview":"When Jay and Silent Bob learn that their comic-book alter egos, Bluntman and Chronic, have been sold to Hollywood as part of a big-screen movie that leaves them out of any royalties, the pair travels to Tinseltown to sabotage the production.","release_date":"2001-08-24","poster_path":"/8xI9g6su8aKwg3Nk5qUnS025NyA.jpg","popularity":0.47178,"title":"Jay and Silent Bob Strike Back","video":false,"vote_average":6.3,"vote_count":142},{"adult":false,"backdrop_path":"/iDiGyXXbT1eGhVVr6mIJXwZFV5E.jpg","genre_ids":[18,35],"id":268238,"original_language":"en","original_title":"The Second Best Exotic Marigold Hotel","overview":"As the Best Exotic Marigold Hotel has only a single remaining vacancy - posing a rooming predicament for two fresh arrivals - Sonny pursues his expansionist dream of opening a second hotel.","release_date":"2015-02-26","poster_path":"/4W6pi5wHMofabRSchK730mjrbQY.jpg","popularity":3.536903,"title":"The Second Best Exotic Marigold Hotel","video":false,"vote_average":6.3,"vote_count":75},{"adult":false,"backdrop_path":"/sKZdmmHRLweHnssV0VbkwE9oinc.jpg","genre_ids":[27,10749,35],"id":82654,"original_language":"en","original_title":"Warm Bodies","overview":"After a zombie becomes involved with the girlfriend of one of his victims, their romance sets in motion a sequence of events that might transform the entire lifeless world.","release_date":"2013-02-01","poster_path":"/8mE2wRdp9FzCHFPnQmpWN59I6xv.jpg","popularity":3.088659,"title":"Warm Bodies","video":false,"vote_average":6.3,"vote_count":1481},{"adult":false,"backdrop_path":"/ouNshZ43nE4tWdZo3QAFH8525Ps.jpg","genre_ids":[28,53,878,12],"id":95,"original_language":"en","original_title":"Armageddon","overview":"An asteroid the size of Texas is heading directly toward Earth at 22,000 mph. NASA's executive director, Dan Truman, has only one option - to send up a crew to destroy the asteroid. He enlists the help of Harry S. Stamper - the world's foremost deep core oil driller - and Stamper's roughneck team of drillers to land on the asteroid, drill into its surface, and drop a nuclear device.","release_date":"1998-06-30","poster_path":"/coINnuCzcw5FMHBty8hcudMOBnO.jpg","popularity":3.088632,"title":"Armageddon","video":false,"vote_average":6.3,"vote_count":1053},{"adult":false,"backdrop_path":"/p8MHS8hyMmrZafKDMzIdESJb1rI.jpg","genre_ids":[28,12,53],"id":10999,"original_language":"en","original_title":"Commando","overview":"Colonel Matrix has retired and is living with his 10-year-old daughter in the country. She is kidnapped to ensure that Matrix will kill the president of a Latin American country and make way for the return of a dictator. Matrix escapes off a plane flight and has until it lands to rescue his daughter.","release_date":"1985-10-03","poster_path":"/ypfLBI0xT9yyn38BFaRtp0Ny3uw.jpg","popularity":2.610628,"title":"Commando","video":false,"vote_average":6.3,"vote_count":223}],"total_pages":180,"total_results":3596}
