{"page":149,"results":[{"adult":false,"backdrop_path":"/hgOcs1nIrwKKEcB4roDcIAwuql8.jpg","genre_ids":[35],"id":87428,"original_language":"en","original_title":"That's My Boy","overview":"While in his teens, Donny fathered a son, Todd, and raised him as a single parent up until Todd's 18th birthday. Now, after not seeing each other for years, Todd's world comes crashing down when Donny resurfaces just before Todd's wedding.","release_date":"2012-06-15","poster_path":"/2SuDV2uwRGgvpYgTI9CKErtyro1.jpg","popularity":2.971225,"title":"That's My Boy","video":false,"vote_average":5.6,"vote_count":178},{"adult":false,"backdrop_path":"/h5OB8Hj5EN6HTcqazIULYs6rQnW.jpg","genre_ids":[12,18],"id":83770,"original_language":"en","original_title":"On the Road","overview":"Dean and Sal are the portrait of the Beat Generation. Their search for \"It\" results in a fast paced, energetic roller coaster ride with highs and lows throughout the U.S.","release_date":"2012-05-22","poster_path":"/uORuwLgdDFkA4BuU9b9nuhTkuy.jpg","popularity":0.619684,"title":"On the Road","video":false,"vote_average":5.6,"vote_count":109},{"adult":false,"backdrop_path":"/5tbEFOVutwr0HdihrGj27eGIsxC.jpg","genre_ids":[28,53,10751],"id":7459,"original_language":"en","original_title":"Speed Racer","overview":"Speed racer is the tale of a young and brilliant racing driver. When corruption in the racing leagues costs his brother his life, he must team up with the police and the mysterious Racer X to bring and end to the corruption and criminal activities. Inspired by the cartoon series.","release_date":"2008-05-09","poster_path":"/dKx5lckYIQh0MpnsXxYbSkhASK2.jpg","popularity":1.838192,"title":"Speed Racer","video":false,"vote_average":5.6,"vote_count":114},{"adult":false,"backdrop_path":"/wsHpvHi9pWhMX6azueyqnGHltEH.jpg","genre_ids":[14,18,10751],"id":40205,"original_language":"en","original_title":"16 Wishes","overview":"The story about Abby Jensen, a girl who's been eager to reach her 16th birthday and has kept a secret wish list since she was a little girl. When the Big Day actually arrives, utter disaster strikes, leaving Abby to think her birthday is ruined. But when a mysterious box of magical birthday candles arrives to turn things around, Abby's 16 Wishes start to come true. Her day gets better and better...until she makes one wish that threatens to change everything.","release_date":"2010-06-25","poster_path":"/7EmxxTry7JAqFogSl0TNWLyMrx2.jpg","popularity":1.534976,"title":"16 Wishes","video":false,"vote_average":5.6,"vote_count":76},{"adult":false,"backdrop_path":"/7jkhsizAjyEsQ2fynDINDrdHo3p.jpg","genre_ids":[53,18,27],"id":49950,"original_language":"en","original_title":"The Roommate","overview":"When Sara (Minka Kelly), a young design student from Iowa, arrives for college in Los Angeles, she is eager to fit in and get to know the big city. Her wealthy roommate, Rebecca (Leighton Meester), is more than eager to take Sara under her wing and show her the ropes. The two become close, but when Sara begins to branch out and make more friends on campus, Rebecca becomes resentful. Alarmed, Sara moves in with her new boyfriend, causing Rebecca's behavior to take a violent turn.","release_date":"2011-02-04","poster_path":"/yvKZBncLbuNd3HX7dcqcepq83qy.jpg","popularity":2.259982,"title":"The Roommate","video":false,"vote_average":5.6,"vote_count":53},{"adult":false,"backdrop_path":"/zNlFy0lzngKpZIM7j9BUyDQjXMi.jpg","genre_ids":[28,53],"id":2636,"original_language":"en","original_title":"The Specialist","overview":"May Munro is a woman obsessed with getting revenge on the people who murdered her parents when she was still a girl. She hires Ray Quick, a retired explosives expert to kill her parent's killers. When Ned Trent, embittered ex-partner of Quick's is assigned to protect one of Quick's potential victims, a deadly game of cat and mouse ensues.","release_date":"1994-10-07","poster_path":"/flK0OtdFRvfbs5BixEqU327H8ZB.jpg","popularity":1.351796,"title":"The Specialist","video":false,"vote_average":5.6,"vote_count":81},{"adult":false,"backdrop_path":"/dkFI8Nyav6IVhX1w2f9Jpsuj9to.jpg","genre_ids":[28,53,80],"id":14979,"original_language":"en","original_title":"Thick as Thieves","overview":"A master thief recruits a notorious thief to help him steal two famous Faberge eggs from an impenetrable vault in an effort to pull off one final job and repay his debt to the Russian mob.","release_date":"2009-01-09","poster_path":"/qYMmEa4al0Xo5xU26d1ipM2DiDj.jpg","popularity":2.436307,"title":"Thick as Thieves","video":false,"vote_average":5.6,"vote_count":68},{"adult":false,"backdrop_path":"/gxrLAo0uGy9uzIleogDOrPlQnFf.jpg","genre_ids":[80,35,28],"id":38322,"original_language":"en","original_title":"Big Mommas: Like Father, Like Son","overview":"FBI agent Malcolm Turner and his 17-year-old son, Trent, go undercover at an all-girls performing arts school after Trent witnesses a murder. Posing as Big Momma and Charmaine, they must find the murderer before he finds them.","release_date":"2011-02-16","poster_path":"/tm2EddDwAfH79K4WAmSnvpHwoje.jpg","popularity":2.657287,"title":"Big Mommas: Like Father, Like Son","video":false,"vote_average":5.6,"vote_count":105},{"adult":false,"backdrop_path":"/ma5Ps40txofscTtWpjs39swMnwZ.jpg","genre_ids":[28,12,14],"id":18823,"original_language":"en","original_title":"Clash of the Titans","overview":"Born of a god but raised as a man, Perseus is helpless to save his family from Hades, vengeful god of the underworld. With nothing to lose, Perseus volunteers to lead a dangerous mission to defeat Hades before he can seize power from Zeus and unleash hell on earth. Battling unholy demons and fearsome beasts, Perseus and his warriors will only survive if Perseus accepts his power as a god, defies fate and creates his own destiny.","release_date":"2010-04-02","poster_path":"/n8W2Y72VzSi8Yz6IvYWwfoiMTS6.jpg","popularity":2.587573,"title":"Clash of the Titans","video":false,"vote_average":5.6,"vote_count":1088},{"adult":false,"backdrop_path":"/epwiE1BS0WqnHoKdT1GcOh8VYYW.jpg","genre_ids":[35,18,10402,10749],"id":80585,"original_language":"en","original_title":"Rock of Ages","overview":"Young Drew Boley (Diego Boneta) and Sherrie Christian (Julianne Hough) fall in love during the rock music scene of 1987.","release_date":"2012-06-13","poster_path":"/k5au98wpdbViuRWZMy6RbxMBXjl.jpg","popularity":1.203797,"title":"Rock of Ages","video":false,"vote_average":5.6,"vote_count":130},{"adult":false,"backdrop_path":"/4wieJ74tXkZDMiiwJ6yMr7LgSpR.jpg","genre_ids":[14,27,28],"id":60304,"original_language":"en","original_title":"Hansel & Gretel: Witch Hunters","overview":"After getting a taste for blood as children, Hansel and Gretel have become the ultimate vigilantes, hell-bent on retribution. Now, unbeknownst to them, Hansel and Gretel have become the hunted, and must face an evil far greater than witches... their past.","release_date":"2013-01-25","poster_path":"/yDIVWFJqFLIeS8E1R6GG9uwPMS3.jpg","popularity":3.276962,"title":"Hansel & Gretel: Witch Hunters","video":false,"vote_average":5.6,"vote_count":2118},{"adult":false,"backdrop_path":"/idehrDcxl9cqv3KWyrHbMXtkmvI.jpg","genre_ids":[28,80,18,53],"id":13056,"original_language":"en","original_title":"Punisher: War Zone","overview":"After hunting down and killing hundreds of violent criminals, Frank Castle (Stevenson), better known to his victims as \"The Punisher,\" faces his most deadly foe yet, Jigsaw.","release_date":"2008-12-05","poster_path":"/xrBl7FvGZFicZoMXtlSZ04duTL9.jpg","popularity":1.266114,"title":"Punisher: War Zone","video":false,"vote_average":5.6,"vote_count":94},{"adult":false,"backdrop_path":"/jnoJgpITphPoqA3e7JnNC4mtAVX.jpg","genre_ids":[12,18],"id":86834,"original_language":"en","original_title":"Noah","overview":"A man who suffers visions of an apocalyptic deluge takes measures to protect his family from the coming flood.","release_date":"2014-03-26","poster_path":"/5wioUjzwr91fvq7ydunxK2CPSxi.jpg","popularity":1.914265,"title":"Noah","video":false,"vote_average":5.6,"vote_count":1040},{"adult":false,"backdrop_path":"/3TlLl3jCJ9iG8yLpkj86GpqG3FU.jpg","genre_ids":[878,27],"id":125490,"original_language":"en","original_title":"Antiviral","overview":"After becoming infected with the virus that killed superstar Hannah Geist, Syd March must unravel the mystery surrounding her death to save his own life .","release_date":"2012-11-30","poster_path":"/6HPqLO3A743rPGmbQkNjRgUX7uN.jpg","popularity":2.009249,"title":"Antiviral","video":false,"vote_average":5.6,"vote_count":57},{"adult":false,"backdrop_path":"/NV9FSiCEcnzuJFeSTm3JycufyD.jpg","genre_ids":[35,10749],"id":72207,"original_language":"en","original_title":"The Five-Year Engagement","overview":"Exactly one year after Tom meets Violet, he surprises her with a wedding ring. By all accounts, Tom and Violet are destined for their happily ever after. However, this engaged couple just keep getting tripped up on the long walk down the aisle.","release_date":"2012-04-27","poster_path":"/202Je4e793JH11Ce4JoAwuzCRZ0.jpg","popularity":2.695951,"title":"The Five-Year Engagement","video":false,"vote_average":5.6,"vote_count":215},{"adult":false,"backdrop_path":"/6ywCpFiu0lxTNcOeXdkMIzACurg.jpg","genre_ids":[28,53],"id":48340,"original_language":"en","original_title":"Sanctum","overview":"The 3-D action-thriller Sanctum, from executive producer James Cameron, follows a team of underwater cave divers on a treacherous expedition to the largest, most beautiful and least accessible cave system on Earth. When a tropical storm forces them deep into the caverns, they must fight raging water, deadly terrain and creeping panic as they search for an unknown escape route to the sea. Master diver Frank McGuire (Richard Roxburgh) has explored the South Pacific's Esa-ala Caves for months. But when his exit is cut off in a flash flood, Frank's team--including 17-year-old son Josh (Rhys Wakefield) and financier Carl Hurley (Ioan Gruffudd)--are forced to radically alter plans. With dwindling supplies, the crew must navigate an underwater labyrinth to make it out. Soon, they are confronted with the unavoidable question: Can they survive, or will they be trapped forever?","release_date":"2011-02-02","poster_path":"/vnfSwR7J5dI0fq3fqSz5T515jTu.jpg","popularity":2.515047,"title":"Sanctum","video":false,"vote_average":5.6,"vote_count":106},{"adult":false,"backdrop_path":"/f7tg3qxLNPSYiqyZypRMRY3yDg2.jpg","genre_ids":[35],"id":107811,"original_language":"en","original_title":"21 & Over","overview":"Brilliant student Jeff Chang has the most important interview of his life tomorrow.  But today is still his birthday, what starts off as a casual celebration with friends evolves into a night of debauchery that risks to derail his life plan.","release_date":"2013-03-01","poster_path":"/wNN7MnoQn1nB1Kt8ybehJ1HCxJe.jpg","popularity":1.914755,"title":"21 & Over","video":false,"vote_average":5.6,"vote_count":458},{"adult":false,"backdrop_path":"/lJ1mIyVtrko6Zqr8yRwjrLtV5nt.jpg","genre_ids":[14,18,9648],"id":9963,"original_language":"en","original_title":"Premonition","overview":"Depressed housewife learns her husband was killed in a car accident the day previously, awakens the next morning to find him alive and well at home, and then awakens the next day after to a world in which he is still dead.","release_date":"2007-03-15","poster_path":"/7po8AGGFNcyKmMkRg1afHwZQYP4.jpg","popularity":2.304015,"title":"Premonition","video":false,"vote_average":5.6,"vote_count":103},{"adult":false,"backdrop_path":"/y9lH6ijs5YXS8njSHtiJJj5UohO.jpg","genre_ids":[28,80],"id":119283,"original_language":"en","original_title":"Parker","overview":"A thief with a unique code of professional ethics is double-crossed by his crew and left for dead. Assuming a new disguise and forming an unlikely alliance with a woman on the inside, he looks to hijack the score of the crew's latest heist.","release_date":"2013-01-25","poster_path":"/oAXj55ReRME5juD1qieAoFDtiah.jpg","popularity":2.154912,"title":"Parker","video":false,"vote_average":5.6,"vote_count":1020},{"adult":false,"backdrop_path":"/qBFghEBzPKvWUAWD2ABumbVOoW8.jpg","genre_ids":[28,27,878],"id":71679,"original_language":"en","original_title":"Resident Evil: Retribution","overview":"The Umbrella Corporation’s deadly T-virus continues to ravage the Earth, transforming the global population into legions of the flesh eating Undead. The human race’s last and only hope, Alice, awakens in the heart of Umbrella’s most clandestine operations facility and unveils more of her mysterious past as she delves further into the complex. Without a safe haven, Alice continues to hunt those responsible for the outbreak; a chase that takes her from Tokyo to New York, Washington, D.C. and Moscow, culminating in a mind-blowing revelation that will force her to rethink everything that she once thought to be true. Aided by new found allies and familiar friends, Alice must fight to survive long enough to escape a hostile world on the brink of oblivion. The countdown has begun.","release_date":"2012-09-14","poster_path":"/qRhi9UDgfstP9aIJTCoO9u13Q7t.jpg","popularity":0.138875,"title":"Resident Evil: Retribution","video":false,"vote_average":5.6,"vote_count":937}],"total_pages":180,"total_results":3596}
