{"page":119,"results":[{"adult":false,"backdrop_path":"/OqCXGt5nl1cHPeotxCDvXLLe6p.jpg","genre_ids":[878,28,12,14,35],"id":98566,"original_language":"en","original_title":"Teenage Mutant Ninja Turtles","overview":"The city needs heroes. Darkness has settled over New York City as Shredder and his evil Foot Clan have an iron grip on everything from the police to the politicians. The future is grim until four unlikely outcast brothers rise from the sewers and discover their destiny as Teenage Mutant Ninja Turtles. The Turtles must work with fearless reporter April and her wise-cracking cameraman Vern Fenwick to save the city and unravel Shredder's diabolical plan.","release_date":"2014-08-08","poster_path":"/oDL2ryJ0sV2bmjgshVgJb3qzvwp.jpg","popularity":9.933575,"title":"Teenage Mutant Ninja Turtles","video":false,"vote_average":6.0,"vote_count":1050},{"adult":false,"backdrop_path":"/vTW9GjAjX9j1OA7QdmBbWjyhXjv.jpg","genre_ids":[28,80,18,53],"id":8838,"original_language":"en","original_title":"Mercury Rising","overview":"Simon is a nine-year-old autistic boy who has cracked the government's new \"unbreakable\" code. This skill renders the new billion-dollar secret code vulnerable, especially if enemies of the United States should learn of Simon's abilities and capture him. Program chief Nick Kudrow orders the \"security threat\" eliminated, but Kudrow hasn't counted on renegade FBI agent Art Jeffries (Bruce Willis).","release_date":"1998-04-03","poster_path":"/aQtf10Slqpd3S2ht8derr6oSpyt.jpg","popularity":0.993675,"title":"Mercury Rising","video":false,"vote_average":6.0,"vote_count":103},{"adult":false,"backdrop_path":"/mspjoQKJ8NSvJZ6BzaM1XKNzofD.jpg","genre_ids":[27,878,9648,53],"id":60935,"original_language":"en","original_title":"The Thing","overview":"When paleontologist Kate Lloyd travels to an isolated outpost in Antarctica for the expedition of a lifetime, she joins an international team that unearths a remarkable discovery. Their elation quickly turns to fear as they realize that their experiment has freed a mysterious being from its frozen prison. Paranoia spreads like an epidemic as a creature that can mimic anything it touches will pit human against human as it tries to survive and flourish in this spine-tingling thriller.","release_date":"2011-10-14","poster_path":"/a2Cme25fHcSdIQ2wW6aWmE4owUI.jpg","popularity":3.5389,"title":"The Thing","video":false,"vote_average":6.0,"vote_count":252},{"adult":false,"backdrop_path":"/mOq8sc1V3S325htVbqworJqMUgh.jpg","genre_ids":[35,18],"id":138697,"original_language":"en","original_title":"Don Jon","overview":"A New Jersey guy dedicated to his family, friends, and church, develops unrealistic expectations from watching porn and works to find happiness and intimacy with his potential true love.","release_date":"2013-09-27","poster_path":"/7gGwL3ZMkaWx6Kcye3C9ABm4Ccp.jpg","popularity":1.546195,"title":"Don Jon","video":false,"vote_average":6.0,"vote_count":664},{"adult":false,"backdrop_path":"/ckpSxGKHrzUg8Kh4zVvrDKofdeJ.jpg","genre_ids":[28,12,80,53],"id":4824,"original_language":"en","original_title":"The Jackal","overview":"Hired by a powerful member of the Russian mafia to avenge an FBI sting that left his brother dead, the perfectionist Jackal proves an elusive target for the men charged with the task of bringing him down: a deputy FBI boss and a former IRA terrorist.","release_date":"1997-11-13","poster_path":"/6Hh2ROGTRKdbUfEXVVv5fNhmXK3.jpg","popularity":1.042284,"title":"The Jackal","video":false,"vote_average":6.0,"vote_count":181},{"adult":false,"backdrop_path":"/p5n7VTC6qmFIuBFjACWURYCAlKP.jpg","genre_ids":[28,35],"id":228967,"original_language":"en","original_title":"The Interview","overview":"Dave Skylark is king of the celebrity interview and host of the hit night time talk show \"Skylark Tonight.\"  The brain behind Dave's empire is his producer and best friend, Aaron Rapoport. Unfulfilled, Aaron yearns to do meaningful work.  He scores the chance of a lifetime when he secures an interview for Dave with Kim Jong-Un, the mysterious and ruthless dictator of a nuclear-armed North Korea.  As Dave and Aaron prepare to leave for North Korea, they are approached by the CIA and asked to assassinate Kim.  They accept the mission, becoming two of the least qualified men ever to assassinate – or interview – the most dangerous man on earth.","release_date":"2014-12-25","poster_path":"/2uWb0aSm5cFmRCHP95OdA6hvTEs.jpg","popularity":7.02727,"title":"The Interview","video":false,"vote_average":6.0,"vote_count":955},{"adult":false,"backdrop_path":"/hfZVY8lMiE7HH1cDc2qzSFF6Kbt.jpg","genre_ids":[12,28,53,80],"id":10764,"original_language":"en","original_title":"Quantum of Solace","overview":"Quantum of Solace continues the adventures of James Bond after Casino Royale. Betrayed by Vesper, the woman he loved, 007 fights the urge to make his latest mission personal. Pursuing his determination to uncover the truth, Bond and M interrogate Mr. White, who reveals that the organization that blackmailed Vesper is far more complex and dangerous than anyone had imagined.","release_date":"2008-10-30","poster_path":"/6mlNx0Jiqhg3D7NlANT9pidsgPJ.jpg","popularity":4.229449,"title":"Quantum of Solace","video":false,"vote_average":6.0,"vote_count":1529},{"adult":false,"backdrop_path":"/gVDw8QG2uDOHEmUNGpHoIatkJdo.jpg","genre_ids":[53],"id":8978,"original_language":"en","original_title":"Assault on Precinct 13","overview":"On New Year's Eve, inside a police station that's about to be closed for good, officer Jake Roenick must cobble together a force made up cops and criminals to save themselves from a mob looking to kill mobster Marion Bishop.","release_date":"2005-01-19","poster_path":"/xblaA3nQoEMg3wPLKfLEwA7TU9v.jpg","popularity":0.61169,"title":"Assault on Precinct 13","video":false,"vote_average":6.0,"vote_count":96},{"adult":false,"backdrop_path":"/ncERp0UvXuImUeJcf27kEANcf1r.jpg","genre_ids":[35,10751,10749],"id":9880,"original_language":"en","original_title":"The Princess Diaries","overview":"A socially awkward but very bright 15-year-old girl being raised by a single mom discovers that she is the princess of a small European country because of the recent death of her long-absent father, who, unknown to her, was the crown prince of Genovia. She must make a choice between continuing the life of a San Francisco teen or stepping up to the throne.","release_date":"2001-08-03","poster_path":"/A3MEJcxjr0iOjTMsQSCNTc1B4E2.jpg","popularity":2.707606,"title":"The Princess Diaries","video":false,"vote_average":6.0,"vote_count":218},{"adult":false,"backdrop_path":"/nifPYOyA8K7gY9PniJRBA7Pijfl.jpg","genre_ids":[12,14,10751],"id":32657,"original_language":"en","original_title":"Percy Jackson & the Olympians: The Lightning Thief","overview":"Accident prone teenager, Percy discovers he's actually a demi-God, the son of Poseidon, and he is needed when Zeus' lightning is stolen. Percy must master his new found skills in order to prevent a war between the Gods that could devastate the entire world.","release_date":"2010-02-11","poster_path":"/5NhyXkodMzDRW8uqtPqlxJsoBhf.jpg","popularity":3.47786,"title":"Percy Jackson & the Olympians: The Lightning Thief","video":false,"vote_average":6.0,"vote_count":676},{"adult":false,"backdrop_path":"/pQcSfSu4hy4AJ1KjjTxXKBQdMzE.jpg","genre_ids":[28,12,53],"id":49021,"original_language":"en","original_title":"Killer Elite","overview":"Based on a shocking true story, Killer Elite pits two of the world’s most elite operatives—Danny, an ex-special ops agent and Hunter, his longtime mentor—against the cunning leader of a secret military society. Covering the globe from Australia to Paris, London and the Middle East, Danny and Hunter are plunged into a highly dangerous game of cat and mouse—where the predators become the prey.","release_date":"2011-09-23","poster_path":"/cnhNUChZVkLxrvfqDEVLKgBPy1z.jpg","popularity":1.699044,"title":"Killer Elite","video":false,"vote_average":6.0,"vote_count":290},{"adult":false,"backdrop_path":"/hAQ6V21C8EhTaEVuF8Rq054yqTj.jpg","genre_ids":[80,18,53],"id":82525,"original_language":"en","original_title":"Savages","overview":"Pot growers Ben and Chon face off against the Mexican drug cartel who kidnapped their shared girlfriend.","release_date":"2012-07-06","poster_path":"/ecN4PGSU6zhYlAUL8Jh4qyE2um9.jpg","popularity":2.707786,"title":"Savages","video":false,"vote_average":6.0,"vote_count":318},{"adult":false,"backdrop_path":"/qFrJlsJaKr0nIbyRQbb6bdTnkHZ.jpg","genre_ids":[28,12,14,878],"id":49529,"original_language":"en","original_title":"John Carter","overview":"Civil War vet John Carter is transplanted to Mars, where he discovers a lush, wildly diverse planet whose main inhabitants are 12-foot tall green barbarians. Finding himself a prisoner of these creatures, he escapes, only to encounter Dejah Thoris, Princess of Helium, who is in desperate need of a savior.","release_date":"2012-03-07","poster_path":"/l9NSxNdaHnzsp391kZBgaWNIeaS.jpg","popularity":3.474926,"title":"John Carter","video":false,"vote_average":6.0,"vote_count":968},{"adult":false,"backdrop_path":"/zoaYrsrxc4Y1zOloOHbaxrLE1Xf.jpg","genre_ids":[18,53],"id":44945,"original_language":"en","original_title":"Trust","overview":"A man (Clive Owen) has difficulty coping with the knowledge that his 14-year-daughter (Liana Liberato) was assaulted by a sexual predator she met in an online chat room.","release_date":"2010-09-10","poster_path":"/oWEy6b2LxwcuZtWLmrrdBWp3hda.jpg","popularity":1.974997,"title":"Trust","video":false,"vote_average":6.0,"vote_count":81},{"adult":false,"backdrop_path":"/31SqCV9NfHvGJ8n7v60fV3oMobZ.jpg","genre_ids":[28,12,80,53],"id":2207,"original_language":"en","original_title":"16 Blocks","overview":"An aging cop is assigned the ordinary task of escorting a fast-talking witness from police custody to a courthouse, but they find themselves running the gauntlet as other forces try to prevent them from getting there.","release_date":"2006-02-28","poster_path":"/wpKBLDjNRddmH6N32ni4bASogt8.jpg","popularity":2.336533,"title":"16 Blocks","video":false,"vote_average":6.0,"vote_count":247},{"adult":false,"backdrop_path":"/rkFIuhiDLpOi3kJF7X94U0jPMk7.jpg","genre_ids":[27,53],"id":8922,"original_language":"en","original_title":"Jeepers Creepers","overview":"A college-age brother and sister get more than they bargained for on their road trip home from spring break. When the bickering siblings witness a creepy truck driver tossing body bags into a sewer near an abandoned church, they investigate. Bad move! Opening a Pandora's Box of unspeakable evil, the pair must flee for their lives -- with a monstrous \"shape\" in hot pursuit.","release_date":"2001-08-31","poster_path":"/gaIiibMDw95MDT0QtpwMCFDSyQO.jpg","popularity":1.350844,"title":"Jeepers Creepers","video":false,"vote_average":6.0,"vote_count":140},{"adult":false,"backdrop_path":"/hN5SsPEmD9oT5ajFXt5lWbl3RMb.jpg","genre_ids":[35],"id":9398,"original_language":"en","original_title":"Zoolander","overview":"Clear the runway for Derek Zoolander, VH1's three-time male model of the year. His face falls when hippie-chic \"he's so hot right now\" Hansel scooters in to steal this year's award. The evil fashion guru Mugatu seizes the opportunity to turn Derek into a killing machine. Its a well-designed conspiracy and only with the help of Hansel and a few well-chosen accessories can Derek make the world safe.","release_date":"2001-09-27","poster_path":"/zNBryDxDAScAgKat8X18K2Jtg6k.jpg","popularity":1.950419,"title":"Zoolander","video":false,"vote_average":6.0,"vote_count":310},{"adult":false,"backdrop_path":"/2n0kjNEI3uF0ju9H5jiE3rBk5C0.jpg","genre_ids":[878,27,28,53],"id":36586,"original_language":"en","original_title":"Blade II","overview":"A rare mutation has occurred within the vampire community - The Reaper. A vampire so consumed with an insatiable bloodlust that they prey on vampires as well as humans, transforming victims who are unlucky enough to survive into Reapers themselves. Blade is asked by the Vampire Nation for his help in preventing a nightmare plague that would wipe out both humans and vampires.","release_date":"2002-03-21","poster_path":"/jlURNpXCMK830CsGRd939PJLh8c.jpg","popularity":3.22621,"title":"Blade II","video":false,"vote_average":6.0,"vote_count":514},{"adult":false,"backdrop_path":"/sgcgfrlOOB6lVXbfl75YTszF4jI.jpg","genre_ids":[28,12,37],"id":57201,"original_language":"en","original_title":"The Lone Ranger","overview":"The Texas Rangers chase down a gang of outlaws led by Butch Cavendish, but the gang ambushes the Rangers, seemingly killing them all. One survivor is found, however, by an American Indian named Tonto, who nurses him back to health. The Ranger, donning a mask and riding a white stallion named Silver, teams up with Tonto to bring the unscrupulous gang and others of that ilk to justice.","release_date":"2013-07-03","poster_path":"/b4vil5ueYJNBNypHmo1tpuevh4z.jpg","popularity":2.679972,"title":"The Lone Ranger","video":false,"vote_average":6.0,"vote_count":1065},{"adult":false,"backdrop_path":"/xhvC6u4kAQ8Sm3UNoBVqAl61drs.jpg","genre_ids":[28,18,53,80],"id":192102,"original_language":"en","original_title":"3 Days to Kill","overview":"A dangerous international spy is determined to give up his high stakes life to finally build a closer relationship with his estranged wife and daughter. But first, he must complete one last mission - even if it means juggling the two toughest assignments yet: hunting down the world's most ruthless terrorist and looking after his teenage daughter for the first time in ten years, while his wife is out of town.","release_date":"2014-02-14","poster_path":"/mj1aAY5WbVhb62nw3MvZinsbhke.jpg","popularity":2.962734,"title":"3 Days to Kill","video":false,"vote_average":6.0,"vote_count":447}],"total_pages":180,"total_results":3596}
