{"page":15,"results":[{"adult":false,"backdrop_path":"/z5J18ByLeOZ68iORfMXmxeFuwyL.jpg","genre_ids":[18],"id":14,"original_language":"en","original_title":"American Beauty","overview":"Lester Burnham, a depressed suburban father in a mid-life crisis, decides to turn his hectic life around after developing an infatuation with his daughter's attractive friend.","release_date":"1999-09-14","poster_path":"/or1MP8BZIAjqWYxPdPX724ydKar.jpg","popularity":2.736373,"title":"American Beauty","video":false,"vote_average":7.4,"vote_count":939},{"adult":false,"backdrop_path":"/pKawqrtCBMmxarft7o1LbEynys7.jpg","genre_ids":[10752,18,28],"id":228150,"original_language":"en","original_title":"Fury","overview":"Last months of World War II in April 1945. As the Allies make their final push in the European Theater, a battle-hardened U.S. Army sergeant in the 2nd Armored Division named Wardaddy commands a Sherman tank called \"Fury\" and its five-man crew on a deadly mission behind enemy lines. Outnumbered and outgunned, Wardaddy and his men face overwhelming odds in their heroic attempts to strike at the heart of Nazi Germany.","release_date":"2014-10-17","poster_path":"/il9XWx5CbNd2KdDUwrcClEZiLkv.jpg","popularity":14.366859,"title":"Fury","video":false,"vote_average":7.4,"vote_count":1340},{"adult":false,"backdrop_path":"/2PaYKVhagjRwZ4KU914Ohmo1uOO.jpg","genre_ids":[18,80,10402],"id":16,"original_language":"en","original_title":"Dancer in the Dark","overview":"Selma, a Czech immigrant on the verge of blindness, struggles to make ends meet for herself and her son, who has inherited the same genetic disorder and will suffer the same fate without an expensive operation. When life gets too difficult, Selma learns to cope through her love of musicals, escaping life's troubles - even if just for a moment - by dreaming up little numbers to the rhythmic beats of her surroundings.","release_date":"2000-09-22","poster_path":"/pWRpeJ2jsYtF4tkEoogg5yar9ox.jpg","popularity":1.847356,"title":"Dancer in the Dark","video":false,"vote_average":7.4,"vote_count":95},{"adult":false,"backdrop_path":"/laDq2WbQZD4Dtd87EfDzy0KF6MS.jpg","genre_ids":[18,10749],"id":86837,"original_language":"fr","original_title":"Amour","overview":"Georges and Anne are in their eighties. They are cultivated, retired music teachers. Their daughter, who is also a musician, lives abroad with her family. One day, Anne has an attack. The couple's bond of love is severely tested.","release_date":"2012-12-19","poster_path":"/tvy6ogpgIDCZlxAletXNZg8xFi8.jpg","popularity":2.353966,"title":"Amour","video":false,"vote_average":7.4,"vote_count":147},{"adult":false,"backdrop_path":"/czaomCRqn8uOAPHfVfWOAlDUSUo.jpg","genre_ids":[18,10749],"id":228205,"original_language":"en","original_title":"The Longest Ride","overview":"The lives of a young couple intertwine with a much older man as he reflects back on a lost love while he's trapped in an automobile crash.","release_date":"2015-04-10","poster_path":"/9oduon4a0w5a398r2o1M28s3upC.jpg","popularity":5.526549,"title":"The Longest Ride","video":false,"vote_average":7.4,"vote_count":169},{"adult":false,"backdrop_path":"/rDP6NMuBTsjLvyaMub7BOT7Au4l.jpg","genre_ids":[18],"id":203833,"original_language":"en","original_title":"The Book Thief","overview":"While subjected to the horrors of WWII Germany, young Liesel finds solace by stealing books and sharing them with others. Under the stairs in her home, a Jewish refuge is being sheltered by her adoptive parents.","release_date":"2013-11-08","poster_path":"/rUJbwJkJNjwEcFYzEktOrgm5YUd.jpg","popularity":1.690337,"title":"The Book Thief","video":false,"vote_average":7.4,"vote_count":358},{"adult":false,"backdrop_path":"/mqMGZIMKg2tGEkcuSduAxWAL7UF.jpg","genre_ids":[18,14,9648],"id":141,"original_language":"en","original_title":"Donnie Darko","overview":"A troubled teenager is plagued by visions of a large bunny rabbit that manipulates him to commit a series of crimes, after narrowly escaping a bizarre accident.","release_date":"2001-10-26","poster_path":"/dGcIsUfeatHYqgp9gX6KOcYT427.jpg","popularity":2.263105,"title":"Donnie Darko","video":false,"vote_average":7.4,"vote_count":903},{"adult":false,"backdrop_path":"/6pHv9P9yNXvOAp6G9UU8W8wzeLR.jpg","genre_ids":[80,18,36],"id":9040,"original_language":"en","original_title":"Serpico","overview":"Serpico is a 1973 American biopic directed by Sidney Lumet and starring Al Pacino. It's based on Peter Maas' biography of NYPD officer Frank Serpico, who went undercover to expose corruption in the force.  The film and its principals were nominated for numerous awards, and together with Scarecrow, which was released the same year, it marked the big breakthrough for Al Pacino. The film was also a commercial success.","release_date":"1973-12-05","poster_path":"/dq3PTFp0lLlEa2TnJepEknU2Sys.jpg","popularity":0.854734,"title":"Serpico","video":false,"vote_average":7.4,"vote_count":99},{"adult":false,"backdrop_path":"/lxwPthqCYWIr9C57W26lcbjctJZ.jpg","genre_ids":[28,53,14],"id":752,"original_language":"en","original_title":"V for Vendetta","overview":"In a world in which Great Britain has become a fascist state, a masked vigilante known only as \"V\" conducts guerrilla warfare against the oppressive British government. When \"V\" rescues a young woman from the secret police, he finds in her an ally with whom he can continue his fight to free the people of Britain.","release_date":"2006-03-17","poster_path":"/8rI9pNiTmugkEbI249evLygl9TC.jpg","popularity":3.872914,"title":"V for Vendetta","video":false,"vote_average":7.4,"vote_count":1690},{"adult":false,"backdrop_path":"/wMPlmw0fM1B94XugcuaKGB96Vsd.jpg","genre_ids":[35],"id":583,"original_language":"en","original_title":"Life of Brian","overview":"A brilliant parody from the British comedy group Monty Python about the history of (not Jesus but the boy born right next door to The Manger, Brian). A Terry Jones directed film from 1979 that has since gained cult status. What many fans don't know is that this movie might never have happened if not for the financial assistance of George Harrison (of The Beatles).","release_date":"1979-08-16","poster_path":"/wEgm6iVOD4afMlEo1VGi3Yz0cmd.jpg","popularity":1.136476,"title":"Life of Brian","video":false,"vote_average":7.4,"vote_count":464},{"adult":false,"backdrop_path":"/dIL2bHurIel2oZGDgfqLOIdQWfQ.jpg","genre_ids":[18],"id":127373,"original_language":"en","original_title":"What Maisie Knew","overview":"Based on the Henry James novella, the story frames on 7-year-old Maisie, caught in a custody battle between her mother – a rock and roll icon – and her father. What Maisie Knew is an evocative portrayal of the chaos of adult life seen entirely from a child’s point of view.","release_date":"2012-09-07","poster_path":"/uZQCEVdOe29Y3NHcnQ571bUHw2Z.jpg","popularity":1.075873,"title":"What Maisie Knew","video":false,"vote_average":7.4,"vote_count":55},{"adult":false,"backdrop_path":"/idbDJjoTQxLejUUkDJ0FNEim6FB.jpg","genre_ids":[80,18,9648,53,10749],"id":426,"original_language":"en","original_title":"Vertigo","overview":"A retired San Francisco detective suffering from acrophobia investigates the strange activities of an old friend's wife, all the while becoming dangerously obsessed with her.","release_date":"1958-05-28","poster_path":"/zPyYVueVFE19aRUJikfeDVR3M37.jpg","popularity":1.769253,"title":"Vertigo","video":false,"vote_average":7.4,"vote_count":263},{"adult":false,"backdrop_path":"/s5X7ry3pDwAhUkvUmGUTXTXXoD2.jpg","genre_ids":[16,18,10751],"id":37797,"original_language":"en","original_title":"Mimi wo sumaseba","overview":"Shizuku lives a simple life, dominated by her love for stories and writing. One day she notices that all the library books she has have been previously checked out by the same person: 'Seiji Amasawa'. Curious as to who he is, Shizuku meets a boy her age whom she finds infuriating, but discovers to her shock that he is her 'Prince of Books'. As she grows closer to him, she realises that he merely read all those books to bring himself closer to her. The boy Seiji aspires to be a violin maker in Italy, and it is his dreams that make Shizuku realise that she has no clear path for her life. Knowing that her strength lies in writing, she tests her talents by writing a story about Baron, a cat statuette belonging to Seiji's grandfather","release_date":"1995-07-15","poster_path":"/uPLuwtMQm3wDTKm7cZQHsszYGRo.jpg","popularity":2.056689,"title":"Whisper of the Heart","video":false,"vote_average":7.4,"vote_count":118},{"adult":false,"backdrop_path":"/b981PM8wYAUkqbQlHpShQrX9Tbp.jpg","genre_ids":[80,18],"id":640,"original_language":"en","original_title":"Catch Me If You Can","overview":"Frank W. Abagnale Jr. is a cunning con man -- posing as a doctor, lawyer and pilot all before turning 21. He's also a deft forger, and his work attracts the attention of FBI agent Carl Hanratty, who makes it his mission to put Frank behind bars. But Frank not only eludes capture, he revels in the pursuit, even taking time to taunt Carl by phone.","release_date":"2002-12-25","poster_path":"/MywWCQGJNUr5kivAQ7eseCG7rm.jpg","popularity":1.968503,"title":"Catch Me If You Can","video":false,"vote_average":7.4,"vote_count":1300},{"adult":false,"backdrop_path":"/qgT4P311tEsIRmJee5iLkBZN2cr.jpg","genre_ids":[28,80,18,53],"id":247,"original_language":"en","original_title":"The Killing","overview":"The Killing was Stanley Kubrick’s first film with a professional cast and the first time he achieved public recognition as the unconventional director he’s now known for. The story is of ex-prisoners who plan to set up a racetrack so they can live a life without monetary worries. One of the more exceptional films of the 1950’s.","release_date":"1956-05-20","poster_path":"/eUfj1NXxd7yIiCrqAOUm1MYL2CQ.jpg","popularity":0.636272,"title":"The Killing","video":false,"vote_average":7.4,"vote_count":57},{"adult":false,"backdrop_path":"/2nFyTvssbtJMLC6eyYwwZ88gALD.jpg","genre_ids":[16,10751],"id":10681,"original_language":"en","original_title":"WALL·E","overview":"WALL•E is the last robot left on an Earth that has been overrun with garbage and all humans have fled to outer space. For 700 years he has continued to try and clean up the mess, but has developed some rather interesting human-like qualities. When a ship arrives with a sleek new type of robot, WALL•E thinks he's finally found a friend and stows away on the ship when it leaves.","release_date":"2008-06-22","poster_path":"/4qOKgcDcB0SojUIg2syzor1FeL7.jpg","popularity":3.891547,"title":"WALL·E","video":false,"vote_average":7.4,"vote_count":2798},{"adult":false,"backdrop_path":"/x2M8mp6wSU4iFPECacHJkQuuvYx.jpg","genre_ids":[18,10749],"id":76,"original_language":"en","original_title":"Before Sunrise","overview":"A dialogue marathon of a film, this fairytale love story of an American boy and French girl. During a day and a night together in Vienna their two hearts collide.","release_date":"1995-01-27","poster_path":"/9NBjDNPHA6SkThIweOs8iCfsA8a.jpg","popularity":0.850079,"title":"Before Sunrise","video":false,"vote_average":7.4,"vote_count":308},{"adult":false,"backdrop_path":"/tUSXZ37j0XpNtmOb5uwqogdcq7E.jpg","genre_ids":[35,18],"id":2108,"original_language":"en","original_title":"The Breakfast Club","overview":"Five high school students, all different stereotypes, meet in detention, where they pour their hearts out to each other, and discover how they have a lot more in common than they thought.","release_date":"1985-02-15","poster_path":"/4ZejrrCpfoypR5lHoT3pq6yVldW.jpg","popularity":2.566546,"title":"The Breakfast Club","video":false,"vote_average":7.4,"vote_count":458},{"adult":false,"backdrop_path":"/n9xfxK6iAyzSSZkoso0wtCBVm8s.jpg","genre_ids":[18],"id":4960,"original_language":"en","original_title":"Synecdoche, New York","overview":"A theater director struggles with his work, and the women in his life, as he attempts to create a life-size replica of New York inside a warehouse as part of his new play.","release_date":"2008-10-24","poster_path":"/5nO6wAFWBG36APWqgzKmF70HJQV.jpg","popularity":0.726851,"title":"Synecdoche, New York","video":false,"vote_average":7.4,"vote_count":54},{"adult":false,"backdrop_path":"/aj0WJXC0Cu172qifgkEpyLXlDEt.jpg","genre_ids":[35,27],"id":246741,"original_language":"en","original_title":"What We Do in the Shadows","overview":"Follow the lives of Viago, Deacon, and Vladislav - three flatmates who are just trying to get by and overcome life's obstacles-like being immortal vampires who must feast on human blood. Hundreds of years old, the vampires are finding that beyond sunlight catastrophes, hitting the main artery, and not being able to get a sense of their wardrobe without a reflection, modern society has them struggling with the mundane like paying rent, keeping up with the chore wheel, trying to get into nightclubs, and overcoming flatmate conflicts.","release_date":"2014-06-19","poster_path":"/kJjXTVQ0yP6Ns5pd7YiyCYCdS3X.jpg","popularity":2.613895,"title":"What We Do in the Shadows","video":false,"vote_average":7.4,"vote_count":197}],"total_pages":180,"total_results":3596}
