{"page":107,"results":[{"adult":false,"backdrop_path":"/qd0jrqxFLCKkNruPuJ7zXuQRpKG.jpg","genre_ids":[12,28,53],"id":660,"original_language":"en","original_title":"Thunderball","overview":"A criminal organization has obtained two nuclear bombs and are asking for a 100 million pound ransom in the form of diamonds in seven days or they will use the weapons. The secret service sends James Bond to the Bahamas to once again save the world.","release_date":"1965-12-28","poster_path":"/sASN1VnJxWosdzp4mH40P47Xhhz.jpg","popularity":2.766234,"title":"Thunderball","video":false,"vote_average":6.2,"vote_count":192},{"adult":false,"backdrop_path":"/ctwDTO8iOC4xnktJhnHVSLJTYMr.jpg","genre_ids":[35,27],"id":14451,"original_language":"no","original_title":"Død snø","overview":"Eight medical students on a ski trip to Norway discover that Hitler's horrors live on when they come face to face with a battalion of zombie Nazi soldiers intent on devouring anyone unfortunate enough to wander into the remote mountains where they were once sent to die.","release_date":"2009-01-09","poster_path":"/nDWI0SP3go01b5STPcAwQSK3eCc.jpg","popularity":0.44546,"title":"Dead Snow","video":false,"vote_average":6.2,"vote_count":79},{"adult":false,"backdrop_path":"/4EZ2YaCkVD1nQNu8TDxl2H3dk2b.jpg","genre_ids":[14,10749],"id":197796,"original_language":"en","original_title":"La Belle et la bête","overview":"Beauty and the Beast is the adaptation of a story by Madame de Villeneuve. Published anonymously in 1740 as La Jeune Américaine et les contes marins, it paints a portrait of Belle, a joyful and touching young girl who falls in love with the Beast, a cursed creature in search of love and redemption. In 1760, a condensed children’s version was published. It was from this version that Jean Cocteau and then Walt Disney drew their famous adaptations. Overshadowed, the original version by Madame de Villeneuve has never been adapted for the screen... until now!","release_date":"2014-02-12","poster_path":"/60nCGtU0z7569et1Ol2WUCmCMeg.jpg","popularity":1.736758,"title":"Beauty and the Beast","video":false,"vote_average":6.2,"vote_count":149},{"adult":false,"backdrop_path":"/wX0mOAa91dTAT2WCGRvvpWUKAeD.jpg","genre_ids":[28,80,9648,53],"id":59961,"original_language":"en","original_title":"Safe House","overview":"Denzel Washington plays the most dangerous renegade from the CIA, who comes back onto the grid after a decade on the run. When the South African safe house he's remanded to is attacked by mercenaries, a rookie operative (Ryan Reynolds) escapes with him. Now, the unlikely allies must stay alive long enough to uncover who wants them dead.","release_date":"2012-02-10","poster_path":"/q83VacoG2hHLvORTPtvCXKsdBSN.jpg","popularity":1.978159,"title":"Safe House","video":false,"vote_average":6.2,"vote_count":734},{"adult":false,"backdrop_path":"/6kOJrQdrLreqNiRrb2JsoFDpPkS.jpg","genre_ids":[28,12,80,18],"id":9766,"original_language":"en","original_title":"Gridiron Gang","overview":"Teenagers at a juvenile detention center, under the leadership of their counselor, gain self-esteem by playing football together.","release_date":"2006-09-15","poster_path":"/zLMsFU6XoDPMxULYbBBmneJqKUr.jpg","popularity":1.813877,"title":"Gridiron Gang","video":false,"vote_average":6.2,"vote_count":70},{"adult":false,"backdrop_path":"/89IB4RUfZreBry0CnaSBoJRCybm.jpg","genre_ids":[12,14,28],"id":9610,"original_language":"en","original_title":"Conan the Destroyer","overview":"Based on a character created by Robert E. Howard, this fast-paced, occasionally humorous sequel to Conan the Barbarian features the hero (Arnold Schwarzenegger) as he is commissioned by the evil queen Taramis (Sarah Douglas) to safely escort a teen princess (Olivia D'Abo) and her powerful bodyguard (Wilt Chamberlain) to a far away castle to retrieve the magic Horn of Dagon. Unknown to Conan, the queen plans to sacrifice the princess when she returns and inherit her kingdom after the bodyguard kills Conan. The queen's plans fail to take into consideration Conan's strength and cunning and the abilities of his sidekicks: the eccentric wizard Akiro (Mako), the wild woman Zula (Grace Jones), and the inept Malak (Tracey Walter). Together the hero and his allies must defeat both mortal and supernatural foes in this voyage to sword-and-sorcery land.","release_date":"1984-06-29","poster_path":"/qMNhwerC2kjj9tKR127hRh8K9WL.jpg","popularity":2.072901,"title":"Conan the Destroyer","video":false,"vote_average":6.2,"vote_count":102},{"adult":false,"backdrop_path":"/9kgZc7BRePE2AHqWgF1DBrggQ8J.jpg","genre_ids":[16,35,10751],"id":12233,"original_language":"en","original_title":"Oliver & Company","overview":"This animated take on Oliver Twist re-imagines Oliver as an adorable orphaned kitten who struggles to survive in New York City and falls in with a band of canine criminals led by an evil human. First, Oliver meets Dodger, a carefree mutt with street savoir faire. But when Oliver meets wealthy Jenny on one of the gang's thieving missions, his life changes forever.","release_date":"1988-11-18","poster_path":"/m54pXsIUy3IJoaGhk3RwKsZQPG8.jpg","popularity":2.449676,"title":"Oliver & Company","video":false,"vote_average":6.2,"vote_count":102},{"adult":false,"backdrop_path":"/w3Yc8wi2jYLaOyCW6b6svf1B0MG.jpg","genre_ids":[12,28,878,53],"id":36668,"original_language":"en","original_title":"X-Men: The Last Stand","overview":"When a cure is found to treat mutations, lines are drawn amongst the X-Men, led by Professor Charles Xavier, and the Brotherhood, a band of powerful mutants organized under Xavier's former ally, Magneto.","release_date":"2006-05-26","poster_path":"/5QpaN7ZBAR6D3FotvEIMX0qZxHg.jpg","popularity":1.071115,"title":"X-Men: The Last Stand","video":false,"vote_average":6.2,"vote_count":1764},{"adult":false,"backdrop_path":"/2JASHMjDOcnMOUI4WnEmpvuiEUe.jpg","genre_ids":[28,80],"id":9923,"original_language":"en","original_title":"Domino","overview":"A recounting of Domino Harvey's life story. The daughter of actor Laurence Harvey turned away from her career as a Ford model to become a bounty hunter.","release_date":"2005-09-22","poster_path":"/rH2m5kRQ7P4dYduVbUbRs5b30zf.jpg","popularity":1.754888,"title":"Domino","video":false,"vote_average":6.2,"vote_count":113},{"adult":false,"backdrop_path":"/ynZpOFq3j7A6sD9WLctfMLaKuX3.jpg","genre_ids":[18,53],"id":73567,"original_language":"en","original_title":"Killer Joe","overview":"A cop (Matthew McConaughey) who moonlights as a hit man agrees to kill the hated mother of a desperate drug dealer (Emile Hirsch) in exchange for a tumble with the young man's virginal sister (Juno Temple).","release_date":"2012-07-27","poster_path":"/mGLeViPOSwkF4rG9c0ZngJECrk2.jpg","popularity":1.874164,"title":"Killer Joe","video":false,"vote_average":6.2,"vote_count":110},{"adult":false,"backdrop_path":"/sWypV7T6AXwmpoSEGrmPkkSsAo0.jpg","genre_ids":[18,9648,53],"id":6947,"original_language":"en","original_title":"The Village","overview":"When a willful young man tries to venture beyond his sequestered Pennsylvania hamlet, his actions set off a chain of chilling incidents that will alter the community forever in this atmospheric thriller featuring a star-studded cast.","release_date":"2004-07-26","poster_path":"/yV9W1TFQxaBA9EPeIIrDH7xHFT0.jpg","popularity":1.168433,"title":"The Village","video":false,"vote_average":6.2,"vote_count":238},{"adult":false,"backdrop_path":"/dhzAVfv8ZGxC7e0YeejsFsFOhIA.jpg","genre_ids":[14,18,878,10749],"id":9294,"original_language":"en","original_title":"Phenomenon","overview":"An ordinary man sees a bright light descend from the sky, and discovers he now has super-intelligence and telekinesis.","release_date":"1996-07-05","poster_path":"/pa8IWMEYaYDDr5hEaZflOKW8gjc.jpg","popularity":1.618507,"title":"Phenomenon","video":false,"vote_average":6.2,"vote_count":82},{"adult":false,"backdrop_path":"/oda7cPvPd1EOcJgWrtiMviybPrp.jpg","genre_ids":[28,53,80],"id":9335,"original_language":"en","original_title":"Transporter 2","overview":"Professional driver Frank Martin is living in Miami, where he is temporarily filling in for a friend as the chauffeur for a government narcotics control policymaker and his family. The young boy in the family is targeted for kidnapping, and Frank immediately becomes involved in protecting the child and exposing the kidnappers.","release_date":"2005-08-02","poster_path":"/5qTQfPMJHbCSzVrSiFTkjvBTrt0.jpg","popularity":2.954951,"title":"Transporter 2","video":false,"vote_average":6.2,"vote_count":404},{"adult":false,"backdrop_path":"/cTOZopbtjnaSSptIlGgVFtnYATV.jpg","genre_ids":[35,18,10749],"id":121826,"original_language":"en","original_title":"Quartet","overview":"The directorial debut of Dustin Hoffman, Quartet is a high-drama comedy about temperamental divas and old grudges, passion and pride, romance and Rigoletto, starring Maggie Smith, Tom Courtenay, Billy Connolly and Pauline Collins as four retired opera singers.","release_date":"2012-09-08","poster_path":"/9XJCnqQA1Yl3hiIHeH1jpibyT1i.jpg","popularity":0.855022,"title":"Quartet","video":false,"vote_average":6.2,"vote_count":69},{"adult":false,"backdrop_path":"/hCE5LXO6Q1eZAnjDEjs95At5uMD.jpg","genre_ids":[80,18,9648],"id":4566,"original_language":"en","original_title":"Michael Clayton","overview":"A law firm brings in its \"fixer\" to remedy the situation after a lawyer has a breakdown while representing a chemical company that he knows is guilty in a multi-billion dollar class action suit.","release_date":"2007-10-12","poster_path":"/mp5EXtB4OWWktpaARXcu58uRCAP.jpg","popularity":0.701844,"title":"Michael Clayton","video":false,"vote_average":6.2,"vote_count":138},{"adult":false,"backdrop_path":"/aRzZhu6hNg3FgSH8ZsOPJG4ie0Y.jpg","genre_ids":[35],"id":195589,"original_language":"en","original_title":"Neighbors","overview":"A couple with a newborn baby face unexpected difficulties after they are forced to live next to a fraternity house.","release_date":"2014-05-09","poster_path":"/bpj8myebvnTw5HDmzTSI8N6WFYr.jpg","popularity":3.810623,"title":"Neighbors","video":false,"vote_average":6.2,"vote_count":983},{"adult":false,"backdrop_path":"/npmNXZNo3uQvJghUfzXWUEm3J3J.jpg","genre_ids":[18,10749],"id":1259,"original_language":"en","original_title":"Notes on a Scandal","overview":"A veteran high school teacher befriends a younger art teacher, who is having an affair with one of her 15-year-old students. However, her intentions with this new \"friend\" also go well beyond platonic friendship.","release_date":"2006-12-25","poster_path":"/auGdbhh2LklmZV1LLLwQ5uvHiX4.jpg","popularity":0.356625,"title":"Notes on a Scandal","video":false,"vote_average":6.2,"vote_count":56},{"adult":false,"backdrop_path":"/ljUOge9fGvyg47iK1GAjuNiVwBB.jpg","genre_ids":[35],"id":9012,"original_language":"en","original_title":"Jackass: The Movie","overview":"Johnny Knoxville and his crazy friends appear on the big screen for the very first time in Jackass: The Movie. They wander around Japan in panda outfits, wreak havoc on a once civilized golf course, they even do stunts involving LIVE alligators, and so on. While Johnny Knoxvile and his pals put their life at risk, they are entertaining people at the same time. Get ready for Jackass: The Movie!!","release_date":"2002-10-21","poster_path":"/iCB8mLrRoMp6sFta1qgZyZgmu9W.jpg","popularity":1.871004,"title":"Jackass: The Movie","video":false,"vote_average":6.2,"vote_count":103},{"adult":false,"backdrop_path":"/tZGKKeWGejt63jiSdi7MTAjCFE9.jpg","genre_ids":[16,35,12,10751],"id":57800,"original_language":"en","original_title":"Ice Age: Continental Drift","overview":"Manny, Diego, and Sid embark upon another adventure after their continent is set adrift. Using an iceberg as a ship, they encounter sea creatures and battle pirates as they explore a new world.","release_date":"2012-07-13","poster_path":"/u30xsZd3mijrdBKA6CeDsozx48g.jpg","popularity":3.005142,"title":"Ice Age: Continental Drift","video":false,"vote_average":6.2,"vote_count":1439},{"adult":false,"backdrop_path":"/kOELgNnVt6EGCjtDXx85YUw6p8X.jpg","genre_ids":[12,28,53],"id":956,"original_language":"en","original_title":"Mission: Impossible III","overview":"Retired from active duty to train new IMF agents, Ethan Hunt is called back into action to confront sadistic arms dealer Owen Davian. Hunt must try to protect his girlfriend while working with his new team to complete the mission.","release_date":"2006-05-04","poster_path":"/qjy8ABAbWooV4jLG6UjzDHlv4RB.jpg","popularity":4.336987,"title":"Mission: Impossible III","video":false,"vote_average":6.2,"vote_count":821}],"total_pages":180,"total_results":3596}
