{"page":159,"results":[{"adult":false,"backdrop_path":"/uNQhUXEWOeU914lqfNcCAbaL8bJ.jpg","genre_ids":[28,35,27,53],"id":8869,"original_language":"en","original_title":"Eight Legged Freaks","overview":"The residents of a rural mining town discover that an unfortunate chemical spill has caused hundreds of little spiders to mutate overnight to the size of SUVs. It's then up to mining engineer Chris McCormack and Sheriff Sam Parker to mobilize an eclectic group of townspeople, including the Sheriff's young son, Mike, her daughter, Ashley, and paranoid radio announcer Harlan, into battle against the bloodthirsty eight-legged beasts.","release_date":"2002-07-17","poster_path":"/bZ0NbGYLsMQvJK0DZbr8uu9poHU.jpg","popularity":0.484337,"title":"Eight Legged Freaks","video":false,"vote_average":5.5,"vote_count":70},{"adult":false,"backdrop_path":"/bnxnfJToN3DRGZ6Maqz5hGpMXAB.jpg","genre_ids":[12,10751,14,878,53,28],"id":13836,"original_language":"en","original_title":"Race to Witch Mountain","overview":"A taxi driver gets more than he bargained for when he picks up two teen runaways. Not only does the pair possess supernatural powers, but they're also trying desperately to escape people who have made them their targets.","release_date":"2009-03-12","poster_path":"/jKGmK0nWoPNnHypfWgL7ZI7fN5Q.jpg","popularity":2.282039,"title":"Race to Witch Mountain","video":false,"vote_average":5.5,"vote_count":170},{"adult":false,"backdrop_path":"/g9CDUXFBflsIch95wZxeNajTTX2.jpg","genre_ids":[53],"id":70435,"original_language":"en","original_title":"Haywire","overview":"Mallory Kane is a highly trained operative who works for a government security contractor in the dirtiest, most dangerous corners of the world. After successfully freeing a Chinese journalist held hostage, she is double crossed and left for dead by someone close to her in her own agency. Suddenly the target of skilled assassins who know her every move, Mallory must find the truth in order to stay alive.","release_date":"2011-12-31","poster_path":"/o12IDVPUYOhbe3MnQGmbaUreRn9.jpg","popularity":2.165716,"title":"Haywire","video":false,"vote_average":5.5,"vote_count":200},{"adult":false,"backdrop_path":"/4B0HpfKb4e8VJngnzMzHON7OTfp.jpg","genre_ids":[28,12,18,53],"id":11866,"original_language":"en","original_title":"Flight of the Phoenix","overview":"When an Amacor oil rig in the Gobi Desert of Mongolia proves unproductive, Captain Frank Towns and copilot \"A.J.\" are sent to shut the operation down. However, on their way to Beijing, a major dust storm forces them to ditch their C-119 Flying Boxcar in an uncharted area of the desert.","release_date":"2004-12-17","poster_path":"/qecorw3Y4UtHabV0pskpvbJylms.jpg","popularity":0.71389,"title":"Flight of the Phoenix","video":false,"vote_average":5.5,"vote_count":77},{"adult":false,"backdrop_path":"/fjJyicmZ7wfsZrRuv1Ve2Vv0Zlf.jpg","genre_ids":[28,80,14,53],"id":47327,"original_language":"en","original_title":"Drive Angry","overview":"Milton is a hardened felon who has broken out of Hell, intent on finding the vicious cult who brutally murdered his daughter and kidnapped her baby. He joins forces with Piper, a sexy, tough-as-nails waitress with a 69 Charger, who's also seeking redemption of her own. Caught in a deadly race against time, Milton has three days to avoid capture, avenge his daughter's death, and save her baby before she's mercilessly sacrificed by the cult.","release_date":"2011-02-24","poster_path":"/afYwV0EAO8YLRyrTnNaSRysDrCh.jpg","popularity":1.211628,"title":"Drive Angry","video":false,"vote_average":5.5,"vote_count":241},{"adult":false,"backdrop_path":"/hm6ohX7n6xAfhVQIxnAiyrIIb9w.jpg","genre_ids":[35,10751],"id":11674,"original_language":"en","original_title":"101 Dalmatians","overview":"The Live action adaptation of a Disney Classic. When a litter of dalmatian puppies are abducted by the minions of Cruella De Vil, the parents must find them before she uses them for a diabolical fashion statement.","release_date":"1996-11-17","poster_path":"/54SKV7ALfiVGJBzoStGTLYkRZEM.jpg","popularity":0.862487,"title":"101 Dalmatians","video":false,"vote_average":5.5,"vote_count":167},{"adult":false,"backdrop_path":"/bBIVXF96zbNtXmoAdMfstKAfMXU.jpg","genre_ids":[28],"id":27573,"original_language":"en","original_title":"The Bounty Hunter","overview":"Milo Boyd is a bounty hunter whose latest gig is rather satisfying, as he finds out that the bail-skipper he must chase down is his own ex-wife, Nicole -- but she has no intention of getting nabbed without a fight. Complicating matters, Nicole's wannabe-boyfriend, Stewart, joins the chase.","release_date":"2010-03-19","poster_path":"/lAuOwnlWrBOOiWGpS3wqhfF4CRx.jpg","popularity":1.1316,"title":"The Bounty Hunter","video":false,"vote_average":5.4,"vote_count":323},{"adult":false,"backdrop_path":"/gofH6jMZLo8AEC7YUExigYiCjSa.jpg","genre_ids":[12,28,53],"id":709,"original_language":"en","original_title":"Licence to Kill","overview":"James Bond and his American colleague Felix Leiter arrest the drug lord Sanchez who succeeds in escaping and takes revenge on Felix and his wife. Bond knows but just one thing: revenge.","release_date":"1989-08-03","poster_path":"/27EySoBH3oBuI6xat2QOquB9X8j.jpg","popularity":2.460839,"title":"Licence to Kill","video":false,"vote_average":5.4,"vote_count":226},{"adult":false,"backdrop_path":"/8H21Fq1iki6xNIUFjZQJilvIzxC.jpg","genre_ids":[28,12,80],"id":93828,"original_language":"en","original_title":"Welcome to the Punch","overview":"When notorious criminal Jacob Sternwood is forced to return to London, it gives detective Max Lewinsky one last chance to take down the man he's always been after.","release_date":"2013-03-15","poster_path":"/jUQfV0gMwlhVdFF2R4tP0iswnWp.jpg","popularity":1.713211,"title":"Welcome to the Punch","video":false,"vote_average":5.4,"vote_count":146},{"adult":false,"backdrop_path":"/6dJgvOSLD6DKYqd29HsC10Cjyii.jpg","genre_ids":[27],"id":72331,"original_language":"en","original_title":"Abraham Lincoln: Vampire Hunter","overview":"President Lincoln's mother is killed by a supernatural creature, which fuels his passion to crush vampires and their slave-owning helpers.","release_date":"2012-06-22","poster_path":"/lHcaLiPDDrLmJAL2MTlMzgM2s2x.jpg","popularity":2.78507,"title":"Abraham Lincoln: Vampire Hunter","video":false,"vote_average":5.4,"vote_count":628},{"adult":false,"backdrop_path":"/uiEbRK4w8IGSMs1o1qlRS7epQL2.jpg","genre_ids":[27,53],"id":89691,"original_language":"en","original_title":"ATM","overview":"On a late night visit to an ATM, three co-workers end up in a desperate fight for their lives when they become trapped by an unknown man.","release_date":"2012-04-06","poster_path":"/rHKI6YzC3DDFRsga83Dy7zFjQUY.jpg","popularity":1.868283,"title":"ATM","video":false,"vote_average":5.4,"vote_count":56},{"adult":false,"backdrop_path":"/cYfjQSd4naVQwJ3OarKdpbIBzwA.jpg","genre_ids":[28,35,878],"id":9890,"original_language":"en","original_title":"The Stepford Wives","overview":"What does it take to become a Stepford wife, a woman perfect beyond belief? Ask the Stepford husbands, who've created this high-tech terrifying little town, in a very modern comedy-thriller.","release_date":"2004-06-10","poster_path":"/zyRTua3RVN3eLaIoXkdiy4XfF4s.jpg","popularity":0.571055,"title":"The Stepford Wives","video":false,"vote_average":5.4,"vote_count":89},{"adult":false,"backdrop_path":"/kiFGR7UkelbpZGF64jkD6KgkoLR.jpg","genre_ids":[12,14,28],"id":9626,"original_language":"en","original_title":"Red Sonja","overview":"The tyrant Gedren seeks the total power in a world of barbarism. She raids the city Hablac and kills the keeper of a talisman that gives her great power. Red Sonja, sister of the keeper, sets out with her magic sword to overthrow Gedren.","release_date":"1985-07-03","poster_path":"/lvRlHJeMAYlUzSD8cebfIfNOhyl.jpg","popularity":1.816419,"title":"Red Sonja","video":false,"vote_average":5.4,"vote_count":61},{"adult":false,"backdrop_path":"/qiX6NXakuUQqZsEj60AfZj1tWRb.jpg","genre_ids":[35],"id":38778,"original_language":"en","original_title":"Dinner for Schmucks","overview":"Rising executive Tim Wagner works for a boss who hosts a monthly dinner in which the guest who brings the biggest buffoon gets a career-boost. Tim plans on not attending until he meets Barry, a man who builds dioramas using stuffed mice. Barry's blundering but good intentions send Tim's life into a downward spiral, threatening a major business deal and possibly scuttling Tim's engagement to his fiancee.","release_date":"2010-07-30","poster_path":"/3eaNh9o4idemfhnWGt95mBJks9H.jpg","popularity":1.782228,"title":"Dinner for Schmucks","video":false,"vote_average":5.4,"vote_count":196},{"adult":false,"backdrop_path":"/nq60mZOlrD4mZJg1T4hHUtWTIkN.jpg","genre_ids":[12,14,28,53],"id":1979,"original_language":"en","original_title":"4: Rise of the Silver Surfer","overview":"The Fantastic Four return to the big screen as a new and all powerful enemy threatens the Earth. The seemingly unstoppable 'Silver Surfer', but all is not what it seems and there are old and new enemies that pose a greater threat than the intrepid superheroes realize.","release_date":"2007-06-15","poster_path":"/fXpziQgnBnB4bLgjKhjTbLQumE5.jpg","popularity":4.223982,"title":"Fantastic 4: Rise of the Silver Surfer","video":false,"vote_average":5.4,"vote_count":1062},{"adult":false,"backdrop_path":"/l7hHzXb5cly5dlo6smdpUkOMaoI.jpg","genre_ids":[27,53],"id":76617,"original_language":"fr","original_title":"Texas Chainsaw 3D","overview":"A young woman learns that she has inherited a Texas estate from her deceased grandmother. After embarking on a road trip with friends to uncover her roots, she finds she is the sole owner of a lavish, isolated Victorian mansion. But her newfound wealth comes at a price as she stumbles upon a horror that awaits her in the mansion’s dank cellars.","release_date":"2013-01-04","poster_path":"/ejts0R0cfTWLduGsdEqOiMvFxHP.jpg","popularity":2.241131,"title":"Texas Chainsaw 3D","video":false,"vote_average":5.4,"vote_count":212},{"adult":false,"backdrop_path":"/wNnuYx5tMiVEnru3zJS85kSzzRs.jpg","genre_ids":[35,12],"id":210860,"original_language":"en","original_title":"Mortdecai","overview":"Art dealer, Charles Mortdecai, searches for a stolen painting rumored to contain a secret code that gains access to hidden Nazi gold.","release_date":"2015-01-23","poster_path":"/chgpheyKaJzOVN6u3n2tJupO4aC.jpg","popularity":5.85445,"title":"Mortdecai","video":false,"vote_average":5.4,"vote_count":298},{"adult":false,"backdrop_path":"/qNNJNbqWDa4MrIAPul58U1LVAZ8.jpg","genre_ids":[28,12,35,14,53],"id":4442,"original_language":"en","original_title":"The Brothers Grimm","overview":"Folklore collectors and con artists, Jake and Will Grimm, travel from village to village pretending to protect townsfolk from enchanted creatures and performing exorcisms. They are put to the test, however, when they encounter a real magical curse in a haunted forest with real magical beings, requiring genuine courage.","release_date":"2005-08-26","poster_path":"/g6EgJUwwQre5RsvFj2hDsLzXUsH.jpg","popularity":1.399816,"title":"The Brothers Grimm","video":false,"vote_average":5.4,"vote_count":235},{"adult":false,"backdrop_path":"/jnrvQO04kdoxYzxzIc7VM1meads.jpg","genre_ids":[28,12,878,53],"id":9381,"original_language":"en","original_title":"Babylon A.D.","overview":"In Babylon A.D Vin Diesel stars as a veteran-turned-mercenary who is hired to deliver a package from the ravages of post-apocalyptic Eastern Europe to a destination in the teeming megalopolis of New York City. The \"package\" is a mysterious young woman with a secret.","release_date":"2008-08-29","poster_path":"/ipAZBhmBsJa6W8iKwtJL0u02bPb.jpg","popularity":2.533207,"title":"Babylon A.D.","video":false,"vote_average":5.4,"vote_count":282},{"adult":false,"backdrop_path":"/qC0gb4cvExJiYU5FFzab0jnG2ul.jpg","genre_ids":[28],"id":13051,"original_language":"en","original_title":"Max Payne","overview":"Coming together to solve a series of murders in New York City are a DEA agent whose family was slain as part of a conspiracy and an assassin out to avenge her sister's death. The duo will be hunted by the police, the mob, and a ruthless corporation.","release_date":"2008-10-16","poster_path":"/7zb2UsXRhcJn0NVk0wGBD2F7ML6.jpg","popularity":2.018743,"title":"Max Payne","video":false,"vote_average":5.4,"vote_count":218}],"total_pages":180,"total_results":3596}
