{"page":56,"results":[{"adult":false,"backdrop_path":"/lEvg91PgSG2Z7ooB4URA4vxfHDJ.jpg","genre_ids":[35,18,10749],"id":212716,"original_language":"en","original_title":"What If","overview":"A story of a young man and woman who struggle to navigate their friendship, which has developed a deep romantic undercurrent.","release_date":"2013-09-07","poster_path":"/g5vPBCJbBX36oikg68brcl7PU5a.jpg","popularity":1.629622,"title":"What If","video":false,"vote_average":6.7,"vote_count":227},{"adult":false,"backdrop_path":"/yJjvkbIZesG6ViXDsOLOufmTEIX.jpg","genre_ids":[18,80,9648,53],"id":3432,"original_language":"en","original_title":"Mr. Brooks","overview":"A psychological thriller about a man who is sometimes controlled by his murder-and-mayhem-loving alter ego.","release_date":"2007-06-01","poster_path":"/atLwYVquG4YrGEk06tx9tJuTcN5.jpg","popularity":2.192139,"title":"Mr. Brooks","video":false,"vote_average":6.7,"vote_count":163},{"adult":false,"backdrop_path":"/3HVvtFm9NvOfn1u3yfeEugh2ZWj.jpg","genre_ids":[12,16,14,878,10751],"id":9016,"original_language":"en","original_title":"Treasure Planet","overview":"When space galleon cabin boy Jim Hawkins discovers a map to an intergalactic \"loot of a thousand worlds,\" a cyborg cook named John Silver teaches him to battle supernovas and space storms. But, soon, Jim realizes Silver is a pirate intent on mutiny!","release_date":"2002-11-27","poster_path":"/gFfZVblQoExIVK4PVCJ9xZZJJKy.jpg","popularity":1.719447,"title":"Treasure Planet","video":false,"vote_average":6.7,"vote_count":260},{"adult":false,"backdrop_path":"/eTxgy8eROB5Ly7ZXKLukQoF6tKl.jpg","genre_ids":[27,878],"id":11549,"original_language":"en","original_title":"Invasion of the Body Snatchers","overview":"A small-town doctor learns that the population of his community is being replaced by emotionless alien duplicates.","release_date":"1956-02-05","poster_path":"/fqsd3AZBWPb3FrAXsghumyv5ToU.jpg","popularity":0.598921,"title":"Invasion of the Body Snatchers","video":false,"vote_average":6.7,"vote_count":79},{"adult":false,"backdrop_path":"/5oULqegVKFW58cgSxPd5DHE81yN.jpg","genre_ids":[16,10751],"id":81188,"original_language":"en","original_title":"Rise of the Guardians","overview":"When an evil spirit known as Pitch lays down the gauntlet to take over the world, the immortal Guardians must join forces for the first time to protect the hopes, beliefs and imagination of children all over the world.","release_date":"2012-11-29","poster_path":"/sIZr3pWcnLTjMkOaTkBrV967lTK.jpg","popularity":2.935202,"title":"Rise of the Guardians","video":false,"vote_average":6.7,"vote_count":845},{"adult":false,"backdrop_path":"/5TWV9almHDBywbULDFdYMMdmEEw.jpg","genre_ids":[18,9648],"id":1923,"original_language":"en","original_title":"Twin Peaks: Fire Walk with Me","overview":"In the folksy town of Deerfield, Wash., FBI Agent Desmond (Chris Isaak) inexplicably disappears while hunting for the man who murdered a teen girl. The killer is never apprehended, and, after experiencing dark visions and supernatural encounters, Agent Dale Cooper (Kyle MacLachlan) chillingly predicts that the culprit will claim another life. Meanwhile, in the similarly cozy town of Twin Peaks, hedonistic beauty Lara Palmer (Sheryl Lee) hangs with lowlifes and seems destined for a grisly fate.","release_date":"1992-05-01","poster_path":"/lGdKDTZLXPFzij5Q3LJ8djbt2Ed.jpg","popularity":0.86994,"title":"Twin Peaks: Fire Walk with Me","video":false,"vote_average":6.7,"vote_count":67},{"adult":false,"backdrop_path":"/5xh0qSAIBnE4RlntpjlVUAWKObn.jpg","genre_ids":[12,14,10751],"id":10323,"original_language":"en","original_title":"Clash of the Titans","overview":"To win the right to marry his love, the beautiful princess Andromeda, and fulfil his destiny, Perseus must complete various tasks including taming Pegasus, capturing Medusa's head, and battling the Kraken monster.","release_date":"1981-06-12","poster_path":"/75OBW467vx8ceJMSRK4NhOXk5Rc.jpg","popularity":0.557922,"title":"Clash of the Titans","video":false,"vote_average":6.7,"vote_count":59},{"adult":false,"backdrop_path":"/eQBV2zuF7Vr8NShbDPcEACXun9B.jpg","genre_ids":[18],"id":5123,"original_language":"en","original_title":"August Rush","overview":"A drama with fairy tale elements, where an orphaned musical prodigy uses his gift as a clue to finding his birth parents.","release_date":"2007-11-21","poster_path":"/j8kUdhnIlYsgvL0u4EUKEzWUrbo.jpg","popularity":2.091393,"title":"August Rush","video":false,"vote_average":6.7,"vote_count":206},{"adult":false,"backdrop_path":"/vPfmHdjbms87scKIhmzg9QGRfSc.jpg","genre_ids":[18,53,80,878],"id":10559,"original_language":"en","original_title":"Frequency","overview":"When a rare phenomenon gives police officer John Sullivan the chance to speak to his father, 30 years in the past, he takes the opportunity to prevent his dad's tragic death.  After his actions inadvertently give rise to a series of brutal murders he and his father must find a way to fix the consequences of altering time.","release_date":"2000-04-28","poster_path":"/n0QAAZmIaPPIShVkk8eiKwfGV9.jpg","popularity":2.104263,"title":"Frequency","video":false,"vote_average":6.7,"vote_count":111},{"adult":false,"backdrop_path":"/hxU2uN1qUp8nptZcHqju5Byk7FQ.jpg","genre_ids":[16,10751],"id":9444,"original_language":"en","original_title":"Anastasia","overview":"This animated adventure retells the story of the lost daughter of Russia's last czar. The evil Rasputin places a curse on the Romanov family, and Anastasia and her grandmother, Empress Maria, get separated. After growing up in an orphanage, Anastasia encounters two Russian men seeking a reward offered by Empress Maria for the return of her granddaughter. The trio travels to Paris, where they find that the empress has grown skeptical of imposters.","release_date":"1997-11-21","poster_path":"/dKJ6OOYlHGPARKidvP1kYJjXW29.jpg","popularity":0.929608,"title":"Anastasia","video":false,"vote_average":6.7,"vote_count":296},{"adult":false,"backdrop_path":"/kKzJg9y0DtUTn3CGktEj4Y55ZGm.jpg","genre_ids":[35,14,10749],"id":11824,"original_language":"en","original_title":"Teen Wolf","overview":"What's a high school kid got to do to be popular? Just let down his hair and howl! Starring Michael J. Fox (Back to the Future) Teen Wolf is an outrageous comedy about a shy teenager with more than a changing voice to contend with... he's a budding young werewolf! And when his new-found powers help him score at basketball - and with the popular girls - he has some pretty hairy decisions to make.","release_date":"1985-08-23","poster_path":"/3TKJbKNpHvRP8YVnwbgfok41AAC.jpg","popularity":1.346447,"title":"Teen Wolf","video":false,"vote_average":6.7,"vote_count":62},{"adult":false,"backdrop_path":"/3cByNxnX4IV8mH9SL5nAulsscQX.jpg","genre_ids":[35],"id":177699,"original_language":"en","original_title":"Alan Partridge: Alpha Papa","overview":"Alan Partridge has had many ups and downs in life. National television broadcaster. Responsible for killing a guest on live TV. Local radio broadcaster. Nervous breakdown in Dundee. A self-published book, 'Bouncing Back', which was subsequently remaindered and pulped. Alan Partridge: Alpha Papa portrays the events of the greatest low-to-high ebb spectrum in his life to date, namely how he tries to salvage his public career while negotiating a potentially violent turn of events at North Norfolk Digital Radio.","release_date":"2013-07-24","poster_path":"/fkzq56ylSWZ8lJGXs1J6JZwKgmo.jpg","popularity":1.885521,"title":"Alan Partridge: Alpha Papa","video":false,"vote_average":6.7,"vote_count":60},{"adult":false,"backdrop_path":"/pV3LyrIFTodujodc9mceF92zZog.jpg","genre_ids":[37],"id":642,"original_language":"en","original_title":"Butch Cassidy and the Sundance Kid","overview":"In late 1890s Wyoming, Butch Cassidy is the affable, clever, talkative leader of the outlaw Hole in the Wall Gang. His closest companion is the laconic dead-shot \"Sundance Kid\".  As the west rapidly becomes civilized, the law finally catches up to Butch, Sundance and their gang.  Chased doggedly by a special posse, the two decide to make their way to South America in hopes of evading their pursuers once and for all.","release_date":"1969-09-23","poster_path":"/kppsWIOt3lRcToYONP6TxEP3lfa.jpg","popularity":0.688986,"title":"Butch Cassidy and the Sundance Kid","video":false,"vote_average":6.7,"vote_count":255},{"adult":false,"backdrop_path":"/4uJZvmEMX6Z6ag3bzym5exLY9wI.jpg","genre_ids":[18],"id":65,"original_language":"en","original_title":"8 Mile","overview":"The setting is Detroit in 1995. The city is divided by 8 Mile, a road that splits the town in half along racial lines. A young white rapper, Jimmy \"B-Rabbit\" Smith Jr summons strength within himself to cross over these arbitrary boundaries to fulfill his dream of success in hip hop. With future and the three one third all he has to do is not choke.","release_date":"2002-11-08","poster_path":"/dXzTrKwpbLpCqn8O70FUUhNbYQT.jpg","popularity":1.57062,"title":"8 Mile","video":false,"vote_average":6.7,"vote_count":355},{"adult":false,"backdrop_path":"/anr9X6KpybcZrj6vgqYP0epSTue.jpg","genre_ids":[27,28,53,80],"id":755,"original_language":"en","original_title":"From Dusk Till Dawn","overview":"Seth Gecko and his younger brother Richard are on the run after a bloody bank robbery in Texas. They escape across the border into Mexico and will be home-free the next morning, when they pay off the local kingpin. They just have to survive 'from dusk till dawn' at the rendezvous point, which turns out to be a Hell of a strip joint.","release_date":"1996-01-18","poster_path":"/ce0d4kM5KxT4x1Oq8JkSuNYevri.jpg","popularity":2.988957,"title":"From Dusk Till Dawn","video":false,"vote_average":6.7,"vote_count":464},{"adult":false,"backdrop_path":"/64voYgYvbD4Serj71NWITiPTipK.jpg","genre_ids":[18,10751,16,12],"id":4978,"original_language":"en","original_title":"An American Tail","overview":"A young mouse named Fievel and his family decide to migrate to America, a \"land without cats,\" at the turn of the 20th century. But somehow, Fievel ends up in the New World alone and must fend off not only the felines he never thought he'd have to deal with again but also the loneliness of being away from home.","release_date":"1986-11-21","poster_path":"/glZNfxN4cef0pJeD08xru7ZVWlI.jpg","popularity":1.852141,"title":"An American Tail","video":false,"vote_average":6.7,"vote_count":80},{"adult":false,"backdrop_path":"/z4ccpsGv1xdCALl3red132bMpmC.jpg","genre_ids":[28,12,35,37],"id":15067,"original_language":"ko","original_title":"Joheunnom nabbeunnom isanghannom","overview":"The story of three Korean outlaws in 1930s Manchuria and their dealings with the Japanese army and Chinese and Russian bandits. The Good (a Bounty hunter), the Bad (a hitman), and the Weird (a thief) battle the army and the bandits in a race to use a treasure map to uncover the riches of legend.","release_date":"2008-07-16","poster_path":"/xPCW8yNfDMQVIJhLHfVbI4MFHZr.jpg","popularity":2.249064,"title":"The Good, The Bad, The Weird","video":false,"vote_average":6.7,"vote_count":59},{"adult":false,"backdrop_path":"/dCxDSrWH5rScn1RQn3NZZh6iY0r.jpg","genre_ids":[35,18,14],"id":2657,"original_language":"en","original_title":"Pleasantville","overview":"Geeky teenager David and his popular twin sister, Jennifer, get sucked into the black-and-white world of a 1950s TV sitcom called \"Pleasantville,\" and find a world where everything is peachy keen all the time. But when Jennifer's modern attitude disrupts Pleasantville's peaceful but boring routine, she literally brings color into its life.","release_date":"1998-09-17","poster_path":"/x8MtiTDDhmQBRKRw06d7o05Nss7.jpg","popularity":0.424458,"title":"Pleasantville","video":false,"vote_average":6.7,"vote_count":118},{"adult":false,"backdrop_path":"/YgLdQEPrQ5Sip26pfmWd7wm6WK.jpg","genre_ids":[14],"id":13597,"original_language":"en","original_title":"Labyrinth","overview":"Frustrated with baby-sitting on yet another weekend night, Sarah - a teenager with an active imagination - summons the Goblins from her favourite book, \"Labyrinth\", to take the baby step-brother away. When little Toby actually disappears, Sarah must follow him into the world of the fairy tale to rescue him from the Goblin King!","release_date":"1986-06-27","poster_path":"/lt7G8X1E8LUMfh6lPtnoZ4QYsKR.jpg","popularity":0.719812,"title":"Labyrinth","video":false,"vote_average":6.7,"vote_count":191},{"adult":false,"backdrop_path":"/h7wpg5eYpSAWTB7K3GEccNWjTEm.jpg","genre_ids":[28,80,18,53],"id":916,"original_language":"de","original_title":"Bullitt","overview":"Bullitt is an American action thriller from director Peter Yates from 1968. Steven Mcqueen plays the leading role as a mafia-chasing police officer who must protect a valuable witness. The film’s ten minute high speed pursuit is legendary.","release_date":"1968-10-17","poster_path":"/oyhnoFu2oKQfAIdu9YU8I8Ne0pX.jpg","popularity":0.573105,"title":"Bullitt","video":false,"vote_average":6.7,"vote_count":66}],"total_pages":180,"total_results":3596}
