{"page":95,"results":[{"adult":false,"backdrop_path":"/hJxUb5YljPWhoJPoQyctlMxxNS4.jpg","genre_ids":[18,10749],"id":64678,"original_language":"en","original_title":"The Art of Getting By","overview":"George, a lonely and fatalistic teen who's made it all the way to his senior year without ever having done a real day of work, is befriended by Sally, a popular but complicated girl who recognizes in him a kindred spirit.","release_date":"2011-06-17","poster_path":"/uuf5YRJ46zktEXmxAW99ElpYhcK.jpg","popularity":0.775476,"title":"The Art of Getting By","video":false,"vote_average":6.3,"vote_count":108},{"adult":false,"backdrop_path":"/k86wUuUvPVZvM3zwxEhImpfyLq0.jpg","genre_ids":[28,35,80,10749],"id":3172,"original_language":"en","original_title":"Bandits","overview":"Two bank robbers fall in love with the girl they've kidnapped.","release_date":"2001-10-12","poster_path":"/3wTzOr0CekiBJZL7ZiNE2y2H16N.jpg","popularity":1.028209,"title":"Bandits","video":false,"vote_average":6.3,"vote_count":98},{"adult":false,"backdrop_path":"/rgi3ykaqwcC8s4FiQ8QEhdvk662.jpg","genre_ids":[53,9648],"id":11439,"original_language":"en","original_title":"The Ghost Writer","overview":"A writer stumbles upon a long-hidden secret when he agrees to help former British Prime Minister Adam Lang complete his memoirs on a remote island after the politician's assistant drowns in a mysterious accident. In director Roman Polanski's tense drama, the author realizes that his discovery threatens some very powerful people who will do anything to ensure that certain episodes from Lang's past remain buried.","release_date":"2010-02-12","poster_path":"/p4HtT6IHPAVg8usYdyv8gZN8Qbm.jpg","popularity":1.987451,"title":"The Ghost Writer","video":false,"vote_average":6.3,"vote_count":203},{"adult":false,"backdrop_path":"/nCP8WeXDgFf2WQmnFaDjTWTo59L.jpg","genre_ids":[35,12],"id":11282,"original_language":"en","original_title":"Harold & Kumar Go to White Castle","overview":"Sometimes, it takes a strange night to put everything else into focus. And that's exactly what happens to Harold and his roommate, Kumar, when they set out to get the best stoner fix money can buy: White Castle hamburgers. Both guys are at a crossroads, about to make major decisions that will affect the course of their lives. Yet they arrive at wisdom by accident as they drive around New Jersey in search of fast food.","release_date":"2004-05-30","poster_path":"/wmLW4WTxXTTzD3nruLVWTl3m55b.jpg","popularity":2.439871,"title":"Harold & Kumar Go to White Castle","video":false,"vote_average":6.3,"vote_count":272},{"adult":false,"backdrop_path":"/6JYONYxVrPPOI3vErCLVP5aaiGQ.jpg","genre_ids":[18,10751,10749,10402],"id":9816,"original_language":"en","original_title":"Save the Last Dance","overview":"A white midwestern girl moves to Chicago, where her new boyfriend is a black teen from the South Side with a rough, semi-criminal past.","release_date":"2001-01-12","poster_path":"/jnutEFGGdjJrLDxzJykI4ZviGe8.jpg","popularity":1.644923,"title":"Save the Last Dance","video":false,"vote_average":6.3,"vote_count":93},{"adult":false,"backdrop_path":"/a8MKD2z2UuptTaA26ueJVJk3GGb.jpg","genre_ids":[12,28,53,9648],"id":2059,"original_language":"en","original_title":"National Treasure","overview":"Modern treasure hunters, led by archaeologist Ben Gates, search for a chest of riches rumored to have been stashed away by George Washington, Thomas Jefferson and Benjamin Franklin during the Revolutionary War. The chest's whereabouts may lie in secret clues embedded in the Constitution and the Declaration of Independence, and Gates is in a race to find the gold before his enemies do.","release_date":"2004-11-08","poster_path":"/luMoc56LLMWUt60vUNNpwxrbTNt.jpg","popularity":2.565327,"title":"National Treasure","video":false,"vote_average":6.3,"vote_count":708},{"adult":false,"backdrop_path":"/cC8xK5DTZkOG92nBB2sMDcedmse.jpg","genre_ids":[35,10749],"id":11846,"original_language":"en","original_title":"Father of the Bride","overview":"George Banks is an ordinary, middle-class man whose 21 year-old daughter Annie has decided to marry a man from an upper-class family, but George can't think of what life would be like without his daughter. He becomes slightly insane, but his wife tries to make him happy for Annie, but when the wedding takes place at their home and a foreign wedding planner takes over the ceremony.","release_date":"1991-12-20","poster_path":"/bNQpz6e35wuA3QgJb9VF2oUpZNA.jpg","popularity":0.600612,"title":"Father of the Bride","video":false,"vote_average":6.3,"vote_count":100},{"adult":false,"backdrop_path":"/4li3yPTAwc64iGdGR2GMafLxPvF.jpg","genre_ids":[10751,14],"id":16523,"original_language":"en","original_title":"Where the Wild Things Are","overview":"Max imagines running away from his mom and sailing to a far-off land where large talking beasts -- Ira, Carol, Douglas, the Bull, Judith and Alexander -- crown him as their king, play rumpus, build forts and discover secret hideaways.","release_date":"2009-10-16","poster_path":"/h6obMSAV3yi5TL3Srh8tiXpre1a.jpg","popularity":1.735021,"title":"Where the Wild Things Are","video":false,"vote_average":6.3,"vote_count":169},{"adult":false,"backdrop_path":"/a2zIKDg5QGFc2vzdaPXT7uZKipe.jpg","genre_ids":[28,27,53],"id":1992,"original_language":"en","original_title":"Planet Terror","overview":"Two doctors find their graveyard shift inundated with townspeople ravaged by sores. Among the wounded is Cherry, a dancer whose leg was ripped from her body. As the invalids quickly become enraged aggressors, Cherry and her ex-boyfriend Wray lead a team of accidental warriors into the night.","release_date":"2007-04-06","poster_path":"/7Yjzttt0VfPphSsUg8vFUO9WaEt.jpg","popularity":1.29105,"title":"Planet Terror","video":false,"vote_average":6.3,"vote_count":309},{"adult":false,"backdrop_path":"/m6gLGI5PorxfX1ZeicIQ3UgtvHP.jpg","genre_ids":[35,10749,18],"id":9870,"original_language":"en","original_title":"Forgetting Sarah Marshall","overview":"When Sarah Marshall dumps aspiring musician Peter Bretter for rock star Aldous Snow, Peter's world comes crashing down. His best friend suggests that Peter should get away from everything and to fly off to Hawaii to escape all his problems. After arriving in Hawaii and meeting the beautiful Rachel Jansen, Peter is shocked to see not only Aldous Snow in Hawaii, but also Sarah Marshall.","release_date":"2008-04-17","poster_path":"/rAXlZmQ3gg4mScySg1kvs0ZLdCb.jpg","popularity":2.085162,"title":"Forgetting Sarah Marshall","video":false,"vote_average":6.3,"vote_count":369},{"adult":false,"backdrop_path":"/hyNTEAXWNvPANHYw80b79NAhnU9.jpg","genre_ids":[28,35,53],"id":23631,"original_language":"en","original_title":"Machete","overview":"After being set-up and betrayed by the man who hired him to assassinate a Texas Senator, an ex-Federale launches a brutal rampage of revenge against his former boss.","release_date":"2010-09-01","poster_path":"/3RCX4EzTrpO6wNz536EQPhYM2Fk.jpg","popularity":2.33207,"title":"Machete","video":false,"vote_average":6.3,"vote_count":418},{"adult":false,"backdrop_path":"/ehc2PWa6mQv4NviHis22TcjVtyn.jpg","genre_ids":[80,18,53],"id":37414,"original_language":"en","original_title":"The Killer Inside Me","overview":"Deputy Sheriff Lou Ford is a pillar of the community in his small west Texas town, patient and apparently thoughtful. Some people think he is a little slow and maybe boring, but that is the worst they say about him. But then nobody knows about what Lou calls his \"sickness\": he is a brilliant, but disturbed sociopathic sadist.","release_date":"2010-02-19","poster_path":"/9iaV9bNNFBxEWLjnMGvSmnNY4Uj.jpg","popularity":0.718662,"title":"The Killer Inside Me","video":false,"vote_average":6.3,"vote_count":54},{"adult":false,"backdrop_path":"/uMbPbwtAyBvW8y36vyozMTm6KM3.jpg","genre_ids":[35,10749],"id":11622,"original_language":"en","original_title":"Blast from the Past","overview":"Following a bomb scare in the 1960s that locked the Webers into their bomb shelter for 35 years, Adam now ventures forth into Los Angeles to obtain food and supplies for his family, and a non-mutant wife for himself.","release_date":"1999-02-12","poster_path":"/chljpiLSV7XAuKjYTQl3a7w39p8.jpg","popularity":0.744284,"title":"Blast from the Past","video":false,"vote_average":6.3,"vote_count":61},{"adult":false,"backdrop_path":"/jlU4FvYxUXaxyYM0worlD7wHdQj.jpg","genre_ids":[35,10749],"id":2105,"original_language":"en","original_title":"American Pie","overview":"At a high-school party, four friends find that losing their collective virginity isn't as easy as they had thought. But they still believe that they need to do so before college. To motivate themselves, they enter a pact to try to be the first to \"score.\" And of course, the senior prom is their last best chance. As the fateful date draws near, the boys wonder who among them will get lucky.","release_date":"1999-07-09","poster_path":"/dxkSApFLkKkcEQgjCH2KPwTHvw4.jpg","popularity":3.477681,"title":"American Pie","video":false,"vote_average":6.3,"vote_count":896},{"adult":false,"backdrop_path":"/kqKcID44nGtIxhhzmziAX65abRx.jpg","genre_ids":[28,878],"id":49049,"original_language":"en","original_title":"Dredd","overview":"In the future, America is a dystopian wasteland. The latest scourge is Ma-Ma, a prostitute-turned-drug pusher with a dangerous new drug and aims to take over the city. The only possibility of stopping her is an elite group of urban police called Judges, who combine the duties of judge, jury and executioner to deliver a brutal brand of swift justice. But even the top-ranking Judge, Dredd, discovers that taking down Ma-Ma isn’t as easy as it seems in this explosive adaptation of the hugely popular comic series.","release_date":"2012-09-21","poster_path":"/71fkYuMVMtdbREh9Mp3gTFmI8Bv.jpg","popularity":2.704262,"title":"Dredd","video":false,"vote_average":6.3,"vote_count":931},{"adult":false,"backdrop_path":"/6tDYT0R7uzVroxR7W2nppuTv2Ha.jpg","genre_ids":[12,16,878,10751],"id":10865,"original_language":"en","original_title":"Atlantis: The Lost Empire","overview":"The world's most highly qualified crew of archaeologists and explorers is led by historian Milo Thatch as they board the incredible 1,000-foot submarine Ulysses and head deep into the mysteries of the sea.","release_date":"2001-06-15","poster_path":"/9kbLIQEj99g5Hb9g1IG3VNdtt3h.jpg","popularity":2.073143,"title":"Atlantis: The Lost Empire","video":false,"vote_average":6.3,"vote_count":216},{"adult":false,"backdrop_path":"/kRqJP9MJCi85npEPGHLXx1tjw22.jpg","genre_ids":[18,37,80],"id":12690,"original_language":"en","original_title":"Appaloosa","overview":"Two friends hired to police a small town that is suffering under the rule of a rancher find their job complicated by the arrival of a young widow.","release_date":"2008-10-03","poster_path":"/ar26XwTJz6BPFRricdNpMctyjB0.jpg","popularity":2.125506,"title":"Appaloosa","video":false,"vote_average":6.3,"vote_count":95},{"adult":false,"backdrop_path":"/zvVo3p1L0LxoTKhxzXpKRZLYj6b.jpg","genre_ids":[35,18],"id":39781,"original_language":"en","original_title":"The Kids Are All Right","overview":"Two women, Nic and Jules brought a son and daughter into the world through artificial insemination. When one their children reaches age, both kids go behind their mother's backs to meet with the donor. Life becomes so much more interesting when the father, two mothers and children start to become attached to each other.","release_date":"2010-07-09","poster_path":"/fB8DRRd1aw3bug7toO9IRAmCp0d.jpg","popularity":2.005986,"title":"The Kids Are All Right","video":false,"vote_average":6.3,"vote_count":125},{"adult":false,"backdrop_path":"/9hdfNvRsR1A700LwzL4KS4HTCcR.jpg","genre_ids":[18,10749,35],"id":113947,"original_language":"en","original_title":"The Sessions","overview":"Though a childhood bout with polio left him dependent on an iron lung, Mark O'Brien (John Hawkes) maintains a career as a journalist and poet. A writing assignment dealing with sex and the disabled piques Mark's curiosity, and he decides to investigate the possibility of experiencing sex himself. When his overtures toward a caregiver scare her away, he books an appointment with sex surrogate Cheryl Green (Helen Hunt) to lose his virginity.","release_date":"2012-10-18","poster_path":"/kb9WM65efHLhszf0IyFrXvphQMI.jpg","popularity":1.875104,"title":"The Sessions","video":false,"vote_average":6.3,"vote_count":74},{"adult":false,"backdrop_path":"/qsVLxe9PzMcGbpLjxMI1Hp5pDCk.jpg","genre_ids":[28,35,80],"id":36593,"original_language":"en","original_title":"The Naked Gun 33⅓: The Final Insult","overview":"Frank Drebin is persuaded out of retirement to go undercover in a state prison. There he is to find out what top terrorist, Rocco, has planned for when he escapes. Frank's wife, Jane, is desperate for a baby.. this adds to Frank's problems. A host of celebrities at the Academy awards ceremony are humiliated by Frank as he blunders his way trying to foil Rocco.","release_date":"1994-03-18","poster_path":"/k3F8N3jeqXOpm1qjY7mL8O6vdx.jpg","popularity":1.351484,"title":"The Naked Gun 33⅓: The Final Insult","video":false,"vote_average":6.3,"vote_count":113}],"total_pages":180,"total_results":3596}
