{"page":75,"results":[{"adult":false,"backdrop_path":"/cf9WjvymdQMYyHHpp30ePvXrUZG.jpg","genre_ids":[35,10751],"id":2907,"original_language":"en","original_title":"The Addams Family","overview":"Uncle Fester has been missing for 25 years. An evil doctor finds out and introduces a fake Fester in an attempt to get the Adams Family's money. The youngest daughter has some doubts about the new uncle Fester, but the fake uncle adapts very well to the strange family. Can the doctor carry out her evil plans and take over the Adams Family's fortune?","release_date":"1991-11-22","poster_path":"/ajiQj0jbacMAmPxDU3fP9TeIfTi.jpg","popularity":1.982872,"title":"The Addams Family","video":false,"vote_average":6.5,"vote_count":194},{"adult":false,"backdrop_path":"/iNeKWgcTqUJhBToaosUXgca2nSY.jpg","genre_ids":[28,878],"id":2048,"original_language":"en","original_title":"I, Robot","overview":"In the year 2035, where robots are common and abide by the three laws of robotics, a techno-phobic cop investigates an apparent suicide. Suspecting that a robot may be responsible for the death, his investigation leads him to believe that humanity may be in danger.","release_date":"2004-07-15","poster_path":"/2mkFzf168xJrV6Leqq0bjqOlJCK.jpg","popularity":3.238148,"title":"I, Robot","video":false,"vote_average":6.5,"vote_count":1332},{"adult":false,"backdrop_path":"/7GauLmcFx3tzic3B7DxvRM9Y7cN.jpg","genre_ids":[12,14,16,878],"id":37933,"original_language":"en","original_title":"Gedo senki","overview":"Something bizarre has come over the land. The kingdom is deteriorating. People are beginning to act strange... What's even more strange is that people are beginning to see dragons, which shouldn't enter the world of humans. Due to all these bizarre events, Ged, a wandering wizard, is investigating the cause. During his journey, he meets Prince Arren, a young distraught teenage boy. While Arren may look like a shy young teen, he has a severe dark side, which grants him strength, hatred, ruthlessness and has no mercy, especially when it comes to protecting Teru. For the witch Kumo this is a perfect opportunity. She can use the boy's \"fears\" against the very one who would help him, Ged.","release_date":"2006-07-29","poster_path":"/deB7rfqZXpVxdRinyaCeyhwNPbg.jpg","popularity":2.045398,"title":"Tales from Earthsea","video":false,"vote_average":6.5,"vote_count":72},{"adult":false,"backdrop_path":"/qBnkyF3ZvIgvVFf2IM8mqVPti0v.jpg","genre_ids":[28,53],"id":36955,"original_language":"en","original_title":"True Lies","overview":"Harry Tasker is a secret agent for the United States Government. For years, he has kept his job from his wife, but is forced to reveal his identity and try to stop nuclear terrorists when he and his wife are kidnapped by them.","release_date":"1994-07-14","poster_path":"/mTAHr5h5i64hTLqo0cW2X2083Cx.jpg","popularity":1.720813,"title":"True Lies","video":false,"vote_average":6.5,"vote_count":377},{"adult":false,"backdrop_path":"/2Nfwmw7tmz2LGgh0PtmlllQrbaa.jpg","genre_ids":[12,16,28,878,10751],"id":65291,"original_language":"en","original_title":"Green Lantern: Emerald Knights","overview":"As the home planet of the Green Lantern Corps faces a battle with an ancient enemy, Hal Jordan prepares new recruit Arisia for the coming conflict by relating stories of the first Green Lantern and several of Hal's comrades.","release_date":"2011-04-09","poster_path":"/ijFQVrfLMMMKQ4pUkNuRcrXKqMT.jpg","popularity":2.324599,"title":"Green Lantern: Emerald Knights","video":false,"vote_average":6.5,"vote_count":53},{"adult":false,"backdrop_path":"/xJtHIxZ8gga6OYuQ4QEx8ZwjcD0.jpg","genre_ids":[80,9648,53],"id":16617,"original_language":"en","original_title":"Mindhunters","overview":"Trainees in the FBI's psychological profiling program must put their training into practice when they discover a killer in their midst.","release_date":"2004-03-19","poster_path":"/bnGrgK00xeMs85ae5BTOlJjnKTR.jpg","popularity":0.895795,"title":"Mindhunters","video":false,"vote_average":6.5,"vote_count":83},{"adult":false,"backdrop_path":"/6Gr7PeC4JGX7dlb5f0sjsdNwkCm.jpg","genre_ids":[14,18,28,10749],"id":12159,"original_language":"en","original_title":"What Dreams May Come","overview":"Chris Neilson dies to find himself in a heaven more amazing than he could have ever dreamed of. There is one thing missing: his wife. After he dies, his wife, Annie killed herself and went to hell. Chris decides to risk eternity in hades for the small chance that he will be able to bring her back to heaven.","release_date":"1998-10-02","poster_path":"/rNQH6Q8RPXD59aqGckST3CKQbCf.jpg","popularity":2.317587,"title":"What Dreams May Come","video":false,"vote_average":6.5,"vote_count":183},{"adult":false,"backdrop_path":"/uOpFdld7CIifSEoGuRVgWqaeyFs.jpg","genre_ids":[28,35,80],"id":64688,"original_language":"en","original_title":"21 Jump Street","overview":"In high school, Schmidt was a dork and Jenko was the popular jock. After graduation, both of them joined the police force and ended up as partners riding bicycles in the city park. Since they are young and look like high school students, they are assigned to an undercover unit to infiltrate a drug ring that is supplying high school students synthetic drugs.","release_date":"2012-03-12","poster_path":"/mH6xazzfGdszadd1Xy9JgdZYvn1.jpg","popularity":3.647484,"title":"21 Jump Street","video":false,"vote_average":6.5,"vote_count":2110},{"adult":false,"backdrop_path":"/cKUFvH2PFYSW4698z5VG0sP08lw.jpg","genre_ids":[18,36],"id":1887,"original_language":"en","original_title":"Marie Antoinette","overview":"The retelling of France's iconic but ill-fated queen, Marie Antoinette. From her betrothal and marriage to Louis XVI at 15 to her reign as queen at 19 and ultimately the fall of Versailles.","release_date":"2006-05-24","poster_path":"/xOdzoe3tC8X1v7M2Z86sdfjpVrO.jpg","popularity":1.838708,"title":"Marie Antoinette","video":false,"vote_average":6.5,"vote_count":147},{"adult":false,"backdrop_path":"/3gu944cvSn9fY4ON9z7m26v3Rxh.jpg","genre_ids":[18,10749],"id":55787,"original_language":"en","original_title":"Water for Elephants","overview":"In this captivating Depression-era melodrama, impetuous veterinary student Jacob Jankowski joins a celebrated circus as an animal caretaker but faces a wrenching dilemma when he's transfixed by angelic married performer Marlena.","release_date":"2011-03-15","poster_path":"/yL2GKiIZTnr8w3M9NkCXSdbDTxA.jpg","popularity":1.814518,"title":"Water for Elephants","video":false,"vote_average":6.5,"vote_count":277},{"adult":false,"backdrop_path":"/kQlLZ8JgzVhFH6hlZovZycQSxbP.jpg","genre_ids":[10749,35,80,14],"id":854,"original_language":"en","original_title":"The Mask","overview":"When timid bank clerk Stanley Ipkiss (Jim Carrey) discovers a magical mask containing the spirit of the Norse god Loki, his entire life changes. While wearing the mask, Ipkiss becomes a supernatural playboy exuding charm and confidence which allows him to catch the eye of local nightclub singer Tina Carlyle (Cameron Diaz). Unfortunately, under the mask's influence, Ipkiss also robs a bank, which angers junior crime lord Dorian Tyrell (Peter Greene), whose goons get blamed for the heist.","release_date":"1994-07-29","poster_path":"/v8x8p441l1Bep8p82pAG6rduBoK.jpg","popularity":3.253296,"title":"The Mask","video":false,"vote_average":6.5,"vote_count":675},{"adult":false,"backdrop_path":"/lkvnT8SShNsdqM2AR1Lyp15PFrk.jpg","genre_ids":[18,10749],"id":11820,"original_language":"en","original_title":"Mona Lisa Smile","overview":"The story of Katherine Ann Watson, a feminist teacher who studied at UCLA graduate school and in 1953 left her boyfriend behind in Los Angeles, California to teach at Wellesley College, a conservative women's private liberal arts college in Massachusetts, United States.","release_date":"2003-12-19","poster_path":"/zLn6dKedtaR3rnCRohxIxjfqmxV.jpg","popularity":0.666618,"title":"Mona Lisa Smile","video":false,"vote_average":6.5,"vote_count":92},{"adult":false,"backdrop_path":"/ginZN2Kk7KHUGs15BSTN24sQwUp.jpg","genre_ids":[28,80,18],"id":2142,"original_language":"en","original_title":"Cop Land","overview":"Freddy Heflin is the sheriff of a place everyone calls “Cop Land” — a small and seemingly peaceful town populated by the big city police officers he’s long admired. Yet something ugly is taking place behind the town’s peaceful facade. And when Freddy uncovers a massive, deadly conspiracy among these local residents, he is forced to take action and make a dangerous choice between protecting his idols and upholding the law.","release_date":"1997-08-05","poster_path":"/th2UDVewgUAfIXFUaWGWWBxCM91.jpg","popularity":1.566231,"title":"Cop Land","video":false,"vote_average":6.5,"vote_count":83},{"adult":false,"backdrop_path":"/zSn3YztpT8tlScZOGSH7J6cnRFm.jpg","genre_ids":[35],"id":157360,"original_language":"en","original_title":"In a World...","overview":"An underachieving vocal coach is motivated by her father, the king of movie-trailer voice-overs, to pursue her aspirations of becoming a voice-over star. Amidst pride, sexism and family dysfunction, she sets out to change the voice of a generation.","release_date":"2013-08-09","poster_path":"/dNtDUD9OzMSDj5Z7ZyDoouLnioU.jpg","popularity":1.940174,"title":"In a World...","video":false,"vote_average":6.5,"vote_count":80},{"adult":false,"backdrop_path":"/93N1ShuTWxG8e8tkXTr6d2XLOwu.jpg","genre_ids":[18],"id":7972,"original_language":"en","original_title":"Before the Devil Knows You're Dead","overview":"When two brothers organize the robbery of their parents' jewelry store, the job goes horribly wrong, triggering a series of events that send them and their family hurtling towards a shattering climax.","release_date":"2007-09-26","poster_path":"/hngRfUQTZUttbVvAJABzKX83RYA.jpg","popularity":0.716456,"title":"Before the Devil Knows You're Dead","video":false,"vote_average":6.5,"vote_count":80},{"adult":false,"backdrop_path":"/odbEuhGUgSkeWWD1sPoylXTZMUa.jpg","genre_ids":[16,12,35,10751],"id":46195,"original_language":"en","original_title":"Rio","overview":"From the makers of the hit \"Ice Age\" series comes \"Rio,\" a comedy adventure about taking a walk on the wild side. Blu is a domesticated Macaw who never learned to fly, living a comfortable life with his owner and best friend Linda in the small town of Moose Lake, Minnesota. Blu and Linda think he's the last of his kind, but when they learn about another Macaw who lives in Rio de Janeiro, they head to the faraway and exotic land to find Jewel, Blu's female counterpart. Not long after they arrive, Blu and Jewel are kidnapped by a group of bungling animal smugglers. With the help of street smart Jewel, and a group of wise-cracking and smooth-talking city birds, Blu escapes. Now, with his new friends by his side, Blu will have to find the courage to learn to fly, thwart the kidnappers who are hot on their trail, and return to Linda, the best friend a bird ever had.","release_date":"2011-04-15","poster_path":"/tljxcbuC5MT4SzpwAYYYnqlQ9JC.jpg","popularity":3.220573,"title":"Rio","video":false,"vote_average":6.5,"vote_count":1103},{"adult":false,"backdrop_path":"/m5IuPoczdDZyBZJxbOxsIxqghvb.jpg","genre_ids":[80,18,9648,53],"id":16995,"original_language":"en","original_title":"State of Play","overview":"Handsome, unflappable U.S. Congressman Stephen Collins is the future of his political party: an honorable appointee who serves as the chairman of a committee overseeing defense spending. All eyes are upon the rising star to be his party's contender for the upcoming presidential race. Until his research assistant/mistress is brutally murdered and buried secrets come tumbling out.","release_date":"2009-04-17","poster_path":"/lH5rHsUM7Umo9xyyjPguK5kTXKd.jpg","popularity":2.730903,"title":"State of Play","video":false,"vote_average":6.5,"vote_count":150},{"adult":false,"backdrop_path":"/nXII61245PlG2vOH8Yl15WIhJFP.jpg","genre_ids":[16,10402,10751,12,14],"id":10693,"original_language":"en","original_title":"Peter Pan","overview":"Leaving the safety of their nursery behind, Wendy, Michael and John follow Peter Pan to a magical world where childhood lasts forever. But while in Neverland, the kids must face Captain Hook and foil his attempts to get rid of Peter for good.","release_date":"1953-02-05","poster_path":"/n69umC19fsIKXlQBm0eD6waSwpI.jpg","popularity":2.783536,"title":"Peter Pan","video":false,"vote_average":6.5,"vote_count":371},{"adult":false,"backdrop_path":"/etWGD7y6SewUFDJHz4uTbFIOCBT.jpg","genre_ids":[18],"id":130150,"original_language":"en","original_title":"Labor Day","overview":"Depressed single mom Adele and her son Henry offer a wounded, fearsome man a ride. As police search town for the escaped convict, the mother and son gradually learn his true story as their options become increasingly limited.","release_date":"2013-12-27","poster_path":"/4TKMiTqZnG6KJWjmxy2ZCDuG3M0.jpg","popularity":2.218179,"title":"Labor Day","video":false,"vote_average":6.5,"vote_count":116},{"adult":false,"backdrop_path":"/q9eYHkKmZQOKqdOod4w17QXmQPW.jpg","genre_ids":[35],"id":9429,"original_language":"en","original_title":"A Night at the Roxbury","overview":"The story of two wealthy brothers, Steve and Doug Butabi who are trying to get into the hottest club in town, The Roxbury. Unfortunately, the boys are complete and utter losers and have no chance of getting in. However, after the boys get into a little fender bender with Richard Grieco (played by himself), their luck starts to turn around. Based on the popular Saturday Night Live skit","release_date":"1998-10-01","poster_path":"/2FtgYPCD47IZ1yUgr05Zn87M98o.jpg","popularity":1.460597,"title":"A Night at the Roxbury","video":false,"vote_average":6.5,"vote_count":54}],"total_pages":180,"total_results":3596}
