{"page":82,"results":[{"adult":false,"backdrop_path":"/uFuS7ee3n4F8atSJEB4to4htX0d.jpg","genre_ids":[18,36],"id":3291,"original_language":"en","original_title":"Good Night, and Good Luck.","overview":"George Clooney’s fact-based drama about the famous radio journalist Edward R Murrow's stand against Senator McCarthy's anti-communist witch-hunts in the early 1950s.","release_date":"2005-09-16","poster_path":"/2sW2FVIvrYs4NbYKMitjogeFw84.jpg","popularity":0.623464,"title":"Good Night, and Good Luck.","video":false,"vote_average":6.4,"vote_count":79},{"adult":false,"backdrop_path":"/dyVFl6I0IQEKE3YAbLKwYLGymyp.jpg","genre_ids":[28,18,53],"id":117251,"original_language":"en","original_title":"White House Down","overview":"Capitol Policeman John Cale has just been denied his dream job with the Secret Service of protecting President James Sawyer. Not wanting to let down his little girl with the news, he takes her on a tour of the White House, when the complex is overtaken by a heavily armed paramilitary group. Now, with the nation's government falling into chaos and time running out, it's up to Cale to save the president, his daughter, and the country.","release_date":"2013-06-28","poster_path":"/niYdnzkrtBduR5lKtfeLXKXNaTT.jpg","popularity":3.91225,"title":"White House Down","video":false,"vote_average":6.4,"vote_count":900},{"adult":false,"backdrop_path":"/lSFjAP2d4YZA9mcP2A6hTMHPqTY.jpg","genre_ids":[28,12,878,53],"id":1635,"original_language":"en","original_title":"The Island","overview":"Lincoln Six-Echo is a resident of a seemingly Utopian but contained facility in the year 2019. Like all of the inhabitants of this carefully controlled environment, Lincoln hopes to be chosen to go to the \"The Island\" - reportedly the last uncontaminated spot on the planet. But Lincoln soon discovers that everything about his existence is a lie. He and all of the other inhabitants of the facility are actually human clones. Lincoln makes a daring escape with a beautiful fellow resident named Jordan Two-Delta. Relentlessly pursued by the forces of the sinister institute that once housed them, Lincoln and Jordan engage in a race for their lives to literally meet their makers.","release_date":"2005-07-21","poster_path":"/erprD7GIkvZz2KM4Z35eyTJKZMI.jpg","popularity":2.232306,"title":"The Island","video":false,"vote_average":6.4,"vote_count":594},{"adult":false,"backdrop_path":"/qmFR5mJAYRbxRjv88DduDlDxbUX.jpg","genre_ids":[35,10751],"id":6283,"original_language":"en","original_title":"MouseHunt","overview":"Down-on-their luck brothers Lars and Ernie Smuntz (Nathan Lane and Lee Evans) don't think much of the crumbling old mansion they inherit... until they discover the estate is worth millions. But before they can cash in, they've got to rid the house of it's single, stubborn occupant: a tiny and tenacious mouse.","release_date":"1997-12-19","poster_path":"/gQ3Nyb3UkRHyuiN96MNmKmREc6F.jpg","popularity":0.500351,"title":"MouseHunt","video":false,"vote_average":6.4,"vote_count":57},{"adult":false,"backdrop_path":"/52lVqTDhIeNTjT7EiJuovXgw6iE.jpg","genre_ids":[12,14,10751],"id":8844,"original_language":"en","original_title":"Jumanji","overview":"When siblings Judy and Peter discover an enchanted board game that opens the door to a magical world, they unwittingly invite Alan -- an adult who's been trapped inside the game for 26 years -- into their living room. Alan's only hope for freedom is to finish the game, which proves risky as all three find themselves running from giant rhinoceroses, evil monkeys and other terrifying creatures.","release_date":"1995-12-15","poster_path":"/vzmL6fP7aPKNKPRTFnZmiUfciyV.jpg","popularity":2.304358,"title":"Jumanji","video":false,"vote_average":6.4,"vote_count":543},{"adult":false,"backdrop_path":"/5WcDtLGWvV7VMBpTah1Xrw5325A.jpg","genre_ids":[28,12,18,10749],"id":8367,"original_language":"en","original_title":"Robin Hood: Prince of Thieves","overview":"When the dastardly Sheriff of Nottingham murders Robin's father, the legendary archer vows vengeance. To accomplish his mission, Robin joins forces with a band of exiled villagers (and comely Maid Marian), and together they battle to end the evil sheriff's reign of terror.","release_date":"1991-06-14","poster_path":"/bDqqiu3yi7V5idgdei61XBairBZ.jpg","popularity":0.916832,"title":"Robin Hood: Prince of Thieves","video":false,"vote_average":6.4,"vote_count":275},{"adult":false,"backdrop_path":"/fFISF7IlLoAk52jUU7ehbOGxgsf.jpg","genre_ids":[18,53],"id":87492,"original_language":"en","original_title":"Foxcatcher","overview":"The greatest Olympic Wrestling Champion brother team joins Team Foxcatcher led by multimillionaire sponsor John E. du Pont as they train for the 1988 games in Seoul - a union that leads to unlikely circumstances.","release_date":"2014-05-19","poster_path":"/vLZ8vG6qAeMW5iAtc4pJ5kJyqjr.jpg","popularity":3.252566,"title":"Foxcatcher","video":false,"vote_average":6.4,"vote_count":365},{"adult":false,"backdrop_path":"/ttxnwGZwyuiLXIV3xIr1OE5ND5X.jpg","genre_ids":[35],"id":864,"original_language":"en","original_title":"Cool Runnings","overview":"Cool Runnings is an American film from director Jon Turteltaub from 1993 about the first Jamaican Olympic bobsled team.","release_date":"1993-09-30","poster_path":"/9Jgk3T2EczJ55rElJpBJAaxeQd.jpg","popularity":0.439905,"title":"Cool Runnings","video":false,"vote_average":6.4,"vote_count":167},{"adult":false,"backdrop_path":"/LvmmDZxkTDqp0DX7mUo621ahdX.jpg","genre_ids":[12,14,28],"id":10195,"original_language":"en","original_title":"Thor","overview":"Against his father Odin's will, The Mighty Thor -a powerful but arrogant warrior god -recklessly reignites an ancient war. Thor is cast down to Earth and forced to live among humans as punishment. Once here, Thor learns what it takes to be a true hero when the most dangerous villain of his world sends the darkest forces of Asgard to invade Earth.","release_date":"2011-05-06","poster_path":"/bIuOWTtyFPjsFDevqvF3QrD1aun.jpg","popularity":5.524472,"title":"Thor","video":false,"vote_average":6.4,"vote_count":3287},{"adult":false,"backdrop_path":"/gsQMJV0UM6nDLOhNDTlON8Iezed.jpg","genre_ids":[28,35],"id":10189,"original_language":"en","original_title":"Pineapple Express","overview":"A stoner and his dealer are forced to go on the run from the police after the pothead witnesses a cop commit a murder.","release_date":"2008-08-06","poster_path":"/scEvOPl6ZJctQVnRWHvq0pP0DkM.jpg","popularity":2.890449,"title":"Pineapple Express","video":false,"vote_average":6.4,"vote_count":406},{"adult":false,"backdrop_path":"/3quTTfM8DW5uErJmoq70beJH6k5.jpg","genre_ids":[35,80,18],"id":175291,"original_language":"en","original_title":"Cheap Thrills","overview":"Recently fired and facing eviction, a new dad has his life turned upside down when he meets a wealthy couple who offer a path to financial security... but at a price.","release_date":"2013-03-08","poster_path":"/183jUshuMLtEBo6bf9q2VBISjQy.jpg","popularity":2.345264,"title":"Cheap Thrills","video":false,"vote_average":6.4,"vote_count":54},{"adult":false,"backdrop_path":"/aWx6Y7sFfJgNmDupHGajPP5HLlP.jpg","genre_ids":[28,12,53],"id":5551,"original_language":"en","original_title":"Space Cowboys","overview":"Frank Corvin, \"Hawk\" Hawkins, Jerry O'Neill and Tank Sullivan were hotdog members of Project DAEDALUS, the Air Force's test program for space travel. Their hopes were dashed in 1958 with the formation of NASA and the use of trained chimps. They blackmail their way into orbit when Russia's mysterious Ikon communications satellite's orbit begins to degrade and threatens to crash into Earth.","release_date":"2000-07-31","poster_path":"/aBhWg4uQMnpWnsn8pgNw6mQasOJ.jpg","popularity":0.822772,"title":"Space Cowboys","video":false,"vote_average":6.4,"vote_count":125},{"adult":false,"backdrop_path":"/8ZIZJbPXCtnIG1rJpR57iFRyPTt.jpg","genre_ids":[10749,35],"id":544,"original_language":"en","original_title":"There's Something About Mary","overview":"Having never fully recovered from a prom date that became a total disaster, a man finally gets a chance to reunite with his old prom date, only to run up against other suitors including the sleazy detective he hired to find her.","release_date":"1998-07-15","poster_path":"/hFtnobv2d8WrjhMPCoX4i0oMJio.jpg","popularity":2.844925,"title":"There's Something About Mary","video":false,"vote_average":6.4,"vote_count":396},{"adult":false,"backdrop_path":"/bGXup8uvaIrp6mLisZ8AJtl6DNA.jpg","genre_ids":[18,14,27],"id":561,"original_language":"en","original_title":"Constantine","overview":"Constantine tells the story of John Constantine, a man who has literally been to Hell and back. When he teams up with a policewoman to solve the mysterious suicide of her twin sister, their investigation takes them through the world of demons and angels that exists beneath the landscape of contemporary Los Angeles.","release_date":"2005-02-18","poster_path":"/qYTerimWp1t1zSEKknn9mByhwbX.jpg","popularity":2.771785,"title":"Constantine","video":false,"vote_average":6.4,"vote_count":643},{"adult":false,"backdrop_path":"/8lxW9WfWkSxmPPck605QLQL268q.jpg","genre_ids":[14,16,10751],"id":408,"original_language":"en","original_title":"Snow White and the Seven Dwarfs","overview":"A beautiful girl, Snow White, takes refuge in the forest in the house of seven dwarfs to hide from her stepmother, the wicked Queen. The Queen is jealous because she wants to be known as \"the fairest in the land,\" and Snow White's beauty surpasses her own.","release_date":"1937-12-21","poster_path":"/vGV35HBCMhQl2phhGaQ29P08ZgM.jpg","popularity":4.070464,"title":"Snow White and the Seven Dwarfs","video":false,"vote_average":6.4,"vote_count":565},{"adult":false,"backdrop_path":"/mRpSxOv2uw49MUl3HAZFefzCQqN.jpg","genre_ids":[18,36,10749],"id":1439,"original_language":"en","original_title":"Anna and the King","overview":"The story of the romance between the King of Siam (now Thailand) and the widowed British school teacher Anna Leonowens during the 1860's. Anna teaches the children and becomes romanced by the King. She convinces him that a man can be loved by just one woman.","release_date":"1999-12-16","poster_path":"/518WmPyfc9YcnFiehqCiyGgbhmt.jpg","popularity":1.666141,"title":"Anna and the King","video":false,"vote_average":6.4,"vote_count":64},{"adult":false,"backdrop_path":"/8NKlqvUJ5IHk58KhM3Vwqp588jU.jpg","genre_ids":[28,18,53],"id":12113,"original_language":"en","original_title":"Body of Lies","overview":"Body of Lies follows CIA operative, Roger Ferris, as he uncovers a lead on a major terrorist leader suspected to be operating out of Jordan. When Ferris devises a plan to infiltrate his network, he must first win the backing of cunning CIA veteran Ed Hoffman and the collegial, but perhaps suspect, head of Jordanian intelligence.","release_date":"2008-10-10","poster_path":"/bOlzJMKHv2EG3Kbn4CMOoTImuH7.jpg","popularity":2.770685,"title":"Body of Lies","video":false,"vote_average":6.4,"vote_count":306},{"adult":false,"backdrop_path":"/tvKHINCvEhLjFlY8eSOtgB92iS.jpg","genre_ids":[18],"id":43549,"original_language":"en","original_title":"The Experiment","overview":"20 men are chosen to participate in the roles of guards and prisoners in a psychological study that ultimately spirals out of control.","release_date":"2010-07-15","poster_path":"/kW6vfjG2HnXj3kaBMu2BRLkRlkq.jpg","popularity":1.599746,"title":"The Experiment","video":false,"vote_average":6.4,"vote_count":75},{"adult":false,"backdrop_path":"/iAGO7o2l0i4QqyfBxjTbvAJpAFm.jpg","genre_ids":[27,53],"id":23202,"original_language":"en","original_title":"Trick 'r Treat","overview":"Four interwoven stories that occur on Halloween: An everyday high school principal has a secret life as a serial killer; a college virgin might have just met the one guy for her; a group of teenagers pull a mean prank; a woman who loathes the night has to contend with her holiday-obsessed husband.","release_date":"2007-10-05","poster_path":"/evI1rvNgKgbEDnG6Ah3csEXnclB.jpg","popularity":1.999398,"title":"Trick 'r Treat","video":false,"vote_average":6.4,"vote_count":96},{"adult":false,"backdrop_path":"/gdFAYLb5NR5HqcEKnPloOM6fX4B.jpg","genre_ids":[16],"id":809,"original_language":"en","original_title":"Shrek 2","overview":"Shrek, Fiona and Donkey set off to Far, Far Away to meet Fiona's mother and father. But not everyone is happy. Shrek and the King find it hard to get along, and there's tension in the marriage. The fairy godmother discovers that Shrek has married Fiona instead of her Son Prince Charming and sets about destroying their marriage.","release_date":"2004-05-18","poster_path":"/akWDA0BMVYK4OTM92T5i91DYnsT.jpg","popularity":2.541531,"title":"Shrek 2","video":false,"vote_average":6.4,"vote_count":987}],"total_pages":180,"total_results":3596}
