{"page":128,"results":[{"adult":false,"backdrop_path":"/oKLa1SGDlT0Zi9lyLcl2N2sFxsc.jpg","genre_ids":[28,12,9648,53],"id":6637,"original_language":"en","original_title":"National Treasure: Book of Secrets","overview":"Benjamin Franklin Gates and Dr. Abigail Chase -- who found riches and romance at the end of their first hunt for national treasure -- reteam with their wisecracking partner in crime, Riley Poole, for another romp through U.S. history. Now, armed with a stack of long-lost pages from John Wilkes Booth's diary, Ben must follow a clue left there to prove his ancestor's innocence in the assassination of Abraham Lincoln.","release_date":"2007-12-13","poster_path":"/5fOwo57lLZ3TFPG5jL6Db9Qaq8Q.jpg","popularity":3.142413,"title":"National Treasure: Book of Secrets","video":false,"vote_average":5.9,"vote_count":716},{"adult":false,"backdrop_path":"/1C1d3Tpesm8Vn3BRqsQZt0LfZcG.jpg","genre_ids":[35,10749],"id":2770,"original_language":"en","original_title":"American Pie 2","overview":"The whole gang are back and as close as ever. They decide to get even closer by spending the summer together at a beach house. They decide to hold the biggest party ever to be seen, even if the preparation doesn't always go to plan. Especially when Stifler, Finch and Jim become more close to each other than they ever want to be and when Jim mistakes super glue for lubricant...","release_date":"2001-08-06","poster_path":"/q4LNgUnRfltxzp3gf1MAGiK5LhV.jpg","popularity":2.375769,"title":"American Pie 2","video":false,"vote_average":5.9,"vote_count":432},{"adult":false,"backdrop_path":"/w9iSKX1GSlaPPASW7jSFkFkkDnz.jpg","genre_ids":[12,9648,878],"id":152,"original_language":"en","original_title":"Star Trek: The Motion Picture","overview":"When a destructive space entity is spotted approaching Earth, Admiral Kirk resumes command of the Starship Enterprise in order to intercept, examine, and hopefully stop it.","release_date":"1979-12-06","poster_path":"/dlQxDFDj6crYfDWRuoK7bq6Q2bF.jpg","popularity":1.689646,"title":"Star Trek: The Motion Picture","video":false,"vote_average":5.9,"vote_count":188},{"adult":false,"backdrop_path":"/xIrtFqXc62VGcWKHOsQfCq4j3x0.jpg","genre_ids":[35],"id":109439,"original_language":"en","original_title":"The Hangover Part III","overview":"This time, there's no wedding. No bachelor party. What could go wrong, right? But when the Wolfpack hits the road, all bets are off.","release_date":"2013-05-23","poster_path":"/vaZhsG1ScyfViEgoFew7obFtFBx.jpg","popularity":3.65264,"title":"The Hangover Part III","video":false,"vote_average":5.9,"vote_count":1434},{"adult":false,"backdrop_path":"/qeTQJCJRkNjr6akyaOqxdoM6b8J.jpg","genre_ids":[27,53],"id":9728,"original_language":"en","original_title":"Friday the 13th Part 3","overview":"An idyllic summer turns into a nightmare of unspeakable terror for yet another group of naive counselors. Ignoring Camp Crystal Lake's bloody legacy, one by one they fall victim to the maniacal Jason who stalks them at every turn.","release_date":"1982-08-13","poster_path":"/5wg2NZyIhcMbIBAahBODXHyJ54S.jpg","popularity":1.647866,"title":"Friday the 13th Part 3","video":false,"vote_average":5.9,"vote_count":56},{"adult":false,"backdrop_path":"/4rZ6ScBaJ3X7RWGqSo56kD6JxaW.jpg","genre_ids":[35,10749],"id":9801,"original_language":"en","original_title":"Bridget Jones: The Edge of Reason","overview":"The story picks up four weeks after the first film, and already Bridget Jones is becoming uncomfortable in her relationship with Mark Darcy. Apart from discovering that he's a conservative voter, she has to deal with a new boss, strange contractor, and the worst vacation of her life.","release_date":"2004-11-08","poster_path":"/fs3nGIwSBk9H8EcuPtnj7qQrYj2.jpg","popularity":1.90362,"title":"Bridget Jones: The Edge of Reason","video":false,"vote_average":5.9,"vote_count":172},{"adult":false,"backdrop_path":"/kFslzsvxOQgjbuDfta3kzbOWQY5.jpg","genre_ids":[28,27,878],"id":8078,"original_language":"en","original_title":"Alien: Resurrection","overview":"Two hundred years after Lt. Ripley died, a group of scientists clone her, hoping to breed the ultimate weapon. But the new Ripley is full of surprises … as are the new aliens. Ripley must team with a band of smugglers to keep the creatures from reaching Earth.","release_date":"1997-11-26","poster_path":"/wawS3SiVn2YolbYJYqThuUaJ0Gq.jpg","popularity":2.097849,"title":"Alien: Resurrection","video":false,"vote_average":5.9,"vote_count":452},{"adult":false,"backdrop_path":"/sJUHCmbbpkRSA9dfGncCW44sHVg.jpg","genre_ids":[27,53],"id":9902,"original_language":"en","original_title":"Wrong Turn","overview":"Chris crashes into a carload of other young people, and the group of stranded motorists is soon lost in the woods of West Virginia, where they're hunted by three cannibalistic mountain men who are grossly disfigured by generations of inbreeding.","release_date":"2003-05-30","poster_path":"/kyn0ZC8tvLWuKN85mhlG1lwB1WQ.jpg","popularity":2.333587,"title":"Wrong Turn","video":false,"vote_average":5.9,"vote_count":225},{"adult":false,"backdrop_path":"/zD3mhrFf8ZYOadEHPsJrYLA2HYC.jpg","genre_ids":[35,18],"id":41479,"original_language":"en","original_title":"The Joneses","overview":"A seemingly perfect family moves into a suburban neighborhood, but when it comes to the truth as to why they're living there, they don't exactly come clean with their neighbors.","release_date":"2009-09-13","poster_path":"/3jMKeU2TQM3wAUHEenKK3EPrzUP.jpg","popularity":1.957959,"title":"The Joneses","video":false,"vote_average":5.9,"vote_count":65},{"adult":false,"backdrop_path":"/gGFDS4JxyhftFR6fIqgRfQ31TYr.jpg","genre_ids":[27,9648,53],"id":11096,"original_language":"en","original_title":"Hide and Seek","overview":"At their new home in upstate New York, newly widowed psychologist David Callaway tries desperately to help his traumatized daughter Emily deal with her mother's death. But before long, both David and Emily are being terrorized by someone - or something - named charlie: a \"friend\" who may or may not be imaginary but is definately the stuff nightmares are made of!","release_date":"2005-01-27","poster_path":"/g8qIjDUzru1c0reqca7dJ6cmte8.jpg","popularity":2.033105,"title":"Hide and Seek","video":false,"vote_average":5.9,"vote_count":113},{"adult":false,"backdrop_path":"/ecmaJvA8qKGuoF1QaIbbxSqLQDf.jpg","genre_ids":[35,10751],"id":31203,"original_language":"fr","original_title":"Le petit Nicolas","overview":"Nicolas has a happy existence, parents who love him, a great group of friends with whom he has great fun, and all he wants is that nothing to changes... However, one day, he overhears a conversation that leads him to believe that his life might change forever, his mother is pregnant!. He panics and envisions the worst: soon a little brother will...","release_date":"2009-09-30","poster_path":"/wRPpsoVfukboIXyvtqAdlZLD9ua.jpg","popularity":0.617619,"title":"Little Nicholas","video":false,"vote_average":5.9,"vote_count":59},{"adult":false,"backdrop_path":"/xhig88hH9sWG9iwEMCmvxyfE5YR.jpg","genre_ids":[28,18,14,27,53],"id":9945,"original_language":"en","original_title":"Vampires","overview":"The church enlists a team of vampire-hunters to hunt down and destroy a group of vampires searching for an ancient relic that will allow them to exist in sunlight.","release_date":"1998-10-30","poster_path":"/tEFhsKzRXB4hLElms1ybA7YlELJ.jpg","popularity":1.684012,"title":"Vampires","video":false,"vote_average":5.9,"vote_count":64},{"adult":false,"backdrop_path":"/rfeathI0suGwXaMh0rbPWNeeOL.jpg","genre_ids":[35,18,10751],"id":12154,"original_language":"en","original_title":"Three Men and a Baby","overview":"Three bachelors find themselves forced to take care of a baby left by one of the guy's girlfriends.","release_date":"1987-11-27","poster_path":"/q4O2ravqDhUTAsshllGv7orgJOO.jpg","popularity":0.220114,"title":"Three Men and a Baby","video":false,"vote_average":5.9,"vote_count":53},{"adult":false,"backdrop_path":"/30Ey6s4eAn8968g0rIMY8vLqxTo.jpg","genre_ids":[28,18],"id":1825,"original_language":"en","original_title":"Over the Top","overview":"Sylvester Stallone stars as hard-luck big-rig trucker Lincoln Hawk and takes us under the glaring Las Vegas lights for all the boisterous action of the World Armwrestling Championship. Relying on wits and willpower, Hawk tries to rebuild his life by capturing the first-place prize money - and the love of the son he abandoned years earlier into the keeping of his his rich, ruthless father-in-law.","release_date":"1987-02-13","poster_path":"/rnAxGFrFaHemdjjFDQDtjOzV8z5.jpg","popularity":1.713545,"title":"Over the Top","video":false,"vote_average":5.9,"vote_count":95},{"adult":false,"backdrop_path":"/awMESdeGymmNYTMhWvjJE5AP61a.jpg","genre_ids":[28,35,80],"id":27581,"original_language":"en","original_title":"The Other Guys","overview":"NYPD detectives Christopher Danson (Johnson) and P.K. Highsmith (Jackson) are the baddest and most beloved cops in New York City. They don't get tattoos, other men get tattoos of them. Two desks over and one back, sit detectives Allen Gamble (Ferrell) and Terry Hoitz (Wahlberg). You've seen them in the background of photos of Danson and Highsmith, out of focus and eyes closed. They're not heroes, they're \"the other guys.\" But every cop has his or her day and soon Gamble and Hoitz stumble into a seemingly innocuous case no other detective wants to touch that could turn into NYC's biggest crime. It's the opportunity of their lives, but do these guys have the right stuff?","release_date":"2010-08-06","poster_path":"/b4mYjC8kKx32BnCNBQeDCA76WBd.jpg","popularity":2.477301,"title":"The Other Guys","video":false,"vote_average":5.9,"vote_count":553},{"adult":false,"backdrop_path":"/jbhGokP7nrCoHwDsWxW5pbOBrjR.jpg","genre_ids":[28,35],"id":10074,"original_language":"en","original_title":"Hot Rod","overview":"For Rod Kimball, performing stunts is a way of life, even though he is rather accident-prone. Poor Rod cannot even get any respect from his stepfather, Frank, who beats him up in weekly sparring matches. When Frank falls ill, Rod devises his most outrageous stunt yet to raise money for Frank's operation -- and then Rod will kick Frank's butt.","release_date":"2007-08-03","poster_path":"/6LDKcAFFNJ3ra1a5LgPSiAbyJHC.jpg","popularity":0.804232,"title":"Hot Rod","video":false,"vote_average":5.9,"vote_count":99},{"adult":false,"backdrop_path":"/uCZGYtg0f4uvxOXoHBE5Uvj6Qbn.jpg","genre_ids":[18],"id":9676,"original_language":"en","original_title":"The Black Dahlia","overview":"Lee Blanchard (Aaron Eckhart) and Bucky Bleichert (Josh Hartnett) are former boxers-turned-cops in 1940's Los Angeles. When aspiring young actress Elizabeth Short (Mia Kirshner) turns up dead, Blanchard and Bleichert must grapple with corruption, narcissism, stag films, and family madness as they pursue the killer.","release_date":"2006-09-15","poster_path":"/t56f2c0KaBED6tpyrHPKzZJ9NaX.jpg","popularity":1.633463,"title":"The Black Dahlia","video":false,"vote_average":5.9,"vote_count":83},{"adult":false,"backdrop_path":"/kfu8cB87ldbQPDbWTfIg1INXd8G.jpg","genre_ids":[27],"id":9373,"original_language":"en","original_title":"The Texas Chainsaw Massacre","overview":"After picking up a traumatized young hitchhiker, five friends find themselves stalked and hunted by a deformed chainsaw-wielding killer and his family of equally psychopathic killers.","release_date":"2003-10-17","poster_path":"/gx7FCIOFGxqNyplF3t7qtmUv55g.jpg","popularity":2.079802,"title":"The Texas Chainsaw Massacre","video":false,"vote_average":5.9,"vote_count":195},{"adult":false,"backdrop_path":"/oqD3J1sVJ9RAtPUZJOD17P7oZW8.jpg","genre_ids":[18,35,10749,10751],"id":11247,"original_language":"en","original_title":"A Cinderella Story","overview":"Sam Montgomery is a tomboyish, unpopular girl at school. She has been text messaging a somebody named Nomad for a few months and he asks her to meet him at the Halloween dance at 11:00 in the middle of the dance floor. The only problem is, she must get back to the diner, ran by her wicked Stepmom Fiona by 12 sharp because she is not supposed to be there. Before Nomad can found out who she is, she must leave with her best friend, Carter driving her back to the diner. After that night, everything in Sam's life goes wacko!","release_date":"2004-07-10","poster_path":"/lzIjehNqNCFOuCRT9xJ2FYf1WPS.jpg","popularity":2.322767,"title":"A Cinderella Story","video":false,"vote_average":5.9,"vote_count":143},{"adult":false,"backdrop_path":"/slQkkaBHH1K915HtuN89iu0xqOv.jpg","genre_ids":[28,12,14],"id":64686,"original_language":"en","original_title":"47 Ronin","overview":"Based on the original 1941 movie from Japan, and from ancient Japan’s most enduring tale, the epic 3D fantasy-adventure 47 Ronin is born.  Keanu Reeves leads the cast as Kai, an outcast who joins Oishi (Hiroyuki Sanada), the leader of the 47 outcast samurai.  Together they seek vengeance upon the treacherous overlord who killed their master and banished their kind.  To restore honor to their homeland, the warriors embark upon a quest that challenges them with a series of trials that would destroy ordinary warriors.","release_date":"2013-12-25","poster_path":"/yAZ9AvAwNPvGte6NoAvSXjKbOTG.jpg","popularity":2.849641,"title":"47 Ronin","video":false,"vote_average":5.9,"vote_count":618}],"total_pages":180,"total_results":3596}
