{"page":57,"results":[{"adult":false,"backdrop_path":"/7hlZ9WJQ3syUyJNSReZt7uch12X.jpg","genre_ids":[53,27,9648],"id":270303,"original_language":"en","original_title":"It Follows","overview":"For 19-year-old Jay, fall should be about school, boys and weekends out at the lake. But after a seemingly innocent physical encounter, she finds herself plagued by strange visions and the inescapable sense that someone, or something, is following her. Faced with this burden, Jay and her teenage friends must find a way to escape the horrors that seem to be only a few steps behind.","release_date":"2015-08-27","poster_path":"/4MrwJZr0R9LbyOgZqwLNmtzzxbu.jpg","popularity":7.112571,"title":"It Follows","video":false,"vote_average":6.7,"vote_count":328},{"adult":false,"backdrop_path":"/1OpTk3qPCNm7nnEH0Do137dGsCk.jpg","genre_ids":[18],"id":615,"original_language":"he","original_title":"The Passion of the Christ","overview":"\"The Passion of the Christ\" is a film about the last 12 hours in the life of Jesus. Director Mel Gibson received much criticism from critics and audiences for his explicit depiction of and focus on violence and on christs suffering, especially on the part of the jewish community. The films languages are Arabic, Latin and Hebrew and its actors are laymen which was controversially received as well.","release_date":"2004-02-25","poster_path":"/oFuLM1EaKhi1WNWiTjQ1HKIZ1Eg.jpg","popularity":2.15157,"title":"The Passion of the Christ","video":false,"vote_average":6.7,"vote_count":250},{"adult":false,"backdrop_path":"/3A4xKsa3EYk9ohlkTRlrcNZGXg2.jpg","genre_ids":[35],"id":8469,"original_language":"en","original_title":"Animal House","overview":"At a 1962 College, Dean Vernon Wormer is determined to expel the entire Delta Tau Chi Fraternity, but those troublemakers have other plans for him.","release_date":"1978-07-28","poster_path":"/AuJkgAh7zAGsm7Oo3CGyDtYvzg0.jpg","popularity":0.217142,"title":"Animal House","video":false,"vote_average":6.7,"vote_count":136},{"adult":false,"backdrop_path":"/frQ7WuW595dispaIW66SYmzKasG.jpg","genre_ids":[10751,878,12],"id":10122,"original_language":"en","original_title":"Flight of the Navigator","overview":"In Flight of the Navigator, 12-year old David Freeman goes missing in 1978, only to reappear in 1986. In the eight years that have passed, he hasn't aged. It's no coincidence that at the time he comes back, a flying saucer is found. David feels inexplicably connected to the fantastic machine...","release_date":"1986-07-29","poster_path":"/69kD2bpkwSadpN30JB9vJrlz8HW.jpg","popularity":1.631864,"title":"Flight of the Navigator","video":false,"vote_average":6.7,"vote_count":73},{"adult":false,"backdrop_path":"/5YELVKk9htZZPyiWkTrNhnI1Nb3.jpg","genre_ids":[12],"id":11527,"original_language":"en","original_title":"Excalibur","overview":"The myth of King Arthur brought to the screen. Uthur Pendragon is given the mystical sword Excalibur by Merlyn. At his death Uthur buries the sword into a stone, and the next man that can pull it out will be King of England. Years later Arthur, Uthur's bastard son draws Excalibur and becomes king. Arthur's evil half-sister Morgana sires a son with him, who may prove his downfall.","release_date":"1981-04-10","poster_path":"/j8UmbdA1TrIVY4FANymwBSmUuCH.jpg","popularity":0.917003,"title":"Excalibur","video":false,"vote_average":6.7,"vote_count":65},{"adult":false,"backdrop_path":"/ffx3IgsXkOkyF6N2TXWy1ZwnBzk.jpg","genre_ids":[18],"id":109410,"original_language":"en","original_title":"42","overview":"\"42\" is the powerful story of Jackie Robinson, the legendary baseball player who broke Major League Baseball's color barrier when he joined the roster of the Brooklyn Dodgers. The film follows the innovative Dodger's general manager Branch Rickey, the MLB executive who first signed Robinson to the minors and then helped to bring him up to the show.","release_date":"2013-04-12","poster_path":"/vlP18ooLmvYVNnqidbot0FupY05.jpg","popularity":2.092673,"title":"42","video":false,"vote_average":6.7,"vote_count":554},{"adult":false,"backdrop_path":"/ffXvlcmRhl0F9gyNdvTpFFa4ybt.jpg","genre_ids":[35,18],"id":2196,"original_language":"en","original_title":"Death at a Funeral","overview":"Chaos ensues when a man tries to expose a dark secret regarding a recently deceased patriarch of a dysfunctional British family.","release_date":"2007-11-02","poster_path":"/zV4kwbDckeTMoIsbSt1lsTIZ2in.jpg","popularity":1.886947,"title":"Death at a Funeral","video":false,"vote_average":6.7,"vote_count":144},{"adult":false,"backdrop_path":"/wnm7ySqYugSMhu4wTdMbkueqNHP.jpg","genre_ids":[35,80,18,10749],"id":913,"original_language":"en","original_title":"The Thomas Crown Affair","overview":"A very rich and successful playboy amuses himself by stealing artwork, but may have met his match in a seductive detective.","release_date":"1999-08-06","poster_path":"/jpRUaqNuQInXxdsLIncGJW5u3u2.jpg","popularity":0.669675,"title":"The Thomas Crown Affair","video":false,"vote_average":6.7,"vote_count":114},{"adult":false,"backdrop_path":"/IvDOcD76UpAFXrQwaR2lIRYTri.jpg","genre_ids":[35,18,9648,53],"id":5279,"original_language":"en","original_title":"Gosford Park","overview":"Multiple storylined drama set in 1932, showing the lives of upstairs guest and downstairs servants at a party in a country house in England.","release_date":"2001-11-07","poster_path":"/7wCUMn1Fj5MutTJHFopHba0Pto.jpg","popularity":0.469479,"title":"Gosford Park","video":false,"vote_average":6.7,"vote_count":66},{"adult":false,"backdrop_path":"/u6Qg7TH7Oh1IFWCQSRr4htFFt0A.jpg","genre_ids":[18,27,28,53,878],"id":6479,"original_language":"en","original_title":"I Am Legend","overview":"Robert Neville is a scientist who was unable to stop the spread of the terrible virus that was incurable and man-made. Immune, Neville is now the last human survivor in what is left of New York City and perhaps the world. For three years, Neville has faithfully sent out daily radio messages, desperate to find any other survivors who might be out there. But he is not alone.","release_date":"2007-12-13","poster_path":"/cs6SY4HnPV8DUPVLSploHnwWWjq.jpg","popularity":4.651909,"title":"I Am Legend","video":false,"vote_average":6.7,"vote_count":2000},{"adult":false,"backdrop_path":"/ybCWrXmlmTo0KKWMAe0Za0jAuyI.jpg","genre_ids":[18,80],"id":9344,"original_language":"en","original_title":"Kids","overview":"A controversial portrayal of teens in New York City which exposes a deeply disturbing world of sex and substance abuse. The film focuses on a sexually reckless, freckle-faced boy named Telly, whose goal is to have sex with as many different girls as he can. When Jenny, a girl who has had sex only once, tests positive for HIV, she knows she contracted the disease from Telly. When Jenny discovers that Telly's idea of \"safe sex\" is to only have sex with virgins, and is continuing to pass the disease onto other unsuspecting girls, Jenny makes it her business to try to stop him.","release_date":"1995-07-28","poster_path":"/f77EC1GiQEbwI7Tsf0pWaJ8Me00.jpg","popularity":1.565255,"title":"Kids","video":false,"vote_average":6.7,"vote_count":60},{"adult":false,"backdrop_path":"/zoBEPyPnJ9dsyoKTz3BfH80Icef.jpg","genre_ids":[27,53],"id":2671,"original_language":"en","original_title":"Ringu","overview":"A mysterious video has been linked to a number of deaths, and when an inquisitive journalist finds the tape and views it herself, she sets in motion a chain of events that puts her own life in danger.","release_date":"1998-01-31","poster_path":"/A3AArKzQUStgdlkt6h5qvpHBoQc.jpg","popularity":1.437636,"title":"Ring","video":false,"vote_average":6.7,"vote_count":58},{"adult":false,"backdrop_path":"/wZsX7160l5feO646shRx3liMutx.jpg","genre_ids":[28,80,18,35,53],"id":136400,"original_language":"en","original_title":"2 Guns","overview":"A DEA agent and an undercover Naval Intelligence officer who have been tasked with investigating one another find they have been set up by the mob -- the very organization the two men believe they have been stealing money from.","release_date":"2013-08-02","poster_path":"/30lM3Uvzs6HOG5l4hzhwxYTWgd3.jpg","popularity":3.479572,"title":"2 Guns","video":false,"vote_average":6.7,"vote_count":790},{"adult":false,"backdrop_path":"/oQl0ahcEndQGHMRfq97THau9TT1.jpg","genre_ids":[28,80,53],"id":1051,"original_language":"en","original_title":"The French Connection","overview":"A pair of NYC cops in the Narcotics Bureau stumble onto a drug smuggling job with a French connection.","release_date":"1971-10-07","poster_path":"/s15eFbrfF6FSx8EG4Eocfn2Z85L.jpg","popularity":1.764207,"title":"The French Connection","video":false,"vote_average":6.7,"vote_count":92},{"adult":false,"backdrop_path":"/yacW7fNWrqTsAdc9Qel0mjEuQuI.jpg","genre_ids":[28,35,80],"id":37136,"original_language":"en","original_title":"The Naked Gun: From the Files of Police Squad!","overview":"When the incompetent Officer Frank Drebin seeks the ruthless killer of his partner, he stumbles upon an attempt to assassinate Queen Elizabeth.","release_date":"1988-12-02","poster_path":"/eB7IT3PJvvl75gBRabzl7LlncOc.jpg","popularity":2.900219,"title":"The Naked Gun: From the Files of Police Squad!","video":false,"vote_average":6.7,"vote_count":236},{"adult":false,"backdrop_path":"/s0S55yAZgkt5Jo6pR5zIyW1Vfls.jpg","genre_ids":[80,18,9648],"id":37903,"original_language":"de","original_title":"Das weisse Band","overview":"Strange events happen in a small village in the north of Germany during the years just before World War I, which seem to be ritual punishment. The abused and suppressed children of the villagers seem to be at the heart of this mystery.","release_date":"2009-10-06","poster_path":"/6Sot1ICLc7EG9fq9yHs74qZQzRk.jpg","popularity":1.516908,"title":"The White Ribbon","video":false,"vote_average":6.7,"vote_count":59},{"adult":false,"backdrop_path":"/7ja43jA2HQieK7PNr2VhTCcyJE4.jpg","genre_ids":[18,36],"id":9443,"original_language":"en","original_title":"Chariots of Fire","overview":"Based on the true story of British athletes preparing for and competing in the 1924 Summer Olympics. The film was nominated for seven Academy Awards and won four, including Best Picture.","release_date":"1981-03-30","poster_path":"/fIOIKIUNaQZyIgcDSsEYFyLxAh1.jpg","popularity":1.426682,"title":"Chariots of Fire","video":false,"vote_average":6.7,"vote_count":50},{"adult":false,"backdrop_path":"/qJnrOZirSyDAZj7oGulRLwPXtqz.jpg","genre_ids":[18,10749],"id":77877,"original_language":"en","original_title":"The Lucky One","overview":"U.S. Marine Sergeant Logan Thibault (Efron) returns from his third tour of duty in Iraq, with the one thing he credits with keeping him alive-a photograph he found of a woman he doesn't even know. Learning her name is Beth (Schilling) and where she lives, he shows up at her door, and ends up taking a job at her family-run local kennel. Despite her initial mistrust and the complications in her life, a romance develops between them, giving Logan hope that Beth could be much more than his good luck charm.","release_date":"2012-05-02","poster_path":"/ug0WQaS1echV9BQoSeL2im9I3hk.jpg","popularity":1.945327,"title":"The Lucky One","video":false,"vote_average":6.7,"vote_count":255},{"adult":false,"backdrop_path":"/7DbIcmNxYgivKq5R4xgje3xSuqp.jpg","genre_ids":[35,18,10749,10402],"id":243,"original_language":"en","original_title":"High Fidelity","overview":"When record store owner Rob Gordon gets dumped by his girlfriend, Laura, because he hasn't changed since they met, he revisits his top five breakups of all time in an attempt to figure out what went wrong. As Rob seeks out his former lovers to find out why they left, he keeps up his efforts to win Laura back.","release_date":"2000-03-17","poster_path":"/sEZKCUFU6Ozf7hZ3UuaKWUqHLTZ.jpg","popularity":1.902699,"title":"High Fidelity","video":false,"vote_average":6.7,"vote_count":205},{"adult":false,"backdrop_path":"/6kazrydTbHlqKzE5h2xUejDgIec.jpg","genre_ids":[27],"id":609,"original_language":"en","original_title":"Poltergeist","overview":"Craig T. Nelson stars as Steve Freeling, the main protagonist, who lives with his wife, Diane, (JoBeth Williams) and their three children, Dana (Dominique Dunne), Robbie (Oliver Robins), and Carol Anne (Heather O'Rourke), in Southern California where he sells houses for the company that built the neighborhood. It starts with just a few odd occurrences, such as broken dishes and furniture moving around by itself. However, a tree comes alive and takes Robbie through his bedroom window, and Carol Anne is abducted by ghosts. Realizing that something evil haunts his home, Steve calls in a team of parapsychologists led by Dr. Lesh (Beatrice Straight) to investigate, hoping to get Carol Anne back, so he can remove his family from the house before it's too late.","release_date":"1982-06-04","poster_path":"/hKs6umpuLSgZhOiZI1pxpO0iVTQ.jpg","popularity":2.068349,"title":"Poltergeist","video":false,"vote_average":6.7,"vote_count":254}],"total_pages":180,"total_results":3596}
