{"page":145,"results":[{"adult":false,"backdrop_path":"/sGyUqZQZF5IByJW3V5jivIVtHl1.jpg","genre_ids":[35],"id":81836,"original_language":"en","original_title":"To Rome with Love","overview":"Set in the romantic city of Rome. The intertwining stories of a worker who wakes up to find himself a celebrity, an architect who takes a trip back to the street he lived on as a student, a young couple on their honeymoon, and a frustrated opera director who has a talent for discovering talented singers.","release_date":"2012-07-04","poster_path":"/zGVAVQufbwE5BjU17OBkXM9PWRS.jpg","popularity":1.357987,"title":"To Rome with Love","video":false,"vote_average":5.7,"vote_count":152},{"adult":false,"backdrop_path":"/x5a4GwJ7qLyjNQTTFGXEMtfXT95.jpg","genre_ids":[35],"id":10402,"original_language":"en","original_title":"Deuce Bigalow: Male Gigolo","overview":"Deuce Bigalow is a fish tank cleaner until he gets a temporary job watching over a gigolo's house. But when Deuce accidentally wrecks the house, he is forced to compensate by becoming a gigolo himself! He takes on interesting clients (a tall Norwegian woman, a rotund eater in drag, a roommate who curses every five seconds, a nurse)...and together with a detective chasing Deuce down...","release_date":"1999-12-10","poster_path":"/1AGR1KdIk1llaW983XsW5YsoPsI.jpg","popularity":1.598727,"title":"Deuce Bigalow: Male Gigolo","video":false,"vote_average":5.7,"vote_count":85},{"adult":false,"backdrop_path":"/rr05ixCd0nLCv6hFJu7s1EXf254.jpg","genre_ids":[35,18],"id":94363,"original_language":"en","original_title":"Hick","overview":"A pistol-packing teen meets an unstable rebel and a cocaine-snorting drifter as she hitchhikes her way out West.","release_date":"2011-09-10","poster_path":"/biozOLxQv1lNdMoPq404c2om9tD.jpg","popularity":1.064657,"title":"Hick","video":false,"vote_average":5.7,"vote_count":57},{"adult":false,"backdrop_path":"/wjQLsKKwBFZNWcj6lrEZc4rWk2.jpg","genre_ids":[18,53],"id":115348,"original_language":"en","original_title":"Paranoia","overview":"An entry-level employee at a powerful corporation finds himself occupying a corner office, but at a dangerous price: he must spy on his boss's old mentor to secure for him a multi-billion dollar advantage.","release_date":"2013-08-16","poster_path":"/kSxJnejeNaMlQv3I2hnvBMSOqoo.jpg","popularity":2.308265,"title":"Paranoia","video":false,"vote_average":5.7,"vote_count":149},{"adult":false,"backdrop_path":"/pMNSiNT55XrxWPmoI5ytJyinRa8.jpg","genre_ids":[35],"id":100042,"original_language":"en","original_title":"Dumb and Dumber To","overview":"20 years after the dimwits set out on their first adventure, they head out in search of one of their long lost children in the hope of gaining a new kidney.","release_date":"2014-11-14","poster_path":"/uoRqumEGSlDGnR3SrokqHhu55GK.jpg","popularity":5.819569,"title":"Dumb and Dumber To","video":false,"vote_average":5.7,"vote_count":494},{"adult":false,"backdrop_path":"/j5h1ATCyQ2WivqdANA1ACVeQr61.jpg","genre_ids":[35,18,10751],"id":11007,"original_language":"en","original_title":"Cheaper by the Dozen","overview":"The Baker brood moves to Chicago after patriarch Tom gets a job coaching football at Northwestern University, forcing his writer wife, Mary, and the couple's 12 children to make a major adjustment. The transition works well until work demands pull the parents away from home, leaving the kids bored -- and increasingly mischievous.","release_date":"2003-12-25","poster_path":"/8vhbMWKJOcGJuX5bAtm8d7QqpAY.jpg","popularity":0.660956,"title":"Cheaper by the Dozen","video":false,"vote_average":5.7,"vote_count":168},{"adult":false,"backdrop_path":"/kHGLUgNsjTNsDAgXMvYH7J48Ikx.jpg","genre_ids":[27],"id":11187,"original_language":"en","original_title":"Child's Play 3","overview":"It's been eight years since the events in the second film, we now see that Andy is a teenager who has been enrolled in a military school. Play Pals Toy Company decides to re-release its Good Guys line, feeling that after all this time, the bad publicity has died down. As they re-used old materials, the spirit of Charles Lee Ray once again comes to life.","release_date":"1991-08-30","poster_path":"/pDko1kIkrCaHBSfBj7pAJu1Diss.jpg","popularity":1.811806,"title":"Child's Play 3","video":false,"vote_average":5.7,"vote_count":57},{"adult":false,"backdrop_path":"/iGkJcgUk10WWwHGtwymvJOoJ3C9.jpg","genre_ids":[35,14,10749,10751],"id":14191,"original_language":"en","original_title":"Aquamarine","overview":"Two teenage girls discover that mermaids really do exist after a violent storm washes one ashore. The mermaid, a sassy creature named Aquamarine, is determined to prove to her father that real love exists, and enlists the girls' help in winning the heart of a handsome lifeguard.","release_date":"2006-03-03","poster_path":"/6diHusTm8eQJnfoI7MyCSDgaBRp.jpg","popularity":0.56285,"title":"Aquamarine","video":false,"vote_average":5.7,"vote_count":87},{"adult":false,"backdrop_path":"/mx0x96S8ZCXXoSxFinMbyI1117f.jpg","genre_ids":[28,12,53,10752],"id":1370,"original_language":"en","original_title":"Rambo III","overview":"Combat has taken its toll on Rambo, but he's finally begun to find inner peace in a monastery. When Rambo's friend and mentor Col. Trautman asks for his help on a top secret mission to Afghanistan, Rambo declines but must reconsider when Trautman is captured.","release_date":"1988-05-24","poster_path":"/twdQZYBtJ5duyw9UAiL2kpiTXQ0.jpg","popularity":2.781548,"title":"Rambo III","video":false,"vote_average":5.7,"vote_count":211},{"adult":false,"backdrop_path":"/3iY2zbHvSnbWXsOVBXdyNxUopUQ.jpg","genre_ids":[18,14,878],"id":157834,"original_language":"en","original_title":"The Zero Theorem","overview":"A computer hacker's goal to discover the reason for human existence continually finds his work interrupted thanks to the Management; this time, they send a teenager and lusty love interest to distract him.","release_date":"2013-09-02","poster_path":"/jsaRDf5Syw0dueU0mSXh4r1yzs0.jpg","popularity":2.048884,"title":"The Zero Theorem","video":false,"vote_average":5.7,"vote_count":130},{"adult":false,"backdrop_path":"/lKCZYVQQb7Agw6WR25WvQBFKJmK.jpg","genre_ids":[12,14,18,10749],"id":24021,"original_language":"en","original_title":"The Twilight Saga: Eclipse","overview":"Bella once again finds herself surrounded by danger as Seattle is ravaged by a string of mysterious killings and a malicious vampire continues her quest for revenge. In the midst of it all, she is forced to choose between her love for Edward and her friendship with Jacob, knowing that her decision has the potential to ignite the ageless struggle between vampire and werewolf. With her graduation quickly approaching, Bella is confronted with the most important decision of her life.","release_date":"2010-06-23","poster_path":"/7UoOHjmRoOBGsm6k724IMq8saAo.jpg","popularity":3.315331,"title":"The Twilight Saga: Eclipse","video":false,"vote_average":5.7,"vote_count":726},{"adult":false,"backdrop_path":"/mc2w5z2McILMrA370edVXfX1x7H.jpg","genre_ids":[35,18],"id":9493,"original_language":"en","original_title":"Twins","overview":"Julius and Vincent Benedict are the results of an experiment that would allow for the perfect child. Julius was planned and grows to athletic proportions. Vincent is an accident and is somewhat smaller in stature. Vincent is placed in an orphanage while Julius is taken to a south seas island and raised by philosophers. Vincent becomes the ultimate low life and is about to be killed by loan sharks.","release_date":"1988-12-08","poster_path":"/i0mKmkxhLQuYBR9JPjShMbse2k6.jpg","popularity":1.35073,"title":"Twins","video":false,"vote_average":5.7,"vote_count":140},{"adult":false,"backdrop_path":"/qqmi8TAsSSOdi1pgHYtTA05W7OB.jpg","genre_ids":[18,27,28,53,9648],"id":41215,"original_language":"en","original_title":"Black Death","overview":"As the plague decimates medieval Europe, rumors circulate of a village immune from the plague. There is talk of a necromancer who leads the village and is able to raise the dead. A fearsome knight joined by a cohort of soldiers and a young monk are charged by the church to investigate. Their journey is filled with danger, but it's upon entering the village that their true horror begins.","release_date":"2010-06-11","poster_path":"/t5ltTHRIyr4ARgyNIb7DytMEOLQ.jpg","popularity":1.992939,"title":"Black Death","video":false,"vote_average":5.7,"vote_count":67},{"adult":false,"backdrop_path":"/hOOgtrByGgWfqGTTn5VL7jkLYXJ.jpg","genre_ids":[12,18,28],"id":147441,"original_language":"en","original_title":"Exodus: Gods and Kings","overview":"The defiant leader Moses rises up against the Egyptian Pharaoh Ramses, setting 600,000 slaves on a monumental journey of escape from Egypt and its terrifying cycle of deadly plagues.","release_date":"2014-12-12","poster_path":"/tCN8NXset4NQ5qU0uBxqKOM0r5r.jpg","popularity":8.218272,"title":"Exodus: Gods and Kings","video":false,"vote_average":5.7,"vote_count":762},{"adult":false,"backdrop_path":"/rh2JPDIn9aI6dpAxUs0XT707nPT.jpg","genre_ids":[35,18,10749],"id":11431,"original_language":"en","original_title":"Fever Pitch","overview":"When relaxed and charming Ben Wrightman meets workaholic Lindsey Meeks she finds him sweet and charming, they hit it off and when it is winter Ben can spend every waking hour with Lindsey, but when summer comes around the corner Lindsey discovers Ben's obsession with the Boston Red Sox. She thinks it is perfect until everything goes downhill for them.","release_date":"2005-04-06","poster_path":"/kuugk93pYPqOsEW2R5C7n8gy2QK.jpg","popularity":1.504607,"title":"Fever Pitch","video":false,"vote_average":5.7,"vote_count":58},{"adult":false,"backdrop_path":"/rWtdOms2x2r1H4hx2IG463fuis6.jpg","genre_ids":[14,28,53,878],"id":8698,"original_language":"en","original_title":"The League of Extraordinary Gentlemen","overview":"In an alternate turn of the 20th century, an attack on the Bank of England by men who appear to be German soldiers followed by an attack on a German Zeppelin factory by the same men this time dressed as British soldiers, leads Europe to the brink of war. An emissary of the British government, arrives in Africa, hoping to recruit the legendary hunter Allan Quatermain to investigate the situation.","release_date":"2003-07-11","poster_path":"/AliSeCLFB6ZAkQIxosr8RAkFf6R.jpg","popularity":3.212213,"title":"The League of Extraordinary Gentlemen","video":false,"vote_average":5.7,"vote_count":377},{"adult":false,"backdrop_path":"/a4cvwQ73OtAUWYsIMSQ0iUHDGED.jpg","genre_ids":[28,80,18,53],"id":4597,"original_language":"en","original_title":"Armored","overview":"A crew of officers at an armored transport security firm risk their lives when they embark on the ultimate heist against their own company. Armed with a seemingly fool-proof plan, the men plan on making off with a fortune with harm to none. But when an unexpected witness interferes, the plan quickly unravels and all bets are off.","release_date":"2009-12-04","poster_path":"/zdj2p7apgVCqWoaIldzYsdLHZ1J.jpg","popularity":1.975612,"title":"Armored","video":false,"vote_average":5.7,"vote_count":77},{"adult":false,"backdrop_path":"/eTLBukNk1NPWUYZ66ZWhYPz3wmn.jpg","genre_ids":[28,12,16,35,10751],"id":12610,"original_language":"en","original_title":"Osmosis Jones","overview":"A policeman white blood cell, with the help of a cold pill, must stop a deadly virus from destroying the human they live in, Frank.","release_date":"2001-08-07","poster_path":"/2NvnoaJflAEcT0zlzbS4hlwrDZX.jpg","popularity":0.512673,"title":"Osmosis Jones","video":false,"vote_average":5.7,"vote_count":71},{"adult":false,"backdrop_path":"/mIOWtdsUg9VZXVMwVdO30TejAxn.jpg","genre_ids":[28,35,878],"id":10679,"original_language":"fi","original_title":"Iron Sky","overview":"In the last moments of World War II, a secret Nazi space program evaded destruction by fleeing to the Dark Side of the Moon. During 70 years of utter secrecy, the Nazis construct a gigantic space fortress with a massive armada of flying saucers.","release_date":"2012-04-03","poster_path":"/cHbKiMtqJLHOJwgJHoKglir6rNi.jpg","popularity":1.552143,"title":"Iron Sky","video":false,"vote_average":5.7,"vote_count":235},{"adult":false,"backdrop_path":"/mWBZ2mTm1CQ3xvY6k34wxprOgJB.jpg","genre_ids":[80,18,53],"id":152792,"original_language":"en","original_title":"Devil's Knot","overview":"The savage murders of three young children sparks a controversial trial of three teenagers accused of killing the kids as part of a satanic ritual.","release_date":"2013-05-09","poster_path":"/e47ijbXIk9GdIH0w88YWIYo8EuT.jpg","popularity":1.956697,"title":"Devil's Knot","video":false,"vote_average":5.7,"vote_count":72}],"total_pages":180,"total_results":3596}
