{"page":90,"results":[{"adult":false,"backdrop_path":"/sWGFvPVwfzMu8o259fA2j76m2uI.jpg","genre_ids":[35,10749],"id":11003,"original_language":"en","original_title":"The Wedding Singer","overview":"Robbie, a local rock star turned wedding singer, is dumped on the day of his wedding. Meanwhile, waitress Julia finally sets a wedding date with her fiancée Glenn. When Julia and Robbie meet and hit it off, they find that things are more complicated than anybody thought.","release_date":"1998-02-13","poster_path":"/t4M6RrwBQKTqbnG9vqG339G7FCC.jpg","popularity":1.716836,"title":"The Wedding Singer","video":false,"vote_average":6.3,"vote_count":184},{"adult":false,"backdrop_path":"/ne7mTv5osnc6EQkyy1TSLQs4ped.jpg","genre_ids":[35],"id":231176,"original_language":"it","original_title":"Sole a catinelle","overview":null,"release_date":"2013-10-31","poster_path":"/qV9uXJVXvBlzOnT7CQiBaab7lvw.jpg","popularity":0.013641,"title":"Sole a catinelle","video":false,"vote_average":6.3,"vote_count":57},{"adult":false,"backdrop_path":"/vO0rbc7ZUbOqwhkrmY8RjVz6hh0.jpg","genre_ids":[35,10749],"id":184098,"original_language":"en","original_title":"Think Like a Man Too","overview":"All the couples are back for a wedding in Las Vegas, but plans for a romantic weekend go awry when their various misadventures get them into some compromising situations that threaten to derail the big event.","release_date":"2014-06-20","poster_path":"/xOTTC0HF25aYRteqYZJ4Xhh8uOF.jpg","popularity":2.257893,"title":"Think Like a Man Too","video":false,"vote_average":6.3,"vote_count":98},{"adult":false,"backdrop_path":"/vmGltnhcNGJAiVyNKllB0Ndcka1.jpg","genre_ids":[16,18],"id":17979,"original_language":"en","original_title":"A Christmas Carol","overview":"Miser Ebenezer Scrooge is awakened on Christmas Eve by spirits who reveal to him his own miserable existence, what opportunities he wasted in his youth, his current cruelties, and the dire fate that awaits him if he does not change his ways. Scrooge is faced with his own story of growing bitterness and meanness, and must decide what his own future will hold: death or redemption.","release_date":"2009-11-06","poster_path":"/m1cZT78mldTUyVMyedWLx7saRrL.jpg","popularity":1.39999,"title":"A Christmas Carol","video":false,"vote_average":6.3,"vote_count":300},{"adult":false,"backdrop_path":"/vPotRRx8kdDu7CkFovXovgnfiN4.jpg","genre_ids":[16,10751,35,12],"id":950,"original_language":"en","original_title":"Ice Age: The Meltdown","overview":"Diego, Manny and Sid return in this sequel to the hit animated movie Ice Age. This time around, the deep freeze is over, and the ice-covered earth is starting to melt, which will destroy the trio's cherished valley. The impending disaster prompts them to reunite and warn all the other beasts about the desperate situation.","release_date":"2006-03-23","poster_path":"/isRuztu5Ch7FJdtSBLcG8QSOpEI.jpg","popularity":3.344584,"title":"Ice Age: The Meltdown","video":false,"vote_average":6.3,"vote_count":962},{"adult":false,"backdrop_path":"/b42MurYDtayBtk8WYY7GM4f6agX.jpg","genre_ids":[35,10749],"id":25195,"original_language":"en","original_title":"Leap Year","overview":"A woman who has an elaborate scheme to propose to her boyfriend on Leap Day, an Irish tradition which occurs every time the date February 29 rolls around, faces a major setback when bad weather threatens to derail her planned trip to Dublin. With the help of an innkeeper, however, her cross-country odyssey just might result in her getting engaged.","release_date":"2010-01-08","poster_path":"/9UWKpkQvZaPqpb85Or4e0PghJft.jpg","popularity":2.068624,"title":"Leap Year","video":false,"vote_average":6.3,"vote_count":138},{"adult":false,"backdrop_path":"/eaCyvpISFA59etDKvcHn2VoN5kD.jpg","genre_ids":[12,18,28,35,53,80],"id":9737,"original_language":"en","original_title":"Bad Boys","overview":"Marcus Burnett is a hen-pecked family man. Mike Lowry is a foot-loose and fancy free ladies' man. Both are Miami policemen, and both have 72 hours to reclaim a consignment of drugs stolen from under their station's nose. To complicate matters, in order to get the assistance of the sole witness to a murder, they have to pretend to be each other.","release_date":"1995-04-07","poster_path":"/nkRagoJbx9H3zVSEDyH5ldfgwyR.jpg","popularity":4.041703,"title":"Bad Boys","video":false,"vote_average":6.3,"vote_count":749},{"adult":false,"backdrop_path":"/4BPaM53PKZieECaGTSUKQLGC4bg.jpg","genre_ids":[18,35],"id":114750,"original_language":"en","original_title":"Dear White People","overview":"Four black students attend an Ivy League college where a riot breaks out over an “African American” themed party thrown by white students. With tongue planted firmly in cheek, the film explores racial identity in 'post-racial' America while weaving a story about forging one's unique path in the world.","release_date":"2014-10-17","poster_path":"/yxQYvWjh4wjwjrr6hhNpruVCFDG.jpg","popularity":1.778256,"title":"Dear White People","video":false,"vote_average":6.3,"vote_count":78},{"adult":false,"backdrop_path":"/uVyIQSZk6VdNs1EnM7yPt0Y13KU.jpg","genre_ids":[16,35],"id":3179,"original_language":"en","original_title":"Beavis and Butt-Head Do America","overview":"Mike Judge's slacker duo, Beavis and Butt-Head, wake to discover their TV has been stolen. Their search for a new one takes them on a clueless adventure across America where they manage to accidentally become America's most wanted.","release_date":"1996-12-15","poster_path":"/2pW1iACRzmb9OOIhzflYYt3S3s9.jpg","popularity":1.489113,"title":"Beavis and Butt-Head Do America","video":false,"vote_average":6.3,"vote_count":53},{"adult":false,"backdrop_path":"/6cO2J1woXx0rMUhbN22JKtoyoAw.jpg","genre_ids":[35],"id":136403,"original_language":"en","original_title":"Populaire","overview":"Rose Pamphyle, 21, is determined to break free from her stifling existence. Living with her widowed father and dreary husband, she seems destined to remain a bored housewife. That is, until she applies for a job at an insurance agency and her charismatic boss offers her a job - provided she compete in a speed typing tournament.","release_date":"2012-11-27","poster_path":"/82mF3h9Mai96TBnIh9v3GzIPr9J.jpg","popularity":0.670317,"title":"Populaire","video":false,"vote_average":6.3,"vote_count":56},{"adult":false,"backdrop_path":"/oSGHRXvdHFbUlSq2DplenVFdqqb.jpg","genre_ids":[53,18,36],"id":97630,"original_language":"en","original_title":"Zero Dark Thirty","overview":"A chronicle of the decade-long hunt for al-Qaeda terrorist leader Osama bin Laden after the September 2001 attacks, and his death at the hands of the Navy S.E.A.L. Team 6 in May, 2011.","release_date":"2012-12-19","poster_path":"/yg6IDNucLAEj7E5loTyTnUW2pgb.jpg","popularity":3.322111,"title":"Zero Dark Thirty","video":false,"vote_average":6.3,"vote_count":912},{"adult":false,"backdrop_path":"/ldiZsKkwVR7sHnkQZmzoPhKmEo3.jpg","genre_ids":[18,10749],"id":454,"original_language":"en","original_title":"Romeo + Juliet","overview":"In director Baz Luhrmann's contemporary take on William Shakespeare's classic tragedy, the Montagues and Capulets have moved their ongoing feud to the sweltering suburb of Verona Beach, where Romeo and Juliet fall in love and secretly wed. Though the film is visually modern, the bard's dialogue remains.","release_date":"1996-10-31","poster_path":"/f9C1NpoQfQ7Z4fJkyihNcjNDQJ.jpg","popularity":1.352785,"title":"Romeo + Juliet","video":false,"vote_average":6.3,"vote_count":326},{"adult":false,"backdrop_path":"/1Q6thcZHsDiJ0iRMXZWf7IEtX2b.jpg","genre_ids":[28,80,53],"id":1535,"original_language":"en","original_title":"Spy Game","overview":"Veteran spy Nathan Muir is on the verge of retiring from the CIA when he learns that his one-time protégé and close friend, Tom Bishop, is a political prisoner sentenced to die in Beijing. Although their friendship has been marred by bad blood and resentment, Muir agrees to take on the most dangerous mission of his career and rescue Bishop.","release_date":"2001-11-18","poster_path":"/hsb8hBeU3tkTX8SUYW6YYw6JPYD.jpg","popularity":1.931721,"title":"Spy Game","video":false,"vote_average":6.3,"vote_count":198},{"adult":false,"backdrop_path":"/lmIqH8Qsv3IvDg0PTFUuVr89eBT.jpg","genre_ids":[28,80,53],"id":9799,"original_language":"en","original_title":"The Fast and the Furious","overview":"Domenic Toretto is a Los Angeles street racer suspected of masterminding a series of big-rig hijackings. When undercover cop Brian O'Conner infiltrates Toretto's iconoclastic crew, he falls for Toretto's sister and must choose a side: the gang or the LAPD.","release_date":"2001-06-22","poster_path":"/x4So4OkqnjfOSBCCNd5uosMmQiB.jpg","popularity":1.172786,"title":"The Fast and the Furious","video":false,"vote_average":6.3,"vote_count":2028},{"adult":false,"backdrop_path":"/qHo4hRPJMlcLrtehK9d1m2MTrj9.jpg","genre_ids":[18,878,9648,10749],"id":2103,"original_language":"en","original_title":"Solaris","overview":"Upon arrival at the space station orbiting an ocean world called Solaris a psychologist discovers that the commander of an expedition to the planet has died mysteriously. Other strange events soon start happening as well, such as the appearance of old acquaintances of the crew, including some who are dead.","release_date":"2002-11-27","poster_path":"/8TTniVKEjUWs3DnAMEWMXP6V1ct.jpg","popularity":2.406588,"title":"Solaris","video":false,"vote_average":6.3,"vote_count":114},{"adult":false,"backdrop_path":"/kZMZ3PqcKmtBifHjfoI8JnURHJj.jpg","genre_ids":[28,80,53],"id":2140,"original_language":"en","original_title":"Kiss of the Dragon","overview":"Liu Jian, an elite Chinese police officer, comes to Paris to arrest a Chinese drug lord. When Jian is betrayed by a French officer and framed for murder, he must go into hiding and find new allies.","release_date":"2001-07-06","poster_path":"/8vzyoFlFGPlpYHHru7MuRRcbppA.jpg","popularity":1.167084,"title":"Kiss of the Dragon","video":false,"vote_average":6.3,"vote_count":77},{"adult":false,"backdrop_path":"/kiLEAfRQhs93r3tSsQFpD2EpbyR.jpg","genre_ids":[28,80,18,53],"id":136797,"original_language":"en","original_title":"Need for Speed","overview":"The film revolves around a local street-racer who partners with a rich and arrogant business associate, only to find himself framed by his colleague and sent to prison. After he gets out, he joins a New York-to-Los Angeles race to get revenge. But when the ex-partner learns of the scheme, he puts a massive bounty on the racer's head, forcing him to run a cross-country gauntlet of illegal racers in all manner of supercharged vehicles.","release_date":"2014-03-14","poster_path":"/lN0mP3BNaKirkKl6FJ0yL0wmjSJ.jpg","popularity":3.91208,"title":"Need for Speed","video":false,"vote_average":6.3,"vote_count":747},{"adult":false,"backdrop_path":"/iS4RjaSuqqKwu2qWFDnhZSVU8Os.jpg","genre_ids":[18,878,16],"id":152795,"original_language":"en","original_title":"The Congress","overview":"An aging, out-of-work actress accepts one last job, though the consequences of her decision affect her in ways she didn't consider.","release_date":"2014-07-24","poster_path":"/nnKX3ahYoT7P3au92dNgLf4pKwA.jpg","popularity":1.820851,"title":"The Congress","video":false,"vote_average":6.3,"vote_count":55},{"adult":false,"backdrop_path":"/y1mEaUanOhCtUmTyDrdGO1FAsc8.jpg","genre_ids":[16,10751,10770],"id":79218,"original_language":"en","original_title":"Ice Age: A Mammoth Christmas","overview":"When Sid accidentally destroys Manny's heirloom Christmas rock and ends up on Santa's naughty list, he leads a hilarious quest to the North Pole to make things right and ends up making things much worse. Now it's up to Manny and his prehistoric posse to band together and save Christmas for the entire world!","release_date":"2011-11-24","poster_path":"/bBKkG54YXVTFCKeZ4a5pmRubTQg.jpg","popularity":2.364708,"title":"Ice Age: A Mammoth Christmas","video":false,"vote_average":6.3,"vote_count":58},{"adult":false,"backdrop_path":"/epyvlW54O4lOjFiTISsO0dAFzVV.jpg","genre_ids":[14,35,10749],"id":12797,"original_language":"en","original_title":"Ghost Town","overview":"Bertram Pincus, is a man whose people skills leave much to be desired. When Pincus dies unexpectedly, but is miraculously revived after seven minutes, he wakes up to discover that he now has the annoying ability to see ghosts.","release_date":"2008-09-19","poster_path":"/ePrGYQ5SYLSclA8VDo6RvafaYGq.jpg","popularity":1.581343,"title":"Ghost Town","video":false,"vote_average":6.3,"vote_count":58}],"total_pages":180,"total_results":3596}
