{"page":34,"results":[{"adult":false,"backdrop_path":"/nriBinb7Y3Bm6LdbmOC0mFxSm8d.jpg","genre_ids":[18,80,10749],"id":226,"original_language":"en","original_title":"Boys Don't Cry","overview":"Female born, Teena Brandon adopts his male identity of Brandon Teena and attempts to find himself and love in Nebraska.","release_date":"1999-09-02","poster_path":"/6bqIZTEuJnUrgnxcymciszvOz8J.jpg","popularity":2.154247,"title":"Boys Don't Cry","video":false,"vote_average":7.1,"vote_count":79},{"adult":false,"backdrop_path":"/yTbPPmLAn7DiiM0sPYfZduoAjB.jpg","genre_ids":[28,9648,878,53],"id":198663,"original_language":"en","original_title":"The Maze Runner","overview":"Set in a post-apocalyptic world, young Thomas is deposited in a community of boys after his memory is erased, soon learning they're all trapped in a maze that will require him to join forces with fellow \"runners\" for a shot at escape.","release_date":"2014-09-19","poster_path":"/coss7RgL0NH6g4fC2s5atvf3dFO.jpg","popularity":12.274188,"title":"The Maze Runner","video":false,"vote_average":7.1,"vote_count":1746},{"adult":false,"backdrop_path":"/j2RxIz3HYDiG6vjZ1CwVdbN6de3.jpg","genre_ids":[35,18],"id":48034,"original_language":"fr","original_title":"Les petits mouchoirs","overview":"Despite a traumatic event, a group of friends decide to go ahead with their annual beach vacation. Their relationships, convictions, sense of guilt and friendship are sorely tested. They are finally forced to own up to the little white lies they've been telling each other.","release_date":"2010-10-20","poster_path":"/zTi0FYTvkS6ZAPrR4LisJVXJOlh.jpg","popularity":1.482747,"title":"Little White Lies","video":false,"vote_average":7.1,"vote_count":89},{"adult":false,"backdrop_path":"/AsCyxEogqOHKEb79G5lwjfx8uSa.jpg","genre_ids":[18],"id":2013,"original_language":"fr","original_title":"Le scaphandre et le papillon","overview":"Elle France editor Jean-Dominique Bauby, who, in 1995 at the age of 43, suffered a stroke that paralyzed his entire body, except his left eye. Using that eye to blink out his memoir, Bauby eloquently described the aspects of his interior world, from the psychological torment of being trapped inside his body to his imagined stories from lands he'd only visited in his mind.","release_date":"2007-05-22","poster_path":"/o7fKdoIpxaBg7dStHrBzJiO8nbo.jpg","popularity":0.6864,"title":"The Diving Bell and the Butterfly","video":false,"vote_average":7.1,"vote_count":57},{"adult":false,"backdrop_path":"/vACyyzY1VZnHEl5AnzjLgDf6SRM.jpg","genre_ids":[28,18,9648,53],"id":2501,"original_language":"en","original_title":"The Bourne Identity","overview":"Wounded to the brink of death and suffering from amnesia, Jason Bourne is rescued at sea by a fisherman. With nothing to go on but a Swiss bank account number, he starts to reconstruct his life, but finds that many people he encounters want him dead. Bourne realizes, though, that he has the combat and mental skills of a world-class spy, but who does he work for?","release_date":"2002-06-06","poster_path":"/bXQIL36VQdzJ69lcjQR1WQzJqQR.jpg","popularity":3.851481,"title":"The Bourne Identity","video":false,"vote_average":7.1,"vote_count":1854},{"adult":false,"backdrop_path":"/zQdYrlENSC2VOs9GVv3XjfHJfT0.jpg","genre_ids":[18],"id":14534,"original_language":"en","original_title":"Rudy","overview":"Rudy grew up in a steel mill town where most people ended up working, but wanted to play football at Notre Dame instead. There were only a couple of problems. His grades were a little low, his athletic skills were poor, and he was only half the size of the other players. But he had the drive and the spirit of 5 people and has set his sights upon joining the team.","release_date":"1993-10-13","poster_path":"/lkimdKMignuOmaZ3SmEtpvBTbdQ.jpg","popularity":1.245309,"title":"Rudy","video":false,"vote_average":7.1,"vote_count":83},{"adult":false,"backdrop_path":"/6EIDbzTTnTyiZKgqtSPA9IuddYZ.jpg","genre_ids":[14,878,16,28,12],"id":183011,"original_language":"en","original_title":"Justice League: The Flashpoint Paradox","overview":"When time travel allows a past wrong to be righted for The Flash and his family, the ripples of the event prove disastrous as a fractured, alternate reality now exists where a Justice League never formed, and even Superman is nowhere to be found. Teaming with a grittier, more violent Dark Knight and Cyborg, Flash races to restore the continuity of his original timeline while this new world is ravaged by a fierce war between Wonder Woman's Amazons and Aquaman’s Atlanteans.","release_date":"2013-07-28","poster_path":"/kde98IJmR3HBh5B366dYlVE4BNK.jpg","popularity":2.207312,"title":"Justice League: The Flashpoint Paradox","video":false,"vote_average":7.1,"vote_count":237},{"adult":false,"backdrop_path":"/ktmOgR85nHbdUL3EBESus3YyKe4.jpg","genre_ids":[28,18,53],"id":33273,"original_language":"es","original_title":"Celda 211","overview":"The story of two men on different sides of a prison riot -- the inmate leading the rebellion and the young guard trapped in the revolt, who poses as a prisoner in a desperate attempt to survive the ordeal.","release_date":"2009-11-06","poster_path":"/kIC41387ph63EIWaGkHxij6S68n.jpg","popularity":0.995616,"title":"Cell 211","video":false,"vote_average":7.1,"vote_count":68},{"adult":false,"backdrop_path":"/76l4nbcPbClrAtM3xypKy34TXLF.jpg","genre_ids":[18,10749],"id":34653,"original_language":"en","original_title":"A Single Man","overview":"Adapted from a 1964 novel of the same name, the film follows a day in the life of George Falconer (Colin Firth), a British college professor reeling with the recent and sudden loss of his longtime parter. This traumatic event makes George challenge his own will to live as he seeks the console of close friend Charley (Juliane Moore) who is struggling with her own questions about life.","release_date":"2009-10-19","poster_path":"/eY2KXtuQG5YUsJxuuEKayzu7ISw.jpg","popularity":0.868319,"title":"A Single Man","video":false,"vote_average":7.1,"vote_count":112},{"adult":false,"backdrop_path":"/79RWu5NGhRMJqgrnSgQiOb5nNkK.jpg","genre_ids":[28,12,18,53],"id":11362,"original_language":"en","original_title":"The Count of Monte Cristo","overview":"Edmond Dantés's life and plans to marry the beautiful Mercedes are shattered when his best friend, Fernand, deceives him. After spending 13 miserable years in prison, Dantés escapes with the help of a fellow inmate and plots his revenge, cleverly insinuating himself into the French nobility.","release_date":"2002-01-23","poster_path":"/u1tLUDAMjOutrnSCyDhiiyZs50L.jpg","popularity":1.69607,"title":"The Count of Monte Cristo","video":false,"vote_average":7.1,"vote_count":171},{"adult":false,"backdrop_path":"/tBCgCYjkNr6aKdIdJz3uzCVOqXx.jpg","genre_ids":[18],"id":265180,"original_language":"ru","original_title":"Левиафан","overview":"In a Russian coastal town, Kolya is forced to fight the corrupt mayor when he is told that his house will be demolished. He recruits a lawyer friend to help, but the man's arrival brings further misfortune for Kolya and his family.","release_date":"2014-09-24","poster_path":"/8IJSEsrLFujFxwGolpvA48WZfUT.jpg","popularity":2.621215,"title":"Leviathan","video":false,"vote_average":7.1,"vote_count":60},{"adult":false,"backdrop_path":"/fLL6WfUXvdQee1fD4xuzNnWfVBk.jpg","genre_ids":[27,9648,80],"id":176,"original_language":"en","original_title":"Saw","overview":"Obsessed with teaching his victims the value of life, a deranged, sadistic serial killer abducts the morally wayward. Once captured, they must face impossible choices in a horrific game of survival. The victims must fight to win their lives back, or die trying...","release_date":"2004-01-19","poster_path":"/dHYvIgsax8ZFgkz1OslE4V6Pnf5.jpg","popularity":3.390495,"title":"Saw","video":false,"vote_average":7.1,"vote_count":639},{"adult":false,"backdrop_path":"/my81Hjt7NpZhaMX9bHi4wVhFy0v.jpg","genre_ids":[28,80,53],"id":187,"original_language":"en","original_title":"Sin City","overview":"Sin City is a neo-noir crime thriller based on Frank Miller's graphic novel series of the same name.The film is primarily based on three of Miller's works: The Hard Goodbye, about a man who embarks on a brutal rampage in search of his one-time sweetheart's killer; The Big Fat Kill, which focuses on a street war between a group of prostitutes and a group of mercenaries; and That Yellow Bastard, which follows an aging police officer who protects a young woman from a grotesquely disfigured serial killer.","release_date":"2005-03-31","poster_path":"/eCJkepVJslq1nEtqURLaC1zLPAL.jpg","popularity":2.439282,"title":"Sin City","video":false,"vote_average":7.1,"vote_count":1035},{"adult":false,"backdrop_path":"/8u2L2sHHAQVJ4xksOMzuYvL4SPx.jpg","genre_ids":[35,18,10752],"id":651,"original_language":"en","original_title":"MASH","overview":"One of the world's most acclaimed comedies, MASH focuses on three Korean War Army surgeons brilliantly brought to life by Donald Sutherland, Tom Skerritt and Elliott Gould. Though highly skilled and deeply dedicated, they adopt a hilarious, lunatic lifestyle as an antidote to the tragedies of their Mobile Army Surgical Hospital, and in the process infuriate Army bureaucrats. Robert Duvall, Gary Burghoff and Sally Kellerman co-star as a sanctimonious Major, an other-worldly Corporal, and a self-righteous yet lusty nurse.","release_date":"1970-01-25","poster_path":"/eOslMOtaPXgQEgVJ93U3KOLogGD.jpg","popularity":2.256653,"title":"MASH","video":false,"vote_average":7.1,"vote_count":71},{"adult":false,"backdrop_path":"/xFBmZefwrKNeuN7IOksPSdX5ETG.jpg","genre_ids":[18,80,53],"id":22803,"original_language":"en","original_title":"Law Abiding Citizen","overview":"A frustrated man decides to take justice into his own hands after a plea bargain sets one of his family's killers free. He targets not only the killer but also the district attorney and others involved in the deal.","release_date":"2009-10-15","poster_path":"/eaq6sH6JkS8ypbtCo9GCiopry0Q.jpg","popularity":2.672707,"title":"Law Abiding Citizen","video":false,"vote_average":7.1,"vote_count":566},{"adult":false,"backdrop_path":"/aZBg3z7G2QkddfXRZ8H0MY2pgGT.jpg","genre_ids":[12,18,28,36,10752],"id":11046,"original_language":"en","original_title":"Where Eagles Dare","overview":"World War II is raging, and an American general has been captured and is being held hostage in the Schloss Adler, a Bavarian castle that's nearly impossible to breach. It's up to a group of skilled Allied soldiers to liberate the general before it's too late.","release_date":"1968-12-04","poster_path":"/70lTWYeTtQfQ9HVKE12ZS7r89jM.jpg","popularity":1.919726,"title":"Where Eagles Dare","video":false,"vote_average":7.1,"vote_count":63},{"adult":false,"backdrop_path":"/7xVfHX5GWDKpHdfd4IKEFW9vcg8.jpg","genre_ids":[53,80],"id":70670,"original_language":"en","original_title":"Hodejegerne","overview":"Everybody wants something. Nobody gets it for free. Not without stepping over corpses. The headhunt has begun.","release_date":"2011-08-26","poster_path":"/5gb3C5xvFLMvDCTCvwwUNK7fuDt.jpg","popularity":2.430059,"title":"Headhunters","video":false,"vote_average":7.1,"vote_count":158},{"adult":false,"backdrop_path":"/qaTAX69aDbEinfhklbuI76lPO5c.jpg","genre_ids":[28,53],"id":9322,"original_language":"fr","original_title":"Nikita","overview":"A beautiful felon, sentenced to life in prison for the murder of a policeman, is given a second chance - as a secret political assassin controlled by the government.","release_date":"1990-02-21","poster_path":"/mjSe0ehEPaSRMFYF9qVFGpk9ubM.jpg","popularity":1.148991,"title":"La Femme Nikita","video":false,"vote_average":7.1,"vote_count":94},{"adult":false,"backdrop_path":"/xjjO3JIdneMBTsS282JffiPqfHW.jpg","genre_ids":[10749,14,10751,18],"id":150689,"original_language":"en","original_title":"Cinderella","overview":"When her father unexpectedly passes away, young Ella finds herself at the mercy of her cruel stepmother and her daughters. Never one to give up hope, Ella's fortunes begin to change after meeting a dashing stranger in the woods.","release_date":"2015-03-13","poster_path":"/2i0JH5WqYFqki7WDhUW56Sg0obh.jpg","popularity":11.629766,"title":"Cinderella","video":false,"vote_average":7.1,"vote_count":527},{"adult":false,"backdrop_path":"/lLULF5WVANFtzxq3QdJAnhRIDzP.jpg","genre_ids":[80,28,12,35],"id":15152,"original_language":"fr","original_title":"OSS 117 : Le Caire, nid d'espions","overview":"Secret agent OSS 117 foils Nazis, beds local beauties, and brings peace to the Middle East.","release_date":"2006-04-05","poster_path":"/9s12p1lRWbOyXpLh2NJSxNlhUrn.jpg","popularity":1.453678,"title":"OSS 117: Cairo, Nest of Spies","video":false,"vote_average":7.1,"vote_count":87}],"total_pages":180,"total_results":3596}
