{"page":176,"results":[{"adult":false,"backdrop_path":"/9wA7M3eHg2iOrg2LsbiUHchqXWp.jpg","genre_ids":[27,53],"id":42941,"original_language":"en","original_title":"30 Days of Night: Dark Days","overview":"After surviving the incidents in Barrow, Alaska, Stella Olemaun relocates to Los Angeles, where she intentionally attracts the attention of the local vampire population in order to avenge the death of her husband, Eben.","release_date":"2010-10-04","poster_path":"/y3GK3hpDNPsPN7uQ7A8GO53UJWZ.jpg","popularity":0.750788,"title":"30 Days of Night: Dark Days","video":false,"vote_average":4.9,"vote_count":51},{"adult":false,"backdrop_path":"/2s1vbGNvXfVqWAh2rBed6bm763R.jpg","genre_ids":[35,10751],"id":10481,"original_language":"en","original_title":"102 Dalmatians","overview":"Get ready for a howling good time as an all new assortment of irresistible animal heroes are unleashed in this great family tail! In an unlikely alliance, the outrageous Waddlesworth... a parrot who thinks he's a Rottweiler... teams up with Oddball... an un-marked Dalmation puppy eager to earn her spots! Together they embark on a laugh-packed quest to outwit the ever-scheming Cruella De Vil","release_date":"2000-11-21","poster_path":"/3ndvxCb8wHZ1yKQlzkCkwykvW9M.jpg","popularity":1.597919,"title":"102 Dalmatians","video":false,"vote_average":4.9,"vote_count":57},{"adult":false,"backdrop_path":"/6tiWjJPSwBIiQiosOQ0oqJe8UHB.jpg","genre_ids":[27,9648,53],"id":13788,"original_language":"en","original_title":"The Unborn","overview":"A young woman fights the spirit that is slowly taking possession of her.","release_date":"2009-01-09","poster_path":"/52iUsw24Xlo89F7jU2dg9uq1BWd.jpg","popularity":1.06555,"title":"The Unborn","video":false,"vote_average":4.9,"vote_count":89},{"adult":false,"backdrop_path":"/tp6GSi9CuptS149015jwsW6tY2k.jpg","genre_ids":[53,28,878],"id":269173,"original_language":"en","original_title":"The Anomaly","overview":"A former soldier is taken captive and awakens in the back of a van where he learns that he only has a few moments to figure out how he got there.","release_date":"2014-07-04","poster_path":"/7STXBkSO5WEVF98B3ZOXanKMNK6.jpg","popularity":2.208848,"title":"The Anomaly","video":false,"vote_average":4.9,"vote_count":63},{"adult":false,"backdrop_path":"/g3jly9UILhoVba6Dy5V7ifpuJYH.jpg","genre_ids":[12,878,10751],"id":2157,"original_language":"en","original_title":"Lost in Space","overview":"The prospects for continuing life on Earth in the year 2058 are grim. So the Robinsons are launched into space to colonize Alpha Prime, the only other inhabitable planet in the galaxy. But when a stowaway sabotages the mission, the Robinsons find themselves hurtling through uncharted space.","release_date":"1998-04-03","poster_path":"/kkBDPkUnYwAkWbYY2bnyf5ANObA.jpg","popularity":1.023687,"title":"Lost in Space","video":false,"vote_average":4.9,"vote_count":108},{"adult":false,"backdrop_path":"/mSE7vKEiWY1NFbvrJIwrcHOtiSH.jpg","genre_ids":[9648,53,80],"id":3093,"original_language":"en","original_title":"Basic Instinct 2","overview":"Novelist Catherine Tramell is once again in trouble with the law, and Scotland Yard appoints psychiatrist Dr. Michael Glass to evaluate her. Though, like Detective Nick Curran before him, Glass is entranced by Tramell and lured into a seductive game.","release_date":"2006-03-29","poster_path":"/mr8JpPoxIew3WNWck4ONMzH1lg6.jpg","popularity":2.243,"title":"Basic Instinct 2","video":false,"vote_average":4.9,"vote_count":52},{"adult":false,"backdrop_path":"/egx3q8K4ThXDNITEmivo2Annskq.jpg","genre_ids":[27,878,53],"id":248504,"original_language":"en","original_title":"Sharknado 2: The Second One","overview":"A freak weather system turns its deadly fury on New York City, unleashing a Sharknado on the population and its most cherished, iconic sites - and only Fin and April can save the Big Apple.","release_date":"2014-07-30","poster_path":"/4s08U8YMeUIRxSUhBxw3e4EKH3P.jpg","popularity":0.510796,"title":"Sharknado 2: The Second One","video":false,"vote_average":4.9,"vote_count":55},{"adult":false,"backdrop_path":"/7c2JZCf4pYYy5GNtvfFyGBYXLWp.jpg","genre_ids":[28,12,35,878,10751],"id":12279,"original_language":"en","original_title":"Spy Kids 3-D: Game Over","overview":"Carmen's caught in a virtual reality game designed by the Kids' new nemesis, the Toymaker (Stallone). It's up to Juni to save his sister, and ultimately the world.","release_date":"2003-07-25","poster_path":"/tethGDyocmatW6Li1NcUBXQo6Oo.jpg","popularity":0.857538,"title":"Spy Kids 3-D: Game Over","video":false,"vote_average":4.9,"vote_count":137},{"adult":false,"backdrop_path":"/jF81VZCGjc6YJS2KqiPVqoYVuMq.jpg","genre_ids":[28,27,878],"id":10016,"original_language":"en","original_title":"Ghosts of Mars","overview":"Melanie Ballard (Natasha Henstridge) is a hard nosed police chief in the year 2025. She and a police snatch squad are sent to Mars to apprehend a dangerous criminal James Williams (Ice Cube). Mars has been occupied by humans for some time and they have set up mining facilities. The mining activities on Mars have unleashed the spirits of alien beings who gradually possess the bodies of the workers. It soon turns out that catching the dangerous fugitive takes a back seat as the alien spirits begin to rid their planet of the 'invaders'.","release_date":"2001-08-24","poster_path":"/rBmkaKxRg55zBZr11EGbedFJM0.jpg","popularity":2.049178,"title":"Ghosts of Mars","video":false,"vote_average":4.8,"vote_count":79},{"adult":false,"backdrop_path":"/xpW3IqNqsZcRMthXq8Pv39OfHDD.jpg","genre_ids":[18,35],"id":276839,"original_language":"en","original_title":"Home Sweet Hell","overview":"Mona and Don’s seemingly perfect suburban bliss is disrupted by a sexy extortionist and Mona will stop at nothing, including killing the competition, to keep her little slice of heaven.","release_date":"2015-03-13","poster_path":"/aS2EU3QpjVAXhyOgAbdeqZzv4El.jpg","popularity":2.52795,"title":"Home Sweet Hell","video":false,"vote_average":4.8,"vote_count":65},{"adult":false,"backdrop_path":"/soIm2LsHjMxAd4RB2V9Ce67JW9t.jpg","genre_ids":[35],"id":239573,"original_language":"en","original_title":"Unfinished Business","overview":"A hard-working small business owner and his two associates travel to Europe to close the most important deal of their lives.  But what began as a routine business trip goes off the rails in every imaginable – and unimaginable – way, including unplanned stops at a massive sex fetish event and a global economic summit.","release_date":"2015-03-06","poster_path":"/syjAbeqw3pNwEmRQHlRGHZUG9kF.jpg","popularity":4.483255,"title":"Unfinished Business","video":false,"vote_average":4.8,"vote_count":76},{"adult":false,"backdrop_path":"/8YW4rwWQgC2JRlBcpStMNUko13k.jpg","genre_ids":[53],"id":9320,"original_language":"en","original_title":"The Avengers","overview":"British Ministry agent John Steed, under direction from \"Mother\", investigates a diabolical plot by arch-villain Sir August de Wynter to rule the world with his weather control machine. Steed investigates the beautiful Doctor Mrs. Emma Peel, the only suspect, but simultaneously falls for her and joins forces with her to combat Sir August.","release_date":"1998-08-13","poster_path":"/7cJGRajXMU2aYdTbElIl6FtzOl2.jpg","popularity":1.033606,"title":"The Avengers","video":false,"vote_average":4.8,"vote_count":75},{"adult":false,"backdrop_path":"/dLshMmcp3CY6z703jWCXqmtdwKV.jpg","genre_ids":[35],"id":76489,"original_language":"en","original_title":"The Three Stooges","overview":"While trying to save their childhood orphanage, Moe, Larry, and Curly inadvertently stumble into a murder plot and wind up starring in a reality TV show.","release_date":"2012-04-13","poster_path":"/8qSMKjiNpNe3mwujI8BoAyXgSKD.jpg","popularity":1.833688,"title":"The Three Stooges","video":false,"vote_average":4.8,"vote_count":60},{"adult":false,"backdrop_path":"/fuINagU2N0RxoQWenf00txtXfV5.jpg","genre_ids":[28,12,14,10751],"id":10196,"original_language":"en","original_title":"The Last Airbender","overview":"The story follows the adventures of Aang, a young successor to a long line of Avatars, who must put his childhood ways aside and stop the Fire Nation from enslaving the Water, Earth and Air nations.","release_date":"2010-06-30","poster_path":"/5kO6hVZrtBZ98VfpgHvwivjXgMg.jpg","popularity":1.189761,"title":"The Last Airbender","video":false,"vote_average":4.8,"vote_count":469},{"adult":false,"backdrop_path":"/r1SJkHUxDUlEkG4GYLFnPeaIBYZ.jpg","genre_ids":[35,878,10751],"id":9612,"original_language":"en","original_title":"Coneheads","overview":"With enormous cone-shaped heads, robotlike walks and an appetite for toilet paper, aliens Beldar and Prymatt don't exactly blend in with the population of Paramus, N.J. But for some reason, everyone believes them when they say they're from France! As the odd \"Saturday Night Live\" characters settle into middle-class life in this feature-length comedy, a neighbor admires their daughter.","release_date":"1993-07-23","poster_path":"/3L0E2g1xo0M7oKHKsYKYWdOZH7K.jpg","popularity":0.442048,"title":"Coneheads","video":false,"vote_average":4.8,"vote_count":64},{"adult":false,"backdrop_path":"/p0fMUR7ZFjsfpaLxqAAt62y1i4r.jpg","genre_ids":[28,35,80,878,53],"id":8285,"original_language":"en","original_title":"The Spirit","overview":"Down these mean streets a man must come. A hero born, murdered, and born again. When a Rookie cop named Denny Colt returns from the beyond as The Spirit, a hero whose mission is to fight against the bad forces from the shadows of Central City, the Octopus who kills anyone unfortunate enough to see his face who has other plans. He's going to wipe out the entire city.","release_date":"2008-12-25","poster_path":"/4TlzgL6yW9zI4Y0rGY0LjpmWWKJ.jpg","popularity":1.169543,"title":"The Spirit","video":false,"vote_average":4.8,"vote_count":112},{"adult":false,"backdrop_path":"/1LV1sS4tBSMF4Q2vscMobGmKrSY.jpg","genre_ids":[12,27,53],"id":9360,"original_language":"en","original_title":"Anaconda","overview":"A \"National Geographic\" film crew is taken hostage by an insane hunter, who takes them along on his quest to capture the world's largest - and deadliest - snake.","release_date":"1997-04-11","poster_path":"/DcGgcAAdZnW5A9AV03JTFFjft5.jpg","popularity":2.047232,"title":"Anaconda","video":false,"vote_average":4.8,"vote_count":175},{"adult":false,"backdrop_path":"/rTPWZnpvolpZH3kl8pMQxXin07x.jpg","genre_ids":[28,12,14,10751],"id":2486,"original_language":"en","original_title":"Eragon","overview":"In his homeland of Alagaesia, a farm boy happens upon a dragon's egg -- a discovery that leads him on a predestined journey where he realized he's the one person who can defend his home against an evil king.","release_date":"2006-12-13","poster_path":"/5YOPiILsHw2Onsqyev9IYhSZ4Vy.jpg","popularity":1.58348,"title":"Eragon","video":false,"vote_average":4.8,"vote_count":284},{"adult":false,"backdrop_path":"/qTWDdN2U4k9BLX0HIZNx9qA4shY.jpg","genre_ids":[10402,35,10751,10749],"id":11132,"original_language":"en","original_title":"Confessions of a Teenage Drama Queen","overview":"When the teenager Mary Elizabeth Steppe, a.k.a. Lola, moves with her mother and two younger twin sisters from New York to the suburb of Dellwood, New Jersey, she has the feeling that her cultural and entertaining world ended. While in school, the displaced Lola becomes close friend of the unpopular Ella, who is also a great fan of the her favorite rock band Sidarthur. However, the most popular girl in the school, Carla Santini, disputes the lead role in an adaptation of Pygmalion with Lola and also the leadership of their mates. When the last concert of Sidarthur is sold-out, Lola plans with Ella to travel to New York and buy the tickets from scalpers. However, the girls get into trouble while helping the lead singer and Lola's idol Stu Wolf, changing their lives forever.","release_date":"2004-02-17","poster_path":"/sHyW56OE9Az3te9PJJI9hVDpKBq.jpg","popularity":1.583382,"title":"Confessions of a Teenage Drama Queen","video":false,"vote_average":4.8,"vote_count":58},{"adult":false,"backdrop_path":"/wkv5q1JgGiIeXWAgrP87V4BEpvO.jpg","genre_ids":[80,18,878,53],"id":16258,"original_language":"en","original_title":"The Butterfly Effect 3: Revelations","overview":"The story revolves around a man trying to uncover the mysterious death of his girlfriend and save an innocent man from the death chamber in the process, by using his unique power to time travel. However in attempting to do this, he also frees a spiteful serial-killer.","release_date":"2009-01-09","poster_path":"/9LJfls07lQYeYctlbowaSgR4Rue.jpg","popularity":1.092736,"title":"The Butterfly Effect 3: Revelations","video":false,"vote_average":4.8,"vote_count":50}],"total_pages":180,"total_results":3596}
