{"page":33,"results":[{"adult":false,"backdrop_path":"/hHYp1YdJIu75Zr8F5IeQatlrex1.jpg","genre_ids":[10752],"id":853,"original_language":"en","original_title":"Enemy at the Gates","overview":"Enemy at the Gates is a war film from Jean-Jacques Annaud from 2001 that takes place during the battle of Stalingard in World War II between the Russians and the Germans.","release_date":"2001-03-13","poster_path":"/dOWSbEn3ucyoiBE9IgFWAo1O7Sg.jpg","popularity":1.721309,"title":"Enemy at the Gates","video":false,"vote_average":7.1,"vote_count":368},{"adult":false,"backdrop_path":"/klrbSV0LTP5T6lZgLjQ2yvHnReS.jpg","genre_ids":[10752,18,9648,10749],"id":2841,"original_language":"en","original_title":"Un long dimanche de fiançailles","overview":"In 1919, Mathilde was 19 years old. Two years earlier, her fiancé Manech left for the front at the Somme. Like millions of others he was \"killed on the field of battle.\" It's written in black and white on the official notice. But Mathilde refuses to believe it. If Manech had died, she would know. She hangs on to her intuition as tightly as she would onto the last thread of hope linking her to her lover. A former sergeant tells her in vain that Manech died in the no man's land of a trench named Bingo Crepescule, in the company of four other men condemned to die for self-inflicted wounds. Her path ahead is full of obstacles but Mathilde is not frightened. Anything is possible to someone who is willing to challenge fate...","release_date":"2004-10-26","poster_path":"/jtE7Xrj8KKnhGI3p2yCgwrtUCnd.jpg","popularity":1.777733,"title":"A Very Long Engagement","video":false,"vote_average":7.1,"vote_count":94},{"adult":false,"backdrop_path":"/weiACHVZa0lQ10cd3BhJm9d8YUF.jpg","genre_ids":[10402,18,10751,36,10749,10752],"id":15121,"original_language":"en","original_title":"The Sound of Music","overview":"Rodgers and Hammerstein's The Sound of Music is a 1965 American musical film directed by Robert Wise and starring Julie Andrews and Christopher Plummer. The film is based on the Broadway musical The Sound of Music, with songs written by Richard Rodgers and Oscar Hammerstein II. It was photographed in 70mm Todd-AO by Ted D. McCord. It won a total of five Academy Awards including Best Picture in 1965 and is one of the most popular musicals ever produced. The cast album was nominated for a Grammy Award for Album of the Year. Adjusted for inflation, it made $1.046 billion domestically at 2010 prices, putting it third on the list of all-time inflation-adjusted box office hits, behind Gone with the Wind and Star Wars. The movie is based on a postulant nun, Maria, who leaves her Abbey to become a Governess to a retired Austrian Naval Captain and his 7 children.","release_date":"1965-03-02","poster_path":"/459fPVvI4lkEV0piSfcq0irKHi8.jpg","popularity":2.345909,"title":"The Sound of Music","video":false,"vote_average":7.1,"vote_count":384},{"adult":false,"backdrop_path":"/6c3IqytBvTK9sBpSapd3fKus9RZ.jpg","genre_ids":[35,27],"id":10925,"original_language":"en","original_title":"The Return of the Living Dead","overview":"When a bumbling pair of employees at a medical supply warehouse accidentally release a deadly gas into the air, the vapors cause the dead to re-animate as they go on a rampage seeking their favorite food: brains!","release_date":"1985-08-16","poster_path":"/1vydUitzC8W8W5oNevEArCltydJ.jpg","popularity":0.759612,"title":"The Return of the Living Dead","video":false,"vote_average":7.1,"vote_count":68},{"adult":false,"backdrop_path":"/uSWzHRan14Kxe7AgbA43CSN1fXw.jpg","genre_ids":[18,80],"id":4982,"original_language":"en","original_title":"American Gangster","overview":"Following the death of his employer and mentor, Bumpy Johnson, Frank Lucas establishes himself as the number one importer of heroin in the Harlem district of Manhattan. He does so by buying heroin directly from the source in South East Asia and he comes up with a unique way of importing the drugs into the United States. Based on a true story.","release_date":"2007-11-02","poster_path":"/uDSP5H5akJ85xMGSHRtaqHGBRLD.jpg","popularity":2.571305,"title":"American Gangster","video":false,"vote_average":7.1,"vote_count":459},{"adult":false,"backdrop_path":"/yvBYkKe5lbLRlBIKznHwkVHFA8F.jpg","genre_ids":[28,18,53],"id":4689,"original_language":"en","original_title":"복수는 나의 것","overview":"This is the story of Ryu, a deaf man, and his sister, who requires a kidney transplant. Ryu's boss, Park, has just laid him off, and in order to afford the transplant, Ryu and his girlfriend develop a plan to kidnap Park's daughter. Things go horribly wrong, and the situation spirals rapidly into a cycle of violence and revenge.","release_date":"2002-03-29","poster_path":"/2ELsZLWqfkmNOIqPdPadYs3v0uc.jpg","popularity":1.679144,"title":"Sympathy for Mr. Vengeance","video":false,"vote_average":7.1,"vote_count":56},{"adult":false,"backdrop_path":"/6WpDOqkZFmhNJ0rwuLJiZVKlZi1.jpg","genre_ids":[28,18,9648,53],"id":2503,"original_language":"en","original_title":"The Bourne Ultimatum","overview":"Bourne is brought out of hiding once again by reporter Simon Ross who is trying to unveil Operation Blackbriar, an upgrade to Project Treadstone, in a series of newspaper columns. Information from the reporter stirs a new set of memories, and Bourne must finally uncover his dark past while dodging The Company's best efforts to eradicate him.","release_date":"2007-08-03","poster_path":"/fHho6JYYY0nRcETWSoeI19iZsNF.jpg","popularity":3.500903,"title":"The Bourne Ultimatum","video":false,"vote_average":7.1,"vote_count":1431},{"adult":false,"backdrop_path":"/nyqiCFF3pjcdwG2KmOwvM6CCLKA.jpg","genre_ids":[14,10751],"id":252,"original_language":"en","original_title":"Willy Wonka & the Chocolate Factory","overview":"Eccentric candy man Willy Wonka prompts a worldwide frenzy when he announces that golden tickets hidden inside five of his delicious candy bars will admit their lucky holders into his top-secret confectionary. But does Wonka have an agenda hidden amid a world of Oompa Loompas and chocolate rivers?","release_date":"1971-06-29","poster_path":"/b94qXd1FcIwgzv0NYMUe2bjrzJR.jpg","popularity":1.441032,"title":"Willy Wonka & the Chocolate Factory","video":false,"vote_average":7.1,"vote_count":240},{"adult":false,"backdrop_path":"/zZggWJSG18wPIOrZOgV5LI12LMi.jpg","genre_ids":[18],"id":132363,"original_language":"en","original_title":"The Butler","overview":"A look at the life of Cecil Gaines who served eight presidents as the White House's head butler from 1952 to 1986, and had a unique front-row seat as political and racial history was made.","release_date":"2013-08-16","poster_path":"/hUjEYTN5NuK8kYRQxngS7itpBQC.jpg","popularity":1.526106,"title":"The Butler","video":false,"vote_average":7.1,"vote_count":410},{"adult":false,"backdrop_path":"/xOXT99TBUgROWqbDvIoCvqogTo1.jpg","genre_ids":[14,18,53,9648,10749],"id":4922,"original_language":"en","original_title":"The Curious Case of Benjamin Button","overview":"Tells the story of Benjamin Button, a man who starts aging backwards with bizarre consequences.","release_date":"2008-11-24","poster_path":"/4O4INOPtWTfHq3dd5vYTPV0TCwa.jpg","popularity":3.540875,"title":"The Curious Case of Benjamin Button","video":false,"vote_average":7.1,"vote_count":1035},{"adult":false,"backdrop_path":"/6KXbhaxkgExC5EdDqAzRinhmoZ8.jpg","genre_ids":[9648,878,53],"id":63,"original_language":"en","original_title":"Twelve Monkeys","overview":"In the year 2035, convict James Cole (Bruce Willis) reluctantly volunteers to be sent back in time to discover the origin of a deadly virus that wiped out nearly all of the earth's population and forced the survivors into underground communities. But when Cole is mistakenly sent to 1990 instead of 1996, he's arrested and locked up in a mental hospital. There he meets psychiatrist Dr. Kathryn Railly (Madeleine Stowe), and patient Jeffrey Goines (Brad Pitt), the son of a famous virus expert, who may hold the key to the mysterious rogue group, the Army of the 12 Monkeys, thought to be responsible for unleashing the killer disease.","release_date":"1995-12-27","poster_path":"/6Sj9wDu3YugthXsU0Vry5XFAZGg.jpg","popularity":2.093346,"title":"Twelve Monkeys","video":false,"vote_average":7.1,"vote_count":933},{"adult":false,"backdrop_path":"/p5VTLn3S7zGVKYHfS1hQAK3D00i.jpg","genre_ids":[12,14,878,10751],"id":279229,"original_language":"de","original_title":"Saphirblau","overview":"Gwen has just discovered, that she's the final member of the secret time-traveling Circle of Twelve. Now she has to juggle with constant trips to the past, her relationships with Gideon and figuring out dark secrets surrounding the Circle.","release_date":"2014-08-14","poster_path":"/7cl22MqjQvGO4SVZbQX4qyQ3o0h.jpg","popularity":0.75036,"title":"Sapphire Blue","video":false,"vote_average":7.1,"vote_count":57},{"adult":false,"backdrop_path":"/xQnAaMY5WgqIY2h8zrr9rCGIKR1.jpg","genre_ids":[28,35,53,10749],"id":9434,"original_language":"en","original_title":"Grosse Pointe Blank","overview":"Martin Blank is a freelance hitman who starts to develop a conscience, which causes him to muff a couple of routine assignments. On the advice of his secretary and his psychiatrist, he attends his 10th year High School reunion in Grosse Pointe, Michigan.","release_date":"1997-04-11","poster_path":"/3qn4gjft8dl5syUDpmPvWqCPFAf.jpg","popularity":0.454087,"title":"Grosse Pointe Blank","video":false,"vote_average":7.1,"vote_count":72},{"adult":false,"backdrop_path":"/7UfW01brClXNFNNMCwjbuISbVEO.jpg","genre_ids":[16,14,10751],"id":51739,"original_language":"ja","original_title":"Kari-gurashi no Arietti","overview":"14-year-old Arrietty and the rest of the Clock family live in peaceful anonymity as they make their own home from items \"borrowed\" from the house's human inhabitants. However, life changes for the Clocks when a human boy discovers Arrietty.","release_date":"2010-07-16","poster_path":"/A4w9oSNQUwtkaucy3K7LbSngKrk.jpg","popularity":2.237001,"title":"The Secret World of Arrietty","video":false,"vote_average":7.1,"vote_count":245},{"adult":false,"backdrop_path":"/6426SMwaHfMTdmygfQ5WGmly7Ya.jpg","genre_ids":[18,53],"id":71859,"original_language":"en","original_title":"We Need to Talk About Kevin","overview":"The mother of a teenage sociopath who went on a high-school killing spree recalls her son's deranged behavior during childhood, as she deals with her grief.","release_date":"2011-05-12","poster_path":"/TBNvX42VMq5vRNppY27mPYEz4Z.jpg","popularity":2.795142,"title":"We Need to Talk About Kevin","video":false,"vote_average":7.1,"vote_count":152},{"adult":false,"backdrop_path":"/lLgLFzSZduH9kBxrk6BvoHc1gg0.jpg","genre_ids":[35,27],"id":19908,"original_language":"en","original_title":"Zombieland","overview":"Columbus (Jesse Eisenberg) has made a habit of running from what scares him. Tallahassee (Woody Harrelson) doesn't have fears. If he did, he'd kick their ever-living ass. In a world overrun by zombies, these two are perfectly evolved survivors. But now, they're about to stare down the most terrifying prospect of all: each other.","release_date":"2009-12-03","poster_path":"/vUzzDpVrab1BOG3ogxhRGfLN94d.jpg","popularity":2.772776,"title":"Zombieland","video":false,"vote_average":7.1,"vote_count":1270},{"adult":false,"backdrop_path":"/tabZxRLlAxCzH4LUmgebZxam6VY.jpg","genre_ids":[80,18,53],"id":11660,"original_language":"en","original_title":"Following","overview":"A struggling, unemployed young writer takes to following strangers around the streets of London, ostensibly to find inspiration for his new novel.","release_date":"1999-04-02","poster_path":"/uoWnnSlUIWjqUXxfIej3ucAxg7J.jpg","popularity":1.525125,"title":"Following","video":false,"vote_average":7.1,"vote_count":73},{"adult":false,"backdrop_path":"/i9RuhLU0cdt9dF8A4wZj6iv6TDU.jpg","genre_ids":[35,10749],"id":900,"original_language":"en","original_title":"Bringing Up Baby","overview":"David Huxley is waiting to get a bone he needs for his museum collection. Through a series of strange circumstances, he meets Susan Vance, and the duo have a series of misadventures which include a leopard called Baby.","release_date":"1938-02-18","poster_path":"/sAG0eqt4T04OB7vhuFhruYGYD0o.jpg","popularity":1.461604,"title":"Bringing Up Baby","video":false,"vote_average":7.1,"vote_count":52},{"adult":false,"backdrop_path":"/iCLuDtSSU0cFLH1oTM1828STIOB.jpg","genre_ids":[18,36,10752],"id":11202,"original_language":"en","original_title":"Patton","overview":"\"Patton\" tells the tale of General George S. Patton, famous tank commander of World War II. The film begins with patton's career in North Africa and progresses through the invasion of Germany and the fall of the Third Reich. Side plots also speak of Patton's numerous faults such his temper and habit towards insubordination.","release_date":"1970-01-25","poster_path":"/iV9xRNGBEKI5qK5hs9U84wSZskv.jpg","popularity":1.978115,"title":"Patton","video":false,"vote_average":7.1,"vote_count":138},{"adult":false,"backdrop_path":"/gGd0EKH2hITKqzeIhBVs1Ng7prg.jpg","genre_ids":[878,53],"id":1954,"original_language":"en","original_title":"The Butterfly Effect","overview":"A young man struggles to access sublimated childhood memories. He finds a technique that allows him to travel back into the past, to occupy his childhood body and change history. However, he soon finds that every change he makes has unexpected consequences.","release_date":"2004-01-23","poster_path":"/gXnNltCrm5feEEa3BytYy6jwF6v.jpg","popularity":1.628942,"title":"The Butterfly Effect","video":false,"vote_average":7.1,"vote_count":638}],"total_pages":180,"total_results":3596}
