{"page":12,"results":[{"adult":false,"backdrop_path":"/akUyYgdcY3Q4WfbWLDB9Ur8ttFG.jpg","genre_ids":[16,35,18],"id":24238,"original_language":"en","original_title":"Mary and Max","overview":"A tale of friendship between two unlikely pen pals: Mary, a lonely, eight-year-old girl living in the suburbs of Melbourne, and Max, a forty-four-year old, severely obese man living in New York. In the mid-1970's, a homely, friendless Australian girl of 8 picks a name out of a Manhattan phone book and writes to him; she includes a chocolate bar. She's Mary Dinkle, the only child of an alcoholic mother and a distracted father. He's Max Horowitz, living alone in New York, overweight, subject to anxiety attacks. He writes back, with chocolate. Thus begins a 20-year correspondence, interrupted by a stay in an asylum and a few misunderstandings. Mary falls in love with a neighbor, saves money to have a birthmark removed and deals with loss. Max has a friendship with a neighbor, tries to control his weight, and finally gets the dream job. Will the two ever meet face to face?","release_date":"2009-04-09","poster_path":"/k0lQISUC4NuvKYasJn59JHc2rla.jpg","popularity":1.292313,"title":"Mary and Max","video":false,"vote_average":7.5,"vote_count":237},{"adult":false,"backdrop_path":"/qBRwRxhUszKvcHQxMiimuax6U2e.jpg","genre_ids":[12,16,35,18],"id":9662,"original_language":"fr","original_title":"Les triplettes de Belleville","overview":"When her grandson is kidnapped during the Tour de France, Madame Souza and her beloved pooch Bruno team up with the Belleville Sisters--an aged song-and-dance team from the days of Fred Astaire--to rescue him.","release_date":"2003-05-18","poster_path":"/hKPBnEN7wJGblz72B0yhI41U9hE.jpg","popularity":2.552169,"title":"The Triplets of Belleville","video":false,"vote_average":7.5,"vote_count":56},{"adult":false,"backdrop_path":"/pGliXT5cGvJ2NuPjeZeVh10PdRu.jpg","genre_ids":[18],"id":221,"original_language":"en","original_title":"Rebel Without a Cause","overview":"Jim Stark, a rebellious young man with a troubled past, moves to a new town with his parents in hope for a fresh start. It doesn’t take Jim long to settle in and make new friends … or new enemies.","release_date":"1955-10-27","poster_path":"/KRcfiim8WW59LMMuypFC5iuR8B.jpg","popularity":0.262071,"title":"Rebel Without a Cause","video":false,"vote_average":7.5,"vote_count":56},{"adult":false,"backdrop_path":"/rgLcOj2vDV9DItDcgYPUuJaVT7F.jpg","genre_ids":[18],"id":655,"original_language":"en","original_title":"Paris, Texas","overview":"A man wanders out of the desert not knowing who he is. His brother finds him, and helps to pull his memory back of the life he led before he walked out on his family and disappeared four years earlier.","release_date":"1984-11-02","poster_path":"/vbtDskCLmlDKtzpqdiJYszBhKY2.jpg","popularity":1.679841,"title":"Paris, Texas","video":false,"vote_average":7.5,"vote_count":66},{"adult":false,"backdrop_path":"/8lo7UP1GQUVaIAGYPU8RaeVkdFb.jpg","genre_ids":[18],"id":3558,"original_language":"en","original_title":"Girl, Interrupted","overview":"Set in the changing world of the late 1960s, \"Girl, Interrupted\" is the searing true story of Susanna Kaysen (Winona Ryder), a young woman who finds herself at a renowned mental institution for troubled young women, where she must choose between the world of people who belong on the inside -- like the seductive and dangerous Lisa (Angelina Jolie) -- or the often difficult world of reality on the outside.","release_date":"1999-12-21","poster_path":"/vp46lgVDiFdT4Hw5WIISOPwnMaH.jpg","popularity":1.057816,"title":"Girl, Interrupted","video":false,"vote_average":7.5,"vote_count":132},{"adult":false,"backdrop_path":"/pU8cdLJiyOnFrFlWJEUlIu8S4hQ.jpg","genre_ids":[12,14,16,28,10751,10749],"id":10515,"original_language":"ja","original_title":"天空の城ラピュタ","overview":"The orphan Sheeta inherited a mysterious crystal that links her to the mythical sky-kingdom of Laputa. With the help of resourceful Pazu and a rollicking band of sky pirates, she makes her way to the ruins of the once-great civilization. Sheeta and Pazu must outwit the evil Muska, who plans to use Laputa's science to make himself ruler of the world.","release_date":"1986-08-02","poster_path":"/4RTG2AaqZ9eleL51ryWwv78WwDu.jpg","popularity":2.565714,"title":"Castle in the Sky","video":false,"vote_average":7.5,"vote_count":297},{"adult":false,"backdrop_path":"/k91Dag8AZbhjIJqrtf7F1bQnGPg.jpg","genre_ids":[10752],"id":28,"original_language":"en","original_title":"Apocalypse Now","overview":"At the height of the Vietnam war, Captain Benjamin Willard is sent on a dangerous mission that, officially, \"does not exist, nor will it ever exist.\" His goal is to locate - and eliminate - a mysterious Green Beret Colonel named Walter Kurtz, who has been leading his personal army on illegal guerrilla missions into enemy territory.","release_date":"1979-08-15","poster_path":"/l8dn7rKbjP36PtHsViHGpzf5ey7.jpg","popularity":2.949457,"title":"Apocalypse Now","video":false,"vote_average":7.5,"vote_count":539},{"adult":false,"backdrop_path":"/c9GlsmZsZ9DR0G3LhRNip2wF06Y.jpg","genre_ids":[28,53],"id":38234,"original_language":"en","original_title":"Undisputed III: Redemption","overview":"Russian inmate Boyka, now severely hobbled by the knee injury suffered at the end of Undisputed 2. No longer the feared prison fighter he was, he has declined so far that he is now good only for cleaning toilets. But when a new prison fight tournament begins - an international affair, matching the best fighters from prisons around the globe, enticing them with the promise of freedom for the winner - Boyka must reclaim his dignity and fight for his position in the tournament.","release_date":"2010-05-22","poster_path":"/vLSnWLCnqk5j3oLnMnBHJGL3bO0.jpg","popularity":2.087279,"title":"Undisputed III: Redemption","video":false,"vote_average":7.5,"vote_count":53},{"adult":false,"backdrop_path":"/fKVS7oPfdjFam3YbgDjOHivTkGU.jpg","genre_ids":[18,35,10749],"id":343,"original_language":"en","original_title":"Harold and Maude","overview":"The young Harold lives in his own world of suicide-attempts and funeral visits to avoid the misery of his current family and home environment. Harold meets an 80-year-old woman named Maude who also lives in her own world yet one in which she is having the time of her life. When the two opposites meet they realize that their differences don’t matter and they become best friends and love each other.","release_date":"1971-12-20","poster_path":"/xqay68babjK46U9WBFD2TmtnGcx.jpg","popularity":1.517655,"title":"Harold and Maude","video":false,"vote_average":7.5,"vote_count":54},{"adult":false,"backdrop_path":"/bUvPR1Nsm9419zO4aL90pUl4MNF.jpg","genre_ids":[10749,18],"id":152584,"original_language":"fr","original_title":"La vie d'Adèle - Chapitres 1 et 2","overview":"Adele's life is changed when she meets Emma, a young woman with blue hair, who will allow her to discover desire, to assert herself as a woman and as an adult. In front of others, Adele grows, seeks herself, loses herself, finds herself.","release_date":"2013-10-09","poster_path":"/3BpgeGHYxle9ob4cLiONgESvqVB.jpg","popularity":1.549942,"title":"Blue Is the Warmest Color","video":false,"vote_average":7.5,"vote_count":268},{"adult":false,"backdrop_path":"/s39ikTKcPr8KNL6PGNCpbq8UxwI.jpg","genre_ids":[18,10749],"id":239571,"original_language":"en","original_title":"The Best of Me","overview":"A pair of former high school sweethearts reunite after many years when they return to visit their small hometown.","release_date":"2014-10-17","poster_path":"/449Qq1XKgurG4IFTohtsEuBWJ8H.jpg","popularity":1.188224,"title":"The Best of Me","video":false,"vote_average":7.5,"vote_count":192},{"adult":false,"backdrop_path":"/rjUl3pd1LHVOVfG4IGcyA1cId5l.jpg","genre_ids":[878,28,18,53],"id":119450,"original_language":"en","original_title":"Dawn of the Planet of the Apes","overview":"A group of scientists in San Francisco struggle to stay alive in the aftermath of a plague that is wiping out humanity, while Caesar tries to maintain dominance over his community of intelligent apes.","release_date":"2014-07-11","poster_path":"/2EUAUIu5lHFlkj5FRryohlH6CRO.jpg","popularity":9.538841,"title":"Dawn of the Planet of the Apes","video":false,"vote_average":7.5,"vote_count":1690},{"adult":false,"backdrop_path":"/d2shJdJlReSI6hMn52XKYwM8X4s.jpg","genre_ids":[35,9648,10749,53],"id":4808,"original_language":"en","original_title":"Charade","overview":"Romance and suspense in Paris, as a woman is pursued by several men who want a fortune her murdered husband had stolen. Who can she trust?","release_date":"1963-12-05","poster_path":"/usONLH3H7TQnlJSck81pPalXoys.jpg","popularity":1.79517,"title":"Charade","video":false,"vote_average":7.5,"vote_count":119},{"adult":false,"backdrop_path":"/npIKgqpD8jbowpem9L3U4NUkEO3.jpg","genre_ids":[12,35,14,10749,10751],"id":2493,"original_language":"en","original_title":"The Princess Bride","overview":"In this enchantingly cracked fairy tale, the beautiful Princess Buttercup and the dashing Westley must overcome staggering odds to find happiness amid six-fingered swordsmen, murderous princes, Sicilians and rodents of unusual size. But even death can't stop these true lovebirds from triumphing.","release_date":"1987-09-18","poster_path":"/gpxjoE0yvRwIhFEJgNArtKtaN7S.jpg","popularity":1.639905,"title":"The Princess Bride","video":false,"vote_average":7.5,"vote_count":739},{"adult":false,"backdrop_path":"/oJNu8vS6Wf10Cv2996KO65jt4C0.jpg","genre_ids":[28,10752],"id":190859,"original_language":"en","original_title":"American Sniper","overview":"U.S. Navy SEAL Chris Kyle (Bradley Cooper) takes his sole mission—protect his comrades—to heart and becomes one of the most lethal snipers in American history. His pinpoint accuracy not only saves countless lives but also makes him a prime target of insurgents. Despite grave danger and his struggle to be a good husband and father to his family back in the States, Kyle serves four tours of duty in Iraq. However, when he finally returns home, he finds that he cannot leave the war behind.","release_date":"2014-12-25","poster_path":"/svPHnYE7N5NAGO49dBmRhq0vDQ3.jpg","popularity":9.269895,"title":"American Sniper","video":false,"vote_average":7.5,"vote_count":1556},{"adult":false,"backdrop_path":"/gk4EmOI3p5cw1kxaR0wr6YudeG4.jpg","genre_ids":[18],"id":16804,"original_language":"en","original_title":"おくりびと","overview":"Daigo, a cellist, is laid off from his orchestra and moves with his wife back to his small hometown where the living is cheaper. Thinking he’s applying for a job at a travel agency he finds he’s being interviewed for work with departures of a more permanent nature – as an undertaker’s assistant.","release_date":"2008-09-13","poster_path":"/rqpb1qQY5TSuztpJsu5lZGBh6h7.jpg","popularity":1.480475,"title":"Departures","video":false,"vote_average":7.5,"vote_count":63},{"adult":false,"backdrop_path":"/d3AmCJXvsP818di5KcCj4fNi36.jpg","genre_ids":[18,36,10752],"id":613,"original_language":"de","original_title":"Der Untergang","overview":"In April of 1945, Germany stands at the brink of defeat with the Russian Army closing in from the east and the Allied Expeditionary Force attacking from the west. In Berlin, capital of the Third Reich, Adolf Hitler proclaims that Germany will still achieve victory and orders his generals and advisers to fight to the last man. When the end finally does come, and Hitler lies dead by his own hand, what is left of his military must find a way to end the killing that is the Battle of Berlin, and lay down their arms in surrender.","release_date":"2004-09-16","poster_path":"/2QmpblYvUThzBQ4ArdT1Kp43DZi.jpg","popularity":1.066349,"title":"Downfall","video":false,"vote_average":7.5,"vote_count":445},{"adult":false,"backdrop_path":"/qJOMs0TouqK01HThBmFv0gL1Ib5.jpg","genre_ids":[16,18],"id":9081,"original_language":"en","original_title":"Waking Life","overview":"Waking Life is about a young man in a persistent lucid dream-like state. The film follows its protagonist as he initially observes and later participates in philosophical discussions that weave together issues like reality, free will, our relationships with others, and the meaning of life.","release_date":"2001-01-23","poster_path":"/dHQDhjt84ViDH0DhFm5PSyIo1J.jpg","popularity":1.329687,"title":"Waking Life","video":false,"vote_average":7.5,"vote_count":55},{"adult":false,"backdrop_path":"/a6pB1w4lwp0WeTRQk9Q2K1F9W34.jpg","genre_ids":[28,16],"id":123025,"original_language":"en","original_title":"Batman: The Dark Knight Returns, Part 1","overview":"Batman has not been seen for ten years. A new breed of criminal ravages Gotham City, forcing 55-year-old Bruce Wayne back into the cape and cowl. But, does he still have what it takes to fight crime in a new era?","release_date":"2012-09-25","poster_path":"/t1UAqk1Yej8rfxEUqNLFyKkcny1.jpg","popularity":1.948097,"title":"Batman: The Dark Knight Returns, Part 1","video":false,"vote_average":7.5,"vote_count":157},{"adult":false,"backdrop_path":"/2bBGFSrnTg1AFhjHoczbfPnb9D4.jpg","genre_ids":[53,80],"id":3112,"original_language":"en","original_title":"The Night of the Hunter","overview":"Harry Powell marries and murders widows for their money, believing he is helping God do away with women who arouse men's carnal instincts. Arrested for auto theft, he shares a cell with condemned killer Ben Harper and tries to get him to reveal the whereabouts of the $10,000 he stole. Only Ben's nine-year-old son, John, and four-year-old daughter, Pearl, know the money is in Pearl's doll; and they have sworn to their father to keep this secret. After Ben is executed, Preacher goes to Cresap's Landing to court Ben's widow, Willa. When he overwhelms her with his Scripture quoting, sermons, and hymns, she agrees to marry him. On their wedding night, he tells her they will never have sex because it is sinful.","release_date":"1955-07-26","poster_path":"/brECyRPAWJS1clF0unAC3MtERMA.jpg","popularity":1.823346,"title":"The Night of the Hunter","video":false,"vote_average":7.5,"vote_count":52}],"total_pages":180,"total_results":3596}
