{"page":48,"results":[{"adult":false,"backdrop_path":"/3jmMRaO8WMjKsf1LWzo6Q6E5zMP.jpg","genre_ids":[12,28,80,9648],"id":58574,"original_language":"en","original_title":"Sherlock Holmes: A Game of Shadows","overview":"There is a new criminal mastermind at large--Professor Moriarty--and not only is he Holmes’ intellectual equal, but his capacity for evil and lack of conscience may give him an advantage over the  detective.","release_date":"2011-12-16","poster_path":"/7OFqsVuS6DlVM10GUD72vCGpQm9.jpg","popularity":3.602848,"title":"Sherlock Holmes: A Game of Shadows","video":false,"vote_average":6.9,"vote_count":1932},{"adult":false,"backdrop_path":"/jVvyV0VzRB8xbBxGAPMHUgT3CaZ.jpg","genre_ids":[35,10749,18],"id":508,"original_language":"en","original_title":"Love Actually","overview":"Follows seemingly unrelated people as their lives begin to intertwine while they fall in, and out, of love. Affections languish and develop as Christmas draws near.","release_date":"2003-11-07","poster_path":"/kfX8Ctin3fSZbdnjh6CXSNZUOVP.jpg","popularity":2.444464,"title":"Love Actually","video":false,"vote_average":6.9,"vote_count":723},{"adult":false,"backdrop_path":"/1rv5sW6Qs2YK2iOzIgwH3SJPIl1.jpg","genre_ids":[18],"id":10537,"original_language":"en","original_title":"The Doors","overview":"The story of the famous and influential 1960's rock band and its lead singer and composer, Jim Morrison.","release_date":"1991-03-01","poster_path":"/9CkFrWAkg23YynYd2uJLyWznMZZ.jpg","popularity":1.547726,"title":"The Doors","video":false,"vote_average":6.9,"vote_count":57},{"adult":false,"backdrop_path":"/91usy6D1cqS6xcj7t3gN6wfOBk3.jpg","genre_ids":[18,10749,878],"id":42188,"original_language":"en","original_title":"Never Let Me Go","overview":"As children, Kathy, Ruth, and Tommy spend their childhood at an idyllic and secluded English boarding school. As they grow into adults, they must come to terms with the complexity and strength of their love for one another while also preparing for the haunting reality awaiting them.","release_date":"2010-09-15","poster_path":"/dN7GxwkOCzujWJ2FY3vzppXno8Z.jpg","popularity":2.622874,"title":"Never Let Me Go","video":false,"vote_average":6.9,"vote_count":186},{"adult":false,"backdrop_path":"/GRyynLqafMrLFMHqvfGdUweavA.jpg","genre_ids":[27,10749],"id":628,"original_language":"en","original_title":"Interview with the Vampire","overview":"A vampire relates his epic life story of love, betrayal, loneliness, and dark hunger to an over-curious reporter.","release_date":"1994-11-11","poster_path":"/hldXwwViSfHJS0kIJr07KBGmHJI.jpg","popularity":1.152732,"title":"Interview with the Vampire","video":false,"vote_average":6.9,"vote_count":484},{"adult":false,"backdrop_path":"/pret3gob7522ekpXJD85BE5Fs74.jpg","genre_ids":[18,36],"id":1883,"original_language":"en","original_title":"Malcolm X","overview":"The biopic of the controversial and influential Black Nationalist leader.","release_date":"1992-11-18","poster_path":"/jDQ2iBJuiimvYqk9orA2YaigBmW.jpg","popularity":1.65946,"title":"Malcolm X","video":false,"vote_average":6.9,"vote_count":83},{"adult":false,"backdrop_path":"/uBnZ4JxkHcDXL9CY7ekNoXZl9Y5.jpg","genre_ids":[35],"id":4543,"original_language":"en","original_title":"The Meaning of Life","overview":"Monty Python's The Meaning of Life is a 1983 musical comedy film by the Monty Python comedy team. Unlike the two previous films they had made, which had more or less each told single, coherent stories, The Meaning of Life returns to the sketch comedy format of the troupe's original television series, loosely structured as a series of comic skits about the various stages of life.","release_date":"1983-03-31","poster_path":"/c8gtBDwwiFIUkMun4Cc62zLkD2N.jpg","popularity":0.347978,"title":"The Meaning of Life","video":false,"vote_average":6.9,"vote_count":193},{"adult":false,"backdrop_path":"/qf59pVUHbY9z0Ke9Jg6HQghNJhM.jpg","genre_ids":[28,80],"id":23483,"original_language":"en","original_title":"Kick-Ass","overview":"Dave Lizewski is an unnoticed high school student and comic book fan who one day decides to become a super-hero, even though he has no powers, training or meaningful reason to do so.","release_date":"2010-04-16","poster_path":"/gtfggr5n3ED1neoTqVYmsVCoSS.jpg","popularity":1.76943,"title":"Kick-Ass","video":false,"vote_average":6.9,"vote_count":1991},{"adult":false,"backdrop_path":"/357wFlr9KaqWXqoE2HudCmsyvvt.jpg","genre_ids":[28,53],"id":9316,"original_language":"th","original_title":"Ong Bak","overview":"When the head of a statue sacred to a village is stolen, a young martial artist goes to the big city and finds himself taking on the underworld to retrieve it.","release_date":"2003-01-21","poster_path":"/t4TIJWdnxcKXcsLYqKUoNzDkeU8.jpg","popularity":0.709873,"title":"Ong Bak","video":false,"vote_average":6.9,"vote_count":185},{"adult":false,"backdrop_path":"/rce3RkZfMzBvdZfqluLaUx6QSI0.jpg","genre_ids":[18,9648,53],"id":6537,"original_language":"es","original_title":"El orfanato","overview":"A woman brings her family back to her childhood home, which used to be an orphanage, intent on reopening it. Before long, her son starts to communicate with a new invisible friend.","release_date":"2007-10-11","poster_path":"/3DMsF5gbTfEZoDp6fQH0QATOc7l.jpg","popularity":1.256473,"title":"The Orphanage","video":false,"vote_average":6.9,"vote_count":142},{"adult":false,"backdrop_path":"/6YEWKSFIWFTLnInzXYiSaS7pVOP.jpg","genre_ids":[18,35,10749],"id":82693,"original_language":"en","original_title":"Silver Linings Playbook","overview":"After spending eight months in a mental institution, a former teacher moves back in with his parents and tries to reconcile with his ex-wife.","release_date":"2012-12-25","poster_path":"/ilrZAV2klTB0FLxLb01bOp5pzD9.jpg","popularity":4.165971,"title":"Silver Linings Playbook","video":false,"vote_average":6.9,"vote_count":2250},{"adult":false,"backdrop_path":"/bhYsiT8V2yV4ZcnxxbIiJUKlRB2.jpg","genre_ids":[80,18,53],"id":12149,"original_language":"en","original_title":"Frailty","overview":"A man confesses to an FBI agent his family's story of how his religious fanatic father's visions lead to a series of murders to destroy supposed \"demons.\"","release_date":"2001-11-17","poster_path":"/18OgA3Do1UdWQunFXHcMMEoGLOL.jpg","popularity":0.342411,"title":"Frailty","video":false,"vote_average":6.9,"vote_count":73},{"adult":false,"backdrop_path":"/dBK75oCKuHVuJ9rSUnusIFbhocH.jpg","genre_ids":[18,9648,878],"id":686,"original_language":"en","original_title":"Contact","overview":"Contact is a science fiction film about an encounter with alien intelligence. Based on the novel by Carl Sagan the film starred Jodie Foster as the one chosen scientist who must make some difficult decisions between her beliefs, the truth, and reality.","release_date":"1997-07-11","poster_path":"/yRF1qpaQPZJjiORDsR7eUHzSHbf.jpg","popularity":2.172562,"title":"Contact","video":false,"vote_average":6.9,"vote_count":368},{"adult":false,"backdrop_path":"/yN4mQzPthU1l3PQWxYhzWKargL5.jpg","genre_ids":[18,36],"id":783,"original_language":"en","original_title":"Gandhi","overview":"In 1893, Gandhi is thrown off a South African train for being an Indian and traveling in a first class compartment. Gandhi realizes that the laws are biased against Indians and decides to start a non-violent protest campaign for the rights of all Indians in South Africa. After numerous arrests and the unwanted attention of the world, the government finally relents by recognizing rights for Indians, though not for the native blacks of South Africa. After this victory, Gandhi is invited back to India, where he is now considered something of a national hero. He is urged to take up the fight for India's independence from the British Empire. Gandhi agrees, and mounts a non-violent non-cooperation campaign of unprecedented scale, coordinating millions of Indians nationwide. There are some setbacks, such as violence against the protesters and Gandhi's occasional imprisonment. Nevertheless...","release_date":"1982-11-30","poster_path":"/2z9A4FSu1YySrhhcuqkdMIXpgyN.jpg","popularity":1.947548,"title":"Gandhi","video":false,"vote_average":6.9,"vote_count":204},{"adult":false,"backdrop_path":"/bUkb8goYWIRfDISwmUyKbZZnfMV.jpg","genre_ids":[35,18,10751],"id":4032,"original_language":"en","original_title":"My Girl","overview":"Vada Sultenfuss is obsessed with death. Her mother is dead, and her father runs a funeral parlor. She is also in love with her English teacher, and joins a poetry class over the summer just to impress him. Thomas J., her best friend, is \"allergic to everything\", and sticks with Vada despite her hangups. When Vada's father hires Shelly, and begins to fall for her, things take a turn to the worse...","release_date":"1991-11-26","poster_path":"/70VWmsMiTRHv9XjMvjmTVHDoM6C.jpg","popularity":1.422588,"title":"My Girl","video":false,"vote_average":6.9,"vote_count":109},{"adult":false,"backdrop_path":"/kYY4CKjjknT1GY45ZueZs556Mnl.jpg","genre_ids":[14,16,12,35,10751],"id":49519,"original_language":"en","original_title":"The Croods","overview":"The Croods is a prehistoric comedy adventure that follows the world's first family as they embark on a journey of a lifetime when the cave that has always shielded them from danger is destroyed. Traveling across a spectacular landscape, the Croods discover an incredible new world filled with fantastic creatures -- and their outlook is changed forever.","release_date":"2013-03-22","poster_path":"/eHi3Nbgh6Cs2KiIyEMF4Ig4CdjX.jpg","popularity":3.155516,"title":"The Croods","video":false,"vote_average":6.9,"vote_count":1217},{"adult":false,"backdrop_path":"/pYOg7Ds6auGHUGQIEr5uoYl36Ph.jpg","genre_ids":[35,10749],"id":2293,"original_language":"en","original_title":"Mallrats","overview":"Both dumped by their girlfriends, two best friends seek refuge in the local mall.","release_date":"1995-10-20","poster_path":"/x2OAoIwRHhDhJ8HCLxxxMm4HOL3.jpg","popularity":0.724385,"title":"Mallrats","video":false,"vote_average":6.9,"vote_count":130},{"adult":false,"backdrop_path":"/qMDiCjxfv6Y8JN2DFViTX5D1ORH.jpg","genre_ids":[18,28,53,80,9648],"id":24253,"original_language":"sv","original_title":"Flickan som lekte med elden","overview":"Mikael Blomkvist, publisher of Millennium magazine, has made his living exposing the crooked and corrupt practices of establishment Swedish figures. So when a young journalist approaches him with a meticulously researched thesis about sex trafficking in Sweden and those in high office who abuse underage girls, Blomkvist immediately throws himself into the investigation.","release_date":"2009-09-18","poster_path":"/qHRpU2d9NWB0WDulwgFwg6a9JRK.jpg","popularity":2.714531,"title":"The Girl Who Played with Fire","video":false,"vote_average":6.9,"vote_count":230},{"adult":false,"backdrop_path":"/sxE8ZAVFRyyHt83lWUkOcklCv69.jpg","genre_ids":[18],"id":24469,"original_language":"en","original_title":"Fish Tank","overview":"Everything changes for 15 year old Mia when her mum brings home a new boyfriend.","release_date":"2009-09-11","poster_path":"/fintdoMWDyxRFBu5iMPNmF3Wftu.jpg","popularity":1.642557,"title":"Fish Tank","video":false,"vote_average":6.9,"vote_count":61},{"adult":false,"backdrop_path":"/52oAwmHj2irKBSumJLwCCaYFtxi.jpg","genre_ids":[18],"id":45094,"original_language":"en","original_title":"Conviction","overview":"When Betty Anne Waters' older brother Kenny is arrested for murder and sentenced to life in 1983, Betty Anne, a Massachusetts wife and mother of two, dedicates her life to overturning the murder conviction. Convinced that her brother is innocent, Betty Anne puts herself through high school, college and, finally, law school in an 18 year quest to free Kenny. With the help of best friend Abra Rice, Betty Anne pores through suspicious evidence mounted by small town cop Nancy Taylor, meticulously retracing the steps that led to Kenny's arrest. Belief in her brother - and her quest for the truth - pushes Betty Anne and her team to uncover the facts and utilize DNA evidence with the hope of exonerating Kenny.","release_date":"2010-09-11","poster_path":"/WHmcvCVpbSSnj4UjUUCfQwuiGo.jpg","popularity":1.127342,"title":"Conviction","video":false,"vote_average":6.9,"vote_count":50}],"total_pages":180,"total_results":3596}
