{"page":47,"results":[{"adult":false,"backdrop_path":"/oi5EvMTKxhUngCveced3dwx1ctF.jpg","genre_ids":[35,10749,18],"id":4951,"original_language":"en","original_title":"10 Things I Hate About You","overview":"Bianca, a tenth grader has never gone on a date, but she isn't allowed to go out with boys until her older sister gets a boyfriend. The problem is, Kat rubs nearly everyone the wrong way. But Bianca and the guy she has her eye on, Joey, are eager, so Joey fixes Kat up with Patrick, a new kid in town just bitter enough for Kat.","release_date":"1999-03-31","poster_path":"/Kd5OkBc6GyUa1tIpxYUHLpyE2t.jpg","popularity":3.007328,"title":"10 Things I Hate About You","video":false,"vote_average":6.9,"vote_count":460},{"adult":false,"backdrop_path":"/2ynxC25bh0lTazbCcUv6n1MTOjj.jpg","genre_ids":[16,28,878],"id":11633,"original_language":"en","original_title":"アップルシード","overview":"In a utopian society created at the end of the third world war, a female warrior who has been plucked from the badlands begins to see cracks in this new facade. And what does this community have planned for the rest of humankind?","release_date":"2004-04-17","poster_path":"/dyROof1YUhe0eul1P1js6ghYtkQ.jpg","popularity":2.124632,"title":"Appleseed","video":false,"vote_average":6.9,"vote_count":58},{"adult":false,"backdrop_path":"/cBjuZ5nF5kDM8mFebm6XKKGSPlK.jpg","genre_ids":[18],"id":45958,"original_language":"en","original_title":"Biutiful","overview":"This is a story of a man in free fall. On the road to redemption, darkness lights his way. Connected with the afterlife, Uxbal is a tragic hero and father of two who's sensing the danger of death. He struggles with a tainted reality and a fate that works against him in order to forgive, for love, and forever.","release_date":"2010-10-20","poster_path":"/l201ZkmuUTYhGWqSMJ0MhcsxMwO.jpg","popularity":1.862888,"title":"Biutiful","video":false,"vote_average":6.9,"vote_count":66},{"adult":false,"backdrop_path":"/lxLnW7rV0Xs1HijLEVoOlTMrjKu.jpg","genre_ids":[16,10751,14,12,35,10749],"id":11970,"original_language":"en","original_title":"Hercules","overview":"Bestowed with superhuman strength, a young mortal named Hercules sets out to prove himself a hero in the eyes of his father, the great god Zeus. Along with his friends Pegasus, a flying horse, and Phil, a personal trainer, Hercules is tricked by the hilarious, hotheaded villain Hades, who's plotting to take over Mount Olympus!","release_date":"1997-06-27","poster_path":"/xkd8mGGsVmJWuA7i8VMMYwqEwvu.jpg","popularity":3.459658,"title":"Hercules","video":false,"vote_average":6.9,"vote_count":432},{"adult":false,"backdrop_path":"/39nstYsfjR6ggyKTtB4Joga2fs8.jpg","genre_ids":[28,878,12],"id":49538,"original_language":"en","original_title":"X-Men: First Class","overview":"Before Charles Xavier and Erik Lensherr took the names Professor X and Magneto, they were two young men discovering their powers for the first time. Before they were arch-enemies, they were closest of friends, working together with other mutants (some familiar, some new), to stop the greatest threat the world has ever known.","release_date":"2011-05-24","poster_path":"/7SSm7BfzFoVzmd6fCDccj7qRxc8.jpg","popularity":1.143987,"title":"X-Men: First Class","video":false,"vote_average":6.9,"vote_count":2793},{"adult":false,"backdrop_path":"/2xQVXJrANGTaaoOn9g2IDQmBhJB.jpg","genre_ids":[18],"id":9563,"original_language":"en","original_title":"Any Given Sunday","overview":"A star quarterback gets knocked out of the game and an unknown third stringer is called in to replace him. The unknown gives a stunning performance and forces the aging coach to reevaluate his game plans and life. A new co-owner/president adds to the pressure of winning. The new owner must prove her self in a male dominated world.","release_date":"1999-12-16","poster_path":"/ofxxBtOoNRQD9yuiVIEo8sbsqkK.jpg","popularity":1.721267,"title":"Any Given Sunday","video":false,"vote_average":6.9,"vote_count":118},{"adult":false,"backdrop_path":"/75ybu5PY5ujvghe1hbn5x1DdESl.jpg","genre_ids":[18,10749],"id":6023,"original_language":"en","original_title":"P.S. I Love You","overview":"A young widow discovers that her late husband has left her 10 messages intended to help ease her pain and start a new life.","release_date":"2007-12-21","poster_path":"/esfuYEvv7WrLvXNkCg7MCufEEdH.jpg","popularity":1.932558,"title":"P.S. I Love You","video":false,"vote_average":6.9,"vote_count":331},{"adult":false,"backdrop_path":"/yiJonnQUW5luTsQy2KuUuOZqtjM.jpg","genre_ids":[12,27],"id":9392,"original_language":"en","original_title":"The Descent","overview":"After a tragic accident, six friends reunite for a caving expedition. Their adventure soon goes horribly wrong when a collapse traps them deep underground and they find themselves pursued by bloodthirsty creatures. As their friendships deteriorate, they find themselves in a desperate struggle to survive the creatures and each other.","release_date":"2005-07-08","poster_path":"/ldzNyitGjBLjjOzLTaQyYDMVDF1.jpg","popularity":1.34818,"title":"The Descent","video":false,"vote_average":6.9,"vote_count":257},{"adult":false,"backdrop_path":"/3z4n5A1fR0VV8NupoXKf2BIrEtq.jpg","genre_ids":[28,12,80],"id":13989,"original_language":"en","original_title":"24: Redemption","overview":"Former federal agent Jack Bauer confronts African dictator Benjamin Juma, whose forces have been ordered to capture the children Bauer oversees for malicious military training.","release_date":"2008-11-23","poster_path":"/vvNVGdJV75Xfmyx7CSVxEhZW9Xy.jpg","popularity":1.548571,"title":"24: Redemption","video":false,"vote_average":6.9,"vote_count":68},{"adult":false,"backdrop_path":"/j9Vm5ZOToDROyIkQeDVU5yt8dHk.jpg","genre_ids":[28,35,53,80,9648],"id":9013,"original_language":"en","original_title":"Midnight Run","overview":"An accountant embezzles $15 million of mob money, jumps bail and is chased by bounty hunters, the FBI, and the Mafia.","release_date":"1988-07-20","poster_path":"/pVUfLM9z2H2rxB4Til8YvjUjnp.jpg","popularity":1.704666,"title":"Midnight Run","video":false,"vote_average":6.9,"vote_count":56},{"adult":false,"backdrop_path":"/gTpXwPqv9yUAQpGuAtpYx1JhHe3.jpg","genre_ids":[35,18],"id":152737,"original_language":"en","original_title":"August: Osage County","overview":"A look at the lives of the strong-willed women of the Weston family, whose paths have diverged until a family crisis brings them back to the Midwest house they grew up in, and to the dysfunctional woman who raised them.","release_date":"2013-09-09","poster_path":"/hkG0j7bfSBGB6NpPtYwW7zH0fU5.jpg","popularity":2.316736,"title":"August: Osage County","video":false,"vote_average":6.9,"vote_count":184},{"adult":false,"backdrop_path":"/o5yflApN9GuOkmnv6O9l4z83U5F.jpg","genre_ids":[35],"id":5825,"original_language":"en","original_title":"National Lampoon's Christmas Vacation","overview":"It's Christmas time and the Griswolds are preparing for a family seasonal celebration, but things never run smoothly for Clark, his wife Ellen and their two kids. Clark's continual bad luck is worsened by his obnoxious family guests, but he manages to keep going knowing that his Christmas bonus is due soon.","release_date":"1989-12-01","poster_path":"/waDdzvM4iFrVWUaIm3CdSLptDvb.jpg","popularity":2.170431,"title":"National Lampoon's Christmas Vacation","video":false,"vote_average":6.9,"vote_count":259},{"adult":false,"backdrop_path":"/AtlrwYAafxgpP9Hgo7ywMfbDRkk.jpg","genre_ids":[18],"id":25793,"original_language":"en","original_title":"Precious","overview":"Set in Harlem in 1987, claireece \"Precious\" Jones is a 16-year-old African American girl born into a life no one would want. She's pregnant for the second time by her absent father; at home, she must wait hand and foot on her mother, an angry woman who abuses her emotionally and physically. School is chaotic and Precious has reached the ninth grade with good marks and a secret..she can't read.","release_date":"2009-11-06","poster_path":"/xgBiMf79HiThuHNfLvCo7eC2SSD.jpg","popularity":1.772198,"title":"Precious","video":false,"vote_average":6.9,"vote_count":87},{"adult":false,"backdrop_path":"/ub7jkNDTVfUdCTey2PbhdhMuGff.jpg","genre_ids":[18,10749],"id":859,"original_language":"en","original_title":"Dangerous Liaisons","overview":"Dangerous Liaisons is the film based on the novel of the same name by Choderlos de Laclos set in 18th century France. Marquise de Merteuil’s asks her ex-lover Vicomte de Valmont to seduce the future wife of another ex-lover of hers in return for one last night with her. Yet things don’t go as planned in this love triangle drama.","release_date":"1988-12-16","poster_path":"/2rXbkUzM5ySwh3FmsFWSZdkMiaP.jpg","popularity":1.339659,"title":"Dangerous Liaisons","video":false,"vote_average":6.9,"vote_count":55},{"adult":false,"backdrop_path":"/zL6GpSqaEyRwNMkqKVXsROinzSa.jpg","genre_ids":[28,53,80],"id":8374,"original_language":"en","original_title":"The Boondock Saints","overview":"With a God-inspired moral obligation to act against evil, twin brothers Conner and Murphy set out to rid Boston of criminals. However, rather than working within the system, these Irish Americans decide to take swift retribution into their own hands.","release_date":"1999-01-22","poster_path":"/fg6fhyKg3vbdGtnf9Hq27Q5gS3r.jpg","popularity":2.671537,"title":"The Boondock Saints","video":false,"vote_average":6.9,"vote_count":263},{"adult":false,"backdrop_path":"/jdGHRopcOEPDRQVfvuIv4BkxUgw.jpg","genre_ids":[16,12,35,10751],"id":263109,"original_language":"en","original_title":"Shaun the Sheep Movie","overview":"When Shaun decides to take the day off and have some fun, he gets a little more action than he bargained for. A mix up with the Farmer, a caravan and a very steep hill lead them all to the Big City and it's up to Shaun and the flock to return everyone safely to the green grass of home.","release_date":"2015-08-05","poster_path":"/aOHsNN1p2nuiF9WaMaCNXy0T80J.jpg","popularity":7.344852,"title":"Shaun the Sheep Movie","video":false,"vote_average":6.9,"vote_count":102},{"adult":false,"backdrop_path":"/rZeFCgJrBV94JybtRna2KoYVKOR.jpg","genre_ids":[878,12,10751,14],"id":601,"original_language":"en","original_title":"E.T. the Extra-Terrestrial","overview":"A science fiction fairytale about an extra-terrestrial who is left behind on Earth and is found by a young boy who befriends him. This heart-warming fantasy from Director Steven Spielberg became one of the most commercially successful films of all time.","release_date":"1982-06-11","poster_path":"/hrO4FIo4zSyYo9uv6AXenOoZIUf.jpg","popularity":2.292016,"title":"E.T. the Extra-Terrestrial","video":false,"vote_average":6.9,"vote_count":905},{"adult":false,"backdrop_path":"/qtZbNZiFrtviX45OKeu73F7XP8p.jpg","genre_ids":[35,18],"id":74534,"original_language":"en","original_title":"The Best Exotic Marigold Hotel","overview":"British retirees travel to India to take up residence in what they believe is a newly restored hotel. Less luxurious than its advertisements, the Marigold Hotel nevertheless slowly begins to charm in unexpected ways.","release_date":"2011-11-28","poster_path":"/iRMzRGR5DHSik3IA9gkeMUZGPv6.jpg","popularity":1.634811,"title":"The Best Exotic Marigold Hotel","video":false,"vote_average":6.9,"vote_count":171},{"adult":false,"backdrop_path":"/erYnALHXFCzDwIDFthyOoGiLfsg.jpg","genre_ids":[18,27,53],"id":11075,"original_language":"en","original_title":"Ôdishon","overview":"Seven years after the death of his wife, company executive Aoyama is invited to sit in on auditions for an actress. Leafing through the resumés in advance, his eye is caught by Yamazaki Asami, a striking young woman with ballet training.","release_date":"1999-10-06","poster_path":"/mrK8hwRqaR1lveGoIcBICBqdmTG.jpg","popularity":0.879526,"title":"Audition","video":false,"vote_average":6.9,"vote_count":62},{"adult":false,"backdrop_path":"/9292R222w18nMIG9iRx92b0ez2.jpg","genre_ids":[35,18],"id":160588,"original_language":"en","original_title":"Blue Jasmine","overview":"Jasmine French used to be on the top of the heap as a New York socialite, but now is returning to her estranged sister in San Francisco utterly ruined. As Jasmine struggles with her haunting memories of a privileged past bearing dark realities she ignored, she tries to recover in her present. Unfortunately, it all proves a losing battle as Jasmine's narcissistic hangups and their consequences begin to overwhelm her. In doing so, her old pretensions and new deceits begin to foul up everyone's lives, especially her own.","release_date":"2013-07-26","poster_path":"/aBSeKszOStTx5TO2koGUpl9oTrV.jpg","popularity":3.192027,"title":"Blue Jasmine","video":false,"vote_average":6.9,"vote_count":389}],"total_pages":180,"total_results":3596}
