{"page":131,"results":[{"adult":false,"backdrop_path":"/s7dcAllZEVSrVIVMUVAUmwAxFmn.jpg","genre_ids":[35],"id":4247,"original_language":"en","original_title":"Scary Movie","overview":"Following on the heels of popular teen-scream horror movies, with uproarious comedy and biting satire. Marlon and Shawn Wayans, Shannon Elizabeth and Carmen Electra pitch in to skewer some of Hollywood's biggest blockbusters, including Scream, I Know What You Did Last Summer, The Matrix, American Pie and The Blair Witch Project.","release_date":"2000-07-07","poster_path":"/bvVmVFBVQLytK1H4TJTFdnhvf4T.jpg","popularity":2.274643,"title":"Scary Movie","video":false,"vote_average":5.9,"vote_count":363},{"adult":false,"backdrop_path":"/fnQvtfv5nyxpqVQSO3Alm7PeEsN.jpg","genre_ids":[35,18],"id":82532,"original_language":"en","original_title":"Jeff, Who Lives at Home","overview":"Dispatched from his basement room on an errand for his mother, slacker Jeff might discover his destiny (finally) when he spends the day with his brother as he tracks his possibly adulterous wife.","release_date":"2011-09-13","poster_path":"/gb0NN0z9tR50dalNySdivI6oTSA.jpg","popularity":0.437469,"title":"Jeff, Who Lives at Home","video":false,"vote_average":5.9,"vote_count":86},{"adult":false,"backdrop_path":"/63R6JXvtQtPw7NO0dmLor0brzow.jpg","genre_ids":[35],"id":9988,"original_language":"en","original_title":"Beerfest","overview":"During a trip to Germany to scatter their grandfather's ashes, German-American brothers Todd and Jan discover Beerfest, the secret Olympics of downing stout, and want to enter the contest to defend their family's beer-guzzling honor. Their Old Country cousins sneer at the Yanks' chances, prompting the siblings to return to America to prepare for a showdown the following year.","release_date":"2006-08-25","poster_path":"/2u4eGTXiY0yDhDahJEJ0DUb16hx.jpg","popularity":0.600715,"title":"Beerfest","video":false,"vote_average":5.9,"vote_count":52},{"adult":false,"backdrop_path":"/7gvhqD2l8T6qKlD0ec4nysh077y.jpg","genre_ids":[12,16,35,10751],"id":11619,"original_language":"en","original_title":"Flushed Away","overview":"London high-society mouse Roddy is flushed down the toilet by Sid, a common sewer rat. Hang on for a madcap adventure deep in the sewer bowels of Ratropolis, where Roddy meets the resourceful Rita, the rodent-hating Toad and his faithful thugs Spike and Whitey.","release_date":"2006-11-02","poster_path":"/oCdPDusnJvIZN6OpaF2Yj7211w.jpg","popularity":1.546779,"title":"Flushed Away","video":false,"vote_average":5.9,"vote_count":273},{"adult":false,"backdrop_path":"/iPdF9yga8j5v6FBSYMLktw0s2dB.jpg","genre_ids":[80,18,9648,53],"id":2026,"original_language":"en","original_title":"Hostage","overview":"A police officer is wracked by guilt from a prior stint as a negotiator. When a mafia accountant is taken hostage on his beat, he must negotiate the standoff, even as his own family is held captive by the mob.","release_date":"2005-03-09","poster_path":"/simhaVNOea3uhRUM0gT8WdidEto.jpg","popularity":1.336249,"title":"Hostage","video":false,"vote_average":5.9,"vote_count":163},{"adult":false,"backdrop_path":"/tFNHw6u2UQ3jW1xuciD0mQmcLZn.jpg","genre_ids":[35,10751,14],"id":10439,"original_language":"en","original_title":"Hocus Pocus","overview":"After 300 years of slumber, three sister witches are accidentally resurrected in Salem on Halloween night, and it us up to three kids and their newfound feline friend to put an end to the witches' reign of terror once and for all.","release_date":"1993-07-16","poster_path":"/okCXNIX9QXNXbWM9NBnKlMpYVBd.jpg","popularity":1.442997,"title":"Hocus Pocus","video":false,"vote_average":5.9,"vote_count":137},{"adult":false,"backdrop_path":"/akIvhOyNplQibXC8JCZh5dhKlDh.jpg","genre_ids":[35],"id":76493,"original_language":"en","original_title":"The Dictator","overview":"The heroic story of a dictator who risks his life to ensure that democracy would never come to the country he so lovingly oppressed.","release_date":"2012-05-16","poster_path":"/uAvG211cGNKSFyPzXFVMZzjkBB8.jpg","popularity":2.779935,"title":"The Dictator","video":false,"vote_average":5.9,"vote_count":790},{"adult":false,"backdrop_path":"/eTYfDDee623ci4ozhUa6zBqeWok.jpg","genre_ids":[27],"id":250546,"original_language":"en","original_title":"Annabelle","overview":"John Form has found the perfect gift for his expectant wife, Mia - a beautiful, rare vintage doll in a pure white wedding dress. But Mia's delight with Annabelle doesn't last long. On one horrific night, their home is invaded by members of a satanic cult, who violently attack the couple. Spilled blood and terror are not all they leave behind. The cultists have conjured an entity so malevolent that nothing they did will compare to the sinister conduit to the damned that is now... Annabelle.","release_date":"2014-10-03","poster_path":"/yAgxM61Sn0dYML4C9v3MJFp5zPI.jpg","popularity":2.225067,"title":"Annabelle","video":false,"vote_average":5.9,"vote_count":474},{"adult":false,"backdrop_path":"/2bDHsCIznQT0ZS6SdsTnJS4fPvV.jpg","genre_ids":[27,28,35,878],"id":11069,"original_language":"en","original_title":"Tremors II: Aftershocks","overview":"Those supersucking desert creatures are back --- and this time they're south of the border. As the creatures worm their way through the oil fields of Mexico, the only people who can wrangle them are veteran Earl Bassett and survivalist Burt Gummer. Add to that team a young punk out for cash and a fearless scientist, and the critters don't stand a chance.","release_date":"1996-04-09","poster_path":"/paM021FyQsgsErxRa7ywRz7EQCv.jpg","popularity":1.614748,"title":"Tremors II: Aftershocks","video":false,"vote_average":5.9,"vote_count":55},{"adult":false,"backdrop_path":"/n7rXLeKo28a3Rxiyg9MQBoX7heX.jpg","genre_ids":[27,9648],"id":22804,"original_language":"en","original_title":"Saw VI","overview":"Special Agent Strahm is dead, and Detective Hoffman has emerged as the unchallenged successor to Jigsaw's legacy. However, when the FBI draws closer to Hoffman, he is forced to set a game into motion, and Jigsaw's grand scheme is finally understood.","release_date":"2009-10-23","poster_path":"/iCVk1uniEoQLXdluUGUXBaAgD1H.jpg","popularity":1.289749,"title":"Saw VI","video":false,"vote_average":5.9,"vote_count":197},{"adult":false,"backdrop_path":"/cITp4EM8HEKrlhXDEeGNy2IB8D9.jpg","genre_ids":[28,12,35,878],"id":608,"original_language":"en","original_title":"Men in Black II","overview":"Kay and Jay reunite to provide our best, last and only line of defense against a sinister seductress who levels the toughest challenge yet to the MIBs untarnished mission statement: protecting the earth from the scum of the universe. It's been four years since the alien-seeking agents averted an intergalactic disaster of epic proportions. And now it's a race against the clock as Jay must convince Kay-who not only has absolutely no memory of his time spent with the Men In Black, but is also the only living person left with the expertise to save the galaxy-to reunite with the MIB before the earth submits to ultimate destruction.","release_date":"2002-07-03","poster_path":"/qWjRfBwr4VculczswwojXgoU0mq.jpg","popularity":3.130982,"title":"Men in Black II","video":false,"vote_average":5.9,"vote_count":1114},{"adult":false,"backdrop_path":"/iYwfyTfYoazgyH8agO6mA5tDwPE.jpg","genre_ids":[16,12,10751,14],"id":44683,"original_language":"en","original_title":"Tinker Bell and the Great Fairy Rescue","overview":"During a summer stay on the mainland, TinkerBell is accidentally discovered while investigating a little girl's fairy house. As the other fairies, led by the brash Vidia, launch a daring rescue in the middle of a fierce storm, Tink develops a special bond with the lonely, little girl. Determined to mend the girl's relationship with her distant father, Tink turns away her rescuers in order to help her new human friend risking her own safety and the future of fairykind.","release_date":"2010-09-21","poster_path":"/ggr8yq0YRaBAdLUODvdOZhgH8Um.jpg","popularity":1.797416,"title":"Tinker Bell and the Great Fairy Rescue","video":false,"vote_average":5.9,"vote_count":61},{"adult":false,"backdrop_path":"/nepqAk218e5Kk6rKAmtpNeCX8sb.jpg","genre_ids":[18,9648,53,80],"id":9437,"original_language":"en","original_title":"Kiss the Girls","overview":"Forensic psychologist Alex Cross travels to North Carolina and teams with escaped kidnap victim Kate McTiernan to hunt down \"Casanova,\" a serial killer who abducts strong-willed women and forces them to submit to his demands. The trail leads to Los Angeles, where the duo discovers that the psychopath may not be working alone.","release_date":"1997-10-03","poster_path":"/m9CyzlwbXhfUPooRIAcBoE63Frg.jpg","popularity":1.789647,"title":"Kiss the Girls","video":false,"vote_average":5.9,"vote_count":89},{"adult":false,"backdrop_path":"/3ngwmwSSSymtg7XXw2rgjnML2yT.jpg","genre_ids":[27,9648],"id":55779,"original_language":"en","original_title":"Final Destination 5","overview":"In this fifth installment, Death is just as omnipresent as ever, and is unleashed after one man’s premonition saves a group of coworkers from a terrifying suspension bridge collapse. But this group of unsuspecting souls was never supposed to survive, and, in a terrifying race against time, the ill-fated group frantically tries to discover a way to escape Death’s sinister agenda.","release_date":"2011-08-12","poster_path":"/hlauDPAuNcikSj5os7NjmcddqAo.jpg","popularity":1.196467,"title":"Final Destination 5","video":false,"vote_average":5.9,"vote_count":274},{"adult":false,"backdrop_path":"/uZhMB8qTU0gRNyhWuTcKVxZ3kaY.jpg","genre_ids":[53],"id":12103,"original_language":"en","original_title":"Don't Say a Word","overview":"When the daughter of a psychiatrist is kidnapped, he's horrified to discover that the abductors' demand is that he break through to a post traumatic stress disorder suffering young woman who knows a secret..","release_date":"2001-09-28","poster_path":"/mGzwDtIEueaoyzBiGlfiAZACUC5.jpg","popularity":1.587132,"title":"Don't Say a Word","video":false,"vote_average":5.9,"vote_count":53},{"adult":false,"backdrop_path":"/eurvLB7prqNEFFwlwSSmf0sLGtY.jpg","genre_ids":[28,12,878,53,10749],"id":72710,"original_language":"en","original_title":"The Host","overview":"A parasitic alien soul is injected into the body of Melanie Stryder. Instead of carrying out her race's mission of taking over the Earth, \"Wanda\" (as she comes to be called) forms a bond with her host and sets out to aid other free humans.","release_date":"2013-03-29","poster_path":"/jnPOLAPQLhqMeDLV2BsQfrd6R11.jpg","popularity":2.648805,"title":"The Host","video":false,"vote_average":5.9,"vote_count":1012},{"adult":false,"backdrop_path":"/xRYvkp0EQyUzDti2m8PKgD5cZDS.jpg","genre_ids":[80,18,53],"id":4477,"original_language":"en","original_title":"The Devil's Own","overview":"A police officer uncovers the real identity of his houseguest, an IRA terrorist in hiding.","release_date":"1997-03-26","poster_path":"/1zusKhAtJ3YhbuA6J184Vm4INB3.jpg","popularity":0.604587,"title":"The Devil's Own","video":false,"vote_average":5.9,"vote_count":78},{"adult":false,"backdrop_path":"/97qyAErEyOYx5Ky8CwBoWIOXieD.jpg","genre_ids":[12,14,53],"id":45650,"original_language":"en","original_title":"The Hole","overview":"After moving into a new neighbourhood, brothers Dane &amp; Lucas and their neighbour Julie discover a bottomless hole in the basement of their home. They find that once the hole is exposed, evil is unleashed. With strange shadows lurking around every corner and nightmares coming to life, they are forced to come face to face with their darkest fears to put an end to the mystery of THE HOLE.","release_date":"2009-09-09","poster_path":"/cdxULqZ1YUCY41gNo3mCJYCMOkZ.jpg","popularity":0.753673,"title":"The Hole","video":false,"vote_average":5.9,"vote_count":59},{"adult":false,"backdrop_path":"/3iLQU4WFaclBOEQxGmWZ6cARhtX.jpg","genre_ids":[12,18,28,10749,10751],"id":8856,"original_language":"en","original_title":"The Karate Kid, Part II","overview":"Mr. Miyagi and Daniel take a trip to Okinawa to visit Mr. Miyagi's dying father. After arriving Mr. Miyagi finds he still has feelings for an old love. This stirs up trouble with an old rival who he originally left Okinawa to avoid. In the mean time, Daniel encounters a new love and also makes some enemies.","release_date":"1986-06-18","poster_path":"/4zmEPGKrD3sgjHZUs99tknEBaJy.jpg","popularity":2.190668,"title":"The Karate Kid, Part II","video":false,"vote_average":5.9,"vote_count":107},{"adult":false,"backdrop_path":"/cG9WcaappGSq8Yxd90rQ5Gwioyi.jpg","genre_ids":[28,80,18,53],"id":139567,"original_language":"en","original_title":"Fire with Fire","overview":"A fireman takes an unexpected course of action when a man whom he's been ordered to testify against, after being held up at a local convenience store, threatens him.","release_date":"2012-08-31","poster_path":"/2F0Y4l7uXIGfDMtfuq2k6b2744w.jpg","popularity":2.611562,"title":"Fire with Fire","video":false,"vote_average":5.9,"vote_count":96}],"total_pages":180,"total_results":3596}
