{"page":18,"results":[{"adult":false,"backdrop_path":"/piKRwU2ZlDijUrvrgn1sRV0XaFk.jpg","genre_ids":[18],"id":5708,"original_language":"en","original_title":"Control","overview":"Control is the biography of Joy Division lead singer Ian Curtis, taking his story from schoolboy days of 1973 to his suicide on the eve of the band's first American tour in 1980.","release_date":"2007-09-26","poster_path":"/q54OkEgpHTVJINgeZToRMIORWcw.jpg","popularity":0.687052,"title":"Control","video":false,"vote_average":7.4,"vote_count":50},{"adult":false,"backdrop_path":"/uxQ1n8yLqRZgnrimiBXJ5rsaa.jpg","genre_ids":[12,16,35,10751],"id":10315,"original_language":"en","original_title":"Fantastic Mr. Fox","overview":"The Fantastic Mr. Fox bored with his current life, plans a heist against the three local farmers. The farmers, tired of sharing their chickens with the sly fox, seek revenge against him and his family.","release_date":"2009-11-13","poster_path":"/750pfEttsYAVmynRg2vmt1AXh4q.jpg","popularity":1.443165,"title":"Fantastic Mr. Fox","video":false,"vote_average":7.4,"vote_count":393},{"adult":false,"backdrop_path":"/bIB6g5rMmksQ7nGmcVnYb06cjMO.jpg","genre_ids":[16,35,10751],"id":54551,"original_language":"en","original_title":"Despicable Me: Banana","overview":"The Minions fight over a delicious banana.. but is that all they want?!","release_date":"2010-12-13","poster_path":"/4g7YYjVrSvJPxHztuDOqIjQACB2.jpg","popularity":2.276798,"title":"Despicable Me: Banana","video":false,"vote_average":7.3,"vote_count":82},{"adult":false,"backdrop_path":"/rGQ5S7T4u1VHRx9yZ11ff8sz2TT.jpg","genre_ids":[18,53],"id":55,"original_language":"es","original_title":"Amores perros","overview":"Three interconnected stories about the different strata of life in Mexico City all resolve with a fatal car accident. Octavio is trying to raise enough money to run away with his sister-in-law, and decides to enter his dog Cofi into the world of dogfighting. After a dogfight goes bad, Octavio flees in his car, running a red light and causing the accident. Daniel and Valeria's new-found bliss is prematurely ended when she loses her leg in the accident. El Chivo is a homeless man who cares for stray dogs and is there to witness the collision. Amores Perros is the first film in Iñárritu's \"Death Trilogy\".","release_date":"2000-03-14","poster_path":"/8gEXmIzw1tDnBfOaCFPimkNIkmm.jpg","popularity":1.756118,"title":"Amores perros","video":false,"vote_average":7.3,"vote_count":140},{"adult":false,"backdrop_path":"/akDpPae2zJXZhokzsAPgDyNwiwX.jpg","genre_ids":[16,10751],"id":12429,"original_language":"ja","original_title":"崖の上のポニョ","overview":"The son of a sailor, 5-year old Sosuke lives a quiet life on an oceanside cliff with his mother Lisa. One fateful day, he finds a beautiful goldfish trapped in a bottle on the beach and upon rescuing her, names her Ponyo. But she is no ordinary goldfish. The daughter of a masterful wizard and a sea goddess, Ponyo uses her father's magic to transform herself into a young girl and quickly falls in love with Sosuke, but the use of such powerful sorcery causes a dangerous imbalance in the world. As the moon steadily draws nearer to the earth and Ponyo's father sends the ocean's mighty waves to find his daughter, the two children embark on an adventure of a lifetime to save the world and fulfill Ponyo's dreams of becoming human.","release_date":"2008-07-19","poster_path":"/3s0mpSpLkI7cIhqWGrGbsiyvlsH.jpg","popularity":2.834151,"title":"Ponyo","video":false,"vote_average":7.3,"vote_count":324},{"adult":false,"backdrop_path":"/rMEcrp9ECschG3kSIZHoUuJAmRk.jpg","genre_ids":[35,10749],"id":3078,"original_language":"en","original_title":"It Happened One Night","overview":"Ellie Andrews has just tied the knot with society aviator King Westley when she is whisked away to her father's yacht and out of King's clutches. Ellie jumps ship and eventually winds up on a bus headed back to her husband. Reluctantly she must accept the help of out-of- work reporter Peter Warne. Actually, Warne doesn't give her any choice: either she sticks with him until he gets her back to her husband, or he'll blow the whistle on Ellie to her father. Either way, Peter gets what he wants... a really juicy newspaper story!","release_date":"1934-02-22","poster_path":"/k63JqnFvkIGWGhjsqRiksZw2OSs.jpg","popularity":0.616576,"title":"It Happened One Night","video":false,"vote_average":7.3,"vote_count":60},{"adult":false,"backdrop_path":"/6BY6nJWJfdERV9ht2OAh9rtiyhp.jpg","genre_ids":[18,53],"id":575,"original_language":"de","original_title":"Das Experiment","overview":"Das Experiment is a shocking psycho thriller about the potential for brutality that humans hide. Even more shocking is the fact that it’s based on an actual occurrence—a 1971 psychological experiment at Stanford University that was aborted prematurely when the experimenters lost control.","release_date":"2001-03-07","poster_path":"/qyUiWvJlbVfA9u4186zZAVpDHJc.jpg","popularity":1.712268,"title":"The Experiment","video":false,"vote_average":7.3,"vote_count":75},{"adult":false,"backdrop_path":"/aCqtptDwByuW6gL9rm085KU9eVg.jpg","genre_ids":[878,18],"id":244267,"original_language":"en","original_title":"I Origins","overview":"I Origins follows a molecular biologist studying the evolution of the human eye.  He finds his work permeating his life after a brief encounter with an exotic young woman who slips away from him.  As his research continues years later with his lab partner, they make a stunning scientific discovery that has far reaching implications and complicates both his scientific and and spiritual beliefs.  Traveling half way around the world, he risks everything he has ever known to validate his theory.","release_date":"2014-07-18","poster_path":"/8yBrj7mXCcNaHOJja7CL7tAnqlc.jpg","popularity":2.370514,"title":"I Origins","video":false,"vote_average":7.3,"vote_count":253},{"adult":false,"backdrop_path":"/nb70B4EXuoegiQ0C5N1fNVHIaYc.jpg","genre_ids":[12,18,36,53,10752],"id":5925,"original_language":"en","original_title":"The Great Escape","overview":"The Nazis, exasperated at the number of escapes from their prison camps by a relatively small number of Allied prisoners, relocates them to a high-security \"escape-proof\" camp to sit out the remainder of the war. Undaunted, the prisoners plan one of the most ambitious escape attempts of World War II. Based on a true story.","release_date":"1963-07-04","poster_path":"/qhy4HgUqhEbwQ1ekKTv7yEB3b0e.jpg","popularity":2.455735,"title":"The Great Escape","video":false,"vote_average":7.3,"vote_count":235},{"adult":false,"backdrop_path":"/5qa7B2n3MCJOEr1m87JbxC8lzU4.jpg","genre_ids":[18,53,36],"id":820,"original_language":"en","original_title":"JFK","overview":"New Orleans District Attorney Jim Garrison discovers there's more to the Kennedy assassination than the official story.","release_date":"1991-12-20","poster_path":"/9bmXpKDJv2kdtD4QNexErjGTIOz.jpg","popularity":2.075271,"title":"JFK","video":false,"vote_average":7.3,"vote_count":118},{"adult":false,"backdrop_path":"/kmSrCmhF3mB15woqQ7z3Y4UGRwr.jpg","genre_ids":[80],"id":521,"original_language":"en","original_title":"Dial M for Murder","overview":"An ex-tennis pro carries out a plot to have his wife murdered after discovering she is having an affair, and assumes she will soon leave him for the other man anyway. When things go wrong, he improvises a new plan - to frame her for murder instead.","release_date":"1954-05-29","poster_path":"/1iupgVilcCQI7zPa4F7EHpmBfe1.jpg","popularity":0.452438,"title":"Dial M for Murder","video":false,"vote_average":7.3,"vote_count":96},{"adult":false,"backdrop_path":"/6LXIgIjtt8UCCwYThiMG26JHSpn.jpg","genre_ids":[18,14,37],"id":922,"original_language":"en","original_title":"Dead Man","overview":"On the run after murdering a man, accountant William Blake encounters a strange North American man named Nobody who prepares him for his journey into the spiritual world.","release_date":"1995-05-26","poster_path":"/zNhyeQ0LuM6wgIwQlCRhJJNBTfE.jpg","popularity":1.604432,"title":"Dead Man","video":false,"vote_average":7.3,"vote_count":123},{"adult":false,"backdrop_path":"/bcb3FYtLbuPgNYO4M1IY7rfeMal.jpg","genre_ids":[18,53,9648],"id":11324,"original_language":"en","original_title":"Shutter Island","overview":"World War II soldier-turned-U.S. marshal Teddy Daniels investigates the disappearance of a patient from a hospital for the criminally insane, but his efforts are compromised by his own troubling visions and by Dr. Cawley.","release_date":"2010-02-18","poster_path":"/aZqKsvpJDFy2UzUMsdskNFbfkOd.jpg","popularity":4.713431,"title":"Shutter Island","video":false,"vote_average":7.3,"vote_count":2187},{"adult":false,"backdrop_path":"/wMRVKIIIn5035KIY0J793aHWVOj.jpg","genre_ids":[27,18],"id":13310,"original_language":"en","original_title":"Låt den rätte komma in","overview":"Set in 1982 in the suburb of Blackeberg, Stockholm, twelve-year-old Oskar is a lonely outsider, bullied at school by his classmates; at home, Oskar dreams of revenge against a trio of bullies. He befriends his twelve-year-old, next-door neighbor Eli, who only appears at night in the snow-covered playground outside their building.","release_date":"2008-01-26","poster_path":"/9FGpMfbpKjN7i2jF2gQpvQvK9VB.jpg","popularity":2.261363,"title":"Let the Right One In","video":false,"vote_average":7.3,"vote_count":301},{"adult":false,"backdrop_path":"/blfp1vzDXeXiPX2b5qJcotXqVHN.jpg","genre_ids":[18],"id":304357,"original_language":"en","original_title":"Woman in Gold","overview":"Maria Altmann, an octogenarian Jewish refugee, takes on the government to recover artwork she believes rightfully belongs to her family.","release_date":"2015-04-10","poster_path":"/mNg0HRIhJyPgKo3NoxD3rfw061O.jpg","popularity":3.627316,"title":"Woman in Gold","video":false,"vote_average":7.3,"vote_count":98},{"adult":false,"backdrop_path":"/bc35KYf2wmiMeKAjKUHh1V8BMym.jpg","genre_ids":[53,28,80],"id":156022,"original_language":"en","original_title":"The Equalizer","overview":"In The Equalizer, Denzel Washington plays McCall, a man who believes he has put his mysterious past behind him and dedicated himself to beginning a new, quiet life. But when McCall meets Teri (Chloë Grace Moretz), a young girl under the control of ultra-violent Russian gangsters, he can’t stand idly by – he has to help her. Armed with hidden skills that allow him to serve vengeance against anyone who would brutalize the helpless, McCall comes out of his self-imposed retirement and finds his desire for justice reawakened. If someone has a problem, if the odds are stacked against them, if they have nowhere else to turn, McCall will help. He is The Equalizer.","release_date":"2014-09-26","poster_path":"/2eQfjqlvPAxd9aLDs8DvsKLnfed.jpg","popularity":8.492911,"title":"The Equalizer","video":false,"vote_average":7.3,"vote_count":1138},{"adult":false,"backdrop_path":"/zCibMaYNkS0JhOZaQXtYWImv8nt.jpg","genre_ids":[80,18,9648,53],"id":1592,"original_language":"en","original_title":"Primal Fear","overview":"An arrogant, high-powered attorney takes on the case of a poor altar boy found running away from the scene of the grisly murder of the bishop who has taken him in. The case gets a lot more complex when the accused reveals that there may or may not have been a 3rd person in the room. The intensity builds when a surprise twist alters everyone's perception of the crime and what happens next...","release_date":"1996-04-03","poster_path":"/jaDUxqDju6zqoADVKvZo2OunoRC.jpg","popularity":1.891408,"title":"Primal Fear","video":false,"vote_average":7.3,"vote_count":139},{"adult":false,"backdrop_path":"/oJ6l7ZIlN6NZKYkhNvKb5cF3onw.jpg","genre_ids":[80,18],"id":650,"original_language":"en","original_title":"Boyz n the Hood","overview":"Boyz n the Hood is the popular and successful film and social criticism from John Singleton about the conditions in South Central Los Angeles where teenagers are involved in gun fights and drug dealing on a daily basis.","release_date":"1991-07-12","poster_path":"/9qQdpidN33pTEaxAP5gaTmCPGFq.jpg","popularity":1.831735,"title":"Boyz n the Hood","video":false,"vote_average":7.3,"vote_count":82},{"adult":false,"backdrop_path":"/tNOf61ltTMg8UD1Hi9yQravElFF.jpg","genre_ids":[18,10749],"id":80,"original_language":"en","original_title":"Before Sunset","overview":"Nine years ago two strangers met by chance and spent a night in Vienna that ended before sunrise. They are about to meet for the first time since. Now they have one afternoon to find out if they belong together.","release_date":"2004-02-10","poster_path":"/cIj6yWJKUjdCCO7vuZQKl0NqCQe.jpg","popularity":2.093709,"title":"Before Sunset","video":false,"vote_average":7.3,"vote_count":229},{"adult":false,"backdrop_path":"/9ZBiK6zW4I1CgbmMJsLqZgizmxy.jpg","genre_ids":[16,35,878],"id":7249,"original_language":"en","original_title":"Futurama: Bender's Big Score","overview":"The Planet Express crew return from cancellation, only to be robbed blind by hideous \"sprunging\" scam artists.  Things go from bad to worse when the scammers hack Bender, start traveling through time, and take Earth over entirely!  Will the crew be able to save the day, or will Bender's larcenous tendencies and their general incompetence doom them all?","release_date":"2007-11-27","poster_path":"/bIde0Qs4OkgyMBmGOZOZyiD92AW.jpg","popularity":1.520381,"title":"Futurama: Bender's Big Score","video":false,"vote_average":7.3,"vote_count":65}],"total_pages":180,"total_results":3596}
