{"page":4,"results":[{"adult":false,"backdrop_path":"/7geWAyhcmjcMQWcZA5lrS7Le8cG.jpg","genre_ids":[28,18,53],"id":11878,"original_language":"ja","original_title":"Yôjinbô","overview":"The incomparable Toshiro Mifune stars in Akira Kurosawa’s visually stunning and darkly comic Yojimbo. To rid a terror-stricken village of corruption, wily masterless samurai Sanjuro turns a range war between two evil clans to his own advantage. Remade twice, by Sergio Leone and Walter Hill, this exhilarating genre-twister remains one of the most influential and entertaining films of all time.","release_date":"1961-04-25","poster_path":"/xeN0ZLHOIKuAiffuCgvERft3PkV.jpg","popularity":1.570558,"title":"Yojimbo","video":false,"vote_average":7.9,"vote_count":108},{"adult":false,"backdrop_path":"/geAe08WmchATnZF461WffQBqJk1.jpg","genre_ids":[18,10749],"id":266856,"original_language":"en","original_title":"The Theory of Everything","overview":"A look at the relationship between the famous physicist Stephen Hawking and his wife.","release_date":"2014-11-26","poster_path":"/4jspr8hLLuju59bCnMiefzRW4p0.jpg","popularity":8.083348,"title":"The Theory of Everything","video":false,"vote_average":7.9,"vote_count":893},{"adult":false,"backdrop_path":"/i5r9aTDKo1y6paUX1PHsPhZstZk.jpg","genre_ids":[18],"id":113833,"original_language":"en","original_title":"The Normal Heart","overview":"The story of the onset of the HIV-AIDS crisis in New York City in the early 1980s, taking an unflinching look at the nation's sexual politics as gay activists and their allies in the medical community fight to expose the truth about the burgeoning epidemic to a city and nation in denial.","release_date":"2014-05-25","poster_path":"/fIf4nLpWHK8BsbH76fPgMbLSjuU.jpg","popularity":1.510451,"title":"The Normal Heart","video":false,"vote_average":7.9,"vote_count":100},{"adult":false,"backdrop_path":"/43RrL4biZYzJHOkmsUofMcsiKzA.jpg","genre_ids":[14,878,12],"id":902,"original_language":"fr","original_title":"La cité des enfants perdus","overview":"A scientist in a surrealist society kidnaps children to steal their dreams, hoping that they slow his aging process.","release_date":"1995-05-16","poster_path":"/wO3p0lUHwg5RbapwBznCgi8nVC6.jpg","popularity":2.009021,"title":"The City of Lost Children","video":false,"vote_average":7.9,"vote_count":113},{"adult":false,"backdrop_path":"/9ggz2yZ00v8q7K9AOLx5MWXVDjl.jpg","genre_ids":[16,10749],"id":200481,"original_language":"en","original_title":"The Blue Umbrella","overview":"It is just another evening commute until the rain starts to fall, and the city comes alive to the sound of dripping rain pipes, whistling awnings and gurgling gutters.","release_date":"2013-02-12","poster_path":"/s0F8c8YWO8TRlJtVeCQfGcoeYNU.jpg","popularity":1.794459,"title":"The Blue Umbrella","video":false,"vote_average":7.9,"vote_count":78},{"adult":false,"backdrop_path":"/mte63qJaVnoxkkXbHkdFujBnBgd.jpg","genre_ids":[53,80],"id":680,"original_language":"en","original_title":"Pulp Fiction","overview":"A burger-loving hit man, his philosophical partner, a drug-addled gangster's moll and a washed-up boxer converge in this sprawling, comedic crime caper. Their adventures unfurl in three stories that ingeniously trip back and forth in time.","release_date":"1994-10-14","poster_path":"/dM2w364MScsjFf8pfMbaWUcWrR.jpg","popularity":3.947151,"title":"Pulp Fiction","video":false,"vote_average":7.8,"vote_count":3415},{"adult":false,"backdrop_path":"/eIz5INOrwOLpcxZOeuSxZwbKmoj.jpg","genre_ids":[18,80],"id":769,"original_language":"en","original_title":"Goodfellas","overview":"Henry Hill is a small time gangster, who takes part in a robbery with Jimmy Conway and Tommy De Vito, two other gangsters who have set their sights a bit higher. His two partners kill off everyone else involved in the robbery, and slowly start to climb up through the hierarchy of the Mob. Henry, however, is badly affected by his partners success, but will he stoop low enough to bring about the downfall of Jimmy and Tommy?","release_date":"1990-09-18","poster_path":"/ckDwlkT8V71rQxqmxFgzS91rjlR.jpg","popularity":3.406672,"title":"Goodfellas","video":false,"vote_average":7.8,"vote_count":882},{"adult":false,"backdrop_path":"/pCshecgO5A15qURScLMqFtyPer4.jpg","genre_ids":[16,10751,35],"id":13930,"original_language":"en","original_title":"For the Birds","overview":"One by one, a flock of small birds perches on a telephone wire. Sitting close together has problems enough, and then comes along a large dopey bird that tries to join them. The birds of a feather can't help but make fun of him - and their clique mentality proves embarrassing in the end.","release_date":"2000-11-02","poster_path":"/r7FxAytbH046wQh5LnZLQKvXgNx.jpg","popularity":2.097605,"title":"For the Birds","video":false,"vote_average":7.8,"vote_count":141},{"adult":false,"backdrop_path":"/f6f2i5Qp0NxjZz6yXjAMAv4BkZo.jpg","genre_ids":[28,12,18,36,10752],"id":189197,"original_language":"en","original_title":"The Pacific","overview":"A 10-part mini-series from the creators of \"Band of Brothers\" telling the intertwined stories of three Marines during America's battle with the Japanese in the Pacific during World War II.","release_date":"2010-05-16","poster_path":"/xV7FKNqOwnO3aJSiRM8WCrwdRS8.jpg","popularity":1.137107,"title":"The Pacific","video":false,"vote_average":7.8,"vote_count":96},{"adult":false,"backdrop_path":"/dATygzDbQGJWlolx2vebgqFYAKO.jpg","genre_ids":[14,18,80],"id":497,"original_language":"en","original_title":"The Green Mile","overview":"A supernatural tale set on death row in a Southern prison, where gentle giant John Coffey possesses the mysterious power to heal people's ailments. When the cellblock's head guard, Paul Edgecomb, recognizes Coffey's miraculous gift, he tries desperately to help stave off the condemned man's execution.","release_date":"1999-12-10","poster_path":"/3yJUlOtVa09CYJocwBU8eAryja0.jpg","popularity":4.167801,"title":"The Green Mile","video":false,"vote_average":7.8,"vote_count":1387},{"adult":false,"backdrop_path":"/i9A0UMFg1hI2kLyCCwnmSbpT2cd.jpg","genre_ids":[18],"id":73,"original_language":"en","original_title":"American History X","overview":"Derek Vineyard is paroled after serving 3 years in prison for killing two thugs who tried to break into/steal his truck. Through his brother, Danny Vineyard's narration, we learn that before going to prison, Derek was a skinhead and the leader of a violent white supremacist gang that committed acts of racial crime throughout L.A. and his actions greatly influenced Danny. Reformed and fresh out of prison, Derek severs contact with the gang and becomes determined to keep Danny from going down the same violent path as he did.","release_date":"1998-10-30","poster_path":"/fXepRAYOx1qC3wju7XdDGx60775.jpg","popularity":3.896676,"title":"American History X","video":false,"vote_average":7.8,"vote_count":867},{"adult":false,"backdrop_path":"/zXp2ydvhO9qGzpIsb1CWeKnn5yg.jpg","genre_ids":[80,18],"id":654,"original_language":"en","original_title":"On the Waterfront","overview":"Terry Malloy dreams about being a prize fighter, while tending his pigeons and running errands at the docks for Johnny Friendly, the corrupt boss of the dockers union. Terry witnesses a murder by two of Johnny's thugs, and later meets the dead man's sister and feels responsible for his death. She introduces him to Father Barry, who tries to force him to provide information for the courts that will smash the dock racketeers.","release_date":"1954-06-22","poster_path":"/xXRgZKrdIT1GmTssy4EJoax725A.jpg","popularity":1.971114,"title":"On the Waterfront","video":false,"vote_average":7.8,"vote_count":69},{"adult":false,"backdrop_path":"/rIpSszng8P0DL0TimSzZbpfnvh1.jpg","genre_ids":[18,36,10752],"id":424,"original_language":"en","original_title":"Schindler's List","overview":"Told from the perspective of businessman Oskar Schindler who saved over a thousand Jewish lives from the Nazis while they worked as slaves in his factory. Schindler’s List is based on a true story, illustrated in black and white and controversially filmed in many original locations.","release_date":"1993-11-29","poster_path":"/yPisjyLweCl1tbgwgtzBCNCBle.jpg","popularity":4.144677,"title":"Schindler's List","video":false,"vote_average":7.8,"vote_count":1496},{"adult":false,"backdrop_path":"/AkE7LQs2hPMG5tpWYcum847Knre.jpg","genre_ids":[12,28,878],"id":1891,"original_language":"en","original_title":"Star Wars: Episode V - The Empire Strikes Back","overview":"The epic saga continues as Luke Skywalker, in hopes of defeating the evil Galactic Empire, learns the ways of the Jedi from aging master Yoda. But Darth Vader is more determined than ever to capture Luke. Meanwhile, rebel leader Princess Leia, cocky Han Solo, Chewbacca, and droids C-3PO and R2-D2 are thrown into various stages of capture, betrayal and despair.","release_date":"1980-05-17","poster_path":"/6u1fYtxG5eqjhtCPDx04pJphQRW.jpg","popularity":4.338832,"title":"Star Wars: Episode V - The Empire Strikes Back","video":false,"vote_average":7.8,"vote_count":2419},{"adult":false,"backdrop_path":"/c7e3nH3wtSBDrHRB63onrGptl6D.jpg","genre_ids":[80,18,53],"id":629,"original_language":"en","original_title":"The Usual Suspects","overview":"Following a truck hijack in New York, five conmen are arrested and brought together for questioning. As none of them is guilty, they plan a revenge operation against the police. The operation goes well, but then the influence of a legendary mastermind criminal called Keyser Söze is felt. It becomes clear that each one of them has wronged Söze at some point and must pay back now. The payback job leaves 27 men dead in a boat explosion, but the real question arises now: Who actually is Keyser Söze?","release_date":"1995-08-16","poster_path":"/jgJoRWltoS17nD5MAQ1yK2Ztefw.jpg","popularity":2.062215,"title":"The Usual Suspects","video":false,"vote_average":7.8,"vote_count":1055},{"adult":false,"backdrop_path":"/m7yrs7Sw5WpUNJdqDjEhkNJVpxt.jpg","genre_ids":[18,878,53],"id":1398,"original_language":"ru","original_title":"Сталкер","overview":"Near a gray and unnamed city is the Zone, an alien place guarded by barbed wire and soldiers, and where the normal laws of physics are victim to frequent anomalies. A Stalker, one of only a handful who have the mental gifts (and who risk imprisonment) to lead people into the Zone is tasked with reaching the Room, said to be a place where one's secret hopes come true. His clients are a burned out popular writer, cynical, and questioning his talent; and a quiet scientist more concerned about his knapsack than the journey. In the deserted Zone, the approach to the Room must be indirect. As they draw near, the rules seem to change and the stalker faces a crisis.  The film is loosely based on the novel \"Roadside Picnic\" by Boris and Arkady Strugatsky","release_date":"1979-08-01","poster_path":"/ezt0Z9wIcPIxiks0J4dm8zJn575.jpg","popularity":1.06235,"title":"Stalker","video":false,"vote_average":7.8,"vote_count":90},{"adult":false,"backdrop_path":"/chD4psMHmbIpmFKKlgD5Yfh4eRn.jpg","genre_ids":[16,878,28,18],"id":22843,"original_language":"en","original_title":"Evangerion shin gekijôban: Ha","overview":"Under constant attack by monstrous creatures called Angels that seek to eradicate humankind, U.N. Special Agency NERV introduces two new EVA pilots to help defend the city of Tokyo-3: the mysterious Makinami Mari Illustrous and the intense Asuka Langley Shikinami. Meanwhile, Gendo Ikari and SEELE proceed with a secret project that involves both Rei and Shinji.","release_date":"2009-06-26","poster_path":"/odCtbDVJMxaqsTt4fIkM7UHZ8ta.jpg","popularity":2.008715,"title":"Evangelion: 2.0 You Can (Not) Advance","video":false,"vote_average":7.8,"vote_count":60},{"adult":false,"backdrop_path":"/3hGRV0xR11aUxCGAJ52F8MTxrno.jpg","genre_ids":[18,36],"id":152532,"original_language":"en","original_title":"Dallas Buyers Club","overview":"Loosely based on the true-life tale of Ron Woodroof, a drug-taking, women-loving, homophobic man who in 1986 was diagnosed with HIV/AIDS and given thirty days to live.","release_date":"2013-11-22","poster_path":"/aoxYci1HnJdb4bno2jYSnzSGDkL.jpg","popularity":4.565127,"title":"Dallas Buyers Club","video":false,"vote_average":7.8,"vote_count":887},{"adult":false,"backdrop_path":"/sC4fbX0mKYEs16riivryzMl6GwR.jpg","genre_ids":[18,10752],"id":975,"original_language":"en","original_title":"Paths of Glory","overview":"During World War I, commanding officer General Broulard (Adolphe Menjou) orders his subordinate, General Mireau (George Macready), to attack a German trench position, offering a promotion as an incentive. Though the mission is foolhardy to the point of suicide, Mireau commands his own subordinate, Colonel Dax (Kirk Douglas), to plan the attack. When it ends in disaster, General Mireau demands the court-martial of three random soldiers in order to save face.","release_date":"1957-09-18","poster_path":"/f3DEXseCs3WBtvCv9pVPCtoluuG.jpg","popularity":0.471582,"title":"Paths of Glory","video":false,"vote_average":7.8,"vote_count":123},{"adult":false,"backdrop_path":"/mYTBX7aqomo8na3561uE5sZCQF6.jpg","genre_ids":[18],"id":510,"original_language":"en","original_title":"One Flew Over the Cuckoo's Nest","overview":"While serving time for insanity at a state mental hospital, implacable rabble-rouser Randle Patrick McMurphy inspires his fellow patients to rebel against the authoritarian rule of head nurse Mildred Ratched.","release_date":"1975-11-18","poster_path":"/2Sns5oMb356JNdBHgBETjIpRYy9.jpg","popularity":3.899977,"title":"One Flew Over the Cuckoo's Nest","video":false,"vote_average":7.8,"vote_count":867}],"total_pages":180,"total_results":3596}
