{"page":10,"results":[{"adult":false,"backdrop_path":"/7hhmSkzktUm5GxuVUWXlJrVx81L.jpg","genre_ids":[18,28,80],"id":7347,"original_language":"en","original_title":"Tropa de Elite","overview":"In 1997, before the visit of the pope to Rio de Janeiro, Captain Nascimento from BOPE (Special Police Operations Battalion) is assigned to eliminate the risks of the drug dealers in a dangerous slum nearby where the pope intends to be lodged.","release_date":"2007-10-11","poster_path":"/6lQrDUBVYwOIR1y8pf8GQ6y9glU.jpg","popularity":2.074301,"title":"Elite Squad","video":false,"vote_average":7.6,"vote_count":174},{"adult":false,"backdrop_path":"/lrIuSWdC1LfKJZUnBX6axJxzZGe.jpg","genre_ids":[53,9648],"id":1092,"original_language":"en","original_title":"The Third Man","overview":"An American pulp writer arrives in post-WWII Vienna only to find that the friend who waited for him is killed under mysterious circumstances. The ensuing mystery entangles him in his friend's involvement in the black market, with the multinational police, and with his Czech girlfriend.","release_date":"1949-08-31","poster_path":"/xsVmiQG7s2T0UIctSpDvpNv9CX5.jpg","popularity":2.348884,"title":"The Third Man","video":false,"vote_average":7.6,"vote_count":79},{"adult":false,"backdrop_path":"/ux2nVfA689N1phsRMtj76Ona65M.jpg","genre_ids":[28,12,80,18,53],"id":111,"original_language":"en","original_title":"Scarface","overview":"After getting a green card in exchange for assassinating a Cuban government official, Tony Montana stakes a claim on the drug trade in Miami. Viciously murdering anyone who stands in his way, Tony eventually becomes the biggest drug lord in the state, controlling nearly all the cocaine that comes through Miami. But increased pressure from the police, wars with Colombian drug cartels and his own drug-fueled paranoia serve to fuel the flames of his eventual downfall.","release_date":"1983-12-08","poster_path":"/zr2p353wrd6j3wjLgDT4TcaestB.jpg","popularity":2.416386,"title":"Scarface","video":false,"vote_average":7.6,"vote_count":882},{"adult":false,"backdrop_path":"/xwEtJVliloiuICXoyqjyTZM9qRc.jpg","genre_ids":[28,12],"id":551,"original_language":"en","original_title":"The Poseidon Adventure","overview":"The Poseidon Adventure was one of the first Catastrophe films and began the Disaster Film genre. Director Neame tells the story of a group of people that must fight for their lives aboard a sinking ship. Based on the novel by Paul Gallico.","release_date":"1972-12-12","poster_path":"/3Ypk0OLrECSp7tqQFLMppGBrHfo.jpg","popularity":0.627093,"title":"The Poseidon Adventure","video":false,"vote_average":7.6,"vote_count":70},{"adult":false,"backdrop_path":"/9X3cDZb4GYGQeOnZHLwMcCFz2Ro.jpg","genre_ids":[18,878],"id":264660,"original_language":"en","original_title":"Ex Machina","overview":"Caleb, a 24 year old coder at the world's largest internet company, wins a competition to spend a week at a private mountain retreat belonging to Nathan, the reclusive CEO of the company. But when Caleb arrives at the remote location he finds that he will have to participate in a strange and fascinating experiment in which he must interact with the world's first true artificial intelligence, housed in the body of a beautiful robot girl.","release_date":"2015-01-21","poster_path":"/btbRB7BrD887j5NrvjxceRDmaot.jpg","popularity":9.270062,"title":"Ex Machina","video":false,"vote_average":7.6,"vote_count":865},{"adult":false,"backdrop_path":"/x4N74cycZvKu5k3KDERJay4ajR3.jpg","genre_ids":[12,35,878,10751],"id":105,"original_language":"en","original_title":"Back to the Future","overview":"Eighties teenager Marty McFly is accidentally sent back in time to 1955, inadvertently disrupting his parents' first meeting and attracting his mother's romantic interest. Marty must repair the damage to history by rekindling his parents' romance and - with the help of his eccentric inventor friend Doc Brown - return to 1985.","release_date":"1985-07-03","poster_path":"/pTpxQB1N0waaSc3OSn0e9oc8kx9.jpg","popularity":5.517406,"title":"Back to the Future","video":false,"vote_average":7.6,"vote_count":2433},{"adult":false,"backdrop_path":"/hxpHrgnhXgIib4PuWlhz1YL5OlM.jpg","genre_ids":[10749,35],"id":200727,"original_language":"en","original_title":"Love, Rosie","overview":"Rosie and Alex are best friends. They are suddenly separated when Alex and his family move from Dublin to America. Can their friendship survive years and miles? Will they gamble everything for true love?","release_date":"2014-10-16","poster_path":"/qGYr7P3s0gx5YLvrILnbAkpTt1K.jpg","popularity":3.320929,"title":"Love, Rosie","video":false,"vote_average":7.6,"vote_count":264},{"adult":false,"backdrop_path":"/3H11X3yy1FJrW02tCjETkqfZvvx.jpg","genre_ids":[18],"id":7979,"original_language":"en","original_title":"The Kite Runner","overview":"The Kite Runner is a 2007 American drama film directed by Marc Forster based on the novel of the same name by Khaled Hosseini. It tells the story of Amir, a well-to-do boy from the Wazir Akbar Khan district of Kabul, who is tormented by the guilt of abandoning his friend Hassan, the son of his father's Hazara servant. The story is set against a backdrop of tumultuous events, from the fall of the monarchy in Afghanistan through the Soviet military intervention, the mass exodus of Afghan refugees to Pakistan and the United States, and the Taliban regime.  Though most of the film is set in Afghanistan, these parts were mostly shot in Kashgar, China, due to the dangers of filming in Afghanistan at the time. Most of the film's dialogue is in Dari, the Afghan dialect of Persian, with the remainder spoken in English. (from Wikipedia)","release_date":"2007-10-14","poster_path":"/hZlV6EDabAKoYzNpR4jg3QWKtyd.jpg","popularity":1.893698,"title":"The Kite Runner","video":false,"vote_average":7.6,"vote_count":56},{"adult":false,"backdrop_path":"/hilAvXZyFhSo5akvH0QXHOZQdgD.jpg","genre_ids":[80,18],"id":1646,"original_language":"en","original_title":"Freedom Writers","overview":"A young teacher inspires her class of at-risk students to learn tolerance, apply themselves, and pursue education beyond high school.","release_date":"2007-01-05","poster_path":"/9optk05QeSNkwuJ6nNwafGb60fM.jpg","popularity":1.575671,"title":"Freedom Writers","video":false,"vote_average":7.6,"vote_count":69},{"adult":false,"backdrop_path":"/jpdoI28xeGemXm85EnmKOWHx8BL.jpg","genre_ids":[18],"id":71157,"original_language":"en","original_title":"Polisse","overview":"The daily grind for the cops of the Police Department's Juvenile Protection Unit - taking in child molesters, busting underage pickpockets and chewing over relationship issues at lunch; interrogating abusive parents, taking statements from children, confronting the excesses of teen sexuality, enjoying solidarity with colleagues and laughing uncontrollably at the most unthinkable moments. Knowing the worst exists and living with it. How do these cops balance their private lives and the reality they confront every working day? Fred, the group's hypersensitive wild card, is going to have a hard time facing the scrutiny of Melissa, a photographer on a Ministry of the Interior assignment to document the unit.","release_date":"2011-10-19","poster_path":"/y6kpbEp0tyPGzpUfo56ns2cUMd8.jpg","popularity":0.7974,"title":"Polisse","video":false,"vote_average":7.6,"vote_count":64},{"adult":false,"backdrop_path":"/qPjOUMmEeJFRq0BWcGRvgVwuh0O.jpg","genre_ids":[35,18],"id":11545,"original_language":"en","original_title":"Rushmore","overview":"Max Fischer, a precocious and eccentric 15 year-old, who is both Rushmore's most extracurricular and least scholarly student; Herman Blume, a disillusioned industrialist who comes to admire Max; and Rosemary Cross, a widowed first grade teacher who becomes the object of both Max's and Herman's affection.","release_date":"1998-10-09","poster_path":"/q3ov1BFTCRWoR9Q6udaRbmgfWwg.jpg","popularity":2.484918,"title":"Rushmore","video":false,"vote_average":7.6,"vote_count":207},{"adult":false,"backdrop_path":"/c1OSRvorPXvGtFka7mgV6Jcw6jd.jpg","genre_ids":[28,12,80,10749,53],"id":168259,"original_language":"en","original_title":"Furious 7","overview":"Dominic and his crew thought they left the criminal mercenary life behind. They defeated an international terrorist named Owen Shaw and went their seperate ways. But now, Shaw's brother, Deckard Shaw is out killing the crew one by one for revenge. Worse, a Somalian terrorist called Jakarde, and a shady government official called \"Mr. Nobody\" are both competing to steal a computer terrorism program called God's Eye, that can turn any technological device into a weapon. Torretto must reconvene with his team to stop Shaw and retrieve the God's Eye program while caught in a power struggle between terrorist and the United States government","release_date":"2015-04-03","poster_path":"/dCgm7efXDmiABSdWDHBDBx2jwmn.jpg","popularity":14.64049,"title":"Furious 7","video":false,"vote_average":7.6,"vote_count":1378},{"adult":false,"backdrop_path":"/sRJjliXA7ZqHCr7HCK0ZB83xxjr.jpg","genre_ids":[28,12,878,53],"id":101299,"original_language":"en","original_title":"The Hunger Games: Catching Fire","overview":"Katniss Everdeen has returned home safe after winning the 74th Annual Hunger Games along with fellow tribute Peeta Mellark. Winning means that they must turn around and leave their family and close friends, embarking on a \"Victor's Tour\" of the districts. Along the way Katniss senses that a rebellion is simmering, but the Capitol is still very much in control as President Snow prepares the 75th Annual Hunger Games (The Quarter Quell) - a competition that could change Panem forever.","release_date":"2013-11-22","poster_path":"/tAhSyLxpaZJCr1oc2a3flvC2B7x.jpg","popularity":5.647458,"title":"The Hunger Games: Catching Fire","video":false,"vote_average":7.6,"vote_count":2280},{"adult":false,"backdrop_path":"/AtCGEku6kLUFmZ6JWkvXphQBQXx.jpg","genre_ids":[35],"id":233063,"original_language":"de","original_title":"Fack ju Göhte","overview":"A comedy that follows an ex-con who lands a position at a school that sits over the spot where money from one of his earlier robberies was stashed.","release_date":"2013-11-07","poster_path":"/9GSGg4McYID6Ld0OMwimLr1Zx4J.jpg","popularity":3.730619,"title":"F*ck You, Goethe","video":false,"vote_average":7.6,"vote_count":170},{"adult":false,"backdrop_path":"/dDuNQNUdVMSKeEOwvuicc7m83IL.jpg","genre_ids":[28,12,18,37],"id":3090,"original_language":"en","original_title":"The Treasure of the Sierra Madre","overview":"Fred C. Dobbs and Bob Curtin, both down on their luck in Tampico, Mexico in 1925, meet up with a grizzled prospector named Howard and decide to join with him in search of gold in the wilds of central Mexico. Through enormous difficulties, they eventually succeed in finding gold, but bandits, the elements, and most especially greed threaten to turn their success into disaster.","release_date":"1948-01-24","poster_path":"/hUVKlNpfBgRzIOp3SgQwkbgjYL5.jpg","popularity":1.914348,"title":"The Treasure of the Sierra Madre","video":false,"vote_average":7.6,"vote_count":58},{"adult":false,"backdrop_path":"/bk0GylJLneaSbpQZXpgTwleYigq.jpg","genre_ids":[28,18,53,10752],"id":16869,"original_language":"en","original_title":"Inglourious Basterds","overview":"In Nazi-occupied France during World War II, a group of Jewish-American soldiers known as \"The Basterds\" are chosen specifically to spread fear throughout the Third Reich by scalping and brutally killing Nazis. The Basterds, lead by Lt. Aldo Raine soon cross paths with a French-Jewish teenage girl who runs a movie theater in Paris which is targeted by the soldiers.","release_date":"2009-08-21","poster_path":"/vDwqPyhkzFPRDmwz9KbzN2ouEPe.jpg","popularity":3.161613,"title":"Inglourious Basterds","video":false,"vote_average":7.6,"vote_count":2269},{"adult":false,"backdrop_path":"/q4wR7WnWqmyplrcXpvBvepPIUbD.jpg","genre_ids":[18],"id":7984,"original_language":"en","original_title":"In the Name of the Father","overview":"A small time thief from Belfast, Gerry Conlon, is falsely implicated in the IRA bombing of a pub that kills several people while he is in London. He and his four friends are coerced by British police into confessing their guilt. Gerry's father and other relatives in London are also implicated in the crime. He spends fifteen years in prison with his father trying to prove his innocence.","release_date":"1993-12-12","poster_path":"/weBEg8wOLQD7NrLeEb9rTL0VjlW.jpg","popularity":1.551306,"title":"In the Name of the Father","video":false,"vote_average":7.6,"vote_count":63},{"adult":false,"backdrop_path":"/nd7qPxPBVgqlixRXgjIHiOafNBf.jpg","genre_ids":[35,18,10749],"id":6620,"original_language":"en","original_title":"Sabrina","overview":"Linus and David Larrabee are the two sons of a very wealthy family. Linus is all work -- busily running the family corporate empire, he has no time for a wife and family. David is all play -- technically he is employed by the family business, but never shows up for work, spends all his time entertaining, and has been married and divorced three times. Meanwhile, Sabrina Fairchild is the young, shy, and awkward daughter of the household chauffeur, who has been infatuated with David all her life, but David hardly notices her -- \"doesn't even know I exist\" -- until she goes away to Paris for two years, and returns an elegant, sophisticated, beautiful woman. Suddenly, she finds that she has captured David's attention, but just as she does so, she finds herself falling in love with Linus, and she finds that Linus is also falling in love with her.","release_date":"1954-09-22","poster_path":"/7ITDmatHa2yf5UTzjwaKAvf3Xr6.jpg","popularity":0.528443,"title":"Sabrina","video":false,"vote_average":7.6,"vote_count":72},{"adult":false,"backdrop_path":"/cMrvn4Hl0A0NAL61BpDWQIsMsiN.jpg","genre_ids":[16,18,36],"id":149870,"original_language":"ja","original_title":"Kaze Tachinu","overview":"The Wind Rises is the 11th animated theatrical film directed by Hayao Miyazaki at Studio Ghibli. Based on Miyazaki’s own manga and the 1937 short novel of the same name by Tatsuo Hori, this is the story of Jirō Horikoshi, the aircraft engineer most remembered for his design work on the Mitsubishi A6M Reisen “Zero”, Japan’s famous World War II fighter aircraft. During the WWII years, the Miyazaki family business manufactured aircraft parts, including the windshields and rudders used on the Zero.","release_date":"2013-07-20","poster_path":"/3OTcCyf7QbGdVxsS8GLtaSsTZtP.jpg","popularity":1.423667,"title":"The Wind Rises","video":false,"vote_average":7.6,"vote_count":197},{"adult":false,"backdrop_path":"/hHiR613tscJ2i6A2HcM6Yp8bWyz.jpg","genre_ids":[28,18,36,10752,12],"id":387,"original_language":"de","original_title":"Das Boot","overview":"A German submarine hunts allied ships during the Second World War. Soon it becomes hunted itself. The crew tries to survive below the surface, while stretching both the boat and themselves to their limits...","release_date":"1981-09-16","poster_path":"/nAhTaTpjATAtoxlf3Hbe6bDvQe0.jpg","popularity":3.13625,"title":"Das Boot","video":false,"vote_average":7.6,"vote_count":217}],"total_pages":180,"total_results":3596}
