{"page":77,"results":[{"adult":false,"backdrop_path":"/mEShAL6fSDo0eNFDBhtfGFxQS8w.jpg","genre_ids":[35,80],"id":159121,"original_language":"fr","original_title":"Paulette","overview":"Paulette lives alone in a housing project in the Paris suburbs. With her meager pension, she can no longer make ends meet.","release_date":"2012-10-03","poster_path":"/tDUavv2echLvLlXTtxBbfoWj8SZ.jpg","popularity":0.513452,"title":"Paulette","video":false,"vote_average":6.5,"vote_count":57},{"adult":false,"backdrop_path":"/s52YxXPHGODDX7IJFBcLvvkP8q6.jpg","genre_ids":[28,80,53],"id":1089,"original_language":"en","original_title":"Point Break","overview":"In the coastal town of Los Angeles, a gang of bank robbers call themselves The Ex-Presidents commit their crimes while wearing masks of Reagan, Carter, Nixon and Johnson. The F.B.I. believes that the members of the gang could be surfers and send young agent Johnny Utah undercover at the beach to mix with the surfers and gather information.","release_date":"1991-07-12","poster_path":"/qzKNI8b8EZZhwGFqPavPO04abf.jpg","popularity":0.67597,"title":"Point Break","video":false,"vote_average":6.5,"vote_count":223},{"adult":false,"backdrop_path":"/xsC7j04MmWL0QxOyUWSv2rhnsep.jpg","genre_ids":[18,10751],"id":62837,"original_language":"en","original_title":"Dolphin Tale","overview":"A story centered on the friendship between a boy and a dolphin whose tail was lost in a crab trap.","release_date":"2011-09-23","poster_path":"/47eRTWQDx9lPkQgTWmuATNNkwBJ.jpg","popularity":1.986531,"title":"Dolphin Tale","video":false,"vote_average":6.5,"vote_count":55},{"adult":false,"backdrop_path":"/5haSVhHr0WljxhYXTtLixRXPtRC.jpg","genre_ids":[35,80,10749],"id":1389,"original_language":"en","original_title":"Out of Sight","overview":"Meet Jack Foley, a smooth criminal who bends the law and is determined to make one last heist. Karen Sisco is a federal marshal who chooses all the right moves … and all the wrong guys. Now they're willing to risk it all to find out if there's more between them than just the law. Variety hails Out of Sight as \"a sly, sexy, vastly entertaining film.\"","release_date":"1998-06-26","poster_path":"/hSL2Ta4ErgAxPEOlkkxZmrTSAET.jpg","popularity":0.884714,"title":"Out of Sight","video":false,"vote_average":6.5,"vote_count":89},{"adult":false,"backdrop_path":"/yT91We6RqDDfM4q7RX1QTHaq5q4.jpg","genre_ids":[28,53,878],"id":20504,"original_language":"en","original_title":"The Book of Eli","overview":"A post-apocalyptic tale, in which a lone man fights his way across America in order to protect a sacred book that holds the secrets to saving humankind.","release_date":"2010-01-14","poster_path":"/qL3FnEug9DyBcaBXVb0oT3DJMJu.jpg","popularity":3.686536,"title":"The Book of Eli","video":false,"vote_average":6.5,"vote_count":1064},{"adult":false,"backdrop_path":"/5oS5Qx6yAkdQCzLMXl5BQSCFhBI.jpg","genre_ids":[18,53,9648],"id":49517,"original_language":"en","original_title":"Tinker Tailor Soldier Spy","overview":"George Smiley, a recently retired MI6 agent, is doing his best to adjust to a life outside the secret service. However, when a disgraced agent reappears with information concerning a mole at the heart of the service, Smiley is drawn back into the murky field of espionage. Tasked with investigating which of his trusted former colleagues has chosen to betray him and their country, Smiley narrows his search to four suspects - all experienced, skilled and successful agents - but past histories, rivalries and friendships make it far from easy to pinpoint the man who is eating away at the heart of the British establishment.","release_date":"2011-12-09","poster_path":"/2N3P730TYXEcNL0BO8WBuMc6yJz.jpg","popularity":2.304337,"title":"Tinker Tailor Soldier Spy","video":false,"vote_average":6.5,"vote_count":289},{"adult":false,"backdrop_path":"/bN5StoTeTmI3zJ6qPs2fHMzXFFz.jpg","genre_ids":[18,35],"id":284296,"original_language":"en","original_title":"Top Five","overview":"A comedian tries to make it as a serious actor when his reality-TV star fiancé talks him into broadcasting their wedding on her TV show.","release_date":"2014-12-12","poster_path":"/chmkg6j7vRmw4sFRGj2xl95btBk.jpg","popularity":2.428887,"title":"Top Five","video":false,"vote_average":6.5,"vote_count":85},{"adult":false,"backdrop_path":"/9Mxr5NHa5pRMc9iP7aVwk9l3VqK.jpg","genre_ids":[16,10751],"id":15655,"original_language":"en","original_title":"The Tigger Movie","overview":"As it happens, everybody - Pooh, Piglet, Eeyore, Roo, Rabbit, Owl - is busy preparing a suitable winter home for Eeyore. When everything they do seems to get undone by Tigger's exuberant bouncing, Rabbit suggest Tigger go outside and find other tiggers to bounce with - a notion Tigger finds ridiculous because, after all, he's \"the onliest one\" Or is he?","release_date":"2000-02-11","poster_path":"/qhiNJzT2IbK9MkMVQFr0Jk4Pj8h.jpg","popularity":0.36626,"title":"The Tigger Movie","video":false,"vote_average":6.5,"vote_count":63},{"adult":false,"backdrop_path":"/vcFs3Vh6g6A5K9zZeFYnQNHLUQb.jpg","genre_ids":[28,53],"id":204082,"original_language":"en","original_title":"Homefront","overview":"Phil Broker is a former DEA agent who has gone through a crisis after his action against a biker gang went horribly wrong and it cost the life of his boss' son. He is recently widowed and is left with a 9-years-old daughter,Maddy. He decides to quit the turbulent and demanding life of thrill for Maddy's sake and retires to a small town. His daughter fights off a boy who was bullying her at school and this sets in motion a round of events that end in his direct confrontation with the local Meth drug lord. His past history with the biker gang also enters the arena, making matters more complex. But he has a mission in his mind to protect his daughter and he is ready to pay any cost that it demands.","release_date":"2013-11-27","poster_path":"/6ymSuhG28tF2lnDxVTNibzlYzn0.jpg","popularity":2.023229,"title":"Homefront","video":false,"vote_average":6.5,"vote_count":363},{"adult":false,"backdrop_path":"/mMblxwsvvJ9wu8CVXVVjX4MBuN2.jpg","genre_ids":[35,878],"id":957,"original_language":"en","original_title":"Spaceballs","overview":"When the nefarious Dark Helmet hatches a plan to snatch Princess Vespa and steal her planet's air, space-bum-for-hire Lone Starr and his clueless sidekick fly to the rescue. Along the way, they meet Yogurt, who puts Lone Starr wise to the power of \"The Schwartz.\" Can he master it in time to save the day?","release_date":"1987-06-24","poster_path":"/xWt9KAcToCRdJ6JH8JyZZlhkVgG.jpg","popularity":3.611386,"title":"Spaceballs","video":false,"vote_average":6.5,"vote_count":318},{"adult":false,"backdrop_path":"/iYQcFgHg4aWzozfVtqqrn6preRx.jpg","genre_ids":[35,10749,18],"id":18240,"original_language":"en","original_title":"The Proposal","overview":"When she learns she's in danger of losing her visa status and being deported, overbearing book editor Margaret Tate forces her put-upon assistant, Andrew Paxton, to marry her.","release_date":"2009-06-01","poster_path":"/xippClkb4VCE15uva13SAGf8Vsd.jpg","popularity":2.848134,"title":"The Proposal","video":false,"vote_average":6.5,"vote_count":540},{"adult":false,"backdrop_path":"/cYWI1lnHEvoVKDdlrRt2b5et3Bj.jpg","genre_ids":[12,28,53,878],"id":563,"original_language":"en","original_title":"Starship Troopers","overview":"Set in the future, the story follows a young soldier named Johnny Rico and his exploits in the Mobile Infantry. Rico's military career progresses from recruit to non-commissioned officer and finally to officer against the backdrop of an interstellar war between mankind and an arachnoid species known as \"the Bugs\".","release_date":"1997-11-06","poster_path":"/zeCD9WkhABFJmPq3SlTozXJGEtr.jpg","popularity":2.921072,"title":"Starship Troopers","video":false,"vote_average":6.5,"vote_count":464},{"adult":false,"backdrop_path":"/qNXTnWdDura71AHfSu1Cf3VXupA.jpg","genre_ids":[80,18],"id":82633,"original_language":"en","original_title":"Lawless","overview":"Set in the Depression-era Franklin County, Virginia, a bootlegging gang is threatened by authorities who want a cut of their profits.","release_date":"2012-08-29","poster_path":"/uViCpDSOo0Pexx1KWX7NXQaS9BH.jpg","popularity":2.829327,"title":"Lawless","video":false,"vote_average":6.5,"vote_count":418},{"adult":false,"backdrop_path":"/lALaxxUVJoZMeRcW3HfvG7QoDua.jpg","genre_ids":[12,35,10751,878],"id":7453,"original_language":"en","original_title":"The Hitchhiker's Guide to the Galaxy","overview":"Mere seconds before the Earth is to be demolished by an alien construction crew, Arthur Dent is swept off the planet by his friend Ford Prefect, a researcher penning a new edition of \"The Hitchhiker's Guide to the Galaxy.\"","release_date":"2005-01-15","poster_path":"/fOb4cJMhnZ11BoHNUii3Vcfo3XU.jpg","popularity":2.608692,"title":"The Hitchhiker's Guide to the Galaxy","video":false,"vote_average":6.5,"vote_count":374},{"adult":false,"backdrop_path":"/2ZA03KiD4jePTNBTJjGGFTNQPMA.jpg","genre_ids":[18,878],"id":83542,"original_language":"en","original_title":"Cloud Atlas","overview":"A set of six nested stories spanning time between the 19th century and a distant post-apocalyptic future. Cloud Atlas explores how the actions and consequences of individual lives impact one another throughout the past, the present and the future. Action, mystery and romance weave through the story as one soul is shaped from a killer into a hero and a single act of kindness ripples across centuries to inspire a revolution in the distant future.  Based on the award winning novel by David Mitchell. Directed by Tom Tykwer and the Wachowskis.","release_date":"2012-10-26","poster_path":"/k9gWDjfXM80iXQLuMvPlZgSFJgR.jpg","popularity":4.10693,"title":"Cloud Atlas","video":false,"vote_average":6.5,"vote_count":1560},{"adult":false,"backdrop_path":"/15uvO9r5CGtlg9v4vGvXMh1rxAx.jpg","genre_ids":[18,36,9648],"id":11831,"original_language":"en","original_title":"Amistad","overview":"In 1839, the slave ship Amistad set sail from Cuba to America. During the long trip, Cinque (Djimon Hounsou) leads the slaves in an unprecedented uprising. They are then held prisoner in Connecticut, and their release becomes the subject of heated debate. Freed slave Theodore Joadson (Morgan Freeman) wants Cinque and the others exonerated and recruits property lawyer Roger Baldwin (Matthew McConaughey) to help his case. Eventually, John Quincy Adams (Anthony Hopkins) also becomes an ally.","release_date":"1997-12-03","poster_path":"/cVxLWl7JVVlg0Ky09E9Xlgey6T1.jpg","popularity":1.199025,"title":"Amistad","video":false,"vote_average":6.5,"vote_count":80},{"adult":false,"backdrop_path":"/uvmk0VM74sfJ6dgmEviqaxtZZ7n.jpg","genre_ids":[28,35,80,53],"id":67913,"original_language":"en","original_title":"The Guard","overview":"An unorthodox Irish policeman with a confrontational personality is teamed up with an uptight FBI agent to investigate an international drug-smuggling ring.","release_date":"2011-07-07","poster_path":"/iUHePguAaumQGvf3rlXHHAkAMoh.jpg","popularity":1.207005,"title":"The Guard","video":false,"vote_average":6.5,"vote_count":106},{"adult":false,"backdrop_path":"/pP2sONJEJraOioyrdCtwbVHDkRy.jpg","genre_ids":[28,878,18],"id":39254,"original_language":"en","original_title":"Real Steel","overview":"In the near-future, Charlie Kenton is a washed-up fighter who retired from the ring when robots took over the sport. After Charlie's robot is trashed, he reluctantly teams up with his estranged son Max to rebuild and train an unlikely contender.","release_date":"2011-10-06","poster_path":"/cfKrDfrB23UdlFiRGi3uo17aW0F.jpg","popularity":3.685236,"title":"Real Steel","video":false,"vote_average":6.5,"vote_count":1155},{"adult":false,"backdrop_path":"/kSTvteM3ekuoeO7u7GJtZQkZuom.jpg","genre_ids":[28,53,80],"id":1948,"original_language":"en","original_title":"Crank","overview":"Professional assassin Chev Chelios learns his rival has injected him with a poison that will kill him if his heart rate drops.","release_date":"2006-08-31","poster_path":"/6RnD3Zfh0tO0cD2vroWyH0F98Ej.jpg","popularity":2.998828,"title":"Crank","video":false,"vote_average":6.5,"vote_count":464},{"adult":false,"backdrop_path":"/jTki4a30PUskfGtOFx6PgYr74H7.jpg","genre_ids":[14,16,878,28,12,18,9648,53],"id":12244,"original_language":"en","original_title":"9","overview":"When 9 first comes to life, he finds himself in a post-apocalyptic world. All humans are gone, and it is only by chance that he discovers a small community of others like him taking refuge from fearsome machines that roam the earth intent on their extinction. Despite being the neophyte of the group, 9 convinces the others that hiding will do them no good.","release_date":"2009-08-19","poster_path":"/iGMOQt6R88ZuJRtlfpqWRa5268h.jpg","popularity":3.047527,"title":"9","video":false,"vote_average":6.5,"vote_count":568}],"total_pages":180,"total_results":3596}
