{"page":101,"results":[{"adult":false,"backdrop_path":"/owoPx8ldvh07NZBy5wG0UTY0Uuj.jpg","genre_ids":[28,12,14],"id":1729,"original_language":"en","original_title":"The Forbidden Kingdom","overview":"An American teenager who is obsessed with Hong Kong cinema and kung-fu classics makes an extraordinary discovery in a Chinatown pawnshop: the legendary stick weapon of the Chinese sage and warrior, the Monkey King. With the lost relic in hand, the teenager unexpectedly finds himself travelling back to ancient China to join a crew of warriors from martial arts lore on a dangerous quest to free the imprisoned Monkey King.","release_date":"2008-04-18","poster_path":"/4jTVS5uij49cqzLKXjaQywIp7cV.jpg","popularity":1.072457,"title":"The Forbidden Kingdom","video":false,"vote_average":6.2,"vote_count":153},{"adult":false,"backdrop_path":"/z8K4NtRJMRyNB6PVuTbwgxIWlHu.jpg","genre_ids":[35],"id":15373,"original_language":"en","original_title":"Role Models","overview":"Two salesmen trash a company truck on an energy drink-fueled bender. Upon their arrest, the court gives them a choice: do hard time or spend 150 service hours with a mentorship program. After one day with the kids, however, jail doesn't look half bad.","release_date":"2008-02-03","poster_path":"/bq6wxu0rv1GIkEwslBT2rVgLkxe.jpg","popularity":2.598175,"title":"Role Models","video":false,"vote_average":6.2,"vote_count":190},{"adult":false,"backdrop_path":"/6TdYGyANd7QhcV6gsx4meW8Y9Wf.jpg","genre_ids":[28,35],"id":7446,"original_language":"en","original_title":"Tropic Thunder","overview":"Vietnam veteran \"Four Leaf\" Tayback's memoir, Tropic Thunder, is being made into a film. Director Damien Cockburn can’t control the cast of prima donnas. Behind schedule and over budget, Cockburn is ordered by a studio executive to get filming back on track, or risk its cancellation. On Tayback's advice, Cockburn drops the actors into the middle of the jungle to film the remaining scenes. Unbeknownst to the actors and production, the group have been dropped in the middle of the Golden Triangle, the home of heroin-producing gangs.","release_date":"2008-08-13","poster_path":"/ue9QdvhpcNPvKQyLY5a5Pd0tagS.jpg","popularity":2.567084,"title":"Tropic Thunder","video":false,"vote_average":6.2,"vote_count":500},{"adult":false,"backdrop_path":"/lRWdqqOoSJVSiNLZvt28vQ2jZY2.jpg","genre_ids":[10751,35],"id":60307,"original_language":"en","original_title":"Diary of a Wimpy Kid: Rodrick Rules","overview":"Back in middle school after summer vacation, Greg Heffley and his older brother Rodrick must deal with their parents' misguided attempts to have them bond.","release_date":"2011-03-25","poster_path":"/s3xslgv5fehmRiuGzo2xarD7HiH.jpg","popularity":1.971908,"title":"Diary of a Wimpy Kid: Rodrick Rules","video":false,"vote_average":6.2,"vote_count":85},{"adult":false,"backdrop_path":"/pf2sIKxykHdiJofo3o35S33UIC0.jpg","genre_ids":[35,10751,10402],"id":64328,"original_language":"en","original_title":"The Muppets","overview":"When Kermit the Frog and the Muppets learn that their beloved theater is slated for demolition, a sympathetic human, Gary, and his puppet roommate, Walter, swoop in to help the gang put on a show and raise the $10 million they need to save the day.","release_date":"2011-11-23","poster_path":"/Ai7JRZFEXXOX7rhgfeL861zZtWv.jpg","popularity":2.050981,"title":"The Muppets","video":false,"vote_average":6.2,"vote_count":221},{"adult":false,"backdrop_path":"/j2xuK1BqhIF8MUryGpjIKufnLvU.jpg","genre_ids":[35,10749],"id":1599,"original_language":"en","original_title":"I Heart Huckabees","overview":"A husband-and-wife team play detective, but not in the traditional sense. Instead, the happy duo helps others solve their existential issues, the kind that keep you up at night, wondering what it all means.","release_date":"2004-09-10","poster_path":"/ixBOn4knr5kN72ui1ZeWBBZLDOe.jpg","popularity":1.462301,"title":"I Heart Huckabees","video":false,"vote_average":6.2,"vote_count":57},{"adult":false,"backdrop_path":"/wdI8XvIUfrneUPEsypTHL7zD8iN.jpg","genre_ids":[35,18,10749,10751],"id":12689,"original_language":"en","original_title":"Angus, Thongs and Perfect Snogging","overview":"Georgia Nicolson is fourteen, lives with nosey parents who don't understand her, an annoying three year old sister and has to wear a beret to school. She would, however, rather be blonde, have a smaller nose and a boyfriend. Revolving around her hilarious journal entries, prepare to be engulfed in the world of the soaring joys and bottomless angst of being a teenager.","release_date":"2008-07-25","poster_path":"/ga6pDaKJvwTCpBSUoGjhAvJAMyC.jpg","popularity":0.766677,"title":"Angus, Thongs and Perfect Snogging","video":false,"vote_average":6.2,"vote_count":57},{"adult":false,"backdrop_path":"/n6FokmbxhCWH0ad7i1lJzAbrZqK.jpg","genre_ids":[28,80,18,53],"id":22907,"original_language":"en","original_title":"Takers","overview":"A seasoned team of bank robbers, including Gordon Jennings (Idris Elba), John Rahway (Paul Walker), A.J. (Hayden Christensen), and brothers Jake (Michael Ealy) and Jesse Attica (Chris Brown) successfully complete their latest heist and lead a life of luxury while planning their next job. When Ghost (Tip T.I. Harris), a former member of their team, is released from prison he convinces the group to strike an armored car carrying $20 million. As the \"Takers\" carefully plot out their strategy and draw nearer to exacting the grand heist, a reckless police officer (Matt Dillon) inches closer to apprehending the criminals.","release_date":"2010-08-26","poster_path":"/zwepORN3ONa5qSLzmcZSPlpQxce.jpg","popularity":2.511436,"title":"Takers","video":false,"vote_average":6.2,"vote_count":169},{"adult":false,"backdrop_path":"/fVMZu49gYd5T8o1QaX0qVagv7YX.jpg","genre_ids":[35,10749],"id":8874,"original_language":"en","original_title":"My Best Friend's Wedding","overview":"When she receives word that her longtime platonic pal Michael O'Neal is getting married to debutante Kimberly Wallace, food critic Julianne Potter realizes her true feelings for Michael -- and sets out to sabotage the wedding.","release_date":"1997-06-19","poster_path":"/5hHAjv9RaCtR0lsg7QiRktflsk7.jpg","popularity":0.688583,"title":"My Best Friend's Wedding","video":false,"vote_average":6.2,"vote_count":165},{"adult":false,"backdrop_path":"/e56QsaJy1weAUukiK2ZmIGVUALF.jpg","genre_ids":[80,18,9648,53],"id":169917,"original_language":"en","original_title":"A Walk Among the Tombstones","overview":"Private investigator Matthew Scudder is hired by a drug kingpin to find out who kidnapped and murdered his wife.","release_date":"2014-09-19","poster_path":"/xxe77USOk2tPnq7G4cL42gf1OxQ.jpg","popularity":7.781648,"title":"A Walk Among the Tombstones","video":false,"vote_average":6.2,"vote_count":476},{"adult":false,"backdrop_path":"/z2rK9aU6rb4vYVkG5vdwCuUlWJc.jpg","genre_ids":[35,18,10749],"id":12182,"original_language":"en","original_title":"Nick and Norah's Infinite Playlist","overview":"Attempting to avoid his obsession over a girl he just lost, a boy enlists the help of a stranger, another girl who leads him on a romantic escapade through the after-hours club scene in Manhattan. Though the girl is as lost and heartbroken over a love affair as the boy, miracles happen, idols crumble and the \"strangers\" find real love through each other.","release_date":"2008-10-03","poster_path":"/pM199sJFY0MQo5IcfUFWmAZUlt7.jpg","popularity":0.799574,"title":"Nick and Norah's Infinite Playlist","video":false,"vote_average":6.2,"vote_count":108},{"adult":false,"backdrop_path":"/GOEAttqxiLlFM2UNNaAjNvGkS1.jpg","genre_ids":[18,35,10749],"id":84184,"original_language":"en","original_title":"Celeste & Jesse Forever","overview":"Celeste and Jesse met in high school and got married young. They laugh at the same jokes and finish each other’s sentences. They are forever linked in their friends’ minds as the perfect couple – she, a high-powered businesswoman and budding novelist; he, a free spirit who keeps things from getting boring. Their only problem is that they have decided to get divorced. Can their perfect relationship withstand this minor setback?","release_date":"2012-08-03","poster_path":"/nYR7GrheXMfLg7OMgkhv2aHw2Fb.jpg","popularity":1.866003,"title":"Celeste & Jesse Forever","video":false,"vote_average":6.2,"vote_count":75},{"adult":false,"backdrop_path":"/pqCJ7ogh8Z3G8WOb9vUc96yT89.jpg","genre_ids":[18],"id":11873,"original_language":"en","original_title":"The Color of Money","overview":"Fast Eddie Felson teaches a cocky but immensely talented protégé the ropes of pool hustling, which in turn inspires him to make an unlikely comeback.","release_date":"1986-10-07","poster_path":"/doU9OaWz2If1WV8S8iaBKt9vckC.jpg","popularity":1.546327,"title":"The Color of Money","video":false,"vote_average":6.2,"vote_count":64},{"adult":false,"backdrop_path":"/fWy4ATlV8T3mYKicihloXfBeVAd.jpg","genre_ids":[18],"id":10316,"original_language":"en","original_title":"The Ides of March","overview":"An idealistic staffer for a newbie presidential candidate gets a crash course on dirty politics during his stint on the campaign trail. Based on the play by Beau Willimon.","release_date":"2011-10-07","poster_path":"/4RTZVVFVFUxndkjlyauDIi0jANt.jpg","popularity":2.019445,"title":"The Ides of March","video":false,"vote_average":6.2,"vote_count":340},{"adult":false,"backdrop_path":"/4V0hNC6SEbm836eg2BeaJvx1ZEO.jpg","genre_ids":[35,10749],"id":9522,"original_language":"en","original_title":"Wedding Crashers","overview":"John and his buddy Jeremy are emotional criminals who know how to use a woman's hopes and dreams for their own carnal gain. And their modus operandi? Crashing weddings. Normally, they meet guests who want to toast the romantic day with a random hook-up. But when John meets Claire, he discovers what true love -- and heartache -- feels like.","release_date":"2005-07-14","poster_path":"/vlnDz1Y3IcBhPyQAqAVtNghx4Eq.jpg","popularity":1.968477,"title":"Wedding Crashers","video":false,"vote_average":6.2,"vote_count":424},{"adult":false,"backdrop_path":"/5TmSUZKlDPeglPvqRnbfCU05KUQ.jpg","genre_ids":[35,18,10749],"id":3525,"original_language":"en","original_title":"Working Girl","overview":"Witty, romantic look at life in the corporate jungle. Tess McGill is an ambitious secretary with a unique approach for climbing the ladder to success. When her classy, but villainous boss breaks a leg skiing, Tess takes over her office, her apartment and even her wardrobe. She creates a deal with a handsome investment banker that will either take her to the top, or finish her off for good.","release_date":"1988-12-20","poster_path":"/nuI5dlPhKb0H1wyn85fIJirdwpX.jpg","popularity":0.904716,"title":"Working Girl","video":false,"vote_average":6.2,"vote_count":58},{"adult":false,"backdrop_path":"/bKdxJMqvr4wltzAQaieA6CTkaa9.jpg","genre_ids":[53,9648],"id":402,"original_language":"en","original_title":"Basic Instinct","overview":"A police detective is in charge of the investigation of a brutal murder, in which a beautiful and seductive woman could be involved.","release_date":"1992-03-20","poster_path":"/vGBtnm9clhAjLp3D3dky7zFTQBA.jpg","popularity":2.622649,"title":"Basic Instinct","video":false,"vote_average":6.2,"vote_count":234},{"adult":false,"backdrop_path":"/rRBpKgStVlFlK0Rl42tqxNqX5E.jpg","genre_ids":[53,28,12,35,80],"id":34544,"original_language":"en","original_title":"The A-Team","overview":"A group of Iraq War veterans goes on the run from U.S. military forces while they try to clear their names after being framed for a crime they didn't commit. Along the way, Col. Hannibal Smith, Capt. H.M. \"Howling Mad\" Murdock , Sgt. Bosco \"B.A.\" Baracus, and Lt. Templeton \"Faceman\" Peck help out various people they encounter.","release_date":"2010-06-11","poster_path":"/eMwotYpkcE42lGlaoCpPFaolvst.jpg","popularity":3.022521,"title":"The A-Team","video":false,"vote_average":6.2,"vote_count":791},{"adult":false,"backdrop_path":"/tK2ElPDTp0pM8w5BZbuaEHbzaHs.jpg","genre_ids":[28,35,80,18,53],"id":150,"original_language":"en","original_title":"48 Hrs.","overview":"A hard-nosed cop reluctantly teams up with a wise-cracking criminal temporarily paroled to him, in order to track down a killer.","release_date":"1982-12-09","poster_path":"/rrraPWKiY8T6SEzODxZamqUSv6f.jpg","popularity":1.471109,"title":"48 Hrs.","video":false,"vote_average":6.2,"vote_count":88},{"adult":false,"backdrop_path":"/yCD1tisM8dWg1axxZDcXsmdY6hx.jpg","genre_ids":[18,53,80],"id":84188,"original_language":"en","original_title":"Compliance","overview":"Becky and Sandra aren’t the best of friends. Sandra is a middle-aged manager at a fast-food restaurant; Becky is a teenaged counter girl who really needs the job. One stressful day (too many customers and too little bacon), a police officer calls, accusing Becky of stealing money from a customer’s purse, which she vehemently denies. Sandra, overwhelmed by her managerial responsibilities, complies with the officer’s orders to detain Becky. This choice begins a nightmare that tragically blurs the lines between expedience and prudence, legality and reason.","release_date":"2012-08-24","poster_path":"/1kW3cUREVpmlVUiOmZmNUOYTtSi.jpg","popularity":1.656297,"title":"Compliance","video":false,"vote_average":6.2,"vote_count":68}],"total_pages":180,"total_results":3596}
