{"page":26,"results":[{"adult":false,"backdrop_path":"/AsQfq68MrMt5Itb8wTIzkLLGGoI.jpg","genre_ids":[35,18],"id":10377,"original_language":"en","original_title":"My Cousin Vinny","overview":"Two carefree pals traveling through Alabama are mistakenly arrested, and charged with murder. Fortunately, one of them has a cousin who's a lawyer - Vincent Gambini, a former auto mechanic from Brooklyn who just passed his bar exam after his sixth try. When he arrives with his leather-clad girlfriend , to try his first case, it's a real shock - for him and the Deep South!","release_date":"1992-03-13","poster_path":"/zcd2U5BAP0rYOucfcj8nE4VVVKC.jpg","popularity":1.408493,"title":"My Cousin Vinny","video":false,"vote_average":7.2,"vote_count":101},{"adult":false,"backdrop_path":"/xqDw35gfbK9167qVGCqAWyJAEbN.jpg","genre_ids":[28,35,37],"id":9394,"original_language":"it","original_title":"Lo chiamavano Trinità...","overview":"The simple story has the pair coming to the rescue of peace-loving Mormons when land-hungry Major Harriman sends his bullies to harass them into giving up their fertile valley. Trinity and Bambino manage to save the Mormons and send the bad guys packing with slapstick humor instead of excessive violence, saving the day.","release_date":"1970-12-22","poster_path":"/kqNg5jgj2lc1kPOZlADSL3oRzWp.jpg","popularity":2.103554,"title":"They Call Me Trinity","video":false,"vote_average":7.2,"vote_count":71},{"adult":false,"backdrop_path":"/jR1fH03X1pazeoBwLTk2bID89Iy.jpg","genre_ids":[35,18],"id":1548,"original_language":"en","original_title":"Ghost World","overview":"A quirky girl tries to figure out what to do now that she had graduated from high school, and forms a friendship with an eccentric 40-year-old record collector after playing a prank on him with her best friend.","release_date":"2001-06-16","poster_path":"/oDoEkXVw5iikwPy0bQ8u0m5E85i.jpg","popularity":0.608102,"title":"Ghost World","video":false,"vote_average":7.2,"vote_count":94},{"adult":false,"backdrop_path":"/xra1bQnjUUNHSebQeRNKJdO2oJ6.jpg","genre_ids":[18,53],"id":9008,"original_language":"en","original_title":"The Insider","overview":"Tells the true story of a 60 Minutes television series exposé of the tobacco industry, as seen through the eyes of a real tobacco executive, Jeffrey Wigand","release_date":"1999-10-28","poster_path":"/sYQsmMl4oG56NtFaNkDxuJhhODa.jpg","popularity":0.595385,"title":"The Insider","video":false,"vote_average":7.2,"vote_count":123},{"adult":false,"backdrop_path":"/kvDTWK25Yp92wg2ksAhKebISXZY.jpg","genre_ids":[18],"id":4133,"original_language":"en","original_title":"Blow","overview":"A boy named George Jung grows up in a struggling family in the 1950's. His mother nags at her husband as he is trying to make a living for the family. It is finally revealed that George's father cannot make a living and the family goes bankrupt. George does not want the same thing to happen to him, and his friend Tuna, in the 1960's, suggests that he deal marijuana. He is a big hit in California in the 1960's, yet he goes to jail, where he finds out about the wonders of cocaine. As a result, when released, he gets rich by bringing cocaine to America. However, he soon pays the price.","release_date":"2001-04-05","poster_path":"/yCLLbZzAa7jreGus7pvjZmL0bj7.jpg","popularity":2.949495,"title":"Blow","video":false,"vote_average":7.2,"vote_count":365},{"adult":false,"backdrop_path":"/pabJLbq90hvDQuXJkabiwpvWKQt.jpg","genre_ids":[18,9648],"id":9800,"original_language":"en","original_title":"Philadelphia","overview":"No one would take his case until one man was willing to take on the system. Two competing lawyers join forces to sue a prestigious law firm for AIDS discrimination. As their unlikely friendship develops their courage overcomes the prejudice and corruption of their powerful adversaries.","release_date":"1993-12-22","poster_path":"/uyUSC7oX0alcAG9q6vke8WHGKkY.jpg","popularity":2.070227,"title":"Philadelphia","video":false,"vote_average":7.2,"vote_count":235},{"adult":false,"backdrop_path":"/isWyP4jWmcCHjUcanVwGBDwVSsA.jpg","genre_ids":[35,18],"id":10634,"original_language":"en","original_title":"Friday","overview":"Craig and Smokey are two guys in Los Angeles hanging out on their porch on a Friday afternoon, smoking and drinking, looking for something to do. Encounters with neighbors and other friends over the course of the day and night, and their ensuing antics, make up the rest of the movie.","release_date":"1995-04-26","poster_path":"/A66Lze4KZb1fgBkB2blv1a4XwDP.jpg","popularity":2.967284,"title":"Friday","video":false,"vote_average":7.2,"vote_count":168},{"adult":false,"backdrop_path":"/gkW2RMlwl4kqaMIDjaAE73rAPpZ.jpg","genre_ids":[12,18,37],"id":581,"original_language":"en","original_title":"Dances with Wolves","overview":"Wounded Civil War soldier John Dunbar tries to commit suicide -- and becomes a hero instead. As a reward, he's assigned to his dream post, a remote junction on the Western frontier, and soon makes unlikely friends with the local Sioux tribe.","release_date":"1990-11-09","poster_path":"/hpmclspug1I8EwKSWhL7pWWltA.jpg","popularity":2.941066,"title":"Dances with Wolves","video":false,"vote_average":7.2,"vote_count":337},{"adult":false,"backdrop_path":"/uAaS8OjscvF6yQeSngt5DR64lGU.jpg","genre_ids":[18,9648,53],"id":996,"original_language":"en","original_title":"Double Indemnity","overview":"Unsuspecting Mr. Dietrichson becomes increasingly accident prone after his icily calculating wife encourages him to sign a double indemnity policy proposed by a smooth-talking insurance agent. Against a backdrop of distinctly California settings, the partners in crime plan the perfect murder to collect the insurance. Perfect until a claims manager gets a familiar feeling of foul play and pursues the matter relentlessly.","release_date":"1944-09-06","poster_path":"/7u9uHRmGnQriW4flxiYpz79XBFS.jpg","popularity":2.038076,"title":"Double Indemnity","video":false,"vote_average":7.2,"vote_count":79},{"adult":false,"backdrop_path":"/7rT6AYzflkQtGZKwWL8AXouDj5G.jpg","genre_ids":[16],"id":28874,"original_language":"ja","original_title":"サマーウォーズ","overview":"Kenji is your typical teenage misfit. He’s good at math, bad with girls, and spends most of his time out hanging out in the all-powerful online community known as OZ. His second life is the only life he has – until the girl of his dreams, Natsuki, hijacks him for a starring role as a fake fiancé at her family reunion. Things only get stranger from there. A late-night email containing a cryptic mathematic riddle leads to the unleashing of a rogue AI intent on using the virtual world of OZ to destroy the real world. As Armageddon looms on the horizon, Kenji and his new “family” set aside their differences and band together to save the worlds they inhabit in this \"near-perfect blend of social satire and science fiction.\"","release_date":"2009-08-01","poster_path":"/hoVm9Rndcs7FbVqr6s22kEyUMJ8.jpg","popularity":1.630253,"title":"Summer Wars","video":false,"vote_average":7.2,"vote_count":102},{"adult":false,"backdrop_path":"/2RWBzG3DYGYmgbsazg3Fls0X02l.jpg","genre_ids":[80,18,9648,53],"id":1580,"original_language":"en","original_title":"Rope","overview":"Two young men strangle their \"inferior\" classmate, hide his body in their apartment, and invite his friends and family to a dinner party as a means to challenge the \"perfection\" of their crime.","release_date":"1948-08-23","poster_path":"/9UlEZpKqJPoaFu1OfHM3BohSRUo.jpg","popularity":1.060341,"title":"Rope","video":false,"vote_average":7.2,"vote_count":87},{"adult":false,"backdrop_path":"/mFb0ygcue4ITixDkdr7wm1Tdarx.jpg","genre_ids":[28,53],"id":245891,"original_language":"en","original_title":"John Wick","overview":"After the sudden death of his beloved wife, John Wick receives one last gift from her, a beagle puppy named Daisy, and a note imploring him not to forget how to love. But John's mourning is interrupted when his 1969 Boss Mustang catches the eye of sadistic thug Iosef Tarasov who breaks into his house and steals it, beating John unconscious in the process. Unwittingly, he has just reawakened one of the most brutal assassins the underworld has ever known.","release_date":"2014-10-24","poster_path":"/sq2MmFv9sanl9PFMfbdaBLveSJ8.jpg","popularity":9.856806,"title":"John Wick","video":false,"vote_average":7.2,"vote_count":1166},{"adult":false,"backdrop_path":"/1vQlwYvx5zbXt9yAEBdj3X6NKDw.jpg","genre_ids":[9648,53],"id":236735,"original_language":"es","original_title":"La isla minima","overview":"The Spanish deep South, 1980. A series of brutal murders of adolescent girls in a remote and forgotten town bring together two disparate characters - both detectives in the homicide division - to investigate the cases. With deep divisions in their ideology, detectives Juan and Pedro must put aside their differences if they are to successfully hunt down a killer who for years has terrorized a community in the shadow of a general disregard for women rooted in a misogynistic past.","release_date":"2014-09-25","poster_path":"/7pkg0t1p4GAV2gzYe5MEFwoz4AM.jpg","popularity":1.850403,"title":"Marshland","video":false,"vote_average":7.2,"vote_count":74},{"adult":false,"backdrop_path":"/9NmTVqQ9f2ltecPZgXIj4Bk2c6s.jpg","genre_ids":[80,35,28],"id":187017,"original_language":"en","original_title":"22 Jump Street","overview":"After making their way through high school (twice), big changes are in store for officers Schmidt and Jenko when they go deep undercover at a local college. But when Jenko meets a kindred spirit on the football team, and Schmidt infiltrates the bohemian art major scene, they begin to question their partnership. Now they don't have to just crack the case - they have to figure out if they can have a mature relationship. If these two overgrown adolescents can grow from freshmen into real men, college might be the best thing that ever happened to them.","release_date":"2014-06-13","poster_path":"/gNlV5FhDZ1PjxSv2aqTPS30GEon.jpg","popularity":4.800859,"title":"22 Jump Street","video":false,"vote_average":7.2,"vote_count":1315},{"adult":false,"backdrop_path":"/orhLhvWPRYcW2isnqtNKE08sAPV.jpg","genre_ids":[80,18,9648,53],"id":2118,"original_language":"en","original_title":"L.A. Confidential","overview":"Three detectives in the corrupt and brutal L.A. police force of the 1950s use differing methods to uncover a conspiracy behind the shotgun slayings of the patrons at an all-night diner in this lush tribute to tough film noir crime films. Based on the multi-layered James Ellroy novel.","release_date":"1997-09-19","poster_path":"/rIXzJCAvyd3Ci8ipylDQ5wUKqwh.jpg","popularity":2.869139,"title":"L.A. Confidential","video":false,"vote_average":7.2,"vote_count":412},{"adult":false,"backdrop_path":"/rGxc09T1jXk98HforvqhBaHIaRW.jpg","genre_ids":[35,18,80],"id":8321,"original_language":"en","original_title":"In Bruges","overview":"Ray and Ken, two hit men, are in Bruges, Belgium, waiting for their next mission. While they are there they have time to think and discuss their previous assignment. When the mission is revealed to Ken, it is not what he expected.","release_date":"2008-02-08","poster_path":"/kBABboeLU2HsKWSG7DwiF9saHl5.jpg","popularity":2.844239,"title":"In Bruges","video":false,"vote_average":7.2,"vote_count":425},{"adult":false,"backdrop_path":"/hAhMOPPPxzCKsCu5rUMYdwS8Yb5.jpg","genre_ids":[28,12,16,878,80],"id":69735,"original_language":"en","original_title":"Batman: Year One","overview":"Two men come to Gotham City: Bruce Wayne after years abroad feeding his lifelong obsession for justice and Jim Gordon after being too honest a cop with the wrong people elsewhere. After learning painful lessons about the city's corruption on its streets and police department respectively, this pair learn how to fight back their own way. With that, Gotham's evildoers from top to bottom are terrorized by the mysterious Batman and the equally heroic Gordon is assigned to catch him by comrades who both hate and fear him themselves. In the ensuing manhunt, both find much in common as the seeds of an unexpected friendship are laid with additional friends and rivals helping to start the legend.","release_date":"2011-09-27","poster_path":"/bI1YVuhBN6Vws1GP9Mf01DyhC2s.jpg","popularity":1.940967,"title":"Batman: Year One","video":false,"vote_average":7.2,"vote_count":95},{"adult":false,"backdrop_path":"/8nvayG5l0urcjvvpszoECDqLWzD.jpg","genre_ids":[18,53,80,9648],"id":186,"original_language":"en","original_title":"Lucky Number Slevin","overview":"Slevin is mistakenly put in the middle of a personal war between the city’s biggest criminal bosses. Under constant watch, Slevin must try not to get killed by an infamous assassin and come up with an idea of how to get out of his current dilemma. A film with many twists and turns.","release_date":"2006-04-07","poster_path":"/jtKq0EtothAzWlnRBBWGCA8uFuu.jpg","popularity":3.401982,"title":"Lucky Number Slevin","video":false,"vote_average":7.2,"vote_count":478},{"adult":false,"backdrop_path":"/hHdnN6ZyNkNKkOpVbvNmooTNf8J.jpg","genre_ids":[12,35,14,10751],"id":2899,"original_language":"fr","original_title":"Astérix & Obélix Mission Cléopâtre","overview":"The Egyptian Queen Cleopatra bets against the Roman Emperor, Julius Caesar, that her people are still great, even if the times of the Pharaohs has long passed. She vows (against all logic) to build a new palace for Caesar within three months. Since all her architects are either busy otherwise or too conservative in style, this ambivalent honor falls to Edifis. He is to build the palace and be covered in gold or, if not, his fate is to be eaten by crocodiles. Edifis calls upon an old friend to help him out: The fabulous Druid Getafix from Gaul, who brews a fantastic potion that gives supernatural strength. In order to help and protect the old Druid, Asterix and Obelix accompany him on his journey to Egypt. When Julius Caesar gets wind of the project succeeding, he has the building site attacked by his troops in order to win the bet and not lose face. But just like the local pirates, he hasn't counted on Asterix and Obelix.","release_date":"2002-01-29","poster_path":"/qWy5b64SoBXcMDdfgLyLZgIHSdv.jpg","popularity":1.465979,"title":"Asterix & Obelix: Mission Cleopatra","video":false,"vote_average":7.2,"vote_count":163},{"adult":false,"backdrop_path":"/29DDoPM1qV6DqLUfNAY9jRhd7sR.jpg","genre_ids":[35,18,10749],"id":43949,"original_language":"en","original_title":"Flipped","overview":"Two eighth graders start to have feelings for each other despite being total opposites. Based on the novel \"Flipped\" by Wendelin Van Draanen.","release_date":"2010-10-14","poster_path":"/y83lXCINtnoW2yTiQrSMhobkjyr.jpg","popularity":1.920324,"title":"Flipped","video":false,"vote_average":7.2,"vote_count":117}],"total_pages":180,"total_results":3596}
