{"page":172,"results":[{"adult":false,"backdrop_path":"/4JeAGfh7bDC6o9xR0jBXgD33emi.jpg","genre_ids":[10751,12,35],"id":99770,"original_language":"en","original_title":"Astérix & Obélix - Au service de Sa Majesté","overview":"Asterix crosses the channel to help second-cousin Anticlimax face down Julius Caesar and invading Romans.","release_date":"2012-10-17","poster_path":"/oNKBUtujaX9wDwJPrLCDxXK9EmF.jpg","popularity":1.697597,"title":"Astérix and Obélix: God Save Britannia","video":false,"vote_average":5.1,"vote_count":92},{"adult":false,"backdrop_path":"/6gf8mPXSBWHN4owzSSy5ivJsZGb.jpg","genre_ids":[35,10751,12],"id":13767,"original_language":"en","original_title":"The Santa Clause 3: The Escape Clause","overview":"Now that Santa and Mrs. Claus have the North Pole running smoothly, the Counsel of Legendary Figures has called an emergency meeting on Christmas Eve! The evil Jack Frost has been making trouble, looking to take over the holiday! So he launches a plan to sabotage the toy factory and compel Scott to invoke the little-known Escape Clause and wish he'd never become Santa.","release_date":"2006-11-03","poster_path":"/kvKXyrc3cUGqXin2u76Ef8lApMI.jpg","popularity":1.37138,"title":"The Santa Clause 3: The Escape Clause","video":false,"vote_average":5.1,"vote_count":71},{"adult":false,"backdrop_path":"/tcWAMGmb4UCqoIswbai4jsdzNq7.jpg","genre_ids":[28,12,14,27,878,53],"id":9954,"original_language":"en","original_title":"The Covenant","overview":"Four young men who belong to a supernatural legacy are forced to battle a fifth power long thought to have died out. Another great force they must contend with is the jealousy and suspicion that threatens to tear them apart.","release_date":"2006-09-08","poster_path":"/gxpTseXRrHCgL0Igm1CrKD5JQNg.jpg","popularity":1.370349,"title":"The Covenant","video":false,"vote_average":5.1,"vote_count":87},{"adult":false,"backdrop_path":"/8rxetgG9pp2diwH23HgpC9Coghi.jpg","genre_ids":[28,12,35,14],"id":38319,"original_language":"en","original_title":"Your Highness","overview":"A fantasy movie about an arrogant, lazy prince and his more heroic brother who must complete a quest in order to save their father's kingdom.","release_date":"2011-04-08","poster_path":"/d0P3WWy3Fc3JuORpdkkHhPrhlVc.jpg","popularity":0.905219,"title":"Your Highness","video":false,"vote_average":5.1,"vote_count":194},{"adult":false,"backdrop_path":"/5O3OxhgGr7pn1g22fPOaueGwCnn.jpg","genre_ids":[18,27,878,53],"id":6171,"original_language":"en","original_title":"Dreamcatcher","overview":"Four boyhood pals perform a heroic act and are changed by the powers they gain in return. Years later, on a hunting trip in the Maine woods, they're overtaken by a vicious blizzard that harbors an ominous presence. Challenged to stop an alien force, the friends must first prevent the slaughter of innocent civilians by a military vigilante ... and then overcome a threat to the bond that unites the four of them.","release_date":"2003-03-21","poster_path":"/A85mIkXdJvOwHxIQIEaN147GSLD.jpg","popularity":1.252742,"title":"Dreamcatcher","video":false,"vote_average":5.1,"vote_count":148},{"adult":false,"backdrop_path":"/6uS4NPe2W5mi9zP1OwaoyuW82st.jpg","genre_ids":[80,18,27,9648,878,53],"id":10145,"original_language":"en","original_title":"The Forgotten","overview":"Telly Paretta is a grieving mother struggling to cope with the loss of her 8-year-old son. She is stunned when her psychiatrist reveals that she has created eight years of memories about a son she never had. But when she meets a man who has had a similar experience, Telly embarks on a search to prove her son's existence, and her sanity.","release_date":"2004-09-24","poster_path":"/lr1jcoacf5EEdqeUAYqDlFXs4hs.jpg","popularity":2.086477,"title":"The Forgotten","video":false,"vote_average":5.1,"vote_count":91},{"adult":false,"backdrop_path":"/pFluPgwdp8LhFY6EWTxZpqTFvlz.jpg","genre_ids":[28,12,27,878,53],"id":8814,"original_language":"en","original_title":"Doom","overview":"A team of space marines known as the Rapid Response Tactical Squad, led by Sarge, is sent to a science facility on Mars after somebody reports a security breach. There, they learn that the alert came after a test subject, a mass murderer purposefully injected with alien DNA, broke free and began killing people. Dr. Grimm, who is related to team member Reaper, informs them all that the chromosome can mutate humans into monsters -- and is highly infectious.","release_date":"2005-10-21","poster_path":"/7oZj7PCNh3G8xo9xs33suIpubv8.jpg","popularity":1.544316,"title":"Doom","video":false,"vote_average":5.1,"vote_count":199},{"adult":false,"backdrop_path":"/HsE93JXe40TI2AkJP1e243wEGB.jpg","genre_ids":[35],"id":18480,"original_language":"en","original_title":"Brüno","overview":"Flamboyantly gay Austrian television reporter Bruno stirs up trouble with unsuspecting guests and large crowds through brutally frank interviews and painfully hilarious public displays of homosexuality.","release_date":"2009-07-10","poster_path":"/tqvApLFIzYBr8MIqi22VSIilHN7.jpg","popularity":1.895318,"title":"Brüno","video":false,"vote_average":5.1,"vote_count":147},{"adult":false,"backdrop_path":"/n8gCgexJsT38RwZGOrS2i6EEsLp.jpg","genre_ids":[28,80,18,53],"id":9594,"original_language":"en","original_title":"Double Impact","overview":"Jean Claude Van Damme plays a dual role as Alex and Chad, twins separated at the death of their parents. Chad is raised by a family retainer in Paris, Alex becomes a petty crook in Hong Kong. Seeing a picture of Alex, Chad rejoins him and convinces him that his rival in Hong Kong is also the man who killed their parents. Alex is suspicious of Chad, especially when it comes to his girlfriend.","release_date":"1991-08-10","poster_path":"/sRxg7BI6y5dXa5SX0RZS3zlhxwc.jpg","popularity":1.068087,"title":"Double Impact","video":false,"vote_average":5.1,"vote_count":54},{"adult":false,"backdrop_path":"/5FGUlHeKhHvYhhvk1y5cyy1rNN9.jpg","genre_ids":[27],"id":134366,"original_language":"en","original_title":"Grave Encounters 2","overview":"Tortured by the ghosts of the demonized insane asylum that killed the crew of GRAVE ENCOUNTERS, film students fight to escape death as their own paranormal investigation goes terribly wrong in this horrifying sequel.","release_date":"2012-10-12","poster_path":"/kzx8h6mDnFULOKHWbG9w5x58YU7.jpg","popularity":2.122171,"title":"Grave Encounters 2","video":false,"vote_average":5.1,"vote_count":62},{"adult":false,"backdrop_path":"/gWaMoxVrkiMJ5xgvnXDhpKtP10E.jpg","genre_ids":[27],"id":22894,"original_language":"en","original_title":"Legion","overview":"An out-of-the-way diner becomes the unlikely battleground for the survival of the human race. When God loses faith in humankind, he sends his legion of angels to bring on the Apocalypse. Humanity's only hope lies in a group of strangers trapped in a desert diner with the Archangel Michael.","release_date":"2010-01-22","poster_path":"/mXJJPsVfQdf0OWxgoWgDUFyzJQo.jpg","popularity":2.345117,"title":"Legion","video":false,"vote_average":5.1,"vote_count":253},{"adult":false,"backdrop_path":"/9lQKvI6hCqblUn1XgVqZbN7kl6.jpg","genre_ids":[28,12,14,27,878,53],"id":10336,"original_language":"en","original_title":"Spawn","overview":"After being murdered by corrupt colleagues in a covert government agency, Al Simmons (Michael Jai White) makes a pact with the devil to be resurrected to see his beloved wife Wanda (Theresa Randle). In exchange for his return to Earth, Simmons agrees to lead Hell's Army in the destruction of mankind.","release_date":"1997-07-31","poster_path":"/jMKsirHIMY5QYiwb04PGTrwTABA.jpg","popularity":1.984567,"title":"Spawn","video":false,"vote_average":5.1,"vote_count":101},{"adult":false,"backdrop_path":"/rPfyX0pkmn8Ea4gh3DfsmzFUf05.jpg","genre_ids":[18,27,80],"id":74997,"original_language":"en","original_title":"The Human Centipede 2 (Full Sequence)","overview":"Inspired by the fictional Dr. Heiter, disturbed loner Martin dreams of creating a 12-person centipede and sets out to realize his sick fantasy.","release_date":"2011-10-07","poster_path":"/kFtAdkCO0vXN2RWu2oMcR9GZ9Hi.jpg","popularity":2.019379,"title":"The Human Centipede 2 (Full Sequence)","video":false,"vote_average":5.1,"vote_count":85},{"adult":false,"backdrop_path":"/sFrPDbZSpPxb0oQB5SmHqgTBxw8.jpg","genre_ids":[53,18,80,9648],"id":109099,"original_language":"en","original_title":"Passion","overview":"The rivalry between the manipulative boss of an advertising agency and her talented protégée escalates from stealing credit to public humiliation to murder.","release_date":"2012-09-07","poster_path":"/fb4odFgekpIlFRGnW47D52Qwbky.jpg","popularity":2.313714,"title":"Passion","video":false,"vote_average":5.1,"vote_count":52},{"adult":false,"backdrop_path":"/lyVlbE8iRIdGBUwhq79EziqHSBW.jpg","genre_ids":[28,12,878],"id":166424,"original_language":"en","original_title":"Fantastic Four","overview":"Four young scientists teleport to an alternate and dangerous universe, which alters their physical form in shocking ways. They must now use these abilities to save the world from a former friend turned enemy.","release_date":"2015-08-07","poster_path":"/g23cs30dCMiG4ldaoVNP1ucjs6.jpg","popularity":22.264851,"title":"Fantastic Four","video":false,"vote_average":5.1,"vote_count":182},{"adult":false,"backdrop_path":"/99RPIKlnYgWocabu6KbA9Miczxf.jpg","genre_ids":[27,53],"id":58428,"original_language":"en","original_title":"The Innkeepers","overview":"During the final days at the Yankee Pedlar Inn, two employees determined to reveal the hotel's haunted past begin to experience disturbing events as old guests check in for a stay.","release_date":"2011-12-01","poster_path":"/g2ZyP1kxKHVWBI6wgpgJryJ4YWz.jpg","popularity":0.87405,"title":"The Innkeepers","video":false,"vote_average":5.1,"vote_count":61},{"adult":false,"backdrop_path":"/4T2EpBzG4VyqDijObJFjWse8RaH.jpg","genre_ids":[28,12,35,10751,10749],"id":10603,"original_language":"en","original_title":"George of the Jungle","overview":"Baby George got into a plane crash in a jungle, stayed alive and was adopted by a wise ape. Ursula Stanhope, US noble woman is saved from death on safari by grown-up George, and he takes her to jungle to live with him. He slowly learns a rules of human relationships, while Ursula's lover Lyle is looking for her and the one who took her. After they are found, Ursula takes George to the USA.","release_date":"1997-07-15","poster_path":"/wTvuMi6YlO6bVe2Ax5mEL1dbVYv.jpg","popularity":2.306646,"title":"George of the Jungle","video":false,"vote_average":5.1,"vote_count":122},{"adult":false,"backdrop_path":"/vmrDTWGTupJQ8KRUNrx4RLGtTVp.jpg","genre_ids":[35],"id":226486,"original_language":"en","original_title":"Tammy","overview":"After losing her job and learning that her husband has been unfaithful, a woman hits the road with her profane, hard-drinking grandmother.","release_date":"2014-07-03","poster_path":"/xzUo4poRPrZQoEEyuwuKN7s1nk9.jpg","popularity":2.058147,"title":"Tammy","video":false,"vote_average":5.1,"vote_count":230},{"adult":false,"backdrop_path":"/xM54vMnWLytz1sgLkx4Fg2DKHMW.jpg","genre_ids":[28],"id":9947,"original_language":"en","original_title":"Elektra","overview":"Elektra the warrior survives a near-death experience, becomes an assassin-for-hire, and tries to protect her two latest targets, a single father and his young daughter, from a group of supernatural assassins.","release_date":"2005-01-14","poster_path":"/dyvqAJs20UrqTJGOHtJ0tNbU54m.jpg","popularity":1.766074,"title":"Elektra","video":false,"vote_average":5.1,"vote_count":205},{"adult":false,"backdrop_path":"/mqbLNRXYzjSkaN8ECP9XxAoCTQO.jpg","genre_ids":[27],"id":19994,"original_language":"en","original_title":"Jennifer's Body","overview":"A newly possessed cheerleader turns into a killer who specializes in offing her male classmates. Can her best friend put an end to the horror?","release_date":"2009-09-18","poster_path":"/tdNlGoHmz77XQlBB21tL8qtxFHq.jpg","popularity":2.828189,"title":"Jennifer's Body","video":false,"vote_average":5.1,"vote_count":227}],"total_pages":180,"total_results":3596}
