{"page":71,"results":[{"adult":false,"backdrop_path":"/mA3cMu5YdLQ6GgNf5kwTWINDXfC.jpg","genre_ids":[28,35,18],"id":45132,"original_language":"en","original_title":"Super","overview":"After his wife falls under the influence of a drug dealer, an everyday guy transforms himself into Crimson Bolt, a superhero with the best intentions, though he lacks for heroic skills.","release_date":"2011-03-31","poster_path":"/wRYZdWGCcC7ttY7MFNbIKpR3pnn.jpg","popularity":0.924353,"title":"Super","video":false,"vote_average":6.5,"vote_count":126},{"adult":false,"backdrop_path":"/wmViVyE9P0HTVU54sP3EriCmtIc.jpg","genre_ids":[35,18,10749],"id":9087,"original_language":"en","original_title":"The American President","overview":"Widowed U.S. president Andrew Shepherd, one of the world's most powerful men, can have anything he wants -- and what he covets most is Sydney Ellen Wade, a Washington lobbyist. But Shepherd's attempts at courting her spark wild rumors and decimate his approval ratings.","release_date":"1995-11-17","poster_path":"/lymPNGLZgPHuqM29rKMGV46ANij.jpg","popularity":1.738952,"title":"The American President","video":false,"vote_average":6.5,"vote_count":63},{"adult":false,"backdrop_path":"/rff4O6BcvD7pwd7mZJ1fTA6KMQ5.jpg","genre_ids":[18,35],"id":239678,"original_language":"en","original_title":"This Is Where I Leave You","overview":"When their father passes away, four grown, world-weary siblings return to their childhood home and are requested -- with an admonition -- to stay there together for a week, along with their free-speaking mother (Jane Fonda) and a collection of spouses, exes and might-have-beens. As the brothers and sisters re-examine their shared history and the status of each tattered relationship among those who know and love them best, they reconnect in hysterically funny and emotionally significant ways.","release_date":"2014-09-19","poster_path":"/jMLRs4Vw2g7QzOQLiq3Rlh6qUar.jpg","popularity":2.604019,"title":"This Is Where I Leave You","video":false,"vote_average":6.5,"vote_count":217},{"adult":false,"backdrop_path":"/oGrLYgUc3Cw3vUTg8fUC8uKC2XW.jpg","genre_ids":[878],"id":119431,"original_language":"en","original_title":"Halo 4: Forward Unto Dawn","overview":"Set against the backdrop of a UNSC military academy, a group of highborn cadets are training to be the next generation of soldiers in the UNSC’s ongoing war with insurrectionists in the outer colonial planets. Among these cadets, Thomas Lasky struggles with his doubts about this war, and with the burden of expectations he may not be able to carry. As Lasky comes to terms with his potential as a military leader, the terrifying alien alliance known as the Covenant arrives and turns his world upside down. Inspired by the Master Chief, he must decide what it means to be a hero.","release_date":"2012-10-05","poster_path":"/8JJTib7QM8rE3j0cxWQzSbgFIJD.jpg","popularity":1.849696,"title":"Halo 4: Forward Unto Dawn","video":false,"vote_average":6.5,"vote_count":123},{"adult":false,"backdrop_path":"/lZZEXkDtFvB8eJxtTZ7IfNbvAsZ.jpg","genre_ids":[35],"id":12133,"original_language":"en","original_title":"Step Brothers","overview":"Brennan Huff and Dale Doback might be grown men. But that doesn't stop them from living at home and turning into jealous, competitive stepbrothers when their single parents marry. Brennan's constant competition with Dale strains his mom's marriage to Dale's dad, leaving everyone to wonder whether they'll ever see eye to eye.","release_date":"2008-07-25","poster_path":"/tDFNUuYkQ4ZeAlrBHeTtimAumXo.jpg","popularity":2.648752,"title":"Step Brothers","video":false,"vote_average":6.5,"vote_count":281},{"adult":false,"backdrop_path":"/uFWC5LzkobhSNnutRoWlStSRXKe.jpg","genre_ids":[53,14,80,18],"id":9411,"original_language":"en","original_title":"Fallen","overview":"Homicide detective John Hobbes witnesses the execution of serial killer Edgar Reese. Soon after the execution the killings start again, and they are very similar to Reese's style.","release_date":"1998-01-16","poster_path":"/v66GrbKcl1babq8BebUff0MI3m4.jpg","popularity":1.873702,"title":"Fallen","video":false,"vote_average":6.5,"vote_count":91},{"adult":false,"backdrop_path":"/jxWA2lDLidicmmDymnxlz53zAb9.jpg","genre_ids":[16,35,10751],"id":1267,"original_language":"en","original_title":"Meet the Robinsons","overview":"In this animated adventure, brilliant preteen inventor Lewis creates a memory scanner to retrieve his earliest recollections and find out why his mother gave him up for adoption. But when the villainous Bowler Hat Guy steals the machine, Lewis is ready to give up on his quest until the mysterious Wilbur Robinson shows up on the scene, whisking Lewis to the future to find the scanner and his mom.","release_date":"2007-03-28","poster_path":"/oe7w9SxGmpSW1dlz5QaVVKWBEVz.jpg","popularity":2.435753,"title":"Meet the Robinsons","video":false,"vote_average":6.5,"vote_count":268},{"adult":false,"backdrop_path":"/eyiE1vuizMKVu8MoZkg2xsramFl.jpg","genre_ids":[16,10751],"id":49444,"original_language":"en","original_title":"Kung Fu Panda 2","overview":"Po is now living his dream as The Dragon Warior, protecting the Valley of Peace alongside his friends and fellow kung fu masters, The Furious Five - Tigress, Crane, Mantis, Viper and Monkey. But Po’s new life of awesomeness is threatened by the emergence of a formidable villain, who plans to use a secret, unstoppable weapon to conquer China and destroy kung fu. It is up to Po and The Furious Five to journey across China to face this threat and vanquish it. But how can Po stop a weapon that can stop kung fu? He must look to his past and uncover the secrets of his mysterious origins; only then will he be able to unlock the strength he needs to succeed.","release_date":"2011-05-25","poster_path":"/9wCrh57WO3mPmn1hWnJRcvdFtIb.jpg","popularity":3.363481,"title":"Kung Fu Panda 2","video":false,"vote_average":6.5,"vote_count":746},{"adult":false,"backdrop_path":"/xu54k4O5F9OlLWncWmXtyQO9Uyj.jpg","genre_ids":[12,10751,35],"id":14306,"original_language":"en","original_title":"Marley & Me","overview":"A newly married couple who, in the process of starting a family, learn many of life's important lessons from their trouble-loving retriever, Marley. Packed with plenty of laughs to lighten the load, the film explores the highs and lows of marriage, maturity and confronting one's own mortality, as seen through the lens of family life with a dog.","release_date":"2008-12-25","poster_path":"/uyVj4K1DiYpxxRpFYdN1ZWSBJ2.jpg","popularity":1.908431,"title":"Marley & Me","video":false,"vote_average":6.5,"vote_count":376},{"adult":false,"backdrop_path":"/m7TZwQItna6tM1BXfAs7aAxvf0c.jpg","genre_ids":[18],"id":246860,"original_language":"en","original_title":"Clouds of Sils Maria","overview":"A veteran actress comes face-to-face with an uncomfortable reflection of herself when she agrees to take part in a revival of the play that launched her career 20 years earlier.","release_date":"2014-08-20","poster_path":"/mE2MjmXqunL7LMCt6SCqn4zm1gX.jpg","popularity":2.020744,"title":"Clouds of Sils Maria","video":false,"vote_average":6.5,"vote_count":71},{"adult":false,"backdrop_path":"/rgyMubnjg883VdJUKKwASijyAFc.jpg","genre_ids":[14,18,53,9648,10749],"id":251,"original_language":"en","original_title":"Ghost","overview":"Gothamites Sam and Molly see their romance shattered when a street thug kills Sam during a mugging. But love endures beyond the grave when a spectral Sam learns that Molly is in danger and he must find a way to warn her before she suffers his fate.","release_date":"1990-07-12","poster_path":"/rtxy3cplRFPUvruZajpcoxOQ7bi.jpg","popularity":2.327833,"title":"Ghost","video":false,"vote_average":6.5,"vote_count":372},{"adult":false,"backdrop_path":"/kahabFJD9Z7HeX2RWf3guF8PDEz.jpg","genre_ids":[16,35,10751,12],"id":10112,"original_language":"en","original_title":"The Aristocats","overview":"When Madame Adelaide Bonfamille leaves her fortune to Duchess and her children -- Bonfamille's prize family of domesticated house cats -- the butler plots to steal the money and kidnaps the heirs, leaving them out on a country road. All seems lost until the wily Thomas O'Malley Cat and his jazz-playing alley cats come to the Aristocats's rescue.","release_date":"1970-12-24","poster_path":"/jKEwHW5feriPFA0QGZsk3cjQ5T9.jpg","popularity":2.882648,"title":"The Aristocats","video":false,"vote_average":6.5,"vote_count":289},{"adult":false,"backdrop_path":"/hM11OEjhNdWzohu77wN7T0vxAK9.jpg","genre_ids":[10749,35],"id":41211,"original_language":"fr","original_title":"L'arnacoeur","overview":"Alex and his sister run a business designed to break up relationships. They are hired by a rich man to break up the wedding of his daughter. The only problem is that they only have one week to do so.","release_date":"2010-03-17","poster_path":"/fECaEIjjvozG1dGoi6cgTevIae5.jpg","popularity":2.036231,"title":"Heartbreaker","video":false,"vote_average":6.5,"vote_count":85},{"adult":false,"backdrop_path":"/smqBCtBN49ErfUiJFyXDUtjjxh3.jpg","genre_ids":[18,9648],"id":249397,"original_language":"en","original_title":"Nymphomaniac: Vol. II","overview":"The continuation of Joe's sexually dictated life delves into the darker aspects of her adult life and what led to her being in Seligman's care.","release_date":"2013-12-25","poster_path":"/2FBFiDhx3tGe8PG4A5iuCbeIJ4s.jpg","popularity":2.975948,"title":"Nymphomaniac: Vol. II","video":false,"vote_average":6.5,"vote_count":247},{"adult":false,"backdrop_path":"/ixpnr4IeYWiuPfPcLPnoy8xNQC6.jpg","genre_ids":[35],"id":11635,"original_language":"en","original_title":"Old School","overview":"Three friends attempt to recapture their glory days by opening up a fraternity near their alma mater.","release_date":"2003-02-21","poster_path":"/lvcyZumUoA6OBeqcJknfZVTmKKF.jpg","popularity":2.128114,"title":"Old School","video":false,"vote_average":6.5,"vote_count":136},{"adult":false,"backdrop_path":"/Fp3piEuHXxKnPBO5R0Wj4wjZHg.jpg","genre_ids":[12,28,53,878],"id":604,"original_language":"en","original_title":"The Matrix Reloaded","overview":"Six months after the events depicted in The Matrix, Neo has proved to be a good omen for the free humans, as more and more humans are being freed from the matrix and brought to Zion, the one and only stronghold of the Resistance.  Neo himself has discovered his superpowers including super speed, ability to see the codes of the things inside the matrix and a certain degree of pre-cognition. But a nasty piece of news hits the human resistance: 250,000 machine sentinels are digging to Zion and would reach them in 72 hours. As Zion prepares for the ultimate war, Neo, Morpheus and Trinity are advised by the Oracle to find the Keymaker who would help them reach the Source.  Meanwhile Neo's recurrent dreams depicting Trinity's death have got him worried and as if it was not enough, Agent Smith has somehow escaped deletion, has become more powerful than before and has fixed Neo as his next target.","release_date":"2003-05-06","poster_path":"/ezIurBz2fdUc68d98Fp9dRf5ihv.jpg","popularity":4.153166,"title":"The Matrix Reloaded","video":false,"vote_average":6.5,"vote_count":1719},{"adult":false,"backdrop_path":"/hetZNdgWVZj0fu0IjtkWoKsjIsX.jpg","genre_ids":[35,10749],"id":1581,"original_language":"en","original_title":"The Holiday","overview":"Two women, one (Cameron Diaz) from America and one (Kate Winslet) from Britain, swap homes at Christmastime after bad breakups with their boyfriends. Each woman finds romance with a local man (Jude Law, Jack Black) but realizes that the imminent return home may end the relationship.","release_date":"2006-12-08","poster_path":"/ixNtpuq8OVp4IckgzkSJIflFDkw.jpg","popularity":0.966739,"title":"The Holiday","video":false,"vote_average":6.5,"vote_count":336},{"adult":false,"backdrop_path":"/vSbjlX9y8S2hKNURHEO4GsoIOay.jpg","genre_ids":[878,28,18,53],"id":68724,"original_language":"en","original_title":"Elysium","overview":"In the year 2159, two classes of people exist: the very wealthy who live on a pristine man-made space station called Elysium, and the rest, who live on an overpopulated, ruined Earth. Secretary Rhodes (Jodie Foster), a hard line government ofﬁcial, will stop at nothing to enforce anti-immigration laws and preserve the luxurious lifestyle of the citizens of Elysium. That doesn’t stop the people of Earth from trying to get in, by any means they can. When unlucky Max (Matt Damon) is backed into a corner, he agrees to take on a daunting mission that, if successful, will not only save his life, but could bring equality to these polarized worlds.","release_date":"2013-08-09","poster_path":"/tHkjoAxmhp3Eau1h0Ir7maKMwUz.jpg","popularity":4.683411,"title":"Elysium","video":false,"vote_average":6.5,"vote_count":1624},{"adult":false,"backdrop_path":"/xm75A18CE7Wc6J9k2ZidFyqJ6rX.jpg","genre_ids":[12,28,878],"id":36657,"original_language":"en","original_title":"X-Men","overview":"Two mutants, Rogue and Wolverine, come to a private academy for their kind whose resident superhero team, the X-Men, must oppose a terrorist organization with similar powers.","release_date":"2000-07-14","poster_path":"/4kYj7fUJzhEg7xz8J3oMPi7gDww.jpg","popularity":1.122822,"title":"X-Men","video":false,"vote_average":6.5,"vote_count":2076},{"adult":false,"backdrop_path":"/rffIJQUkcqwMq0yacxa9crJzGqW.jpg","genre_ids":[27,53,9648],"id":21208,"original_language":"en","original_title":"Orphan","overview":"A married couple with a rocky past adopt the 9-year old Esther to fill the void created by a recently-stillborn baby. However, Esther is not quite what she seems.","release_date":"2009-07-24","poster_path":"/dVP8tE9bV2oIv1l0aWtTUJndZvc.jpg","popularity":2.383297,"title":"Orphan","video":false,"vote_average":6.5,"vote_count":336}],"total_pages":180,"total_results":3596}
