{"page":89,"results":[{"adult":false,"backdrop_path":"/o6Xif3e9flyYiuel1qGxGMvqKx0.jpg","genre_ids":[12,28,53,878],"id":605,"original_language":"en","original_title":"The Matrix Revolutions","overview":"The human city of Zion defends itself against the massive invasion of the machines as Neo fights to end the war at another front while also opposing the rogue Agent Smith.","release_date":"2003-10-26","poster_path":"/sKogjhfs5q3azmpW7DFKKAeLEG8.jpg","popularity":3.423712,"title":"The Matrix Revolutions","video":false,"vote_average":6.4,"vote_count":1550},{"adult":false,"backdrop_path":"/1TcaKTQexv6m38k1t1Vfimco3dK.jpg","genre_ids":[18,14,10749],"id":795,"original_language":"en","original_title":"City of Angels","overview":"When guardian angel Seth -- who invisibly watches over the citizens of Los Angeles -- becomes captivated by Maggie, a strong-willed heart surgeon, he ponders trading in his pure, otherworldly existence for a mortal life with his beloved. The couple embarks on a tender but forbidden romance spanning heaven and Earth.","release_date":"1998-04-10","poster_path":"/dMvup91Svpns2SfCtZ4jiSFiouV.jpg","popularity":1.29729,"title":"City of Angels","video":false,"vote_average":6.4,"vote_count":174},{"adult":false,"backdrop_path":"/cUfGqafAVQkatQ7N4y08RNV3bgu.jpg","genre_ids":[28,18,53],"id":254128,"original_language":"en","original_title":"San Andreas","overview":"In the aftermath of a massive earthquake in California, a rescue-chopper pilot makes a dangerous journey across the state in order to rescue his estranged daughter.","release_date":"2015-05-29","poster_path":"/6iQ4CMtYorKFfAmXEpAQZMnA0Qe.jpg","popularity":15.974368,"title":"San Andreas","video":false,"vote_average":6.4,"vote_count":562},{"adult":false,"backdrop_path":"/4ZwXJcUT3KdE8Kan9TJ7l0Rg5LG.jpg","genre_ids":[12,10751,14],"id":411,"original_language":"en","original_title":"The Chronicles of Narnia: The Lion, the Witch and the Wardrobe","overview":"Join Lucy, Edmund, Susan, and Peter, four siblings who step through a magical wardrobe and find the land of Narnia. There, the they discover a charming, once peaceful kingdom that has been plunged into eternal winter by the evil White Witch, Jadis. Aided by the wise and magnificent lion Aslan, the children lead Narnia into a spectacular, climactic battle to be free of the Witch's glacial powers forever!","release_date":"2005-12-09","poster_path":"/tFOQ4q6JnHcdw58ThL4SzFv37NT.jpg","popularity":2.910845,"title":"The Chronicles of Narnia: The Lion, the Witch and the Wardrobe","video":false,"vote_average":6.3,"vote_count":776},{"adult":false,"backdrop_path":"/4NnYQ4hOWxzqJz2DMUYZLEGKvFc.jpg","genre_ids":[18],"id":81025,"original_language":"en","original_title":"Salmon Fishing in the Yemen","overview":"A fisheries expert is approached by a consultant to help realize a sheik's vision of bringing the sport of fly-fishing to the desert and embarks on an upstream journey of faith and fish to prove the impossible possible.","release_date":"2011-09-10","poster_path":"/bzLlr1RhZYQ2uLvNjR9hb5A5kZ9.jpg","popularity":1.414493,"title":"Salmon Fishing in the Yemen","video":false,"vote_average":6.3,"vote_count":126},{"adult":false,"backdrop_path":"/dzMGckpN2xAQDLr2Ddr8CZ3WbYF.jpg","genre_ids":[18,28,12,36,10752],"id":1495,"original_language":"en","original_title":"Kingdom of Heaven","overview":"After his wife dies, a blacksmith named Balian is thrust into royalty, political intrigue and bloody holy wars during the Crusades.","release_date":"2005-05-03","poster_path":"/d9GYuT9aMoDi4MPTKYe4M2PwUm4.jpg","popularity":3.029432,"title":"Kingdom of Heaven","video":false,"vote_average":6.3,"vote_count":383},{"adult":false,"backdrop_path":"/wC5xdlg6WceCWUXQzS3pIwTfkEJ.jpg","genre_ids":[10751,16,14],"id":10198,"original_language":"en","original_title":"The Princess and the Frog","overview":"A waitress, desperate to fulfill her dreams as a restaurant owner, is set on a journey to turn a frog prince back into a human being, but she has to do face the same problem after she kisses him.","release_date":"2009-12-10","poster_path":"/bVRHirC6uIZL9VtRqYRxdedYnOG.jpg","popularity":2.72207,"title":"The Princess and the Frog","video":false,"vote_average":6.3,"vote_count":353},{"adult":false,"backdrop_path":"/kywkOlRpYtfVlar41R1s8lO46vD.jpg","genre_ids":[28,53],"id":1573,"original_language":"en","original_title":"Die Hard 2","overview":"John McClane is an off-duty cop gripped with a feeling of déjà vu when on a snowy Christmas Eve in the nation's capital, terrorists seize a major international airport, holding thousands of holiday travelers hostage. Renegade military commandos led by a murderous rogue officer plot to rescue a drug lord from justice and are prepared for every contingency except one: McClane's smart-mouthed heroics.","release_date":"1990-07-02","poster_path":"/zSgL998DXaljsCmwQuwDM8Ak4rV.jpg","popularity":2.790713,"title":"Die Hard 2","video":false,"vote_average":6.3,"vote_count":902},{"adult":false,"backdrop_path":"/yJT2JCdjtuH5K202bC4YL0wOYD2.jpg","genre_ids":[16,12,10751,35],"id":72197,"original_language":"en","original_title":"The Pirates! In an Adventure with Scientists!","overview":"In The Pirates! Band of Misfits, Hugh Grant stars in his first animated role as the luxuriantly bearded Pirate Captain – a boundlessly enthusiastic, if somewhat less-than-successful, terror of the High Seas. With a rag-tag crew at his side (Martin Freeman, Brendan Gleeson, Russell Tovey, and Ashley Jensen), and seemingly blind to the impossible odds stacked against him, the Captain has one dream: to beat his bitter rivals Black Bellamy (Jeremy Piven) and Cutlass Liz (Salma Hayek) to the much coveted Pirate Of The Year Award. It’s a quest that takes our heroes from the shores of exotic Blood Island to the foggy streets of Victorian London. Along the way they battle a diabolical queen (Imelda Staunton) and team up with a haplessly smitten young scientist (David Tennant), but never lose sight of what a pirate loves best: adventure!","release_date":"2012-03-28","poster_path":"/z3abtsVuypFShFkfvTOjzATkeg9.jpg","popularity":3.124879,"title":"The Pirates! In an Adventure with Scientists!","video":false,"vote_average":6.3,"vote_count":180},{"adult":false,"backdrop_path":"/nLUO2kQyyvG1DlCnHuxHwapbCTX.jpg","genre_ids":[35,10402],"id":1584,"original_language":"en","original_title":"School of Rock","overview":"Fired from his band and hard up for cash, guitarist and vocalist Dewey Finn finagles his way into a job as a fourth-grade substitute teacher at a private school, where he secretly begins teaching his students the finer points of rock 'n' roll. The school's hard-nosed principal is rightly suspicious of Finn's activities. But Finn's roommate remains in the dark about what he's doing.","release_date":"2003-10-03","poster_path":"/cREN222Yw78zvSQ9bg17Y9QZS0c.jpg","popularity":0.62232,"title":"School of Rock","video":false,"vote_average":6.3,"vote_count":432},{"adult":false,"backdrop_path":"/cH9G12Pd3iaE8Sbd1OY4tK61oNU.jpg","genre_ids":[80,18,53],"id":4547,"original_language":"en","original_title":"Panic Room","overview":"Trapped in their New York brownstone's panic room, a hidden chamber built as a sanctuary in the event of break-ins, newly divorced Meg Altman (Jodie Foster) and her young daughter Sarah (Kristen Stewart) play a deadly game of cat-and-mouse with three intruders - Burnham (Forest Whitaker), Raoul (Dwight Yoakam) and Junior (Jared Leto) - during a brutal home invasion. But the room itself is the focal point because what the intruders really want is inside it.","release_date":"2002-03-29","poster_path":"/hjkugMBhYjV8ZXgvSnGXI3q7wt7.jpg","popularity":2.29759,"title":"Panic Room","video":false,"vote_average":6.3,"vote_count":320},{"adult":false,"backdrop_path":"/k3ATJ7zmlCw45x6OH4WutlXqTvy.jpg","genre_ids":[28,18,36],"id":44865,"original_language":"en","original_title":"一代宗師","overview":"Ip Man's peaceful life in Foshan changes after Gong Yutian seeks an heir for his family in Southern China. Ip Man then meets Gong Er who challenges him for the sake of regaining her family's honor. After the Second Sino-Japanese War, Ip Man moves to Hong Kong and struggles to provide for his family. In the mean time, Gong Er chooses the path of vengeance after her father was killed by Ma San.","release_date":"2013-01-08","poster_path":"/8OIEVvoTmbGotdygjXzSNX8ribV.jpg","popularity":1.762183,"title":"The Grandmaster","video":false,"vote_average":6.3,"vote_count":124},{"adult":false,"backdrop_path":"/8QmBeErLzskPVWkMXwkfxujXtO5.jpg","genre_ids":[18,28,36],"id":44249,"original_language":"cn","original_title":"Yip Man chinchyun","overview":"Featuring some of the most spectacular, innovative and explosive martial arts ever staged, The Legend Is Born is the remarkable true story of the early life of Ip Man, the formidable kung fu genius who would become Bruce Lee's mentor.Beginning at the start of his journey from his initial training through to the ultimate battle to become supreme master of the art of Wing Chun, The Legend Is Born has already been hailed as one of the greatest martial arts films of all time and features an all-star cast, including Sammo Hung (Enter The Dragon), Yuen Biao and Ip Man's real life son, 76-year-old Ip Chun, as Ip Man's kung fu master.","release_date":"2010-06-24","poster_path":"/309PfuM6jt1BAMcHsEchADl7Lsc.jpg","popularity":1.199878,"title":"The Legend Is Born: Ip Man","video":false,"vote_average":6.3,"vote_count":127},{"adult":false,"backdrop_path":"/pRcgYKQkx4W0h8wdPlV4o12KiuK.jpg","genre_ids":[53,18,80],"id":164457,"original_language":"en","original_title":"Out of the Furnace","overview":"Two brothers live in the economically-depressed Rust Belt, when a cruel twist of fate lands one in prison. His brother is then lured into one of the most violent crime rings in the Northeast.","release_date":"2013-12-06","poster_path":"/3ILyypFd1zDdQLasS3NuEliKRIs.jpg","popularity":2.746597,"title":"Out of the Furnace","video":false,"vote_average":6.3,"vote_count":237},{"adult":false,"backdrop_path":"/bIlYH4l2AyYvEysmS2AOfjO7Dn8.jpg","genre_ids":[878,28,53,12],"id":87101,"original_language":"en","original_title":"Terminator Genisys","overview":"The year is 2029. John Connor, leader of the resistance continues the war against the machines. At the Los Angeles offensive, John's fears of the unknown future begin to emerge when TECOM spies reveal a new plot by SkyNet that will attack him from both fronts; past and future, and will ultimately change warfare forever.","release_date":"2015-07-01","poster_path":"/5JU9ytZJyR3zmClGmVm9q4Geqbd.jpg","popularity":55.972492,"title":"Terminator Genisys","video":false,"vote_average":6.3,"vote_count":698},{"adult":false,"backdrop_path":"/yZgIHV8MrJtNV1ay2PemdboqSnT.jpg","genre_ids":[14,12,28,9648],"id":35552,"original_language":"fr","original_title":"Les Aventures extraordinaires d'Adèle Blanc-Sec","overview":"An adventure set in the early part of the 20th century, focused on a popular novelist and her dealings with would-be suitors, the cops, monsters, and other distractions.","release_date":"2010-04-14","poster_path":"/og6Jv55bF0uzF1F1kpUW6Je7z0H.jpg","popularity":1.841109,"title":"The Extraordinary Adventures of Adèle Blanc-Sec","video":false,"vote_average":6.3,"vote_count":94},{"adult":false,"backdrop_path":"/tPKe5hcD0B1i1xLbuBhov0GgAZ9.jpg","genre_ids":[18,10749],"id":1989,"original_language":"en","original_title":"My Blueberry Nights","overview":"Elizabeth (Jones) has just been through a particularly nasty breakup, and now she's ready to leave her friends and memories behind as she chases her dreams across the country. In order to support herself on her journey, Elizabeth picks up a series of waitress jobs along the way. As Elizabeth crosses paths with a series of lost souls.","release_date":"2007-05-16","poster_path":"/wfgeoQOoudvPesDax3S5FL6ePpt.jpg","popularity":0.607949,"title":"My Blueberry Nights","video":false,"vote_average":6.3,"vote_count":61},{"adult":false,"backdrop_path":"/sXpF6Vfy4o8fNHP1GBWBC3IxdrJ.jpg","genre_ids":[10749,35],"id":50546,"original_language":"en","original_title":"Just Go With It","overview":"In Just Go With It, a plastic surgeon, romancing a much younger schoolteacher, enlists his loyal assistant to pretend to be his soon to be ex-wife, in order to cover up a careless lie. When more lies backfire, the assistant's kids become involved, and everyone heads off for a weekend in Hawaii that will change all their lives.","release_date":"2011-02-11","poster_path":"/4sJDqzBaqBprkEy0aLjIGl7TrHx.jpg","popularity":3.227771,"title":"Just Go With It","video":false,"vote_average":6.3,"vote_count":573},{"adult":false,"backdrop_path":"/1hCngs2CrxCZaPTwvxT9le7lJbO.jpg","genre_ids":[18],"id":1246,"original_language":"en","original_title":"Rocky Balboa","overview":"When he loses a highly publicized virtual boxing match to ex-champ Rocky Balboa, reigning heavyweight titleholder Mason Dixon retaliates by challenging the Itallian Stallion to a nationally televised, 10-round exhibition bout. To the surprise of his son and friends, Rocky agrees to come out of retirement and face an opponent who's faster, stronger and thirty years his junior.","release_date":"2006-12-20","poster_path":"/usZMPGxyRsyOpX5nuqHFxH3qlMh.jpg","popularity":1.269119,"title":"Rocky Balboa","video":false,"vote_average":6.3,"vote_count":264},{"adult":false,"backdrop_path":"/yVWAkxhpGuUhtnIyPSqgrirnu6B.jpg","genre_ids":[35,10749],"id":75802,"original_language":"en","original_title":"Hysteria","overview":"A romantic comedy about the invention of the vibrator.","release_date":"2011-11-17","poster_path":"/brvzZvk8G07MO0Ra538pgMdktaS.jpg","popularity":0.848971,"title":"Hysteria","video":false,"vote_average":6.3,"vote_count":54}],"total_pages":180,"total_results":3596}
