{"page":16,"results":[{"adult":false,"backdrop_path":"/hUDEHvhNJLNcb83Pp7xnFn0Wj09.jpg","genre_ids":[18,35],"id":194662,"original_language":"en","original_title":"Birdman","overview":"A fading actor best known for his portrayal of a popular superhero attempts to mount a comeback by appearing in a Broadway play. As opening night approaches, his attempts to become more altruistic, rebuild his career, and reconnect with friends and family prove more difficult than expected.","release_date":"2014-10-17","poster_path":"/rSZs93P0LLxqlVEbI001UKoeCQC.jpg","popularity":13.190861,"title":"Birdman","video":false,"vote_average":7.4,"vote_count":1286},{"adult":false,"backdrop_path":"/v8qyFyJUsvpNVOtizr2ZfQVfJ9C.jpg","genre_ids":[18],"id":157354,"original_language":"en","original_title":"Fruitvale Station","overview":"The true story of Oscar, a 22-year-old Bay Area resident, who crosses paths with friends, enemies, family, and strangers on the last day of 2008.","release_date":"2013-07-26","poster_path":"/zwPYTHFCgWYHRW1OoxE23dxZZRX.jpg","popularity":2.167934,"title":"Fruitvale Station","video":false,"vote_average":7.4,"vote_count":134},{"adult":false,"backdrop_path":"/fJQ5kjLx4UdK05MC323Vlzwr6S8.jpg","genre_ids":[35,18,36],"id":140823,"original_language":"en","original_title":"Saving Mr. Banks","overview":"Author P.L. Travers travels from London to Hollywood as Walt Disney Pictures adapts her novel Mary Poppins for the big screen.","release_date":"2013-12-20","poster_path":"/mvs3reS18RP6IhjLwwLeVtkoeg0.jpg","popularity":3.578764,"title":"Saving Mr. Banks","video":false,"vote_average":7.4,"vote_count":461},{"adult":false,"backdrop_path":"/1mKI5UfeCetrB3HZbYt6VTn7K9m.jpg","genre_ids":[35,18,10749],"id":83666,"original_language":"en","original_title":"Moonrise Kingdom","overview":"Set on an island off the coast of New England in the summer of 1965, Moonrise Kingdom tells the story of two twelve-year-olds who fall in love, make a secret pact, and run away together into the wilderness. As various authorities try to hunt them down, a violent storm is brewing off-shore – and the peaceful island community is turned upside down in more ways than anyone can handle.","release_date":"2012-05-25","poster_path":"/ysTohGF7NY9Z6MYz9vLNYiyzh0r.jpg","popularity":2.150519,"title":"Moonrise Kingdom","video":false,"vote_average":7.4,"vote_count":508},{"adult":false,"backdrop_path":"/xZNn24www3ygZtP1YOzF4NBL5So.jpg","genre_ids":[18,53,9648],"id":638,"original_language":"en","original_title":"Lost Highway","overview":"Director David Lynch gives us a psycho thriller beyond definition that has audiences tangled in the provocations of nightmares, violence, sex sequences, reality, the subconscious, and madness as they must create their own interpretations of the film.","release_date":"1997-01-15","poster_path":"/z6yhgEzGUJaBBgAxoyggRzwLnVM.jpg","popularity":2.623875,"title":"Lost Highway","video":false,"vote_average":7.4,"vote_count":154},{"adult":false,"backdrop_path":"/LIbv8rXsi7AuDpBCbyrUy1zv2n.jpg","genre_ids":[16,18,878],"id":12140,"original_language":"ja","original_title":"イノセンス","overview":"Groundbreaking director Mamoru Oshii continues to push the boundaries of art and anime with this universally acclaimed cyber thriller following cyborg detective Batou as he tries to unravel the reasons for a murderous robot revolt in the year 2032. A quest for a killer that becomes a mind bending search for the meaning of life.","release_date":"2004-03-06","poster_path":"/1KSMfpMWMzlvR2DN2fzv31vZ66B.jpg","popularity":1.715964,"title":"Ghost in the Shell 2: Innocence","video":false,"vote_average":7.4,"vote_count":87},{"adult":false,"backdrop_path":"/oSUAezCAa2dXbkJblUqJQwcKVKK.jpg","genre_ids":[28,12,18,10752],"id":10911,"original_language":"en","original_title":"The Guns of Navarone","overview":"A team of allied saboteurs are assigned an impossible mission: infiltrate an impregnable Nazi-held island and destroy the two enormous long-range field guns that prevent the rescue of 2,000 trapped British soldiers.","release_date":"1961-06-22","poster_path":"/lTtu8Y1Lu4tJXLbAmWKZ5FXBZxu.jpg","popularity":1.454113,"title":"The Guns of Navarone","video":false,"vote_average":7.4,"vote_count":61},{"adult":false,"backdrop_path":"/pjVhL1UZ33jBWPBd8HxOpfhAiA7.jpg","genre_ids":[18,12],"id":129670,"original_language":"en","original_title":"Nebraska","overview":"An aging, booze-addled father makes the trip from Montana to Nebraska with his estranged son in order to claim a million dollar Publisher's Clearing House sweepstakes prize.","release_date":"2013-11-15","poster_path":"/zyG3vYWK7SwWT4bvrWeFef0J7fp.jpg","popularity":2.353544,"title":"Nebraska","video":false,"vote_average":7.4,"vote_count":268},{"adult":false,"backdrop_path":"/prhrYZvQN1eXxBeZdLlNSyLfPQb.jpg","genre_ids":[18],"id":14574,"original_language":"en","original_title":"The Boy in the Striped Pyjamas","overview":"Set during World War II, a story seen through the innocent eyes of Bruno, the eight-year-old son of the commandant at a concentration camp, whose forbidden friendship with a Jewish boy on the other side of the camp fence has startling and unexpected consequences.","release_date":"2008-09-12","poster_path":"/f40R9to84FGF7T5bp3KGB84Lklb.jpg","popularity":2.303553,"title":"The Boy in the Striped Pajamas","video":false,"vote_average":7.4,"vote_count":367},{"adult":false,"backdrop_path":"/3bgtUfKQKNi3nJsAB5URpP2wdRt.jpg","genre_ids":[28,80,18,53],"id":49026,"original_language":"en","original_title":"The Dark Knight Rises","overview":"Following the death of District Attorney Harvey Dent, Batman assumes responsibility for Dent's crimes to protect the late attorney's reputation and is subsequently hunted by the Gotham City Police Department. Eight years later, Batman encounters the mysterious Selina Kyle and the villainous Bane, a new terrorist leader who overwhelms Gotham's finest. The Dark Knight resurfaces to protect a city that has branded him an enemy.","release_date":"2012-07-20","poster_path":"/dEYnvnUfXrqvqeRSqvIEtmzhoA8.jpg","popularity":6.242492,"title":"The Dark Knight Rises","video":false,"vote_average":7.4,"vote_count":5246},{"adult":false,"backdrop_path":"/vz3LZDCJLaeai4iMdPkTOztHXS9.jpg","genre_ids":[53,27],"id":49797,"original_language":"en","original_title":"악마를 보았다","overview":"Kyung-chul (Choi Min-sik) is a dangerous psychopath who kills for pleasure. He has committed infernal serial murders in diabolic ways that one cannot even imagine and his victims range from young women to even children. The police have chased him for a long time, but were unable to catch him. One day, Joo-yeon, daughter of a retired police chief becomes his prey and is found dead in a horrific state. Her fiance Soo-hyun (Lee Byung-hun), a top secret agent, decides to track down the murderer himself. He promises himself that he will do everything in his power to take bloody vengeance against the killer, even if it means that he must become a monster himself to get this monstrous and inhumane killer.","release_date":"2010-08-12","poster_path":"/xhlXnzQRlDab04sUMVR9bzyDPpr.jpg","popularity":2.189293,"title":"I Saw the Devil","video":false,"vote_average":7.4,"vote_count":142},{"adult":false,"backdrop_path":"/zez1YZjZ8rvFtJYXQshTCCW2cPp.jpg","genre_ids":[35,16,10751],"id":229408,"original_language":"en","original_title":"Training Wheels","overview":"Margo, Edith, and Agnes spot an ice cream truck.The three of them go after the truck but Agnes falls as she attempts to pedal to the truck. The Minions, seeing her so upset by this, decide to build her a unicorn-themed motorcycle. Agnes goes for a little ride around town.","release_date":"2013-12-10","poster_path":"/nXfdj2JCvLZIPj9jYTFqopQMMsR.jpg","popularity":2.412529,"title":"Training Wheels","video":false,"vote_average":7.4,"vote_count":54},{"adult":false,"backdrop_path":"/na51OUflawJy5K2cgvF07nrgGrl.jpg","genre_ids":[16,18],"id":38142,"original_language":"en","original_title":"Byousoku 5 Centimeter","overview":"Takaki and Akari are two classmates in elementary school. During their time together they have become close friends. Their relationship is tested when Akari moves to another city because of her parents' jobs. Both of them struggle to keep their friendship alive, as time and distance slowly pulls them apart. When Takaki finds out that he is moving further away, he decides to visit Akari one last time.","release_date":"2007-03-03","poster_path":"/wX7RbjclqHoSWd4NGouDisBHq1o.jpg","popularity":1.303706,"title":"5 Centimeters Per Second","video":false,"vote_average":7.4,"vote_count":130},{"adult":false,"backdrop_path":"/hnxieS9l0aWUTOHmNNj4cVoyj52.jpg","genre_ids":[27,878,9648,53],"id":1091,"original_language":"en","original_title":"The Thing","overview":"Scientists in the Antarctic are confronted by a shape-shifting alien that assumes the appearance of the people that it kills.","release_date":"1982-06-25","poster_path":"/s5fH3GqFcHbi2F0NSBSh4KRNTc0.jpg","popularity":2.761175,"title":"The Thing","video":false,"vote_average":7.4,"vote_count":443},{"adult":false,"backdrop_path":"/7hx7ANh11TbbvHLDXUuywYkg5rK.jpg","genre_ids":[80,18,53],"id":6977,"original_language":"en","original_title":"No Country for Old Men","overview":"Llewelyn Moss stumbles upon dead bodies, $2 million and a hoard of heroin in a Texas desert, but methodical killer Anton Chigurh comes looking for it, with local sheriff Ed Tom Bell hot on his trail. The roles of prey and predator blur as the violent pursuit of money and justice collide.","release_date":"2007-11-08","poster_path":"/6o0UWX2naW7HK45PDNYmoMIk5qs.jpg","popularity":2.681303,"title":"No Country for Old Men","video":false,"vote_average":7.4,"vote_count":817},{"adult":false,"backdrop_path":"/rpvDBeVazJyBV5SxtnQWIgL5SIb.jpg","genre_ids":[16,10751,35],"id":10193,"original_language":"en","original_title":"Toy Story 3","overview":"Woody, Buzz, and the rest of Andy's toys haven't been played with in years. With Andy about to go to college, the gang find themselves accidentally left at a nefarious day care center. The toys must band together to escape and return home to Andy.","release_date":"2010-06-17","poster_path":"/tOwAAVeL1p3ls9dhOBo45ElodU3.jpg","popularity":3.306516,"title":"Toy Story 3","video":false,"vote_average":7.4,"vote_count":2074},{"adult":false,"backdrop_path":"/nKYH8DaWjKE3RhEyaa0Ue01kPCp.jpg","genre_ids":[37],"id":33,"original_language":"en","original_title":"Unforgiven","overview":"William Munny is a retired, once-ruthless killer turned gentle widower and hog farmer. To help support his two motherless children, he accepts one last bounty-hunter mission to find the men who brutalized a prostitute. Joined by his former partner and a cocky greenhorn, he takes on a corrupt sheriff.","release_date":"1992-08-07","poster_path":"/km6qw4qUkHQRN5y2U1juM1WkBFh.jpg","popularity":2.141732,"title":"Unforgiven","video":false,"vote_average":7.4,"vote_count":358},{"adult":false,"backdrop_path":"/clAY7PPLpdMeOoJvR1aGYPCa3Fq.jpg","genre_ids":[28,80,18,53],"id":51608,"original_language":"en","original_title":"아저씨","overview":"His only friend called him 'the man from nowhere'... Taesik, a former special agent becomes a loner after losing his wife in a miserable accident and lives a bitter life running a pawnshop. He only has a few customers and a friend named Somi, a little girl next door. As Taesik spends more and more time with Somi, he gets attached to her. Then Somi is kidnapped by a gang, and as Taesik tries to save Somi by becoming deeply associated with the gang his mysterious past is revealed...","release_date":"2010-08-04","poster_path":"/5eht6txXy0G8KiQEsOSNmuY9a9r.jpg","popularity":2.330189,"title":"The Man from Nowhere","video":false,"vote_average":7.4,"vote_count":96},{"adult":false,"backdrop_path":"/eonJJa8Ei3xgIe9pTAoE2x000tM.jpg","genre_ids":[16,18,9648,878],"id":4977,"original_language":"ja","original_title":"Papurika","overview":"When a machine that allows therapists to enter their patient's dreams is stolen, all hell breaks loose. Only a young female therapist can stop it: Paprika.","release_date":"2006-10-21","poster_path":"/aWLRuxeZL4d8Up2UvLW5EBYdSDl.jpg","popularity":0.877127,"title":"Paprika","video":false,"vote_average":7.4,"vote_count":121},{"adult":false,"backdrop_path":"/jRGKbaBcsb7mfqLeLpBxPe1Mufc.jpg","genre_ids":[28,16,80,53],"id":242643,"original_language":"en","original_title":"Batman: Assault on Arkham","overview":"Based on the hit video game series, Batman must find a bomb planted by the Joker while dealing with a mysterious team of villains called, The Suicide Squad.","release_date":"2014-08-12","poster_path":"/jY5DEgyMmHUh4AbWTu6pOb5g7vk.jpg","popularity":0.748435,"title":"Batman: Assault on Arkham","video":false,"vote_average":7.4,"vote_count":107}],"total_pages":180,"total_results":3596}
