{"page":161,"results":[{"adult":false,"backdrop_path":"/msSfbrMd7LKbCW9ivIupAHo8yvp.jpg","genre_ids":[16,10751,12],"id":77951,"original_language":"en","original_title":"Walking With Dinosaurs","overview":"Walking with Dinosaurs 3D is an upcoming film depicting life-like 3D dinosaur characters set in photo-real landscapes that will transport audiences to the prehistoric world as it existed 70 million years ago. The film is based on the 1999 documentary television miniseries Walking with Dinosaurs, produced by the BBC. Walking with Dinosaurs 3D is being produced by Evergreen Studios, the company that produced Happy Feet, and it is scheduled for release on October 11, 2013.","release_date":"2013-12-20","poster_path":"/3QS2WnruXRj7T4gh9joOFhY6YqB.jpg","popularity":2.142245,"title":"Walking With Dinosaurs","video":false,"vote_average":5.4,"vote_count":55},{"adult":false,"backdrop_path":"/v0emjNwZGlhKhELLmkvaAjCqje9.jpg","genre_ids":[28,12,35,10751],"id":14560,"original_language":"en","original_title":"Paul Blart: Mall Cop","overview":"Mild-mannered Paul Blart (Kevin James) has always had huge dreams of becoming a State Trooper. Until then, he patrols the local mall as a security guard. With his closely cropped moustache, personal transporter and gung-ho attitude, only Blart seems to take his job seriously. All that changes when a team of thugs raids the mall and takes hostages. Untrained, unarmed and a super-size target, Blart has to become a real cop to save the day.","release_date":"2009-01-15","poster_path":"/cXskoaOsdNZBk1dq4wKQLJf5qhG.jpg","popularity":4.081032,"title":"Paul Blart: Mall Cop","video":false,"vote_average":5.4,"vote_count":279},{"adult":false,"backdrop_path":"/gpodYxsJZ6OVlpPo0fYkubTBWx9.jpg","genre_ids":[35,10749],"id":39451,"original_language":"en","original_title":"Little Fockers","overview":"It has taken 10 years, two little Fockers with wife Pam and countless hurdles for Greg to finally get in with his tightly wound father-in-law, Jack. After the cash-strapped dad takes a job moonlighting for a drug company, Jack's suspicions about his favorite male nurse come roaring back. When Greg and Pam's entire clan descends for the twins' birthday party, Greg must prove to the skeptical Jack that he's fully capable as the man of the house.","release_date":"2010-12-21","poster_path":"/qixmjH8fLD9IkboPO7FKxAqzwRJ.jpg","popularity":2.263367,"title":"Little Fockers","video":false,"vote_average":5.4,"vote_count":454},{"adult":false,"backdrop_path":"/tLTWqdazwadvgtBDkcYzUXvj15p.jpg","genre_ids":[35],"id":82687,"original_language":"en","original_title":"The Guilt Trip","overview":"An inventor and his mom hit the road together so he can sell his latest invention.","release_date":"2012-12-19","poster_path":"/kSkn9lunpGQClYzpmcu7fnTX8ZZ.jpg","popularity":1.102338,"title":"The Guilt Trip","video":false,"vote_average":5.4,"vote_count":142},{"adult":false,"backdrop_path":"/dvzGZAJOYDVqSjTJTst6x6Wu7Fi.jpg","genre_ids":[35,878,12,10751,10749],"id":11260,"original_language":"en","original_title":"Meet Dave","overview":"A crew of miniature aliens operate a spaceship that has a human form. While trying to save their planet, the aliens encounter a new problem, as their ship becomes smitten with an Earth woman.","release_date":"2008-07-08","poster_path":"/qOnhIXHq12airS0iLMFpYoo9CZa.jpg","popularity":1.925204,"title":"Meet Dave","video":false,"vote_average":5.4,"vote_count":97},{"adult":false,"backdrop_path":"/8mKomlkHvO753Wc9w2Q25ffc4UC.jpg","genre_ids":[35],"id":77953,"original_language":"en","original_title":"The Campaign","overview":"The film follows two rival politicians (Will Ferrell &amp; Zach Galifianakis) who are trying to win an election to represent their small North Carolina congressional district in the United States House of Representatives.","release_date":"2012-08-09","poster_path":"/6uH8BOWN60mu2Vd5z4jCaVWb2ix.jpg","popularity":1.125937,"title":"The Campaign","video":false,"vote_average":5.4,"vote_count":223},{"adult":false,"backdrop_path":"/u0sfuvRTKILAU3yMjBdAht38lAg.jpg","genre_ids":[35,18,10749],"id":2018,"original_language":"en","original_title":"The Wedding Planner","overview":"Mary Fiore, San Francisco's premiere wedding planner is rescued from an accident by the man of her dreams, pediatrician Steve Edison, only to find he is the fiancé of her latest client, wealthy Fran Donnolly. As Mary continues making the wedding arrangements, she and Steve are put into a string of uncomfortable situations that force them to face their mutual attraction.","release_date":"2001-01-26","poster_path":"/fiBb7aDRdYc7VAw0iHP9Bl9jZdc.jpg","popularity":2.10915,"title":"The Wedding Planner","video":false,"vote_average":5.4,"vote_count":111},{"adult":false,"backdrop_path":"/5jZlxWJjvui9zJNPrPC0t0dEw3G.jpg","genre_ids":[28,35,12],"id":62206,"original_language":"en","original_title":"30 Minutes or Less","overview":"Two fledgling criminals kidnap a pizza delivery guy, strap a bomb to his chest, and advise him that he has mere hours to rob a bank or else...","release_date":"2011-08-11","poster_path":"/hrMpGWLExvEXqFgHviLA8GUSnBB.jpg","popularity":2.212521,"title":"30 Minutes or Less","video":false,"vote_average":5.4,"vote_count":211},{"adult":false,"backdrop_path":"/c4IVdtahSP75tcbNcOOYMSDKwUs.jpg","genre_ids":[35],"id":2665,"original_language":"en","original_title":"Airplane II: The Sequel","overview":"The hero of an unlikely airplane disaster must overcome his own inadequacies, improbable accidents and his former girlfriend in order to save a space shuttle from destruction in this spoof sequel of the disaster parody Airplane!","release_date":"1982-12-10","poster_path":"/pjI6j5sVTxJXuxnr2JM2FgvyFXS.jpg","popularity":1.724296,"title":"Airplane II: The Sequel","video":false,"vote_average":5.4,"vote_count":60},{"adult":false,"backdrop_path":"/iJZ1FleWX0gH9KbA4GLr4Nr5AZR.jpg","genre_ids":[16,35,12,10751],"id":121734,"original_language":"en","original_title":"Las aventuras de Tadeo Jones","overview":"Tad is a celebrity archeologist and adventurer just like his hero Max Mordon... in his dreams! In reality, Tad is a Chicago construction worker. One day, however, he is mistaken for a real Professor and takes his place on a flight to Peru in search of the Lost City of Paititi. Professor Lavrof and his beautiful daughter Sara are waiting for the famous professor to crack the code. Unfortunately for Tad, Sara is engaged to real-life hero Max Mordon, but Max has secretly betrayed the Professor by teaming up with the evil Kopponen and his shady Odysseus corporation. Time for Tad to step up...","release_date":"2012-08-31","poster_path":"/bAY99D8aljc6byKNfF1WNiwJ32k.jpg","popularity":2.333196,"title":"Tad, the Lost Explorer","video":false,"vote_average":5.4,"vote_count":59},{"adult":false,"backdrop_path":"/4voE3EHd2f98q6A9MeT8B7JuiB3.jpg","genre_ids":[28,878,53],"id":156717,"original_language":"en","original_title":"Death Race: Inferno","overview":"Carl Lucas / Frankenstein has won four of his races and needs to win one more to win his freedom. Before his final race, Lucas and his team, car and all, are transferred to another prison where they will compete in a Death Race in the desert. Also, at the same time, Ceaser runs into a marketer who wants to franchise the Death Race program.","release_date":"2012-11-20","poster_path":"/i8o8crwVAbQihTI835xrQA5nSuD.jpg","popularity":2.165038,"title":"Death Race: Inferno","video":false,"vote_average":5.4,"vote_count":108},{"adult":false,"backdrop_path":"/4ROkS8GjAfOe71PJn5ocFlKmMF8.jpg","genre_ids":[35,10751,16],"id":50359,"original_language":"en","original_title":"Hop","overview":"E.B., the Easter Bunny's teenage son, heads to Hollywood, determined to become a drummer in a rock 'n' roll band. In LA, he's taken in by Fred after the out-of-work slacker hits E.B. with his car.","release_date":"2011-03-30","poster_path":"/avbiy6qaRMbfeI8HRpNg2HLaNwD.jpg","popularity":2.205522,"title":"Hop","video":false,"vote_average":5.4,"vote_count":145},{"adult":false,"backdrop_path":"/j6MfYUiDrtJ54f0FqD4xcHr8fZO.jpg","genre_ids":[35,18,10749],"id":2313,"original_language":"en","original_title":"Prime","overview":"A career driven professional from Manhattan is wooed by a young painter, who also happens to be the son of her psychoanalyst.","release_date":"2005-09-21","poster_path":"/dQxtI83slU5fAq6WZjEmIDAtYvM.jpg","popularity":2.250244,"title":"Prime","video":false,"vote_average":5.4,"vote_count":58},{"adult":false,"backdrop_path":"/gmapSsDGkPNPRxaQXLdotYkYKzM.jpg","genre_ids":[28,878,53,37],"id":49849,"original_language":"en","original_title":"Cowboys & Aliens","overview":"A stranger stumbles into the desert town of Absolution with no memory of his past and a futuristic shackle around his wrist. With the help of mysterious beauty Ella and the iron-fisted Colonel Dolarhyde, he finds himself leading an unlikely posse of cowboys, outlaws, and Apache warriors against a common enemy from beyond this world in an epic showdown for survival.","release_date":"2011-07-29","poster_path":"/kcUXBEwWDzpRhKreh6C2NSStBiU.jpg","popularity":2.464633,"title":"Cowboys & Aliens","video":false,"vote_average":5.4,"vote_count":835},{"adult":false,"backdrop_path":"/4HpJObAMo6SzZXACPnUMo9aX9Ob.jpg","genre_ids":[35,18,10749],"id":144340,"original_language":"en","original_title":"Admission","overview":"Straitlaced Princeton University admissions officer Portia Nathan (Tina Fey) is caught off-guard when she makes a recruiting visit to an alternative high school overseen by her former college classmate, the freewheeling John Pressman (Paul Rudd). Pressman has surmised that Jeremiah (Nat Wolff), his gifted yet very unconventional student, might well be the son that Portia secretly gave up for adoption many years ago. Soon, Portia finds herself bending the rules for Jeremiah, putting at risk the life she thought she always wanted -- but in the process finding her way to a surprising and exhilarating life and romance she never dreamed of having.","release_date":"2013-03-22","poster_path":"/jxNBmnP2Q1hTWuqCPUTRavGrjLt.jpg","popularity":1.04778,"title":"Admission","video":false,"vote_average":5.4,"vote_count":161},{"adult":false,"backdrop_path":"/iF4WbMmMWZi4bFGx5e7WRndfZOz.jpg","genre_ids":[35,14,878,10749],"id":9327,"original_language":"en","original_title":"The Nutty Professor","overview":"Eddie Murphy stars as shy Dr. Sherman Klump, a kind, brilliant, 'calorifically challenged' genetic professor. When beautiful Carla Purty joins the university faculty, Sherman grows desperate to whittle his 400-pound frame down to size and win her heart. So, with one swig of his experimental fat-reducing serum, Sherman becomes 'Buddy Love', a fast-talking, pumped-up , plumped down Don Juan.","release_date":"1996-06-26","poster_path":"/9LZtLAuuVmNCN1DJrDG2eOPReXv.jpg","popularity":0.660339,"title":"The Nutty Professor","video":false,"vote_average":5.4,"vote_count":137},{"adult":false,"backdrop_path":"/eMat94MVMxvezyvAEJs1k6XCkZn.jpg","genre_ids":[27,53,14,9648],"id":11618,"original_language":"en","original_title":"The Haunting","overview":"Dr. David Marrow invites Nell Vance and Theo and Luke Sanderson to the eerie and isolated Hill House to be subjects for a sleep disorder study. The unfortunate guests discover that Marrow is far more interested in the sinister mansion itself -- and, soon, they see the true nature of its horror.","release_date":"1999-07-23","poster_path":"/6cZp6bho46sCGKJ3by3hnhCs5TD.jpg","popularity":1.78515,"title":"The Haunting","video":false,"vote_average":5.4,"vote_count":78},{"adult":false,"backdrop_path":"/imt6MemcODqpcbveRqxZ7AtFPnV.jpg","genre_ids":[28,12,35,53],"id":10762,"original_language":"en","original_title":"Without a Paddle","overview":"Three friends, whose lives have been drifting apart, reunite for the funeral of a fourth childhood friend. When looking through their childhood belongings, they discover a trunk which contained details on a quest their friend was attempting. It revealed that he was hot on the trail of the $200,000 that went missing with airplane hijacker D.B. Cooper in 1971. They decide to continue his journey, but do not understand the dangers they will soon encounter.","release_date":"2004-08-20","poster_path":"/oZDbFtTnTwW5GSfyaGFGaYxDBgD.jpg","popularity":0.71513,"title":"Without a Paddle","video":false,"vote_average":5.4,"vote_count":60},{"adult":false,"backdrop_path":"/rH6NsvJg5hYyRigUZhOWDiahUPV.jpg","genre_ids":[27,9648,53],"id":9877,"original_language":"en","original_title":"Urban Legend","overview":"There's a campus killer on the loose who's making urban legends, like the one about eating pop rocks and soda at the same time will make your stomach explode and the one about a psycho with an axe stepping into the backseat of your car at the gas station when not looking, into reality.","release_date":"1998-09-25","poster_path":"/2oIf0ibr0zlhuhgbOwFSHimh7P6.jpg","popularity":0.492566,"title":"Urban Legend","video":false,"vote_average":5.4,"vote_count":59},{"adult":false,"backdrop_path":"/c6fa0bNRC66nkGgQ3ijjUno8ZsF.jpg","genre_ids":[53,80,28],"id":262338,"original_language":"en","original_title":"Good People","overview":"Tom and Anna Wright, a young American couple, fall into severe debt while renovating Anna's family home in London. As the couple faces the loss of their dream to have a house and start a family, they discover that the tenant in the apartment below them is dead, and he's left behind a stash of cash—$400,000 worth. Though initially hesitant, Tom and Anna decide that the plan is simple: all they have to do is quietly take the money and use only what's necessary to get them out of debt. But when they start spending the money and can't seem to stop, they find themselves the target of a deadly adversary—the thief who stole it—and that's when very bad things start happening to good people.","release_date":"2014-09-26","poster_path":"/p1WgHQdMlae7ekJZVrZvnNOKmKa.jpg","popularity":2.690926,"title":"Good People","video":false,"vote_average":5.4,"vote_count":74}],"total_pages":180,"total_results":3596}
