{"page":177,"results":[{"adult":false,"backdrop_path":"/mRDgGqZekOFLGZOVjyIZJ727LLz.jpg","genre_ids":[12,14,18,28,35,10751],"id":9447,"original_language":"en","original_title":"Babe: Pig in the City","overview":"Babe, fresh from his victory in the sheepherding contest, returns to Farmer Hoggett's farm, but after Farmer Hoggett is injured and unable to work, Babe has to go to the big city to save the farm.","release_date":"1998-11-25","poster_path":"/yjZ3d2mKC94Lz0XGJYGRbAOrA4Q.jpg","popularity":1.641762,"title":"Babe: Pig in the City","video":false,"vote_average":4.8,"vote_count":87},{"adult":false,"backdrop_path":"/iky4GNMM9wF5OJDKmJqZwgnVV9P.jpg","genre_ids":[18,35,10749],"id":133469,"original_language":"fr","original_title":"Les seigneurs","overview":"A former footballer living in Brittany enlists his old teammates to help the local fisherman to win some games in order to raise money and save jobs.","release_date":"2012-09-24","poster_path":"/4f5A72YE866kzIZZARX1Gw5Ax4L.jpg","popularity":1.911951,"title":"The Dream Team","video":false,"vote_average":4.8,"vote_count":55},{"adult":false,"backdrop_path":"/uGICpuXLa64Pq4iTbidFU4WUUxf.jpg","genre_ids":[27],"id":80280,"original_language":"es","original_title":"[REC]³ Génesis","overview":"The action now takes place miles away from the original location and partly in broad daylight, giving the film an entirely fresh yet disturbing new reality. The infection has left the building. In a clever twist that draws together the plots of the first two movies, this third part of the saga also works as a decoder to uncover information hidden in the first two films and leaves the door open for the final installment, the future '[REC] 4 Apocalypse.'","release_date":"2012-03-30","poster_path":"/xVo5vRdq8siODzQTBCbmYaihqre.jpg","popularity":2.209364,"title":"[REC]³ Genesis","video":false,"vote_average":4.8,"vote_count":105},{"adult":false,"backdrop_path":"/x9OEMFMreThpoYOS54zKyfRAemL.jpg","genre_ids":[27],"id":71670,"original_language":"en","original_title":"Hostel: Part III","overview":"Set in Las Vegas, the film centers on a man who attends his best friend's bachelor party, unaware of an insidious agenda that plays into hunting humans.","release_date":"2011-12-27","poster_path":"/yElnsRDzujnHDHli5UuAgrCVQsT.jpg","popularity":2.45239,"title":"Hostel: Part III","video":false,"vote_average":4.8,"vote_count":64},{"adult":false,"backdrop_path":"/xUobVagqCT1bJdRZSnzhWkONYR9.jpg","genre_ids":[27,878],"id":265016,"original_language":"en","original_title":"Extraterrestrial","overview":"Five friends set out to a cabin in the woods for a fun weekend getaway—that is, until extraterrestrial visitors turn it into a fight for their lives. The group is pulled from their reverie when a flickering object crashes deep in the woods. As they investigate, the friends stumble across an alien spacecraft, and its inhabitants have not arrived in peace.","release_date":"2014-10-17","poster_path":"/9RHJFmZK2xhfd82SYajsKIpeYGL.jpg","popularity":1.683071,"title":"Extraterrestrial","video":false,"vote_average":4.8,"vote_count":66},{"adult":false,"backdrop_path":"/yYNfVE2GlIjFJRCIAgIsiaSUWnb.jpg","genre_ids":[28,18,878,53],"id":10357,"original_language":"en","original_title":"Volcano","overview":"An earthquake shatters a peaceful Los Angeles morning and opens a fissure deep into the earth, causing lava to start bubbling up. As a volcano begins forming in the La Brea Tar Pits, the director of the city's emergency management service, Mike Roark, working with geologist Amy Barnes, must then use every resource in the city to try and stop the volcano from consuming Los Angeles.","release_date":"1997-04-25","poster_path":"/zFxrGOiOddg3iVfAhGrBsIzUp3M.jpg","popularity":1.044448,"title":"Volcano","video":false,"vote_average":4.8,"vote_count":88},{"adult":false,"backdrop_path":"/9w9UtpeRPK797GzT7xQXuVRSUSj.jpg","genre_ids":[28,14,53],"id":71676,"original_language":"en","original_title":"Ghost Rider: Spirit of Vengeance","overview":"Nicolas Cage reprises his role as Johnny Blaze in Ghost Rider Spirit of Vengeance. In this gritty new vision for the character, Johnny is still struggling with his curse as the devil's bounty hunter - but he may risk everything as he teams up with the leader of a group of rebel monks (Idris Elba) to save a young boy from the devil... and possibly rid himself of his curse forever","release_date":"2011-12-10","poster_path":"/tqwWzmp5ISh64SJbNKQ9fyItnDj.jpg","popularity":3.013347,"title":"Ghost Rider: Spirit of Vengeance","video":false,"vote_average":4.7,"vote_count":506},{"adult":false,"backdrop_path":"/4aL29QaCEkYDxeiRX8VKKEVL9tM.jpg","genre_ids":[18],"id":44113,"original_language":"en","original_title":"Stone","overview":"Parole officer Jack Mabry (Robert De Niro) has only a few weeks left before retirement and wishes to finish out the cases he's been assigned. One such case is that of Gerald \"Stone\" Creeson (Edward Norton), a convicted arsonist who is up for parole. Jack is initially reluctant to indulge Stone in the coarse banter he wishes to pursue and feels little sympathy for the prisoner's pleads for an early release. Seeing little hope in convincing Jack himself, Stone arranges for his wife Lucetta (Milla Jovovich) to seduce the officer, but motives and intentions steadily blur amidst the passions and buried secrets of the corrupted players in this deadly game of deception.","release_date":"2010-10-08","poster_path":"/ybtQRLjNnqjkgq33wYxM5pJphkE.jpg","popularity":1.976306,"title":"Stone","video":false,"vote_average":4.7,"vote_count":55},{"adult":false,"backdrop_path":"/uCI4vNT4u9xOIU3pKV3qeaFcuO9.jpg","genre_ids":[27,53,18],"id":287424,"original_language":"en","original_title":"Maggie","overview":"There's a deadly zombie epidemic threatening humanity, but Wade, a small-town farmer and family man, refuses to accept defeat even when his daughter Maggie becomes infected. As Maggie's condition worsens and the authorities seek to eradicate those with the virus, Wade is pushed to the limits in an effort to protect her. Joely Richardson co-stars in this post-apocalyptic thriller.","release_date":"2015-05-08","poster_path":"/mFt7Oo3pf8f1BZAdWLyUpYM63aT.jpg","popularity":7.224697,"title":"Maggie","video":false,"vote_average":4.7,"vote_count":154},{"adult":false,"backdrop_path":"/mv6mZHb2QBMVj40nNsBA9gRT3Fa.jpg","genre_ids":[35,12],"id":17610,"original_language":"en","original_title":"Year One","overview":"When a couple of lazy hunter-gatherers are banished from their primitive village, they set off on an epic journey through the ancient world.","release_date":"2009-06-18","poster_path":"/rrxNnCsUjajdvG9WGm4ePznCqn9.jpg","popularity":1.820217,"title":"Year One","video":false,"vote_average":4.7,"vote_count":185},{"adult":false,"backdrop_path":"/xywrNUGd9TYsa2lxRMbVRd8hsom.jpg","genre_ids":[27,53],"id":23823,"original_language":"en","original_title":"Wrong Turn 3: Left for Dead","overview":"A group of people find themselves trapped in the backwoods of West Virginia, fighting for their lives against a group of vicious and horribly disfigured inbred cannibals.","release_date":"2009-01-01","poster_path":"/9J4Me7ZxiTqtF7KyFWp15j0PKqh.jpg","popularity":1.892388,"title":"Wrong Turn 3: Left for Dead","video":false,"vote_average":4.7,"vote_count":59},{"adult":false,"backdrop_path":"/6xYWDaByk82F5WXD6FW9WJYQSo8.jpg","genre_ids":[28,35],"id":11090,"original_language":"en","original_title":"The Animal","overview":"When loser Marvin Mange is involved in a horrible car accident, he's brought back to life by a deranged scientist as half man and half animal. His newfound powers are awesome -- but their adverse side effects could take over his life. Now, Marvin must fight to control his crazy primal urges around his new squeeze, Rianna, and his rival, Sgt. Sisk, who both think he's one cool cat.","release_date":"2001-06-01","poster_path":"/pY9JyFaLzTdqTui3xLTVXaElGwE.jpg","popularity":1.49556,"title":"The Animal","video":false,"vote_average":4.7,"vote_count":69},{"adult":false,"backdrop_path":"/8zIoPFNnpQ3AuqmBKhbvCQOmqcc.jpg","genre_ids":[80,18,53],"id":9879,"original_language":"en","original_title":"Striptease","overview":"Bounced from her job, Erin Grant needs money if she's to have any chance of winning back custody of her child. But, eventually, she must confront the naked truth: to take on the system, she'll have to take it all off. Erin strips to conquer, but she faces unintended circumstances when a hound dog of a Congressman zeroes in on her and sharpens the shady tools at his fingertips, including blackmail and murder.","release_date":"1996-06-28","poster_path":"/mjYQjfzAyF7YC23cx7Uug3qBupb.jpg","popularity":0.527845,"title":"Striptease","video":false,"vote_average":4.7,"vote_count":56},{"adult":false,"backdrop_path":"/qDbkMnSB1Flp0krrglNtwSZTLEg.jpg","genre_ids":[27,53],"id":93856,"original_language":"en","original_title":"Chernobyl Diaries","overview":"A group of six tourists who, looking to go off the beaten path, hire an \"extreme tour guide.\" Ignoring warnings, he takes them into the city of Pripyat, the former home to the workers of the Chernobyl nuclear reactor, but a deserted town since the disaster more than 25 years ago. After a brief exploration of the abandoned city, however, the group soon finds themselves stranded, only to discover that they are not alone.","release_date":"2012-05-24","poster_path":"/sSjARwbHdUabVJs3y1TtoCfpckx.jpg","popularity":2.161652,"title":"Chernobyl Diaries","video":false,"vote_average":4.7,"vote_count":186},{"adult":false,"backdrop_path":"/j1XyMamFu0xrAZSA3vXBKbLDVeM.jpg","genre_ids":[28,27,878,53],"id":71469,"original_language":"en","original_title":"The Darkest Hour","overview":"The story tells of a group of young people who fight to survive in Russia after an alien invasion.","release_date":"2011-12-25","poster_path":"/vRfn8Zxm4Xfssb7TFiSMDfpJEn.jpg","popularity":1.915579,"title":"The Darkest Hour","video":false,"vote_average":4.7,"vote_count":213},{"adult":false,"backdrop_path":"/euv2zu83YBRQDOjcsPy3vWkyO5n.jpg","genre_ids":[27,53],"id":125509,"original_language":"en","original_title":"Wrong Turn 5: Bloodlines","overview":"A small West Virginia town is hosting the legendary Mountain Man Festival on Halloween, where throngs of costumed party goers gather for a wild night of music and mischief. But an inbred family of hillbilly cannibals kill the fun when they trick and treat themselves to a group of visiting college students.","release_date":"2012-10-23","poster_path":"/olnVrUyoL2ntBBuipvXBecCbTBX.jpg","popularity":2.105129,"title":"Wrong Turn 5: Bloodlines","video":false,"vote_average":4.7,"vote_count":65},{"adult":false,"backdrop_path":"/gEN5vnOpcFBYQzTDO8nlEOmlNd.jpg","genre_ids":[18,27,9648,53],"id":8968,"original_language":"en","original_title":"Boogeyman","overview":"Every culture has one - the horrible monster fueling young children's nightmares. But for Tim, the Boogeyman still lives in his memories as a creature that devoured his father 16 years earlier. Is the Boogeyman real? Or did Tim make him up to explain why his father abandoned his family?","release_date":"2005-02-04","poster_path":"/uG61rNRVfBx7sHJp42wlN5yLouU.jpg","popularity":0.666443,"title":"Boogeyman","video":false,"vote_average":4.7,"vote_count":57},{"adult":false,"backdrop_path":"/rHuyKvgXGv59mzx70E3t5jzONxS.jpg","genre_ids":[28,12,35,10751],"id":10923,"original_language":"en","original_title":"Agent Cody Banks","overview":"Recruited by the U.S. government to be a special agent, nerdy teenager Cody Banks must get closer to cute classmate Natalie in order to learn about an evil plan hatched by her father. But despite the agent persona, Cody struggles with teen angst.","release_date":"2003-03-14","poster_path":"/bVw0GpAhBvnlZcySdmNvwmcHgjO.jpg","popularity":1.247215,"title":"Agent Cody Banks","video":false,"vote_average":4.7,"vote_count":79},{"adult":false,"backdrop_path":"/ki7xrOPMcFp98TTY87NO0MTrpEw.jpg","genre_ids":[18],"id":49014,"original_language":"en","original_title":"Cosmopolis","overview":"Riding across Manhattan in a stretch limo in order to get a haircut, a 28-year-old billionaire asset manager's day devolves into an odyssey with a cast of characters that start to tear his world apart.","release_date":"2012-05-25","poster_path":"/1L7Ise1Zjj2zbpbfrk7zHFiYrTt.jpg","popularity":2.278641,"title":"Cosmopolis","video":false,"vote_average":4.7,"vote_count":110},{"adult":false,"backdrop_path":"/hmZYvFGuMu5uVY7OaPYy63VboT2.jpg","genre_ids":[18,27,9648,53],"id":43552,"original_language":"en","original_title":"Vanishing on 7th Street","overview":"A mysterious, seemingly global blackout yields countless populations to simply vanish, leaving only their clothes and possessions behind. A small handful of survivors band together in a dimly-lit tavern on 7th Street, struggling to combat the apocalyptic horror. Realizing they may in fact be the last people on earth, the darkness hones in on them alone.","release_date":"2010-09-11","poster_path":"/u28Utjvana3RxQmOeBT4FTTwm12.jpg","popularity":1.872983,"title":"Vanishing on 7th Street","video":false,"vote_average":4.7,"vote_count":51}],"total_pages":180,"total_results":3596}
