{"page":126,"results":[{"adult":false,"backdrop_path":"/xCfHomVxzeAmbZlbiZbpp2igIsl.jpg","genre_ids":[28,12,53],"id":76163,"original_language":"en","original_title":"The Expendables 2","overview":"Mr. Church reunites the Expendables for what should be an easy paycheck, but when one of their men is murdered on the job, their quest for revenge puts them deep in enemy territory and up against an unexpected threat.","release_date":"2012-08-17","poster_path":"/dJPnTe1qOcO7XqsJvESFph83m6m.jpg","popularity":2.705369,"title":"The Expendables 2","video":false,"vote_average":5.9,"vote_count":1770},{"adult":false,"backdrop_path":"/jjTK7kQS0LBU8GNZlUvlRK0dR1h.jpg","genre_ids":[14,27,28,53,878],"id":19901,"original_language":"en","original_title":"Daybreakers","overview":"In the year 2019, a plague has transformed almost every human into vampires. Faced with a dwindling blood supply, the fractured dominant race plots their survival; meanwhile, a researcher works with a covert band of vampires on a way to save humankind.","release_date":"2009-10-01","poster_path":"/ilicCtkHIBb90PvTfXMeSeJ7b0o.jpg","popularity":3.826657,"title":"Daybreakers","video":false,"vote_average":5.9,"vote_count":248},{"adult":false,"backdrop_path":"/dAc3Ob868XGnAX8uOptb7HWx0In.jpg","genre_ids":[12,14,10751],"id":10140,"original_language":"en","original_title":"The Chronicles of Narnia: The Voyage of the Dawn Treader","overview":"This time around Edmund and Lucy Pevensie, along with their pesky cousin Eustace Scrubb find themselves swallowed into a painting and on to a fantastic Narnian ship headed for the very edges of the world.","release_date":"2010-12-10","poster_path":"/pRzEyrMSyvpHf92EhsVSg9Yr81t.jpg","popularity":1.302828,"title":"The Chronicles of Narnia: The Voyage of the Dawn Treader","video":false,"vote_average":5.9,"vote_count":570},{"adult":false,"backdrop_path":"/5b4rr5vhBJ3oLIUiuCbOu8W5agt.jpg","genre_ids":[12,35],"id":9896,"original_language":"en","original_title":"Rat Race","overview":"In an ensemble film about easy money, greed, manipulation and bad driving, a Las Vegas casino tycoon entertains his wealthiest high rollers -- a group that will bet on anything -- by pitting six ordinary people against each other in a wild dash for $2 million jammed into a locker hundreds of miles away. The tycoon and his wealthy friends monitor each racer's every move to keep track of their favorites. The only rule in this race is that there are no rules.","release_date":"2001-07-30","poster_path":"/3pwTkYPd1dznkar1dMiEM2XVgTo.jpg","popularity":0.847865,"title":"Rat Race","video":false,"vote_average":5.9,"vote_count":152},{"adult":false,"backdrop_path":"/rvGnXccypAbDqE237SXxDGQuGmo.jpg","genre_ids":[53],"id":244761,"original_language":"en","original_title":"The Captive","overview":"Eight years after the disappearance of Cassandra, some disturbing incidents seem to indicate that she's still alive. Police, parents and Cassandra herself, will try to unravel the mystery of her disappearance.","release_date":"2014-09-05","poster_path":"/st0ScjaFPdklKWEvAgEDxG5ibTd.jpg","popularity":4.224236,"title":"The Captive","video":false,"vote_average":5.9,"vote_count":88},{"adult":false,"backdrop_path":"/b7jIi5nqxYrJbUnr6OQrR2YPdZf.jpg","genre_ids":[18,53],"id":48289,"original_language":"en","original_title":"The Debt","overview":"Rachel Singer is a former Mossad agent who endeavored to capture and bring to trial a notorious Nazi war criminal-the Surgeon of Birkenau-in a secret Israeli mission that ended with his death on the streets of East Berlin. Now, 30 years later, a man claiming to be the doctor has surfaced, and Rachel must go back to Eastern Europe to uncover the truth. Overwhelmed by haunting memories of her younger self and her two fellow agents, the still-celebrated heroine must relive the trauma of those events and confront the debt she has incurred.","release_date":"2010-09-04","poster_path":"/mt7PIAIQg2hANBwfCKtDYjutYP1.jpg","popularity":1.744059,"title":"The Debt","video":false,"vote_average":5.9,"vote_count":86},{"adult":false,"backdrop_path":"/1WNayre36yQ2ZBNXzXksQotoK25.jpg","genre_ids":[35,16,12],"id":228165,"original_language":"en","original_title":"The SpongeBob Movie: Sponge Out of Water","overview":"Burger Beard is a pirate who is in search of the final page of a magical book that makes any evil plan he writes in it come true, which happens to be the Krabby Patty secret formula. When the entire city of Bikini Bottom is put in danger, SpongeBob, Patrick, Mr. Krabs, Squidward, Sandy, and Plankton need to go on a quest that takes them to the surface. In order to get back the recipe and save their city, the gang must retrieve the book and transform themselves into superheroes.","release_date":"2015-02-06","poster_path":"/9wChSuUoQDiBKUnGTcYMkzRha60.jpg","popularity":5.333073,"title":"The SpongeBob Movie: Sponge Out of Water","video":false,"vote_average":5.9,"vote_count":278},{"adult":false,"backdrop_path":"/six9oPIkmsYAJRQOQJlC4TWbfyi.jpg","genre_ids":[18],"id":14024,"original_language":"en","original_title":"Raise Your Voice","overview":"Raise Your Voice is a coming-of-age story centered around a small-town singer (Hilary Duff), brokenhearted by the death of her brother in a car crash,who had secretly submitted her for a summer session at a performing arts academy in Los Angeles. In the performing arts academy, she experiences a whole new way of life in the big city, far from the small town lifestyle she's used to.","release_date":"2004-08-10","poster_path":"/b1fdAQC87xpxKzfP1akrrmsDR6R.jpg","popularity":1.435272,"title":"Raise Your Voice","video":false,"vote_average":5.9,"vote_count":54},{"adult":false,"backdrop_path":"/4KWtkmddn9bu537mU2WRsmJuoBe.jpg","genre_ids":[16,35,10751],"id":10982,"original_language":"en","original_title":"Hoodwinked!","overview":"The recipes of candies of the goody shops have been stolen by the Goody Bandit, and many animals are out of business. While the police are chasing the criminal, there is a mess at Granny's house evolving Little Red Hiding Hood, The Wolf, The Woodsman and Granny, disturbing the peace in the forest and they are all arrested by the impatient Chief Grizzly.","release_date":"2005-12-16","poster_path":"/cx7CmTKBa5sgZqLp6680CdMrZc1.jpg","popularity":0.799274,"title":"Hoodwinked!","video":false,"vote_average":5.9,"vote_count":152},{"adult":false,"backdrop_path":"/cGOnS9rVOPXsyUwVUfTQP5yi3Ti.jpg","genre_ids":[53,878,18],"id":97370,"original_language":"en","original_title":"Under the Skin","overview":"Jonathan Glazer's atmospheric, visually arresting abstraction stars Scarlett Johansson as a seductive alien who prowls the streets of Glasgow in search of prey: unsuspecting men who fall under her spell, only to be consumed by a strange liquid pool.","release_date":"2014-04-04","poster_path":"/vYbCF0Hn6f4kVtOtVF3FiktiiXd.jpg","popularity":2.285177,"title":"Under the Skin","video":false,"vote_average":5.9,"vote_count":386},{"adult":false,"backdrop_path":"/4fTzk3CzU0F89CtxswZxC844WvA.jpg","genre_ids":[12,18,28,53],"id":9772,"original_language":"en","original_title":"Air Force One","overview":"Russian terrorists conspire to hijack the aircraft with the president and his family on board. The commander in chief finds himself facing an impossible predicament: give in to the terrorists and sacrifice his family, or risk everything to uphold his principles - and the integrity of the nation.","release_date":"1997-07-25","poster_path":"/zgg8psC8jvNEx5RC4NJ4c9J0KtE.jpg","popularity":1.946507,"title":"Air Force One","video":false,"vote_average":5.9,"vote_count":279},{"adult":false,"backdrop_path":"/nyzecQE4BH1nOKu8sFehKMgcaox.jpg","genre_ids":[35,18,10749],"id":8346,"original_language":"en","original_title":"My Big Fat Greek Wedding","overview":"A young Greek woman falls in love with a non-Greek and struggles to get her family to accept him while she comes to terms with her heritage and cultural identity.","release_date":"2002-02-22","poster_path":"/vqGs8K6MdMHVPMTgMhzKHBVgu0t.jpg","popularity":1.603855,"title":"My Big Fat Greek Wedding","video":false,"vote_average":5.9,"vote_count":180},{"adult":false,"backdrop_path":"/b7n6U8WtNLgmcGruGu5FCIgGYHg.jpg","genre_ids":[14,18,35,10751],"id":9598,"original_language":"en","original_title":"Babe","overview":"Babe is a little pig who doesn't quite know his place in the world. With a bunch of odd friends, like Ferdinand the duck who thinks he is a rooster and Fly the dog he calls mom, Babe realizes that he has the makings to become the greatest sheep pig of all time, and Farmer Hogget knows it. With the help of the sheep dogs Babe learns that a pig can be anything that he wants to be.","release_date":"1995-08-03","poster_path":"/gN6X3fwPya8pLffk9OEWV3DqBnE.jpg","popularity":2.546225,"title":"Babe","video":false,"vote_average":5.9,"vote_count":185},{"adult":false,"backdrop_path":"/vj3lwd1TSMY0y7TQbLBH9IF8Jtm.jpg","genre_ids":[35,14,10751],"id":9986,"original_language":"en","original_title":"Charlotte's Web","overview":"Wilbur the pig is scared of the end of the season, because he knows that come that time, he will end up on the dinner table. He hatches a plan with Charlotte, a spider that lives in his pen, to ensure that this will never happen.","release_date":"2006-12-15","poster_path":"/zmfPv26TJrMeE9ngSEpBG44uePa.jpg","popularity":0.601517,"title":"Charlotte's Web","video":false,"vote_average":5.9,"vote_count":87},{"adult":false,"backdrop_path":"/5ejNONf0Yr1CnlcJxuMBPa61DQm.jpg","genre_ids":[28,53,80,18],"id":1647,"original_language":"en","original_title":"The Recruit","overview":"A brilliant young CIA trainee is asked by his mentor to help find a mole in the Agency.","release_date":"2003-01-25","poster_path":"/hQuFWLIKUwWUWYhk6KHsBOKKeHc.jpg","popularity":1.996888,"title":"The Recruit","video":false,"vote_average":5.9,"vote_count":157},{"adult":false,"backdrop_path":"/tF32ruwlUGECw25FKVyWdIiTuxu.jpg","genre_ids":[35],"id":71552,"original_language":"en","original_title":"American Reunion","overview":"In the comedy American Reunion, all the American Pie characters we met a little more than a decade ago are returning to East Great Falls for their high-school reunion. In one long-overdue weekend, they will discover what has changed, who hasn’t and that time and distance can’t break the bonds of friendship. It was summer 1999 when four small-town Michigan boys began a quest to lose their virginity. In the years that have passed, Jim and Michelle married while Kevin and Vicky said goodbye. Oz and Heather grew apart, but Finch still longs for Stifler’s mom. Now these lifelong friends have come home as adults to reminisce about - and get inspired by - the hormonal teens who launched a comedy legend.","release_date":"2012-04-06","poster_path":"/yfOZaUh08d1YtLCtgvfRRAssrR7.jpg","popularity":1.780293,"title":"American Reunion","video":false,"vote_average":5.9,"vote_count":890},{"adult":false,"backdrop_path":"/xNbvAMx3YGcBXX9dzUIMGsbV7CR.jpg","genre_ids":[35,10749],"id":8273,"original_language":"en","original_title":"American Wedding","overview":"With high school a distant memory, Jim and Michelle are getting married -- and in a hurry, since Jim's grandmother is sick and wants to see him walk down the aisle -- prompting Stifler to throw the ultimate bachelor party. And Jim's dad is reliable as ever, doling out advice no one wants to hear.","release_date":"2003-07-24","poster_path":"/lcLuBjI3Hr12mGFKJvdMeZdf3AN.jpg","popularity":2.871012,"title":"American Wedding","video":false,"vote_average":5.9,"vote_count":366},{"adult":false,"backdrop_path":"/xBw2KrnBDBoluLzvRjzcZR7qxys.jpg","genre_ids":[35],"id":319341,"original_language":"fr","original_title":"Papa ou maman","overview":"Florence and Vincent Leroy are a model couple. They have great jobs, a perfect marriage and delightful children. And now they want their divorce to be an equal success. But when they are both simultaneously promoted to their dream jobs, their relationship becomes a nightmare. From that moment on, the gloves are off, the two exes declare war and will do everything in their power to NOT have custody of their children.","release_date":"2015-02-04","poster_path":"/k1fVx39oj1xRXsoNv1Pa2Gci0h6.jpg","popularity":1.528546,"title":"Papa ou maman","video":false,"vote_average":5.9,"vote_count":70},{"adult":false,"backdrop_path":"/b3KLrNS7Vur6TSnxJCx1K3vaLPE.jpg","genre_ids":[53],"id":136835,"original_language":"en","original_title":"No Good Deed","overview":"Terri, a devoted wife and mother of two, lives an ideal life that takes a dramatic turn when her home and children are threatened by Colin, a charming stranger who smooth-talks his way into her house, claiming car trouble. The unexpected invitation leaves her and her family terrorized and fighting for survival.","release_date":"2014-09-12","poster_path":"/x42BcGsV7gbINP3EIBdykdOZDDY.jpg","popularity":3.397001,"title":"No Good Deed","video":false,"vote_average":5.9,"vote_count":61},{"adult":false,"backdrop_path":"/c6tx2v4DCiiHqJZhGd1dq1jJpn9.jpg","genre_ids":[35,10749],"id":3563,"original_language":"en","original_title":"I Now Pronounce You Chuck & Larry","overview":"Firefighters Chuck Ford and Larry Valentine are guy's guys, loyal to the core -- which is why when widower Larry asks Chuck to pose as his gay lover so that he can get domestic partner benefits for his kids, his buddy agrees. Things get dicey, however, when a bureaucrat comes calling, and the boys are forced to present a picture of domestic bliss.","release_date":"2007-07-19","poster_path":"/9CrSPxDr7r01coqofKghYiGplAc.jpg","popularity":1.093395,"title":"I Now Pronounce You Chuck & Larry","video":false,"vote_average":5.9,"vote_count":210}],"total_pages":180,"total_results":3596}
