{"page":3,"results":[{"adult":false,"backdrop_path":"/s58uDwuyVMqgsbmnfyrbpfF147.jpg","genre_ids":[35,18],"id":3082,"original_language":"en","original_title":"Modern Times","overview":"The Tramp struggles to live in modern industrial society with the help of a young homeless woman.","release_date":"1936-02-05","poster_path":"/20BhZIINvkaiq31XKIPjNnerZzf.jpg","popularity":1.975436,"title":"Modern Times","video":false,"vote_average":7.9,"vote_count":273},{"adult":false,"backdrop_path":"/ataq3FgceLuNQy5C8xUyLnVEWz.jpg","genre_ids":[35,18,10749],"id":284,"original_language":"en","original_title":"The Apartment","overview":"Bud Baxter is a minor clerk in a huge New York insurance company, until he discovers a quick way to climb the corporate ladder. He lends out his apartment to the executives as a place to take their mistresses. Although he often has to deal with the aftermath of their visits, one night he's left with a major problem to solve.","release_date":"1960-06-15","poster_path":"/8nrQKQjD6z0SJouKHQapXzmjFc6.jpg","popularity":2.012034,"title":"The Apartment","video":false,"vote_average":7.9,"vote_count":107},{"adult":false,"backdrop_path":"/nnMC0BM6XbjIIrT4miYmMtPGcQV.jpg","genre_ids":[28,80,18,53],"id":155,"original_language":"en","original_title":"The Dark Knight","overview":"Batman raises the stakes in his war on crime. With the help of Lt. Jim Gordon and District Attorney Harvey Dent, Batman sets out to dismantle the remaining criminal organizations that plague the streets. The partnership proves to be effective, but they soon find themselves prey to a reign of chaos unleashed by a rising criminal mastermind known to the terrified citizens of Gotham as the Joker.","release_date":"2008-07-18","poster_path":"/1hRoyzDtpgMU7Dz4JF22RANzQO7.jpg","popularity":4.999722,"title":"The Dark Knight","video":false,"vote_average":7.9,"vote_count":5879},{"adult":false,"backdrop_path":"/2BXd0t9JdVqCp9sKf6kzMkr7QjB.jpg","genre_ids":[12,10751,16,28,35],"id":177572,"original_language":"en","original_title":"Big Hero 6","overview":"The special bond that develops between plus-sized inflatable robot Baymax, and prodigy Hiro Hamada, who team up with a group of friends to form a band of high-tech heroes.","release_date":"2014-11-07","poster_path":"/3zQvuSAUdC3mrx9vnSEpkFX0968.jpg","popularity":19.740337,"title":"Big Hero 6","video":false,"vote_average":7.9,"vote_count":2013},{"adult":false,"backdrop_path":"/upGM9LaHQGM2nc4RWWn4YJ7bYcz.jpg","genre_ids":[14,16,18],"id":149871,"original_language":"ja","original_title":"Kaguya Hime no Monogatari","overview":"Found inside a shining stalk of bamboo by an old bamboo cutter and his wife, a tiny girl grows rapidly into an exquisite young lady. The mysterious young princess enthralls all who encounter her - but ultimately she must confront her fate, the punishment for her crime.","release_date":"2013-11-23","poster_path":"/11Az4sMt1C9sm8atgB199Z0BsIQ.jpg","popularity":2.67536,"title":"The Tale of the Princess Kaguya","video":false,"vote_average":7.9,"vote_count":87},{"adult":false,"backdrop_path":"/4f4tWe6uhwtuKMygfIAytR2W0pj.jpg","genre_ids":[18,878,10749],"id":152601,"original_language":"en","original_title":"Her","overview":"In the not so distant future, Theodore, a lonely writer purchases a newly developed operating system designed to meet the user's every needs. To Theordore's surprise, a romantic relationship develops between him and his operating system. This unconventional love story blends science fiction and romance in a sweet tale that explores the nature of love and the ways that technology isolates and connects us all.","release_date":"2013-12-18","poster_path":"/fsoTLnUXEUTNuVCBxAJMY0HPPd.jpg","popularity":4.810848,"title":"Her","video":false,"vote_average":7.9,"vote_count":1339},{"adult":false,"backdrop_path":"/cGyqa5PxiWSsG7NSw3ufCj0JW9k.jpg","genre_ids":[14,16,12],"id":4935,"original_language":"ja","original_title":"ハウルの動く城","overview":"When Sophie, a shy young woman, is cursed with an old body by a spiteful witch, her only chance of breaking the spell lies with a self-indulgent yet insecure young wizard and his companions in his legged, walking home.","release_date":"2004-11-19","poster_path":"/iMarB2ior30OAXjPa7QIdeyUfM1.jpg","popularity":3.645812,"title":"Howl's Moving Castle","video":false,"vote_average":7.9,"vote_count":669},{"adult":false,"backdrop_path":"/jJnjivw8vAWwjkPZTpH0C8AzPTQ.jpg","genre_ids":[18],"id":406,"original_language":"fr","original_title":"La Haine","overview":"Abdel, a local hoodlum, is hospitalized after a riot, where a policeman lost his gun. His friend Vinz finds it and claims he will kill a cop if Abdel dies.","release_date":"1995-05-31","poster_path":"/mIRwt45pSrirMzOA2aplFx7EJKT.jpg","popularity":1.909525,"title":"La Haine","video":false,"vote_average":7.9,"vote_count":149},{"adult":false,"backdrop_path":"/pJA8TQ4c0X0EM4RXVYOHeSvuL3K.jpg","genre_ids":[12,18,14],"id":14784,"original_language":"en","original_title":"The Fall","overview":"In a hospital on the outskirts of 1920s Los Angeles, an injured stuntman begins to tell a fellow patient, a little girl with a broken arm, a fantastic story about 5 mythical heroes. Thanks to his fractured state of mind and her vivid imagination, the line between fiction and reality starts to blur as the tale advances.","release_date":"2006-09-09","poster_path":"/gUex3Twn97Jp8F27Op1r7OnMTFt.jpg","popularity":1.349656,"title":"The Fall","video":false,"vote_average":7.9,"vote_count":150},{"adult":false,"backdrop_path":"/8S1MXXL6YWK67qAhsDSTCoIxbte.jpg","genre_ids":[53],"id":284427,"original_language":"de","original_title":"Who Am I - Kein System ist sicher","overview":"Benjamin, a young German computer whiz, is invited to join a subversive hacker group that wants to be noticed on the world's stage.","release_date":"2014-09-25","poster_path":"/pOvTNdPmYsHXSFWSud9VIgRhLpL.jpg","popularity":3.621066,"title":"Who Am I - No System is Safe","video":false,"vote_average":7.9,"vote_count":99},{"adult":false,"backdrop_path":"/fCUIuG7y4YKC3hofZ8wsj7zhCpR.jpg","genre_ids":[16],"id":12477,"original_language":"ja","original_title":"Hotaru no haka","overview":"In the latter part of World War II, a boy and his sister, orphaned when their mother is killed in the firebombing of Tokyo, are left to survive on their own in what remains of civilian life in Japan. The plot follows this boy and his sister as they do their best to survive in the Japanese countryside, battling hunger, prejudice, and pride in their own quiet, personal battle.","release_date":"1988-04-16","poster_path":"/bwVhmPpydv8P7mWfrmL3XVw0MV5.jpg","popularity":0.00134,"title":"Grave of the Fireflies","video":false,"vote_average":7.9,"vote_count":232},{"adult":false,"backdrop_path":"/wFkv7l6iz0fgXtmS24lTNyz8tV8.jpg","genre_ids":[18,10749],"id":599,"original_language":"en","original_title":"Sunset Boulevard","overview":"A hack screenwriter writes a screenplay for a former silent-film star who has faded into Hollywood obscurity.","release_date":"1950-08-04","poster_path":"/oFwzvRgfxJc0FUr2mwYTi10dk3G.jpg","popularity":0.694453,"title":"Sunset Boulevard","video":false,"vote_average":7.9,"vote_count":104},{"adult":false,"backdrop_path":"/p2yfO8o9lpegOu3w3gXMljPGGkP.jpg","genre_ids":[16,14,10751],"id":8392,"original_language":"ja","original_title":"となりのトトロ","overview":"Two sisters move to the country with their father in order to be closer to their hospitalized mother, and discover the surrounding trees are inhabited by Totoros, magical spirits of the forest. When the youngest runs away from home, the older sister seeks help from the spirits to find her.","release_date":"1988-04-16","poster_path":"/2i0OOjvi7CqNQA6ZtYJtL65P9oZ.jpg","popularity":2.244229,"title":"My Neighbor Totoro","video":false,"vote_average":7.9,"vote_count":597},{"adult":false,"backdrop_path":"/ddo2bZttzPgbCt7Xv7FKPNBhVCF.jpg","genre_ids":[16,10751],"id":13060,"original_language":"en","original_title":"Lifted","overview":"When an overconfident teen alien gets behind the controls of a spaceship, he must attempt to abduct a slumbering farmer under the watchful eye of a critical instructor. But abducting humans requires precision and a gentle touch, and within a few missteps it's painfully clear why more humans don't go missing every year.","release_date":"2006-12-28","poster_path":"/f0w6G44wfcnWe4gu3fn75b1pksV.jpg","popularity":1.662632,"title":"Lifted","video":false,"vote_average":7.9,"vote_count":101},{"adult":false,"backdrop_path":"/w41zFKYTsq4wf5QnQJWMXuzWl2F.jpg","genre_ids":[28,18],"id":96721,"original_language":"en","original_title":"Rush","overview":"A biography of Formula 1 champion driver Niki Lauda and the 1976 crash that almost claimed his life. Mere weeks after the accident, he got behind the wheel to challenge his rival, James Hunt.","release_date":"2013-09-27","poster_path":"/cjEepHZOZAwmK6nAj5jis6HV75E.jpg","popularity":3.050144,"title":"Rush","video":false,"vote_average":7.9,"vote_count":806},{"adult":false,"backdrop_path":"/8uO0gUM8aNqYLs1OsTBQiXu0fEv.jpg","genre_ids":[18],"id":550,"original_language":"en","original_title":"Fight Club","overview":"A ticking-time-bomb insomniac and a slippery soap salesman channel primal male aggression into a shocking new form of therapy. Their concept catches on, with underground \"fight clubs\" forming in every town, until an eccentric gets in the way and ignites an out-of-control spiral toward oblivion.","release_date":"1999-10-14","poster_path":"/811DjJTon9gD6hZ8nCjSitaIXFQ.jpg","popularity":5.202737,"title":"Fight Club","video":false,"vote_average":7.9,"vote_count":3694},{"adult":false,"backdrop_path":"/ctOEhQiFIHWkiaYp7b0ibSTe5IL.jpg","genre_ids":[35,18,10749],"id":13,"original_language":"en","original_title":"Forrest Gump","overview":"A man with a low IQ has accomplished great things in his life and been present during significant historic events - in each case, far exceeding what anyone imagined he could do. Yet, despite all the things he has attained, his one true love eludes him. 'Forrest Gump' is the story of a man who rose above his challenges, and who proved that determination, courage, and love are more important than ability.","release_date":"1994-06-22","poster_path":"/y3EsNpMFwvpcucLmx4HiiRRhCXV.jpg","popularity":3.359079,"title":"Forrest Gump","video":false,"vote_average":7.9,"vote_count":2917},{"adult":false,"backdrop_path":"/4AXlsl0azR9d9xjX9tDdfAeM8lt.jpg","genre_ids":[80,18,9648,10749],"id":25376,"original_language":"es","original_title":"El Secreto de sus Ojos","overview":"A retired legal counselor writes a novel hoping to find closure for one of his past unresolved homicide cases and for his unreciprocated love with his superior - both of which still haunt him decades later.","release_date":"2009-08-13","poster_path":"/z2mUzEqDi7DtA1E4mYzVjbzXnqE.jpg","popularity":0.754641,"title":"The Secret in Their Eyes","video":false,"vote_average":7.9,"vote_count":181},{"adult":false,"backdrop_path":"/eGWc9KHURMRghR1bEj25hZNztNX.jpg","genre_ids":[80,18,9648],"id":548,"original_language":"en","original_title":"Rashômon","overview":"In ancient Japan a crime take place as told from three different travelers who have experienced the crime: a man being killed and his wife being raped. Which if any of the stories is true? A Akira Kurosawa film about morals, truth, and communication.","release_date":"1950-12-26","poster_path":"/z9hLdjaqQBADwBj90pULE9zgh3t.jpg","popularity":2.130032,"title":"Rashomon","video":false,"vote_average":7.9,"vote_count":158},{"adult":false,"backdrop_path":"/nL5wZvZjAi11kP9HSWYIdyiGhN8.jpg","genre_ids":[18,9648,10749],"id":110,"original_language":"en","original_title":"Trois couleurs : Rouge","overview":"Red This is the third film from the trilogy by Kieślowski. “Red” meaning brotherliness. Here Kieślowski masterly tells strange coincidentally linked stories in the most packed work.","release_date":"1994-05-27","poster_path":"/klFrlf8XmwmIVvy9NcPNBQMyxps.jpg","popularity":1.043879,"title":"Three Colors: Red","video":false,"vote_average":7.9,"vote_count":56}],"total_pages":180,"total_results":3596}
