{"page":104,"results":[{"adult":false,"backdrop_path":"/vknb1AHOKOia2lGaGo4orNsTSXf.jpg","genre_ids":[9648,53],"id":591,"original_language":"en","original_title":"The Da Vinci Code","overview":"When the curator of the Louvre is found murdered in the famed museum's hallowed halls, Harvard professor Robert Langdon and cryptographer Sophie Neve must untangle a deadly web of deceit involving the works of Leonardo da Vinci.","release_date":"2006-05-19","poster_path":"/e5Tlc0mNhb9TvgCZknmnd3XaaKU.jpg","popularity":1.457999,"title":"The Da Vinci Code","video":false,"vote_average":6.2,"vote_count":924},{"adult":false,"backdrop_path":"/lwI40taKaCKHK9mUeSBP2tQz8dS.jpg","genre_ids":[12,16,35,10751],"id":13053,"original_language":"en","original_title":"Bolt","overview":"Bolt is the star of the biggest show in Hollywood. The only problem is, he thinks the whole thing is real. When the super dog is accidentally shipped to New York City and separated from Penny, his beloved co-star and owner, Bolt springs into action to find his way home. Together with hilarious new sidekick Rhino, Bolt's #1 fan, and a street-smart cat named Mittens, Bolt sets off on an amazing journey where he discovers he doesn't need super powers to be a hero.","release_date":"2008-11-21","poster_path":"/k8Nsyj9BC9XKO4TqD1qt8Ks6bvc.jpg","popularity":2.712085,"title":"Bolt","video":false,"vote_average":6.2,"vote_count":693},{"adult":false,"backdrop_path":"/auoixeyRZ826phWWNp98dYwn5Fz.jpg","genre_ids":[35,18,10749],"id":9681,"original_language":"en","original_title":"Casanova","overview":"Heath Ledger plays the fabled romantic as a man who, after failing to win the affection of a particular Venetian woman, strives to discover the real meaning of love.","release_date":"2005-12-25","poster_path":"/lFP8sAJTvVrj7k2IoHhCM3PfeXk.jpg","popularity":0.328857,"title":"Casanova","video":false,"vote_average":6.2,"vote_count":53},{"adult":false,"backdrop_path":"/mWuHbFc7qVmVcpybx3ezhXLj5VO.jpg","genre_ids":[28,35,37],"id":8388,"original_language":"en","original_title":"Three Amigos","overview":"Three unemployed actors accept an invitation to a Mexican village to replay their bandit fighter roles, unaware that it is the real thing.","release_date":"1986-12-12","poster_path":"/ehCzedovkiM8CnDeuSSHlRbdfxI.jpg","popularity":0.456201,"title":"Three Amigos","video":false,"vote_average":6.2,"vote_count":82},{"adult":false,"backdrop_path":"/q98RIq2DdJragrWAM5wWOxd5Qni.jpg","genre_ids":[35],"id":16614,"original_language":"en","original_title":"Adventureland","overview":"In the summer of 1987, a college graduate takes a 'nowhere' job at his local amusement park, only to find it's the perfect course to get him prepared for the real world.","release_date":"2009-04-03","poster_path":"/hjSN69srPDuFeUkrChIgZ0Vh3i0.jpg","popularity":1.715293,"title":"Adventureland","video":false,"vote_average":6.2,"vote_count":190},{"adult":false,"backdrop_path":"/glBFNYHKkOZpKBe7Io5mjUcGekV.jpg","genre_ids":[35],"id":9718,"original_language":"en","original_title":"Talladega Nights: The Ballad of Ricky Bobby","overview":"Lifelong friends and national idols Ricky Bobby and Cal Naughton Jr. have earned their NASCAR stripes with their uncanny knack of finishing races in the first and second slots, respectively, and slinging catchphrases like \"Shake and bake!\" But when a rival French driver coasts onto the track to challenge their records, they'll have to floor it to retain their top-dog status.","release_date":"2006-08-04","poster_path":"/hi8whfL7t6cL2LITLJjzJ7UWuZA.jpg","popularity":1.992557,"title":"Talladega Nights: The Ballad of Ricky Bobby","video":false,"vote_average":6.2,"vote_count":135},{"adult":false,"backdrop_path":"/uCjCNaxLyLkcwBq4aOHOeiKKwPE.jpg","genre_ids":[35,10749,80,18,9648],"id":171274,"original_language":"en","original_title":"Inherent Vice","overview":"In Los Angeles at the turn of the 1970s, drug-fueled detective Larry \"Doc\" Sportello investigates the disappearance of an ex-girlfriend.","release_date":"2014-12-12","poster_path":"/2fCg6FORkgRLpFIKlUg4gULIn1u.jpg","popularity":6.038736,"title":"Inherent Vice","video":false,"vote_average":6.2,"vote_count":237},{"adult":false,"backdrop_path":"/kTvGzXv4lIoQAOU8hAvdZtnEqy0.jpg","genre_ids":[27,28],"id":36647,"original_language":"en","original_title":"Blade","overview":"When Blade's mother was bitten by a vampire during pregnancy, she did not know that she gave her son a special gift while dying: All the good vampire attributes in combination with the best human skills. Blade and his mentor Whistler battle an evil vampire rebel (Deacon Frost) who plans to take over the outdated vampire council, capture Blade and resurrect voracious blood god La Magra.","release_date":"1998-08-19","poster_path":"/r0RQ9ZOEZglLOeYDNJTehVTRoR6.jpg","popularity":2.915526,"title":"Blade","video":false,"vote_average":6.2,"vote_count":793},{"adult":false,"backdrop_path":"/n4wRGNrMblEywTZXnt88W54tYkU.jpg","genre_ids":[28,35,80,53],"id":5174,"original_language":"en","original_title":"Rush Hour 3","overview":"After an attempted assassination on Ambassador Han, Inspector Lee and Detective Carter are back in action as they head to Paris to protect a French woman with knowledge of the Triads' secret leaders. Lee also holds secret meetings with a United Nations authority, but his personal struggles with a Chinese criminal mastermind named Kenji, which reveals that it's Lee's long-lost...brother.","release_date":"2007-08-10","poster_path":"/qgaDWYLrnEPJpc5Lp35WbgX7GfS.jpg","popularity":1.340082,"title":"Rush Hour 3","video":false,"vote_average":6.2,"vote_count":257},{"adult":false,"backdrop_path":"/hclFyTsKRBnP5pl4IjsxHduQXMj.jpg","genre_ids":[35,18,10749],"id":4564,"original_language":"en","original_title":"Sex and the City","overview":"A New York writer on sex and love is finally getting married to her Mr. Big. But her three best girlfriends must console her after one of them inadvertently leads Mr. Big to jilt her.","release_date":"2008-05-12","poster_path":"/dG0hCVh0ScJtbn6NF7ZAA7JDCQe.jpg","popularity":2.199542,"title":"Sex and the City","video":false,"vote_average":6.2,"vote_count":141},{"adult":false,"backdrop_path":"/sqYyYcKfkgm9ZF6F58O0ZspMwnG.jpg","genre_ids":[16],"id":133121,"original_language":"en","original_title":"Biohazard: Damnation","overview":"U.S. federal agent Leon S. Kennedy sneaks into the \"East Slavic Republic\" to verify rumors that Bio-Organic Weapons (BOWs) are being used in the country's civil war, which the U.S. and Russia are making preparations to jointly intervene in. Right after his infiltration, the U.S. government orders him to leave immediately. Determined to uncover the truth, Leon ignores the order and enters the battlefield to end the chain of tragedies caused by the BOWs.","release_date":"2012-09-25","poster_path":"/hj2xHc35cEscP7oj6DqCK6IbNIC.jpg","popularity":2.709272,"title":"Resident Evil: Damnation","video":false,"vote_average":6.2,"vote_count":54},{"adult":false,"backdrop_path":"/i84FfYcljpH9FOO26PdvBWzLGRl.jpg","genre_ids":[35,10751,14],"id":2758,"original_language":"en","original_title":"Addams Family Values","overview":"Siblings Wednesday and Pugsley Addams will stop at nothing to get rid of Pubert, the new baby boy adored by parents Gomez and Morticia. Things go from bad to worse when the new \"black widow\" nanny, Debbie Jellinsky, launches her plan to add Fester to her collection of dead husbands.","release_date":"1993-11-19","poster_path":"/zEwEXGDvJ8Ou2s6XbLMPvMTX53S.jpg","popularity":1.809253,"title":"Addams Family Values","video":false,"vote_average":6.2,"vote_count":116},{"adult":false,"backdrop_path":"/2JK9IllXGo7V2PZzLmclkB5Cf8k.jpg","genre_ids":[12,14,28,10749],"id":9543,"original_language":"en","original_title":"Prince of Persia: The Sands of Time","overview":"A rogue prince (Jake Gyllenhaal) reluctantly joins forces with a mysterious princess (Gemma Arterton) and together, they race against dark forces to safeguard an ancient dagger capable of releasing the Sands of Time—a gift from the gods that can reverse time and allow its possessor to rule the world. Based on the action-adventure video game of the same name.","release_date":"2010-05-27","poster_path":"/6Je39tJKPrZ7zNacBXnk17BTTYz.jpg","popularity":2.380871,"title":"Prince of Persia: The Sands of Time","video":false,"vote_average":6.2,"vote_count":1051},{"adult":false,"backdrop_path":"/iNuvbrHGNtrUwlm48u4KnQhhMKp.jpg","genre_ids":[80,18,53],"id":26390,"original_language":"en","original_title":"Brooklyn's Finest","overview":"Brooklyn's Finest takes place within the notoriously rough Brownsville section of the city and especially within the Van Dyke housing projects in the NYPD's sixty-fifth precinct. Three policemen struggle with the sometimes fine line between right and wrong.","release_date":"2009-01-16","poster_path":"/jKSBk0LtZgXxG56uvwiAtYf6ttF.jpg","popularity":1.922838,"title":"Brooklyn's Finest","video":false,"vote_average":6.2,"vote_count":101},{"adult":false,"backdrop_path":"/s8891Ox7a5O7Gk0SbPUOY6EKiGN.jpg","genre_ids":[35,80,18],"id":177494,"original_language":"en","original_title":"Veronica Mars","overview":"Years after walking away from her past as a teenage private eye, Veronica Mars gets pulled back to her hometown - just in time for her high school reunion - in order to help her old flame Logan Echolls, who's embroiled in a murder mystery.","release_date":"2014-03-14","poster_path":"/nS3L07mQfcNJcisLEKgi8fWoBS1.jpg","popularity":1.354597,"title":"Veronica Mars","video":false,"vote_average":6.2,"vote_count":215},{"adult":false,"backdrop_path":"/e07rnOqTiVEMGTMym8W5ePkUJAN.jpg","genre_ids":[53,80,28],"id":11808,"original_language":"en","original_title":"U.S. Marshals","overview":"U.S. Marshal Sam Gerard is accompanying a plane load of convicts from Chicago to New York. The plane crashes spectacularly, and Mark Sheridan escapes. But when Diplomatic Security Agent John Royce is assigned to help Gerard recapture Sheridan, it becomes clear that Sheridan is more than just another murderer.","release_date":"1998-03-05","poster_path":"/kGBfwNyIN9AE6NGggZSPPiCKBMo.jpg","popularity":1.661518,"title":"U.S. Marshals","video":false,"vote_average":6.2,"vote_count":109},{"adult":false,"backdrop_path":"/2QNF5qs3HDQmYNTchw8Wn2nl2Vh.jpg","genre_ids":[18],"id":9044,"original_language":"en","original_title":"Tristan & Isolde","overview":"An affair between the second in line to Britain's throne (Franco) and the princess of the feuding Irish (Myles) spells doom for the young lovers.","release_date":"2006-04-07","poster_path":"/8AAh97XRGbgQnMWMJ6atwEQhJQ1.jpg","popularity":1.737964,"title":"Tristan & Isolde","video":false,"vote_average":6.2,"vote_count":65},{"adult":false,"backdrop_path":"/usLfxbW0hPIcx3Wd7dZE8gKX7Bp.jpg","genre_ids":[18,27,878,53],"id":1551,"original_language":"en","original_title":"Flatliners","overview":"Five medical students want to find out if there is life after death. They plan to stop one of their hearts for a few seconds, thus simulating death, and then bring the person back to life. A science fiction thriller from the early 1990's with a star studded cast.","release_date":"1990-08-09","poster_path":"/3CoUzgCU8kR2UCXovrvfNAjvWkI.jpg","popularity":1.678333,"title":"Flatliners","video":false,"vote_average":6.2,"vote_count":104},{"adult":false,"backdrop_path":"/svRdvBAxZe8URdfHfYq16GOYSVJ.jpg","genre_ids":[12,36,10752],"id":9477,"original_language":"en","original_title":"King Arthur","overview":"This 2004 version of the Arthurian legend is different from the traditional, as it is loosely based on the \"Sarmatian hypothesis\", formulated by C. Scott Littleton and Ann C. Thomas in 1978, which holds that the Arthurian legend has a historical nucleus in the Sarmatian heavy cavalry troops stationed in Britain, and that the Roman-British military commander Lucius Artorius Castus is the historical person behind the legend.","release_date":"2004-07-07","poster_path":"/5midPf1b8pI5xlJsNn4eQLwPNtA.jpg","popularity":1.114194,"title":"King Arthur","video":false,"vote_average":6.2,"vote_count":253},{"adult":false,"backdrop_path":"/hpZnP0w1XVAdOgWgfuglMCeMzSy.jpg","genre_ids":[18,27,9648,53],"id":2655,"original_language":"en","original_title":"What Lies Beneath","overview":"When Claire Spencer starts hearing ghostly voices and seeing spooky images, she wonders if an otherworldly spirit is trying to contact her. All the while, her husband tries to reassure her by telling her it's all in her head. But as Claire investigates, she discovers that the man she loves might know more than he's letting on.","release_date":"2000-07-21","poster_path":"/A1mrfm8LEv7L28q50ld8QI5z9Iu.jpg","popularity":0.94482,"title":"What Lies Beneath","video":false,"vote_average":6.2,"vote_count":120}],"total_pages":180,"total_results":3596}
