{"page":174,"results":[{"adult":false,"backdrop_path":"/7FS9EmjEhhpGkeq43FoYVhxXLzR.jpg","genre_ids":[35,10751],"id":13673,"original_language":"en","original_title":"Christmas with the Kranks","overview":"Luther Krank is fed up with the commerciality of Christmas; he decides to skip the holiday and go on a vacation with his wife instead. But when his daughter decides at the last minute to come home, he must put together a holiday celebration.","release_date":"2004-11-24","poster_path":"/7wF5Du5D6xLZiEfDYY2uawIAPeJ.jpg","popularity":0.703868,"title":"Christmas with the Kranks","video":false,"vote_average":5.0,"vote_count":50},{"adult":false,"backdrop_path":"/6PIQKisHu0oIvNpOGNoUHgxEJ0.jpg","genre_ids":[28,12,878],"id":9562,"original_language":"en","original_title":"Timeline","overview":"A group of archaeological students become trapped in the past when they go there to retrieve their professor. The group must survive in 14th century France long enough to be rescued.","release_date":"2003-11-26","poster_path":"/A6tzqXzlUjCOZT035zYOLqfYFSr.jpg","popularity":1.967558,"title":"Timeline","video":false,"vote_average":5.0,"vote_count":92},{"adult":false,"backdrop_path":"/9r6hn0oASpT89WDjsJ4U10Bh0Dn.jpg","genre_ids":[35],"id":11453,"original_language":"en","original_title":"Deuce Bigalow: European Gigolo","overview":"Deuce Bigalow goes to Amsterdam after a little accident including two irritating kids and a bunch of aggressive dolphins. There he meets up with his old friend T.J. Hicks. But a mysterious killer starts killing some of Amsterdam's finest gigolos and T.J. is mistaken for the extremely gay murderer. Deuce must enter the gigolo industry again to find the real murderer and clear T.J.'s name.","release_date":"2005-08-06","poster_path":"/1P8fWex0NzgtPE4cgIUDHrVSARM.jpg","popularity":1.548286,"title":"Deuce Bigalow: European Gigolo","video":false,"vote_average":5.0,"vote_count":69},{"adult":false,"backdrop_path":"/5Tpzz0jkRmVkx1M78xaf4XN1Y2D.jpg","genre_ids":[53],"id":180948,"original_language":"en","original_title":"Vehicle 19","overview":"A parolee (Paul Walker) becomes the target of a massive police manhunt after inadvertently picking up a rental car with a female whistleblower tied up in the trunk. Now, as the police attempt to silence the woman before she can testify about the city's rampant corruption, the ex-con who just regained his freedom must defend her life, and clear his own name.","release_date":"2013-06-14","poster_path":"/8rh9jEiPmWDcLMPDA3DkUt8JSqG.jpg","popularity":0.912846,"title":"Vehicle 19","video":false,"vote_average":5.0,"vote_count":143},{"adult":false,"backdrop_path":"/hAtQFystljBvSKQEinFYhxgYRl5.jpg","genre_ids":[35],"id":205724,"original_language":"en","original_title":"Welcome to the Jungle","overview":"A company retreat on a tropical island goes terribly awry.","release_date":"2013-04-27","poster_path":"/xNYexoVAHKpm7eL0op08H5RgATw.jpg","popularity":1.876561,"title":"Welcome to the Jungle","video":false,"vote_average":5.0,"vote_count":59},{"adult":false,"backdrop_path":"/rm2ORmm64TEA5wHisHgwsKsD9Hm.jpg","genre_ids":[35],"id":89899,"original_language":"fr","original_title":"Les infidèles","overview":"A series of short films set around the theme of infidelity.","release_date":"2012-02-29","poster_path":"/udrcXlDU7U0bX7ufh7w4UyhD8hD.jpg","popularity":0.670546,"title":"The Players","video":false,"vote_average":5.0,"vote_count":58},{"adult":false,"backdrop_path":"/3iDik1VJkpZbmUNNOKHlWKu3or4.jpg","genre_ids":[53,878,28,80],"id":8831,"original_language":"en","original_title":"Timecop","overview":"An officer for a security agency that regulates time travel, must fend for his life against a shady politician who has a tie to his past.","release_date":"1994-09-15","poster_path":"/jCuhVKfj0vvR7iH8D5Aa0Q1ZX8e.jpg","popularity":1.938996,"title":"Timecop","video":false,"vote_average":5.0,"vote_count":83},{"adult":false,"backdrop_path":"/v70hb94BzcmHOqMPy02n8Nw30zT.jpg","genre_ids":[35,14,10749],"id":9722,"original_language":"pt","original_title":"Bewitched","overview":"Thinking he can overshadow an unknown actress in the part, an egocentric actor unknowingly gets a witch cast in an upcoming television remake of the classic show \"Bewitched\".","release_date":"2005-06-24","poster_path":"/auUAybijSJ72XuTaPgh0EhvyJ13.jpg","popularity":1.981533,"title":"Bewitched","video":false,"vote_average":5.0,"vote_count":127},{"adult":false,"backdrop_path":"/jIm7vRTgkEq6WebPjbVCjXaMl3J.jpg","genre_ids":[35,10751,878],"id":9574,"original_language":"en","original_title":"Flubber","overview":"Professor Phillip Brainard, an absent minded professor, works with his assistant Weebo, trying to create a substance that's a new source of energy and that will save Medfield College where his sweetheart Sara is the president. He has missed his wedding twice, and on the afternoon of his third wedding, Professor Brainard creates flubber, which allows objects to fly through the air.","release_date":"1997-11-26","poster_path":"/xrbkE6g2myJPLWxNy52yL2MJJHX.jpg","popularity":2.041845,"title":"Flubber","video":false,"vote_average":5.0,"vote_count":196},{"adult":false,"backdrop_path":"/jUuyZJjjz1KQCrc3PUajrfjkZwe.jpg","genre_ids":[28,80],"id":146227,"original_language":"en","original_title":"Getaway","overview":"Former race car driver Brent Magna (Hawke) is pitted against the clock. Desperately trying to save the life of his kidnapped wife, Brent commandeers a custom Ford Shelby GT500 Super Snake, taking it and its unwitting owner (Gomez) on a high-speed race against time, at the command of the mysterious villain holding his wife hostage.","release_date":"2013-08-29","poster_path":"/5UJQhrdzxnxAumgyJMgVX9DguC6.jpg","popularity":2.260788,"title":"Getaway","video":false,"vote_average":5.0,"vote_count":102},{"adult":false,"backdrop_path":"/kwlM5NAdNSkePzPzDIgijhWAHCI.jpg","genre_ids":[14,16,28],"id":287590,"original_language":"ja","original_title":"聖闘士星矢 LEGEND of SANCTUARY","overview":"Warriors called \"Saints\" are the champions of hope who have always appeared since the Age of Myth whenever evil threatens the world. In this present day story, many years since the long fought \"Holy War\" we find Saori Kido, a girl troubled by her mysterious powers. She is saved by a boy, Seiya \"Bronze Saint\" from a sudden attack by an assassin, through the accident Saori realizes her destiny and mission and decides to go to \"Sanctuary\" with Seiya and his company of Bronze Saints. In Sanctuary they confront \"Pope\" and wage a desperate battle against the greatest Saints, the \"Gold Saints\".","release_date":"2014-06-21","poster_path":"/54eqz6OFHORtSH30L0gedCOIfBj.jpg","popularity":2.515313,"title":"Saint Seiya: Legend of Sanctuary","video":false,"vote_average":5.0,"vote_count":63},{"adult":false,"backdrop_path":"/dthg7KpdEnIC66JX1adKRgBWQYg.jpg","genre_ids":[18,28,53,80],"id":70586,"original_language":"en","original_title":"Setup","overview":"A group of friends plan out a detailed heist that turns deadly when one betrays the other by taking off with the goods. Taking matters into his own hands, Sonny seeks out his revenge teaming up with the most dangerous mob boss in town to get back what is rightfully his. When he finally comes face to face with his longtime friend he will be forced to make a life changing choice.","release_date":"2011-11-04","poster_path":"/hSE2TZqF6x46Exo6Et5aCqPWtej.jpg","popularity":2.425665,"title":"Setup","video":false,"vote_average":5.0,"vote_count":62},{"adult":false,"backdrop_path":"/2pM9eYWgdFZTbTqIcGFKNk6x7y2.jpg","genre_ids":[35],"id":23706,"original_language":"en","original_title":"All About Steve","overview":"The story centers on a brilliant crossword constructor (Bullock) who, after one short date, decides that a CNN cameraman (Cooper) is her true love. Because the cameraman's job takes him hither and yon, she crisscrosses the country, turning up at media events as she tries to convince him they are perfect for each other.","release_date":"2009-09-04","poster_path":"/Ap0Lx5mv2tvE3LL8U3VQfCNdziL.jpg","popularity":1.14176,"title":"All About Steve","video":false,"vote_average":4.9,"vote_count":111},{"adult":false,"backdrop_path":"/8zIjKVr9i8ed9XZOGA6WxyHCFUs.jpg","genre_ids":[28,12,35],"id":37931,"original_language":"en","original_title":"MacGruber","overview":"Ex-special operative MacGruber (Forte) is called back into action to take down his archenemy, Dieter Von Cunth (Kilmer), who's in possession of a nuclear warhead and bent on destroying Washington, DC.","release_date":"2010-05-21","poster_path":"/4X8eGHtYPnLUQF9l3cb0Aj6IDaU.jpg","popularity":1.786735,"title":"MacGruber","video":false,"vote_average":4.9,"vote_count":64},{"adult":false,"backdrop_path":"/z0Cl9Q0uLptRxcAhtE0MnnS6z6n.jpg","genre_ids":[53,878],"id":8645,"original_language":"en","original_title":"The Happening","overview":"When a deadly airborne virus threatens to wipe out the northeastern United States, teacher Elliott Moore (Mark Wahlberg) and his wife (Zooey Deschanel) flee from contaminated cities into the countryside in a fight to discover the truth. Is it terrorism, the accidental release of some toxic military bio weapon -- or something even more sinister? John Leguizamo and Betty Buckley co-star in this thriller from writer-director M. Night Shyamalan.","release_date":"2008-06-13","poster_path":"/c8Asvr5ORuL9NtaTGZZJsq4heDf.jpg","popularity":1.878573,"title":"The Happening","video":false,"vote_average":4.9,"vote_count":286},{"adult":false,"backdrop_path":"/aHE8y4A4mlRCQbJ5oLbPkr5iznx.jpg","genre_ids":[27,53,878],"id":50357,"original_language":"en","original_title":"Apollo 18","overview":"Officially, Apollo 17 was the last manned mission to the moon. But a year later in 1973, two American astronauts were sent on a secret mission to the moon funded by the US Department of Defense. What you are about to see is the actual footage which the astronauts captured on that mission. While NASA denies it's authenticity, others say it's the real reason we've never gone back to the moon.","release_date":"2011-07-20","poster_path":"/rbZCAQhcOXzL5ToI4GlG4OtO0eF.jpg","popularity":2.286769,"title":"Apollo 18","video":false,"vote_average":4.9,"vote_count":129},{"adult":false,"backdrop_path":"/bnACOELViX2XwXjqzC8V5TclrPY.jpg","genre_ids":[28,53],"id":241254,"original_language":"en","original_title":"The Prince","overview":"A family man who turns out to be a retired mob enforcer must travel across the country to find his daughter who has gone missing.","release_date":"2014-08-22","poster_path":"/y7jSioitJoolDvn29D0yLJLCk30.jpg","popularity":3.212973,"title":"The Prince","video":false,"vote_average":4.9,"vote_count":102},{"adult":false,"backdrop_path":"/tBWZkKMcrWdrpkOAA84FBlzE2XK.jpg","genre_ids":[12,28,53],"id":9053,"original_language":"en","original_title":"DOA: Dead or Alive","overview":"Four beautiful rivals at an invitation-only martial-arts tournament join forces against a sinister threat. Princess Kasumi (Devon Aoki) is an aristocratic warrior trained by martial-arts masters. Tina Armstrong (Jaime Pressly) is a wrestling superstar. Helena Douglas (Sarah Carter) is an athlete with a tragic past. Christie Allen (Holly Valance) earns her keep as a thief and an assassin-for-hire.","release_date":"2006-09-07","poster_path":"/uM7T7YCZX03IQWQir8laxhhiyFp.jpg","popularity":1.749709,"title":"DOA: Dead or Alive","video":false,"vote_average":4.9,"vote_count":62},{"adult":false,"backdrop_path":"/uiw9D7ud7oUsQtTFoXzTkXlc9u3.jpg","genre_ids":[28],"id":10048,"original_language":"en","original_title":"Stealth","overview":"Deeply ensconced in a top-secret military program, three pilots struggle to bring an artificial intelligence program under control ... before it initiates the next world war.","release_date":"2005-07-28","poster_path":"/tiezxIq6TJO4B09c13Z8a675dDy.jpg","popularity":1.797976,"title":"Stealth","video":false,"vote_average":4.9,"vote_count":130},{"adult":false,"backdrop_path":"/qpxYA3RrpS2AfDv1HrnFs8ke4Sr.jpg","genre_ids":[35,10751,10749,14],"id":10808,"original_language":"en","original_title":"Dr. Dolittle 2","overview":"Dr. John Dolittle the beloved doctor is back, but this time around he plays cupid to bumbling circus bear Archie as he's so smitten by a Pacific Western bear female, Ava. Dr. Dolittle must help a group of forest creatures to save their forest. But with the aid of his mangy, madcap animal friends, Dr. Dolittle must teach Archie the ways of true romance in time to save his species and his home before their habit is gone. So John held a meeting for every animal in the forest to not give up without a fight no matter what kind of animal expression they have and everyone agrees to do it and save their home.","release_date":"2001-06-22","poster_path":"/b40aGyixnOfqgeDq1jeU5qzxE5b.jpg","popularity":1.502773,"title":"Dr. Dolittle 2","video":false,"vote_average":4.9,"vote_count":95}],"total_pages":180,"total_results":3596}
