{"page":8,"results":[{"adult":false,"backdrop_path":"/FG7GyAju3lTZKpYYzpv0fmrZ3q.jpg","genre_ids":[18],"id":26280,"original_language":"fr","original_title":"J'ai tué ma mère","overview":"Hubert, a brash 17-year-old, is confused and torn by a love-hate relationship with his mother that consumes him more and more each day. After distressing ordeals and tragic episodes, Hubert will find his mother on the banks of Saint Lawrence river, where he grew up, and where a murder will be committed: the murder of childhood.","release_date":"2009-05-05","poster_path":"/cxb02CLALt9He1Dt0BIDKj9fdvM.jpg","popularity":1.646044,"title":"I Killed My Mother","video":false,"vote_average":7.7,"vote_count":61},{"adult":false,"backdrop_path":"/cN1H4fa8qylYxZAMh3XVltnB0sC.jpg","genre_ids":[18,53,80],"id":379,"original_language":"en","original_title":"Miller's Crossing","overview":"Miller’s Crossing is the Coen brothers' first successful attempt at reaching a wider audience. They illustrate an atypical Mafia story that sways away from the typical films from the genre like The Godfather or Goodfellas. Taking place during Prohibition, this film is an incredible piece of work accompanied by superb acting performances.","release_date":"1990-09-21","poster_path":"/szjELUMzo3fIVBlMTISIMfQWqJc.jpg","popularity":1.93594,"title":"Miller's Crossing","video":false,"vote_average":7.7,"vote_count":102},{"adult":false,"backdrop_path":"/xGC2fY5KFmtuXnsuQwYQKFOLZFy.jpg","genre_ids":[37],"id":429,"original_language":"it","original_title":"Il buono, il brutto, il cattivo","overview":"While the Civil War rages between the Union and the Confederacy, three men – a quiet loner, a ruthless hit man and a Mexican bandit – comb the American Southwest in search of a strongbox containing $200,000 in stolen gold.","release_date":"1966-12-23","poster_path":"/8PD1dgf0kQHtRawoSxp1jFemI1q.jpg","popularity":2.76163,"title":"The Good, the Bad and the Ugly","video":false,"vote_average":7.7,"vote_count":947},{"adult":false,"backdrop_path":"/1UVnDeeiN6IoJqgCJDfa1XTzB4N.jpg","genre_ids":[28,80,53],"id":180299,"original_language":"id","original_title":"The Raid 2: Berandal","overview":"After fighting his way through an apartment building populated by an army of dangerous criminals and escaping with his life, SWAT team member Rama goes undercover, joining a powerful Indonesian crime syndicate to protect his family and uncover corrupt members of his own force.","release_date":"2014-03-28","poster_path":"/q3ihLHxBP2TmzejiRDaWbnfARgP.jpg","popularity":2.962009,"title":"The Raid 2","video":false,"vote_average":7.7,"vote_count":330},{"adult":false,"backdrop_path":"/2R9B56wqtx8tVXu8KBE0JmYuUkL.jpg","genre_ids":[80,18,53],"id":553,"original_language":"en","original_title":"Dogville","overview":"A barren soundstage is stylishly utilized to create a minimalist small-town setting in which a mysterious woman named Grace (Nicole Kidman) hides from the criminals who pursue her. The town is two-faced and offers to harbor Grace as long as she can make it worth their effort, so Grace works hard under the employ of various townspeople to win their favor. Tensions flare, however, and Grace's status as a helpless outsider provokes vicious contempt and abuse from the citizens of Dogville.","release_date":"2003-05-19","poster_path":"/g1xLrof2RVgtHBB4fLvR5Xr8l5x.jpg","popularity":2.075229,"title":"Dogville","video":false,"vote_average":7.7,"vote_count":146},{"adult":false,"backdrop_path":"/wPRiV4TVpRCV2es81q0S1eRaUbm.jpg","genre_ids":[12,14,16,35,28,10751],"id":137106,"original_language":"en","original_title":"The Lego Movie","overview":"An ordinary Lego mini-figure, mistakenly thought to be the extraordinary MasterBuilder, is recruited to join a quest to stop an evil Lego tyrant from gluing the universe together.","release_date":"2014-02-07","poster_path":"/lMHbadNmznKs5vgBAkHxKGHulOa.jpg","popularity":5.331909,"title":"The Lego Movie","video":false,"vote_average":7.7,"vote_count":1455},{"adult":false,"backdrop_path":"/Aa6FlC0W2sljzujYtwrSTry2oVS.jpg","genre_ids":[18],"id":797,"original_language":"en","original_title":"Persona","overview":"A young nurse, Alma, is put in charge of Elisabeth Vogler: an actress who is seemingly healthy in all respects, but will not talk. As they spend time together, Alma speaks to Elisabeth constantly, never receiving any answer. Alma eventually confesses her secrets to a seemingly sympathetic Elisabeth and finds that her own personality is being submerged into Elisabeth's persona.","release_date":"1966-10-18","poster_path":"/cjAnlvCrp9ZY7atASUsxRrhve7o.jpg","popularity":1.858461,"title":"Persona","video":false,"vote_average":7.7,"vote_count":70},{"adult":false,"backdrop_path":"/hyR7Fs6Tepgu3yCQGtgO4Ilz9tY.jpg","genre_ids":[12,14],"id":57158,"original_language":"en","original_title":"The Hobbit: The Desolation of Smaug","overview":"The Dwarves, Bilbo and Gandalf have successfully escaped the Misty Mountains, and Bilbo has gained the One Ring. They all continue their journey to get their gold back from the Dragon, Smaug.","release_date":"2013-12-13","poster_path":"/gQCiuxGsfiXH1su6lp9n0nd0UeH.jpg","popularity":6.116183,"title":"The Hobbit: The Desolation of Smaug","video":false,"vote_average":7.7,"vote_count":1886},{"adult":false,"backdrop_path":"/hQGUl6rlAfUFifCLb9bukpJH42P.jpg","genre_ids":[80,18,53],"id":963,"original_language":"en","original_title":"The Maltese Falcon","overview":"Spade and Archer is the name of a San Francisco detective agency. That's for Sam Spade and Miles Archer. The two men are partners, but Sam doesn't like Miles much. A knockout, who goes by the name of Miss Wanderly, walks into their office; and by that night everything's changed. Miles is dead. And so is a man named Floyd Thursby. It seems Miss Wanderly is surrounded by dangerous men. There's Joel Cairo, who uses gardenia-scented calling cards. There's Kasper Gutman, with his enormous girth and feigned civility. Her only hope of protection comes from Sam, who is suspected by the police of one or the other murder. More murders are yet to come.","release_date":"1941-11-18","poster_path":"/95OOYSeegOX4XW8nAeFJSIdxfM4.jpg","popularity":0.410047,"title":"The Maltese Falcon","video":false,"vote_average":7.7,"vote_count":106},{"adult":false,"backdrop_path":"/dIXPijiNZ9JsMaFWD67bFwUtZdo.jpg","genre_ids":[18,9648,10402],"id":108,"original_language":"en","original_title":"Trois couleurs : Bleu","overview":"A woman struggles to find a way to live her life after the death of her husband and child.","release_date":"1993-01-10","poster_path":"/fgZygqwT2yGGOlQa747dWGDvhRF.jpg","popularity":1.656799,"title":"Three Colors: Blue","video":false,"vote_average":7.7,"vote_count":63},{"adult":false,"backdrop_path":"/3mjgFRPcGfGrA6aQFsSMgYzJAbG.jpg","genre_ids":[18],"id":207,"original_language":"en","original_title":"Dead Poets Society","overview":"At an elite, old-fashioned boarding school in New England, a passionate English teacher inspires his students to rebel against convention and seize the potential of every day, courting the disdain of the stern headmaster.","release_date":"1989-06-09","poster_path":"/3Ri2GReavqSHqWemlP6HYn8i2P9.jpg","popularity":2.385773,"title":"Dead Poets Society","video":false,"vote_average":7.6,"vote_count":552},{"adult":false,"backdrop_path":"/3bMDwodcQPJj1FzY3EdrnWSj1iW.jpg","genre_ids":[35,80,18],"id":925,"original_language":"en","original_title":"Do the Right Thing","overview":"On the hottest day of the year on a street in the Bedford-Stuyvesant section of Brooklyn, everyone's hate and bigotry smolders and builds until it explodes into violence.","release_date":"1989-06-30","poster_path":"/obNQLtdeJy3IiKnExWoWBJH8V67.jpg","popularity":1.53076,"title":"Do the Right Thing","video":false,"vote_average":7.6,"vote_count":58},{"adult":false,"backdrop_path":"/irHmdlkdJphmk4HPfyAQfklKMbY.jpg","genre_ids":[16,12,10751],"id":109445,"original_language":"en","original_title":"Frozen","overview":"Young princess Anna of Arendelle dreams about finding true love at her sister Elsa’s coronation. Fate takes her on a dangerous journey in an attempt to end the eternal winter that has fallen over the kingdom. She's accompanied by ice delivery man Kristoff, his reindeer Sven, and snowman Olaf. On an adventure where she will find out what friendship, courage, family, and true love really means.","release_date":"2013-11-27","poster_path":"/jIjdFXKUNtdf1bwqMrhearpyjMj.jpg","popularity":8.094785,"title":"Frozen","video":false,"vote_average":7.6,"vote_count":2026},{"adult":false,"backdrop_path":"/s2oijODraFSK98X691iXUIOYULl.jpg","genre_ids":[10749,18],"id":61979,"original_language":"es","original_title":"Tres metros sobre el cielo","overview":"Story of two young people who belong to different worlds. It is the chronicle of a love improbable, almost impossible but inevitable dragging in a frantic journey they discover the first great love. Babi (Maria Valverde) is a girl from upper-middle class that is educated in goodness and innocence . Hache (Mario Casas) is a rebellious boy, impulsive, unconscious, has a appetite for risk and danger embodied in endless fights and illegal motorbike races, the limit of common sense","release_date":"2010-12-03","poster_path":"/2VvVlD8YDhn0dlRpi7XJRcl8lt0.jpg","popularity":2.484976,"title":"Three Steps Above Heaven","video":false,"vote_average":7.6,"vote_count":107},{"adult":false,"backdrop_path":"/tVi83ttAeyMJinYpy6xfgJSpzvP.jpg","genre_ids":[18,10749],"id":11216,"original_language":"en","original_title":"Nuovo cinema Paradiso","overview":"A filmmaker recalls his childhood, when he fell in love with the movies at his village's theater and formed a deep friendship with the theater's projectionist.","release_date":"1988-11-17","poster_path":"/hYzCLju3W74nLhhRXfPkwDi1Tun.jpg","popularity":1.229943,"title":"Cinema Paradiso","video":false,"vote_average":7.6,"vote_count":267},{"adult":false,"backdrop_path":"/qdTTCAt35taHlFeeKZwBXLuJ5z7.jpg","genre_ids":[35,80,18],"id":9277,"original_language":"en","original_title":"The Sting","overview":"Set in the 1930's this intricate caper deals with an ambitious small-time crook and a veteran con man who seek revenge on a vicious crime lord who murdered one of their gang.","release_date":"1973-12-25","poster_path":"/mQaM8fDQdFWwCTFp0TZG8fChlZ5.jpg","popularity":0.948394,"title":"The Sting","video":false,"vote_average":7.6,"vote_count":161},{"adult":false,"backdrop_path":"/eb8EqwtFWVoujlbU8CmaEYc1qE5.jpg","genre_ids":[80,18,9648],"id":595,"original_language":"en","original_title":"To Kill a Mockingbird","overview":"To Kill A Mockingbird is the film adaptation of the classic book by Harper Lee. The film tells the story of a child in a small American town in the 1930’s where color prejudice, racial hatred, and taking the law into your own hands were everyday events. Gregory Peck would receive an Oscar for his excellent portrayal of a single father named Atticus Finch.","release_date":"1962-12-25","poster_path":"/gQg6sPYfNTUlf8wEtydzWl09RyR.jpg","popularity":2.349565,"title":"To Kill a Mockingbird","video":false,"vote_average":7.6,"vote_count":133},{"adult":false,"backdrop_path":"/ts4j3zYaPzdUVF3ijBeBdGVDWjX.jpg","genre_ids":[80,18,53],"id":242582,"original_language":"en","original_title":"Nightcrawler","overview":"A driven young man (Gyllenhaal) stumbles upon the underground world of L.A. freelance crime journalism.  When Lou Bloom, desperate for work, muscles into the world of L.A. crime journalism, he blurs the line between observer and participant to become the star of his own story. Aiding him in his effort is Nina, a TV-news veteran.","release_date":"2014-10-31","poster_path":"/fukWJhLISH7f6cnYSdgb0JrSP2Q.jpg","popularity":10.861088,"title":"Nightcrawler","video":false,"vote_average":7.6,"vote_count":1075},{"adult":false,"backdrop_path":"/eUl2KzzfmsEkLeGdvIv07uxyeir.jpg","genre_ids":[28,12,16,14],"id":303857,"original_language":"ja","original_title":"劇場版　ドラゴンボールZ　復活のF","overview":"One peaceful day on Earth, two remnants of Frieza's army named Sorbet and Tagoma arrive searching for the Dragon Balls with the aim of reviving Frieza. They succeed, and Frieza subsequently seeks revenge on the Saiyans.","release_date":"2015-04-18","poster_path":"/u6PlZWWDMzRNIEg35PHJfkPbWAH.jpg","popularity":2.346476,"title":"Dragon Ball Z: Resurrection 'F'","video":false,"vote_average":7.6,"vote_count":84},{"adult":false,"backdrop_path":"/bvJOpyHYWACDusvQvXxKEHFNjce.jpg","genre_ids":[12,28,878],"id":1892,"original_language":"en","original_title":"Star Wars: Episode VI - Return of the Jedi","overview":"As Rebel leaders map their strategy for an all-out attack on the Emperor's newer, bigger Death Star. Han Solo remains frozen in the cavernous desert fortress of Jabba the Hutt, the most loathsome outlaw in the universe, who is also keeping Princess Leia as a slave girl. Now a master of the Force, Luke Skywalker rescues his friends, but he cannot become a true Jedi Knight until he wages his own crucial battle against Darth Vader, who has sworn to win Luke over to the dark side of the Force.","release_date":"1983-05-25","poster_path":"/jx5p0aHlbPXqe3AH9G15NvmWaqQ.jpg","popularity":5.369062,"title":"Star Wars: Episode VI - Return of the Jedi","video":false,"vote_average":7.6,"vote_count":2008}],"total_pages":180,"total_results":3596}
