{"page":125,"results":[{"adult":false,"backdrop_path":"/eiET76GO3xECOic1rL8VcTLuy3L.jpg","genre_ids":[10751,12,14],"id":2454,"original_language":"en","original_title":"The Chronicles of Narnia: Prince Caspian","overview":"One year after their incredible adventures in the Lion, the Witch and the Wardrobe, Peter, Edmund, Lucy and Susan Pevensie return to Narnia to aid a young prince whose life has been threatened by the evil King Miraz. Now, with the help of a colorful cast of new characters, including Trufflehunter the badger and Nikabrik the dwarf, the Pevensie clan embarks on an incredible quest to ensure that Narnia is returned to its rightful heir.","release_date":"2008-05-16","poster_path":"/kSSyzqw9C4wUggicG4D81XmptR1.jpg","popularity":2.940747,"title":"The Chronicles of Narnia: Prince Caspian","video":false,"vote_average":6.0,"vote_count":498},{"adult":false,"backdrop_path":"/oGUObqtNSE8VxFxP0y7He6t5jtX.jpg","genre_ids":[37,18,80,10749],"id":152748,"original_language":"en","original_title":"Ain't Them Bodies Saints","overview":"The tale of an outlaw who escapes from prison and sets out across the Texas hills to reunite with his wife and the daughter he has never met.","release_date":"2013-08-16","poster_path":"/l55xYXNXWHikLN1fX19gJjD91kB.jpg","popularity":2.002947,"title":"Ain't Them Bodies Saints","video":false,"vote_average":6.0,"vote_count":52},{"adult":false,"backdrop_path":"/gP9C1wmbF2CV4SZkPbVvfawRuTv.jpg","genre_ids":[18,28,36,10752],"id":12100,"original_language":"en","original_title":"Windtalkers","overview":"Joe Enders is a gung-ho Marine assigned to protect a \"windtalker\" - one of several Navajo Indians who were used to relay messages during World War II because their spoken language was indecipherable to Japanese code breakers.","release_date":"2002-06-14","poster_path":"/siWpVZlD3pahKXNnV9M52yCMZJG.jpg","popularity":2.064659,"title":"Windtalkers","video":false,"vote_average":6.0,"vote_count":121},{"adult":false,"backdrop_path":"/jwV0wmhEqHGxM5nrOPO0ifQug56.jpg","genre_ids":[35,10749],"id":6557,"original_language":"en","original_title":"27 Dresses","overview":"After serving as a bridesmaid 27 times, a young woman wrestles with the idea of standing by her sister's side as her sibling marries the man she's secretly in love with.","release_date":"2008-01-10","poster_path":"/ausIGc4Mm7eHCRaqI197EmWWv7Q.jpg","popularity":3.114225,"title":"27 Dresses","video":false,"vote_average":6.0,"vote_count":300},{"adult":false,"backdrop_path":"/is3I5v8FwLiEWxaksfN8D4MLNGH.jpg","genre_ids":[18,9648,10749],"id":2057,"original_language":"en","original_title":"Original Sin","overview":"A young man is plunged into a life of subterfuge, deceit and mistaken identity in pursuit of a femme fatale whose heart is never quite within his grasp","release_date":"2001-08-03","poster_path":"/i8FEQy5IWAqOzXm4uDHy2r3Swym.jpg","popularity":0.73622,"title":"Original Sin","video":false,"vote_average":6.0,"vote_count":60},{"adult":false,"backdrop_path":"/3KiBuEKLBAQSyBbWbYXiKK0RXDS.jpg","genre_ids":[53,35,80],"id":244458,"original_language":"en","original_title":"The Voices","overview":"A mentally unhinged factory worker must decide whether to listen to his talking cat and become a killer, or follow his dog's advice to keep striving for normalcy.","release_date":"2014-01-19","poster_path":"/lmnPpYkSFsuAxnO6WJhQOlVZCA0.jpg","popularity":2.1474,"title":"The Voices","video":false,"vote_average":5.9,"vote_count":138},{"adult":false,"backdrop_path":"/5SSu3K3YFOn0ed478R1ZfsZ6hqc.jpg","genre_ids":[28,12,878,53],"id":435,"original_language":"en","original_title":"The Day After Tomorrow","overview":"After years of unabated global warming, the greenhouse effect is wreaking havoc all over the globe in the form of catastrophic hurricanes, tornadoes, tidal waves, floods and, most ominously, the beginning of the next Ice Age. Paleoclimatologist Jack Hall tries to save the world while also shepherding to safety his son Sam, who was in New York when the city was overwhelmed by the beginnings of the new big freeze.","release_date":"2004-05-24","poster_path":"/pRmpaFjtegy8PnUvSBDyT9dm7c.jpg","popularity":3.187793,"title":"The Day After Tomorrow","video":false,"vote_average":5.9,"vote_count":842},{"adult":false,"backdrop_path":"/8HqSxB9VLJkbRXRdlocbLq9wxwY.jpg","genre_ids":[18,16,12],"id":123,"original_language":"en","original_title":"The Lord of the Rings","overview":"An animated fantasy film from 1978 based on the first half of J.R.R Tolkien’s Lord of the Rings novel. The film was mainly filmed using rotoscoping, meaning it was filmed in live action sequences with real actors and then each frame was individually animated.","release_date":"1978-11-15","poster_path":"/1l3WpoF7TX9pOprX4XepCXjQXUV.jpg","popularity":1.632266,"title":"The Lord of the Rings","video":false,"vote_average":5.9,"vote_count":54},{"adult":false,"backdrop_path":"/4CRg1Pw8CNNPSKK8SK5QJvcNyf3.jpg","genre_ids":[18,27,53],"id":11804,"original_language":"en","original_title":"White Noise","overview":"An architect's desire to speak with his wife from beyond the grave using EVP (Electronic Voice Phenomenon), becomes an obsession with supernatural repercussions.","release_date":"2005-01-07","poster_path":"/jilH5XTvUdF8vCo4aCWscctGG7V.jpg","popularity":0.816379,"title":"White Noise","video":false,"vote_average":5.9,"vote_count":63},{"adult":false,"backdrop_path":"/ktyIKbX1UHJQkqYOTz9LTcrlhXG.jpg","genre_ids":[28,80,53],"id":9679,"original_language":"en","original_title":"Gone In Sixty Seconds","overview":"Upon learning that he has to come out of retirement to steal 50 cars in one night to save his brother Kip's life, former car thief Randall \"Memphis\" Raines enlists help from a few \"boost happy\" pals to accomplish a seemingly impossible feat. From countless car chases to relentless cops, the high-octane excitement builds as Randall swerves around more than a few roadblocks to keep Kip alive.","release_date":"2000-06-04","poster_path":"/nb2TRrlSdgi8wZAxTHdhsN0yMJw.jpg","popularity":1.531774,"title":"Gone In Sixty Seconds","video":false,"vote_average":5.9,"vote_count":710},{"adult":false,"backdrop_path":"/ywuB4HikdBkW2AVFTY6eCcO8M60.jpg","genre_ids":[10770,10751,10402],"id":177888,"original_language":"en","original_title":"Teen Beach Movie","overview":"Cowabunga! Catch a perfect wave of fun in the sun, splashed with excitement, surprises and budding romance. Life's a beach for surfers Brady (Ross Lynch) and McKenzie (Maia Mitchell) – until a rogue wave magically transports them inside the classic '60s beach party flick, \"Wet Side Story,\" where a full-blown rivalry between bikers and surfers threatens to erupt. There, amidst a sea of surfing, singing and dancing, Brady and Mack accidentally change the storyline, and the film’s dreamy hero and heroine fall for them instead of for each other! Can our heroes get the plot back on track, or will they be trapped there forever? Overflowing with hilarious comedy and high-energy musical numbers, \"Teen Beach Movie\" makes it an endless summer all year long!","release_date":"2013-07-19","poster_path":"/vPdz4rk4TzfihH9w72VcGaQCDNq.jpg","popularity":1.563058,"title":"Teen Beach Movie","video":false,"vote_average":5.9,"vote_count":97},{"adult":false,"backdrop_path":"/kMQHV8A0jOl4eRkBFP7dy6Jt5Gv.jpg","genre_ids":[16,35,10751],"id":175574,"original_language":"en","original_title":"Free Birds","overview":"In this irreverent, hilarious, adventurous buddy comedy for audiences of all ages, directed by Jimmy Hayward (Horton Hears a Who!), two turkeys from opposite sides of the tracks must put aside their differences and team up to travel back in time to change the course of history - and get turkey off the holiday menu for good.","release_date":"2013-11-01","poster_path":"/c5Gwex2oQPaMkgZPTzhdkMMSrwW.jpg","popularity":2.414582,"title":"Free Birds","video":false,"vote_average":5.9,"vote_count":113},{"adult":false,"backdrop_path":"/jk5al2dckPNLf22flMs2JZ6nru4.jpg","genre_ids":[53],"id":75638,"original_language":"it","original_title":"Red Lights","overview":"Two investigators of paranormal hoaxes, the veteran Dr. Margaret Matheson and her young assistant, Tom Buckley, study the most varied metaphysical phenomena with the aim of proving their fraudulent origins. Simon Silver, a legendary blind psychic, reappears after an enigmatic absence of 30 years to become the greatest international challenge to both orthodox science and professional sceptics. Tom starts to develop an intense obsession with Silver, whose magnetism becomes stronger with each new manifestation of inexplicable events. As Tom gets closer to Silver, tension mounts, and his worldview is threatened to its core.","release_date":"2012-07-12","poster_path":"/iiNGtxUhO2oDeCci7E6OF7OEASk.jpg","popularity":1.964533,"title":"Red Lights","video":false,"vote_average":5.9,"vote_count":113},{"adult":false,"backdrop_path":"/lFUvdqHYFwumtDsM9fdbzSE1Rqe.jpg","genre_ids":[27,9648,53],"id":13515,"original_language":"en","original_title":"Mirrors","overview":"An ex-cop and his family are the target of an evil force that is using mirrors as a gateway into their home.","release_date":"2008-08-15","poster_path":"/h0Lf0PoLqvcDDpWhvCpiLGSREmp.jpg","popularity":0.617514,"title":"Mirrors","video":false,"vote_average":6.0,"vote_count":112},{"adult":false,"backdrop_path":"/4ms5L2HzxEeGOYKWzjcbLz9rvNx.jpg","genre_ids":[35,10751],"id":13680,"original_language":"en","original_title":"The Game Plan","overview":"NFL quarterback Joe Kingman was living the bachelor lifestyle when one day he discovers that he has a 8-year-old daughter from a previous relationship.","release_date":"2007-09-28","poster_path":"/v16hfzkZJj1Cs3kgNr9OLKWOlMT.jpg","popularity":1.237417,"title":"The Game Plan","video":false,"vote_average":5.9,"vote_count":128},{"adult":false,"backdrop_path":"/A82GPC0XeoZMBWDYTe4Dba32cme.jpg","genre_ids":[18,53],"id":44982,"original_language":"en","original_title":"13","overview":"A naive young man assumes a dead man's identity and finds himself embroiled in an underground world of power, violence, and chance where men gamble behind closed doors on the lives of other men.","release_date":"2010-03-12","poster_path":"/8w54aZ5hLX18gqs37MIdBmyIFMN.jpg","popularity":2.199878,"title":"13","video":false,"vote_average":5.9,"vote_count":85},{"adult":false,"backdrop_path":"/47KqyhPlKVdsudOKXKeJaJ6KoV5.jpg","genre_ids":[28,18,53],"id":74998,"original_language":"en","original_title":"Seeking Justice","overview":"After his wife is assaulted, a husband enlists the services of a vigilante group to help him settle the score.","release_date":"2011-09-02","poster_path":"/3AeuQK8y8j0hEzSxc9vioruY0ko.jpg","popularity":1.270426,"title":"Seeking Justice","video":false,"vote_average":5.9,"vote_count":110},{"adult":false,"backdrop_path":"/cuTt0S1Pl04HYrIYFIfF8JK8Ce1.jpg","genre_ids":[27,878,53],"id":145135,"original_language":"en","original_title":"Dark Skies","overview":"From the producers of Paranormal Activity, Insidious, and Sinister comes Dark Skies: a supernatural thriller that follows a young family living in the suburbs. As husband and wife Daniel and Lacey Barret witness an escalating series of disturbing events involving their family, their safe and peaceful home quickly unravels. When it becomes clear that the Barret family is being targeted by an unimaginably terrifying and deadly force, Daniel and Lacey take matters in their own hands to solve the mystery of what is after their family.","release_date":"2013-02-21","poster_path":"/kaqkurs0iDCJGmJBBa6DRGacfA8.jpg","popularity":1.172282,"title":"Dark Skies","video":false,"vote_average":5.9,"vote_count":261},{"adult":false,"backdrop_path":"/3x59nJ0umJAh0NWk9F8heCJt9nk.jpg","genre_ids":[10749,12,18],"id":5689,"original_language":"en","original_title":"The Blue Lagoon","overview":"Two small children and a ship's cook survive a shipwreck and find safety on an idyllic tropical island. Soon, however, the cook dies and the young boy and girl are left on their own. Days become years and Emmeline (Brooke Shields) and Richard (Christopher Atkins) make a home for themselves surrounded by exotic creatures and nature's beauty. But will they ever see civilization again?","release_date":"1980-07-05","poster_path":"/6zmAK0Ormo2xQh0K4FYPAnsKYc0.jpg","popularity":2.101562,"title":"The Blue Lagoon","video":false,"vote_average":5.9,"vote_count":75},{"adult":false,"backdrop_path":"/oVV6z4Tqbklvy2uQAPAKZGokqzS.jpg","genre_ids":[28,27,878],"id":8077,"original_language":"en","original_title":"Alien³","overview":"After escaping with Newt and Hicks from the alien planet, Ripley crash lands on Fiorina 161, a prison planet and host to a correctional facility. Unfortunately, although Newt and Hicks do not survive the crash, a more unwelcome visitor does. The prison does not allow weapons of any kind, and with aid being a long time away, the prisoners must simply survive in any way they can.","release_date":"1992-05-22","poster_path":"/vz1vBw17F0x42bhziHdYRJC9uCv.jpg","popularity":3.030862,"title":"Alien³","video":false,"vote_average":5.9,"vote_count":549}],"total_pages":180,"total_results":3596}
