{"page":81,"results":[{"adult":false,"backdrop_path":"/hBfzloLznfN0FWLfheSEObyicqs.jpg","genre_ids":[53,27],"id":10664,"original_language":"es","original_title":"[REC]²","overview":"The action continues from [REC], with the medical officer and a SWAT team outfitted with video cameras are sent into the sealed off apartment to control the situation.","release_date":"2009-09-15","poster_path":"/5TtMZGiZCM1JLtogK5Xj8UaKQSn.jpg","popularity":2.298689,"title":"[REC]²","video":false,"vote_average":6.4,"vote_count":148},{"adult":false,"backdrop_path":"/1J6s0TW6nhfjwoffzDL98Synw5H.jpg","genre_ids":[10749,35],"id":55721,"original_language":"en","original_title":"Bridesmaids","overview":"Annie’s life is a mess. But when she finds out her lifetime best friend is engaged, she simply must serve as Lillian’s maid of honor. Though lovelorn and broke, Annie bluffs her way through the expensive and bizarre rituals. With one chance to get it perfect, she’ll show Lillian and her bridesmaids just how far you’ll go for someone you love.","release_date":"2011-04-28","poster_path":"/x5ucaJZ4FP589Gn3I8l3ZFV3Nl8.jpg","popularity":3.433788,"title":"Bridesmaids","video":false,"vote_average":6.4,"vote_count":506},{"adult":false,"backdrop_path":"/oLi1vkLqaaonbO5SLuRhcXdkpt5.jpg","genre_ids":[16,18,10751],"id":3170,"original_language":"en","original_title":"Bambi","overview":"The animated story of Bambi, a young deer hailed as the 'Prince of the Forest' at his birth. As Bambi grows, he makes friends with the other animals of the forest, learns the skills needed to survive, and even finds love. One day, however, the hunters come, and Bambi must learn to be as brave as his father if he is to lead the other deer to safety.","release_date":"1942-08-12","poster_path":"/laABfcpEKweQsaZwCWzmGNUpij9.jpg","popularity":3.034797,"title":"Bambi","video":false,"vote_average":6.4,"vote_count":389},{"adult":false,"backdrop_path":"/6WytIKEnAT6FX2xffQc4wo6WXcS.jpg","genre_ids":[35],"id":1281,"original_language":"en","original_title":"Bean","overview":"Bean works as a caretaker at Britain's formidable Royal National Gallery, and his bosses want to fire him because he sleeps at work all the time, but can't because the chairman of the gallery's board defends him. They send him to USA, to the small Los Angeles art gallery instead, where he'll have to officiate at the opening of the greatest US picture ever (called \"Whistler's Mother\").","release_date":"1997-08-01","poster_path":"/36B69cweS9xaeQRj0qA4jnaGM6l.jpg","popularity":2.640486,"title":"Bean","video":false,"vote_average":6.4,"vote_count":147},{"adult":false,"backdrop_path":"/rPVPJga5BTKK1cpeaChJeUh5ZMK.jpg","genre_ids":[18,53],"id":50839,"original_language":"en","original_title":"Margin Call","overview":"A thriller that revolves around the key people at a investment bank over a 24-hour period during the early stages of the financial crisis.","release_date":"2011-09-28","poster_path":"/h4Cv588VpNpO9twXsdorhz6K8t1.jpg","popularity":1.318418,"title":"Margin Call","video":false,"vote_average":6.4,"vote_count":170},{"adult":false,"backdrop_path":"/nfAeL5txnyRlxNwU9tIx9y9jxLP.jpg","genre_ids":[18,53,878],"id":43933,"original_language":"en","original_title":"Monsters","overview":"Six years ago NASA discovered the possibility of alien life within our solar system. A probe was launched to collect samples, but crashed upon re-entry over Central America. Soon after, new life forms began to appear and half of Mexico was quarantined as an infected zone. Today, the American and Mexican military still struggle to contain \"the creatures,\" while a journalist agrees to escort a shaken tourist through the infected zone in Mexico to the safety of the U.S. border.","release_date":"2010-06-18","poster_path":"/fMpauUPt2ldsiEoZxG1olPFksfZ.jpg","popularity":2.335397,"title":"Monsters","video":false,"vote_average":6.4,"vote_count":157},{"adult":false,"backdrop_path":"/vb9ypjVwBKnxQaCGEkduSdJv0Hx.jpg","genre_ids":[12,16,18,10751],"id":10530,"original_language":"en","original_title":"Pocahontas","overview":"History comes gloriously to life in Disney's epic animated tale about love and adventure in the New World. Pocahontas is a Native American woman whose father has arranged for her to marry her village's best warrior. But a vision tells her change is coming, and soon she comes face to face with it in the form of Capt. John Smith.","release_date":"1995-06-14","poster_path":"/cmK0GIn2TdcmuVlyAkK6maoHSmH.jpg","popularity":2.853285,"title":"Pocahontas","video":false,"vote_average":6.4,"vote_count":400},{"adult":false,"backdrop_path":"/dQq32z4XmYIiK406tZhMhfxmnr.jpg","genre_ids":[53],"id":158011,"original_language":"en","original_title":"The Call","overview":"Jordan Turner (Halle Berry) is an experienced 911 operator but when she makes an error in judgment and a call ends badly, Jordan is rattled and unsure if she can continue. But then teenager Casey Welson (Abigail Breslin) is abducted in the back of a man's car and calls 911. And Jordan is the one called upon to use all of her experience, insights and quick thinking to help Casey escape, and not just to save Casey, but to make sure the man is brought to justice.","release_date":"2013-03-14","poster_path":"/ekKVxnKeHEQiBznaEnj0VmK28bc.jpg","popularity":2.79259,"title":"The Call","video":false,"vote_average":6.4,"vote_count":720},{"adult":false,"backdrop_path":"/rma1Rc12ogaCuqlu3e9rU1ma6My.jpg","genre_ids":[16,10751],"id":10895,"original_language":"en","original_title":"Pinocchio","overview":"Lonely toymaker Geppetto has his wishes answered when the Blue Fairy arrives to bring his wooden puppet Pinocchio to life. Before becoming a real boy, however, Pinocchio must prove he's worthy as he sets off on an adventure with his whistling sidekick and conscience, Jiminy Cricket. From Stromboli's circus to Pleasure Island, Pinocchio is tested by many temptations, but slowly learns how to navigate right from wrong. With a few mishaps along the way, Geppetto's \"little woodenhead\" finally gets it right, proving that when you wish upon a star dreams really can come true!","release_date":"1940-02-07","poster_path":"/eAIJ1RRQRlaeUy2sdxKcRRNBMjC.jpg","popularity":2.928571,"title":"Pinocchio","video":false,"vote_average":6.4,"vote_count":363},{"adult":false,"backdrop_path":"/2M7cOIHvoUS81JNO91FY7TViYUz.jpg","genre_ids":[18,53],"id":38363,"original_language":"en","original_title":"Fair Game","overview":"Wife and mother Valerie Plame (Naomi Watts) has a double life as a CIA operative, hiding her vocation from family and friends. Her husband, Joseph Wilson (Sean Penn), writes a controversial article in The New York Times, refuting stories about the sale of enriched uranium to Iraq, Then Valerie's secret work and identity is leaked to the press. With her cover blown and other people endangered, Valerie's career and personal life begin to unravel.","release_date":"2010-05-20","poster_path":"/yE8uba2FkmFagMpeNNoo0cPyJ7D.jpg","popularity":1.881052,"title":"Fair Game","video":false,"vote_average":6.4,"vote_count":65},{"adult":false,"backdrop_path":"/bj1ZF5vj23N8pFIGlG2f7IPTtpf.jpg","genre_ids":[12,18,10752],"id":9952,"original_language":"en","original_title":"Rescue Dawn","overview":"A US Fighter pilot's epic struggle of survival after being shot down on a mission over Laos during the Vietnam War.","release_date":"2006-09-09","poster_path":"/sNQ1drGljoZ0PpCJoKYtIDiNQ61.jpg","popularity":1.683745,"title":"Rescue Dawn","video":false,"vote_average":6.4,"vote_count":79},{"adult":false,"backdrop_path":"/fX6o5DCdGVEEZ1OT1IourOUkQMb.jpg","genre_ids":[16,35,10751,37,12],"id":44896,"original_language":"en","original_title":"Rango","overview":"When Rango, a lost family pet, accidentally winds up in the gritty, gun-slinging town of Dirt, the less-than-courageous lizard suddenly finds he stands out. Welcomed as the last hope the town has been waiting for, new Sheriff Rango is forced to play his new role to the hilt.","release_date":"2011-03-03","poster_path":"/dQ6JElhTmauGWAyxu1k1uPrxupr.jpg","popularity":2.672012,"title":"Rango","video":false,"vote_average":6.4,"vote_count":936},{"adult":false,"backdrop_path":"/sLN6saWOKfZ0SQ7o8WHQnJUXgOL.jpg","genre_ids":[12,14,16,878,10751],"id":12599,"original_language":"ja","original_title":"劇場版ポケットモンスター 幻のポケモン ルギア爆誕","overview":"Ash Ketchum must put his skill to the test when he attempts to save the world from destruction. The Greedy Pokemon collector Lawrence III throws the universe into chaos after disrupting the balance of nature by capturing one of the Pokemon birds that rule the elements of fire, lightning and ice. Will Ash have what it takes to save the world?","release_date":"1999-07-17","poster_path":"/jrwTeoEHCmFEr0J9HENdPAR3dEq.jpg","popularity":1.426827,"title":"Pokémon: The Movie 2000","video":false,"vote_average":6.4,"vote_count":57},{"adult":false,"backdrop_path":"/9hR9RTe8olTuM5ZLd2sIOa2KVqN.jpg","genre_ids":[10749,35],"id":286554,"original_language":"en","original_title":"Two Night Stand","overview":"After an extremely regrettable one night stand, two strangers wake up to find themselves snowed in after sleeping through a blizzard that put all of Manhattan on ice. They're now trapped together in a tiny apartment, forced to get to know each other way more than any one night stand should.","release_date":"2014-09-26","poster_path":"/787egmKPQvpL7GiUze7AlkoQB1B.jpg","popularity":3.856182,"title":"Two Night Stand","video":false,"vote_average":6.4,"vote_count":192},{"adult":false,"backdrop_path":"/llVClV0i94ELiR9dO47fJkPwbq6.jpg","genre_ids":[28,12,18,37],"id":11967,"original_language":"en","original_title":"Young Guns","overview":"A group of young gunmen, led by Billy the Kid, become deputies to avenge the murder of the rancher who became their benefactor. But when Billy takes their authority too far, they become the hunted.","release_date":"1988-08-12","poster_path":"/wkGbwWHIM23BkmMBm7GQHaCZan8.jpg","popularity":1.840287,"title":"Young Guns","video":false,"vote_average":6.4,"vote_count":84},{"adult":false,"backdrop_path":"/sxoszo9dKm77ItG1jB2WOEhbQDN.jpg","genre_ids":[35],"id":209403,"original_language":"en","original_title":"Bad Words","overview":"A misanthropic man sets out to exact revenge on his estranged father, by finding a loophole and attempting to win the National Spelling Bee as an adult. Figuring it would destroy his father, and everything he's worked so hard for as head of the Spelling Bee Championship Organization, Guy Trilby (Jason Bateman) eventually discovers winning isn't necessary for revenge, and that friendship is a blessing not a curse.","release_date":"2013-09-06","poster_path":"/cEnpV3XLvgTp3eVXhY2eyQKZk4r.jpg","popularity":2.057091,"title":"Bad Words","video":false,"vote_average":6.4,"vote_count":147},{"adult":false,"backdrop_path":"/xKVE8ZsNUBBI0sE4Vpv8yv6DsPZ.jpg","genre_ids":[16,28],"id":126963,"original_language":"ja","original_title":"ドラゴンボールZ 神と神","overview":"The events of Battle of Gods take place some years after the battle with Majin Buu, which determined the fate of the entire universe. Wiss, the God of Creation, along with Bills, the God of Destruction, are tasked with maintaining some sort of balance in the universe. After awakening from a long slumber, Bills is visited by Wiss and he learns that the galactic overlord Frieza has been defeated by a Super Saiyan from the North Quadrant of the universe named Goku, who is also a former student of the North Kai. Ecstatic over the new challenge, Goku ignores King Kai's advice and battles Bills, but he is easily overwhelmed and defeated. Bills leaves, but his eerie remark of \"Is there nobody on Earth more worthy to destroy?\" lingers on. Now it is up to the heroes to stop the God of Destruction before all is lost.","release_date":"2013-03-30","poster_path":"/xI5LlCzSkp8iFSbmla0Dh4iT5ie.jpg","popularity":2.450274,"title":"Dragon Ball Z: Battle of Gods","video":false,"vote_average":6.4,"vote_count":139},{"adult":false,"backdrop_path":"/jeza4YlzwJXCALXNdmnjiR7A7sj.jpg","genre_ids":[18,36,10752],"id":3683,"original_language":"en","original_title":"Flags of Our Fathers","overview":"There were five Marines and one Navy Corpsman photographed raising the U.S. flag on Mt. Suribachi by Joe Rosenthal on February 23, 1945. \"Flags of Our Fathers\" is the story of three of the six surviving servicemen, John \"Doc\" Bradley (Ryan Phillippe), Pvt. Rene Gagnon (Jesse Bradford), and Pvt. Ira Hayes (Adam Beach), who fought in the battle to take Iwo Jima.  \"Flags of Our Fathers\" is the American viewpoint of Eastwood's diptych on the battle of Iwo Jima, the other being \"Letters From Iwo Jima\", which tells the same story from the Japanse point of view.","release_date":"2006-10-19","poster_path":"/qmOMjEyxrZ91EM469GWPazAoPax.jpg","popularity":1.247668,"title":"Flags of Our Fathers","video":false,"vote_average":6.4,"vote_count":173},{"adult":false,"backdrop_path":"/bqzJsag3BAx1d6GkS3lthC2XCga.jpg","genre_ids":[12,16,10751],"id":14411,"original_language":"en","original_title":"Sinbad: Legend of the Seven Seas","overview":"The sailor of legend is framed by the goddess Eris for the theft of the Book of Peace, and must travel to her realm at the end of the world to retrieve it and save the life of his childhood friend Prince Proteus.","release_date":"2003-07-02","poster_path":"/6LELf4ZzVBJwR9mNq86Mf5QVERS.jpg","popularity":0.789054,"title":"Sinbad: Legend of the Seven Seas","video":false,"vote_average":6.4,"vote_count":80},{"adult":false,"backdrop_path":"/ySHh5IwZjrGDHLM5cgB6KcVfCGm.jpg","genre_ids":[9648,35,80],"id":62046,"original_language":"en","original_title":"Flypaper","overview":"A man caught in the middle of two simultaneous robberies at a bank desperately tries to protect the teller with whom he's secretly in love.","release_date":"2011-08-19","poster_path":"/czpYP8p0HBXNL3cIsGFMd0a9rSu.jpg","popularity":2.040521,"title":"Flypaper","video":false,"vote_average":6.4,"vote_count":86}],"total_pages":180,"total_results":3596}
