{"page":98,"results":[{"adult":false,"backdrop_path":"/aqX5vRs8BOKhyQOozktrKBuiPXN.jpg","genre_ids":[35,9648],"id":512,"original_language":"en","original_title":"Scoop","overview":"An American journalism student in London scoops a big story, and begins an affair with an aristocrat as the incident unfurls.","release_date":"2006-07-27","poster_path":"/mRRSxsCnJriz3geocV4i6Lm0nox.jpg","popularity":1.616979,"title":"Scoop","video":false,"vote_average":6.3,"vote_count":90},{"adult":false,"backdrop_path":"/AtLHKulhe6VTsnU3pe4i0As5zOb.jpg","genre_ids":[53,9648],"id":29917,"original_language":"en","original_title":"Exam","overview":"The final candidates for a highly desirable corporate job are locked together in an exam room and given a test so simple and confusing that tension begins to unravel.","release_date":"2009-06-19","poster_path":"/2MLOMNKejfX3L1PVB2ZdxYOmf3A.jpg","popularity":2.177549,"title":"Exam","video":false,"vote_average":6.3,"vote_count":125},{"adult":false,"backdrop_path":"/7MLSFmRbDCZpybBKccWpTOPQns5.jpg","genre_ids":[12,35,10749],"id":11418,"original_language":"en","original_title":"National Lampoon’s European Vacation","overview":"The Griswalds win a vacation to Europe on a game show, and thus pack their bags for the continent. They do their best to catch the flavor of Europe, but they just don't know how to be be good tourists. Besides, they have trouble taking holidays in countries where they CAN speak the language.","release_date":"1985-07-25","poster_path":"/QbyzCI54hvCIwt1SQEsq7a6rp8.jpg","popularity":1.296481,"title":"National Lampoon’s European Vacation","video":false,"vote_average":6.3,"vote_count":51},{"adult":false,"backdrop_path":"/zGP9UgLsMUZUlZwR2s6wUk0Qgp5.jpg","genre_ids":[53,28,18],"id":4349,"original_language":"en","original_title":"The Kingdom","overview":"A team of U.S. government agents is sent to investigate the bombing of an American facility in the Middle East.","release_date":"2007-08-22","poster_path":"/83eJJlHscLsi9DHsqsyk1hIXL83.jpg","popularity":2.661851,"title":"The Kingdom","video":false,"vote_average":6.3,"vote_count":204},{"adult":false,"backdrop_path":"/kHG4oDfKXvGrpIgysDGqEKL6XfC.jpg","genre_ids":[18,14,27,53],"id":149509,"original_language":"en","original_title":"Horns","overview":"In the aftermath of his girlfriend's mysterious death, a young man awakens to strange horns sprouting from his temples.","release_date":"2013-09-06","poster_path":"/632JG1wY6pGVxZxF5NaO5piNeFe.jpg","popularity":1.834568,"title":"Horns","video":false,"vote_average":6.3,"vote_count":262},{"adult":false,"backdrop_path":"/nA7a6uJkrkNEa77043GThE7BgPu.jpg","genre_ids":[35,10749],"id":10201,"original_language":"en","original_title":"Yes Man","overview":"Carl Allen has stumbled across a way to shake free of post-divorce blues and a dead-end job: embrace life and say yes to everything.","release_date":"2008-12-19","poster_path":"/zqSqnHb045TN8Lzt2X4IVy8dfAW.jpg","popularity":2.764006,"title":"Yes Man","video":false,"vote_average":6.3,"vote_count":523},{"adult":false,"backdrop_path":"/dsvabsyvozyeVLQBnWd5GtXuzGP.jpg","genre_ids":[18,9648,878,53],"id":8338,"original_language":"en","original_title":"Blindness","overview":"When a sudden plague of blindness devastates a city, a small group of the afflicted band together to triumphantly overcome the horrific conditions of their imposed quarantine.","release_date":"2008-09-12","poster_path":"/AqWG6z1P2CBrRkgEqMKoNsqC0em.jpg","popularity":1.774313,"title":"Blindness","video":false,"vote_average":6.3,"vote_count":93},{"adult":false,"backdrop_path":"/hWEaHxO6mcT9ifMFTVHzikLVpq9.jpg","genre_ids":[27,53],"id":10585,"original_language":"en","original_title":"Child's Play","overview":"A single mother gives her son a beloved doll for his birthday, only to discover that it is possessed with the soul of a serial killer.","release_date":"1988-11-08","poster_path":"/dSX9i2buibfyKFRpK2kOe6rtl5R.jpg","popularity":2.39696,"title":"Child's Play","video":false,"vote_average":6.3,"vote_count":130},{"adult":false,"backdrop_path":"/qGaTWV4nJRREsPqmfKaFpvPiSd0.jpg","genre_ids":[27,53],"id":21407,"original_language":"en","original_title":"The Collector","overview":"Desperate to repay his debt to his ex-wife, an ex-con plots a heist at his new employer's country home, unaware that a second criminal has also targeted the property, and rigged it with a series of deadly traps.","release_date":"2009-07-09","poster_path":"/zJrfUPrt9HhsZhDKjjarivGh7pT.jpg","popularity":2.071222,"title":"The Collector","video":false,"vote_average":6.3,"vote_count":103},{"adult":false,"backdrop_path":"/6UPlIYKxZqUR6Xbpgu1JKG0J7UC.jpg","genre_ids":[27,28,18,14,10752],"id":49017,"original_language":"en","original_title":"Dracula Untold","overview":"Vlad Tepes is a great hero, but when he learns the Sultan is preparing for battle and needs to form an army of 1,000 boys, including Vlad's son, he vows to find a way to protect his family. Vlad turns to dark forces in order to get the power to destroy his enemies and agrees to go from hero to monster as he's turned into the mythological vampire Dracula.","release_date":"2014-10-03","poster_path":"/4oy4e0DP6LRwRszfx8NY8EYBj8V.jpg","popularity":9.298957,"title":"Dracula Untold","video":false,"vote_average":6.3,"vote_count":1007},{"adult":false,"backdrop_path":"/wjaifhJRyN33uP7uqQPqancqGBL.jpg","genre_ids":[53,80,18],"id":13150,"original_language":"en","original_title":"Pride and Glory","overview":"A saga centered on a multi-generational family of New York City Police officers. The family's moral codes are tested when Ray Tierney, investigates a case that reveals an incendiary police corruption scandal involving his own brother-in-law. For Ray, the truth is revelatory, a Pandora's Box that threatens to upend not only the Tierney legacy but the entire NYPD.","release_date":"2008-09-09","poster_path":"/uHMPqBVR0lP6kGgF6TPcK7uD3eX.jpg","popularity":2.019846,"title":"Pride and Glory","video":false,"vote_average":6.3,"vote_count":70},{"adult":false,"backdrop_path":"/73QE77hOalLxUiheYJrk9XwHL4h.jpg","genre_ids":[28,53],"id":7555,"original_language":"en","original_title":"Rambo","overview":"When governments fail to act on behalf of captive missionaries, ex-Green Beret John James Rambo sets aside his peaceful existence along the Salween River in a war-torn region of Thailand to take action.  Although he's still haunted by violent memories of his time as a U.S. soldier during the Vietnam War, Rambo can hardly turn his back on the aid workers who so desperately need his help.","release_date":"2008-01-24","poster_path":"/bNBbHrZApudCoxHMqMu8yCeBmMw.jpg","popularity":2.736737,"title":"Rambo","video":false,"vote_average":6.3,"vote_count":324},{"adult":false,"backdrop_path":"/yogIqTNfrDIybDQTGPDawi409PD.jpg","genre_ids":[18],"id":87502,"original_language":"en","original_title":"Flight","overview":"Commercial airline pilot Whip Whitaker has a problem with drugs and alcohol, though so far he's managed to complete his flights safely. His luck runs out when a disastrous mechanical malfunction sends his plane hurtling toward the ground. Whip pulls off a miraculous crash-landing that results in only six lives lost. Shaken to the core, Whip vows to get sober -- but when the crash investigation exposes his addiction, he finds himself in an even worse situation.","release_date":"2012-11-02","poster_path":"/8XEbkjgorAm9xk15mF63jqJ4ByV.jpg","popularity":1.655739,"title":"Flight","video":false,"vote_average":6.3,"vote_count":1474},{"adult":false,"backdrop_path":"/ukXHOtgta5Dt9eWSmNLHpB1wKi6.jpg","genre_ids":[28,12,80,9648,53],"id":34813,"original_language":"en","original_title":"The Losers","overview":"A tale of double cross and revenge, centered upon the members of an elite U.S. Special Forces unit sent into the Bolivian jungle on a search and destroy mission. The team-Clay, Jensen, Roque, Pooch and Cougar -find themselves the target of a lethal betrayal instigated from inside by a powerful enemy known only as Max. Presumed dead, the group makes plans to even the score when they're joined by the mysterious Aisha, a beautiful operative with her own agenda. Working together, they must remain deep undercover while tracking the heavily-guarded Max, a ruthless man bent on embroiling the world in a new high-tech global war.","release_date":"2010-04-23","poster_path":"/e67D7pMpWoo1ckY2QQaKYxhvVuy.jpg","popularity":2.357457,"title":"The Losers","video":false,"vote_average":6.3,"vote_count":186},{"adult":false,"backdrop_path":"/jft2L1Jhe9xhKhB5uYBzYIjGXkw.jpg","genre_ids":[12,16,35,14,10751],"id":12222,"original_language":"en","original_title":"Horton Hears a Who!","overview":"One day, Horton the elephant hears a cry from help coming from a speck of dust. Even though he can't see anyone on the speck, he decides to help it. As it turns out, the speck of dust is home to the Whos, who live in their city of Whoville. Horton agrees to help protect the Whos and their home","release_date":"2008-03-03","poster_path":"/cYc2MbsXsDbMcf3tZDSiuNLn7kn.jpg","popularity":1.628148,"title":"Horton Hears a Who!","video":false,"vote_average":6.3,"vote_count":327},{"adult":false,"backdrop_path":"/htNeKbkSBubGrdmPPg8lFZjSUdH.jpg","genre_ids":[28,53,10752],"id":75674,"original_language":"en","original_title":"Act of Valor","overview":"Go \"down range\" with real, active duty Navy SEALs in this adrenaline-fueled action-adventure that inserts you into the heart of the battle, alongside America's best and bravest. When a covert mission to rescue a kidnapped CIA operative uncovers a chilling plot, an elite, highly trained U.S. SEAL team speeds to hotspots around the globe, racing against the clock to stop a deadly terrorist attack.","release_date":"2012-02-24","poster_path":"/rD7zSU8OVAcYg92nB19qIc7spiw.jpg","popularity":2.604649,"title":"Act of Valor","video":false,"vote_average":6.3,"vote_count":235},{"adult":false,"backdrop_path":"/Sd1dZccAaaVQeFebPePfKyv6uJ.jpg","genre_ids":[12,14,35,10751],"id":11774,"original_language":"en","original_title":"Lemony Snicket's A Series of Unfortunate Events","overview":"Three wealthy children's parents are killed in a fire. When they are sent to a distant relative, they find out that he is plotting to kill them and seize their fortune.","release_date":"2004-12-17","poster_path":"/dHQMAj9E2G2ewjN1aCOPubsZaj1.jpg","popularity":2.181692,"title":"Lemony Snicket's A Series of Unfortunate Events","video":false,"vote_average":6.3,"vote_count":338},{"adult":false,"backdrop_path":"/dhivLxSN9zHloFqpN3QesdBUdkx.jpg","genre_ids":[35],"id":69798,"original_language":"en","original_title":"The Inbetweeners Movie","overview":"High school graduation just wouldn’t be complete without an un-chaperoned, uninhibited and unforgettable final holiday. At least that’s what Will, Jay, Simon and Neil think when they book a two-week stay on an exotic Greek island. As their dreams of sun-drenched days and booze-filled nights are left hopelessly unfulfilled, the lads fight their way into the party scene with hilariously humiliating results in this smash hit UK raunchy comedy.","release_date":"2011-08-19","poster_path":"/705cX3NvfegQUCPNhSqeIZanYDj.jpg","popularity":0.806589,"title":"The Inbetweeners Movie","video":false,"vote_average":6.3,"vote_count":114},{"adult":false,"backdrop_path":"/nUTwBFGGA3Exz0VnWQSWpamFF8a.jpg","genre_ids":[18,28,53,80],"id":13291,"original_language":"en","original_title":"Traitor","overview":"When straight arrow FBI agent Roy Clayton heads up the investigation into a dangerous international conspiracy, all clues seem to lead back to former U.S. Special Operations officer, Samir Horn.","release_date":"2008-08-23","poster_path":"/euLk9RxsPHfpyWUHzTDNY6Dksch.jpg","popularity":2.29732,"title":"Traitor","video":false,"vote_average":6.3,"vote_count":59},{"adult":false,"backdrop_path":"/9a3lNFkZbOoQwSRhEDAOfzasi3o.jpg","genre_ids":[28,12,18,53],"id":11358,"original_language":"fr","original_title":"Walking Tall","overview":"A former U.S. soldier returns to his hometown to find it overrun by crime and corruption, which prompts him to clean house.","release_date":"2004-04-02","poster_path":"/mgYJjfWiuL2jPbypv1ICnd9JSCs.jpg","popularity":1.426443,"title":"Walking Tall","video":false,"vote_average":6.3,"vote_count":124}],"total_pages":180,"total_results":3596}
