{"page":180,"results":[{"adult":false,"backdrop_path":"/kx9hVXtX8iSbbCwCbuUovbKrWyH.jpg","genre_ids":[28,12,53],"id":11667,"original_language":"en","original_title":"Street Fighter","overview":"Col. Guile and various other martial arts heroes fight against the tyranny of Dictator M. Bison and his cohorts.","release_date":"1994-12-22","poster_path":"/271l3Gs2Abis6JLQWaMNRjpCFV4.jpg","popularity":2.040269,"title":"Street Fighter","video":false,"vote_average":4.1,"vote_count":96},{"adult":false,"backdrop_path":"/u14b6vdFieOm9OXGa49c7n5gmQS.jpg","genre_ids":[28,12,18,14],"id":2312,"original_language":"en","original_title":"In the Name of the King: A Dungeon Siege Tale","overview":"A man named Farmer sets out to rescue his kidnapped wife and avenge the death of his son -- two acts committed by the Krugs, a race of animal-warriors who are controlled by the evil Gallian.","release_date":"2007-11-29","poster_path":"/bV18YaqIQh0aeOWnfkOvD0iqfUJ.jpg","popularity":1.039046,"title":"In the Name of the King: A Dungeon Siege Tale","video":false,"vote_average":4.1,"vote_count":83},{"adult":false,"backdrop_path":"/uih89zQNhmywCQw8a61nZpoHGPL.jpg","genre_ids":[28,27,37],"id":46429,"original_language":"en","original_title":"Gallowwalkers","overview":"When a nun broke her covenant with God to save the life of Aman, her unborn son, he was cursed for life. As an adult, Aman (Snipes) has killed those who have crossed him. But his curse brings his victims back to life, and as the undead, they pursue him endlessly for revenge. Forever suffering this curse, Aman enlists Fabulos (Smith), a young gunman, to fight by his side against his undead victims.","release_date":"2012-10-27","poster_path":"/1FKOhUUdkXlh7g9jiU0jl7suP9p.jpg","popularity":2.169541,"title":"Gallowwalkers","video":false,"vote_average":4.1,"vote_count":89},{"adult":false,"backdrop_path":"/zZySRjSEulrcX3V0jD78mdVXB9t.jpg","genre_ids":[10751,14,12,35],"id":9607,"original_language":"en","original_title":"Super Mario bros.","overview":"Mario and Luigi, plumbers from Brooklyn, find themselves in an alternate universe where evolved dinosaurs live in hi-tech squalor. They're the only hope to save our universe from invasion by the dino dictator, Koopa.","release_date":"1993-05-27","poster_path":"/bmv7fmcBFzjnJvirfAdZm75qERY.jpg","popularity":1.475429,"title":"Super Mario Bros.","video":false,"vote_average":4.1,"vote_count":60},{"adult":false,"backdrop_path":"/ka8gyslJtjmnZ8Xk7YyoYwgo2ud.jpg","genre_ids":[28,14,878],"id":9823,"original_language":"en","original_title":"Mortal Kombat: Annihilation","overview":"A group of heroic warriors has only six days to save the planet in \"Mortal Kombat Annihilation.\" To succeed they must survive the most spectacular series of challenges any human, or god, has ever encountered as they battle an evil warlord bent on taking control of Earth. Sequel to the film \"Mortal Kombat,\" and based on the popular video game.","release_date":"1997-11-21","poster_path":"/rV6gISHgfmppOJ41UNFlAvNg9ZI.jpg","popularity":1.972124,"title":"Mortal Kombat: Annihilation","video":false,"vote_average":4.1,"vote_count":60},{"adult":false,"backdrop_path":"/sXFad2FfZGyAoD97omqEs4q1VI7.jpg","genre_ids":[53,878,28,12],"id":307663,"original_language":"en","original_title":"Vice","overview":"Julian Michaels (Bruce Willis) has designed the ultimate resort: VICE, where anything goes and the customers can play out their wildest fantasies with artificial inhabitants who look, think and feel like humans. When an artificial (Ambyr Childers) becomes self-aware and escapes, she finds herself caught in the crossfire between Julian's mercenaries and a cop (Thomas Jane) who is hell-bent on shutting down Vice, and stopping the violence once and for all.","release_date":"2015-01-16","poster_path":"/bBhYuiSxZClVlaz2kT73oT31fcp.jpg","popularity":4.874782,"title":"Vice","video":false,"vote_average":4.1,"vote_count":95},{"adult":false,"backdrop_path":"/xgrjj3Mx3knqaX8GLLY0Vcv7sdg.jpg","genre_ids":[35,10749],"id":2830,"original_language":"en","original_title":"My Boss's Daughter","overview":"When a young man agrees to housesit for his boss, he thinks it'll be the perfect opportunity to get close to the woman he desperately has a crush on - his boss's daughter. But he doesn't plan on the long line of other houseguests that try to keep him from his mission. And he also has to deal with the daughter's older brother, who's on the run from local drug dealers","release_date":"2003-08-21","poster_path":"/du7joY11DJZeXXph7FwkJ3uo7om.jpg","popularity":0.346453,"title":"My Boss's Daughter","video":false,"vote_average":4.1,"vote_count":50},{"adult":false,"backdrop_path":"/oUZn1QXB7FTqMBnM7GdqK5PFNzn.jpg","genre_ids":[28,878,53],"id":218043,"original_language":"en","original_title":"Left Behind","overview":"A small group of survivors are left behind after millions of people suddenly vanish during the rapture and the world is plunged into chaos and destruction.","release_date":"2014-10-03","poster_path":"/lWf8po2lGleVuzRB4lpHavVT1Lv.jpg","popularity":2.870036,"title":"Left Behind","video":false,"vote_average":3.9,"vote_count":134},{"adult":false,"backdrop_path":"/elCm3CYwflEV6EaZdyf9zgS699i.jpg","genre_ids":[12,27,28,878],"id":10304,"original_language":"en","original_title":"Starship Troopers 2: Hero of the Federation","overview":"In the sequel to Paul Verhoeven's loved/reviled sci-fi film, a group of troopers taking refuge in an abandoned outpost after fighting alien bugs, failing to realize that more danger lays in wait.","release_date":"2004-04-24","poster_path":"/xoQpKbnmGPuZub5NAPQq18hDEWA.jpg","popularity":2.544762,"title":"Starship Troopers 2: Hero of the Federation","video":false,"vote_average":3.9,"vote_count":56},{"adult":false,"backdrop_path":"/m6ZOpe4JMLRpey5tzC3iy3EiBWP.jpg","genre_ids":[14,35,10751,12],"id":10214,"original_language":"en","original_title":"Son of the Mask","overview":"Tim Avery, an aspiring cartoonist, finds himself in a predicament when his dog stumbles upon the mask of Loki. Then after conceiving an infant son \"born of the mask\", he discovers just how looney child raising can be.","release_date":"2005-02-18","poster_path":"/cfeJP0D3SSbtB6Hz3jxFcnbiLM4.jpg","popularity":1.549268,"title":"Son of the Mask","video":false,"vote_average":3.9,"vote_count":77},{"adult":false,"backdrop_path":"/nQ5Is9ZfFNMk7cRophov7ISPkrA.jpg","genre_ids":[27],"id":205321,"original_language":"en","original_title":"Sharknado","overview":"A freak hurricane hits Los Angeles, causing man-eating sharks to be scooped up in tornadoes and flooding the city with shark-infested seawater. Surfer and bar-owner Fin sets out with his friends Baz and Nova to rescue his estranged wife April and teenage daughter Claudia","release_date":"2013-07-11","poster_path":"/fhjfcjNBY8FcyxR8hRZ2H19zN6Z.jpg","popularity":1.656874,"title":"Sharknado","video":false,"vote_average":3.9,"vote_count":199},{"adult":false,"backdrop_path":"/ySH9Jusrh4zKeQf05Ue0W4lqx3U.jpg","genre_ids":[12,53],"id":580,"original_language":"en","original_title":"Jaws: The Revenge","overview":"After another deadly shark attack, Ellen Brody decides she has had enough of New England's Amity Island and moves to the Caribbean to join her son, Michael, and his family. But a great white shark has followed her there, hungry for more lives.","release_date":"1987-07-17","poster_path":"/ssDizT0itTUaAdHoVrxRElo7Q1A.jpg","popularity":1.991057,"title":"Jaws: The Revenge","video":false,"vote_average":3.7,"vote_count":53},{"adult":false,"backdrop_path":"/z2wrnvyIt0SXqrWJnysUFUYDFyx.jpg","genre_ids":[28,12,35],"id":9760,"original_language":"en","original_title":"Epic Movie","overview":"When Edward, Peter, Lucy and Susan each follow their own path, they end up finding themselves at Willy's Chocolate factory. Walking through a wardrobe, they discover the world of Gnarnia, which is ruled by the White Bitch. Meeting up with characters such as Harry Potter and Captain Jack Swallows, the newly reunited family must team up with Aslo, a wise-but-horny lion to stop the white bitch's army","release_date":"2007-01-26","poster_path":"/iIiWxUQvqoBTclNpqedp3h0zQui.jpg","popularity":1.951211,"title":"Epic Movie","video":false,"vote_average":3.6,"vote_count":87},{"adult":false,"backdrop_path":"/rskyc6jadodyM1619SE7TIVdSYB.jpg","genre_ids":[28,35],"id":13805,"original_language":"en","original_title":"Disaster Movie","overview":"In DISASTER MOVIE, the filmmaking team behind the hits \"Scary Movie,\" \"Date Movie,\" \"Epic Movie\" and \"Meet The Spartans\" this time puts its unique, inimitable stamp on one of the biggest and most bloated movie genres of all time -- the disaster film.","release_date":"2008-08-29","poster_path":"/6xBrOsf8RtHem3diXDGFsiKltYz.jpg","popularity":0.346205,"title":"Disaster Movie","video":false,"vote_average":3.4,"vote_count":66},{"adult":false,"backdrop_path":"/whfRBkEMlY3wdRsMNv9hDz5afJu.jpg","genre_ids":[28,12,14,878,53],"id":14164,"original_language":"en","original_title":"Dragonball Evolution","overview":"The young warrior Son Goku sets out on a quest, racing against time and the vengeful King Piccolo, to collect a set of seven magical orbs that will grant their wielder unlimited power.","release_date":"2009-04-01","poster_path":"/yERkcVylXAcTCi8f0qrba4rmWwg.jpg","popularity":2.63773,"title":"Dragonball Evolution","video":false,"vote_average":3.3,"vote_count":151},{"adult":false,"backdrop_path":"/rwGraYoF5i9NIcbQMBxh7UTAi2z.jpg","genre_ids":[878,10752],"id":5491,"original_language":"fr","original_title":"Battlefield Earth","overview":"In the year 3000, man is no match for the Psychlo's, a greedy, manipulative race of aliens on a quest for ultimate profit. Led by the powerful Terl, the Psychlo's are stripping Earth clean of its natural resources, using the broken remnants of humanity as slaves. What is left of the human race has descended into a near primitive state. After being captured, it is up to Tyler to save mankind.","release_date":"2000-05-10","poster_path":"/iKXAoormYwNDdnKUJpxHTBdvw05.jpg","popularity":0.776011,"title":"Battlefield Earth","video":false,"vote_average":3.2,"vote_count":69}],"total_pages":180,"total_results":3596}
