{"page":73,"results":[{"adult":false,"backdrop_path":"/gOvW00ZMoEiyRwXVkHPfBictPAl.jpg","genre_ids":[16,10751],"id":9487,"original_language":"en","original_title":"A Bug's Life","overview":"On behalf of \"oppressed bugs everywhere,\" an inventive ant named Flik hires a troupe of warrior bugs to defend his bustling colony from a horde of freeloading grasshoppers led by the evil-minded Hopper.","release_date":"1998-11-25","poster_path":"/u9qGMRwcPwP0WETxulS5hKUsEum.jpg","popularity":1.927615,"title":"A Bug's Life","video":false,"vote_average":6.5,"vote_count":687},{"adult":false,"backdrop_path":"/A9qia4GnGJsUPvRpNmmaCFe6e5Z.jpg","genre_ids":[18],"id":39013,"original_language":"en","original_title":"Winter's Bone","overview":"17 year-old Ree Dolly sets out to track down her father, who put their house up for his bail bond and then disappeared. If she fails, Ree and her family will be turned out into the Ozark woods. Challenging her outlaw kin's code of silence and risking her life, Ree hacks through the lies, evasions and threats offered up by her relatives and begins to piece together the truth.","release_date":"2010-06-11","poster_path":"/lUFZr1hEgFbowMHzJhAKx08VMGA.jpg","popularity":2.025671,"title":"Winter's Bone","video":false,"vote_average":6.5,"vote_count":168},{"adult":false,"backdrop_path":"/5lgpipJdhY09OpMwaMxofTjsoQI.jpg","genre_ids":[35,18],"id":12573,"original_language":"en","original_title":"A Serious Man","overview":"A Serious Man is the story of an ordinary man's search for clarity in a universe where Jefferson Airplane is on the radio and F-Troop is on TV. It is 1967, and Larry Gopnik, a physics professor at a quiet Midwestern university, has just been informed by his wife Judith that she is leaving him. She has fallen in love with one of his more pompous acquaintances Sy Ableman.","release_date":"2009-10-02","poster_path":"/kCl9WXR7LOqDTEU3XUX8ssUETQR.jpg","popularity":1.677179,"title":"A Serious Man","video":false,"vote_average":6.5,"vote_count":108},{"adult":false,"backdrop_path":"/mUBjXjU43hhy5bHnpHztxSmiK40.jpg","genre_ids":[35,18,10749],"id":392,"original_language":"en","original_title":"Chocolat","overview":"A fable of emotional liberation and chocolate. A mother and daughter move to a small French town where they open a chocolate shop. The town, religious and morally strict, is against them as they represent free-thinking and indulgence. When a group of Boat Gypsies float down the river the prejudices of the Mayor leads to a crisis.","release_date":"2000-12-14","poster_path":"/qVKYduwLJ5HjbeVVYqYPSAhWQqh.jpg","popularity":1.262825,"title":"Chocolat","video":false,"vote_average":6.5,"vote_count":267},{"adult":false,"backdrop_path":"/usAd06VQyzRObEy4zhhw7ViG76V.jpg","genre_ids":[28,80,53],"id":9367,"original_language":"en","original_title":"El Mariachi","overview":"El Mariachi just wants to play his guitar and carry on the family tradition. Unfortunately, the town he tries to find work in has another visitor...a killer who carries his guns in a guitar case. The drug lord and his henchmen mistake El Mariachi for the killer, Azul, and chase him around town trying to kill him and get his guitar case.","release_date":"1992-09-04","poster_path":"/4S47gyKZI5aLiawwc45e4gnPlPx.jpg","popularity":1.681991,"title":"El Mariachi","video":false,"vote_average":6.5,"vote_count":69},{"adult":false,"backdrop_path":"/x5ZwyoTfApcvw0mwToWlY2qUliY.jpg","genre_ids":[18],"id":198185,"original_language":"en","original_title":"Million Dollar Arm","overview":"In a last-ditch effort to save his career, sports agent JB Bernstein (Jon Hamm) dreams up a wild game plan to find Major League Baseball’s next great pitcher from a pool of cricket players in India. He soon discovers two young men who can throw a fastball but know nothing about the game of baseball. Or America. It’s an incredible and touching journey that will change them all — especially JB, who learns valuable lessons about teamwork, commitment and family.","release_date":"2014-05-09","poster_path":"/rYOQL42cDdsbhfgaxeEW4SlszUp.jpg","popularity":2.103533,"title":"Million Dollar Arm","video":false,"vote_average":6.5,"vote_count":116},{"adult":false,"backdrop_path":"/o6anuGPog9853CPiaPQEMmdBVT0.jpg","genre_ids":[16,28,35,10751,878],"id":38055,"original_language":"en","original_title":"Megamind","overview":"Bumbling supervillain Megamind finally defeats his nemesis, the superhero Metro Man. But without a hero, he loses all purpose and must find new meaning to his life.","release_date":"2010-11-04","poster_path":"/amXAUSAUrnGuLGEyc1ZNhBvgbnF.jpg","popularity":2.843571,"title":"Megamind","video":false,"vote_average":6.5,"vote_count":747},{"adult":false,"backdrop_path":"/wA3qqVezyktBj92nTVXU7tYd1iG.jpg","genre_ids":[53,28,80],"id":8068,"original_language":"en","original_title":"Desperado","overview":"A gunslinger is embroiled in a war with a local drug runner.","release_date":"1995-08-25","poster_path":"/7eVo5DbP7gcsDzHcpRCTA6JAuF2.jpg","popularity":2.390124,"title":"Desperado","video":false,"vote_average":6.5,"vote_count":234},{"adult":false,"backdrop_path":"/TXWZrzM8AG0jHEJPlDOVojldZh.jpg","genre_ids":[18,12,36],"id":49009,"original_language":"en","original_title":"The Way Back","overview":"Peter Weir's follow-up to Master &amp; Commander (2003) is the stark &amp; brilliant The Way Back, which takes on the theme of man's struggle for freedom. At the dawn of WWII, several men escape from a Russian gulag. The film details their perilous &amp; uncertain journey to freedom, as they cross deserts, mountains, &amp; several nations.","release_date":"2010-09-03","poster_path":"/5lPRuICgmMmdrBr6qMNl80psEGo.jpg","popularity":1.96726,"title":"The Way Back","video":false,"vote_average":6.5,"vote_count":123},{"adult":false,"backdrop_path":"/u2FxA8fDt0uQAnHKTwWGgkPShoL.jpg","genre_ids":[28,12,878,53],"id":36658,"original_language":"en","original_title":"X2: X-Men United","overview":"Professor Charles Xavier and his team of genetically gifted superheroes face a rising tide of anti-mutant sentiment led by Col. William Stryker in this sequel to the Marvel Comics-based blockbuster X-Men. Storm, Wolverine and Jean Grey must join their usual nemeses Magneto and Mystique to unhinge Stryker's scheme to exterminate all mutants.","release_date":"2003-04-27","poster_path":"/fdmZ0uHWDQzb6atNTaOQdfdQd9X.jpg","popularity":0.081191,"title":"X2: X-Men United","video":false,"vote_average":6.5,"vote_count":1389},{"adult":false,"backdrop_path":"/f6oqMrLyp0hkrBNKaOvqs4weUFo.jpg","genre_ids":[35],"id":55725,"original_language":"en","original_title":"Win Win","overview":"When down-on-his-luck part-time high school wrestling coach Mike agrees to become legal guardian to an elderly man, his ward's troubled grandson turns out to be a star grappler, sparking dreams of a big win -- until the boy's mother retrieves him.","release_date":"2011-03-18","poster_path":"/s8Q2YqsJWXdZeT8Bpuzxic8UVd1.jpg","popularity":1.527489,"title":"Win Win","video":false,"vote_average":6.5,"vote_count":51},{"adult":false,"backdrop_path":"/pJ10mpKs2mM2AXTUOmM4yl5PJi8.jpg","genre_ids":[18,53,27],"id":242224,"original_language":"en","original_title":"The Babadook","overview":"A single mother, plagued by the violent death of her husband, battles with her son's fear of a monster lurking in the house, but soon discovers a sinister presence all around her.","release_date":"2014-05-22","poster_path":"/b3YzM03YxkOaJw2PglfKlcwr8bM.jpg","popularity":3.077164,"title":"The Babadook","video":false,"vote_average":6.5,"vote_count":429},{"adult":false,"backdrop_path":"/pbRiqUD8zp7e1HIt2Cn68xyxnjL.jpg","genre_ids":[35,18,10749],"id":1850,"original_language":"en","original_title":"Man on the Moon","overview":"A film about the life and career of the eccentric avant-garde comedian, Andy Kaufman.","release_date":"1999-12-22","poster_path":"/i6jNmO6vynStAy23KUhOwetX6Bs.jpg","popularity":0.454607,"title":"Man on the Moon","video":false,"vote_average":6.5,"vote_count":139},{"adult":false,"backdrop_path":"/wi2stpCDJam3dBYdsRTnKmBysXF.jpg","genre_ids":[12,28,35,53,80],"id":941,"original_language":"en","original_title":"Lethal Weapon","overview":"Veteran buttoned-down LAPD detective Roger Murtaugh is partnered with unhinged cop Martin Riggs, who -- distraught after his wife's death -- has a death wish and takes unnecessary risks with criminals at every turn. The odd couple embark on their first homicide investigation as partners, involving a young woman known to Murtaugh with ties to a drug and prostitution ring.","release_date":"1987-03-05","poster_path":"/mRXZcSFrf4A4HmGmFBQY8N4oxSC.jpg","popularity":2.6614,"title":"Lethal Weapon","video":false,"vote_average":6.5,"vote_count":549},{"adult":false,"backdrop_path":"/7VZ38q1KK50VL8MDimRP6Y7rSY3.jpg","genre_ids":[16,10751,35],"id":109451,"original_language":"en","original_title":"Cloudy with a Chance of Meatballs 2","overview":"After the disastrous food storm in the first film, Flint and his friends are forced to leave the town. Flint accepts the invitation from his idol Chester V to join The Live Corp Company, which has been tasked to clean the island, and where the best inventors in the world create technologies for the betterment of mankind. When Flint discovers that his machine still operates and now creates mutant food beasts like living pickles, hungry tacodiles, shrimpanzees and apple pie-thons, he and his friends must return to save the world.","release_date":"2013-09-27","poster_path":"/oZjluB568NJVtRrny4rpeApGuNi.jpg","popularity":3.397389,"title":"Cloudy with a Chance of Meatballs 2","video":false,"vote_average":6.5,"vote_count":386},{"adult":false,"backdrop_path":"/A5JvupvtIUDic9tZGyo9iSR1gNW.jpg","genre_ids":[53,18,878,9648],"id":9667,"original_language":"en","original_title":"The Jacket","overview":"A military veteran goes on a journey into the future, where he can foresee his death and is left with questions that could save his life and those he loves.","release_date":"2005-03-04","poster_path":"/ts5hSSpgHEcPFpdfk6gmLLgx5k4.jpg","popularity":1.702639,"title":"The Jacket","video":false,"vote_average":6.5,"vote_count":94},{"adult":false,"backdrop_path":"/l05HLv1gUOMKPR93ojL9dbt5D1Y.jpg","genre_ids":[35,10749],"id":67660,"original_language":"en","original_title":"Think Like a Man","overview":"Four friends conspire to turn the tables on their women when they discover the ladies have been using Steve Harvey's relationship advice against them.","release_date":"2012-04-20","poster_path":"/4tK8k1YbF58nEMW76bnm76jWpnZ.jpg","popularity":1.914021,"title":"Think Like a Man","video":false,"vote_average":6.5,"vote_count":95},{"adult":false,"backdrop_path":"/BEzCmXw2ro0lCgzVubrNmZBaB3.jpg","genre_ids":[35,18,10402],"id":264999,"original_language":"en","original_title":"Magic Mike XXL","overview":"Three years after Mike bowed out of the stripper life at the top of his game, he and the remaining Kings of Tampa hit the road to Myrtle Beach to put on one last blow-out performance.","release_date":"2015-07-01","poster_path":"/fJSVYY7dIbdvXLkOSV4iQUyVbkc.jpg","popularity":3.46425,"title":"Magic Mike XXL","video":false,"vote_average":6.5,"vote_count":98},{"adult":false,"backdrop_path":"/6Fp3am76rkv3AqevktmTMiupdnz.jpg","genre_ids":[10402,35,878],"id":36685,"original_language":"en","original_title":"The Rocky Horror Picture Show","overview":"In this cult classic, sweethearts Brad (Barry Bostwick) and Janet (Susan Sarandon), stuck with a flat tire during a storm, discover the eerie mansion of Dr. Frank-N-Furter (Tim Curry), a transvestite scientist. As their innocence is lost, Brad and Janet meet a houseful of wild characters, including a rocking biker (Meat Loaf) and a creepy butler (Richard O'Brien). Through elaborate dances and rock songs, Frank-N-Furter unveils his latest creation: a muscular man named \"Rocky.\"","release_date":"1975-09-29","poster_path":"/v2NC7o8f7AZvQbOAwrfRbe5Z106.jpg","popularity":1.749919,"title":"The Rocky Horror Picture Show","video":false,"vote_average":6.5,"vote_count":132},{"adult":false,"backdrop_path":"/emX6VwN8C3Q1T9wCTDMa8r3mfQA.jpg","genre_ids":[10751,14,16],"id":10545,"original_language":"en","original_title":"The Hunchback of Notre Dame","overview":"When Quasi defies the evil Frollo and ventures out to the Festival of Fools, the cruel crowd jeers him. Rescued by fellow outcast the gypsy Esmeralda, Quasi soon finds himself battling to save the people and the city he loves.","release_date":"1996-06-21","poster_path":"/xS6f48xcKsRHYI4XZh2tBwLcgku.jpg","popularity":2.333147,"title":"The Hunchback of Notre Dame","video":false,"vote_average":6.5,"vote_count":268}],"total_pages":180,"total_results":3596}
