{"page":41,"results":[{"adult":false,"backdrop_path":"/cS45swrlrTJijH1RblBLe8LlW2p.jpg","genre_ids":[80,18,53],"id":37094,"original_language":"en","original_title":"Falling Down","overview":"An unemployed defense worker frustrated with the various flaws he sees in society, begins to psychotically and violently lash out against them.","release_date":"1993-02-26","poster_path":"/jBHJWSUvvOIZkXG067vwVRWvohB.jpg","popularity":2.577658,"title":"Falling Down","video":false,"vote_average":7.0,"vote_count":236},{"adult":false,"backdrop_path":"/qmDy6Rdom8d8UFj9GeAAtVIjTRT.jpg","genre_ids":[14,28,35,878,10751],"id":620,"original_language":"en","original_title":"Ghostbusters","overview":"After losing their academic posts at a prestigious university, a team of parapsychologists goes into business as proton-pack-toting \"ghostbusters\" who exterminate ghouls, hobgoblins and supernatural pests of all stripes. An ad campaign pays off when a knockout cellist hires the squad to purge her swanky digs of demons that appear to be living in her refrigerator.","release_date":"1984-06-07","poster_path":"/3FS3oBdorgczgfCkFi2u8ZTFfpS.jpg","popularity":3.989782,"title":"Ghostbusters","video":false,"vote_average":7.0,"vote_count":816},{"adult":false,"backdrop_path":"/iPocIUHB4gW3dfV6ve4KLvgWOHw.jpg","genre_ids":[27,53],"id":13510,"original_language":"en","original_title":"Eden Lake","overview":"Eden Lake is a relentlessly tense and immaculately paced horror-thriller about modern youth gone wild. When a young couple goes to a remote wooded lake for a romantic getaway, their quiet weekend is shattered by an aggressive group of local kids. Rowdiness quickly turns to rage as the teens terrorize the couple in unimaginable ways, and a weekend outing becomes a bloody battle for survival.","release_date":"2008-09-12","poster_path":"/lvNbbYrN5tNuCjyHP7uKgZD5ZFL.jpg","popularity":2.255262,"title":"Eden Lake","video":false,"vote_average":7.0,"vote_count":84},{"adult":false,"backdrop_path":"/ozvvHdadtBYpExCwAjsNPSjV6hT.jpg","genre_ids":[18,36,10749],"id":921,"original_language":"en","original_title":"Cinderella Man","overview":"Cinderella Man is the story of a boxer in the 1920’s who after his retirement has a surprise comeback in order to get him and his family out of a socially poor state. The film is based on the true story of boxer Jim Braddock who was more famously known as Cinderella Man.","release_date":"2005-06-02","poster_path":"/xZhumK43Z6jmwCWglh7uHcpkqdb.jpg","popularity":1.818857,"title":"Cinderella Man","video":false,"vote_average":7.0,"vote_count":238},{"adult":false,"backdrop_path":"/hokjXL3skx6ppfxXMHJrhXQ32ag.jpg","genre_ids":[16,35,10402],"id":9473,"original_language":"en","original_title":"South Park: Bigger, Longer & Uncut","overview":"When the four boys see an R-rated movie featuring Canadians Terrance and Philip, they are pronounced \"corrupted\", and their parents pressure the United States to wage war against Canada.","release_date":"1999-06-30","poster_path":"/5sW45h3RZOhC5MwOTZE9PY0Djmo.jpg","popularity":0.539277,"title":"South Park: Bigger, Longer & Uncut","video":false,"vote_average":7.0,"vote_count":280},{"adult":false,"backdrop_path":"/smMNfp8INGuxdFBIHIVgGsbGSJj.jpg","genre_ids":[14,18,10751],"id":866,"original_language":"en","original_title":"Finding Neverland","overview":"Finding Neverland is an amusing drama about how the story of Peter Pan and Neverland came to be. During a writing slump play writer J.M. Barrie meets the widowed Sylvia and her three children who soon become an important part of Barrie’s life and the inspiration that lead him to create his masterpiece “Peter Pan.”","release_date":"2004-11-11","poster_path":"/7VNtGDhKLefRhJWYokfP3hBh0uV.jpg","popularity":1.735868,"title":"Finding Neverland","video":false,"vote_average":7.0,"vote_count":266},{"adult":false,"backdrop_path":"/bT5eROQOUx4bfiFkgdgw5mgGyIV.jpg","genre_ids":[12,35,18],"id":254375,"original_language":"en","original_title":"Hector and the Search for Happiness","overview":"Hector is a quirky psychiatrist who has become increasingly tired of his humdrum life. As he tells his girlfriend, Clara, he feels like a fraud: he hasn’t really tasted life, and yet he’s offering advice to patients who are just not getting any happier. So Hector decides to break out of his deluded and routine driven life. Armed with buckets of courage and child-like curiosity, he embarks on a global quest in hopes of uncovering the elusive secret formula for true happiness. And so begins a larger than life adventure with riotously funny results.","release_date":"2014-09-19","poster_path":"/tgjU6tYG6KSebqFX9VyUQD8mwkm.jpg","popularity":1.145405,"title":"Hector and the Search for Happiness","video":false,"vote_average":7.0,"vote_count":104},{"adult":false,"backdrop_path":"/wBG4kHfhwm3bLwKUFNRByXXv4r2.jpg","genre_ids":[16],"id":808,"original_language":"en","original_title":"Shrek","overview":"It ain't easy bein' green -- especially if you're a likable (albeit smelly) ogre named Shrek. On a mission to retrieve a gorgeous princess from the clutches of a fire-breathing dragon, Shrek teams up with an unlikely compatriot -- a wisecracking donkey.","release_date":"2001-05-16","poster_path":"/140ewbWv8qHStD3mlBDvvGd0Zvu.jpg","popularity":3.782941,"title":"Shrek","video":false,"vote_average":7.0,"vote_count":1370},{"adult":false,"backdrop_path":"/wnRUH5VhLWiUELwrHpUF0dP9O35.jpg","genre_ids":[18,27,53,9648],"id":63311,"original_language":"es","original_title":"La piel que habito","overview":"A brilliant plastic surgeon creates a synthetic skin that withstands any kind of damage. His guinea pig: a mysterious and volatile woman who holds the key to his obsession.","release_date":"2011-09-02","poster_path":"/iFIgRIhz3CdWDuKBqEDURV4a4Ly.jpg","popularity":2.385973,"title":"The Skin I Live In","video":false,"vote_average":7.0,"vote_count":248},{"adult":false,"backdrop_path":"/pxvtoQX43ZaRTq1Mqyt3uRAOXSN.jpg","genre_ids":[80,18,9648,53],"id":4771,"original_language":"en","original_title":"Gone Baby Gone","overview":"Two Boston area detectives investigate a little girl's kidnapping, which ultimately turns into a crisis both professionally and personally. Based on the Dennis Lehane novel.","release_date":"2007-10-19","poster_path":"/4Nxv90So2AHtaLBJ0UQrmex6aa.jpg","popularity":2.167791,"title":"Gone Baby Gone","video":false,"vote_average":7.0,"vote_count":254},{"adult":false,"backdrop_path":"/28AjFSyQxqvMm2qVhJuHKsxonG8.jpg","genre_ids":[18,53],"id":64720,"original_language":"en","original_title":"Take Shelter","overview":"Plagued by a series of apocalyptic visions, a young husband and father questions whether to shelter his family from a coming storm, or from himself.","release_date":"2011-11-25","poster_path":"/jFHe1RSju7m4EyRr7fP7QGq8QpO.jpg","popularity":0.527237,"title":"Take Shelter","video":false,"vote_average":7.0,"vote_count":121},{"adult":false,"backdrop_path":"/mlfoltX46WG4FqdKy92hiOq33qO.jpg","genre_ids":[10749,14,16,10402],"id":3933,"original_language":"en","original_title":"Corpse Bride","overview":"Set in a 19th-century european village, this stop-motion animation feature follows the story of Victor, a young man whisked away to the underworld and wed to a mysterious corpse bride, while his real bride Victoria waits bereft in the land of the living.","release_date":"2005-09-15","poster_path":"/o9GbcdP7rOg2m1NyUnUR3ZwNcTE.jpg","popularity":2.372163,"title":"Corpse Bride","video":false,"vote_average":7.0,"vote_count":502},{"adult":false,"backdrop_path":"/omK35Mr3oks6bd5efrgsO7CzmLP.jpg","genre_ids":[16,28,12],"id":251519,"original_language":"en","original_title":"Son of Batman","overview":"Batman learns that he has a violent, unruly pre-teen son with Talia al Ghul named Damian Wayne who is secretly being raised by Ra's al Ghul and the League of Assassins. When Ra's al Ghul apparently dies after a battle with Deathstroke, Batman must work to stop his long-lost son from taking revenge and guiding him to a righteous path, in addition to the chance for the pair to truly acknowledging each other as family.","release_date":"2014-04-20","poster_path":"/3KsZUcifrnHqs6AGrZBW4iUTLYs.jpg","popularity":2.557021,"title":"Son of Batman","video":false,"vote_average":7.0,"vote_count":140},{"adult":false,"backdrop_path":"/gzKW3emulMxIHzuXxZoyDB1lei9.jpg","genre_ids":[12,14,10751],"id":674,"original_language":"en","original_title":"Harry Potter and the Goblet of Fire","overview":"Young wizard Harry Potter starts his fourth year at Hogwarts, competes in the treacherous Tri-Wizard Tournament and faces the evil Lord Voldemort. Friends Ron and Hermione help Harry manage the pressure … but Voldemort lurks, awaiting his chance to destroy Harry and all that he stands for.","release_date":"2005-11-05","poster_path":"/6sASqcdrEHXxUhA3nFpjrRecPD2.jpg","popularity":2.336258,"title":"Harry Potter and the Goblet of Fire","video":false,"vote_average":7.0,"vote_count":2181},{"adult":false,"backdrop_path":"/gJBGcnhGhxoOpcqK29kZNq3UR6i.jpg","genre_ids":[16,10751],"id":10144,"original_language":"en","original_title":"The Little Mermaid","overview":"This colorful adventure tells the story of an impetuous mermaid princess named Ariel who falls in love with the very human Prince Eric and puts everything on the line for the chance to be with him. Memorable songs and characters -- including the villainous sea witch Ursula.","release_date":"1989-11-15","poster_path":"/ujlSe3lhp1OKmF2LNu6wRpWbdiU.jpg","popularity":2.791223,"title":"The Little Mermaid","video":false,"vote_average":7.0,"vote_count":600},{"adult":false,"backdrop_path":"/SQqlmpbefJpVh3D5E1wcizSuhi.jpg","genre_ids":[10749],"id":547,"original_language":"en","original_title":"The Horse Whisperer","overview":"Based on the novel by the same name from Nicholas Evans, the talented Robert Redford presents this meditative family drama set in the country side. Redford not only directs but also stars in the roll of a cowboy with a magical talent for healing.","release_date":"1998-05-14","poster_path":"/nT4p5iDOxcnEa2QD0Kp3907WeuA.jpg","popularity":1.73366,"title":"The Horse Whisperer","video":false,"vote_average":7.0,"vote_count":73},{"adult":false,"backdrop_path":"/Ae6vOwDrfX4m6NqILgc3zZvB9tO.jpg","genre_ids":[16,10749,12,18,14],"id":204436,"original_language":"fr","original_title":"Jack et la mécanique du coeur","overview":"In Scotland 1874, Jack is born on the coldest day ever. Because of the extreme cold, his heart stops beating. The responsible midwife in Edinburgh finds a way to save him by replacing his heart with a clock. So he lives and remains under the midwife's protective care. But he must not get angry or excited because that endangers his life by causing his clock to stop working. Worse than that, when he grows up, he has to face the fact he cannot fall in love because that too could stop his delicate heart.","release_date":"2014-02-05","poster_path":"/iSsseryFRbea3cJxzc8p5PZZpFl.jpg","popularity":2.201299,"title":"The Boy with the Cuckoo-Clock Heart","video":false,"vote_average":7.0,"vote_count":52},{"adult":false,"backdrop_path":"/cL1R5nz7BUVU3d2shLDTaDcU0Ga.jpg","genre_ids":[27],"id":26466,"original_language":"en","original_title":"Triangle","overview":"The story revolves around the passengers of a yachting trip in the Atlantic Ocean who, when struck by mysterious weather conditions, jump to another ship only to experience greater havoc on the open seas.","release_date":"2009-10-16","poster_path":"/hjC00Wus7IoCywVTHt68W8QxcyW.jpg","popularity":0.785168,"title":"Triangle","video":false,"vote_average":7.0,"vote_count":135},{"adult":false,"backdrop_path":"/zqswDvghVzJOaspmYoKVCLkM61n.jpg","genre_ids":[35],"id":79108,"original_language":"fr","original_title":"Starbuck","overview":"Starbuck is a 2011 Canadian comedy film directed by Ken Scott and written by Martin Petit and Ken Scott. The main character David Wozniak is a perpetual adolescent who discovers that, as a sperm donor, he has fathered 533 children. David, a deliveryman for a butcher shop, is being pursued by thugs because he owes them money. Next, he is advised that more than 100 of his offspring are trying to force the fertility clinic to reveal the true identity of \"Starbuck\", the pseudonym he used when donating sperm. In addition, his girlfriend Valérie is pregnant with his child but doesn't feel that he is mature enough to be a father. Starbuck was screened at the Toronto International Film Festival on September 14 and 15, 2011. The film's title refers to a Canadian Holstein bull who produced hundreds of thousands of progeny by artificial insemination in the 1980s and 1990s.","release_date":"2011-01-01","poster_path":"/7Jvf6AGyvFvKo1qn5LULXeQdxRc.jpg","popularity":1.608977,"title":"Starbuck","video":false,"vote_average":7.0,"vote_count":60},{"adult":false,"backdrop_path":"/6ZFATL4B2yOqEOWViT9kkodU8Vy.jpg","genre_ids":[18,53,80,12],"id":1541,"original_language":"en","original_title":"Thelma & Louise","overview":"Whilst on a short weekend getaway, Louise shoots a man who had tried to rape Thelma. Due to the incriminating circumstances, they make a run for it and thus a cross country chase ensues for the two fugitives. Along the way, both women rediscover the strength of their friendship and surprising aspects of their personalities and self-strengths in the trying times.","release_date":"1991-05-24","poster_path":"/3cc9oJ3PJzdfI88FPxF6P0zq0Qb.jpg","popularity":1.685664,"title":"Thelma & Louise","video":false,"vote_average":6.9,"vote_count":187}],"total_pages":180,"total_results":3596}
