{"page":13,"results":[{"adult":false,"backdrop_path":"/tzdIslFViohCTLkNS1eI7qyUjVh.jpg","genre_ids":[35],"id":239,"original_language":"en","original_title":"Some Like It Hot","overview":"Two musicians witness a mob hit and struggle to find a way out of the city before they are found by the gangsters. Their only opportunity is to join an all-girl band as they leave on a tour. To make their getaway they must first disguise themselves as women, then keep their identities secret and deal with the problems this brings - such as an attractive bandmate and a very determined suitor.","release_date":"1959-03-29","poster_path":"/pxc9EFCMYkItESpqqrI783yl8Gh.jpg","popularity":1.20541,"title":"Some Like It Hot","video":false,"vote_average":7.5,"vote_count":215},{"adult":false,"backdrop_path":"/cVkTGLthpromkyzyCFLvvLPZxFM.jpg","genre_ids":[18,10752],"id":600,"original_language":"en","original_title":"Full Metal Jacket","overview":"A pragmatic U.S. Marine observes the dehumanizing effects the U.S.-Vietnam War has on his fellow recruits from their brutal boot camp training to the bloody street fighting in Hue.","release_date":"1987-05-31","poster_path":"/29veIwD38rVL2qY74emXQw4y25H.jpg","popularity":3.520947,"title":"Full Metal Jacket","video":false,"vote_average":7.5,"vote_count":755},{"adult":false,"backdrop_path":"/1RTiQXeHoEMXkZNWaB8W5uaEZ2.jpg","genre_ids":[18],"id":205220,"original_language":"en","original_title":"Philomena","overview":"A woman searches for her adult son, who was taken away from her decades ago when she was forced to live in a convent.","release_date":"2013-11-27","poster_path":"/6BTXHupSPkrwsoz4Br6qwwSVmhj.jpg","popularity":2.306997,"title":"Philomena","video":false,"vote_average":7.5,"vote_count":230},{"adult":false,"backdrop_path":"/u2YXzSieIsDUZnhPpoytNJiTwyt.jpg","genre_ids":[18,14],"id":490,"original_language":"en","original_title":"Det sjunde inseglet","overview":"When disillusioned Swedish knight Antonius Block (Max von Sydow) returns home from the Crusades to find his country in the grips of the Black Death, he challenges Death (Bengt Ekerot) to a chess match for his life. Tormented by the belief that God does not exist, Block sets off on a journey, meeting up with traveling players Jof (Nils Poppe) and his wife, Mia (Bibi Andersson), and becoming determined to evade Death long enough to commit one redemptive act while he still lives.","release_date":"1957-02-16","poster_path":"/iJXSumDrz64AvmFZaHHNBGDO1ex.jpg","popularity":0.928067,"title":"The Seventh Seal","video":false,"vote_average":7.5,"vote_count":144},{"adult":false,"backdrop_path":"/pGOkfCqtP09QbaFSRxrmF2BxZJj.jpg","genre_ids":[37],"id":301,"original_language":"en","original_title":"Rio Bravo","overview":"A classic old western film starring John Wayne, Dean Martin and Ricky Nelson as a defunct threesome; one wounded, another drunk, and the last one a young gunslinger. They are ask by a local sheriff to help keep a bad guy’s brother in jail. This is a western film for people who don’t even like westerns.","release_date":"1959-03-18","poster_path":"/gyEfGVDe5puz4wgIq6073fn8pHc.jpg","popularity":1.358216,"title":"Rio Bravo","video":false,"vote_average":7.5,"vote_count":57},{"adult":false,"backdrop_path":"/yxr7oOXdb1rO9SjZiRa8K3ClCZf.jpg","genre_ids":[18],"id":284293,"original_language":"en","original_title":"Still Alice","overview":"Alice Howland, happily married with three grown children, is a renowned linguistics professor who starts to forget words. When she receives a devastating diagnosis, Alice and her family find their bonds tested.","release_date":"2014-12-05","poster_path":"/4n7T0G6kNLszUyfqKAboesNTm55.jpg","popularity":3.22734,"title":"Still Alice","video":false,"vote_average":7.5,"vote_count":292},{"adult":false,"backdrop_path":"/vBPEeqDIOoVarZCDcG24ShaQRfk.jpg","genre_ids":[10749,35,80],"id":239877,"original_language":"it","original_title":"La mafia uccide solo d'estate","overview":null,"release_date":"2013-11-28","poster_path":"/7YCNBd5bQo1Pe0kNOvId4i770US.jpg","popularity":1.26095,"title":"The Mafia Only Kills in Summer","video":false,"vote_average":7.5,"vote_count":53},{"adult":false,"backdrop_path":"/9tbJCIaQVg2cnUf26NwGMKDyqvh.jpg","genre_ids":[16,35,10751],"id":531,"original_language":"en","original_title":"Wallace and Gromit: The Wrong Trousers","overview":"Gromit finds himself being pushed out of his room and home by a new lodger who is actually a ruthless criminal (and a small penguin). The penguin is planning a robbery and needs to use Wallace and his mechanical remote controlled trousers to pull off the raid. However, Gromit is wise to the penguin and comes to the rescue.","release_date":"1993-12-17","poster_path":"/2w8JYyCxK7GOIi68cPhFqknCESA.jpg","popularity":1.412392,"title":"Wallace and Gromit: The Wrong Trousers","video":false,"vote_average":7.5,"vote_count":77},{"adult":false,"backdrop_path":"/r4supNyXFTjqYp6Kldm1j0kFgAx.jpg","genre_ids":[80,18,9648,53],"id":10795,"original_language":"en","original_title":"Ne le dis à personne","overview":"A man receives a mysterious e-mail appearing to be from his wife, who was murdered years earlier. As he frantically tries to find out whether she's alive, he finds himself being implicated in her death.","release_date":"2006-11-01","poster_path":"/9caHoo7Acpc4GMfgBdNZIC6kVCb.jpg","popularity":0.810499,"title":"Tell No One","video":false,"vote_average":7.5,"vote_count":75},{"adult":false,"backdrop_path":"/klI0K4oQMsLhHdjA9Uw8WLugk9v.jpg","genre_ids":[16,10751],"id":8587,"original_language":"en","original_title":"The Lion King","overview":"A young lion cub named Simba can't wait to be king. But his uncle craves the title for himself and will stop at nothing to get it.","release_date":"1994-06-23","poster_path":"/bKPtXn9n4M4s8vvZrbw40mYsefB.jpg","popularity":3.227689,"title":"The Lion King","video":false,"vote_average":7.5,"vote_count":2517},{"adult":false,"backdrop_path":"/kA0UMut3JUlB3LaaKCKMSz2uDX9.jpg","genre_ids":[18,53,9648],"id":54186,"original_language":"ja","original_title":"告白","overview":"A psychological thriller of a grieving mother turned cold-blooded avenger with a twisty master plan to pay back those who were responsible for her daughter's death.","release_date":"2010-06-05","poster_path":"/u0Q8ePrgfmbcCDTQbWm5fqY0Hp.jpg","popularity":2.580198,"title":"Confessions","video":false,"vote_average":7.5,"vote_count":67},{"adult":false,"backdrop_path":"/3idsO3tSMP9cHgfffuWpc1vbtop.jpg","genre_ids":[878,18],"id":17431,"original_language":"en","original_title":"Moon","overview":"With only three weeks left in his three year contract, Sam Bell is getting anxious to finally return to Earth. He is the only occupant of a Moon-based manufacturing facility along with his computer and assistant, GERTY. The long period of time alone however has resulted in him talking to himself for the most part, or to his plants. Direct communication with Earth is not possible due to a long-standing communication malfunction but he does get an occasional message from his wife Tess. When he has an accident however, he wakens to find that he is not alone. He also comes to realize that his world is not what he thought it was.","release_date":"2009-07-17","poster_path":"/2tgl9q3ZaVQUfSsbftqhRxXCElB.jpg","popularity":3.304947,"title":"Moon","video":false,"vote_average":7.5,"vote_count":630},{"adult":false,"backdrop_path":"/uaybyb5PuxIHrEhUAEnS4z4tK6H.jpg","genre_ids":[35,14,878],"id":892,"original_language":"fr","original_title":"Delicatessen","overview":"This bizarre surrealistic black comedy takes place in a small fictitious post-apocalyptic town where food is scarce and butcher Clapet has the macabre business of using human flesh to feed his customers. Yet when his daughter falls in love with his next slaughter victim things turn into chaos.","release_date":"1991-04-17","poster_path":"/nD4v80ggEmqXFZtaLDSHA2vxZoR.jpg","popularity":0.601185,"title":"Delicatessen","video":false,"vote_average":7.5,"vote_count":86},{"adult":false,"backdrop_path":"/pckdZ29bHj11hBsV3SbVVfmCB6C.jpg","genre_ids":[878,9648,12],"id":62,"original_language":"en","original_title":"2001: A Space Odyssey","overview":"Humanity finds a mysterious object buried beneath the lunar surface and sets off to find its origins with the help of HAL 9000, the world's most advanced super computer.","release_date":"1968-04-05","poster_path":"/mTwZOsbO8wGQWcj9vfweKFOGtya.jpg","popularity":4.703869,"title":"2001: A Space Odyssey","video":false,"vote_average":7.5,"vote_count":947},{"adult":false,"backdrop_path":"/6fqmcCVci3cSBCgJw8NGXE4ST8G.jpg","genre_ids":[12,35,14],"id":762,"original_language":"en","original_title":"Monty Python and the Holy Grail","overview":"Monty Python and the Holy Grail loosely follows the legend of King Arthur. Arthur along with his squire, Patsy, recruits his Knights of the Round Table, including Sir Bedevere the Wise, Sir Lancelot the Brave, Sir Robin the Not-Quite-So-Brave-As-Sir-Lancelot and Sir Galahad the Pure. On the way Arthur battles the Black Knight who, despite having had all his limbs chopped off, insists he can still fight. They reach Camelot, but Arthur decides not  to enter, as \"it is a silly place\".","release_date":"1975-03-13","poster_path":"/jRx1nDUA4sb2NEKQaukXKBz6pCf.jpg","popularity":2.770359,"title":"Monty Python and the Holy Grail","video":false,"vote_average":7.5,"vote_count":609},{"adult":false,"backdrop_path":"/4SWExfeoheG73iKaQtzuMFXFCDA.jpg","genre_ids":[18],"id":5528,"original_language":"fr","original_title":"Les choristes","overview":"Set in 1940's France, a new teacher at a school for disruptive boys gives hope and inspiration.","release_date":"2004-03-17","poster_path":"/mQUHKT3XuhxzmtuCZC6NgZ70Alc.jpg","popularity":0.693651,"title":"The Chorus","video":false,"vote_average":7.5,"vote_count":114},{"adult":false,"backdrop_path":"/lQBbbNOUvFVlKciHBGp8bNqZKbx.jpg","genre_ids":[14],"id":11639,"original_language":"en","original_title":"The Dark Crystal","overview":"On another planet in the distant past, a Gelfling embarks on a quest to find the missing shard of a magical crystal and restore order to his world, before the grotesque race of Skeksis find and use the crystal for evil.","release_date":"1982-12-17","poster_path":"/enCcF48dvT16O2ixGRslU4mPjO7.jpg","popularity":0.629958,"title":"The Dark Crystal","video":false,"vote_average":7.5,"vote_count":76},{"adult":false,"backdrop_path":"/nhHsH7qUySVTY57mxf231xO7Fga.jpg","genre_ids":[18,10749],"id":289,"original_language":"en","original_title":"Casablanca","overview":"Casablanca is a classic and one of the most revered films of all time. Starring Humphrey Bogart and Ingrid Bergman in a love triangle in the city of Casablanca which is a refuge for many fleeing foreigners looking for a new life during the war. Political romance with a backdrop of war conflict between democracy and totalitarianism. A landmark in film history.","release_date":"1942-11-26","poster_path":"/sm1QVZu5RKe1vXVHZooo4SZyHMx.jpg","popularity":2.851621,"title":"Casablanca","video":false,"vote_average":7.5,"vote_count":481},{"adult":false,"backdrop_path":"/f2fFY79HLf8FadJwoxHxuHN7Bzn.jpg","genre_ids":[18],"id":13223,"original_language":"en","original_title":"Gran Torino","overview":"Walt Kowalski, an iron-willed and inflexible Korean War veteran living in a changing world, is forced by his immigrant neighbors to confront his long-held prejudices.","release_date":"2008-12-11","poster_path":"/yeBc5vpEiqIAZrbVQnl833GlBEi.jpg","popularity":3.807231,"title":"Gran Torino","video":false,"vote_average":7.5,"vote_count":985},{"adult":false,"backdrop_path":"/m87xptCZD6J15HcioOOX4kfEdeD.jpg","genre_ids":[18,10751],"id":28178,"original_language":"en","original_title":"Hachi: A Dog's Tale","overview":"A drama based on the true story of a college professor's bond with the abandoned dog he takes into his home.","release_date":"2009-01-01","poster_path":"/3MpVmIg6CgOCUrZ2TZ2P0yitCbM.jpg","popularity":1.494212,"title":"Hachi: A Dog's Tale","video":false,"vote_average":7.5,"vote_count":411}],"total_pages":180,"total_results":3596}
