{"page":127,"results":[{"adult":false,"backdrop_path":"/cLOekK7EmHB1beYUYEXIlcr6mpS.jpg","genre_ids":[10752,36,28,12,18,10749],"id":1966,"original_language":"en","original_title":"Alexander","overview":"Alexander, the King of Macedonia, leads his legions against the giant Persian Empire. After defeating the Persians he leads his Army across the then known world venturing further than any Westerner had ever gone all the way to India.","release_date":"2004-11-24","poster_path":"/cJrnmbsFm5cEt0pHZZ2a1ueH5aT.jpg","popularity":2.940454,"title":"Alexander","video":false,"vote_average":5.9,"vote_count":248},{"adult":false,"backdrop_path":"/fHfV2ffp8OYRS6mtAeFIFY4Shyg.jpg","genre_ids":[28,53,878],"id":13460,"original_language":"en","original_title":"Doomsday","overview":"A lethal virus spreads throughout the British isles,infecting millions and killing hundreds of thousands. To contain the threat, acting authorities brutally quarantine the country as it succumbs to fear and chaos. The quarantine is successful. Three decades later, the Reaper virus violently resurfaces in a major city. An elite group of specialists is urgently dispatched into the still-quarantined country to retrieve a cure by any means necessary. Shut off from the rest of the world, the unit must battle through a landscape that has become a waking nightmare.","release_date":"2008-03-14","poster_path":"/d5rTA0dNsK9iLnRW7SDBwGuClI8.jpg","popularity":2.008128,"title":"Doomsday","video":false,"vote_average":5.9,"vote_count":100},{"adult":false,"backdrop_path":"/zPGo5CVwkiLqMyDpR3hcrbLv17M.jpg","genre_ids":[18,27,9648,878,53],"id":22824,"original_language":"en","original_title":"The Fourth Kind","overview":"A thriller involving an ongoing unsolved mystery in Alaska, where one town has seen an extraordinary number of unexplained disappearances during the past 40 years and there are accusations of a federal cover up.","release_date":"2009-11-06","poster_path":"/wrCL8WQdyYR7wbmAqXyJZ1xK0WK.jpg","popularity":2.201998,"title":"The Fourth Kind","video":false,"vote_average":5.9,"vote_count":146},{"adult":false,"backdrop_path":"/5vEJkHXYDYW3RDZD31cQsQ0hoeF.jpg","genre_ids":[35],"id":32823,"original_language":"en","original_title":"Get Him to the Greek","overview":"Pinnacle records has the perfect plan to get their sinking company back on track: a comeback concert in LA featuring Aldous Snow, a fading rockstar who has dropped off the radar in recent years. Record company intern Aaron Green is faced with the monumental task of bringing his idol, out of control rock star Aldous Snow, back to LA for his comeback show.","release_date":"2010-06-04","poster_path":"/a3HJGSFuFbaVAK3l8IqdVYchF0B.jpg","popularity":2.098965,"title":"Get Him to the Greek","video":false,"vote_average":5.9,"vote_count":205},{"adult":false,"backdrop_path":"/8bZtmUCYPDyJI5xV7yzElH67FLz.jpg","genre_ids":[53,35,28],"id":121824,"original_language":"en","original_title":"Stand Up Guys","overview":"After serving 28 years in prison for accidentally killing the son of a crime boss, newly paroled gangster Val (Al Pacino) reunites with his former partners in crime, Doc (Christopher Walken) and Hirsch (Alan Arkin), for a night on the town. As the three men revisit old haunts, reflect on their glory days and try to make up for lost time, one wrestles with a terrible quandary: Doc has orders to kill Val, and time is running out for him to figure out a way out of his dilemma.","release_date":"2012-09-01","poster_path":"/ybrl9mix93XF3E5M5KO9sLi3nGt.jpg","popularity":2.307247,"title":"Stand Up Guys","video":false,"vote_average":5.9,"vote_count":152},{"adult":false,"backdrop_path":"/tkxiEwG9xJIbyzvJSGYUyTkz3Mj.jpg","genre_ids":[35,37],"id":188161,"original_language":"en","original_title":"A Million Ways to Die in the West","overview":"As a cowardly farmer begins to fall for the mysterious new woman in town, he must put his new-found courage to the test when her husband, a notorious gun-slinger, announces his arrival.","release_date":"2014-05-30","poster_path":"/12fqfvUmBOPg2pA0RsEhc31P28O.jpg","popularity":2.936606,"title":"A Million Ways to Die in the West","video":false,"vote_average":5.9,"vote_count":699},{"adult":false,"backdrop_path":"/3j5cppxD7TSZGELJBrK42ypA40i.jpg","genre_ids":[28,12,18,53],"id":17134,"original_language":"en","original_title":"12 Rounds","overview":"When New Orleans cop Danny Fisher prevents a brilliant thief from successfully carrying out his latest heist, the thief's girlfriend is accidentally killed. Hungry for revenge, the criminal mastermind breaks out of prison and kidnaps Danny's fiancee. To save her, Danny must successfully navigate his way through an elaborate series of tasks and puzzles, or else watch the love of his life die.","release_date":"2009-03-19","poster_path":"/i36NEi5TSYSxmu6dO0K1cAWxjGx.jpg","popularity":1.116432,"title":"12 Rounds","video":false,"vote_average":5.9,"vote_count":79},{"adult":false,"backdrop_path":"/eHcNfColj7mybVXqNaMcgzVbrcY.jpg","genre_ids":[80,18,53],"id":1248,"original_language":"en","original_title":"Hannibal Rising","overview":"This terrifying prequel attempts to trace the murderous roots of the cannibalistic killer. The film follows Lecter from his hard-scrabble Lithuanian childhood, where he witnesses the repulsive lengths to which hungry soldiers will go to satiate themselves, through his sojourn in France, where as a med student he hones his appetite for the kill.","release_date":"2007-02-06","poster_path":"/athS1NzNvBRBKsaGni3TEOKUO8N.jpg","popularity":1.298518,"title":"Hannibal Rising","video":false,"vote_average":5.9,"vote_count":293},{"adult":false,"backdrop_path":"/rgkPGIxOWKSvQjAhn0mLuYvqfLO.jpg","genre_ids":[28,12,53,80],"id":13387,"original_language":"en","original_title":"Transporter 3","overview":"Frank Martin puts the driving gloves on to deliver Valentina, the kidnapped daughter of a Ukranian government official, from Marseilles to Odessa on the Black Sea. En route, he has to contend with thugs who want to intercept Valentina's safe delivery and not let his personal feelings get in the way of his dangerous objective.","release_date":"2008-11-26","poster_path":"/eEQ4JieKyLBRRSRnRGuPlxp7qiS.jpg","popularity":3.210042,"title":"Transporter 3","video":false,"vote_average":5.9,"vote_count":460},{"adult":false,"backdrop_path":"/kwdmLQgWOmx9oXDpC6KwA2YJOFC.jpg","genre_ids":[27,9648,53],"id":11601,"original_language":"en","original_title":"Stir of Echoes","overview":"After being hypnotized by his sister in law, Tom Witzky begins seeing haunting visions of a girl's ghost and a mystery begins to unfold around her.","release_date":"1999-09-10","poster_path":"/pjdmvS3I5HElkJHzCNkqn5o8Kjf.jpg","popularity":1.660569,"title":"Stir of Echoes","video":false,"vote_average":5.9,"vote_count":83},{"adult":false,"backdrop_path":"/ky9wlRARSDYgHVWU39iXCappHLx.jpg","genre_ids":[28,878],"id":1687,"original_language":"en","original_title":"Escape from the Planet of the Apes","overview":"The world is shocked by the appearance of two talking chimpanzees, who arrived mysteriously in a U.S. spacecraft. They become the toast of society; but one man believes them to be a threat to the human race.","release_date":"1971-05-20","poster_path":"/ctKDFrtD5WLnUPehQDDWt8lOkV6.jpg","popularity":1.903675,"title":"Escape from the Planet of the Apes","video":false,"vote_average":5.9,"vote_count":63},{"adult":false,"backdrop_path":"/tm1Mv4t32RXLoeouGnxw6W0t5jk.jpg","genre_ids":[35],"id":6282,"original_language":"en","original_title":"Coyote Ugly","overview":"When gorgeous, talented Violet Sanford lands in New York City with hopes of becoming a famous songwriter, she's forced to make ends meet by working at Coyote Ugly, a hot new club filled with beautiful bartenders and outrageous entertainment. Shaking her assets behind the bar certainly helps to boost the shy Violet's confidence. But it hasn't completely cured her crippling case of stage fright.","release_date":"2000-07-30","poster_path":"/15A92dWMP4anntYpAQ0Mzq7wtru.jpg","popularity":1.331331,"title":"Coyote Ugly","video":false,"vote_average":5.9,"vote_count":182},{"adult":false,"backdrop_path":"/xLcH3m07JDmanPo0PpKGgvWD78A.jpg","genre_ids":[9648,878,53],"id":846,"original_language":"en","original_title":"The X Files","overview":"Blackwood, Texas: After falling through a hole in the ground, a young boy is infected by the alien Black Oil. One week later, in Dallas, a federal building is bombed by terrorists, killing five people, including the Blackwood boy. Mulder and Scully, now part of an FBI anti-terrorism unit, learn that the boy as well as three other victims were dead even before the bombing, cause of death: an alien virus. In the Texas desert, the agents find an agricultural complex that may hold the key to unlocking the government conspiracy surrounding the extraterrestrials and their lethal virus which Mulder and Scully must fight the government in a conspiracy and find the truth about an alien colonization of Earth.","release_date":"1998-06-19","poster_path":"/cpvwMPMkvsZLzThJTcnh8wcNPMH.jpg","popularity":2.753621,"title":"The X Files","video":false,"vote_average":5.9,"vote_count":138},{"adult":false,"backdrop_path":"/2tCAEhE2rPONBmUOs4W73AlBWYg.jpg","genre_ids":[12,28,53],"id":691,"original_language":"en","original_title":"The Spy Who Loved Me","overview":"Russian and British submarines with nuclear missiles on board both vanish from sight without a trace. England and Russia both blame each other as James Bond tries to solve the riddle of the disappearing ships. But the KGB also has an agent on the case.","release_date":"1977-07-19","poster_path":"/vYMgDqQDpqHDhz3enGkwBmTs7p7.jpg","popularity":2.161069,"title":"The Spy Who Loved Me","video":false,"vote_average":5.9,"vote_count":163},{"adult":false,"backdrop_path":"/9dgkAefpFqWs5egBOwVVLxy4OBe.jpg","genre_ids":[12,35,10751],"id":18736,"original_language":"en","original_title":"The Lizzie McGuire Movie","overview":"Lizzie McGuire has graduated from middle school and takes a trip to Rome, Italy.","release_date":"2003-04-25","poster_path":"/bYKSXI36PrJ9bO4jFs0wde6VmEv.jpg","popularity":0.597554,"title":"The Lizzie McGuire Movie","video":false,"vote_average":5.9,"vote_count":56},{"adult":false,"backdrop_path":"/zrLF8DtMgdiLfNbJU6VrhaN8Mpf.jpg","genre_ids":[27,53,18],"id":10065,"original_language":"en","original_title":"The Amityville Horror","overview":"A family is terrorized by demonic forces after moving into a home that was the site of a grisly mass-murder.","release_date":"2005-04-15","poster_path":"/cZW2ajrHSiA0Ar2o00g4ezUYqZX.jpg","popularity":1.883302,"title":"The Amityville Horror","video":false,"vote_average":5.9,"vote_count":149},{"adult":false,"backdrop_path":"/yvL0o1PknqlOYnIovCEYiv2excx.jpg","genre_ids":[18],"id":7859,"original_language":"en","original_title":"Half Nelson","overview":"Despite his dedication to the junior-high students who fill his classroom, idealistic teacher Dan Dunne leads a secret life of addiction that the majority of his students will never know. But things change when a troubled student Drey makes a startling discovery of his secret life, causing a tenuous bond between the two that could either end disastrously or provide a catalyst of hope.","release_date":"2006-08-11","poster_path":"/wkavgAu9VrDez1tOE4mQL8Ivuuu.jpg","popularity":1.71789,"title":"Half Nelson","video":false,"vote_average":5.9,"vote_count":62},{"adult":false,"backdrop_path":"/rbh1X7khOI8nv9nprC1OVwXl9ZJ.jpg","genre_ids":[14,35],"id":9374,"original_language":"en","original_title":"Death Becomes Her","overview":"Madeline is married to Ernest, who was once arch-rival Helen's fiance. After recovering from a mental breakdown, Helen vows to kill Madeline and steal back Ernest. Unfortunately for everyone, the introduction of a magic potion causes things to be a great deal more complicated than a mere murder plot.","release_date":"1992-07-30","poster_path":"/qNIkecw9i44ljTJaMfkdeyLc4vB.jpg","popularity":2.068024,"title":"Death Becomes Her","video":false,"vote_average":5.9,"vote_count":172},{"adult":false,"backdrop_path":"/A2WK7mdiKHaxgE4hRyKuDIM4KGg.jpg","genre_ids":[53,18],"id":181283,"original_language":"en","original_title":"Child 44","overview":"Set in Stalin-era Soviet Union, a disgraced MGB agent is dispatched to investigate a series of child murders -- a case that begins to connect with the very top of party leadership.","release_date":"2015-04-17","poster_path":"/nzXwfnBcsmREzHlem6fkStN1RUH.jpg","popularity":10.138807,"title":"Child 44","video":false,"vote_average":5.9,"vote_count":98},{"adult":false,"backdrop_path":"/mhleoBTypRbM9FivAJg1YiNFc7j.jpg","genre_ids":[12,16,10751],"id":15657,"original_language":"en","original_title":"Tarzan II","overview":"Experience the beginning of the legend with Disney's TARZAN II, a hilarious, all-new, animated motion picture loaded with laughs, irresistible new songs by Phil Collins, and the inspired voice talent of Glenn Close, George Carlin, and Emmy Award winner Brad Garrett. Before he was King of the Jungle, Tarzan was an awkward young kid just trying to fit in. When one of his missteps puts his family in jeopardy, Tarzan decides they would be better off without him. His thrilling new journey brings him face to face with the mysterious Zugor, the most powerful force in the land. Together, Tarzan and Zugor discover that being different is not a weakness and that friends and family are the greatest strength of all. This action-packed adventure is sure to delight the entire family. Get ready to GO APE over Disney's wild, new TARZAN II.","release_date":"2005-06-13","poster_path":"/4PMZm53uFvq1eSgNbosr9xJTCM1.jpg","popularity":0.402512,"title":"Tarzan II","video":false,"vote_average":5.9,"vote_count":55}],"total_pages":180,"total_results":3596}
