{"page":85,"results":[{"adult":false,"backdrop_path":"/kAP1HdlU4rnqC7mYMx2Rg7KZST3.jpg","genre_ids":[18,878],"id":145197,"original_language":"en","original_title":"Upstream Color","overview":"A man and woman are drawn together, entangled in the lifecycle of an ageless organism. Identity becomes an illusion as they struggle to assemble the loose fragments of wrecked lives.","release_date":"2013-04-05","poster_path":"/ckbUVwa9r7h348upwiRvjpl4sQp.jpg","popularity":1.816922,"title":"Upstream Color","video":false,"vote_average":6.4,"vote_count":93},{"adult":false,"backdrop_path":"/mFSmjVtZ9hsU8RQm4Cda3fG7SaD.jpg","genre_ids":[12,35,878],"id":39513,"original_language":"en","original_title":"Paul","overview":"For the past 60 years, a space-traveling smart-ass named Paul has been locked up in a top-secret military base, advising world leaders about his kind. But when he worries he’s outlived his usefulness and the dissection table is drawing uncomfortably close, Paul escapes on the first RV that passes by his compound in Area 51. Fortunately, it contains the two earthlings who are most likely to rescue and harbor an alien on the run.","release_date":"2011-03-17","poster_path":"/297N75COL0NsJJY5k5U8VTJ1DCe.jpg","popularity":1.811521,"title":"Paul","video":false,"vote_average":6.4,"vote_count":587},{"adult":false,"backdrop_path":"/mOXpgCVPy43L3Sbq9keft6VSQ7O.jpg","genre_ids":[16],"id":9732,"original_language":"en","original_title":"The Lion King 2: Simba's Pride","overview":"The circle of life continues for Simba, now fully grown and in his rightful place as the king of Pride Rock. Simba and Nala have given birth to a daughter, Kiara who's as rebellious as her father was. But Kiara drives her parents to distraction when she catches the eye of Kovu, the son of the evil lioness, Zira. Will Kovu steal Kiara's heart?","release_date":"1998-10-26","poster_path":"/d1Wj5wfzu4CWvKOIL1l42NBYnzE.jpg","popularity":3.101477,"title":"The Lion King 2: Simba's Pride","video":false,"vote_average":6.4,"vote_count":301},{"adult":false,"backdrop_path":"/697HWfGtDmK5Yi5QTEL19Q8dzPL.jpg","genre_ids":[10402,18,10749],"id":85446,"original_language":"en","original_title":"Step Up Revolution","overview":"Emily arrives in Miami with aspirations to become a professional dancer. She sparks with Sean, the leader of a dance crew whose neighborhood is threatened by Emily's father's development plans.","release_date":"2012-07-26","poster_path":"/bduyqAyMtPDs4m16F7SuLQtbcud.jpg","popularity":2.835465,"title":"Step Up Revolution","video":false,"vote_average":6.4,"vote_count":250},{"adult":false,"backdrop_path":"/ygQQHmscHQWmJ2uQzXdxLE9Yszz.jpg","genre_ids":[28,12,18],"id":152747,"original_language":"en","original_title":"All Is Lost","overview":"Deep into a solo voyage in the Indian Ocean, an unnamed man (Redford) wakes to find his 39-foot yacht taking on water after a collision with a shipping container left floating on the high seas. With his navigation equipment and radio disabled, the man sails unknowingly into the path of a violent storm. Despite his success in patching the breached hull, his mariner's intuition and a strength that belies his age, the man barely survives the tempest. Using only a sextant and nautical maps to chart his progress, he is forced to rely on ocean currents to carry him into a shipping lane in hopes of hailing a passing vessel. But with the sun unrelenting, sharks circling and his meager supplies dwindling, the ever-resourceful sailor soon finds himself staring his mortality in the face.","release_date":"2013-10-18","poster_path":"/9hdfc5MA50LUBwGXwHyO4BoFi57.jpg","popularity":3.304776,"title":"All Is Lost","video":false,"vote_average":6.4,"vote_count":273},{"adult":false,"backdrop_path":"/m7p9XaukI9c3IGdX8w9NaKgOrin.jpg","genre_ids":[35],"id":11017,"original_language":"en","original_title":"Billy Madison","overview":"Billy Madison is the 27 year-old son of Bryan Madison, a very rich man who has made his living in the hotel industry. Billy stands to inherit his father's empire but only if he can make it through all 12 grades, 2 weeks per grade, to prove that he has what it takes to run the family business.","release_date":"1995-02-10","poster_path":"/5mP8F0NYSVrwrlWRCSD4uywMNnX.jpg","popularity":1.536509,"title":"Billy Madison","video":false,"vote_average":6.4,"vote_count":124},{"adult":false,"backdrop_path":"/2Po4fvS46AAshzDZGDdjkrVxPo8.jpg","genre_ids":[18,10749,14],"id":24420,"original_language":"en","original_title":"The Time Traveler's Wife","overview":"Due to a genetic disorder, handsome librarian Henry DeTamble involuntarily zips through time, appearing at various moments in the life of his true love, the beautiful artist Clare Abshire.","release_date":"2009-08-14","poster_path":"/ayGp00uS6XRrNfbR59XWrJh9jpC.jpg","popularity":1.919737,"title":"The Time Traveler's Wife","video":false,"vote_average":6.4,"vote_count":246},{"adult":false,"backdrop_path":"/bplDiT5JhaXf9S5arO8g5QsFtDi.jpg","genre_ids":[12,28,53],"id":646,"original_language":"en","original_title":"Dr. No","overview":"When Strangways, the British SIS Station Chief in Jamaica goes missing, MI6 send James Bond - Agent 007 to investigate. His investigation leads him to the mysterious Crab Key; the secret base of Dr No who he suspects is trying to sabotage the American space program using a radio beam. With the assistance of local fisherman Quarrel, who had been helping Strangways, Bond sneaks onto Crab Key where he meets the beautiful Honey Ryder. Can the three of them defeat an army of henchmen and a \"fire breathing dragon\" in order to stop Dr No, save the space program and get revenge for Strangways? Dr. No is the first film of legendary James Bond series starring Sean Connery in the role of Fleming's British super agent.","release_date":"1962-10-05","poster_path":"/gRdfLVVf6FheOw6mw6wOsKhZG1l.jpg","popularity":3.392024,"title":"Dr. No","video":false,"vote_average":6.4,"vote_count":336},{"adult":false,"backdrop_path":"/hqNff5zochp9hzo299wC4Uoy8M9.jpg","genre_ids":[10402,35,18,10751],"id":196867,"original_language":"en","original_title":"Annie","overview":"Annie is a young, happy foster kid who's also tough enough to make her way on the streets of New York in 2014. Originally left by her parents as a baby with the promise that they'd be back for her someday, it's been a hard knock life ever since with her mean foster mom Miss Hannigan. But everything's about to change when the hard-nosed tycoon and New York mayoral candidate Will Stacks - advised by his brilliant VP, Grace and his shrewd and scheming campaign advisor, Guy - makes a thinly-veiled campaign move and takes her in. Stacks believes he's her guardian angel, but Annie's self-assured nature and bright, sun-will-come-out-tomorrow outlook on life just might mean it's the other way around.","release_date":"2014-12-19","poster_path":"/hkvKhuUUgjJ4jrXKkvqoQ5JnQx5.jpg","popularity":6.457286,"title":"Annie","video":false,"vote_average":6.4,"vote_count":154},{"adult":false,"backdrop_path":"/cPg2OJ56J6p0da12Hez5u5iiFd6.jpg","genre_ids":[28,53,80,18],"id":241239,"original_language":"en","original_title":"A Most Violent Year","overview":"A thriller set in New York City during the winter of 1981, statistically one of the most violent years in the city's history, and centered on a the lives of an immigrant and his family trying to expand their business and capitalize on opportunities as the rampant violence, decay, and corruption of the day drag them in and threaten to destroy all they have built.","release_date":"2014-12-31","poster_path":"/7xvfhwi1RjF27z3TfaJFAsIaO3x.jpg","popularity":4.405154,"title":"A Most Violent Year","video":false,"vote_average":6.4,"vote_count":171},{"adult":false,"backdrop_path":"/jDlZkHKuF9yCqUadzFvs4COA0ae.jpg","genre_ids":[27,35,53],"id":253306,"original_language":"en","original_title":"Housebound","overview":"When Kylie Bucknell is sentenced to home detention, she's forced to come to terms with her unsociable behaviour, her blabbering mother and a hostile spirit who seems less than happy about the new living arrangement.","release_date":"2014-10-17","poster_path":"/5pooROOhs9ctkmMiZAfE9DDrh9j.jpg","popularity":1.794057,"title":"Housebound","video":false,"vote_average":6.4,"vote_count":72},{"adult":false,"backdrop_path":"/pGVpDc6MgLRtOYdxsA5fhj1SZki.jpg","genre_ids":[28,12,80,53],"id":1637,"original_language":"en","original_title":"Speed","overview":"Los Angeles SWAT cop Jack Traven is up against bomb expert Howard Payne, who's after major ransom money. First it's a rigged elevator in a very tall building. Then it's a rigged bus--if it slows, it will blow, bad enough any day, but a nightmare in LA traffic. And that's still not the end.","release_date":"1994-06-09","poster_path":"/bDLiyoxdK8mZHaeYVOxMZj7WGkb.jpg","popularity":3.101999,"title":"Speed","video":false,"vote_average":6.4,"vote_count":481},{"adult":false,"backdrop_path":"/tLDljWDR3Rz3zrtxHGWlVQI8UCI.jpg","genre_ids":[18],"id":2289,"original_language":"en","original_title":"Cold Mountain","overview":"In this classic story of love and devotion set against the backdrop of the American Civil War, a wounded Confederate soldier named W.P. Inman deserts his unit and travels across the South, aiming to return to his young wife, Ada, who he left behind to tend their farm. As Inman makes his perilous journey home, Ada struggles to keep their home intact with the assistance of Ruby, a mysterious drifter sent to help her by a kindly neighbor.","release_date":"2003-12-24","poster_path":"/9MYfag0sPAaJUq3Lc0rXxhQHLA5.jpg","popularity":0.665875,"title":"Cold Mountain","video":false,"vote_average":6.4,"vote_count":161},{"adult":false,"backdrop_path":"/kSZd5IkmNbSbL7jPkfKFGTMpe6u.jpg","genre_ids":[18,53],"id":7442,"original_language":"en","original_title":"Sleeping with the Enemy","overview":"A young woman fakes her own death in an attempt to escape her nightmarish marriage, but discovers it is impossible to elude her controlling husband.","release_date":"1991-02-08","poster_path":"/2GsBuNjlbuu6LKifsCiX5c9lgFZ.jpg","popularity":1.671545,"title":"Sleeping with the Enemy","video":false,"vote_average":6.4,"vote_count":58},{"adult":false,"backdrop_path":"/few3uz5eiHGc0d87PGXG9pSHfMU.jpg","genre_ids":[35,10749,18],"id":38408,"original_language":"en","original_title":"Life as We Know It","overview":"Holly and Eric were set up on a blind date by their friends, Peter and Allison who are married. A few years later after Peter and Allison were killed in an accident, they learn that Peter and Allison have named them as the guardians to their daughter, Sophie. So they move into their house and try their best to honor their friends' wishes. But raising a child puts a crimp on their style and they don't exactly get along.","release_date":"2010-10-08","poster_path":"/u7Gei2Hvh0ux4weJRDZsgMoXSTI.jpg","popularity":2.830881,"title":"Life as We Know It","video":false,"vote_average":6.4,"vote_count":214},{"adult":false,"backdrop_path":"/cPhRPAJWK8BuuJqqf6PztzvOlnZ.jpg","genre_ids":[28,14,53],"id":277,"original_language":"en","original_title":"Underworld","overview":"Vampires and werewolves have waged a nocturnal war against each other for centuries. But all bets are off when a female vampire warrior named Selene, who's famous for her strength and werewolf-hunting prowess, becomes smitten with a peace-loving male werewolf, Michael, who wants to end the war.","release_date":"2003-09-19","poster_path":"/rdkxl5iXdpVU188cL1LLG3sy6z4.jpg","popularity":1.316056,"title":"Underworld","video":false,"vote_average":6.4,"vote_count":1127},{"adult":false,"backdrop_path":"/cZkPJ0noQvcR3oCCZ4pwYZeWUYi.jpg","genre_ids":[28,53,878],"id":59967,"original_language":"en","original_title":"Looper","overview":"In the futuristic action thriller Looper, time travel will be invented but it will be illegal and only available on the black market. When the mob wants to get rid of someone, they will send their target 30 years into the past where a looper, a hired gun, like Joe is waiting to mop up. Joe is getting rich and life is good until the day the mob decides to close the loop, sending back Joe's future self for assassination.","release_date":"2012-09-28","poster_path":"/o4qXZMrZlfuTfwwNGMyTcx6p2uO.jpg","popularity":4.888489,"title":"Looper","video":false,"vote_average":6.4,"vote_count":2754},{"adult":false,"backdrop_path":"/mmwQBfWmEqJBOwfsjIBJPchXlSP.jpg","genre_ids":[878,28,12,53],"id":193,"original_language":"en","original_title":"Star Trek: Generations","overview":"Captain Jean-Luc Picard and the crew of the Enterprise-D find themselves at odds with the renegade scientist Soran who is destroying entire star systems. Only one man can help Picard stop Soran's scheme...and he's been dead for seventy-eight years.","release_date":"1994-11-17","poster_path":"/wjrXjlNpDq9U8vYmAwf420yDFtn.jpg","popularity":2.069352,"title":"Star Trek: Generations","video":false,"vote_average":6.4,"vote_count":170},{"adult":false,"backdrop_path":"/ca925HbhdgTdjEs3VGg3SX0k86a.jpg","genre_ids":[12,14,35,878,10751],"id":1648,"original_language":"en","original_title":"Bill & Ted's Excellent Adventure","overview":"Bill and Ted have spent so much time forming their rock band, The Wyld Stallyns, that they're flunking history. When Ted's dad threatens to send him away to military school, Bill and Ted realize it could mean the most heinous end of The Stallyns! Luckily, a guide from the future, Rufus, has come to them with a most bodacious solution.","release_date":"1989-02-17","poster_path":"/b2yKJ1STPklVSRtso2Tg4TPXK7u.jpg","popularity":1.657883,"title":"Bill & Ted's Excellent Adventure","video":false,"vote_average":6.4,"vote_count":126},{"adult":false,"backdrop_path":"/wU05h6gUIjT55jPI5pHKgu3wjd1.jpg","genre_ids":[28,12,18,53],"id":9433,"original_language":"en","original_title":"The Edge","overview":"The plane carrying wealthy Charles Morse crashes down in the Alaskan wilderness. Together with the two other passengers, photographer Robert and assistant Stephen, Charles devises a plan to help them reach civilization. However, his biggest obstacle might not be the elements, or even the Kodiak bear stalking them -- it could be Robert, whom Charles suspects is having an affair with his wife and would not mind seeing him dead.","release_date":"1997-09-06","poster_path":"/xCbsU8JJgX8w9FxDKNPErA9elWC.jpg","popularity":1.552225,"title":"The Edge","video":false,"vote_average":6.4,"vote_count":82}],"total_pages":180,"total_results":3596}
