{"page":88,"results":[{"adult":false,"backdrop_path":"/flo1t3tcwQ08b2J5DvlwDasE6Dp.jpg","genre_ids":[53,9648],"id":181886,"original_language":"en","original_title":"Enemy","overview":"Jake Gyllenhaal reteams with PRISONERS director Denis Villeneuve in this sexy and mind bending thriller. Adam Bell is a glum professor who has grown disinterested by his ordinary life. When Adam discovers a man who appears to be his double, the identical men meet and their lives become bizarrely and hauntingly intertwined. Gyllenhaal is transfixing playing both roles, journeying through a world both familiar and strange. The film’s final and unnerving image will not be soon forgotten by audiences. In the end, only one man can survive.","release_date":"2013-09-08","poster_path":"/aQkyFHzNzZoMhxZ7c0IaK8BljED.jpg","popularity":4.318324,"title":"Enemy","video":false,"vote_average":6.4,"vote_count":306},{"adult":false,"backdrop_path":"/4cWk8xSRj4Ahz2yeZRqQr2m67lH.jpg","genre_ids":[35,18,10751,10749],"id":8326,"original_language":"en","original_title":"Holes","overview":"Stanley's family is cursed with bad luck. Unfairly sentenced to months of detention at Camp Green Lake, he and his campmates are forced by the warden to dig holes in order to build character. What they don't know is that they are digging holes in order to search for a lost treasure hidden somewhere in the camp.","release_date":"2003-04-18","poster_path":"/88HeeiJ6Vgu329KCcFC4cEcicPr.jpg","popularity":1.766081,"title":"Holes","video":false,"vote_average":6.4,"vote_count":102},{"adult":false,"backdrop_path":"/74OOkCoNbMb5bDg1AVXQxmGUTex.jpg","genre_ids":[18,10749,53],"id":796,"original_language":"en","original_title":"Cruel Intentions","overview":"Slaking a thirst for dangerous games, Kathryn challenges her stepbrother, Sebastian, to deflower their headmaster's daughter before the summer ends. If he succeeds, the prize is the chance to bed Kathryn. But if he loses, Kathryn will claim his most prized possession.","release_date":"1999-03-05","poster_path":"/6RQu0J2u7viDa34Nn98sKaHv5jD.jpg","popularity":2.010371,"title":"Cruel Intentions","video":false,"vote_average":6.4,"vote_count":293},{"adult":false,"backdrop_path":"/kBTdPNTAzagAY6UiwY957KCDGuu.jpg","genre_ids":[16,35,18,14,10751],"id":2300,"original_language":"en","original_title":"Space Jam","overview":"Michael Jordan agrees to help the Looney Tunes play a basketball game against alien slavers to determine their freedom.","release_date":"1996-11-15","poster_path":"/x2wI4AYkrlpKSwXSm7o7yrjatv4.jpg","popularity":1.17054,"title":"Space Jam","video":false,"vote_average":6.4,"vote_count":335},{"adult":false,"backdrop_path":"/wIpN41SgnwlS0QdgqFJXOZmHWO8.jpg","genre_ids":[28,18,10749,53],"id":4588,"original_language":"zh","original_title":"色‧戒","overview":"During World War II a secret agent (Tang Wei) must seduce, then assassinate an official (Tony Leung Chiu Wai) who works for the Japanese puppet government in Shanghai. Her mission becomes clouded when she finds herself falling in love with the man she is assigned to kill.","release_date":"2007-08-30","poster_path":"/1voAijiJYzN3pNyo90ffd6WOKik.jpg","popularity":2.573271,"title":"Lust, Caution","video":false,"vote_average":6.4,"vote_count":86},{"adult":false,"backdrop_path":"/qJx2FWavjwxS58EZMBEXn44YY31.jpg","genre_ids":[35,18,10749],"id":9726,"original_language":"en","original_title":"A Good Year","overview":"Max Skinner (Russell Crowe) is a highly successful investment expert with no time for life outside work. When his estranged uncle dies, Max inherits the vineyard in France where he grew up as a child, and his first intention is to sell the vineyard as quickly as possible. But after spending unexpected time at the Vineyard in France, he discovers a part of himself that he had lost and experiences romance and a blossoming new love affair with a beautiful French woman that changes his life forever.","release_date":"2006-09-09","poster_path":"/xxVoHo9Z9CZzRdkzj1IxrWYTQWT.jpg","popularity":1.012283,"title":"A Good Year","video":false,"vote_average":6.4,"vote_count":100},{"adult":false,"backdrop_path":"/2uD68TBNAuhQmIqqi9xr1ElF8zH.jpg","genre_ids":[28,12,878,10751],"id":10249,"original_language":"en","original_title":"The Rocketeer","overview":"Young 1930's pilot Cliff Secord stumbles on a top secret rocket-pack and with the help of his mechanic/mentor, Peevee, he attempts to save his girl and stop the Nazis as The Rocketeer.","release_date":"1991-06-21","poster_path":"/tFOoAfyznMdCRJIvX3vDOpr3MCg.jpg","popularity":0.944694,"title":"The Rocketeer","video":false,"vote_average":6.4,"vote_count":82},{"adult":false,"backdrop_path":"/eCVyxdraegyZLxz47VxqJQ6xUZ9.jpg","genre_ids":[16,10751,12,14],"id":25475,"original_language":"en","original_title":"Tinker Bell and the Lost Treasure","overview":"A blue harvest moon will rise, allowing the fairies to use a precious moonstone to restore the Pixie Dust Tree, the source of all their magic. But when Tinker Bell accidentally puts all of Pixie Hollow in jeopardy, she must venture out across the sea on a secret quest to set things right.","release_date":"2009-09-03","poster_path":"/c695u6KN4E42DMbzzvq3UHLI47S.jpg","popularity":2.115198,"title":"Tinker Bell and the Lost Treasure","video":false,"vote_average":6.4,"vote_count":57},{"adult":false,"backdrop_path":"/214TKe8WBBbFXVrBRV9RECeE4oW.jpg","genre_ids":[27,53],"id":22970,"original_language":"en","original_title":"The Cabin in the Woods","overview":"Five college friends spend the weekend at a remote cabin in the woods, where they get more than they bargained for. Together, they must discover the truth behind the cabin in the woods.","release_date":"2012-04-12","poster_path":"/t8cW3FSCDYCaWRiNHSvI6SDuWeA.jpg","popularity":2.633859,"title":"The Cabin in the Woods","video":false,"vote_average":6.4,"vote_count":925},{"adult":false,"backdrop_path":"/zKJ5KT4yLoIg2P3xrcs6yLAO6Zi.jpg","genre_ids":[18,10770],"id":3293,"original_language":"en","original_title":"Pirates of Silicon Valley","overview":"This film is the semi-humorous documentary about the men who made the world of technology what it is today, their struggles during college, the founding of their companies, and the ingenious actions they took to build up the global corporate empires of Apple Computer Inc. and Microsoft Corporation.","release_date":"1999-06-20","poster_path":"/62NXimypwBEiu9IS2Z6R5OI5Ncu.jpg","popularity":0.538911,"title":"Pirates of Silicon Valley","video":false,"vote_average":6.4,"vote_count":77},{"adult":false,"backdrop_path":"/g1BfxcnplYEveGqS1ttfhdRBgbR.jpg","genre_ids":[35,53,80],"id":8012,"original_language":"en","original_title":"Get Shorty","overview":"A mobster travels to Hollywood to collect a debt and discovers that the movie business is much the same as his current job.","release_date":"1995-10-20","poster_path":"/vWtDUUgQAsVyvRW4mE75LBgVm2e.jpg","popularity":1.611983,"title":"Get Shorty","video":false,"vote_average":6.4,"vote_count":80},{"adult":false,"backdrop_path":"/pHM9Xr6ivOspDUWuprjaxgPbcB3.jpg","genre_ids":[18,80,53],"id":11975,"original_language":"en","original_title":"The Rainmaker","overview":"When Rudy Baylor (Matt Damon), a young attorney with no clients, goes to work for a seedy ambulance chaser, he wants to help the parents of a terminally ill boy in their suit against an insurance company (represented by a ruthless Jon Voight). But to take on corporate America, Rudy and a scrappy paralegal (Danny DeVito) must open their own law firm.","release_date":"1997-11-18","poster_path":"/ljHBYpeNAUAc8AaxfDArpB2A4yg.jpg","popularity":2.379667,"title":"The Rainmaker","video":false,"vote_average":6.4,"vote_count":59},{"adult":false,"backdrop_path":"/9l5Nzo1qbEslfCu2NYWimpZ1Vkc.jpg","genre_ids":[35,10751,14,10749],"id":4523,"original_language":"en","original_title":"Enchanted","overview":"The beautiful princess Giselle is banished by an evil queen from her magical, musical animated land and finds herself in the gritty reality of the streets of modern-day Manhattan. Shocked by this strange new environment that doesn't operate on a \"happily ever after\" basis, Giselle is now adrift in a chaotic world badly in need of enchantment. But when Giselle begins to fall in love with a charmingly flawed divorce lawyer who has come to her aid - even though she is already promised to a perfect fairy tale prince back home - she has to wonder: Can a storybook view of romance survive in the real world?","release_date":"2007-11-20","poster_path":"/65EfHNQ6NCeAoRPNLRhTyLqNZmU.jpg","popularity":2.914274,"title":"Enchanted","video":false,"vote_average":6.4,"vote_count":312},{"adult":false,"backdrop_path":"/fGuoOLZeM4elFV8CBcPCLMc1fwj.jpg","genre_ids":[28,12,80],"id":59859,"original_language":"en","original_title":"Kick-Ass 2","overview":"After Kick-Ass’ insane bravery inspires a new wave of self-made masked crusaders, he joins a patrol led by the Colonel Stars and Stripes. When these amateur superheroes are hunted down by Red Mist — reborn as The Mother Fucker — only the blade-wielding Hit-Girl can prevent their annihilation.","release_date":"2013-08-16","poster_path":"/xEDiYvObe2enHa5utvbJlnbp0KJ.jpg","popularity":2.843542,"title":"Kick-Ass 2","video":false,"vote_average":6.4,"vote_count":931},{"adult":false,"backdrop_path":"/5S1Peo0X5iRbzTzsdrgEENNKU98.jpg","genre_ids":[878,53],"id":227719,"original_language":"en","original_title":"Project Almanac","overview":"A group of teens discover secret plans of a time machine, and construct one. However, things start to get out of control.","release_date":"2015-01-30","poster_path":"/g3Krq7P7pkgjWpzUDA6lrniiSJ7.jpg","popularity":5.350395,"title":"Project Almanac","video":false,"vote_average":6.4,"vote_count":290},{"adult":false,"backdrop_path":"/q6jg0cSixdEGUsyzkuh2qqL6iVq.jpg","genre_ids":[28,12,14],"id":8009,"original_language":"en","original_title":"Highlander","overview":"He fought his first battle on the Scottish Highlands in 1536. He will fight his greatest battle on the streets of New York City in 1986. His name is Connor MacLeod. He is immortal.","release_date":"1986-03-07","poster_path":"/6l4t1vWAFMuAiOpDT0mDWlrr5Mp.jpg","popularity":0.809635,"title":"Highlander","video":false,"vote_average":6.4,"vote_count":172},{"adult":false,"backdrop_path":"/pNMbgA8x9Z6yowhKiOnFgWug7oi.jpg","genre_ids":[35,18,10749],"id":16186,"original_language":"en","original_title":"Diary of a Mad Black Woman","overview":"Charles McCarter and his wife Helen are about to celebrate their 18th-wedding anniversary when Helen comes home to find her clothes packed up in a U-Haul van parked in the driveway. Charles is divorcing Her. Helen moves in with her grandmother Madea, an old woman who doesn't take any lip from anyone. Madea helps Helen through these tough times by showing her what is really important in life.","release_date":"2005-02-25","poster_path":"/dB2WX5romhtjQ0uF2ma6yedRd54.jpg","popularity":1.415417,"title":"Diary of a Mad Black Woman","video":false,"vote_average":6.4,"vote_count":55},{"adult":false,"backdrop_path":"/t2QU2UEOP4ftYnG00z53FaC32hs.jpg","genre_ids":[35,18,10749],"id":9390,"original_language":"en","original_title":"Jerry Maguire","overview":"Jerry Maguire used to be a typical sports agent: willing to do just about anything he could to get the biggest possible contracts for his clients, plus a nice commission for himself. Then, one day, he suddenly has second thoughts about what he's really doing. When he voices these doubts, he ends up losing his job and all of his clients, save Rod Tidwell, an egomaniacal football player.","release_date":"1996-12-06","poster_path":"/99YTEdKOKDRClsscOpJfdkbaTrQ.jpg","popularity":2.869137,"title":"Jerry Maguire","video":false,"vote_average":6.4,"vote_count":264},{"adult":false,"backdrop_path":"/7kdojkEFvd4Fdg7Ok0OL4Fks3TR.jpg","genre_ids":[35,10751],"id":218778,"original_language":"en","original_title":"Alexander and the Terrible, Horrible, No Good, Very Bad Day","overview":"Alexander's day begins with gum stuck in his hair, followed by more calamities. Though he finds little sympathy from his family and begins to wonder if bad things only happen to him, his mom, dad, brother, and sister all find themselves living through their own terrible, horrible, no good, very bad day.","release_date":"2014-10-10","poster_path":"/yup7xOCpOSHeUyalUH6mpFuBDpG.jpg","popularity":1.834742,"title":"Alexander and the Terrible, Horrible, No Good, Very Bad Day","video":false,"vote_average":6.4,"vote_count":184},{"adult":false,"backdrop_path":"/dgbORR9Jh0lXoPJPH02IFNc0F2b.jpg","genre_ids":[28,53,80],"id":1701,"original_language":"en","original_title":"Con Air","overview":"When the government puts all its rotten criminal eggs in one airborne basket, it's asking for trouble. Before you can say, \"Pass the barf bag,\" the crooks control the plane, led by creepy Cyrus \"The Virus\" Grissom. Watching his every move is the just-released Cameron Poe, who'd rather reunite with his family. The action climaxes with an incredible crash sequence in Las Vegas.","release_date":"1997-06-01","poster_path":"/yhaOQ7xXw0PLHLvg1w0M9zlPdg6.jpg","popularity":2.529178,"title":"Con Air","video":false,"vote_average":6.4,"vote_count":456}],"total_pages":180,"total_results":3596}
