{"page":9,"results":[{"adult":false,"backdrop_path":"/mMxKHQvRQWdak5AQdi0pCHKNVPJ.jpg","genre_ids":[18,80,9648,53],"id":9504,"original_language":"en","original_title":"Glengarry Glen Ross","overview":"Glengarry Glen Ross, follows the lives of four unethical Chicago real estate agents who are prepared to go to any lengths (legal or illegal) to unload undesirable real estate on unwilling prospective buyers.","release_date":"1992-09-16","poster_path":"/4YgCTLcHEIeGyzrKpwz93rORb8l.jpg","popularity":1.828595,"title":"Glengarry Glen Ross","video":false,"vote_average":7.6,"vote_count":61},{"adult":false,"backdrop_path":"/3md49VBCeqY6MSNyAVY6d5eC6bA.jpg","genre_ids":[18,27,53],"id":539,"original_language":"en","original_title":"Psycho","overview":"When larcenous real estate clerk Marion Crane goes on the lam with a wad of cash and hopes of starting a new life, she ends up at the notorious Bates Motel, where manager Norman Bates cares for his housebound mother. The place seems quirky, but fine… until Marion decides to take a shower.","release_date":"1960-06-16","poster_path":"/oVXm1eBwkgBsOlzTgsMtgkPB2Ha.jpg","popularity":3.875987,"title":"Psycho","video":false,"vote_average":7.6,"vote_count":555},{"adult":false,"backdrop_path":"/6LFuuLkdPwUPrzt9kqfKW2JGbS6.jpg","genre_ids":[12,35,18],"id":340,"original_language":"en","original_title":"Everything is Illuminated","overview":"A film based on the semi-autobiographical novel of the same name by American writer Jonathan Safran Foer, in which a young Jewish American man endeavors—with the help of eccentric, distant relatives—to find the woman who saved his grandfather during World War II, in a Ukrainian village which was ultimately razed by the Nazis.","release_date":"2005-09-16","poster_path":"/d83IUUdA8mbenp5RaEuC02MbN6f.jpg","popularity":1.563085,"title":"Everything is Illuminated","video":false,"vote_average":7.6,"vote_count":70},{"adult":false,"backdrop_path":"/9yJehIjvR7ULOLxeDJoth4kDDNe.jpg","genre_ids":[12,18],"id":5915,"original_language":"en","original_title":"Into the Wild","overview":"Based on a true story. After graduating from Emory University in 1992, top student and athlete Christopher McCandless abandoned his possessions, gave his entire $24,000 savings account to charity and hitchhiked to Alaska to live in the wilderness. Along the way, Christopher encounters a series of characters who shape his life.","release_date":"2007-09-20","poster_path":"/lHyYgaocXR6KcJLxVmxZDj115hH.jpg","popularity":2.691097,"title":"Into the Wild","video":false,"vote_average":7.6,"vote_count":759},{"adult":false,"backdrop_path":"/64VOA7jUQd6ltsliAnyDynqn9Th.jpg","genre_ids":[28,80],"id":10086,"original_language":"fr","original_title":"C'est arrivé près de chez vous","overview":"A camera crew follows a serial killer/thief around as he exercises his craft. He expounds on art, music, nature, society, and life as he offs mailmen, pensioners, and random people. Slowly he begins involving the camera crew in his activities, and they begin wondering if what they're doing is such a good idea, particularly when the killer kills a rival and the rival's brother sends a threatening letter.","release_date":"1992-05-01","poster_path":"/noCxjrCok0HtSxrAc0yWx5zSBpe.jpg","popularity":1.183591,"title":"Man Bites Dog","video":false,"vote_average":7.6,"vote_count":50},{"adult":false,"backdrop_path":"/u6ydjtF1epBmGBGAPoa8SG5EnLm.jpg","genre_ids":[35,18,878],"id":122906,"original_language":"en","original_title":"About Time","overview":"The night after another unsatisfactory New Year party, Tim's father (Bill Nighy) tells his son that the men in his family have always had the ability to travel through time. Tim can't change history, but he can change what happens and has happened in his own life---so he decides to make his world a better place...by getting a girlfriend. Sadly, that turns out not to be as easy as you might think.","release_date":"2013-11-08","poster_path":"/zSuh8dGwqpsWR7ccvYbfxbSZ37o.jpg","popularity":3.975125,"title":"About Time","video":false,"vote_average":7.6,"vote_count":685},{"adult":false,"backdrop_path":"/pIUvQ9Ed35wlWhY2oU6OmwEsmzG.jpg","genre_ids":[12,14,28],"id":120,"original_language":"en","original_title":"The Lord of the Rings: The Fellowship of the Ring","overview":"Young hobbit Frodo Baggins, after inheriting a mysterious ring from his uncle Bilbo, must leave his home in order to keep it from falling into the hands of its evil creator. Along the way, a fellowship is formed to protect the ringbearer and make sure that the ring arrives at its final destination: Mt. Doom, the only place where it can be destroyed.","release_date":"2001-12-19","poster_path":"/9HG6pINW1KoFTAKY3LdybkoOKAm.jpg","popularity":5.624797,"title":"The Lord of the Rings: The Fellowship of the Ring","video":false,"vote_average":7.6,"vote_count":4316},{"adult":false,"backdrop_path":"/jpMVir4cCQJbtmruzpNd12yJj7Y.jpg","genre_ids":[28,12,14,878],"id":211387,"original_language":"en","original_title":"Agent Carter","overview":"The film takes place one year after the events of Captain America: The First Avenger, in which Agent Carter, a member of the Strategic Scientific Reserve, is in search of the mysterious Zodiac.","release_date":"2013-09-23","poster_path":"/eiw4sh6ieAVuJq6E1bSHQkZPfwm.jpg","popularity":1.410512,"title":"Agent Carter","video":false,"vote_average":7.6,"vote_count":77},{"adult":false,"backdrop_path":"/dG4BmM32XJmKiwopLDQmvXEhuHB.jpg","genre_ids":[12,14,28],"id":121,"original_language":"en","original_title":"The Lord of the Rings: The Two Towers","overview":"Frodo and Sam are trekking to Mordor to destroy the One Ring of Power while Gimli, Legolas and Aragorn search for the orc-captured Merry and Pippin. All along, nefarious wizard Saruman awaits the Fellowship members at the Orthanc Tower in Isengard.","release_date":"2002-12-18","poster_path":"/5o5fv1dHG7vWoH2hmqwihVPBoBm.jpg","popularity":5.92724,"title":"The Lord of the Rings: The Two Towers","video":false,"vote_average":7.6,"vote_count":3595},{"adult":false,"backdrop_path":"/6uqmwt36mogSf07j2Wk87PDzbF0.jpg","genre_ids":[12,28,35,878,10402],"id":14301,"original_language":"en","original_title":"Dr. Horrible's Sing-Along Blog","overview":"Dr. Horrible, an aspiring supervillain with his own video blog, is attempting to join the prestigious Evil League of Evil (led by the legendary \"thoroughbred of sin\", Bad Horse), but his plans are usually foiled by the egotistical superhero Captain Hammer. Dr. Horrible's life is thrown for a loop when he falls in love with Penny, a beautiful and optimistic advocate for the homeless he meets at the laundromat.","release_date":"2008-07-15","poster_path":"/zlAjTMaWakkoJidwsYO0QNwtPqy.jpg","popularity":1.889495,"title":"Dr. Horrible's Sing-Along Blog","video":false,"vote_average":7.6,"vote_count":91},{"adult":false,"backdrop_path":"/eiCDoRx0UXYmFdvRoSnJKnplzlZ.jpg","genre_ids":[35,10402],"id":11031,"original_language":"en","original_title":"This Is Spinal Tap","overview":"Legendary British rock band Spinal Tap is followed by a documentary film-maker during their attempt at an American comeback tour. The resulting film, interspersed with powerful performances showcasing Tap's pivotal music and profound lyrics, candidly follows the group as the difficult industry threatens to fade them into obscurity.","release_date":"1984-05-04","poster_path":"/eSeSxGqHfLxAjLFGnUsyf9sVaFh.jpg","popularity":1.465531,"title":"This Is Spinal Tap","video":false,"vote_average":7.6,"vote_count":60},{"adult":false,"backdrop_path":"/upTn8UYt1n92opIEIyzh8HljB0F.jpg","genre_ids":[80,18,53],"id":274,"original_language":"en","original_title":"The Silence of the Lambs","overview":"FBI trainee Clarice Starling ventures into a maximum-security asylum to pick the diseased brain of Hannibal Lecter, a psychiatrist turned homicidal cannibal. Starling needs clues to help her capture a serial killer. Unfortunately, her Faustian relationship with Lecter soon leads to his escape, and now two deranged killers are on the loose.","release_date":"1991-02-14","poster_path":"/qjAyTj2BSth1EQ89vNfo0JYVPFN.jpg","popularity":0.62926,"title":"The Silence of the Lambs","video":false,"vote_average":7.6,"vote_count":1368},{"adult":false,"backdrop_path":"/3QWR9tyxLtCz7xANh7nyIxYPISp.jpg","genre_ids":[28,18,36],"id":11645,"original_language":"ja","original_title":"Ran","overview":"A story of greed, a lust for power, and ultimate revenge when an elderly lord abdicates to his three sons, and the two corrupt ones turn against him. A profound examination of the folly of war and the crumbling of one family under the weight of betrayal, greed, and the insatiable thirst for power.","release_date":"1985-06-01","poster_path":"/dwYUbrcQAyshW22yoUTzWwwC67b.jpg","popularity":1.922682,"title":"Ran","video":false,"vote_average":7.6,"vote_count":99},{"adult":false,"backdrop_path":"/7u3pxc0K1wx32IleAkLv78MKgrw.jpg","genre_ids":[12,28,53,878],"id":603,"original_language":"en","original_title":"The Matrix","overview":"Thomas A. Anderson is a man living two lives. By day he is an average computer programmer and by night a malevolent hacker known as Neo, who finds himself targeted by the police when he is contacted by Morpheus, a legendary computer hacker, who reveals the shocking truth about our reality.","release_date":"1999-03-30","poster_path":"/gynBNzwyaHKtXqlEKKLioNkjKgN.jpg","popularity":5.997036,"title":"The Matrix","video":false,"vote_average":7.6,"vote_count":4472},{"adult":false,"backdrop_path":"/1dXTsaFxHoF9cas08UjAqE8NqOW.jpg","genre_ids":[18,878,10749],"id":38,"original_language":"en","original_title":"Eternal Sunshine of the Spotless Mind","overview":"A man, Joel Barish, heartbroken that his girlfriend Clementine underwent a procedure to erase him from her memory, decides to do the same. However, as he watches his memories of her fade away, he realizes that he still loves her, and may be too late to correct his mistake.","release_date":"2004-03-19","poster_path":"/gutwXkVChJkpIrclokNESybj0GC.jpg","popularity":2.341808,"title":"Eternal Sunshine of the Spotless Mind","video":false,"vote_average":7.6,"vote_count":1007},{"adult":false,"backdrop_path":"/nxhfenC1jb5EcTI5GYxqnjYZMId.jpg","genre_ids":[35,10749],"id":194,"original_language":"fr","original_title":"Le fabuleux destin d'Amélie Poulain","overview":"At a tiny Parisian café, the adorable yet painfully shy Amélie (Audrey Tautou) accidentally discovers a gift for helping others. Soon Amelie is spending her days as a matchmaker, guardian angel, and all-around do-gooder. But when she bumps into a handsome stranger, will she find the courage to become the star of her very own love story?","release_date":"2001-04-25","poster_path":"/f0uorE7K7ggHfr8r7pUTOHWkOlE.jpg","popularity":2.99518,"title":"Amélie","video":false,"vote_average":7.6,"vote_count":983},{"adult":false,"backdrop_path":"/c5o7FN2vzI7xlU6IF1y64mgcH9E.jpg","genre_ids":[18,9648,53],"id":1124,"original_language":"en","original_title":"The Prestige","overview":"A mysterious story of two magicians whose intense rivalry leads them on a life-long battle for supremacy -- full of obsession, deceit and jealousy with dangerous and deadly consequences.","release_date":"2006-10-19","poster_path":"/5MXyQfz8xUP3dIFPTubhTsbFY6N.jpg","popularity":4.054553,"title":"The Prestige","video":false,"vote_average":7.6,"vote_count":1570},{"adult":false,"backdrop_path":"/yNlVk0HnxvY5Z1raID9N6SKeFid.jpg","genre_ids":[18,878,53],"id":78,"original_language":"en","original_title":"Blade Runner","overview":"In the smog-choked dystopian Los Angeles of 2019, blade runner Rick Deckard is called out of retirement to kill a quartet of replicants who have escaped to Earth seeking their creator for a way to extend their short life spans.","release_date":"1982-06-25","poster_path":"/5ig0kdWz5kxR4PHjyCgyI5khCzd.jpg","popularity":3.493817,"title":"Blade Runner","video":false,"vote_average":7.6,"vote_count":1311},{"adult":false,"backdrop_path":"/9aoWzwOwy9NLuSk9LkBwwrBdPYM.jpg","genre_ids":[18,878,53],"id":49047,"original_language":"en","original_title":"Gravity","overview":"Dr. Ryan Stone (Sandra Bullock), a brilliant medical engineer on her first Shuttle mission, with veteran astronaut Matt Kowalsky (George Clooney) in command of his last flight before retiring. But on a seemingly routine spacewalk, disaster strikes. The Shuttle is destroyed, leaving Stone and Kowalsky completely alone-tethered to nothing but each other and spiraling out into the blackness of space. The deafening silence tells them they have lost any link to Earth and any chance for rescue. As fear turns to panic, every gulp of air eats away at what little oxygen is left. But the only way home may be to go further out into the terrifying expance of space…","release_date":"2013-10-04","poster_path":"/uPxtxhB2Fy9ihVqtBtNGHmknJqV.jpg","popularity":6.457986,"title":"Gravity","video":false,"vote_average":7.6,"vote_count":2198},{"adult":false,"backdrop_path":"/t3Y0rPTraupA90fo8o5g64FiuCC.jpg","genre_ids":[28,18],"id":59440,"original_language":"en","original_title":"Warrior","overview":"An ex-Marine haunted by a tragic past, Tommy Riordan (Tom Hardy) returns to his hometown of Pittsburgh and enlists his father (Nick Nolte), a recovering alcoholic and his former coach, to train him for an MMA tournament awarding the biggest purse in the history of the sport. As Tommy blazes a violent path toward the title prize, his brother Brendan (Joel Edgerton), a former MMA fighter unable to make ends meet as a public school teacher, returns to the amateur ring to provide for his family. Even though years have passed, recriminations and past betrayals keep Brendan bitterly estranged from both Tommy and his father. But when Brendan's unlikely rise as an underdog sets him on a collision course with Tommy, the two brothers must finally confront the forces that tore them apart, all the while waging the most intense winner-take-all battle of their lives.","release_date":"2011-09-09","poster_path":"/qzeShckQ34eJJFQ24dTx9QI8kcS.jpg","popularity":3.298913,"title":"Warrior","video":false,"vote_average":7.6,"vote_count":420}],"total_pages":180,"total_results":3596}
