{"page":133,"results":[{"adult":false,"backdrop_path":"/8JredzZYoEoyXtRbx65rbUFEPUz.jpg","genre_ids":[27,53],"id":126277,"original_language":"en","original_title":"American Mary","overview":"A young med student struggling with her tuition fees is drawn into the shady world of underground body modification.","release_date":"2012-05-31","poster_path":"/vLy2Ldg3vGlpXwF8ZeUL40iDtLK.jpg","popularity":1.711206,"title":"American Mary","video":false,"vote_average":5.8,"vote_count":66},{"adult":false,"backdrop_path":"/p5ay5m2w40QZzmRmUO19oJ4QrTk.jpg","genre_ids":[18,10752],"id":10592,"original_language":"en","original_title":"Hart's War","overview":"Fourth-generation Army Col. William McNamara is imprisoned in a brutal German POW camp. Still, as the senior-ranking American officer, he commands his fellow inmates, keeping a sense of honor alive in a place where honor is easy to destroy, all under the dangerous eye of the Luftwafe vetran Col. Wilhelm Visser. Never giving up the fight to win the war, McNamara is silently planning, waiting for his moment to strike back at the enemy. A murder in the camp gives him the chance to set a risky plan in motion. With a court martial to keep Visser and the Germans distracted, McNamara orchestrates a cunning scheme to escape and destroy a nearby munitions plant, enlisting the unwitting help of young Lt. Tommy Hart. Together with his men, McNamara uses a hero's resolve to carry out his mission, ultimately forced to weigh the value of his life against the good of his country.","release_date":"2002-02-15","poster_path":"/pNfnaPlxUtlkmWuDK3i5zBT79LP.jpg","popularity":1.124734,"title":"Hart's War","video":false,"vote_average":5.8,"vote_count":72},{"adult":false,"backdrop_path":"/bY2pwWJPsDNntzWgV2b7BXRyWwo.jpg","genre_ids":[12,14,28,35,10751],"id":18360,"original_language":"en","original_title":"Night at the Museum: Battle of the Smithsonian","overview":"Hapless museum night watchman Larry Daley must help his living, breathing exhibit friends out of a pickle now that they've been transferred to the archives at the Smithsonian Institution. Larry's (mis)adventures this time include close encounters with Amelia Earhart, Abe Lincoln and Ivan the Terrible.","release_date":"2009-05-21","poster_path":"/qbU6AxmO69bBwu6Tw8HtcRoltAA.jpg","popularity":3.841301,"title":"Night at the Museum: Battle of the Smithsonian","video":false,"vote_average":5.8,"vote_count":594},{"adult":false,"backdrop_path":"/qcjTmSVyYqGMCVRH7FjXwMdan40.jpg","genre_ids":[28,18,9648,53],"id":11081,"original_language":"en","original_title":"Taking Lives","overview":"Recruited to assist Montreal police in their desperate search for a serial killer who assumes the identities of his victims, FBI profiler Illeana Scott knows it's only a matter of time before the killer strikes again. Her most promising lead is a museum employee who might be the killer's only eyewitness.","release_date":"2004-03-16","poster_path":"/2LE560KT69RLnxIU83wrTvClj8D.jpg","popularity":2.115707,"title":"Taking Lives","video":false,"vote_average":5.8,"vote_count":90},{"adult":false,"backdrop_path":"/bE2MZM5QAKbcwSzcmlxvRzHJ4tj.jpg","genre_ids":[12],"id":2119,"original_language":"en","original_title":"Days of Thunder","overview":"Talented but unproven stock car driver Cole Trickle gets a break and with the guidance of veteran Harry Hogge turns heads on the track. The young hotshot develops a rivalry with a fellow racer that threatens his career when the two smash their cars. But with the help of his doctor, Cole just might overcome his injuries-- and his fear.","release_date":"1990-06-27","poster_path":"/75Yg43XRrjflm3xIeCxQompV9Qi.jpg","popularity":1.954543,"title":"Days of Thunder","video":false,"vote_average":5.8,"vote_count":102},{"adult":false,"backdrop_path":"/gY5D80kK6QBgHa8c9aL3tx0aTEb.jpg","genre_ids":[12,28,53],"id":253,"original_language":"en","original_title":"Live and Let Die","overview":"James Bond must investigate a mysterious murder case of a British agent in New Orleans. Soon he finds himself up against a gangster boss named Mr. Big.","release_date":"1973-07-05","poster_path":"/p34OScaro2KdISrT4EMfeh1aS0E.jpg","popularity":2.329553,"title":"Live and Let Die","video":false,"vote_average":5.8,"vote_count":176},{"adult":false,"backdrop_path":"/uPjtNMZtiANjxE2hOkDhYy9TQ1C.jpg","genre_ids":[9648,12,35,10749,18],"id":10956,"original_language":"en","original_title":"Joe Dirt","overview":"Joe Dirt is a janitor with a mullet hairdo, acid-washed jeans and a dream to find the parents that he lost at the Grand Canyon when he was a belligerent, trailer park-raised eight-year-old. Now, blasting Van Halen in his jacked-up economy car, the irrepressibly optimistic Joe hits the road alone in search of his folks.","release_date":"2001-04-10","poster_path":"/8FKSjl4cEg4OEyWdCTjqAT8M6qv.jpg","popularity":2.556057,"title":"Joe Dirt","video":false,"vote_average":5.8,"vote_count":71},{"adult":false,"backdrop_path":"/gCdJYpX1TXGEZrEJl0mMTTpinMh.jpg","genre_ids":[28,53],"id":49040,"original_language":"en","original_title":"The Bourne Legacy","overview":"The fourth installment of the highly successful Bourne series sidelines main character Jason Bourne in order to focus on a fellow estranged assassin Aaron Cross (Jeremy Renner). The story centers on new CIA operative, Aaron Cross as he experiences life-or-death stakes that have been triggered by the previous actions of Jason Bourne. Edward Norton and Rachel Weisz co-star, with Joan Allen and Albert Finney reprising their roles from the previous films.","release_date":"2012-08-10","poster_path":"/qIJonjlSzU6LCJklS6CH3p5vLcQ.jpg","popularity":4.022345,"title":"The Bourne Legacy","video":false,"vote_average":5.8,"vote_count":1647},{"adult":false,"backdrop_path":"/m0JIsX9SLfHLxU1q6ud3ifJjXmC.jpg","genre_ids":[28,53,878],"id":10483,"original_language":"en","original_title":"Death Race","overview":"Terminal Island, New York: 2020. Overcrowding in the US penal system has reached a breaking point. Prisons have been turned over to a monolithic Weyland Corporation, which sees jails full of thugs as an opportunity for televised sport. Adrenalized inmates, a global audience hungry for violence and a spectacular, enclosed arena come together to form the 'Death Race', the biggest, most brutal event.","release_date":"2008-08-22","poster_path":"/2WeQQVy9FFYX7Z60Kea8C2n7yIq.jpg","popularity":2.590987,"title":"Death Race","video":false,"vote_average":5.8,"vote_count":510},{"adult":false,"backdrop_path":"/tkHlTVLylEIBpUypq0z3ZbtxUKc.jpg","genre_ids":[35,18,10749],"id":11931,"original_language":"en","original_title":"In Her Shoes","overview":"Irresponsible party girl Maggie (Cameron Diaz) is kicked out of her father's (Ken Howard) and stepmother's (Candice Azzara) home, where she lives for free, and is taken in by her hard-working sister, Philadelphia lawyer Rose (Toni Collette). After Maggie's disruptive ways ruin her sister's love life, Rose turns her out as well. But when their grandmother, who they never knew existed, comes into their lives, the sisters face some complicated truths about themselves and their family.","release_date":"2005-10-07","poster_path":"/4jqnazZX2bh8UMUS8rl4nHWWtyb.jpg","popularity":2.634317,"title":"In Her Shoes","video":false,"vote_average":5.8,"vote_count":137},{"adult":false,"backdrop_path":"/sSeo9o603MABEbAv8BGkgbLn0om.jpg","genre_ids":[28,35,10749],"id":37834,"original_language":"en","original_title":"Knight and Day","overview":"An action-comedy centered on a fugitive couple on a glamorous and sometimes deadly adventure where nothing and no one - even themselves - are what they seem. Amid shifting alliances and unexpected betrayals, they race across the globe, with their survival ultimately hinging on the battle of truth vs. trust.","release_date":"2010-06-23","poster_path":"/aumRtkfr9nNz06onPvhX9JtR5EI.jpg","popularity":2.293543,"title":"Knight and Day","video":false,"vote_average":5.8,"vote_count":679},{"adult":false,"backdrop_path":"/ayj8gjgVm2e1Ey8WFniz8AOGitw.jpg","genre_ids":[35,27],"id":179538,"original_language":"es","original_title":"Las brujas de Zugarramurdi","overview":"In this heist film turned horror fest, director Álex de la Iglesia's love of mayhem is on full display as a gang of gold thieves lands in a coven of witches who are preparing for an ancient ritual -- and in need of a sacrifice.","release_date":"2013-09-27","poster_path":"/gQBnCS5jxKvgNnyNdKbXDXAGsC.jpg","popularity":0.729523,"title":"Witching & Bitching","video":false,"vote_average":5.8,"vote_count":51},{"adult":false,"backdrop_path":"/bAlizRLmB0yJubWCwtJyofBfY0f.jpg","genre_ids":[28,35,878,14],"id":75,"original_language":"en","original_title":"Mars Attacks!","overview":"'We come in peace' is not what those green men from Mars mean when they invade our planet, armed with irresistible weapons and a cruel sense of humor.  This star studded cast must play victim to the alien’s fun and games in this comedy homage to science fiction films of the '50s and '60s.","release_date":"1996-12-12","poster_path":"/sM4VrptBRIFHmN7mLJZ2BaGKYNq.jpg","popularity":2.219285,"title":"Mars Attacks!","video":false,"vote_average":5.8,"vote_count":326},{"adult":false,"backdrop_path":"/dhaxwFoaOGIKnJiqHl5hndmyU0s.jpg","genre_ids":[27,53],"id":41436,"original_language":"en","original_title":"Paranormal Activity 2","overview":"Just as Dan and Kristi welcome a newborn baby into their home, a demonic presence begins terrorizing them, tearing apart their perfect world and turning it into an inescapable nightmare. Security cameras capture the torment, making every minute horrifyingly real.","release_date":"2010-10-20","poster_path":"/hFMMrqDR16yNRf77plyvbkxohg6.jpg","popularity":2.0591,"title":"Paranormal Activity 2","video":false,"vote_average":5.8,"vote_count":220},{"adult":false,"backdrop_path":"/n5VN1CLT0FaDskWfhwaVLIBedqq.jpg","genre_ids":[35,10751],"id":9981,"original_language":"en","original_title":"Kicking & Screaming","overview":"Phil Weston has been unathletic his entire life. In college he failed at every sport that he tried out for. It looks like his 10-year old son, Sam, is following in his footsteps. But with becoming the coach of The Soccers, an already successful soccer team, everything changes.","release_date":"2005-05-13","poster_path":"/dUuB69V9QTbvRFCasweftCQwiV.jpg","popularity":1.731989,"title":"Kicking & Screaming","video":false,"vote_average":5.8,"vote_count":59},{"adult":false,"backdrop_path":"/uaHEBPugW19sneaJNNeuOtZiSxB.jpg","genre_ids":[18,35],"id":77930,"original_language":"en","original_title":"Magic Mike","overview":"Mike, an experienced stripper, takes a younger performer called The Kid under his wing and schools him in the arts of partying, picking up women, and making easy money.","release_date":"2012-06-29","poster_path":"/yHMWb5lpvCzKuxnEPd3OXq7OvMh.jpg","popularity":2.542197,"title":"Magic Mike","video":false,"vote_average":5.8,"vote_count":315},{"adult":false,"backdrop_path":"/8K8EwDzFA5fRZdAfldBnVktE7O3.jpg","genre_ids":[18,53],"id":5125,"original_language":"en","original_title":"Rendition","overview":"When an Egyptian terrorism suspect \"disappears\" on a flight from Africa to Washington DC, his American wife and a CIA analyst find themselves caught up in a struggle to secure his release from a secret detention facility somewhere outside the US.","release_date":"2007-09-07","poster_path":"/5vsEosyU3c5pCkjygaFnhilkng4.jpg","popularity":1.993269,"title":"Rendition","video":false,"vote_average":5.8,"vote_count":50},{"adult":false,"backdrop_path":"/r3MhvwPC8zFBAv8HL5WBtl3F8cn.jpg","genre_ids":[28,12,18,878],"id":9355,"original_language":"en","original_title":"Mad Max Beyond Thunderdome","overview":"Mad Max becomes a pawn in a decadent oasis of a technological society, and when exiled, becomes the deliverer of a colony of children.","release_date":"1985-08-06","poster_path":"/2SjMA0l931iXEXOyR3ZhQwH5am3.jpg","popularity":3.199287,"title":"Mad Max Beyond Thunderdome","video":false,"vote_average":5.8,"vote_count":223},{"adult":false,"backdrop_path":"/hFyKO3lkv6hY0goDa1Zv6MLtCD5.jpg","genre_ids":[12,28,878],"id":72545,"original_language":"en","original_title":"Journey 2: The Mysterious Island","overview":"Sean Anderson partners with his mom's boyfriend on a mission to find his grandfather, who is thought to be missing on a mythical island.","release_date":"2012-02-10","poster_path":"/jMu45saMeqB2RGDqV3HoQ3XgZ2a.jpg","popularity":2.712393,"title":"Journey 2: The Mysterious Island","video":false,"vote_average":5.8,"vote_count":345},{"adult":false,"backdrop_path":"/kOBMh5jAIXWN7Uz4Ar2owVcJnQR.jpg","genre_ids":[37,16,10751,35,10402],"id":13700,"original_language":"en","original_title":"Home on the Range","overview":"The Little Piece of Heaven family farm is about to go under and outlaw cattle rustler Alameda Slim sets his sights on it. Three dairy cows -- tough Maggie, leader Mrs. Calloway, and naïve Grace -- team up to save the farm. Along with ambitious stallion Buck, helpful rabbit Lucky Jack, and other helpful barnyard friends, the cows set out to capture Alameda Slim and collect the reward money.","release_date":"2004-04-02","poster_path":"/1KFa2Mzzn2DMlC95eJwRYgRsHI.jpg","popularity":2.262414,"title":"Home on the Range","video":false,"vote_average":5.8,"vote_count":82}],"total_pages":180,"total_results":3596}
