{"page":109,"results":[{"adult":false,"backdrop_path":"/hvDaWWm1fMECcCSvfFUtB8u7NNv.jpg","genre_ids":[12,35,14,10751],"id":38843,"original_language":"en","original_title":"Ramona and Beezus","overview":"When free-spirited grade-schooler Ramona Quimby's wild imagination leads her into another adventure, she plunges in with her trademark energy … and penchant for mishaps, much to the consternation of her parents and big sister Beezus.","release_date":"2010-07-23","poster_path":"/13LKcXe0gSmxNiVLMKdoeNmV9jX.jpg","popularity":0.551296,"title":"Ramona and Beezus","video":false,"vote_average":6.1,"vote_count":68},{"adult":false,"backdrop_path":"/5VqyrIpMbnwXdZFcISmtKr3n75A.jpg","genre_ids":[27,9648],"id":41446,"original_language":"en","original_title":"Scream 4","overview":"Sidney Prescott, now the author of a self-help book, returns home to Woodsboro on the last stop of her book tour. There she reconnects with Sheriff Dewey and Gale, who are now married, as well as her cousin Jill and her Aunt Kate. Unfortunately, Sidney's appearance also brings about the return of Ghostface, putting Sidney, Gale, and Dewey, along with Jill, her friends, and the whole town of Woodsboro in danger.","release_date":"2011-04-11","poster_path":"/eT2y8SLxLwPFPuShV4i2FoZnOwU.jpg","popularity":2.351451,"title":"Scream 4","video":false,"vote_average":6.1,"vote_count":276},{"adult":false,"backdrop_path":"/46sAmtpjFYfLZ1zTS8lJOM5CZWz.jpg","genre_ids":[35,18],"id":9032,"original_language":"en","original_title":"Big Daddy","overview":"Layla Maloney is fed up with boyfriend Sonny Koufax's perpetual loafing, so when 5-year-old Julian is left on Sonny's doorstep, he assumes a fatherly role to prove he's responsible and to win Layla's love. Trouble is, Sonny has grown attached to the kid, who's really the son of his out-of-town roommate.","release_date":"1999-06-25","poster_path":"/avF6Iiws8bNuXg2oKAGdG4LiqOI.jpg","popularity":2.108422,"title":"Big Daddy","video":false,"vote_average":6.1,"vote_count":255},{"adult":false,"backdrop_path":"/fMXWvAU0EpeGK5IGewWU7Myh32h.jpg","genre_ids":[35],"id":9007,"original_language":"en","original_title":"Just Like Heaven","overview":"Shortly after David Abbott moves into his new San Francisco digs, he has an unwelcome visitor on his hands: winsome Elizabeth Martinson, who asserts that the apartment is hers -- and promptly vanishes. When she starts appearing and disappearing at will, David thinks she's a ghost, while Elizabeth is convinced she's alive.","release_date":"2005-09-16","poster_path":"/d25cTIEuTSMsbaG9ltIxHkKReBl.jpg","popularity":0.585101,"title":"Just Like Heaven","video":false,"vote_average":6.1,"vote_count":119},{"adult":false,"backdrop_path":"/ybb0gmKxnstuhhBzDK27k0dKaF4.jpg","genre_ids":[35,18,10749],"id":8952,"original_language":"en","original_title":"I Love You Phillip Morris","overview":"Bad Santa co-screenwriters Glenn Ficara and John Requa re-team for this fact-based black comedy starring Jim Carrey as a Virginia police officer-turned-con man who makes the leap to white-collar criminal after being sent to prison and falling in love with his sensitive cellmate. Steve Russell (Carrey) is a small-town cop. Bored with his bland lifestyle, Russell turns to fraud as a means of shaking things up. Before long, Russell's criminal antics have landed him behind bars, where he encounters the charismatic Phillip Morris (Ewan McGregor). Smitten, Russell devotes his entire life to being with Morris regardless of the consequences.","release_date":"2009-01-18","poster_path":"/8Ng4tk25sE5erT5zGTtZXvqmRCd.jpg","popularity":0.717138,"title":"I Love You Phillip Morris","video":false,"vote_average":6.1,"vote_count":160},{"adult":false,"backdrop_path":"/rEUhIQZCk9ZAhyEyRFG0wPLYdXn.jpg","genre_ids":[27,9648],"id":2667,"original_language":"en","original_title":"The Blair Witch Project","overview":"In October of 1994 three student filmmakers disappeared in the woods near Burkittsville, Maryland, while shooting a documentary. A year later their footage was found.","release_date":"1999-01-25","poster_path":"/tza7aJw3kpybgs4ztwaBsJ0jC8Y.jpg","popularity":1.908885,"title":"The Blair Witch Project","video":false,"vote_average":6.1,"vote_count":244},{"adult":false,"backdrop_path":"/1Qdk7B4hFLdQO8OTWDhcVAqcdTk.jpg","genre_ids":[35,80],"id":2069,"original_language":"en","original_title":"The Whole Nine Yards","overview":"A mobster named Jimmy the Tulip agrees to cooperate with an FBI investigation in order to stay out of prison; he's relocated by the authorities to a life of suburban anonymity as part of a witness protection program. It's not long before a couple of his new neighbors figure out his true identity and come knocking to see if he'd be up for one more hit, suburban style.","release_date":"2000-02-18","poster_path":"/rnXnZrKipVb8v4mS2Oo6Ga2O0fg.jpg","popularity":2.04616,"title":"The Whole Nine Yards","video":false,"vote_average":6.1,"vote_count":201},{"adult":false,"backdrop_path":"/o2ZmWvRFnqNURvf9NC5FkrUdSQu.jpg","genre_ids":[35,18],"id":13090,"original_language":"en","original_title":"Sunshine Cleaning","overview":"A single mom and her slacker sister find an unexpected way to turn their lives around in the off-beat dramatic comedy. In order to raise the tuition to send her young son to private school the mom starts an unusual business, a biohazard removal/crime scene clean-up service.","release_date":"2008-01-18","poster_path":"/9JkxUbOFiomw2Ci8ayTfAT69s0k.jpg","popularity":0.48321,"title":"Sunshine Cleaning","video":false,"vote_average":6.2,"vote_count":67},{"adult":false,"backdrop_path":"/o06wUbxSudBYDSJ8FGUNAdYvSHx.jpg","genre_ids":[35,10749],"id":9346,"original_language":"en","original_title":"Risky Business","overview":"Meet Joel Goodson, an industrious, college-bound 17-year-old and a responsible, trustworthy son. However, when his parents go away and leave him home alone in the wealthy Chicago suburbs with the Porsche at his disposal he quickly decides he has been good for too long and it is time to enjoy himself. After an unfortunate incident with the Porsche Joel must raise some cash, in a risky way.","release_date":"1983-08-05","poster_path":"/cABRMiqw0U7bZvBtryPzuBCsn3f.jpg","popularity":1.588205,"title":"Risky Business","video":false,"vote_average":6.1,"vote_count":81},{"adult":false,"backdrop_path":"/HiQeRDggI5EYLawYNHRJvB026S.jpg","genre_ids":[27,28,878],"id":1577,"original_language":"en","original_title":"Resident Evil: Apocalypse","overview":"As the city is locked down under quarantine, Alice joins a small band of elite soldiers, enlisted to rescue the missing daughter of the creator of the mutating T-virus. It's a heart-pounding race against time as the group faces off against hordes of blood- thirsty zombies, stealthy Lickers, mutant canines and the most sinister foe yet.","release_date":"2004-09-10","poster_path":"/iSuDk6sbkbjnLfB5rftMlyiJfh4.jpg","popularity":1.852782,"title":"Resident Evil: Apocalypse","video":false,"vote_average":6.1,"vote_count":497},{"adult":false,"backdrop_path":"/Av8XBtBzjjHAfVD8IIIkjx3qsXk.jpg","genre_ids":[10402,35],"id":9768,"original_language":"en","original_title":"Cry-Baby","overview":"\"Drape\" (or Greaser) Wade Walker, also known as Cry-Baby for his ability to shed a single tear, falls head over heels for square Allison Vernon-Williams who, incidentally, is tired of being good.Allison is a \"square\" good girl who has decided she wants to be bad and falls hard for Cry-Baby Walker, a \"Drape\" (or Greaser).Spoofing Elvis movies and Juvenile Delinquency scare films of the '50s, this movie follows the adventures of Cry-Baby who, after he is sent to juvie and released, is determined to cross class (and taste) boundaries to get Allison back.","release_date":"1990-04-05","poster_path":"/wuvick59KjsA6LCM7KWLO4fmwXj.jpg","popularity":1.44848,"title":"Cry-Baby","video":false,"vote_average":6.1,"vote_count":56},{"adult":false,"backdrop_path":"/4yN4gLc0mZNORp9hQwj5kwdxw3q.jpg","genre_ids":[12,16,14,10751],"id":16690,"original_language":"en","original_title":"Return to Never Land","overview":"The classic tale of 'Peter Pan' continues in Disney's sequel 'Return to Never Land'. In 1940 on a world besieged by World War II, Wendy, now grown up, has two children, one of them is her daughter, Jane.","release_date":"2002-02-14","poster_path":"/zRyjRf64k9GVQnZ6hxtAr2s1upj.jpg","popularity":0.672512,"title":"Return to Never Land","video":false,"vote_average":6.1,"vote_count":75},{"adult":false,"backdrop_path":"/khmwGfkfNgF6gnFWC8SlT906Pjc.jpg","genre_ids":[28,18],"id":4421,"original_language":"en","original_title":"G.I. Jane","overview":"A female Senator succeeds in enrolling a woman into Combined Reconnaissance Team training where everyone expects her to fail.","release_date":"1997-08-22","poster_path":"/yf4zJg6ACAhH4fkHSdEDrBUuEyg.jpg","popularity":0.925841,"title":"G.I. Jane","video":false,"vote_average":6.1,"vote_count":109},{"adult":false,"backdrop_path":"/u3vKE2JIKON8yB1dAJFOyIJjlXw.jpg","genre_ids":[9648,27,28],"id":29427,"original_language":"en","original_title":"The Crazies","overview":"Imagine living in a small town where everything is safe and happy…until suddenly it isn’t. Imagine your friends and neighbors going quickly and horrifically insane. In a terrifying tale of the “American Dream” gone horribly wrong, four friends find themselves trapped in their hometown in The Crazies, a reinvention of the George Romero classic.","release_date":"2010-02-26","poster_path":"/s15bIs5uLEqPEQERH5YqjCjY6gd.jpg","popularity":2.356067,"title":"The Crazies","video":false,"vote_average":6.1,"vote_count":177},{"adult":false,"backdrop_path":"/koxKvzuShnLANUXWH1vkJEWigGB.jpg","genre_ids":[28,16,878,10751],"id":16577,"original_language":"en","original_title":"Astro Boy","overview":"Set in futuristic Metro City, Astro Boy is about a young robot with incredible powers created by a brilliant scientist in the image of the son he has lost. Unable to fulfill the grieving man's expectations, our hero embarks on a journey in search of acceptance, experiencing betrayal and a netherworld of robot gladiators, before he returns to save Metro City and reconcile with the father who had rejected him.","release_date":"2009-10-22","poster_path":"/4kQczIhUFTnDWwG6HKsgCxLoi6.jpg","popularity":1.095094,"title":"Astro Boy","video":false,"vote_average":6.1,"vote_count":172},{"adult":false,"backdrop_path":"/sPaDUSuVQy1SL7ybnxilgWzLDAQ.jpg","genre_ids":[27,9648],"id":23827,"original_language":"en","original_title":"Paranormal Activity","overview":"After a young, middle class couple moves into a suburban 'starter' tract house, they become increasingly disturbed by a presence that may or may not be somehow demonic but is certainly most active in the middle of the night. Especially when they sleep. Or try to.","release_date":"2007-09-14","poster_path":"/ns7J1iMSDs5UkEVjMXLPiss7Lrt.jpg","popularity":2.859263,"title":"Paranormal Activity","video":false,"vote_average":6.1,"vote_count":398},{"adult":false,"backdrop_path":"/5UuGA4jtgpX8Qv2nNyxL5VL4I5O.jpg","genre_ids":[80,18,53],"id":11892,"original_language":"en","original_title":"Murder by Numbers","overview":"Tenacious homicide detective Cassie Mayweather and her still-green partner are working a murder case, attempting to profile two malevolently brilliant young men: cold, calculating killers whose dark secrets might explain their crimes.","release_date":"2002-04-19","poster_path":"/zL2aUMe2haBikOZSxmndSDD4qi.jpg","popularity":1.786976,"title":"Murder by Numbers","video":false,"vote_average":6.1,"vote_count":69},{"adult":false,"backdrop_path":"/5sH0E0F7n08mFnm71uPqRkTUo96.jpg","genre_ids":[35,14,10749],"id":6435,"original_language":"en","original_title":"Practical Magic","overview":"Sally and Gillian Owens, born into a magical family, have mostly avoided witchcraft themselves. But when Gillian's vicious boyfriend, Jimmy Angelov, dies unexpectedly, the Owens sisters give themselves a crash course in hard magic. With policeman Gary Hallet growing suspicious, the girls struggle to resurrect Angelov -- and unwittingly inject his corpse with an evil spirit that threatens to end their family line.","release_date":"1998-10-16","poster_path":"/wLSnpiAawuJI177pBbyDa0N8BiV.jpg","popularity":1.311503,"title":"Practical Magic","video":false,"vote_average":6.1,"vote_count":97},{"adult":false,"backdrop_path":"/jHHZ4KljHp3LD7RhrkrmBZ4h9IQ.jpg","genre_ids":[18,53],"id":270302,"original_language":"en","original_title":"The Riot Club","overview":"Two first-year students at Oxford University join the infamous Riot Club, where reputations can be made or destroyed over the course of a single evening.","release_date":"2014-09-19","poster_path":"/ypueNKeP8Re5205uaNzONd8hzfp.jpg","popularity":2.280467,"title":"The Riot Club","video":false,"vote_average":6.1,"vote_count":82},{"adult":false,"backdrop_path":"/oQ3xpOJhawe73ro7q6yKYDicZUM.jpg","genre_ids":[16,35,10751],"id":7443,"original_language":"en","original_title":"Chicken Run","overview":"Having been hopelessly repressed and facing eventual certain death at the British chicken farm where they are held, Rocky the american rooster and Ginger the chicken decide to rebel against the evil Mr. and Mrs. Tweedy, the farm's owners. Rocky and Ginger lead their fellow chickens in a great escape from the murderous farmers and their farm of doom.","release_date":"2000-06-30","poster_path":"/z0MafJgUnVyVbczicYMkPKKHkBi.jpg","popularity":1.824846,"title":"Chicken Run","video":false,"vote_average":6.1,"vote_count":337}],"total_pages":180,"total_results":3596}
