{"page":112,"results":[{"adult":false,"backdrop_path":"/aRL0VSl58stheyPRVDRtgbq1TEx.jpg","genre_ids":[12,18],"id":49494,"original_language":"en","original_title":"The Eagle","overview":"In 140 AD, twenty years after the unexplained disappearance of the entire Ninth Legion in the mountains of Scotland, young centurion Marcus Aquila (Tatum) arrives from Rome to solve the mystery and restore the reputation of his father, the commander of the Ninth. Accompanied only by his British slave Esca (Bell), Marcus sets out across Hadrian's Wall into the uncharted highlands of Caledonia - to confront its savage tribes, make peace with his father's memory, and retrieve the lost legion's golden emblem, the Eagle of the Ninth.","release_date":"2011-02-08","poster_path":"/1e3SKFIEy8zPYICzQXBqeKM6xx8.jpg","popularity":2.166439,"title":"The Eagle","video":false,"vote_average":6.1,"vote_count":153},{"adult":false,"backdrop_path":"/eZ7XAU70UcMvMsDajqphFeQNQ8S.jpg","genre_ids":[28,80,53],"id":72387,"original_language":"en","original_title":"Safe","overview":"After a former elite agent rescues a 12-year-old Chinese girl who's been abducted, they find themselves in the middle of a standoff between Triads, the Russian Mafia and high-level corrupt New York City politicians and police.","release_date":"2012-04-16","poster_path":"/eoiqqDHohBCDwFWQOvczUeNoixK.jpg","popularity":2.752292,"title":"Safe","video":false,"vote_average":6.1,"vote_count":394},{"adult":false,"backdrop_path":"/ujag2YKW8nyIV7UvNdLTbHr0a86.jpg","genre_ids":[18,35],"id":252512,"original_language":"en","original_title":"While We're Young","overview":"An uptight documentary filmmaker and his wife find their lives loosened up a bit after befriending a free-spirited younger couple.","release_date":"2015-03-27","poster_path":"/r1kMa31JOk32LmDHxw1eJhFUw6i.jpg","popularity":2.580572,"title":"While We're Young","video":false,"vote_average":6.1,"vote_count":67},{"adult":false,"backdrop_path":"/eFKjp8nqrOGCA616WkKW0G1agGx.jpg","genre_ids":[35,18,10751],"id":19458,"original_language":"en","original_title":"Princess Protection Program","overview":"When Princess Rosalinda is about to become queen of her country of Costa Luna, the country is invaded by an evil dictator. She is put into the Princess Protection Program, a secret organization funded by royal families that looks after endangered princesses. Rosalinda is taken under the wing of Mason Verica, an agent in the PPP from rural Louisiana. While there, she meets his daughter,","release_date":"2009-06-18","poster_path":"/lhmzN3E8kJxrqaRGr1THaFSyubT.jpg","popularity":0.654191,"title":"Princess Protection Program","video":false,"vote_average":6.1,"vote_count":67},{"adult":false,"backdrop_path":"/5ZQI8fN5iRFqmAIHkHbdS3trU7z.jpg","genre_ids":[35],"id":173185,"original_language":"fr","original_title":"20 ans d'écart","overview":"Alice Lantins is 38, ambitious and so committed to her work that she neglects her personal life.  In short, she is the ideal candidate for the next editor of the magazine Rebelle, or would be were it not for the fact that she appears to be stuck in a rut.  When Balthazar, a charming 20-year-old, crosses her path, her colleagues begin to see her in a whole new light...","release_date":"2013-03-06","poster_path":"/asuel44UnFx4g6zyHC9ujy2Klsu.jpg","popularity":1.92248,"title":"It Boy","video":false,"vote_average":6.1,"vote_count":93},{"adult":false,"backdrop_path":"/O2Bfpl52PwzUh2iJs2bXF4rewS.jpg","genre_ids":[16,35,10751],"id":13417,"original_language":"en","original_title":"Kronk's New Groove","overview":"Kronk, now chef and Head Delivery Boy of Mudka's Meat Hut, is fretting over the upcoming visit of his father. Kronk's father always disapproved of young Kronk's culinary interests and wished that Kronk instead would settle down with a wife and a large house on a hill.","release_date":"2005-12-13","poster_path":"/wytTF8brxjjWnzjfEq6EZBLdnDI.jpg","popularity":2.48627,"title":"Kronk's New Groove","video":false,"vote_average":6.1,"vote_count":57},{"adult":false,"backdrop_path":"/uwdexCR1A5P45y8pj7Td0Dumgmg.jpg","genre_ids":[28,18],"id":182127,"original_language":"en","original_title":"Yip Man: The Final Fight","overview":"In postwar Hong Kong, legendary Wing Chun grandmaster Ip Man is reluctantly called into action once more, when what begin as simple challenges from rival kung fu styles soon draw him into the dark and dangerous underworld of the Triads. Now, to defend life and honor, he has no choice but to fight one last time...","release_date":"2013-03-22","poster_path":"/hMyFo7nFcAQHCJf5s52poqeAMRe.jpg","popularity":0.302897,"title":"Ip Man: The Final Fight","video":false,"vote_average":6.1,"vote_count":83},{"adult":false,"backdrop_path":"/rvDGcsIOhtEMkxs5yhhyZ1nsS6E.jpg","genre_ids":[28,12,35,37],"id":8584,"original_language":"en","original_title":"Shanghai Noon","overview":"Chon Wang, a clumsy imperial guard trails Princess Pei Pei when she is kidnapped from the Forbidden City and transported to America. Wang follows her captors to Nevada, where he teams up with an unlikely partner, outcast outlaw Roy O'Bannon, and tries to spring the princess from her imprisonment.","release_date":"2000-05-26","poster_path":"/wcG2PA66Fbv2l7r0n59x1nuB5fd.jpg","popularity":0.842973,"title":"Shanghai Noon","video":false,"vote_average":6.1,"vote_count":220},{"adult":false,"backdrop_path":"/pql1l2FPU5e4nPxoY2TbYaPwjLj.jpg","genre_ids":[16],"id":11430,"original_language":"en","original_title":"The Lion King 1½","overview":"Timon the meerkat and Pumbaa the warthog are best pals and the unsung heroes of the African savanna. This prequel to the smash Disney animated adventure takes you back -- way back -- before Simba's adventure began. You'll find out all about Timon and Pumbaa and tag along as they search for the perfect home and attempt to raise a rambunctious lion cub.","release_date":"2004-02-09","poster_path":"/vDfaIoXTaQLUD5HVAv2hLIFKAcq.jpg","popularity":2.339224,"title":"The Lion King 1½","video":false,"vote_average":6.1,"vote_count":189},{"adult":false,"backdrop_path":"/wd66GNMSUe0UCNCmOvMJkmQb2mn.jpg","genre_ids":[18,28,80],"id":290764,"original_language":"en","original_title":"Tracers","overview":"Wanted by the mafia, a New York City bike messenger escapes into the world of parkour after meeting a beautiful stranger.","release_date":"2015-06-18","poster_path":"/cGW7Ly3dcOo7ilSwTiwGGSwEQZd.jpg","popularity":5.659613,"title":"Tracers","video":false,"vote_average":6.1,"vote_count":143},{"adult":false,"backdrop_path":"/14twu14BYNVyOBs5OxoawaYNxg.jpg","genre_ids":[35,18,878,10749],"id":88005,"original_language":"en","original_title":"Seeking a Friend for the End of the World","overview":"As an asteroid nears Earth, a man finds himself alone after his wife leaves in a panic. He decides to take a road trip to reunite with his high school sweetheart. Accompanying him is a neighbor who inadvertently puts a wrench in his plan.","release_date":"2012-06-22","poster_path":"/86v2AXXQP6mKNn3Nne910h7UlNK.jpg","popularity":0.977949,"title":"Seeking a Friend for the End of the World","video":false,"vote_average":6.1,"vote_count":242},{"adult":false,"backdrop_path":"/xCPq0OXDs7LyFTzOCxanjkyr36l.jpg","genre_ids":[16,35,10751,14],"id":9297,"original_language":"en","original_title":"Monster House","overview":"Monsters under the bed are scary enough, but what happens when an entire house is out to get you? Three teens aim to find out when they go up against a decrepit neighboring home and unlock its frightening secrets.","release_date":"2006-07-21","poster_path":"/lRXpOazybgbCff6xZjCPbRP685p.jpg","popularity":2.733347,"title":"Monster House","video":false,"vote_average":6.1,"vote_count":221},{"adult":false,"backdrop_path":"/5iMb1htRHIWJlho2Hg202oEZ6eT.jpg","genre_ids":[35,10749],"id":11631,"original_language":"en","original_title":"Mamma Mia!","overview":"Set on an idyllic Greek island, the plot serves as a background for a wealth of ABBA hit songs. Donna, an independent, single mother who owns a small hotel on the island is about to let go of Sophie, the spirited young daughter she's raised alone. But Sophie has secretly invited three of her mother's ex-lovers in the hopes of finding her father.","release_date":"2008-06-30","poster_path":"/gOm2iMMbC6EonrFzmSQ8xvCa4Ei.jpg","popularity":2.585228,"title":"Mamma Mia!","video":false,"vote_average":6.1,"vote_count":381},{"adult":false,"backdrop_path":"/3qAM6vvbf6RXR9pLL9yUwHvhEA3.jpg","genre_ids":[28,12,18,36,10752],"id":72431,"original_language":"en","original_title":"Red Tails","overview":"The story of the Tuskegee Airmen, the first African-American pilots to fly in a combat squadron during World War II.","release_date":"2012-01-20","poster_path":"/Atq5js5fbsu5EXubZRizWaSXoBJ.jpg","popularity":1.20218,"title":"Red Tails","video":false,"vote_average":6.1,"vote_count":90},{"adult":false,"backdrop_path":"/f0eF1rB9KnZPonliSt8CazKvihD.jpg","genre_ids":[35,10749],"id":693,"original_language":"en","original_title":"Meet the Fockers","overview":"In this sequel to the hit comedy Meet the Parents, hard-to-crack ex-CIA man Jack Byrnes and his wife, Dina, head for the warmer climes of Florida to meet son-in-law-to-be Greg Focker's mom and dad, Bernie and Roz. Unlike their happily matched offspring, the future in-laws find themselves in a situation of opposites that definitely do not attract.","release_date":"2004-12-15","poster_path":"/xHAqB06iL5D6HyOS6QpgyKkRQHD.jpg","popularity":2.292338,"title":"Meet the Fockers","video":false,"vote_average":6.1,"vote_count":393},{"adult":false,"backdrop_path":"/wNEsGAHws1UATmZfnjNBRi2Ln5.jpg","genre_ids":[12,28,35],"id":9486,"original_language":"en","original_title":"Johnny English","overview":"Rowan plays the eponymous lead character in a spoof spy thriller. During the course of the story we follow our hero as he attempts to single-handedly save the country from falling into the hands of a despot.","release_date":"2003-04-06","poster_path":"/oSsisFLSeRJJaTX5l13jMqDKpwH.jpg","popularity":2.614562,"title":"Johnny English","video":false,"vote_average":6.1,"vote_count":283},{"adult":false,"backdrop_path":"/bMMhbyEUudWOLOcgHORZ57LArRL.jpg","genre_ids":[878,28,53],"id":87421,"original_language":"en","original_title":"Riddick","overview":"Betrayed by his own kind and left for dead on a desolate planet, Riddick fights for survival against alien predators and becomes more powerful and dangerous than ever before. Soon bounty hunters from throughout the galaxy descend on Riddick only to find themselves pawns in his greater scheme for revenge. With his enemies right where he wants them, Riddick unleashes a vicious attack of vengeance before returning to his home planet of Furya to save it from destruction.","release_date":"2013-09-06","poster_path":"/duoN6oNGp1emHkkhlTcY76Wz2ED.jpg","popularity":2.782087,"title":"Riddick","video":false,"vote_average":6.1,"vote_count":1108},{"adult":false,"backdrop_path":"/4hDK7V6YPX1LW91rNs3KS8r9Myf.jpg","genre_ids":[18,10402,10749],"id":535,"original_language":"en","original_title":"Flashdance","overview":"The popular 1980’s dance movie that depicts the life of an exotic dancer with a side job as a welder who true desire is to get into ballet school. It’s her dream to be a professional dancer and now is her chance. The film has a great soundtrack with an Oscar winning song.","release_date":"1983-04-14","poster_path":"/pW8tRnHJbZfobnEX16CjkOg8bAH.jpg","popularity":1.991536,"title":"Flashdance","video":false,"vote_average":6.1,"vote_count":71},{"adult":false,"backdrop_path":"/cmEojt7Ykuk6p2argyu0hEDoo0d.jpg","genre_ids":[35,18,10749],"id":4964,"original_language":"en","original_title":"Knocked Up","overview":"For fun loving party animal Ben Stone, the last thing he ever expected was for his one night stand to show up on his doorstep eight weeks later to tell him she's pregnant.","release_date":"2007-06-01","poster_path":"/z4jvDMQwjc42p6zfZysYjBX7EHZ.jpg","popularity":1.906012,"title":"Knocked Up","video":false,"vote_average":6.1,"vote_count":379},{"adult":false,"backdrop_path":"/dmnaqPsvJuBSoDtbd8BkDZzPGzi.jpg","genre_ids":[35],"id":116741,"original_language":"en","original_title":"The Internship","overview":"Two recently laid-off men in their 40s try to make it as interns at a successful Internet company where their managers are in their 20s.","release_date":"2013-06-07","poster_path":"/xxOKDTQbQo7h1h7TyrQIW7u8KcJ.jpg","popularity":6.935788,"title":"The Internship","video":false,"vote_average":6.1,"vote_count":696}],"total_pages":180,"total_results":3596}
