{"page":1,"results":[{"adult":false,"backdrop_path":"/6bbZ6XyvgfjhQwbplnUh1LSj1ky.jpg","genre_ids":[18],"id":244786,"original_language":"en","original_title":"Whiplash","overview":"Under the direction of a ruthless instructor, a talented young drummer begins to pursue perfection at any cost, even his humanity.","release_date":"2014-10-10","poster_path":"/lIv1QinFqz4dlp5U4lQ6HaiskOZ.jpg","popularity":11.243518,"title":"Whiplash","video":false,"vote_average":8.5,"vote_count":1042},{"adult":false,"backdrop_path":"/xu9zaAevzQ5nnrsXN6JcahLnG4i.jpg","genre_ids":[18,878],"id":157336,"original_language":"en","original_title":"Interstellar","overview":"Interstellar chronicles the adventures of a group of explorers who make use of a newly discovered wormhole to surpass the limitations on human space travel and conquer the vast distances involved in an interstellar voyage.","release_date":"2014-11-05","poster_path":"/nBNZadXqJSdt05SHLqgT0HuC5Gm.jpg","popularity":21.013417,"title":"Interstellar","video":false,"vote_average":8.4,"vote_count":3039},{"adult":false,"backdrop_path":"/cqn1ynw78Wan37jzs1Ckm7va97G.jpg","genre_ids":[16,10749,10751],"id":140420,"original_language":"en","original_title":"Paperman","overview":"An urban office worker finds that paper airplanes are instrumental in meeting a girl in ways he never expected.","release_date":"2012-11-02","poster_path":"/3TpMBcAYH4cxCw5WoRacWodMTCG.jpg","popularity":2.797996,"title":"Paperman","video":false,"vote_average":8.3,"vote_count":192},{"adult":false,"backdrop_path":"/sFQ10h9DnjOYIF4HjtLQuZ8pnb4.jpg","genre_ids":[16,10751],"id":13042,"original_language":"en","original_title":"Presto","overview":"Dignity. Poise. Mystery. We expect nothing less from the great turn-of-the-century magician, Presto. But when Presto neglects to feed his rabbit one too many times, the magician finds he isn't the only one with a few tricks up his sleeve!","release_date":"2008-06-26","poster_path":"/A2rxR8g3y6kcjIoR2fcwtq9eppc.jpg","popularity":2.058288,"title":"Presto","video":false,"vote_average":8.3,"vote_count":179},{"adult":false,"backdrop_path":"/60cvl34Go8dvtDiHs9L82a79VXm.jpg","genre_ids":[10749,35,16,18,10751],"id":293299,"original_language":"en","original_title":"Feast","overview":"This Oscar-winning animated short film tells the story of one man's love life is seen through the eyes of his best friend and dog, Winston, and revealed bite by bite through the meals they share.","release_date":"2014-11-07","poster_path":"/qJ9ouIj4wN24asvKTUSAcJnSfrT.jpg","popularity":2.993105,"title":"Feast","video":false,"vote_average":8.3,"vote_count":122},{"adult":false,"backdrop_path":"/szytSpLAyBh3ULei3x663mAv5ZT.jpg","genre_ids":[35,16,10751],"id":150540,"original_language":"en","original_title":"Inside Out","overview":"Growing up can be a bumpy road, and it's no exception for Riley, who is uprooted from her Midwest life when her father starts a new job in San Francisco. Like all of us, Riley is guided by her emotions - Joy, Fear, Anger, Disgust and Sadness. The emotions live in Headquarters, the control center inside Riley's mind, where they help advise her through everyday life. As Riley and her emotions struggle to adjust to a new life in San Francisco, turmoil ensues in Headquarters. Although Joy, Riley's main and most important emotion, tries to keep things positive, the emotions conflict on how best to navigate a new city, house and school.","release_date":"2015-06-19","poster_path":"/aAmfIX3TT40zUHGcCKrlOZRKC7u.jpg","popularity":11.238931,"title":"Inside Out","video":false,"vote_average":8.2,"vote_count":813},{"adult":false,"backdrop_path":"/xBKGJQsAIeweesB79KC89FpBrVr.jpg","genre_ids":[18,80],"id":278,"original_language":"en","original_title":"The Shawshank Redemption","overview":"Framed in the 1940s for the double murder of his wife and her lover, upstanding banker Andy Dufresne begins a new life at the Shawshank prison, where he puts his accounting skills to work for an amoral warden. During his long stretch in prison, Dufresne comes to be admired by the other inmates -- including an older prisoner named Red -- for his integrity and unquenchable sense of hope.","release_date":"1994-09-14","poster_path":"/9O7gLzmreU0nGkIB6K3BsJbzvNv.jpg","popularity":4.640582,"title":"The Shawshank Redemption","video":false,"vote_average":8.2,"vote_count":3990},{"adult":false,"backdrop_path":"/bHarw8xrmQeqf3t8HpuMY7zoK4x.jpg","genre_ids":[878,14,12],"id":118340,"original_language":"en","original_title":"Guardians of the Galaxy","overview":"Light years from Earth, 26 years after being abducted, Peter Quill finds himself the prime target of a manhunt after discovering an orb wanted by Ronan the Accuser.","release_date":"2014-08-01","poster_path":"/9gm3lL8JMTTmc3W4BmNMCuRLdL8.jpg","popularity":15.633625,"title":"Guardians of the Galaxy","video":false,"vote_average":8.1,"vote_count":3179},{"adult":false,"backdrop_path":"/6xKCYgH16UuwEGAyroLU6p8HLIn.jpg","genre_ids":[18,80],"id":238,"original_language":"en","original_title":"The Godfather","overview":"The story spans the years from 1945 to 1955 and chronicles the fictional Italian-American Corleone crime family. When organized crime family patriarch Vito Corleone barely survives an attempt on his life, his youngest son, Michael, steps in to take care of the would-be killers, launching a campaign of bloody revenge.","release_date":"1972-03-15","poster_path":"/d4KNaTrltq6bpkFS01pYtyXa09m.jpg","popularity":4.608128,"title":"The Godfather","video":false,"vote_average":8.1,"vote_count":2568},{"adult":false,"backdrop_path":"/lH2Ga8OzjU1XlxJ73shOlPx6cRw.jpg","genre_ids":[18],"id":389,"original_language":"en","original_title":"12 Angry Men","overview":"The defense and the prosecution have rested and the jury is filing into the jury room to decide if a young Spanish-American is guilty or innocent of murdering his father. What begins as an open and shut case soon becomes a mini-drama of each of the jurors' prejudices and preconceptions about the trial, the accused, and each other.","release_date":"1957-04-10","poster_path":"/qcL1YfkCxfhsdO6sDDJ0PpzMF9n.jpg","popularity":2.754963,"title":"12 Angry Men","video":false,"vote_average":8.1,"vote_count":716},{"adult":false,"backdrop_path":"/pmzR5Q8W0wbxpBV3lp548hBESiE.jpg","genre_ids":[16,10751,14],"id":110416,"original_language":"en","original_title":"Song of the Sea","overview":"The story of the last Seal Child’s journey home. After their mother’s disappearance, Ben and Saoirse are sent to live with Granny in the city. When they resolve to return to their home by the sea, their journey becomes a race against time as they are drawn into a world Ben knows only from his mother’s folktales. But this is no bedtime story; these fairy folk have been in our world far too long. It soon becomes clear to Ben that Saoirse is the key to their survival.","release_date":"2014-12-19","poster_path":"/uvNv23Arf2ZYtimiStSB2c1DAEX.jpg","popularity":1.855723,"title":"Song of the Sea","video":false,"vote_average":8.1,"vote_count":89},{"adult":false,"backdrop_path":"/vPbAhbnXFn183UAqOLbaXDX5I2u.jpg","genre_ids":[878,12],"id":313106,"original_language":"en","original_title":"Doctor Who: The Day of the Doctor","overview":"In 2013, something terrible is awakening in London's National Gallery; in 1562, a murderous plot is afoot in Elizabethan England; and somewhere in space an ancient battle reaches its devastating conclusion. All of reality is at stake as the Doctor's own dangerous past comes back to haunt him.","release_date":"2013-11-23","poster_path":"/dKSwfLWxQVR37YOmZFb5S072P3G.jpg","popularity":2.039781,"title":"Doctor Who: The Day of the Doctor","video":false,"vote_average":8.1,"vote_count":79},{"adult":false,"backdrop_path":"/waVQNRolMBTOSNnaMonmojUJnYE.jpg","genre_ids":[16,18,14],"id":32085,"original_language":"en","original_title":"Vincent","overview":"Young Vincent Malloy dreams of being just like Vincent Price and loses himself in macabre daydreams which annoys his mother.","release_date":"1982-01-01","poster_path":"/2vHNpkQiU76pyGlnze0K3PKywCa.jpg","popularity":1.330777,"title":"Vincent","video":false,"vote_average":8.1,"vote_count":54},{"adult":false,"backdrop_path":"/ihWaJZCUIon2dXcosjQG2JHJAPN.jpg","genre_ids":[18,35],"id":77338,"original_language":"fr","original_title":"Intouchables","overview":"A true story of two men who should never have met - a quadriplegic aristocrat who was injured in a paragliding accident and a young man from the projects.","release_date":"2011-11-02","poster_path":"/4mFsNQwbD0F237Tx7gAPotd0nbJ.jpg","popularity":4.795171,"title":"The Intouchables","video":false,"vote_average":8.1,"vote_count":1607},{"adult":false,"backdrop_path":"/fii9tPZTpy75qOCJBulWOb0ifGp.jpg","genre_ids":[36,18,53,10752],"id":205596,"original_language":"en","original_title":"The Imitation Game","overview":"Based on the real life story of legendary cryptanalyst Alan Turing, the film portrays the nail-biting race against time by Turing and his brilliant team of code-breakers at Britain's top-secret Government Code and Cypher School at Bletchley Park, during the darkest days of World War II.","release_date":"2014-11-14","poster_path":"/noUp0XOqIcmgefRnRZa1nhtRvWO.jpg","popularity":17.355957,"title":"The Imitation Game","video":false,"vote_average":8.1,"vote_count":1639},{"adult":false,"backdrop_path":"/qLxZZuENWJiBrmOD17Wf3qAHGQb.jpg","genre_ids":[18,10749],"id":237791,"original_language":"pt","original_title":"Hoje eu quero voltar sozinho","overview":"Leonardo is a blind teenager searching for independence. His everyday life, the relationship with his best friend, Giovana, and the way he sees the world change completely with the arrival of Gabriel.","release_date":"2014-03-28","poster_path":"/oAPCsQiWV6YUd0Gt62BOwb8aSth.jpg","popularity":1.922158,"title":"The Way He Looks","video":false,"vote_average":8.1,"vote_count":65},{"adult":false,"backdrop_path":"/xxAgWR8WVBoXDUIopqHNYFxyla6.jpg","genre_ids":[16,12,35,10751,14],"id":24480,"original_language":"en","original_title":"Partly Cloudy","overview":"Everyone knows that the stork delivers babies, but where do the storks get the babies from? The answer lies up in the stratosphere, where cloud people sculpt babies from clouds and bring them to life. Gus, a lonely and insecure grey cloud, is a master at creating \"dangerous\" babies. Crocodiles, porcupines, rams and more - Gus's beloved creations are works of art, but more than a handful for his loyal delivery stork partner, Peck. As Gus's creations become more and more rambunctious, Peck's job gets harder and harder. How will Peck manage to handle both his hazardous cargo and his friend's fiery temperament?","release_date":"2009-05-28","poster_path":"/6k9S8tB587DpKailwnvk57ZRKRc.jpg","popularity":1.984032,"title":"Partly Cloudy","video":false,"vote_average":8.0,"vote_count":114},{"adult":false,"backdrop_path":"/us64LmtSBNELHIprKB7CSt8MEvC.jpg","genre_ids":[16,10751],"id":13413,"original_language":"en","original_title":"BURN·E","overview":"What lengths will a robot undergo to do his job? BURN•E is a dedicated hard working robot who finds himself locked out of his ship. BURN•E quickly learns that completing a simple task can often be a very difficult endeavor.","release_date":"2008-11-17","poster_path":"/tdvyi9asDeOF65MwTqNNMoAhqP4.jpg","popularity":2.183429,"title":"BURN·E","video":false,"vote_average":8.0,"vote_count":130},{"adult":false,"backdrop_path":"/o45YcrzLOuPmKS0hA3BuECFeATz.jpg","genre_ids":[18,35,10749],"id":11104,"original_language":"en","original_title":"Chungking Express","overview":"Every day, Cop 223 (Takeshi Kaneshiro) buys a can of pineapple with an expiration date of May 1, symbolizing the day he'll get over his lost love. He's also got his eye on a mysterious woman in a blond wig (Brigitte Lin), oblivious of the fact she's a drug dealer. Cop 663 (Tony Leung Chiu Wai) is distraught with heartbreak over a breakup. But when his ex drops a spare set of his keys at a local cafe, a waitress (Faye Wong) lets herself into his apartment and spruces up his life.","release_date":"1994-07-14","poster_path":"/yQUjZTzwgskqOJdr3jhwQ4yTkvb.jpg","popularity":1.914097,"title":"Chungking Express","video":false,"vote_average":8.0,"vote_count":56},{"adult":false,"backdrop_path":"/mnpRKVSXBX6jb56nabvmGKA0Wig.jpg","genre_ids":[14,12,16,10751],"id":129,"original_language":"ja","original_title":"千と千尋の神隠し","overview":"Spirited Away is an Oscar winning Japanese animated film about a ten year old girl who wanders away from her parents along a path that leads to a world ruled by strange and unusual monster-like animals. Her parents have been changed into pigs along with others inside a bathhouse full of these creatures. Will she ever see the world how it once was?","release_date":"2001-07-20","poster_path":"/dL11DBPcRhWWnJcFXl9A07MrqTI.jpg","popularity":5.073121,"title":"Spirited Away","video":false,"vote_average":8.0,"vote_count":1274}],"total_pages":180,"total_results":3596}
