{"page":168,"results":[{"adult":false,"backdrop_path":"/kCF76wyci4fe4DYsOIRLq1KI92t.jpg","genre_ids":[28,878,27],"id":178809,"original_language":"en","original_title":"The Colony","overview":"Forced underground by the next ice age, a struggling outpost of survivors must fight to preserve humanity against a threat even more savage than nature.","release_date":"2013-09-20","poster_path":"/oYeCfvBSdIfxGSlSXMwtAUzKiJC.jpg","popularity":2.605437,"title":"The Colony","video":false,"vote_average":5.2,"vote_count":213},{"adult":false,"backdrop_path":"/t3N4QkppS7MiCX6DT0HWwdpxOOV.jpg","genre_ids":[27,53],"id":9793,"original_language":"en","original_title":"The Hills Have Eyes II","overview":"A group of National Guard trainees find themselves battling against a vicious group of mutants on their last day of training in the desert.","release_date":"2007-03-22","poster_path":"/7yKntBeRLuj95pRxnlnnRPqr1xd.jpg","popularity":2.131123,"title":"The Hills Have Eyes 2","video":false,"vote_average":5.2,"vote_count":83},{"adult":false,"backdrop_path":"/uktD1TWn1slc3iGroZ6QDMOtAva.jpg","genre_ids":[28,80,18,53],"id":2155,"original_language":"en","original_title":"Reindeer Games","overview":"After assuming his dead cellmate's identity to get with his girlfriend, an ex-con finds himself the reluctant participant in a casino heist.","release_date":"2000-02-25","poster_path":"/rK1P7za5gHvCqjrOVcsUTSlaSNq.jpg","popularity":1.449844,"title":"Reindeer Games","video":false,"vote_average":5.2,"vote_count":52},{"adult":false,"backdrop_path":"/99g7q5X60VfUZ9XI6o0LW3N54k1.jpg","genre_ids":[28,12,35,10751],"id":10054,"original_language":"en","original_title":"Spy Kids","overview":"Carmen and Juni think their parents are boring. Little do they know that in their day, Gregorio and Ingrid Cortez were the top secret agents from their respective countries. They gave up that life to raise their children. Now, the disappearances of several of their old colleagues forces the Cortez' return from retirement. What they didn't count on was Carmen and Juni joining the \"family business.\"","release_date":"2001-03-18","poster_path":"/10zMofjfvnKahF8wqZ4nNzVeNps.jpg","popularity":1.178466,"title":"Spy Kids","video":false,"vote_average":5.2,"vote_count":215},{"adult":false,"backdrop_path":"/381rd4LVvy6AkSB9tqHNu81ftyR.jpg","genre_ids":[12,14,28],"id":37430,"original_language":"en","original_title":"Conan the Barbarian","overview":"A quest that begins as a personal vendetta for the fierce Cimmerian warrior soon turns into an epic battle against hulking rivals, horrific monsters, and impossible odds, as Conan (Jason Momoa) realizes he is the only hope of saving the great nations of Hyboria from an encroaching reign of supernatural evil.","release_date":"2011-08-19","poster_path":"/tCf5Gt51xONppfvcmwW0FmizPc6.jpg","popularity":2.819579,"title":"Conan the Barbarian","video":false,"vote_average":5.2,"vote_count":254},{"adult":false,"backdrop_path":"/nq4fAIN7oIn3NUP4mqZZACmhMAo.jpg","genre_ids":[18,80],"id":96936,"original_language":"en","original_title":"The Bling Ring","overview":"Inspired by actual events, a group of fame-obsessed teenagers use the Internet to track celebrities' whereabouts in order to rob their homes.","release_date":"2013-06-21","poster_path":"/9Z2KAOP1X3ACE22moHu9QdYUK7U.jpg","popularity":2.55994,"title":"The Bling Ring","video":false,"vote_average":5.2,"vote_count":374},{"adult":false,"backdrop_path":"/aoXNn1N5En9XxENR4J2Cg13CdEV.jpg","genre_ids":[28,35,53,80,10749],"id":54054,"original_language":"en","original_title":"One for the Money","overview":"Stephanie Plum (Katherine Heigl), an unemployed lingerie buyer, convinces her bail bondsman cousin, Vinnie (Patrick Fischler), to give her a shot as a bounty hunter. Her first assignment is to track down a former cop, Joe Morelli (Jason O'Mara), on the run for murder -- the same man who broke her heart years before. With the help of some friends and the best bounty hunter in the business, Ranger (Daniel Sunjata), she slowly learns what it takes to be a true bounty hunter.","release_date":"2012-01-27","poster_path":"/g8BxtvxvfbiM1UsJUyFjqeygrye.jpg","popularity":2.23921,"title":"One for the Money","video":false,"vote_average":5.2,"vote_count":148},{"adult":false,"backdrop_path":"/v4xXLdfGfFa8rf6VZum6ScxuGqh.jpg","genre_ids":[28,14,878,12,53],"id":11649,"original_language":"en","original_title":"Masters of the Universe","overview":"The world of Eternia in the aftermath of Skeletor's war on Castle Grayskull, which he has won after seizing Grayskull and the surrounding city using a cosmic key developed by the locksmith Gwildor. The Sorceress is now Skeletor's prisoner and he begins to drain her life-force as he waits for the moon of Eternia to align with the Great Eye of the Universe that will bestow god-like power upon him.","release_date":"1987-08-07","poster_path":"/jzU5dXnx4tVRIA9DJjR4b7LFsel.jpg","popularity":1.271425,"title":"Masters of the Universe","video":false,"vote_average":5.2,"vote_count":52},{"adult":false,"backdrop_path":"/muDrBFuHkqUgUrrSMPWlHaaK2kz.jpg","genre_ids":[28,12,878,53],"id":9341,"original_language":"en","original_title":"The Core","overview":"The Earth's core has stopped spinning and disasters are appearing all over the world; Birds are acting crazy, magnetic fields are causing huge electrical thunderstorms and people dying every second.Dr. Josh Keyes (Aaron Eckhart) and his crew have to travel down to the centre of the Earth and drop a nuclear bomb in an attempt to make the Earth's core spin once again. Or Mankind will perish...","release_date":"2003-03-23","poster_path":"/xPhO4FuZbbjZrN4LxTDeK45hgfT.jpg","popularity":0.987187,"title":"The Core","video":false,"vote_average":5.2,"vote_count":142},{"adult":false,"backdrop_path":"/nhERy8lKNOFgBDuIZAMkks8Znt7.jpg","genre_ids":[35],"id":26123,"original_language":"en","original_title":"American Pie Presents: The Book of Love","overview":"Ten years after the first American Pie movie, three new hapless virgins discover the Bible hidden in the school library at East Great Falls High. Unfortunately for them, the book is ruined, and with incomplete advice, the Bible leads them on a hilarious journey to lose their virginity.","release_date":"2009-12-04","poster_path":"/hOcgDwslaaMhBLa3x8WyGYZUVO4.jpg","popularity":1.948622,"title":"American Pie Presents: The Book of Love","video":false,"vote_average":5.2,"vote_count":131},{"adult":false,"backdrop_path":"/eO2SzacumPHe7MZNOXfbGGumFfd.jpg","genre_ids":[12,14,16,10751],"id":26505,"original_language":"en","original_title":"Arthur et la vengeance de Maltazard","overview":"Arthur answers a distress call from Princess Selenia, who is menaced by the nefarious Maltazard.","release_date":"2009-12-02","poster_path":"/m4PuHaEIT5teXSKu6Mdv7Gl9ORy.jpg","popularity":1.84089,"title":"Arthur and the Revenge of Maltazard","video":false,"vote_average":5.2,"vote_count":72},{"adult":false,"backdrop_path":"/adGAeyRgc7jQyXaBFyQGWGCrdJo.jpg","genre_ids":[27,28,53,878],"id":8914,"original_language":"en","original_title":"Deep Blue Sea","overview":"On a remote former submarine refueling facility called Aquatica, a team of scientists are searching for a cure for Alzheimer's disease. Dr. Susan McAlester genetically engineers three Mako sharks, intending to increase their brain capacity so that they can harvest the tissue as a cure for Alzheimer's. Unfortunately, the increased brain capacity also makes the sharks smarter, faster, and more dangerous. Aquatica's financial backers are skeptical and nervous about the tests, and send a corporate executive to visit the facility.","release_date":"1999-07-27","poster_path":"/r386y8YpePXoS7P4jHWZRTF36Zb.jpg","popularity":3.071673,"title":"Deep Blue Sea","video":false,"vote_average":5.2,"vote_count":181},{"adult":false,"backdrop_path":"/jHVdqAUCK9T1HHSKm6qXTAQGwXq.jpg","genre_ids":[12,35,10751],"id":14405,"original_language":"en","original_title":"Beverly Hills Chihuahua","overview":"A pampered Beverly Hills chihuahua named Chloe who, while on vacation in Mexico with her owner Viv's niece, Rachel, gets lost and must rely on her friends to help her get back home before she is caught by a dognapper who wants to ransom her.","release_date":"2008-10-03","poster_path":"/ptFNmPtf9CLOj0Jdm9k97xbcLIc.jpg","popularity":1.883569,"title":"Beverly Hills Chihuahua","video":false,"vote_average":5.2,"vote_count":56},{"adult":false,"backdrop_path":"/dTenIZe8F2JlKCfFBs59qWeZ0t5.jpg","genre_ids":[35,10749,18],"id":2800,"original_language":"en","original_title":"Rumor Has It...","overview":"Jennifer Aniston portrays Sarah Huttinger, whose return home with her fiance convinces her that the sedate, proper, country-club lifestyle of her family isn't for her, and that maybe the Huttinger family isn't even hers. Join Sarah as she uncovers secrets that suggest the Huttingers are neither sedate nor proper. The story is rumor. The laughs are real!","release_date":"2005-12-25","poster_path":"/6Hj5mFf1nv6gsYhGpz0xetPGYbg.jpg","popularity":2.865353,"title":"Rumor Has It...","video":false,"vote_average":5.2,"vote_count":76},{"adult":false,"backdrop_path":"/wTyn8QK69tnOkD2Bb55idOCvL0T.jpg","genre_ids":[28,12,18,53],"id":8975,"original_language":"en","original_title":"The Marine","overview":"A group of diamond thieves on the run kidnap the wife of a recently discharged marine who goes on a chase through the South Carolinian wilderness to retrieve her.","release_date":"2006-10-13","poster_path":"/6YXMCsdAOQ9fsqirowpKt3Os40N.jpg","popularity":0.980595,"title":"The Marine","video":false,"vote_average":5.2,"vote_count":60},{"adult":false,"backdrop_path":"/sP386SaCMTCz9ixvHpZtra0df49.jpg","genre_ids":[12],"id":9334,"original_language":"en","original_title":"The Scorpion King","overview":"In ancient Egypt, peasant Mathayus is hired to exact revenge on the powerful Memnon and the sorceress Cassandra, who are ready to overtake Balthazar's village. Amid betrayals, thieves, abductions and more, Mathayus strives to bring justice to his complicated world.","release_date":"2002-04-16","poster_path":"/gJ8uUDGfZuFyvuJDhgXh44dYqGh.jpg","popularity":2.406887,"title":"The Scorpion King","video":false,"vote_average":5.2,"vote_count":239},{"adult":false,"backdrop_path":"/gt8Pe0H2kdm99yuHYDs8goKbTkn.jpg","genre_ids":[35,10751],"id":9714,"original_language":"en","original_title":"Home Alone 3","overview":"9-year-old Alex Pruitt is home alone with the chicken pox. Turns out, due to a mix-up among nefarious spies, Alex was given a toy car concealing a top-secret microchip. Now Alex must fend off the spies as they try break into his house to get it back.","release_date":"1997-12-12","poster_path":"/z6ugEdjGuY4qcX1ymdV2CTVSvKN.jpg","popularity":1.613811,"title":"Home Alone 3","video":false,"vote_average":5.2,"vote_count":160},{"adult":false,"backdrop_path":"/17zArExB7ztm6fjUXZwQWgGMC9f.jpg","genre_ids":[28,53],"id":47964,"original_language":"en","original_title":"A Good Day to Die Hard","overview":"Iconoclastic, take-no-prisoners cop John McClane, finds himself for the first time on foreign soil after traveling to Moscow to help his wayward son Jack - unaware that Jack is really a highly-trained CIA operative out to stop a nuclear weapons heist. With the Russian underworld in pursuit, and battling a countdown to war, the two McClanes discover that their opposing methods make them unstoppable heroes.","release_date":"2013-02-14","poster_path":"/c2SQMd00CCGTiDxGXVqA2J9lmzF.jpg","popularity":2.513921,"title":"A Good Day to Die Hard","video":false,"vote_average":5.2,"vote_count":2649},{"adult":false,"backdrop_path":"/2SyU1SFcHyAuP0Af8mAsjpj0JkC.jpg","genre_ids":[28,12,35,18,878,37],"id":8487,"original_language":"en","original_title":"Wild Wild West","overview":"Legless Southern inventor Dr. Arliss Loveless plans to rekindle the Civil War by assassinating President U.S. Grant. Only two men can stop him: gunfighter James West and master-of-disguise and inventor Artemus Gordon. The two must team up to thwart Loveless' plans.","release_date":"1999-06-29","poster_path":"/uqoluoavY8US144kUu9lb4mZpD.jpg","popularity":2.203217,"title":"Wild Wild West","video":false,"vote_average":5.2,"vote_count":350},{"adult":false,"backdrop_path":"/1ucA7DaevpJWIsb291hYNXyy73M.jpg","genre_ids":[27],"id":24150,"original_language":"en","original_title":"Halloween II","overview":"Laurie Strode struggles to come to terms with her brother Micheal's deadly return to Haddonfield, Illinois; meanwhile, Michael prepares for another reunion with his sister.","release_date":"2009-08-28","poster_path":"/h1dZl05QjHfoTWrItqn0KVtTHru.jpg","popularity":1.562,"title":"Halloween II","video":false,"vote_average":5.2,"vote_count":64}],"total_pages":180,"total_results":3596}
