{"page":29,"results":[{"adult":false,"backdrop_path":"/nQ3FP6QMV7L0XjiVpumgNJnxzUT.jpg","genre_ids":[28,12,80,18,53],"id":11474,"original_language":"en","original_title":"The Warriors","overview":"Prominent gang leader Cyrus calls a meeting of New York's gangs to set aside their turf wars and take over the city. At the meeting, a rival leader kills Cyrus, but a Coney Island gang called the Warriors is wrongly blamed for Cyrus' death. Before you know it, the cops and every gangbanger in town is hot on the Warriors' trail.","release_date":"1979-02-09","poster_path":"/ikwR74siRBhSdtAUMxNzUJvT59A.jpg","popularity":1.868958,"title":"The Warriors","video":false,"vote_average":7.1,"vote_count":80},{"adult":false,"backdrop_path":"/tr6OExnBfjLADi9OyZoW308mPAp.jpg","genre_ids":[18,35,10749],"id":74643,"original_language":"en","original_title":"The Artist","overview":"Hollywood, 1927: As silent movie star George Valentin wonders if the arrival of talking pictures will cause him to fade into oblivion, he sparks with Peppy Miller, a young dancer set for a big break.","release_date":"2011-10-11","poster_path":"/i0mpvMIIjyubXsVKug9vX0lYpnd.jpg","popularity":2.972257,"title":"The Artist","video":false,"vote_average":7.1,"vote_count":376},{"adult":false,"backdrop_path":"/ra3YYX20u8Vz43aj3z2fLqsPRlA.jpg","genre_ids":[35,10402,10749],"id":872,"original_language":"en","original_title":"Singin' in the Rain","overview":"In 1927, Don Lockwood and Lina Lamont are a famous on-screen romantic pair. Lina, however, mistakes the on-screen romance for real love. Don has worked hard to get where he is today, with his former partner Cosmo. When Don and Lina's latest film is transformed into a musical, Don has the perfect voice for the songs. But Lina - well, even with the best efforts of a diction coach, they still decide to dub over her voice. Kathy Selden is brought in, an aspiring actress, and while she is working on the movie, Don falls in love with her. Will Kathy continue to \"aspire\", or will she get the break she deserves?","release_date":"1952-04-10","poster_path":"/bLbZBIeEqBcDiqUmLare2nv8fAt.jpg","popularity":0.439489,"title":"Singin' in the Rain","video":false,"vote_average":7.1,"vote_count":234},{"adult":false,"backdrop_path":"/lDhsA4edjDf5ZZHQFTrn5pgOpEN.jpg","genre_ids":[80,18],"id":10778,"original_language":"en","original_title":"The Man Who Wasn't There","overview":"A tale of passion, crime and punishment set in the summer of 1949. Ed Crane, a barber in a small California town, is dissatisfied with his life, but his wife Doris' infidelity presents him with a chance to change it.","release_date":"2001-05-13","poster_path":"/x1K4OPGNNB9Ye9Ob2OcdBUIXUno.jpg","popularity":0.500669,"title":"The Man Who Wasn't There","video":false,"vote_average":7.1,"vote_count":72},{"adult":false,"backdrop_path":"/6xjBbCZp3bXFps5ET1Y4zfq6bws.jpg","genre_ids":[14,35,16,878,10751],"id":228161,"original_language":"en","original_title":"Home","overview":"When Earth is taken over by the overly-confident Boov, an alien race in search of a new place to call home, all humans are promptly relocated, while all Boov get busy reorganizing the planet. But when one resourceful girl, Tip (Rihanna), manages to avoid capture, she finds herself the accidental accomplice of a banished Boov named Oh (Jim Parsons). The two fugitives realize there’s a lot more at stake than intergalactic relations as they embark on the road trip of a lifetime.","release_date":"2015-03-27","poster_path":"/ieg4Mm9cqTkozxpM87ewTx5vaok.jpg","popularity":7.879858,"title":"Home","video":false,"vote_average":7.1,"vote_count":383},{"adult":false,"backdrop_path":"/eC61NPiH8uFKIhiBSP5ffbbrKBg.jpg","genre_ids":[18,10751,10749],"id":10229,"original_language":"en","original_title":"A Walk to Remember","overview":"When the popular, restless Landon Carter is forced to participate in the school drama production he falls in love with Jamie Sullivan, the daughter of the town's minister. Jamie has a \"to-do\" list for her life and also a very big secret she must keep from Landon.","release_date":"2002-01-25","poster_path":"/kso0otMalKy9qSEdrzYP7Bc3Rjg.jpg","popularity":1.869646,"title":"A Walk to Remember","video":false,"vote_average":7.1,"vote_count":286},{"adult":false,"backdrop_path":"/stf7UNnPBBTqN0aaeotraFjvtXR.jpg","genre_ids":[35],"id":8386,"original_language":"en","original_title":"How High","overview":"Multi-platinum rap superstars Redman and Method Man star as Jamal and Silas, two regular guys who smoke something magical, ace their college entrance exams and wind up at Harvard. Ivy League ways are strange but Silas and Jamal take it in a stride -- until their supply of supernatural smoke runs dry. That's when they have to start living by their wits and rely on their natural resources to make the grade.","release_date":"2001-12-17","poster_path":"/AdQDz4LF6BzFfmyIJkMtrj707BZ.jpg","popularity":1.614426,"title":"How High","video":false,"vote_average":7.1,"vote_count":60},{"adult":false,"backdrop_path":"/rMtDntmRmkXGSK7apEMe1OrVbOG.jpg","genre_ids":[35,18],"id":147773,"original_language":"en","original_title":"The Way Way Back","overview":"Over the course of his summer break, a teenager comes into his own thanks in part to the friendship he strikes up with one of the park's managers.","release_date":"2013-07-05","poster_path":"/sXYsltqKCYbwKsquuswWAiycEBv.jpg","popularity":1.935873,"title":"The Way Way Back","video":false,"vote_average":7.1,"vote_count":287},{"adult":false,"backdrop_path":"/6ATCyuiCzmWF8eBYgawgjK03kZS.jpg","genre_ids":[12,9648,10749],"id":286565,"original_language":"en","original_title":"Paper Towns","overview":"Quentin Jacobsen has spent a lifetime loving the magnificently adventurous Margo Roth Spiegelman from afar. So when she cracks open a window and climbs back into his life-dressed like a ninja and summoning him for an ingenious campaign of revenge-he follows. After their all-nighter ends and a new day breaks, Q arrives at school to discover that Margo, always an enigma, has now become a mystery. But Q soon learns that there are clues-and they're for him. Urged down a disconnected path, the closer he gets, the less Q sees of the girl he thought he knew.","release_date":"2015-07-24","poster_path":"/mIYVDgnzx6Y0f1bSx50cPiBTc2t.jpg","popularity":4.693403,"title":"Paper Towns","video":false,"vote_average":7.1,"vote_count":174},{"adult":false,"backdrop_path":"/jyquegyFtiBzJIvTuSOD8iGtkd2.jpg","genre_ids":[35,10751],"id":850,"original_language":"en","original_title":"A Christmas Story","overview":"The comic mishaps and adventures of a young boy named Ralph, trying to convince his parents, teachers, and Santa that a Red Ryder B.B. gun really is the perfect Christmas gift for the 1940s.","release_date":"1983-11-18","poster_path":"/u348XMdz7g2Eu54yntt1qshUixk.jpg","popularity":1.438516,"title":"A Christmas Story","video":false,"vote_average":7.1,"vote_count":87},{"adult":false,"backdrop_path":"/3DL6BmslkyGHm70HXFNUwoYYIjb.jpg","genre_ids":[80,53],"id":845,"original_language":"en","original_title":"Strangers on a Train","overview":"A psychotic socialite confronts a pro tennis star with a theory on how two complete strangers can get away with murder...a theory that he plans to implement.","release_date":"1951-06-30","poster_path":"/akslUekHOWvE0UFBVb4GRkxRRoi.jpg","popularity":0.570953,"title":"Strangers on a Train","video":false,"vote_average":7.1,"vote_count":68},{"adult":false,"backdrop_path":"/ue507qDmtiULJNQjwNz9943LAS2.jpg","genre_ids":[18,10402],"id":1407,"original_language":"fr","original_title":"La Môme","overview":"A swirling, impressionistic portrait of an artist who regretted nothing, writer-director Olivier Dahan's La Vie en Rose stars Marion Cotillard in a blazing performance as the legendary French icon Edith Piaf. From the mean streets of the Belleville district of Paris to the dazzling limelight of New York's most famous concert halls, Piaf's life was a constant battle to sing and survive, to live and love. Raised in her grandmother's brothel, Piaf was discovered in 1935 by nightclub owner Louis Leplee (Gerard Depardieu), who persuaded her to sing despite her extreme nervousness. Piaf became one of France's immortal icons, her voice one of the indelible signatures of the 20th Century.","release_date":"2007-02-14","poster_path":"/zVnIx9gR5pzv6UxSB6GOseeaA7M.jpg","popularity":0.707213,"title":"La Vie en Rose","video":false,"vote_average":7.1,"vote_count":81},{"adult":false,"backdrop_path":"/x2EutNySnFRVrjOXsnGyj3HHvf7.jpg","genre_ids":[12,35,18],"id":421,"original_language":"en","original_title":"The Life Aquatic With Steve Zissou","overview":"Wes Anderson’s incisive quirky comedy build up stars complex characters like in ‘The Royal Tenenbaums’ with Bill Murray on in the leading role. An ocean adventure documentary film maker Zissou is put in all imaginable life situations and a tough life crisis as he attempts to make a new film about capturing the creature that caused him pain.","release_date":"2004-12-10","poster_path":"/kKwNRePEqTfC6DnNlJzz1yX44iR.jpg","popularity":1.200855,"title":"The Life Aquatic With Steve Zissou","video":false,"vote_average":7.1,"vote_count":243},{"adult":false,"backdrop_path":"/oZN5w508NSlrmcMql1wohhsQGIg.jpg","genre_ids":[16,10751,35,12,14,10749],"id":812,"original_language":"en","original_title":"Aladdin","overview":"Princess Jasmine grows tired of being forced to remain in the palace and she sneaks out into the marketplace  in disguise where she meets street-urchin Aladdin and the two fall in love, although she may only marry a prince. After being thrown in jail, Aladdin and becomes embroiled in a plot to find a mysterious lamp with which the evil Jafar hopes to rule the land.","release_date":"1992-11-25","poster_path":"/oA2AY6adBYrHSrvMQSfZ14yA0HA.jpg","popularity":3.856211,"title":"Aladdin","video":false,"vote_average":7.1,"vote_count":1372},{"adult":false,"backdrop_path":"/1pmPwJiHGOKjzSHxnogd655cUdL.jpg","genre_ids":[18,10402,10749],"id":5723,"original_language":"en","original_title":"Once","overview":"The Guy is a Dublin guitarist/singer-songwriter who makes a living by fixing vacuum cleaners in his Dad's Hoover repair shop by day, and singing and playing for money on the Dublin streets by night. The Girl is a Czech who plays piano when she gets a chance, and does odd jobs by day and takes care of her mom and her daughter by night.","release_date":"2006-07-14","poster_path":"/fEjwJfeDxgsRBlYgEWMgvrKQ6VB.jpg","popularity":2.141376,"title":"Once","video":false,"vote_average":7.1,"vote_count":214},{"adult":false,"backdrop_path":"/sEWKMIlgUCCb2n5mT0Mf71DRKLR.jpg","genre_ids":[35,18,10749],"id":37247,"original_language":"en","original_title":"The Graduate","overview":"Recent college graduate Benjamin Braddock is seduced by the wife of his father's business partner, Mrs. Robinson. Benjamin soon finds himself falling in love with her daughter, Elaine, as the affair with Mrs. Robinson mother comes back to haunt him.","release_date":"1967-12-21","poster_path":"/itdaGoyXKIAXRrHmchoMsGbwp2y.jpg","popularity":2.248002,"title":"The Graduate","video":false,"vote_average":7.1,"vote_count":197},{"adult":false,"backdrop_path":"/9UBtFxBdWDtwMLX5brS45Ryo840.jpg","genre_ids":[35,28,12],"id":22538,"original_language":"en","original_title":"Scott Pilgrim vs. the World","overview":"Scott Pilgrim is a film adaptation of the critically acclaimed, award-winning series of graphic novels of the same name by Canadian cartoonist Bryan Lee O’Malley. Scott Pilgrim is a 23 year old Canadian slacker and wannabe rockstar who falls in love with an American delivery girl, Ramona V. Flowers, and must defeat her seven \"evil exes\" to be able to date her.","release_date":"2010-07-27","poster_path":"/lafRuPbjEQrrHG9QEaoyV2znZC.jpg","popularity":3.538169,"title":"Scott Pilgrim vs. the World","video":false,"vote_average":7.1,"vote_count":775},{"adult":false,"backdrop_path":"/i9KqqGDw6aOOxtQDdzP4xHmjyHT.jpg","genre_ids":[16,10751,14],"id":26963,"original_language":"en","original_title":"The Secret of Kells","overview":"Adventure awaits 12 year old Brendan who must fight Vikings and a serpent god to find a crystal and complete the legendary Book of Kells. In order to finish Brother Aiden's book, Brendan must overcome his deepest fears on a secret quest that will take him beyond the abbey walls and into the enchanted forest where dangerous mythical creatures hide. Will Brendan succeed in his quest?","release_date":"2009-03-03","poster_path":"/hTmIGCqLKKUoEKJYOAJJau8mgne.jpg","popularity":2.13987,"title":"The Secret of Kells","video":false,"vote_average":7.1,"vote_count":65},{"adult":false,"backdrop_path":"/6zSU6K7q4zntC8vgrvpoUM66eQl.jpg","genre_ids":[35,18,36],"id":522,"original_language":"en","original_title":"Ed Wood","overview":"The mostly true story of the legendary \"worst director of all time\", who, with the help of his strange friends, filmed countless B-movies without ever becoming famous or successful.","release_date":"1994-09-27","poster_path":"/9qBe2sUDyY2dFH1iHq0SZb1G4QG.jpg","popularity":1.606086,"title":"Ed Wood","video":false,"vote_average":7.1,"vote_count":142},{"adult":false,"backdrop_path":"/ZQixhAZx6fH1VNafFXsqa1B8QI.jpg","genre_ids":[28,878,12],"id":1726,"original_language":"en","original_title":"Iron Man","overview":"Tony Stark. Genius, billionaire, playboy, philanthropist. Son of legendary inventor and weapons contractor Howard Stark. When Tony Stark is assigned to give a weapons presentation to an Iraqi unit led by Lt. Col. James Rhodes, he's given a ride on enemy lines. That ride ends badly when Stark's Humvee that he's riding in is attacked by enemy combatants. He survives - barely - with a chest full of shrapnel and a car battery attached to his heart. In order to survive he comes up with a way to miniaturize the battery and figures out that the battery can power something else. Thus Iron Man is born. He uses the primitive device to escape from the cave in Iraq. Once back home, he then begins work on perfecting the Iron Man suit. But the man who was put in charge of Stark Industries has plans of his own to take over Tony's technology for other matters.","release_date":"2008-05-02","poster_path":"/848chlIWVT41VtAAgyh9bWymAYb.jpg","popularity":5.744332,"title":"Iron Man","video":false,"vote_average":7.1,"vote_count":4571}],"total_pages":180,"total_results":3596}
