{"page":120,"results":[{"adult":false,"backdrop_path":"/hYUoSWYv5fdeh9EuZViWqXrGXGT.jpg","genre_ids":[878,35,80,28],"id":818,"original_language":"en","original_title":"Austin Powers in Goldmember","overview":"The world's most shagadelic spy continues his fight against Dr. Evil. This time, the diabolical doctor and his clone, Mini-Me, team up with a new foe -- '70s kingpin Goldmember. While pursuing the team of villains to stop them from world domination, Austin gets help from his dad and an old girlfriend.","release_date":"2002-07-22","poster_path":"/tFR7dTbX5BsmoUwKHfa2cWoZbwK.jpg","popularity":2.26879,"title":"Austin Powers in Goldmember","video":false,"vote_average":6.0,"vote_count":336},{"adult":false,"backdrop_path":"/imz5ZodpQFYR9kbEmuNiJ5xvt2Q.jpg","genre_ids":[28,16,27,878],"id":13648,"original_language":"ja","original_title":"Baiohazâdo: Dijenerêshon","overview":"A zombie attack brings chaos to Harvardville Airport. Leon Kennedy and Claire Redfield , who fought the sinister Umbrella Corporation during the Raccoon City tragedy 7 years ago, are back. In high-octane Resident Evil style, they're ready to battle a rogue warrior who is seeking revenge after his family was killed in Raccoon City. The deadly G-Virus is unleashed and a new mutated monster rampages.","release_date":"2008-10-18","poster_path":"/vcduy3H9RelaER3F7jn7OGby1ws.jpg","popularity":1.763618,"title":"Resident Evil: Degeneration","video":false,"vote_average":6.0,"vote_count":93},{"adult":false,"backdrop_path":"/2Uwv3eUDRJ9UcjN8AlSg4GDm6TN.jpg","genre_ids":[14],"id":8204,"original_language":"en","original_title":"The Spiderwick Chronicles","overview":"Upon moving into the run-down Spiderwick Estate with their mother, twin brothers Jared and Simon Grace, along with their sister Mallory, find themselves pulled into an alternate world full of faeries and other creatures.","release_date":"2008-02-14","poster_path":"/nSLjsBDzwsIpQL534CNfAKidyAm.jpg","popularity":0.694139,"title":"The Spiderwick Chronicles","video":false,"vote_average":6.0,"vote_count":126},{"adult":false,"backdrop_path":"/4180IbpeK3uYWEbKrk1PqNRtDIV.jpg","genre_ids":[27,53],"id":10131,"original_language":"en","original_title":"A Nightmare on Elm Street 4: The Dream Master","overview":"Dream demon Freddy Krueger is resurrected from his apparent demise, and rapidly tracks down and kills the remainder of the Elm Street kids. However, Kristen, who can draw others into her dreams, wills her special ability to her friend Alice. Alice soon realizes that Freddy is taking advantage of that unknown power to pull a new group of children into his foul domain.","release_date":"1988-08-19","poster_path":"/6KEBq1HUCKIZWekn35HwNj1VBJl.jpg","popularity":1.754213,"title":"A Nightmare on Elm Street 4: The Dream Master","video":false,"vote_average":6.0,"vote_count":68},{"adult":false,"backdrop_path":"/2Pfj2F9MZCNCO8Yxf3lAGOzs7Dn.jpg","genre_ids":[53,80,9648,10749],"id":617,"original_language":"en","original_title":"Wild Things","overview":"When teen-socialite Kelly Van Ryan (Richards) and troubled bad girl Suzie Toller (Campbell) accuse guidance counselor Sam Lombardo (Dillon) of rape, he's suspended by the school, rejected by the town, and fighting to get his life back. One cop (Bacon) suspects conspiracy, but nothing is what it seems...","release_date":"1998-03-20","poster_path":"/dI9iYo1cL81yzJkBVyNGipjSvy0.jpg","popularity":2.954839,"title":"Wild Things","video":false,"vote_average":6.0,"vote_count":117},{"adult":false,"backdrop_path":"/vUIxLVMblTY6vdKI7FsTKsWpr6q.jpg","genre_ids":[53,28,18,80],"id":77866,"original_language":"en","original_title":"Contraband","overview":"To protect his brother-in-law from a drug lord, a former smuggler heads to Panama to score millions of dollars in counterfeit bills.","release_date":"2012-01-13","poster_path":"/1po0IPambMJmBhUD9rwd41M9Jmh.jpg","popularity":3.044065,"title":"Contraband","video":false,"vote_average":6.0,"vote_count":408},{"adult":false,"backdrop_path":"/wKOoD7RvfJOIW13tQWYV7cMzzn0.jpg","genre_ids":[28,12,18,10749],"id":6520,"original_language":"en","original_title":"First Knight","overview":"The timeless tale of King Arthur and the legend of Camelot are retold in this passionate period drama. Arthur is reluctant to hand the crown to Lancelot, and Guinevere is torn between her loyalty to her husband and her growing love for his rival. But Lancelot must balance his loyalty to the throne with the rewards of true love.","release_date":"1995-07-07","poster_path":"/muRn0We7BisyezWUsPyGknEOq6R.jpg","popularity":2.007461,"title":"First Knight","video":false,"vote_average":6.0,"vote_count":85},{"adult":false,"backdrop_path":"/6KOPTlgmEb6MkKYTcDA1QAN6vGJ.jpg","genre_ids":[12,28,878],"id":330,"original_language":"en","original_title":"The Lost World: Jurassic Park","overview":"Four years after Jurassic Park's genetically bred dinosaurs ran amok, multimillionaire John Hammond shocks chaos theorist Ian Malcolm by revealing that Hammond has been breeding more beasties at a secret location. Malcolm, his paleontologist ladylove and a wildlife videographer join an expedition to document the lethal lizards' natural behavior in this action-packed thriller.","release_date":"1997-05-19","poster_path":"/u1fXmEQUCI9CjyHCCYOPBSq2DYo.jpg","popularity":1.134245,"title":"The Lost World: Jurassic Park","video":false,"vote_average":6.0,"vote_count":1169},{"adult":false,"backdrop_path":"/gmLMaDXi4lFWG8WitaCYOJS5GtL.jpg","genre_ids":[28,12,16,14,878,53],"id":12180,"original_language":"en","original_title":"Star Wars: The Clone Wars","overview":"Set between Episode II and III the Clone Wars is the first computer animated Star Wars film. Anakin and Obi Wan must find out who kidnapped Jabba the Hutts son and return him safely. The Seperatists will try anything to stop them and ruin any chance of a diplomatic agreement between the Hutt's and the Republic.","release_date":"2008-08-05","poster_path":"/xd6yhmtS6mEURZLwUDT5raEMbf.jpg","popularity":1.762425,"title":"Star Wars: The Clone Wars","video":false,"vote_average":6.0,"vote_count":132},{"adult":false,"backdrop_path":"/4tSHqK1Bq61SGLWrGbSVbQ1B2rF.jpg","genre_ids":[18,53],"id":8999,"original_language":"en","original_title":"Derailed","overview":"When two married business executives having an affair are blackmailed by a violent criminal, they are forced to turn the tables on him to save their families.","release_date":"2005-11-11","poster_path":"/fWZK40LvrjJ2w7IBuuadJMdHgVK.jpg","popularity":1.480995,"title":"Derailed","video":false,"vote_average":6.0,"vote_count":89},{"adult":false,"backdrop_path":"/fDuTrT0qJUgEJjexaZOce4kmO0V.jpg","genre_ids":[28,12,35,10751,14],"id":1593,"original_language":"en","original_title":"Night at the Museum","overview":"Chaos reigns at the natural history museum when night watchman Larry Daley accidentally stirs up an ancient curse, awakening Attila the Hun, an army of gladiators, a Tyrannosaurus rex and other exhibits. Larry tries desperately to keep the museum under control, but he's fighting a losing battle until President Teddy Roosevelt comes to the rescue.","release_date":"2006-12-21","poster_path":"/NUbCSwy2EQ9Z6psUjPqr3WdVI2.jpg","popularity":3.584545,"title":"Night at the Museum","video":false,"vote_average":6.0,"vote_count":809},{"adult":false,"backdrop_path":"/6s2sJ03lXNXMIsv5HjU2JeiuLaO.jpg","genre_ids":[80,18,27,53],"id":18405,"original_language":"en","original_title":"The Last House on the Left","overview":"Last House on the Left follows a group of teenage girls heading into the city when they hook up with a gang of drug-addled ne'er-do-wells and are brutally murdered. The killers find their way to the home of one of their victim's parents, where both father and mother exact a horrible revenge.","release_date":"2009-03-13","poster_path":"/tpjP9MLDRq6aC1MTpFcJEOYOGtj.jpg","popularity":1.000317,"title":"The Last House on the Left","video":false,"vote_average":6.0,"vote_count":105},{"adult":false,"backdrop_path":"/jErMBy0pcJIUMfzaVPzfrXhsn9W.jpg","genre_ids":[35,10749],"id":63492,"original_language":"en","original_title":"What's Your Number?","overview":"Ally Darling (Anna Faris) is realizing she's a little lost in life. Her latest romance has just fizzled out, and she's just been fired from her marketing job. Then she reads an eye-opening magazine article that warns that 96 percent of women who've been with 20 or more lovers are unlikely to find a husband. Determined to turn her life around and prove the article wrong, Ally embarks on a mission to find the perfect mate from among her numerous ex-boyfriends.","release_date":"2011-09-30","poster_path":"/yugpF7km9nEE5GLpSWMSkGKHGNd.jpg","popularity":2.62969,"title":"What's Your Number?","video":false,"vote_average":6.0,"vote_count":161},{"adult":false,"backdrop_path":"/oKOVIY9W2d5VMKDN1YAAznZ58Bj.jpg","genre_ids":[18,9648,878,53],"id":636,"original_language":"en","original_title":"THX 1138","overview":"People in the future live in a totalitarian society. A technician named THX 1138 lives a mundane life between work and taking a controlled consumption of drugs that the government uses to make puppets out of people. As THX is without drugs for the first time he has feelings for a woman and they start a secret relationship. The first film from George Lucas.","release_date":"1971-03-11","poster_path":"/8cie5mojY6MlIrYMs9EtNSyterv.jpg","popularity":1.166325,"title":"THX 1138","video":false,"vote_average":6.0,"vote_count":68},{"adult":false,"backdrop_path":"/3QSBDya9ZI7AqGfcXqTfrrEOot0.jpg","genre_ids":[80,28,53],"id":55846,"original_language":"en","original_title":"Blitz","overview":"A tough cop is dispatched to take down a serial killer who has been targeting police officers.","release_date":"2011-05-20","poster_path":"/9TKwBFjvOM2yoNYVCOug94iIBWo.jpg","popularity":2.546315,"title":"Blitz","video":false,"vote_average":6.0,"vote_count":209},{"adult":false,"backdrop_path":"/uLQjXZq6307jTgcACnhOeh5mCK2.jpg","genre_ids":[28,80,18,53],"id":82675,"original_language":"en","original_title":"Taken 2","overview":"In Istanbul, retired CIA operative Bryan Mills and his wife are taken hostage by the father of a kidnapper Mills killed while rescuing his daughter.","release_date":"2012-10-04","poster_path":"/rDX2zd9aVMJnBmlS8efwOYsi76R.jpg","popularity":3.102229,"title":"Taken 2","video":false,"vote_average":6.0,"vote_count":1490},{"adult":false,"backdrop_path":"/ytm4breWckabzpae7zFGOeSbl9Y.jpg","genre_ids":[53,80,18],"id":190955,"original_language":"en","original_title":"Blood Ties","overview":"Two brothers, on either side of the law, face off over organized crime in Brooklyn during the 1970s.","release_date":"2013-10-28","poster_path":"/b92dNX0BYxGAroKuR98I2qn9vwy.jpg","popularity":2.435202,"title":"Blood Ties","video":false,"vote_average":6.0,"vote_count":75},{"adult":false,"backdrop_path":"/tlbGPwXp2eWZaijWqYXiHYwKuF8.jpg","genre_ids":[35,10749],"id":41630,"original_language":"en","original_title":"No Strings Attached","overview":"Emma is a busy doctor who sets up a seemingly perfect arrangement when she offers her best friend Adam a relationship with one rule: No strings attached. But when a fling becomes a thing, can sex friends stay best friends?","release_date":"2011-01-20","poster_path":"/1AxDwc2eugEvG4dRTear9q8Hzmw.jpg","popularity":2.917548,"title":"No Strings Attached","video":false,"vote_average":6.0,"vote_count":430},{"adult":false,"backdrop_path":"/riCNFvTbbgjWYIhy6Ow5gBd8ZqW.jpg","genre_ids":[80,27,53],"id":11917,"original_language":"en","original_title":"Saw V","overview":"Detective Hoffman is seemingly the last person alive to carry on the Jigsaw legacy. But when his secret is threatened, he must go on the hunt to eliminate all the loose ends.","release_date":"2008-10-23","poster_path":"/AkfY99GJjnsuOpIaQlFzCsv5pBl.jpg","popularity":1.204752,"title":"Saw V","video":false,"vote_average":6.0,"vote_count":238},{"adult":false,"backdrop_path":"/oP6t2PvX8DFcGyyCcWFQSP6s25W.jpg","genre_ids":[9648,53],"id":204922,"original_language":"en","original_title":"Before I Go to Sleep","overview":"A woman wakes up every day, remembering nothing as a result of a traumatic accident in her past. One day, new terrifying truths emerge that force her to question everyone around her.","release_date":"2014-10-31","poster_path":"/3UG2Pb122c7Va8MBtr1OHRB1YPh.jpg","popularity":4.600489,"title":"Before I Go to Sleep","video":false,"vote_average":6.0,"vote_count":244}],"total_pages":180,"total_results":3596}
