{"page":83,"results":[{"adult":false,"backdrop_path":"/9heGSxkxgVCo1yScmkIgvLL2ytD.jpg","genre_ids":[18,878],"id":227156,"original_language":"en","original_title":"The Giver","overview":"The haunting story of 'The Giver' centers on Jonas (Brenton Thwaites), a young man who lives in a seemingly ideal, if colorless, world of conformity and contentment. Yet as he begins to spend time with The Giver (Jeff Bridges), who is the sole keeper of all the community’s memories, Jonas quickly begins to discover the dark and deadly truths of his community’s secret past. With this newfound power of knowledge, he realizes that the stakes are higher than imagined – a matter of life and death for himself and those he loves most. At extreme odds, Jonas knows that he must escape their world to protect them all – a challenge that no one has ever succeeded at before.","release_date":"2014-08-11","poster_path":"/4g19qQ4pfQz6nlVctA0q3y7Dieg.jpg","popularity":3.982609,"title":"The Giver","video":false,"vote_average":6.4,"vote_count":478},{"adult":false,"backdrop_path":"/AbzghYzsSzdEv1CuSnDyNHUBvP6.jpg","genre_ids":[53,878,9648],"id":12101,"original_language":"en","original_title":"Soylent Green","overview":"In an overpopulated futuristic Earth, a New York police detective finds himself marked for murder by government agents when he gets too close to a bizarre state secret involving the origins of a revolutionary and needed new foodstuff.","release_date":"1973-04-19","poster_path":"/eXZcuTPyhV0yhHL9ox6Ygw8Gd8I.jpg","popularity":1.746403,"title":"Soylent Green","video":false,"vote_average":6.4,"vote_count":67},{"adult":false,"backdrop_path":"/gRQucG6XnNgSQn863V5ho50J3hx.jpg","genre_ids":[27,9648,53],"id":565,"original_language":"en","original_title":"The Ring","overview":"It sounded like just another urban legend: A videotape filled with nightmarish images, leading to a phone call foretelling the viewer's death in exactly seven days. As a newspaper reporter, Rachel Keller was naturally skeptical of the story, until four teenagers all met with mysterious deaths exactly one week after watching just such a tape. Allowing her investigative curiosity to get the better of her, Rachel tracks down the video... and watches it. Now she has just seven days to unravel the mystery of the Ring.","release_date":"2002-10-18","poster_path":"/zMVpi0ohdlZw6st07SAbHYu7b9W.jpg","popularity":3.712665,"title":"The Ring","video":false,"vote_average":6.4,"vote_count":390},{"adult":false,"backdrop_path":"/5zIxXANoUCVMFu9YFhHejmnSmhY.jpg","genre_ids":[28,18,53],"id":9798,"original_language":"en","original_title":"Enemy of the State","overview":"Hotshot Washington lawyer Robert Dean becomes a victim of high-tech identity theft when a hacker slips an incriminating video into his pocket. Soon, a rogue National Security agent sets out to recover the tape -- and destroy Dean.","release_date":"1998-11-15","poster_path":"/2B0vLBo6gJbnzke4Enc77GCxKrz.jpg","popularity":1.30462,"title":"Enemy of the State","video":false,"vote_average":6.4,"vote_count":566},{"adult":false,"backdrop_path":"/wMpL6qA67gTupcwXV8w6VIJzLxa.jpg","genre_ids":[16,10751,14,12],"id":75258,"original_language":"en","original_title":"Secret of the Wings","overview":"Tinkerbell wanders into the forbidden Winter woods and meets Periwinkle. Together they learn the secret of their wings and try to unite the warm fairies and the winter fairies to help Pixie Hollow.","release_date":"2012-10-23","poster_path":"/4oBoAsIGEw9z4R5XqhtuVmpznGk.jpg","popularity":2.661617,"title":"Secret of the Wings","video":false,"vote_average":6.4,"vote_count":105},{"adult":false,"backdrop_path":"/avqznLsnPzSROYJTxRMC70MM4Ps.jpg","genre_ids":[18,80],"id":8065,"original_language":"en","original_title":"21","overview":"Ben Campbell is a young, highly intelligent, student at M.I.T. in Boston who strives to succeed. Wanting a scholarship to transfer to Harvard School of Medicine with the desire to become a doctor, Ben learns that he cannot afford the $300,000 for the four to five years of schooling as he comes from a poor, working-class background. But one evening, Ben is introduced by his unorthodox math professor Micky Rosa into a small but secretive club of five. Students Jill, Choi, Kianna, and Fisher, who are being trained by Professor Rosa of the skill of card counting at blackjack.","release_date":"2008-03-27","poster_path":"/4zKAgycQDJD2zIkmPYV3aMR8tEy.jpg","popularity":2.579994,"title":"21","video":false,"vote_average":6.4,"vote_count":588},{"adult":false,"backdrop_path":"/qzrOCLviAseY5WOmsgkNVIAHQea.jpg","genre_ids":[878,28,12,53],"id":174,"original_language":"en","original_title":"Star Trek VI: The Undiscovered Country","overview":"The crews of the Enterprise and the Excelsior must stop a plot to prevent a peace treaty between the Klingon Empire and the Federation","release_date":"1991-12-05","poster_path":"/5PvIZAOFDe63M1oByFEFDoQobkc.jpg","popularity":2.005874,"title":"Star Trek VI: The Undiscovered Country","video":false,"vote_average":6.4,"vote_count":147},{"adult":false,"backdrop_path":"/tOAb4CBsbtXQVxMLELVap0upaCm.jpg","genre_ids":[18],"id":11652,"original_language":"en","original_title":"Invincible","overview":"Inspired by the true story of Vince Papale, a man with nothing to lose who ignored the staggering odds and made his dream come true. When the coach of Papale's beloved hometown football team hosted an unprecedented open tryout, the public consensus was that it was a waste of time -- no one good enough to play professional football was going to be found this way.","release_date":"2006-08-25","poster_path":"/yB6K696MEnZ79MBHdr2RvgPRpVL.jpg","popularity":1.384781,"title":"Invincible","video":false,"vote_average":6.4,"vote_count":70},{"adult":false,"backdrop_path":"/bLv1am2xc4JqP4CzT7i48BFQjTu.jpg","genre_ids":[28,35,80,53],"id":5175,"original_language":"en","original_title":"Rush Hour 2","overview":"It's vacation time for Carter as he finds himself alongside Lee in Hong Kong wishing for more excitement. While Carter wants to party and meet the ladies, Lee is out to track down a Triad gang lord who may be responsible for killing two men at the American Embassy. Things get complicated as the pair stumble onto a counterfeiting plot. The boys are soon up to their necks in fist fights and life-threatening situations. A trip back to the U.S. may provide the answers about the bombing, the counterfeiting, and the true allegiance of sexy customs agent Isabella.","release_date":"2001-08-03","poster_path":"/xG43wsvHpOp2QIj2JGQEvmK8dgC.jpg","popularity":2.748269,"title":"Rush Hour 2","video":false,"vote_average":6.4,"vote_count":332},{"adult":false,"backdrop_path":"/8Fd6fYtOFiCOeucA7oWfwXgi4GQ.jpg","genre_ids":[28,18,37],"id":12160,"original_language":"en","original_title":"Wyatt Earp","overview":"Covering the life and times of one of the West's most iconic heroes Wyatt Earp weaves an intricate tale of Earp and his friends and family. With a star studded cast, sweeping cinematography and authentic costumes Wyatt Earp led the way during the Western revival in the 90's.","release_date":"1994-06-24","poster_path":"/zSGDgcWHqmQxmX4mLJZgT5UgLjj.jpg","popularity":0.86859,"title":"Wyatt Earp","video":false,"vote_average":6.4,"vote_count":64},{"adult":false,"backdrop_path":"/7ytb78OyijteFpFKKoZsYSvPw2u.jpg","genre_ids":[80,53],"id":298,"original_language":"en","original_title":"Ocean's Thirteen","overview":"Danny Ocean's team of criminals are back and are composing a plan more personal than ever. When ruthless casino owner Willy Bank double-crosses Reuben Tishkoff, causing a heart attack, Danny Ocean vows that him and his team will do anything to bring Willy Bank and everything he's got down. Even if it includes hiring help from one of their own enemies, Terry Benedict.","release_date":"2007-06-07","poster_path":"/k7jNRNN9UuUc2VQg21YXYn3JGVY.jpg","popularity":2.879101,"title":"Ocean's Thirteen","video":false,"vote_average":6.4,"vote_count":948},{"adult":false,"backdrop_path":"/18W6hUmP9sVzDlzzlrsP4RaKJ7H.jpg","genre_ids":[35,18,10751],"id":13971,"original_language":"en","original_title":"Wild Child","overview":"Rebellious 16 year old Poppy from Mailibu is sent to an English boarding school. Realising her Father isn't coming back to rescue her she tries to get expelled.","release_date":"2008-01-01","poster_path":"/vH2Z6JO2r6Q0aQaPDbIAYDOSG4H.jpg","popularity":0.695312,"title":"Wild Child","video":false,"vote_average":6.4,"vote_count":111},{"adult":false,"backdrop_path":"/mdP4XVSJ9lfCK8PJYYrttVmZ9Xz.jpg","genre_ids":[18],"id":2251,"original_language":"en","original_title":"Unfaithful","overview":"Connie is a wife and mother whose 11-year marriage to Edward has lost its sexual spark. When Connie literally runs into handsome book collector Paul, he sweeps her into an all-consuming affair. But Edward soon becomes suspicious and decides to confront the other man.","release_date":"2002-05-10","poster_path":"/ztenZXLECkDXTXN6KEugPVvMTIl.jpg","popularity":1.673968,"title":"Unfaithful","video":false,"vote_average":6.4,"vote_count":68},{"adult":false,"backdrop_path":"/bXo7ydNJxww2q4KSgobqUfhEofz.jpg","genre_ids":[28,18,14],"id":1494,"original_language":"en","original_title":"Man cheng jin dai huang jin jia","overview":"During China's Tang dynasty the emperor has taken the princess of a neighboring province as wife. She has borne him two sons and raised his eldest. Now his control over his dominion is complete, including the royal family itself.","release_date":"2006-12-21","poster_path":"/8JGOTkKOCqSfAwIMPQKF0K44lUW.jpg","popularity":1.736312,"title":"Curse of the Golden Flower","video":false,"vote_average":6.4,"vote_count":68},{"adult":false,"backdrop_path":"/cAWjH6Oz0fb10F75vRPbRIM2q6Z.jpg","genre_ids":[12,14,28],"id":1911,"original_language":"en","original_title":"The 13th Warrior","overview":"In AD 922, Arab courtier Ahmad Ibn Fadlan (Antonio Banderas) accompanies a party of Vikings to the barbaric North to combat a terror that slaughters Vikings and devours their flesh.","release_date":"1999-08-27","poster_path":"/ooR8S0O0ZgxK2OBnT1GWHrr9w92.jpg","popularity":2.255403,"title":"The 13th Warrior","video":false,"vote_average":6.4,"vote_count":162},{"adult":false,"backdrop_path":"/6xezVJoUp0cZUBQeIDpW6lFuhcd.jpg","genre_ids":[14,35,18],"id":9647,"original_language":"en","original_title":"Scrooged","overview":"Frank Cross runs a US TV station which is planning a live adaptation of Dickens' Christmas Carol. Frank's childhood wasn't a particularly pleasant one, and so he doesn't really appreciate the Christmas spirit. With the help of the ghosts of Christmas past, present and future, Frank realizes he must change.","release_date":"1988-11-22","poster_path":"/9gUQPVt0QZYKUBrGGtknfrsRQ1c.jpg","popularity":1.590689,"title":"Scrooged","video":false,"vote_average":6.4,"vote_count":83},{"adult":false,"backdrop_path":"/14Jb0vOZKxbkyx5h0cQ8uj0sD3V.jpg","genre_ids":[53,18],"id":1817,"original_language":"en","original_title":"Phone Booth","overview":"A slick New York publicist who picks up a ringing receiver in a phone booth is told that if he hangs up, he'll be killed... and the little red light from a laser rifle sight is proof that the caller isn't kidding.","release_date":"2002-09-09","poster_path":"/xIaUpPok8WFnr79EAvgtGsIaJzV.jpg","popularity":1.891267,"title":"Phone Booth","video":false,"vote_average":6.4,"vote_count":280},{"adult":false,"backdrop_path":"/d2fSA6N7xUvj5jA62SAsGvLdVk5.jpg","genre_ids":[28,12,35],"id":6415,"original_language":"en","original_title":"Three Kings","overview":"A group of American soldiers stationed in Iraq at the end of the Gulf War find a map they believe will take them to a huge cache of stolen Kuwaiti gold hidden near their base, and they embark on a secret mission that's destined to change everything.","release_date":"1999-09-27","poster_path":"/uB9Kl71W50q5KwM6d06ho6sNuq1.jpg","popularity":2.198818,"title":"Three Kings","video":false,"vote_average":6.4,"vote_count":186},{"adult":false,"backdrop_path":"/3EqYpbGCE9S5GddU2K4cYzP5UmI.jpg","genre_ids":[35],"id":5,"original_language":"en","original_title":"Four Rooms","overview":"It's Ted the Bellhop's first night on the job...and the hotel's very unusual guests are about to place him in some outrageous predicaments. It seems that this evening's room service is serving up one unbelievable happening after another.","release_date":"1995-12-25","poster_path":"/eQs5hh9rxrk1m4xHsIz1w11Ngqb.jpg","popularity":0.611188,"title":"Four Rooms","video":false,"vote_average":6.4,"vote_count":155},{"adult":false,"backdrop_path":"/2lKD7nIeYkNkmKIOGTeAJRXkDqI.jpg","genre_ids":[28,12,18,36,10752],"id":10047,"original_language":"en","original_title":"Joan of Arc","overview":"In 1429 a teenage girl from a remote French village stood before her King with a message she claimed came from God; that she would defeat the world's greatest army and liberate her country from its political and religious turmoil. Following her mission to reclaim god's dimished kingdom - through her amazing victories until her violent and untimely death.","release_date":"1999-10-27","poster_path":"/3XCzDTqh4X5YHxwys0IOpDyi7ly.jpg","popularity":0.887239,"title":"The Messenger: The Story of Joan of Arc","video":false,"vote_average":6.4,"vote_count":103}],"total_pages":180,"total_results":3596}
