{"page":91,"results":[{"adult":false,"backdrop_path":"/ivr7JiwjfLdUaEL48X1dcvQ2eaT.jpg","genre_ids":[18],"id":1125,"original_language":"en","original_title":"Dreamgirls","overview":"Three young women - Deena Jones, Effie White, and Lorrell Robinson - desire to become pop stars and get their wish when they're picked to be backup singers for the legendary James \"Thunder\" Early. Then they're set free for leads, but Curtis Taylor and Effie's brother C.C. decide for Deena to be lead which upsets Effie.","release_date":"2006-12-25","poster_path":"/jrtyk21qp9oVHveellwoyp825q2.jpg","popularity":0.605823,"title":"Dreamgirls","video":false,"vote_average":6.3,"vote_count":64},{"adult":false,"backdrop_path":"/fmo48Lt8XtMWeHeXJzi5SbPCJud.jpg","genre_ids":[80,18,27],"id":1696,"original_language":"en","original_title":"The Devil's Rejects","overview":"The sequel to House of 1000 Corpses – the Firefly family are ambushed at their isolated home by Sheriff Wydell and a squad of armed men guns blazing – yet only Otis and his sister, Baby, manage to escape the barrage of bullets unharmed. Hiding out in a backwater motel, the wanted siblings wait to rendezvous with their errant father, Captain Spaulding, killing whoever happens to stand in their way.","release_date":"2005-07-22","poster_path":"/jSWt4aJizmXmPXV3SBQGTWhwuCB.jpg","popularity":0.900103,"title":"The Devil's Rejects","video":false,"vote_average":6.3,"vote_count":64},{"adult":false,"backdrop_path":"/2Y9Zb61gL4w0eUgyla4IELWqzGh.jpg","genre_ids":[80,18],"id":227,"original_language":"en","original_title":"The Outsiders","overview":"When two poor greasers, Johnny, and Ponyboy are assaulted by a vicious gang, the socs, and Johnny kills one of the attackers, tension begins to mount between the two rival gangs, setting off a turbulent chain of events.","release_date":"1983-03-25","poster_path":"/35K8ItoRuD7i0VBqjj8bEX0Ct6E.jpg","popularity":0.568146,"title":"The Outsiders","video":false,"vote_average":6.3,"vote_count":70},{"adult":false,"backdrop_path":"/4mDvMIGV4x8UKpLFCIoKkfA9Ro0.jpg","genre_ids":[35,18,10749],"id":229297,"original_language":"en","original_title":"Magic in the Moonlight","overview":"Set in the 1920s French Riviera, a master magician is commissioned to try and expose a psychic as a fraud.","release_date":"2014-07-25","poster_path":"/pSakqsaqifEbgY2Q8EhesyFWdGt.jpg","popularity":2.265881,"title":"Magic in the Moonlight","video":false,"vote_average":6.3,"vote_count":225},{"adult":false,"backdrop_path":"/gItSGA2Zh4UI69ogFrY7U6ZTJMo.jpg","genre_ids":[28,12],"id":308504,"original_language":"en","original_title":"Last Knights","overview":"When an evil emperor executes their leader, his band of knights - bound by duty and honor - embarks on a journey of vengeance that will not come to an end until they've destroyed their mortal foe.","release_date":"2015-04-03","poster_path":"/zDLAUGSQvpqO0FeFXee1Gmxp7es.jpg","popularity":3.823163,"title":"Last Knights","video":false,"vote_average":6.3,"vote_count":85},{"adult":false,"backdrop_path":"/7U5ORIO4QUL56EFnt0mV6C1SCze.jpg","genre_ids":[18],"id":44129,"original_language":"en","original_title":"The Company Men","overview":"Bobby Walker is living the proverbial American dream: great job, beautiful family, shiny Porsche in the garage. When corporate downsizing leaves him and co-workers Phil Woodward and Gene McClary jobless, the three men are forced to re-define their lives as men, husbands and fathers.","release_date":"2010-10-21","poster_path":"/xP1FWgiUT1v1GGCwd94hXLaHyg8.jpg","popularity":0.593012,"title":"The Company Men","video":false,"vote_average":6.3,"vote_count":85},{"adult":false,"backdrop_path":"/4Dd0CcqIHeyJFALYVzpHrsnbOX6.jpg","genre_ids":[28,12,14],"id":1930,"original_language":"en","original_title":"The Amazing Spider-Man","overview":"Peter Parker is an outcast high schooler was abandoned by his parents as a boy, leaving him to be raised by his Uncle Ben and Aunt May. Like most teenagers, Peter is trying to figure out who he is and how he got to be the person he is today. As Peter discovers a mysterious briefcase that belonged to his father, he begins a quest to understand his parents' disappearance—leading him directly to Oscorp and the lab of Dr. Curt Connors, his father's former partner. As Spider-Man is set on a collision course with Connors' alter ego, The Lizard, Peter will make life-altering choices to use his powers and shape his destiny to become a hero.","release_date":"2012-07-04","poster_path":"/AtFhFTNbNo49qn7fkbo9lDtRkeR.jpg","popularity":2.625655,"title":"The Amazing Spider-Man","video":false,"vote_average":6.3,"vote_count":3777},{"adult":false,"backdrop_path":"/fLMv873bBAvrCtzeAbRVjb4Mi9Y.jpg","genre_ids":[28,80,53],"id":27582,"original_language":"en","original_title":"The Mechanic","overview":"Arthur Bishop (Statham) is a 'mechanic' - an elite assassin with a strict code and unique talent for cleanly eliminating targets. It's a job that requires professional perfection and total detachment, and Bishop is the best in the business. But when he is ordered to take out his mentor and close friend Harry (Sutherland), Bishop is anything but detached.","release_date":"2011-01-28","poster_path":"/7S5ImFBwi2BTxL5mQbWgfNbbbxa.jpg","popularity":1.092619,"title":"The Mechanic","video":false,"vote_average":6.3,"vote_count":412},{"adult":false,"backdrop_path":"/98OmSugAkjJqLGw5rrejj3qjQ9H.jpg","genre_ids":[28,80,18,53,10752],"id":62630,"original_language":"en","original_title":"The Devil's Double","overview":"A chilling vision of the House of Saddam Hussein comes to life through the eyes of the man who was forced to become the double of Hussein's sadistic son.","release_date":"2011-02-11","poster_path":"/umXaJpx6MMO9MKx2KIcMzPctVyF.jpg","popularity":1.096516,"title":"The Devil's Double","video":false,"vote_average":6.3,"vote_count":81},{"adult":false,"backdrop_path":"/gfWrFaEhSfofcUCBx7C6IBDtW8T.jpg","genre_ids":[80,53],"id":163,"original_language":"en","original_title":"Ocean's Twelve","overview":"Danny Ocean reunites with his old flame and the rest of his merry band of thieves in a caper concerning three huge heists in Rome, Paris and Amsterdam. But Europol agent Isabel Lahiri is hot on their heels.","release_date":"2004-12-09","poster_path":"/4irBEiDC7SpYBuw5z1c7oLfF0EI.jpg","popularity":1.50649,"title":"Ocean's Twelve","video":false,"vote_average":6.3,"vote_count":883},{"adult":false,"backdrop_path":"/qlAll8FyQD6E2PSkZ3ID90YFxs1.jpg","genre_ids":[18,53],"id":172803,"original_language":"en","original_title":"Hours","overview":"A father struggles to keep his infant daughter alive in the wake of Hurricane Katrina.","release_date":"2013-12-12","poster_path":"/8KEuqkOmxvtR4rLynkvBhpaNMfM.jpg","popularity":2.423523,"title":"Hours","video":false,"vote_average":6.3,"vote_count":116},{"adult":false,"backdrop_path":"/cR7lFfi0swhnfx4bZADohHVW7wh.jpg","genre_ids":[53,80,18],"id":68812,"original_language":"en","original_title":"The Iceman","overview":"The true story of Richard Kuklinski, the notorious contract killer and family man.","release_date":"2012-09-01","poster_path":"/xLurXBsrgkNMg2Im1KA4HXC56xv.jpg","popularity":2.100554,"title":"The Iceman","video":false,"vote_average":6.3,"vote_count":145},{"adult":false,"backdrop_path":"/x2JxMN1baKIhlyNJeuvC8HlnE5t.jpg","genre_ids":[18,53],"id":87499,"original_language":"en","original_title":"The East","overview":"An operative for an elite private intelligence firm finds her priorities irrevocably changed after she is tasked with infiltrating an anarchist group known for executing covert attacks upon major corporations.","release_date":"2013-05-31","poster_path":"/n6n0rMFsQhdNoMygr2pyL26wUfM.jpg","popularity":2.392938,"title":"The East","video":false,"vote_average":6.3,"vote_count":127},{"adult":false,"backdrop_path":"/kqeqmUWMb0gG2QsGSBgWHvvzR5B.jpg","genre_ids":[16,12,35,10751,14],"id":77887,"original_language":"en","original_title":"Hawaiian Vacation","overview":"The toys throw Ken and Barbie a Hawaiian vacation in Bonnie's room.","release_date":"2011-06-24","poster_path":"/c0K2qAo0UlFMEqrVNgu0Ls9EYdx.jpg","popularity":1.964158,"title":"Hawaiian Vacation","video":false,"vote_average":6.3,"vote_count":56},{"adult":false,"backdrop_path":"/wyvHy4ElaiNamrpS6fjquYQqxhQ.jpg","genre_ids":[35,18,10749],"id":712,"original_language":"en","original_title":"Four Weddings and a Funeral","overview":"Four Weddings And A Funeral is a British comedy about a British Man named Charles and an American Woman named Carrie who go through numerous weddings before they determine if they are right for one another.","release_date":"1994-03-09","poster_path":"/md9kMKnLG8LG4pMDM98gy5x4K5L.jpg","popularity":1.937063,"title":"Four Weddings and a Funeral","video":false,"vote_average":6.3,"vote_count":144},{"adult":false,"backdrop_path":"/7CiZuIPCLvhhMICT2PONuwr2BMG.jpg","genre_ids":[28,12,53],"id":954,"original_language":"en","original_title":"Mission: Impossible","overview":"When Ethan Hunt, the leader of a crack espionage team whose perilous operation has gone awry with no explanation, discovers that a mole has penetrated the CIA, he's surprised to learn that he's the No. 1 suspect. To clear his name, Hunt now must ferret out the real double agent and, in the process, even the score.","release_date":"1996-05-21","poster_path":"/1PVKS17pIBFsIhgFws2uagPDNLW.jpg","popularity":3.357136,"title":"Mission: Impossible","video":false,"vote_average":6.3,"vote_count":1147},{"adult":false,"backdrop_path":"/xgH52bpPbu8uwwx5VAS6fbCyHfj.jpg","genre_ids":[16,35,10751],"id":22794,"original_language":"en","original_title":"Cloudy with a Chance of Meatballs","overview":"Inventor Flint Lockwood creates a machine that makes clouds rain food, enabling the down-and-out citizens of Chewandswallow to feed themselves. But when the falling food reaches gargantuan proportions, Flint must scramble to avert disaster. Can he regain control of the machine and put an end to the wild weather before the town is destroyed?","release_date":"2009-09-18","poster_path":"/75QV0rNm6QHpMnpIGrZK0ev08rH.jpg","popularity":1.738773,"title":"Cloudy with a Chance of Meatballs","video":false,"vote_average":6.3,"vote_count":713},{"adult":false,"backdrop_path":"/c6Z0E5IYNXSslBxSWX7Q1xUvthJ.jpg","genre_ids":[10402,12,16,28,35],"id":3989,"original_language":"en","original_title":"Team America: World Police","overview":"Team America World Police follows an international police force dedicated to maintaining global stability. Learning that dictator Kim Jong il is out to destroy the world, the team recruits Broadway star Gary Johnston to go undercover. With the help of Team America, Gary manages to uncover the plan to destroy the world. Will Team America be able to save it in time? It stars… Samuel L Jackson, Tim Robbins, Sean Penn, Michael Moore, Helen Hunt, Matt Damon, Susan Sarandon, George Clooney, Danny Glover, Ethan Hawke, Alec Baldwin… or does it?","release_date":"2004-10-11","poster_path":"/crkPGNm0M19LHp8I5mhs75EqhSH.jpg","popularity":2.686853,"title":"Team America: World Police","video":false,"vote_average":6.3,"vote_count":155},{"adult":false,"backdrop_path":"/sa5vHfu5n4NFqZbVf2hzqGr6bim.jpg","genre_ids":[16,10751],"id":11360,"original_language":"en","original_title":"Dumbo","overview":"Dumbo is a baby elephant born with oversized ears and a supreme lack of confidence. But thanks to his even more diminutive buddy -- Timothy the Mouse -- the pint-sized pachyderm learns to surmount all obstacles.","release_date":"1941-10-23","poster_path":"/r5IqhwZ61OuKlsyDwvXWyWQZK30.jpg","popularity":2.881439,"title":"Dumbo","video":false,"vote_average":6.3,"vote_count":304},{"adult":false,"backdrop_path":"/d1DyIWgc80ufW2ENGOMNZRbpq4x.jpg","genre_ids":[27],"id":4488,"original_language":"en","original_title":"Friday the 13th","overview":"Camp counselors are stalked and murdered by an unknown assailant while trying to reopen a summer camp that was the site of a child's drowning.","release_date":"1980-05-09","poster_path":"/bPdgBUXaFqlkZzgDsOn2A1EHSaw.jpg","popularity":2.3861,"title":"Friday the 13th","video":false,"vote_average":6.3,"vote_count":151}],"total_pages":180,"total_results":3596}
