{"page":93,"results":[{"adult":false,"backdrop_path":"/fDuTOIYY9Bg3VLc4kLkn9V8THlV.jpg","genre_ids":[35,10402],"id":2179,"original_language":"en","original_title":"Tenacious D in The Pick of Destiny","overview":"In Venice Beach, naive Midwesterner JB bonds with local slacker KG and they form the rock band Tenacious D. Setting out to become the world's greatest band is no easy feat, so they set out to steal what could be the answer to their prayers... a magical guitar pick housed in a rock-and-roll museum some 300 miles away.","release_date":"2006-11-22","poster_path":"/gQThU8AftVJEBug4ToHUbQ3Lg7M.jpg","popularity":1.775951,"title":"Tenacious D in The Pick of Destiny","video":false,"vote_average":6.3,"vote_count":110},{"adult":false,"backdrop_path":"/rOmTlcLUmNbjpSM03MqPmVe35aC.jpg","genre_ids":[14,28,878],"id":10529,"original_language":"en","original_title":"Outlander","overview":"During the reign of the Vikings, a man from another world crash-lands on Earth, bringing with him an alien predator. The man must fuse his advanced technology with the weaponry of the vikings to fight the monster.","release_date":"2008-04-24","poster_path":"/fjRXOzuBEg0VGDM701ftBaVqWTr.jpg","popularity":2.002319,"title":"Outlander","video":false,"vote_average":6.3,"vote_count":101},{"adult":false,"backdrop_path":"/qXeK9s0YvYdCUQsHPIUPDtJHXHR.jpg","genre_ids":[35,18],"id":10158,"original_language":"en","original_title":"White Men Can't Jump","overview":"Billy Hoyle (Woody Harrelson) and Sidney Deane (Wesley Snipes) are an unlikely pair of basketball hustlers. They team up to con their way across the courts of Los Angeles, playing a game that's fast dangerous - and funny.","release_date":"1992-03-26","poster_path":"/s3ShPeMAN3kn3xBZ0DJABIqtPH1.jpg","popularity":1.542127,"title":"White Men Can't Jump","video":false,"vote_average":6.3,"vote_count":76},{"adult":false,"backdrop_path":"/phAtMqKG8cYw5ye6LsUxhykxizq.jpg","genre_ids":[16,35,10751],"id":20760,"original_language":"en","original_title":"Lilo & Stitch 2: Stitch has a Glitch","overview":"Now, we find the rowdy extraterrestrial getting used to life with his new ohana. However, a malfunction in the ultimate creation of Dr. Jumba soon emerges, which reinstates his destructive programming and threatens to both ruin his friendship with Lilo and to short him out for good!","release_date":"2005-08-29","poster_path":"/hUmQxcaWdHjwovD1ABrTHbpTcoo.jpg","popularity":1.125532,"title":"Lilo & Stitch 2: Stitch has a Glitch","video":false,"vote_average":6.3,"vote_count":57},{"adult":false,"backdrop_path":"/mshdRsIOPgzIMdcHUD4I5TUf7kT.jpg","genre_ids":[27,53],"id":9725,"original_language":"en","original_title":"Friday the 13th Part 2","overview":"Five years after the horrible bloodbath at Camp Crystal Lake, it seems Jason Voorhees and his demented mother are in the past. Paul opens up a new camp close to the infamous site, ignoring warnings to stay away, and a sexually-charged group of counselors follow -- including child psychologist major Ginny. But Jason has been hiding out all this time, and now he's ready for revenge.","release_date":"1981-05-01","poster_path":"/3c6uMXqFXO9G5RVdiPB76IK3FYM.jpg","popularity":1.86222,"title":"Friday the 13th Part 2","video":false,"vote_average":6.3,"vote_count":65},{"adult":false,"backdrop_path":"/ojsY0XyCSsJvm0n7YTwumQcvBqT.jpg","genre_ids":[53,9648],"id":1586,"original_language":"en","original_title":"Secret Window","overview":"Mort Rainey, a writer just emerging from a painful divorce with his ex-wife, is stalked at his remote lake house by a psychotic stranger and would-be scribe who claims Rainey swiped his best story idea. But as Rainey endeavors to prove his innocence, he begins to question his own sanity.","release_date":"2004-03-11","poster_path":"/f5t7Df50xjniLlE80ty2dYsZBqI.jpg","popularity":2.374221,"title":"Secret Window","video":false,"vote_average":6.3,"vote_count":241},{"adult":false,"backdrop_path":"/r8YcQqO88VDzdLeN4W7x4qq9xxk.jpg","genre_ids":[12,28,35,53],"id":10159,"original_language":"en","original_title":"The Rundown","overview":"When Travis, the mouthy son of a criminal, disappears in the Amazon in search of a treasured artifact, his father sends in Beck, who becomes Travis's rival for the affections of Mariana, a mysterious Brazilian woman. With his steely disposition, Beck is a man of few words -- but it takes him all the discipline he can muster to work with Travis to nab a tyrant who's after the same treasure.","release_date":"2003-09-26","poster_path":"/jPkfNgTuVdj8hp2znt5MxIAz5W7.jpg","popularity":2.274785,"title":"The Rundown","video":false,"vote_average":6.3,"vote_count":173},{"adult":false,"backdrop_path":"/fD7BrbQyFvXmccz8Squ8C28xbd8.jpg","genre_ids":[35],"id":10215,"original_language":"en","original_title":"Sliding Doors","overview":"Gwyneth Paltrow plays London publicist Helen, effortlessly sliding between parallel storylines that show what happens if she does or does not catch a train back to her apartment. Love. Romantic entanglements. Deception. Trust. Friendship. Comedy. All come into focus as the two stories shift back and forth, overlap and surprisingly converge.","release_date":"1998-04-23","poster_path":"/wTeXRmnzNYv32l1jTMP01COOnGS.jpg","popularity":1.571896,"title":"Sliding Doors","video":false,"vote_average":6.3,"vote_count":54},{"adult":false,"backdrop_path":"/kiSsndwQyV3CL4QwimnPe7s0FrB.jpg","genre_ids":[18,53],"id":227700,"original_language":"en","original_title":"Mindscape","overview":"A man with the ability to enter peoples' memories takes on the case of a brilliant, troubled sixteen-year-old girl to determine whether she is a sociopath or a victim of trauma.","release_date":"2013-10-13","poster_path":"/quU9uzUu6ot2PJhmh0zBUNep1bF.jpg","popularity":0.646674,"title":"Mindscape","video":false,"vote_average":6.3,"vote_count":54},{"adult":false,"backdrop_path":"/gqTwlRkQ2FBCeeq6JxzCj4ctjHF.jpg","genre_ids":[18,10402],"id":11009,"original_language":"en","original_title":"Saturday Night Fever","overview":"Nineteen-year-old Tony Manero lives for Saturday nights at the local disco, where he's king of the dance floor. But outside of the club, things don't look so rosy. At home, he fights constantly with his father and has to compete with his family's starry-eyed view of his older brother, a priest. Then, he meets Stephanie at the disco and they agree to dance together in a competition. Stephanie resists Tony's attempts to romance her, as she aspires to greater things; she is moving across the river to Manhattan. Gradually, Tony also becomes disillusioned with the life he is leading and he and Stephanie decide to help one another to start afresh","release_date":"1977-12-16","poster_path":"/uC0GIPI54UiqrIQsnq6C0qXSIwp.jpg","popularity":0.438257,"title":"Saturday Night Fever","video":false,"vote_average":6.3,"vote_count":89},{"adult":false,"backdrop_path":"/grEtiGB2katCd7qX8dxVIQORjul.jpg","genre_ids":[28,12,18,53],"id":14400,"original_language":"fr","original_title":"Largo Winch","overview":"After a powerful billionaire is murdered, his secret adoptive son must race to prove his legitimacy, find his father's killers and stop them from taking over his financial empire.","release_date":"2008-12-17","poster_path":"/kODV0brlULcFcV0rOLdxE5Pr9Iu.jpg","popularity":1.119686,"title":"The Heir Apparent: Largo Winch","video":false,"vote_average":6.3,"vote_count":62},{"adult":false,"backdrop_path":"/5xQVApmdUbBlCi1QzS8NwbCF0Ne.jpg","genre_ids":[28,12,35,80,53],"id":8961,"original_language":"en","original_title":"Bad Boys II","overview":"Martin Lawrence and Will Smith reunite as out-of-control trash-talking buddy cops Marcus Burnett and Mike Lowrey of the Miami Narcotics Task Force. Bullets fly, cars crash, and laughs explode as they pursue a whacked-out drug lord from the streets of Miami to the barrios of Cuba. But the real fireworks result when Lawrence discovers that playboy Smith is secretly romancing his sexy sister Syd.","release_date":"2003-07-18","poster_path":"/680X9apSqmAcebLg8evnnUeQNeI.jpg","popularity":2.266517,"title":"Bad Boys II","video":false,"vote_average":6.3,"vote_count":593},{"adult":false,"backdrop_path":"/nm0zlWaVH8EFuhPIkjdQpfyhUHY.jpg","genre_ids":[37,18],"id":264656,"original_language":"en","original_title":"The Homesman","overview":"A claim jumper and a pioneer woman team up to escort three insane women from Nebraska to Iowa.","release_date":"2014-08-29","poster_path":"/pwD2U6YAEC0vDNHFwLfzB14EGVS.jpg","popularity":2.315029,"title":"The Homesman","video":false,"vote_average":6.3,"vote_count":67},{"adult":false,"backdrop_path":"/arvPVenA1K6vMYXJIYfeHqBf2IR.jpg","genre_ids":[18,10749,12],"id":78698,"original_language":"en","original_title":"Big Miracle","overview":"Based on an inspiring true story, a small-town news reporter (Krasinski) and a Greenpeace volunteer (Barrymore) enlist the help of rival superpowers to save three majestic gray whales trapped under the ice of the Arctic Circle. ‘Big Miracle’ is adapted from the nonfiction book ‘Freeing the Whales: How the Media Created the World’s Greatest Non-Event’ by Tom Rose.","release_date":"2012-02-03","poster_path":"/zwiJQveWjxsD11QPe2aQBNXbg7j.jpg","popularity":2.418424,"title":"Big Miracle","video":false,"vote_average":6.3,"vote_count":64},{"adult":false,"backdrop_path":"/eFjBKsIYSp6fipRJrCqOzSeJ2V1.jpg","genre_ids":[35,10749],"id":17927,"original_language":"en","original_title":"Fired Up!","overview":"2 Guys. 300 Girls. You Do the Math. The two most popular guys in high school decide to ditch football camp for cheerleader camp. For the girls and for the glory.","release_date":"2009-02-20","poster_path":"/bHhLZIg9VKsconJdnwIoUTqakEG.jpg","popularity":2.016132,"title":"Fired Up!","video":false,"vote_average":6.3,"vote_count":61},{"adult":false,"backdrop_path":"/jtB7e0lwsYsT8J2uDHzrL7zUxlZ.jpg","genre_ids":[18,36],"id":4464,"original_language":"en","original_title":"Seabiscuit","overview":"True story of the undersized Depression-era racehorse whose victories lifted not only the spirits of the team behind it but also those of their nation.","release_date":"2003-07-22","poster_path":"/xzYOaFGZBNAciQXRasQQ8sYxBSi.jpg","popularity":1.666333,"title":"Seabiscuit","video":false,"vote_average":6.3,"vote_count":58},{"adult":false,"backdrop_path":"/bsa7cusK4Uw7wX7szy8ilXiJavN.jpg","genre_ids":[53,80,18,9648],"id":68727,"original_language":"en","original_title":"Trance","overview":"A fine art auctioneer mixed up with a gang, joins forces with a hypnotherapist to recover a lost painting. As boundaries between desire, reality and hypnotic suggestion begin to blur, the stakes rise faster than anyone could have anticipated.","release_date":"2013-03-27","poster_path":"/jdVPz8ecjBRnboXQx4jmK7f5bLu.jpg","popularity":2.372159,"title":"Trance","video":false,"vote_average":6.3,"vote_count":497},{"adult":false,"backdrop_path":"/1za2EfHEdwhYE2MzbpHgmdYRgdA.jpg","genre_ids":[12,14,35,10751],"id":118,"original_language":"en","original_title":"Charlie and the Chocolate Factory","overview":"A young boy wins a tour through the most magnificent chocolate factory in the world, led by the world's most unusual candy maker.","release_date":"2005-07-09","poster_path":"/dvHl1dYvaZRhj9Gk0ITcCHr4DIJ.jpg","popularity":3.863615,"title":"Charlie and the Chocolate Factory","video":false,"vote_average":6.3,"vote_count":849},{"adult":false,"backdrop_path":"/kHRrE2xAMe3JdPTwY4wXgOhlfmv.jpg","genre_ids":[12,18,10751],"id":9036,"original_language":"en","original_title":"Eight Below","overview":"In the Antarctic, after an expedition with Dr. Davis McClaren, the sled dog trainer Jerry Shepherd has to leave the polar base with his colleagues due to the proximity of a heavy snow storm. He ties his dogs to be rescued after, but the mission is called-off and the dogs are left alone at their own fortune. For six months, Jerry tries to find a sponsor for a rescue mission.","release_date":"2006-02-17","poster_path":"/mk5jCKo0M6zYMWZ2TuDIyNznHAp.jpg","popularity":2.095387,"title":"Eight Below","video":false,"vote_average":6.3,"vote_count":128},{"adult":false,"backdrop_path":"/ajcpbJWZTsg4fEMMuZLxoZSduJZ.jpg","genre_ids":[14,18,35,10751],"id":11395,"original_language":"en","original_title":"The Santa Clause","overview":"Scott Calvin is an ordinary man, who accidentally causes Santa Claus to fall from his roof on Christmas Eve and is knocked unconscious. When he and his young son finish Santa's trip and deliveries, they go to the North Pole, where Scott learns he must become the new Santa and convince those he loves that he is indeed, Father Christmas.","release_date":"1994-11-10","poster_path":"/nlO5GZTBlpv88TRf1IhtvRjgTsP.jpg","popularity":1.424242,"title":"The Santa Clause","video":false,"vote_average":6.3,"vote_count":128}],"total_pages":180,"total_results":3596}
