{"page":52,"results":[{"adult":false,"backdrop_path":"/d6M6G6pKIX97hp236KlrDh5uO7P.jpg","genre_ids":[18],"id":9763,"original_language":"en","original_title":"Goal!: The Dream Begins","overview":"Like millions of kids around the world, Santiago harbors the dream of being a professional footballer...However, living in the Barrios section of Los Angeles, he thinks it is only that--a dream. Until one day an extraordinary turn of events has him trying out for Premiership club Newcastle United.","release_date":"2005-06-06","poster_path":"/wMHXE4qkxBdaahCNhCK2wPJHRKD.jpg","popularity":0.535583,"title":"Goal!: The Dream Begins","video":false,"vote_average":6.8,"vote_count":73},{"adult":false,"backdrop_path":"/9O9wbBiFmFOWGPRWZV3Jv4gRP0r.jpg","genre_ids":[35],"id":13342,"original_language":"en","original_title":"Fast Times at Ridgemont High","overview":"A story of a group of California teenagers who enjoy malls, sex and rock n' roll.","release_date":"1982-08-12","poster_path":"/lvEenO2CikD4Zo3rFK1flAU99Pr.jpg","popularity":0.852758,"title":"Fast Times at Ridgemont High","video":false,"vote_average":6.8,"vote_count":86},{"adult":false,"backdrop_path":"/5tc7kIF9MXLwSDyW61sj4jTvBxX.jpg","genre_ids":[28,12,53,10752],"id":1368,"original_language":"en","original_title":"First Blood","overview":"When former Green Beret John Rambo is harassed by local law enforcement and arrested for vagrancy, the Vietnam vet snaps, runs for the hills and rat-a-tat-tats his way into the action-movie hall of fame. Hounded by a relentless sheriff, Rambo employs heavy-handed guerilla tactics to shake the cops off his tail.","release_date":"1982-10-22","poster_path":"/xl5W9LHaXQG63LmLiNg90qpes2W.jpg","popularity":2.107217,"title":"First Blood","video":false,"vote_average":6.8,"vote_count":429},{"adult":false,"backdrop_path":"/iO4fslQ9CenAOcg3JfhN6o9va2.jpg","genre_ids":[10752],"id":57212,"original_language":"en","original_title":"War Horse","overview":"Follows a young man named Albert and his horse, Joey, and how their bond is broken when Joey is sold to the cavalry and sent to the trenches of World War One. Despite being too young to enlist, Albert heads to France to save his friend.","release_date":"2011-12-25","poster_path":"/6wMoQyJddEiLCzLUHiX7LNWhDol.jpg","popularity":2.704546,"title":"War Horse","video":false,"vote_average":6.8,"vote_count":348},{"adult":false,"backdrop_path":"/fkxHaPJaB35wnoUC7glF16W3lWH.jpg","genre_ids":[10751,16,12],"id":21032,"original_language":"en","original_title":"Balto","overview":"An outcast half-wolf risks his life to prevent a deadly epidemic from ravaging Nome, Alaska.","release_date":"1995-12-22","poster_path":"/gV5PCAVCPNxlOLFM1bKk50EqLXO.jpg","popularity":1.925577,"title":"Balto","video":false,"vote_average":6.8,"vote_count":77},{"adult":false,"backdrop_path":"/4RaoQCwliLvbokgpFzMXvSznC0h.jpg","genre_ids":[16,35,10751],"id":35,"original_language":"en","original_title":"The Simpsons Movie","overview":"After Homer accidentally pollutes the town's water supply, Springfield is encased in a gigantic dome by the EPA and the Simpsons are declared fugitives.","release_date":"2007-07-27","poster_path":"/eCytnEriVur3rT47NWfkgPXD9qs.jpg","popularity":2.506504,"title":"The Simpsons Movie","video":false,"vote_average":6.8,"vote_count":667},{"adult":false,"backdrop_path":"/fRkIu9XNb4Xi9k5ikAxGTiDrj1G.jpg","genre_ids":[28,12,18,36,10749,10752],"id":9361,"original_language":"en","original_title":"The Last of the Mohicans","overview":"As the English and French soldiers battle for control of the North American colonies in the 18th century, the settlers and native Americans are forced to take sides. Cora and her sister Alice unwittingly walk into trouble but are saved by Hawkeye, an orphaned settler adopted by the last of the Mohicans.","release_date":"1992-09-25","poster_path":"/6FHoUoYrfmwXJsDIR0s8YvV1Ctj.jpg","popularity":1.486543,"title":"The Last of the Mohicans","video":false,"vote_average":6.8,"vote_count":255},{"adult":false,"backdrop_path":"/h0uogx8C6Es5chDvY5USa3r7Tr1.jpg","genre_ids":[80,18,9648,53,10749],"id":381,"original_language":"en","original_title":"To Catch a Thief","overview":"A delightful Hitchcock film about an ex-burglar who must catch a thief who’s been copying this style before he gets accused of the wrong crimes. His time is running out as the police are close behind him yet he finds time for a little romance of course. A classic masterpiece starring Grace Kelly and Cary Grant.","release_date":"1955-08-03","poster_path":"/nAancGKSPpWJueYb6clvH8lX0P4.jpg","popularity":0.975993,"title":"To Catch a Thief","video":false,"vote_average":6.8,"vote_count":65},{"adult":false,"backdrop_path":"/iOpGxpZKY32i0G5LmRDNs5SB7Ce.jpg","genre_ids":[28,18,37],"id":4512,"original_language":"en","original_title":"The Assassination of Jesse James by the Coward Robert Ford","overview":"Everyone in 1880's America knows Jesse James. He's the nation's most notorious criminal, hunted by the law in 10 states. He's also the land's greatest hero, lauded as a Robin Hood by the public. Robert Ford? No one knows him. Not yet. But the ambitious 19-year-old aims to change that. He'll befriend Jesse, ride with his gang. And if that doesn't bring Ford fame, he'll find a deadlier way.","release_date":"2007-09-20","poster_path":"/lSFYLoaL4eW7Q5VQ7SZQP4EHRCt.jpg","popularity":2.038263,"title":"The Assassination of Jesse James by the Coward Robert Ford","video":false,"vote_average":6.8,"vote_count":250},{"adult":false,"backdrop_path":"/5JadVEOVqxydiUOvz6BYlTMkDQP.jpg","genre_ids":[18,36,80],"id":3131,"original_language":"en","original_title":"Gangs of New York","overview":"1863. America was born in the streets. In this movie, we see Amsterdam Vallon returning to the Five Points of America to seek vengeance against the psychotic gangland kingpin Bill the Butcher who murdered his father years ago. With an eager pickpocket by his side and a whole new army, Vallon fights his way to seek vengeance on the Butcher and restore peace in the area.","release_date":"2002-12-19","poster_path":"/ytKo2tLvKUd9Kbs0poXSQh6ft7d.jpg","popularity":2.637296,"title":"Gangs of New York","video":false,"vote_average":6.8,"vote_count":457},{"adult":false,"backdrop_path":"/eS7oirgHKzJ4lg7wOnVg8YPxs73.jpg","genre_ids":[878,53],"id":1272,"original_language":"en","original_title":"Sunshine","overview":"50 years from now the sun is dying and life on earth is threatened by arctic temperatures. Mankind puts together all its resources and sends a spaceship carrying a huge bomb designed to re-ignite the dying sun.","release_date":"2007-04-05","poster_path":"/upgi8oTlMthM9sweAyBoXqr8doZ.jpg","popularity":1.50752,"title":"Sunshine","video":false,"vote_average":6.8,"vote_count":321},{"adult":false,"backdrop_path":"/xahHn2vJFHgqXUdFcG83rE7crFh.jpg","genre_ids":[18,9648,27],"id":2291,"original_language":"en","original_title":"Jacob's Ladder","overview":"A traumatized Vietnam war veteran finds out that his post-war life isn't what he believes it to be when he's attacked by horned creatures in the subway and his dead son comes to visit him...","release_date":"1990-11-02","poster_path":"/2Byg7AV91LF7pfByz4ZMvnkZnH7.jpg","popularity":1.996697,"title":"Jacob's Ladder","video":false,"vote_average":6.8,"vote_count":69},{"adult":false,"backdrop_path":"/rSlIsLjD2wb7M3PWCradPq9LKq8.jpg","genre_ids":[10749,27],"id":6114,"original_language":"en","original_title":"Dracula","overview":"When Dracula leaves the captive Jonathan Harker and Transylvania for London in search of Mina Harker -- the spitting image of Dracula's long-dead wife, Elisabeta -- obsessed vampire hunter Dr. Van Helsing sets out to end the madness.","release_date":"1992-11-13","poster_path":"/ioHxm3D3JdSXR61LRhcVb8KdZOz.jpg","popularity":2.513071,"title":"Dracula","video":false,"vote_average":6.8,"vote_count":298},{"adult":false,"backdrop_path":"/pQv2QhmQr0lUM1U6jwLRPWyz5eV.jpg","genre_ids":[16,35,878],"id":13253,"original_language":"en","original_title":"Futurama: Bender's Game","overview":"When Leela is insulted by a group of space-rednecks (like regular rednecks, but in space) she enters the Planet Express ship in a demolition derby.  She emerges victorious, but when she brings the damaged ship home and the Professor sees the fuel gauge, he's enraged by the hit he's going to take at the Dark Matter pump.  Now the crew have to find a way to break Mom's stranglehold on starship fuel, even if they have to wade through a Lord of the Rings-inspired fantasy-land to do it!","release_date":"2008-11-03","poster_path":"/1oVWiArGNCumqeK0e7i4FgMOGPt.jpg","popularity":1.450536,"title":"Futurama: Bender's Game","video":false,"vote_average":6.8,"vote_count":56},{"adult":false,"backdrop_path":"/xMOQVYLeIKBXenJ9KMeasj7S64y.jpg","genre_ids":[28,18,27,878,53],"id":72190,"original_language":"en","original_title":"World War Z","overview":"Life for former United Nations investigator Gerry Lane and his family seems content. Suddenly, the world is plagued by a mysterious infection turning whole human populations into rampaging mindless zombies. After barely escaping the chaos, Lane is persuaded to go on a mission to investigate this disease. What follows is a perilous trek around the world where Lane must brave horrific dangers and long odds to find answers before human civilization falls.","release_date":"2013-06-21","poster_path":"/gAt1PrsrFY1nX6UzebeiHP8njE9.jpg","popularity":5.891848,"title":"World War Z","video":false,"vote_average":6.8,"vote_count":2452},{"adult":false,"backdrop_path":"/r6LI3kLwRUMiyoo5HofgOIlnNCI.jpg","genre_ids":[18],"id":80278,"original_language":"en","original_title":"Lo imposible","overview":"In December 2004, close-knit family Maria (Naomi Watts), Henry (Ewan McGregor) and their three sons begin their winter vacation in Thailand. But the day after Christmas, the idyllic holiday turns into an incomprehensible nightmare when a terrifying roar rises from the depths of the sea, followed by a wall of black water that devours everything in its path. Though Maria and her family face their darkest hour, unexpected displays of kindness and courage ameliorate their terror.","release_date":"2012-10-11","poster_path":"/sEx5mrVvVyyJHICMGe55KaUzEgt.jpg","popularity":2.584118,"title":"The Impossible","video":false,"vote_average":6.8,"vote_count":688},{"adult":false,"backdrop_path":"/6PY7nlksGTxjhgJRCHm6De1hSXs.jpg","genre_ids":[28,12,35,80,18,9648,53],"id":2322,"original_language":"en","original_title":"Sneakers","overview":"When shadowy U.S. intelligence agents blackmail a reformed computer hacker and his eccentric team of security experts into stealing a code-breaking \"black box\" from a Soviet-funded genius, they uncover a bigger conspiracy. Now, he and his \"sneakers\" must save themselves and the world economy by retrieving the box back from their blackmailers.","release_date":"1992-09-09","poster_path":"/pAGKtPF8nMiJq4lsINOYJWvMS2D.jpg","popularity":1.008404,"title":"Sneakers","video":false,"vote_average":6.8,"vote_count":91},{"adult":false,"backdrop_path":"/e3rK3o87k8UjR6Sq2cKWks30Jfa.jpg","genre_ids":[18,10749],"id":51828,"original_language":"en","original_title":"One Day","overview":"A romantic comedy centered on Dexter and Emma, who first meet during their graduation in 1988 and proceed to keep in touch regularly. The film follows what they do on July 15 annually, usually doing something together.","release_date":"2011-03-02","poster_path":"/xzOz17yC3K6SZWtWylXimcHUqpD.jpg","popularity":2.231466,"title":"One Day","video":false,"vote_average":6.8,"vote_count":292},{"adult":false,"backdrop_path":"/kkRc3JndbQtbH6ZQeOvU4vztgKS.jpg","genre_ids":[18,28],"id":43959,"original_language":"en","original_title":"Soul Surfer","overview":"Soul Surfer is the inspiring true story of teen surfer Bethany Hamilton. Bethany lost her left arm in a shark attack and courageously overcame all odds to become a champion again, through her sheer determination and unwavering faith.Bethany (AnnaSophia Robb) was born to surf. A natural talent who took to the waves at a young age, she was leading an idyllic life on Kauai, participating in national surf competitions with her best friend Alana (Lorraine Nicholson), when everything changed. On Halloween morning, a 14-foot tiger shark came out of nowhere and seemed to shatter all her dreams.Soul Surfer reveals Bethany's fight to recover from her ordeal and how she grappled with the question of her future. Strengthened by the love of her parents, Tom (Dennis Quaid) and Cheri (Helen Hunt), and supported by her youth group leader Sara (Carrie Underwood), Bethany refuses to give in or give up, and begins a bold return to the water.","release_date":"2011-04-08","poster_path":"/t7twsxCK3vIkn4z0w4WwHuVZPNy.jpg","popularity":2.032999,"title":"Soul Surfer","video":false,"vote_average":6.8,"vote_count":121},{"adult":false,"backdrop_path":"/ySQqn2UcQOhuc2UxGhHhEaYEMxY.jpg","genre_ids":[35,18,10749],"id":55347,"original_language":"en","original_title":"Beginners","overview":"A young man is rocked by two announcements from his elderly father: that he has terminal cancer, and that he has a young male lover.","release_date":"2010-09-11","poster_path":"/41ZB1ndUvimsFSIBxl6LXQaeAnI.jpg","popularity":0.779741,"title":"Beginners","video":false,"vote_average":6.8,"vote_count":116}],"total_pages":180,"total_results":3596}
