{"page":121,"results":[{"adult":false,"backdrop_path":"/406C5l8PyTHMUBDbeaea8PTxm71.jpg","genre_ids":[18,36,53,9648],"id":61891,"original_language":"fr","original_title":"Anonymous","overview":"A political thriller advancing the theory that it was in fact Edward De Vere, Earl of Oxford who penned Shakespeare's plays; set against the backdrop of the succession of Queen Elizabeth I, and the Essex Rebellion against her.","release_date":"2011-10-21","poster_path":"/tuAI9fT8AzakI5w4V1KZyUEvuDW.jpg","popularity":2.034012,"title":"Anonymous","video":false,"vote_average":6.0,"vote_count":126},{"adult":false,"backdrop_path":"/ck7WO5K7h6mVzr9XrHWpc7IpCkw.jpg","genre_ids":[27,9648],"id":4233,"original_language":"en","original_title":"Scream 2","overview":"Two years after the terrifying events that occurred in Woodsboro, Sidney is now attending Windsor College in Cincinnati with long time friend Randy. Meanwhile, Gale Weathers best selling book on Sidney's life has now been made into a major motion picture. When two college students are killed in a theatre while watching the new film \"Stab,\" Sidney knows deep down that history is repeating itself.","release_date":"1997-12-09","poster_path":"/c5AyWNWooMGkJXlqLwmPQCjUwHt.jpg","popularity":1.133537,"title":"Scream 2","video":false,"vote_average":6.0,"vote_count":213},{"adult":false,"backdrop_path":"/3JwMtXzTndAQDkRtg43bG6EEkf4.jpg","genre_ids":[18,10749],"id":23830,"original_language":"en","original_title":"Last Night","overview":"The story follows a married couple, apart for a night while the husband takes a business trip with a colleague to whom he's attracted. While he's resisting temptation, his wife encounters her past love.","release_date":"2010-09-18","poster_path":"/dspTY7C3IHXsMm5dZVQqqgfPHbN.jpg","popularity":2.222921,"title":"Last Night","video":false,"vote_average":6.0,"vote_count":74},{"adult":false,"backdrop_path":"/e4GosmnUbvEGVINl3BC5vc7fIhU.jpg","genre_ids":[28,12,18,53,37],"id":12106,"original_language":"en","original_title":"The Quick and the Dead","overview":"A mysterious woman comes to compete in a quick-draw elimination tournament, in a town taken over by a notorious gunman.","release_date":"1995-02-09","poster_path":"/dGw34L86JBo0KgNJuRq82LqOERe.jpg","popularity":2.102872,"title":"The Quick and the Dead","video":false,"vote_average":6.0,"vote_count":109},{"adult":false,"backdrop_path":"/gnYou2YNreivwarZoGqf4YDgd0c.jpg","genre_ids":[18,9648,53,80,10749],"id":46503,"original_language":"en","original_title":"All Good Things","overview":"\"All Good Things\" is a love story and murder mystery based on the most notorious unsolved murder case in New York history. The original screenplay uses newly discovered facts, court records and speculation as the foundation for an imaginative spellbinding story of family, obsession, love and loss.","release_date":"2010-12-03","poster_path":"/vhK2BESu5lBskZqWCmtGaH24vDS.jpg","popularity":1.899414,"title":"All Good Things","video":false,"vote_average":6.0,"vote_count":93},{"adult":false,"backdrop_path":"/kCsD2v5s79qhoY4N9VEey0pxpKK.jpg","genre_ids":[80,18,53],"id":4787,"original_language":"en","original_title":"Cassandra's Dream","overview":"The tale of two brothers with serious financial woes. When a third party proposes they turn to crime, things go bad and the two become enemies.","release_date":"2007-06-18","poster_path":"/yBaSDvq9uOjT1A8JmZJVFPT1UDz.jpg","popularity":1.784722,"title":"Cassandra's Dream","video":false,"vote_average":6.0,"vote_count":52},{"adult":false,"backdrop_path":"/lNrbMhjhAQK9Hf4Nww7GoBezCMA.jpg","genre_ids":[27,53],"id":10072,"original_language":"fr","original_title":"A Nightmare on Elm Street 3: Dream Warriors","overview":"It's been many years since Freddy Krueger's first victim, Nancy, came face-to-face with Freddy and his sadistic, evil ways. Now, Nancy's all grown up; she's put her frightening nightmares behind her and is helping teens cope with their dreams. Too bad Freddy's decided to herald his return by invading the kids' dreams and scaring them into committing suicide.","release_date":"1987-02-27","poster_path":"/4aMSIhvShIkDrhOsa0WL6KFwnpD.jpg","popularity":1.948962,"title":"A Nightmare on Elm Street 3: Dream Warriors","video":false,"vote_average":6.0,"vote_count":86},{"adult":false,"backdrop_path":"/a5N45mYvCVd7Pmy4JKdvgBKZscG.jpg","genre_ids":[12,10751,14],"id":2309,"original_language":"en","original_title":"Inkheart","overview":"An adventure of a father and his young daughter, searching for a long lost book that will help reunite a missing, close relative, this fantasy takes a darker side whenever we hear Mo 'Silvertongue' Folchart reading out aloud from books.","release_date":"2008-12-17","poster_path":"/3yIVMwPDrWLeZ8fJ5HLbGWnCz9f.jpg","popularity":1.969215,"title":"Inkheart","video":false,"vote_average":6.0,"vote_count":151},{"adult":false,"backdrop_path":"/kcBgrUeBjtDCEUcRfO9JfMtQ6BQ.jpg","genre_ids":[28,12,35,878,10751],"id":1497,"original_language":"en","original_title":"Teenage Mutant Ninja Turtles II: The Secret of the Ooze","overview":"The Turtles and the Shredder battle once again, this time for the last cannister of the ooze that created the Turtles, which Shredder wants to create an army of new mutants.","release_date":"1991-03-22","poster_path":"/eisrpNmBqyknW8WuZib8cGdhctc.jpg","popularity":0.733648,"title":"Teenage Mutant Ninja Turtles II: The Secret of the Ooze","video":false,"vote_average":6.0,"vote_count":78},{"adult":false,"backdrop_path":"/734CjgMxoKZ0eTmE0R2WiMZQ5LL.jpg","genre_ids":[12,35,53,37,10749],"id":9342,"original_language":"en","original_title":"The Mask of Zorro","overview":"It has been twenty years since Don Diego de la Vega fought Spanish oppression in Alta California as the legendary romantic hero Zorro. Having escaped from prison he transforms troubled bandit Alejandro into his successor, in order to foil the plans of the tyrannical Don Rafael Montero who robbed him of his freedom, his wife, and his precious daughter Elena all those years ago.","release_date":"1998-07-16","poster_path":"/eh59q4ksXDQc97s52FUUQOkE8Th.jpg","popularity":1.010914,"title":"The Mask of Zorro","video":false,"vote_average":6.0,"vote_count":427},{"adult":false,"backdrop_path":"/6KMnX8fWgMOVkPK1UjYyzao2nPD.jpg","genre_ids":[14,35,10751],"id":11283,"original_language":"en","original_title":"Nanny McPhee","overview":"Emma Thompson stars as a governess who uses magic to rein in the behavior of seven ne'er-do-well children in her charge.","release_date":"2005-10-21","poster_path":"/2DyvZv9hExVjZtL7861gWrxcrR6.jpg","popularity":1.803118,"title":"Nanny McPhee","video":false,"vote_average":6.0,"vote_count":155},{"adult":false,"backdrop_path":"/iaCb2WSKEF4fMnInKfNnaKM2sCd.jpg","genre_ids":[28,12,18,36,10749,10752],"id":9664,"original_language":"en","original_title":"Flyboys","overview":"The adventures of the Lafayette Escadrille, young Americans who volunteered for the French military before the U.S. entered World War I, and became the country's first fighter pilots.","release_date":"2006-09-22","poster_path":"/ssGw9nxlwZK0C5kn4pBhWGYn0SY.jpg","popularity":2.648952,"title":"Flyboys","video":false,"vote_average":6.0,"vote_count":122},{"adult":false,"backdrop_path":"/61Kpt3kubCNNY3xFdv20Jon3Axc.jpg","genre_ids":[18,53,80,9648],"id":10851,"original_language":"en","original_title":"Revolver","overview":"Hotshot gambler Jake Green (Jason Statham) is long on bravado and seriously short of common sense. Rarely is he allowed in any casino because he's a bona fide winner and, in fact, has taken so much money over the years that he's the sole client of his accountant elder brother, Billy. Invited to a private game, Jake is in fear of losing his life.","release_date":"2005-09-22","poster_path":"/jEgXJhWPUYfVPu5arBrawpq598X.jpg","popularity":2.032383,"title":"Revolver","video":false,"vote_average":6.0,"vote_count":116},{"adult":false,"backdrop_path":"/z6K8ClNAH9V7P9a005KTeoBEvg2.jpg","genre_ids":[35],"id":74387,"original_language":"en","original_title":"Goon","overview":"Doug Glatt, a slacker who discovers he has a talent for brawling is approached by a minor league hockey coach and invited to join the team as the \"muscle.\" Despite the fact that Glatt can't skate his best friend, Pat, convinces him to give it a shot, and Glatt becomes a hero to the team and their fans, until the league's reigning goon becomes threatened by Glatt's success and decides to even the score.","release_date":"2011-09-10","poster_path":"/84mA0tnArvMdr5alUFVgfOypk7i.jpg","popularity":1.931055,"title":"Goon","video":false,"vote_average":6.0,"vote_count":114},{"adult":false,"backdrop_path":"/gIGLXXvsljHK1jdDNaIXsjhZnnH.jpg","genre_ids":[12,28,53,878],"id":681,"original_language":"en","original_title":"Diamonds Are Forever","overview":"Diamonds are stolen only to be sold again in the international market. James Bond infiltrates a smuggling mission to find out who’s guilty. The mission takes him to Las Vegas where Bond meets his archenemy Blofeld.","release_date":"1971-12-29","poster_path":"/viPjZ3JCOahcfNCcVhiPExusJoZ.jpg","popularity":2.126663,"title":"Diamonds Are Forever","video":false,"vote_average":6.0,"vote_count":194},{"adult":false,"backdrop_path":"/kCPv7HlXXXDfm3QlCG93FS8wDY7.jpg","genre_ids":[27,35],"id":58151,"original_language":"en","original_title":"Fright Night","overview":"A teenager suspects his new neighbour is a vampire. Unable to convince anyone, he tries to enlist the help of a self-proclaimed vampire hunter and magician in this remake of the 1985 comedy-horror classic.","release_date":"2011-08-19","poster_path":"/6bpthoORc53b2SEG3JwFBRZQnT5.jpg","popularity":2.204968,"title":"Fright Night","video":false,"vote_average":6.0,"vote_count":186},{"adult":false,"backdrop_path":"/8Ghuhi363sv5NNA3ckIJUhhYRXk.jpg","genre_ids":[28,35,80,18],"id":10589,"original_language":"en","original_title":"After the Sunset","overview":"Two master thieves (Brosnan and Hayek) are finally retiring after one last succesful mission. Residing in their own tropical paradise, their old nemesis, FBI Agent Stan P. Lloyd shows up to make sure they really are retired. Docked in the port is an ocean liner called the \"Diamond Cruise\" and Stan is convinced that they're not really retired at all, and that this is the next set up.","release_date":"2004-11-12","poster_path":"/seEavscJqc1TuHfSZMeXQwohkNf.jpg","popularity":1.225548,"title":"After the Sunset","video":false,"vote_average":6.0,"vote_count":85},{"adult":false,"backdrop_path":"/6DE62dhAbC0QLpwBOT6GKw79NgX.jpg","genre_ids":[28,18,9648,53,80],"id":10782,"original_language":"en","original_title":"Basic","overview":"A DEA agent investigates the disappearance of a legendary Army ranger drill sergeant and several of his cadets during a training exercise gone severely awry.","release_date":"2003-04-18","poster_path":"/1h3miwR99Osy4zqh5LK8pSqt1Qf.jpg","popularity":1.879998,"title":"Basic","video":false,"vote_average":6.0,"vote_count":84},{"adult":false,"backdrop_path":"/1R7c18aWnoe0RUEcPnc23sIxeFg.jpg","genre_ids":[28,14,878,53],"id":6278,"original_language":"en","original_title":"Reign of Fire","overview":"In post-apocalyptic England, an American volunteer and a British survivor team up to fight off a brood of fire-breathing dragons seeking to return to global dominance after centuries of rest underground. The Brit -- leading a clan of survivors to hunt down the King of the Dragons -- has much at stake: His mother was killed by a dragon, but his love is still alive.","release_date":"2002-07-09","poster_path":"/iK8kFLLZ1p035nQW8FwyXAqAkNb.jpg","popularity":2.84431,"title":"Reign of Fire","video":false,"vote_average":6.0,"vote_count":191},{"adult":false,"backdrop_path":"/jfmDHcpzeRogjsnMXFB3SJd3pFN.jpg","genre_ids":[35,80,10402],"id":13595,"original_language":"en","original_title":"Airheads","overview":"The Lone Rangers have heavy-metal dreams and a single demo tape they can't get anyone to play. The solution: Hijack an AM rock station and hold the deejays hostage until they agree to broadcast the band's tape.","release_date":"1994-08-05","poster_path":"/w4d8TFSUFVI0W8IRUTGrQVvFFdz.jpg","popularity":0.560302,"title":"Airheads","video":false,"vote_average":6.0,"vote_count":61}],"total_pages":180,"total_results":3596}
