{"page":76,"results":[{"adult":false,"backdrop_path":"/bHRboVSfqYzILQSm4o7lPG031HT.jpg","genre_ids":[14,10751,16,12],"id":11319,"original_language":"en","original_title":"The Rescuers","overview":"What can two little mice possibly do to save an orphan girl who's fallen into evil hands? With a little cooperation and faith in oneself, anything is possible! As members of the mouse-run International Rescue Aid Society, Bernard and Miss Bianca respond to orphan Penny's call for help. The two mice search for clues with the help of an old cat named Rufus.","release_date":"1977-06-22","poster_path":"/46W2yCZgfhpeV1OOLeOCczoosXD.jpg","popularity":3.314541,"title":"The Rescuers","video":false,"vote_average":6.5,"vote_count":151},{"adult":false,"backdrop_path":"/fGq48GZp2PLVgx9IwW5lBf4DBYJ.jpg","genre_ids":[18,10402,10749],"id":8328,"original_language":"en","original_title":"Step Up 2: The Streets","overview":"When rebellious street dancer Andie lands at the elite Maryland School of the Arts, she finds herself fighting to fit in while also trying to hold onto her old life. When she joins forces with the schools hottest dancer, Chase, to form a crew of classmate outcasts to compete in Baltimore s underground dance battle The Streets.","release_date":"2008-02-14","poster_path":"/5SwoeOUyfkS8s6aGB2bLYAL5jKR.jpg","popularity":1.620575,"title":"Step Up 2: The Streets","video":false,"vote_average":6.5,"vote_count":142},{"adult":false,"backdrop_path":"/o0UzslAUvHVp5Th1VK8YrNFJMT3.jpg","genre_ids":[28,12,14],"id":9387,"original_language":"en","original_title":"Conan the Barbarian","overview":"John Milius's jingoistic direction and pulpy screenplay fit perfectly into this film version of the Robert E. Howard fantasy story of the sword and sorcery hero, Conan the Barbarian. The story begins when a horde of rampaging warriors massacre the parents of young Conan and enslave the young child for years on The Wheel of Pain. As the sole survivor of the childhood massacre, Conan is released from slavery and taught the ancient arts of fighting. Transforming himself into a killing machine, Conan travels into the wilderness to seek vengeance on Thulsa Doom (James Earl Jones), the man responsible for killing his family. In the wilderness, Conan takes up with the thieves Valeria (Sandahl Bergman) and Subotai (Gerry Lopez). The group comes upon King Osric (Max Von Sydow), who wants the trio of warriors to help rescue his daughter who has joined Doom in the hills.","release_date":"1982-05-14","poster_path":"/xcOdfPQqIKl6B7neTtDWDL5uFHK.jpg","popularity":1.383404,"title":"Conan the Barbarian","video":false,"vote_average":6.5,"vote_count":212},{"adult":false,"backdrop_path":"/rLW1reSSMCMlKF9A6IViIV1Zbt7.jpg","genre_ids":[35],"id":11543,"original_language":"en","original_title":"Kingpin","overview":"After bowler Roy Munson swindles the wrong crowd and is left with a hook for a hand, he settles into impoverished obscurity. That is, until he uncovers the next big thing: an Amish kid named Ishmael. So, the corrupt and the hopelessly naïve hit the circuit intent on settling an old score with Big Ern.","release_date":"1996-07-04","poster_path":"/eU5LzCEYNX03WEPuBk5ztFhHXAx.jpg","popularity":1.705191,"title":"Kingpin","video":false,"vote_average":6.5,"vote_count":65},{"adult":false,"backdrop_path":"/ni3DtIc0rm7OgxenOPKEktUjgsU.jpg","genre_ids":[28,80,18],"id":5289,"original_language":"en","original_title":"Chaos","overview":"Two cops, a rookie and a grizzled vet, pursue an accomplished bank robber.","release_date":"2005-01-17","poster_path":"/pgH45ufjjmfSrHvuyOnNaiWl8oM.jpg","popularity":1.623748,"title":"Chaos","video":false,"vote_average":6.5,"vote_count":94},{"adult":false,"backdrop_path":"/Ac1DJFbYXWANxO59l1uabUcYQT0.jpg","genre_ids":[35],"id":8193,"original_language":"en","original_title":"Napoleon Dynamite","overview":"A listless and alienated teenager decides to help his new friend win the class presidency in their small western high school, while he must deal with his bizarre family life back home.","release_date":"2004-06-11","poster_path":"/s0yuDUKiAJNl5XkO9OT4aFwnA3I.jpg","popularity":0.470667,"title":"Napoleon Dynamite","video":false,"vote_average":6.5,"vote_count":156},{"adult":false,"backdrop_path":"/zvR7GPQSoJTZlwuU5jjZHRiMu2o.jpg","genre_ids":[18,27,9648,53],"id":8769,"original_language":"en","original_title":"Christine","overview":"Geeky student Arnie Cunningham falls for Christine, a rusty 1958 Plymouth Fury, and becomes obsessed with restoring the classic automobile to her former glory. As the car changes, so does Arnie, whose newfound confidence turns to arrogance behind the wheel of his exotic beauty. Arnie's girlfriend Leigh and best friend Dennis reach out to him, only to be met by a Fury like no other.","release_date":"1983-12-09","poster_path":"/eIFakrk7xLwiNNoiottTBN5EIwy.jpg","popularity":0.745684,"title":"Christine","video":false,"vote_average":6.5,"vote_count":92},{"adult":false,"backdrop_path":"/78rR1LQpLuQmbEDl9pwKPtuJQER.jpg","genre_ids":[18,36],"id":127560,"original_language":"en","original_title":"The Railway Man","overview":"A victim from World War II's \"Death Railway\" sets out to find those responsible for his torture. A true story.","release_date":"2013-12-26","poster_path":"/3iU9KLIhvc3pdl1SkeD0gv4BO0f.jpg","popularity":0.893141,"title":"The Railway Man","video":false,"vote_average":6.5,"vote_count":88},{"adult":false,"backdrop_path":"/7MwVv7CXQ9hzLeGx2a4QWUEEC5J.jpg","genre_ids":[53,18,9648],"id":8271,"original_language":"en","original_title":"Disturbia","overview":"Kale is a 17-year-old placed under house arrest after punching his teacher. He is confined to his house, and decides to use his free time spying on his neighbors. Things start to get weird when guests enter the Turner's house and don't come back out. Kale and his friends, Ronnie and Ashley, start to grow more and more interested in what is actually happening within the house of Robert Turner.","release_date":"2007-04-13","poster_path":"/eyQ7vWEm2SClbAlNLTOhQhkSkFF.jpg","popularity":2.079629,"title":"Disturbia","video":false,"vote_average":6.5,"vote_count":285},{"adult":false,"backdrop_path":"/2X3f8asEJ6sYZrlMTliKic6pFoM.jpg","genre_ids":[35],"id":37735,"original_language":"en","original_title":"Easy A","overview":"After a little white lie about losing her virginity gets out, a clean cut high school girl sees her life paralleling Hester Prynne's in \"The Scarlet Letter,\" which she is currently studying in school - until she decides to use the rumor mill to advance her social and financial standing.","release_date":"2010-09-10","poster_path":"/1pgPO3OfSm2inpODMqg2RNmLW90.jpg","popularity":3.329656,"title":"Easy A","video":false,"vote_average":6.5,"vote_count":796},{"adult":false,"backdrop_path":"/9nbVWTSZpeRKNKtMM45mSttZito.jpg","genre_ids":[18,9648,53],"id":37233,"original_language":"en","original_title":"The Firm","overview":"Mitch McDeere is a young man with a promising future in Law. About to sit his Bar exam, he is approached by 'The Firm' and made an offer he doesn't refuse. Seduced by the money and gifts showered on him, he is totally oblivious to the more sinister side of his company. Then, two Associates are murdered. The FBI contact him, asking him for information and suddenly his life is ruined. He has a choice - work with the FBI, or stay with the Firm. Either way he will lose his life as he knows it. Mitch figures the only way out is to follow his own plan...","release_date":"1993-06-30","poster_path":"/2yKjIGzQF5mhG634MwG6oBTH1ce.jpg","popularity":1.17217,"title":"The Firm","video":false,"vote_average":6.5,"vote_count":137},{"adult":false,"backdrop_path":"/ojn7IYKmMt8HXRd6oLwY5pLGLVc.jpg","genre_ids":[18,10749],"id":9587,"original_language":"en","original_title":"Little Women","overview":"With their father away as a chaplain in the Civil War, Jo, Meg, Beth and Amy grow up with their mother in somewhat reduced circumstances. They are a close family who inevitably have their squabbles and tragedies. But the bond holds even when, later, male friends start to become a part of the household.","release_date":"1994-12-21","poster_path":"/9E6UwPQMybyMx1kqatzk5PD6WCg.jpg","popularity":0.272558,"title":"Little Women","video":false,"vote_average":6.5,"vote_count":54},{"adult":false,"backdrop_path":"/7gzF9anIxP8Gg5UswMPLWcMGDbj.jpg","genre_ids":[35],"id":137093,"original_language":"en","original_title":"Last Vegas","overview":"Three sixty-something friends take a break from their day-to-day lives to throw a bachelor party in Las Vegas for their last remaining single pal.","release_date":"2013-11-01","poster_path":"/ylZnvqSWnGXxFRgDmQ8nihtFBv6.jpg","popularity":2.606216,"title":"Last Vegas","video":false,"vote_average":6.5,"vote_count":377},{"adult":false,"backdrop_path":"/tB98T8R0hNQbjiK1b3fypurcsRM.jpg","genre_ids":[35,27,53,9648,14],"id":9707,"original_language":"en","original_title":"Bubba Ho-tep","overview":"Bubba Ho-tep tells the \"true\" story of what really did become of Elvis Presley. We find Elvis as an elderly resident in an East Texas rest home, who switched identities with an Elvis impersonator years before his \"death,\" then missed his chance to switch back. He must team up with JFK and fight an ancient Egyptian mummy for the souls of their fellow residents.","release_date":"2002-06-09","poster_path":"/u0mZgeuLPlEXM3I1k6Y92fXKiVA.jpg","popularity":1.682017,"title":"Bubba Ho-tep","video":false,"vote_average":6.5,"vote_count":50},{"adult":false,"backdrop_path":"/oYV7W4MAJGxI1hPcWr95IwPtmAt.jpg","genre_ids":[35],"id":8872,"original_language":"en","original_title":"Wayne's World","overview":"When a sleazy TV exec offers Wayne and Garth a fat contract to tape their late-night public access show at his network, they can't believe their good fortune. But they soon discover the road from basement to big-time is a gnarly one, fraught with danger, temptation and ragin' party opportunities.","release_date":"1992-02-14","poster_path":"/ttv6BA0DOes1zXMnQSNXTGeGkdJ.jpg","popularity":0.768949,"title":"Wayne's World","video":false,"vote_average":6.5,"vote_count":146},{"adult":false,"backdrop_path":"/yaps1kzbHVxTpCmuMgWm8zaTdnN.jpg","genre_ids":[12,28,53,878],"id":9659,"original_language":"en","original_title":"Mad Max","overview":"In a dystopic future Australia, a vicious biker gang murder a cop's family and make his fight with them personal.","release_date":"1979-04-12","poster_path":"/mfmJ0BftkGV5uRkVEsTWM39LRIt.jpg","popularity":4.281666,"title":"Mad Max","video":false,"vote_average":6.5,"vote_count":364},{"adult":false,"backdrop_path":"/9YR1StCSGxEfHhBk7im7DL1cATk.jpg","genre_ids":[18,35],"id":269148,"original_language":"fr","original_title":"Samba","overview":"Samba migrated to France 10 years ago from Senegal, and has since been plugging away at various lowly jobs. Alice is a senior executive who has recently undergone a burnout. Both struggle to get out of their dead-end lives. Samba's willing to do whatever it takes to get working papers, while Alice tries to get her life back on track until fate draws them together.","release_date":"2015-07-24","poster_path":"/moe9m13aJFMttmNnaiffgVy8hjL.jpg","popularity":2.490486,"title":"Samba","video":false,"vote_average":6.5,"vote_count":116},{"adult":false,"backdrop_path":"/bT6neJ41gV1ZY8xlrsYxsh8OWJu.jpg","genre_ids":[18,53],"id":244509,"original_language":"en","original_title":"Cold in July","overview":"How can a split-second decision change your life? While investigating noises in his house one balmy Texas night in 1989, Richard Dane puts a bullet in the brain of low-life burglar Freddy Russell. Although he’s hailed as a small-town hero, Dane soon finds himself fearing for his family’s safety when Freddy’s ex-con father, Ben, rolls into town, hell-bent on revenge.","release_date":"2014-05-23","poster_path":"/zotsAuntzSFECpDWfkIWePcIJOq.jpg","popularity":2.16437,"title":"Cold in July","video":false,"vote_average":6.5,"vote_count":88},{"adult":false,"backdrop_path":"/hORD1mVTnbrU13YZjrrvLMGoeKp.jpg","genre_ids":[80,18,27,53],"id":8643,"original_language":"en","original_title":"The Exorcism of Emily Rose","overview":"When a younger girl called Emily Rose (Carpenter) dies, everyone puts blame on the exorcism which was performed on her by Father Moore (Wilkinson) prior to her death. The priest is arrested on suspicion of murder. The trail begins with lawyer Erin Bruner (Linney) representing Moore, but it is not going to be easy, as no one wants to believe what Father Moore says is true.","release_date":"2005-09-09","poster_path":"/lDffYgWFiAfA7ztBW6R4LWdjXK6.jpg","popularity":1.40666,"title":"The Exorcism of Emily Rose","video":false,"vote_average":6.5,"vote_count":172},{"adult":false,"backdrop_path":"/hqz7LxiEATVXgJZMWIHsnbLLAI5.jpg","genre_ids":[35,18],"id":65057,"original_language":"en","original_title":"The Descendants","overview":"With his wife Elizabeth on life support after a boating accident, Hawaiian land baron Matt King takes his daughters on a trip from Oahu to Kauai to confront the young real estate broker, who was having an affair with Elizabeth before her misfortune.","release_date":"2011-11-18","poster_path":"/5lpBvuPNaPiOpitehczWmJgf6wb.jpg","popularity":1.56451,"title":"The Descendants","video":false,"vote_average":6.5,"vote_count":370}],"total_pages":180,"total_results":3596}
