{"page":70,"results":[{"adult":false,"backdrop_path":"/wm8EYTqV7NPgpT0hEHBzN2QruqL.jpg","genre_ids":[28,27,878,53],"id":1946,"original_language":"en","original_title":"eXistenZ","overview":"A game designer on the run from assassins must play her latest virtual reality creation with a marketing trainee to determine if the game has been damaged.","release_date":"1999-04-19","poster_path":"/jvuRnlZvfUnleAZj8g75q4VZedm.jpg","popularity":1.28315,"title":"eXistenZ","video":false,"vote_average":6.6,"vote_count":120},{"adult":false,"backdrop_path":"/dgyvS3CUtTCfPhtT1SDTR2bwCbf.jpg","genre_ids":[16,878,28],"id":269650,"original_language":"en","original_title":"Appleseed Alpha","overview":"Based on the comic book by the creator of Ghost in the Shell, a young female soldier Deunan and her cyborg partner Briareos survive through the post World War 3 apocalyptic New York in search of human's future hope, the legendary city of Olympus.","release_date":"2014-07-14","poster_path":"/3lKdgUvWW3yUHRl3Ervjz2PeXFR.jpg","popularity":1.832902,"title":"Appleseed Alpha","video":false,"vote_average":6.6,"vote_count":78},{"adult":false,"backdrop_path":"/gWfkJdhwcUh8ip97INsFlAT6CDw.jpg","genre_ids":[18,80],"id":154400,"original_language":"en","original_title":"The Drop","overview":"Bob Saginowski finds himself at the center of a robbery gone awry and entwined in an investigation that digs deep into the neighborhood's past where friends, families, and foes all work together to make a living - no matter the cost.","release_date":"2014-09-12","poster_path":"/lj8AMCjWx0jU93XajzUEOUUNKZF.jpg","popularity":4.436102,"title":"The Drop","video":false,"vote_average":6.6,"vote_count":317},{"adult":false,"backdrop_path":"/uvbjTLZSxGehXWDo1ENyVuBrYie.jpg","genre_ids":[18],"id":1374,"original_language":"en","original_title":"Rocky IV","overview":"Rocky must come out of retirement to battle a gargantuan Soviet fighter named Drago, who brutally punished Rocky's friend and former rival, Apollo Creed. Seeking revenge in the name of his fallen comrade and his country, Rocky agrees to fight Drago in Moscow on Christmas, and the bout changes both fighters -- and the world.","release_date":"1985-11-21","poster_path":"/1aKKCOiFp4QQnEbRYb6jHHmEQk.jpg","popularity":2.3888,"title":"Rocky IV","video":false,"vote_average":6.6,"vote_count":293},{"adult":false,"backdrop_path":"/vWrWTEXfkF3r1sIgZlORVN7UPVr.jpg","genre_ids":[35,18,80],"id":84329,"original_language":"en","original_title":"Robot & Frank","overview":"A delightful dramatic comedy, a buddy picture, and, for good measure, a heist film. Curmudgeonly old Frank lives by himself. His routine involves daily visits to his local library, where he has a twinkle in his eye for the librarian. His grown children are concerned about their father’s well-being and buy him a caretaker robot. Initially resistant to the idea, Frank soon appreciates the benefits of robotic support – like nutritious meals and a clean house – and eventually begins to treat his robot like a true companion. With his robot’s assistance, Frank’s passion for his old, unlawful profession is reignited, for better or worse.","release_date":"2012-08-16","poster_path":"/euOI0iOczBCEQgPhToZcvQ2eIj7.jpg","popularity":1.765837,"title":"Robot & Frank","video":false,"vote_average":6.6,"vote_count":179},{"adult":false,"backdrop_path":"/tVpkaXfP5xCS2Fd19JijUSDvpbg.jpg","genre_ids":[35,18,14,10749,10751],"id":2280,"original_language":"en","original_title":"Big","overview":"When a boy wishes to be big at a magic wish machine, he wakes up the next morning and finds himself in an adult body literally overnight.","release_date":"1988-06-03","poster_path":"/cCglgzP9hXrqPqUMGNzISZrK338.jpg","popularity":1.637868,"title":"Big","video":false,"vote_average":6.6,"vote_count":298},{"adult":false,"backdrop_path":"/jnlDMWZG8wfsdtC2VBQLU7BcHyZ.jpg","genre_ids":[28,53,80,12],"id":8195,"original_language":"en","original_title":"Ronin","overview":"A briefcase with undisclosed contents -- sought by Irish terrorists and the Russian mob -- makes its way into criminals' hands. An Irish liaison assembles a squad of mercenaries, or ronin, charged with the thorny task of recovering the case. But the team, led by an ex-CIA agent, mistrusts one another. Can they accomplish their mission?","release_date":"1998-09-12","poster_path":"/UoFUXemMYGKuCN01Y111JlPjjr.jpg","popularity":1.907015,"title":"Ronin","video":false,"vote_average":6.6,"vote_count":209},{"adult":false,"backdrop_path":"/haOTy0A9tMaoEEWdoaGavBnPQfY.jpg","genre_ids":[18,10752],"id":72976,"original_language":"en","original_title":"Lincoln","overview":"A revealing drama that focuses on the 16th President's tumultuous final months in office. In a nation divided by war and the strong winds of change, Lincoln pursues a course of action designed to end the war, unite the country and abolish slavery. With the moral courage and fierce determination to succeed, his choices during this critical moment will change the fate of generations to come.","release_date":"2012-11-16","poster_path":"/gkkiDu9srCCbCMxGKwNwKCxK7KF.jpg","popularity":2.5256,"title":"Lincoln","video":false,"vote_average":6.6,"vote_count":690},{"adult":false,"backdrop_path":"/ukFcA0JpVjyzPATIiN3gfmLrTUf.jpg","genre_ids":[18],"id":11023,"original_language":"en","original_title":"Thirteen","overview":"Tracy is a normal 13-year-old trying to make it in school. After befriending the most popular girl at school, Evie, Tracy's world is turned upside down when Evie introduces her to a world of sex, drugs and cash. But it isn't long before Tracy's new world and attitude finally takes a toll on her, her family, and old friends.","release_date":"2003-01-17","poster_path":"/6DovUDPK1ednXrc2klOAxABZzLe.jpg","popularity":1.761924,"title":"Thirteen","video":false,"vote_average":6.6,"vote_count":56},{"adult":false,"backdrop_path":"/2jjKaHMm7X1RODFMZcq3YcXxoyn.jpg","genre_ids":[35,14,10749],"id":11814,"original_language":"en","original_title":"Weird Science","overview":"Two unpopular teenagers, Gary and Wyatt, fail at all attempts to be accepted by their peers. Their desperation to be liked leads them to \"create\" a woman via their computer. Their living and breathing creation is a gorgeous woman, Lisa, whose purpose is to boost their confidence level by putting them into situations which require Gary and Wyatt to act like men.","release_date":"1985-08-01","poster_path":"/6sK6ywu1dgp3QrCsT6JclKTjV0Q.jpg","popularity":0.483431,"title":"Weird Science","video":false,"vote_average":6.6,"vote_count":84},{"adult":false,"backdrop_path":"/cnGPiAd7D50YFcpt6HK7CwTUCew.jpg","genre_ids":[28,53,878],"id":49530,"original_language":"en","original_title":"In Time","overview":"In the not-too-distant future the aging gene has been switched off. To avoid overpopulation, time has become the currency and the way people pay for luxuries and necessities. The rich can live forever, while the rest try to negotiate for their immortality. A poor young man who comes into a fortune of time, though too late to help his mother from dying. He ends up on the run from a corrupt police force known as 'time keepers'.","release_date":"2011-10-27","poster_path":"/lnYuAr3QOPzvuEFlzpsRUq41IEy.jpg","popularity":3.736173,"title":"In Time","video":false,"vote_average":6.6,"vote_count":1276},{"adult":false,"backdrop_path":"/sVv4VXJ7Vd9qDPncs0zu2XepWQr.jpg","genre_ids":[878,12,14],"id":70160,"original_language":"en","original_title":"The Hunger Games","overview":"Every year in the ruins of what was once North America, the nation of Panem forces each of its twelve districts to send a teenage boy and girl to compete in the Hunger Games.  Part twisted entertainment, part government intimidation tactic, the Hunger Games are a nationally televised event in which “Tributes” must fight with one another until one survivor remains.  Pitted against highly-trained Tributes who have prepared for these Games their entire lives, Katniss is forced to rely upon her sharp instincts as well as the mentorship of drunken former victor Haymitch Abernathy.  If she’s ever to return home to District 12, Katniss must make impossible choices in the arena that weigh survival against humanity and life against love. The world will be watching.","release_date":"2012-03-23","poster_path":"/vAkjFEm76Lu5hSevquxPgQ91OtI.jpg","popularity":4.496327,"title":"The Hunger Games","video":false,"vote_average":6.6,"vote_count":5541},{"adult":false,"backdrop_path":"/cgrQ6Vp9tuNVtZAKwgEiTyhAqNt.jpg","genre_ids":[35,10749],"id":248774,"original_language":"en","original_title":"Obvious Child","overview":"An immature, newly unemployed comic must navigate the murky waters of adulthood after her fling with a graduate student results in an unplanned pregnancy.","release_date":"2014-06-06","poster_path":"/sEhkasIDghckmUGnhmxJ6RYc3T8.jpg","popularity":0.748742,"title":"Obvious Child","video":false,"vote_average":6.6,"vote_count":69},{"adult":false,"backdrop_path":"/oKRAhxMjMP7hnF8M8aazQpCVbn.jpg","genre_ids":[35,18,10402,10749],"id":1833,"original_language":"en","original_title":"Rent","overview":"This rock opera tells the story of one year in the life of a group of bohemians struggling in modern day East Village New York. The story centers around Mark and Roger, two roommates. While a former tragedy has made Roger numb to life, Mark tries to capture it through his attempts to make a film. In the year that follows, the group deals with love, loss, AIDS, and modern day life.","release_date":"2005-11-23","poster_path":"/4KtXerHNKtCzVGahytBstctW69b.jpg","popularity":1.401214,"title":"Rent","video":false,"vote_average":6.6,"vote_count":50},{"adult":false,"backdrop_path":"/akgjzb4o3t7k6PbAzhNM2DBCN4e.jpg","genre_ids":[10749,18,53,80],"id":9303,"original_language":"en","original_title":"Bound","overview":"Corky, a tough female ex con and her lover Violet concoct a scheme to steal millions of stashed mob money and pin the blame on Violet's crooked boyfriend Caeser.","release_date":"1996-09-13","poster_path":"/xfITNjW2sunPiB7BNotJJsCxhdA.jpg","popularity":1.533649,"title":"Bound","video":false,"vote_average":6.6,"vote_count":50},{"adult":false,"backdrop_path":"/xUYTWv2W3wCakBw4fOpTfFQ5e1I.jpg","genre_ids":[878,27,53],"id":5876,"original_language":"en","original_title":"The Mist","overview":"After a violent storm, a dense cloud of mist envelops a small Maine town, trapping artist David Drayton and his five-year-old son in a local grocery store with other people. They soon discover that the mist conceals deadly horrors that threaten their lives, and worse, their sanity.","release_date":"2007-11-21","poster_path":"/uYVheUBf8ITaocUP4Og9GXxOMIH.jpg","popularity":2.210438,"title":"The Mist","video":false,"vote_average":6.5,"vote_count":316},{"adult":false,"backdrop_path":"/pXmMiqordTEbRTDNlKPnyielNVA.jpg","genre_ids":[80,9648,53],"id":60670,"original_language":"fr","original_title":"Les Rivières pourpres","overview":"Two French policemen, one investigating a grisly murder at a remote mountain college, the other working on the desecration of a young girl's grave by skinheads, are brought together by the clues from their respective cases. Soon after they start working together, more murders are committed, and the pair begin to discover just what dark secrets are behind the killings.","release_date":"2000-09-26","poster_path":"/kkRgQST0bEdEgqpPZMGaUB1twsQ.jpg","popularity":1.518097,"title":"The Crimson Rivers","video":false,"vote_average":6.5,"vote_count":92},{"adult":false,"backdrop_path":"/poKaphSqmgC1vtUYGagzyU4KP2m.jpg","genre_ids":[28,80,53],"id":4108,"original_language":"en","original_title":"The Transporter","overview":"Former Special Forces officer Frank Martin will deliver anything to anyone for the right price, and his no-questions-asked policy puts him in high demand. But when he realizes his latest cargo is alive, it sets in motion a dangerous chain of events. The bound and gagged Lai is being smuggled to France by a shady American businessman, and Frank works to save her as his own illegal activities are uncovered by a French detective.","release_date":"2002-10-02","poster_path":"/vD5plFV1ec9CSIsdlPe9icCDRTL.jpg","popularity":2.875329,"title":"The Transporter","video":false,"vote_average":6.5,"vote_count":586},{"adult":false,"backdrop_path":"/nbKYCQcSAieG8zDYabFzCZWCp91.jpg","genre_ids":[18,28,35],"id":2110,"original_language":"fr","original_title":"Wasabi","overview":"Hubert is a French policeman with very sharp methods. After being forced to take 2 months off by his boss, who doesn't share his view on working methods, he goes back to Japan, where he used to work 19 years ago, to settle the probate of his girlfriend who left him shortly after marriage without a trace.","release_date":"2001-10-31","poster_path":"/wU9LGkxWv1zq5sB4e4RSQVSOWxX.jpg","popularity":2.019264,"title":"Wasabi","video":false,"vote_average":6.5,"vote_count":72},{"adult":false,"backdrop_path":"/aFJI3yhV8HGJ7yo6MUNL2aoy9Aj.jpg","genre_ids":[16,12,10749],"id":153158,"original_language":"es","original_title":"Metegol","overview":"In the small village where Amadeo lives there is no one good enough to challenge his skills at Table Football. But, while Amadeo may be a genius as a table football player in real life he's a loser. He's in love with Lara, his childhood friend, but he's so shy that he can't bring himself to confess his love for her. So he just hangs out in his quaint, timeless village. When Amadeo beats the village bully Flash at Table Football. The scene is set for an epic rivalry. Consumed with anger Flash vows to get even and 10 years later he returns as an International Superstar, a Football Icon and Galatico determined to wreak his revenge.","release_date":"2015-08-14","poster_path":"/rKnfNwbRGd6p7SidQYlGemCE8wb.jpg","popularity":3.083268,"title":"Underdogs","video":false,"vote_average":6.5,"vote_count":52}],"total_pages":180,"total_results":3596}
