{"page":169,"results":[{"adult":false,"backdrop_path":"/2p9NtyrnFZtGRyCGN5SBk1eARNK.jpg","genre_ids":[28,12,80,53],"id":479,"original_language":"en","original_title":"Shaft","overview":"New York police detective John Shaft arrests Walter Wade Jr. for a racially motivated slaying. But the only eyewitness disappears, and Wade jumps bail for Switzerland. Two years later Wade returns to face trial, confident his money and influence will get him acquitted -- especially since he's paid a drug kingpin to kill the witness.","release_date":"2000-06-15","poster_path":"/bqlpFp96uWu2VDpsm4MVvLXdumh.jpg","popularity":1.977684,"title":"Shaft","video":false,"vote_average":5.2,"vote_count":94},{"adult":false,"backdrop_path":"/rI67zGyNZKa7ef8iiZN1lSJT7mp.jpg","genre_ids":[14],"id":414,"original_language":"en","original_title":"Batman Forever","overview":"The Dark Knight of Gotham City confronts a dastardly duo: Two-Face and the Riddler. Formerly District Attorney Harvey Dent, Two-Face believes Batman caused the courtroom accident which left him disfigured on one side. And Edward Nygma, computer-genius and former employee of millionaire Bruce Wayne, is out to get the philanthropist; as The Riddler. Former circus acrobat Dick Grayson, his family killed by Two-Face, becomes Wayne's ward and Batman's new partner Robin.","release_date":"1995-06-15","poster_path":"/hnuIc1ZC1jxSNoefaN8Bp6ixgBJ.jpg","popularity":3.086566,"title":"Batman Forever","video":false,"vote_average":5.2,"vote_count":529},{"adult":false,"backdrop_path":"/lWU9q6992huj0TPi53kemgYGPo8.jpg","genre_ids":[27,53],"id":71672,"original_language":"en","original_title":"Wrong Turn 4: Bloody Beginnings","overview":"Follows a group of friends that decide to go snowmobiling during their winter break. They make a \"wrong turn\", getting lost in a storm.","release_date":"2011-10-17","poster_path":"/ogAYr3SdD5j2bFRX5briSOhe0Rw.jpg","popularity":2.463119,"title":"Wrong Turn 4: Bloody Beginnings","video":false,"vote_average":5.2,"vote_count":57},{"adult":false,"backdrop_path":"/vwqnLTtNZCAo41nNOuX0He6bwKs.jpg","genre_ids":[28,878],"id":1927,"original_language":"en","original_title":"Hulk","overview":"Bruce Banner, a genetics researcher with a tragic past, suffers an accident that causes him to transform into a raging green monster when he gets angry","release_date":"2003-06-20","poster_path":"/ogCQV6mnLtCJuiiHtMB83jvSRfY.jpg","popularity":2.881809,"title":"Hulk","video":false,"vote_average":5.2,"vote_count":492},{"adult":false,"backdrop_path":"/nl7fSIHSYYUSb1kTOUlWA5DLH7D.jpg","genre_ids":[35],"id":124459,"original_language":"en","original_title":"The Incredible Burt Wonderstone","overview":"After breaking up with his longtime stage partner, a famous but jaded Vegas magician fights for relevance when a new, \"hip\" street magician appears on the scene.","release_date":"2013-03-15","poster_path":"/5WpMIIEfRaJL2WrgQMImu4S79ME.jpg","popularity":1.946008,"title":"The Incredible Burt Wonderstone","video":false,"vote_average":5.2,"vote_count":506},{"adult":false,"backdrop_path":"/w1I5Irc48SYup0Z2n1VJrLRcUUS.jpg","genre_ids":[18],"id":10802,"original_language":"en","original_title":"Showgirls","overview":"A young drifter named Nomi arrives in Las Vegas to become a dancer and soon sets about clawing and pushing her way to become a top showgirl.","release_date":"1995-09-22","poster_path":"/7O2SxrsXYaGFZ5cZgJF0Ab5SV5J.jpg","popularity":0.38117,"title":"Showgirls","video":false,"vote_average":5.2,"vote_count":58},{"adult":false,"backdrop_path":"/zW9Ia77f4ROD5IPWBIjBCxGBs9E.jpg","genre_ids":[14,27,53],"id":46261,"original_language":"en","original_title":"Don't Be Afraid of the Dark","overview":"A young girl sent to live with her father and his new girlfriend discovers creatures in her new home who want to claim her as one of their own.","release_date":"2010-11-06","poster_path":"/5RGZI8ZjV5u1KUlNEejvG43At4c.jpg","popularity":1.969733,"title":"Don't Be Afraid of the Dark","video":false,"vote_average":5.2,"vote_count":100},{"adult":false,"backdrop_path":"/bWOeaxfLBf5G7qfsC2a2gGuKx6X.jpg","genre_ids":[18,53,80],"id":77987,"original_language":"en","original_title":"Only God Forgives","overview":"Julian, who runs a Thai boxing club as a front organization for his family's drug smuggling operation, is forced by his mother Jenna to find and kill the individual responsible for his brother's recent death.","release_date":"2013-07-19","poster_path":"/8KUPbn7gBm5o4cHM1K8SFfCpxOg.jpg","popularity":2.12564,"title":"Only God Forgives","video":false,"vote_average":5.2,"vote_count":375},{"adult":false,"backdrop_path":"/cobq7rVabMhF7L3tDQM9PO5pSld.jpg","genre_ids":[27,9648,53],"id":82657,"original_language":"en","original_title":"7500","overview":"Flight 7500 departs Los Angeles International Airport bound for Tokyo. As the overnight flight makes its way over the Pacific Ocean during its ten-hour course, the passengers encounter what appears to be a supernatural force in the cabin.","release_date":"2014-05-16","poster_path":"/8fJBq78VRKoV9e3WE0H2xfmQm2B.jpg","popularity":0.614936,"title":"7500","video":false,"vote_average":5.2,"vote_count":74},{"adult":false,"backdrop_path":"/tUGSLoMcxNWZ0OIRSqDaB2jNbdE.jpg","genre_ids":[28,12,18,53],"id":503,"original_language":"en","original_title":"Poseidon","overview":"A Cross-Atlantic ship is traveling in the Atlantic when a giant wave flips it over as the passengers begin a dramatic fight for their lives. Catastrophe film from Wolfgang Petersen from 2006.","release_date":"2006-05-12","poster_path":"/kHrdehzlhyyb190D3RvH8mdX1y2.jpg","popularity":1.167195,"title":"Poseidon","video":false,"vote_average":5.2,"vote_count":160},{"adult":false,"backdrop_path":"/dnBiiPKJnIKb1e8BcDo3cicdjFG.jpg","genre_ids":[28,12,35,14,10751],"id":19585,"original_language":"en","original_title":"G-Force","overview":"A team of trained secret agent animals, guinea pigs Darwin, Juarez, Blaster, mole Speckles, and fly Mooch takes on a mission for the US government to stop evil Leonard Saber, who plans to destroy the world with household appliances. But the government shuts them down and they are sentenced to a pet shop. Can they escape to defeat the villain and save the world?","release_date":"2009-07-21","poster_path":"/ecTQ40F6Ob4JW2qMRUf8ThxViyd.jpg","popularity":1.47799,"title":"G-Force","video":false,"vote_average":5.2,"vote_count":192},{"adult":false,"backdrop_path":"/uTDMQaGL6bcIHYPcGBppkax3dMl.jpg","genre_ids":[35],"id":82679,"original_language":"en","original_title":"Fun Size","overview":"Wren (Victoria Justice) is invited to a Halloween party by her crush, Aaron Riley (Thomas McDonell), but she is also forced by her mother (Chelsea Handler) to take her oddball little brother Albert (Jackson Nicoll) with her when she goes out trick-or-treating on Halloween. When she goes to the party instead, she loses him and must find him before her mother finds out.","release_date":"2012-10-26","poster_path":"/e1msV45Ntp0IqlaZhMZomSR9qQv.jpg","popularity":0.889728,"title":"Fun Size","video":false,"vote_average":5.2,"vote_count":52},{"adult":false,"backdrop_path":"/hZ2TGfo6yAh3KUBLKj59CKH0NRd.jpg","genre_ids":[35,10749],"id":84174,"original_language":"en","original_title":"Bachelorette","overview":"Regan is used to being first at everything. Imagine her horror and chagrin when she finds out the girl everyone called Pig Face in high school is going to tie the knot before she does! But Regan sucks it up and takes on bridesmaid duties along with her childhood pals: substance-abusing, promiscuous Gena and ditzy Katie. The single ladies are determined to put their bitterness aside and have an awesomely hedonistic bachelorette party. Armed with acerbic wit and seemingly endless supplies of coke and booze, the foul-mouthed femmes embark on one very long and emotional night filled with major wedding-dress panic, various bodily fluids, and cute ex-boyfriends.","release_date":"2012-09-06","poster_path":"/4lbsAlqCqXgocPdWuN6C95x2KC.jpg","popularity":2.865415,"title":"Bachelorette","video":false,"vote_average":5.2,"vote_count":153},{"adult":false,"backdrop_path":"/wF5fjrTvBjceOc0lKbUp9JKBOYy.jpg","genre_ids":[16,35,10751],"id":9513,"original_language":"en","original_title":"Garfield: A Tail of Two Kitties","overview":"Garfield is back and this time Garfield and his canine sidekick Odie follows their owner, Jon Arbuckle, to England, the U.K. may never recover, as Garfield is mistaken for a look-alike, regal cat who has inherited a castle.","release_date":"2006-06-15","poster_path":"/aagx3t2Xv7R26hcqzrayTT28Yww.jpg","popularity":0.781583,"title":"Garfield: A Tail of Two Kitties","video":false,"vote_average":5.2,"vote_count":128},{"adult":false,"backdrop_path":"/yF74RJ1r87tqXbcPpeYs9AEXYbm.jpg","genre_ids":[35,10751,10749],"id":11637,"original_language":"en","original_title":"Are We There Yet?","overview":"The fledgling romance between Nick, a playboy bachelor, and Suzanne, a divorced mother of two, is threatened by a particularly harrowing New Years Eve. When Suzanne's work keeps her in Vancouver for the holiday, Nick offers to bring her kids to the city from Portland, Oregon. The kids, who have never liked any of the men their mom dates, are determined to turn the trip into a nightmare for Nick.","release_date":"2005-01-21","poster_path":"/lYaZg12UTcajdV402KG5owNlQFS.jpg","popularity":1.397048,"title":"Are We There Yet?","video":false,"vote_average":5.2,"vote_count":64},{"adult":false,"backdrop_path":"/9cs9RuOS3A5YEh6r4opVrIGbiJy.jpg","genre_ids":[53,28,14,27],"id":1250,"original_language":"en","original_title":"Ghost Rider","overview":"In order to save his dying father, young stunt cyclist Johnny Blaze sells his soul to Mephistopheles and sadly parts from the pure-hearted Roxanne Simpson, the love of his life. Years later, Johnny's path crosses again with Roxanne, now a gogetting reporter, and also with Mephistopheles, who offers to release Johnny's soul if Johnny becomes the fabled, fiery Ghost Rider.","release_date":"2007-02-16","poster_path":"/soDF6i4eREQN4JPuSzpAqWDZmU4.jpg","popularity":3.397779,"title":"Ghost Rider","video":false,"vote_average":5.2,"vote_count":601},{"adult":false,"backdrop_path":"/kO9papQXeuekzj3Fcc3ZcIqjfm5.jpg","genre_ids":[27,9648,53],"id":61012,"original_language":"en","original_title":"Silent Hill: Revelation 3D","overview":"Heather Mason and her father have been on the run, always one step ahead of dangerous forces that she doesn't fully understand, Now on the eve of her 18th birthday, plagued by horrific nightmares and the disappearance of her father, Heather discovers she's not who she thinks she is. The revelation leads her deeper into a demonic world that threatens to trap her forever.","release_date":"2012-10-10","poster_path":"/kTAjRFmgESCgOhWVV6uuWSdf2MC.jpg","popularity":1.724814,"title":"Silent Hill: Revelation 3D","video":false,"vote_average":5.2,"vote_count":168},{"adult":false,"backdrop_path":"/ubCbg2zgJv7hLeA7JIhEE5iPyzg.jpg","genre_ids":[28,80,53],"id":70074,"original_language":"en","original_title":"Bullet to the Head","overview":"After watching their respective partners die, a cop and a hitman form an alliance in order to bring down their common enemy.","release_date":"2012-11-14","poster_path":"/in6KZhkj6UCpXhjVm00VzdisHyf.jpg","popularity":1.695249,"title":"Bullet to the Head","video":false,"vote_average":5.2,"vote_count":281},{"adult":false,"backdrop_path":"/o7cOd6E3IXkkUcaDckdGdVqm55U.jpg","genre_ids":[27,53],"id":203834,"original_language":"en","original_title":"Jessabelle","overview":"A young woman recuperating at her father's run-down home after a tragic accident soon encounters a terrifying presence with a connection to her long-deceased mother.","release_date":"2014-08-29","poster_path":"/zq1Er49rSBTkytVbinH9P1RoEOb.jpg","popularity":1.156371,"title":"Jessabelle","video":false,"vote_average":5.2,"vote_count":89},{"adult":false,"backdrop_path":"/1v3EJG30IWmgdTVRQLvKqQBthKe.jpg","genre_ids":[27],"id":11547,"original_language":"en","original_title":"Cabin Fever","overview":"A group of five college graduates rent a cabin in the woods and begin to fall victim to a horrifying flesh-eating virus, which attracts the unwanted attention of the homicidal locals.","release_date":"2002-09-13","poster_path":"/pDFFHha2KwW6ZjvrZQtXaS6PIYV.jpg","popularity":1.784857,"title":"Cabin Fever","video":false,"vote_average":5.2,"vote_count":79}],"total_pages":180,"total_results":3596}
