{"page":74,"results":[{"adult":false,"backdrop_path":"/qXLXEvYSycdllvdKvmhFXLUcFhM.jpg","genre_ids":[10402,18,35,80,28],"id":1574,"original_language":"en","original_title":"Chicago","overview":"Murderesses Velma Kelly (a chanteuse and tease who killed her husband and sister after finding them in bed together) and Roxie Hart (who killed her boyfriend when she discovered he wasn't going to make her a star) find themselves on death row together and fight for the fame that will keep them from the gallows in 1920s Chicago.","release_date":"2002-12-26","poster_path":"/18pCc2XZ5MO7wsywOYEbhoeuxNw.jpg","popularity":2.671239,"title":"Chicago","video":false,"vote_average":6.5,"vote_count":206},{"adult":false,"backdrop_path":"/5exbetVXa6of1zbwrrOWfKbFp9j.jpg","genre_ids":[18,9648],"id":14359,"original_language":"en","original_title":"Doubt","overview":"In 1964, a Catholic school nun questions a priest's ambiguous relationship with a troubled young student, suspecting him of abuse. He denies the charges, and much of the film's quick-fire dialogue tackles themes of religion, morality, and authority.","release_date":"2008-12-11","poster_path":"/cW2ZEfjWsHKIsO0fRjL7NldbbId.jpg","popularity":2.155025,"title":"Doubt","video":false,"vote_average":6.5,"vote_count":103},{"adult":false,"backdrop_path":"/9GyBSsMiGkPSk4OESIYZuedijBI.jpg","genre_ids":[28,10749,10752],"id":744,"original_language":"en","original_title":"Top Gun","overview":"For Lieutenant Pete Mitchell and his friend and Co-Pilot Nick Bradshaw being accepted into an elite training school for fighter pilots is a dream come true.  A tragedy, as well as personal demons, threaten Pete's dreams of becoming an Ace pilot.","release_date":"1986-05-16","poster_path":"/orGXnBKfT41LxZhitLkXhqUfJJW.jpg","popularity":3.437667,"title":"Top Gun","video":false,"vote_average":6.5,"vote_count":686},{"adult":false,"backdrop_path":"/yNssRITgB0P8oWVMr1cDPdv6v1A.jpg","genre_ids":[80,18],"id":7457,"original_language":"en","original_title":"Alpha Dog","overview":"Johnny Truelove likes to see himself as tough. He's the son of an underworld figure and a drug dealer. Johnny also likes to get tough when things don't go his way. When Jake Mazursky fails to pay up for Johnny, things get worse for the Mazursky family, as Johnny and his 'gang' kidnap Jake's 15 year old brother and holds him hostage. Problem now is what to do with 'stolen boy?'","release_date":"2006-01-27","poster_path":"/vyFj7ZFm5AWApNGowpUzoakMuyS.jpg","popularity":1.779579,"title":"Alpha Dog","video":false,"vote_average":6.5,"vote_count":152},{"adult":false,"backdrop_path":"/5mfMJpkO0mxDViHEeebFrzesdwc.jpg","genre_ids":[18,16,10751,35],"id":51052,"original_language":"en","original_title":"Arthur Christmas","overview":"This Christmas movie highlights the technological advances of operations at the North Pole, revealing how Santa and his vast army of highly trained elves produce gifts and distribute them around the world in one night. However, every operation has a margin of error… When one of 600 million children to receive a gift from Santa on Christmas Eve is missed, it is deemed \"acceptable\" to all but one, Arthur. Arthur Claus is Santa’s misfit son who executes an unauthorized rookie mission to get the last present half way around the globe before dawn on Christmas morning.","release_date":"2011-11-10","poster_path":"/crjzhg2T1sPL9yE7bFHkYp0OfXG.jpg","popularity":2.020266,"title":"Arthur Christmas","video":false,"vote_average":6.5,"vote_count":117},{"adult":false,"backdrop_path":"/1qmKQmvTfM3VDxf73CGaDkvRkvb.jpg","genre_ids":[878,14,12,10751],"id":175774,"original_language":"de","original_title":"Rubinrot","overview":"Gwendolyn Shepherd is a normal 16-year-old, but her family holds a secret: A time-travel gene is expressed in the clan inherited, but not every member of the family is blessed with. Everyone is certain that Gwen's cousin Charlotte has the gene.  However, someday Gwendolyn suddenly finds herself in London at the end of the 19th century and realizes that it her, who was born a time traveler. While she is not very enthusiastic about it she will do everything possible to solve the ancient mysteries of the red ruby.","release_date":"2013-03-14","poster_path":"/9ly8nXuDuiAsYjEmAOLJ9ANZpsb.jpg","popularity":2.066626,"title":"Ruby Red","video":false,"vote_average":6.5,"vote_count":80},{"adult":false,"backdrop_path":"/bjfbRKvXv9KiMTXz3xt8BpB7ikA.jpg","genre_ids":[18,10749],"id":226857,"original_language":"en","original_title":"Endless Love","overview":"When beautiful Jade (Gabriella Wilde) meets charismatic David (Alex Pettyfer), her sheltered world of privilege is turned upside down as the pair's instant desire sparks a reckless summer love affair. While Jade leaves behind her inhibitions and innocence as she falls for David, he works to prove himself worthy of her love. But when David's mysterious past and Jade's overprotective father threaten to tear them apart, their romance will be put to the ultimate test.","release_date":"2014-02-14","poster_path":"/wWkTnQosziIXEePOyunr53el8fe.jpg","popularity":1.377638,"title":"Endless Love","video":false,"vote_average":6.5,"vote_count":161},{"adult":false,"backdrop_path":"/nlCfq030puwR9P98gBJ4rRK7LUF.jpg","genre_ids":[18,10749],"id":22947,"original_language":"en","original_title":"Up in the Air","overview":"George Clooney plays the dry cynical character of Ryan Bingham, an executive who specializes in \"downsizing\". Ryan lives out of his suitcase, traveling the country for the sole purpose terminating unwanted employees day after day. Just as Ryan is about to reach his life-long goal of the ten million mile frequent flyer mark some major changes come his way. Changes that threaten to crack the cold heartless exterior that is Ryan Bingham.","release_date":"2009-09-05","poster_path":"/mlH82Vp7U6sKTS0Rqm4ZU61CypY.jpg","popularity":1.361939,"title":"Up in the Air","video":false,"vote_average":6.5,"vote_count":451},{"adult":false,"backdrop_path":"/6vus6Zr9KQyMx6wK8Q3fwSSZpB1.jpg","genre_ids":[14,27,35],"id":927,"original_language":"en","original_title":"Gremlins","overview":"When Billy Peltzer is given a strange but adorable pet named Gizmo for Christmas, he inadvertently breaks the three important rules of caring for a Mogwai, and unleashes a horde of mischievous gremlins on a small town.","release_date":"1984-06-07","poster_path":"/qehNFww7A9kRDbqCQNWvaQc8Y4w.jpg","popularity":2.423985,"title":"Gremlins","video":false,"vote_average":6.5,"vote_count":368},{"adult":false,"backdrop_path":"/wLRRjb0GEUCuBMx3YFksg2xyH4S.jpg","genre_ids":[28,12,53],"id":56292,"original_language":"en","original_title":"Mission: Impossible – Ghost Protocol","overview":"In the 4th installment of the Mission Impossible series, Ethan Hunt (Cruise) and his team are racing against time to track down a dangerous terrorist named Hendricks (Nyqvist), who has gained access to Russian nuclear launch codes and is planning a strike on the United States. An attempt to stop him ends in an explosion causing severe destruction to the Kremlin and the IMF to be implicated in the bombing, forcing the President to disavow them. No longer being aided by the government, Ethan and his team chase Hendricks around the globe, although they might still be too late to stop a disaster.","release_date":"2011-12-21","poster_path":"/s58mMsgIVOFfoXPtwPWJ3hDYpXf.jpg","popularity":5.241471,"title":"Mission: Impossible – Ghost Protocol","video":false,"vote_average":6.5,"vote_count":2216},{"adult":false,"backdrop_path":"/ez5WJJ9VsFvOASh0nbm8L4lkdju.jpg","genre_ids":[18],"id":75900,"original_language":"en","original_title":"My Week with Marilyn","overview":"Sir Laurence Olivier is making a movie in London. Young Colin Clark, an eager film student, wants to be involved and he navigates himself a job on the set. When film star Marilyn Monroe arrives for the start of shooting, all of London is excited to see the blonde bombshell, while Olivier is struggling to meet her many demands and acting ineptness, and Colin is intrigued by her. Colin's intrigue is met when Marilyn invites him into her inner world where she struggles with her fame, her beauty and her desire to be a great actress.","release_date":"2011-10-17","poster_path":"/exyLhOls9XyWr5Eq5F8HX0I6mPu.jpg","popularity":1.748762,"title":"My Week with Marilyn","video":false,"vote_average":6.5,"vote_count":97},{"adult":false,"backdrop_path":"/JyoJwSfcLvfLxCGHUQYlCxvU77.jpg","genre_ids":[53,28,80],"id":9654,"original_language":"en","original_title":"The Italian Job","overview":"After being betrayed and left for dead in Italy, Charlie Croker and his team plan an elaborate gold heist against their former ally.","release_date":"2003-05-30","poster_path":"/dmWki38vOAvesXMCxlMOV7hzF6K.jpg","popularity":3.058757,"title":"The Italian Job","video":false,"vote_average":6.5,"vote_count":881},{"adult":false,"backdrop_path":"/sGEzPq2p85Wgn0JbAK0MVgCpzDL.jpg","genre_ids":[35,80],"id":9535,"original_language":"en","original_title":"Analyze This","overview":"Countless wiseguy films are spoofed in this film that centers on the neuroses and angst of a powerful Mafia racketeer who suffers from panic attacks. When Paul Vitti needs help dealing with his role in the \"family,\" unlucky shrink Dr. Ben Sobel is given just days to resolve Vitti's emotional crisis and turn him into a happy, well-adjusted gangster.","release_date":"1999-03-05","poster_path":"/vmVE6jRbYegQSoxJYtVkwm0oZOY.jpg","popularity":1.873679,"title":"Analyze This","video":false,"vote_average":6.5,"vote_count":147},{"adult":false,"backdrop_path":"/iQfaHj1K3oyuoz6h4NHuRn5aU2E.jpg","genre_ids":[35,10749],"id":271718,"original_language":"en","original_title":"Trainwreck","overview":"Having thought that monogamy was never possible, a commitment-phobic career woman may have to face her fears when she meets a good guy.","release_date":"2015-07-17","poster_path":"/2USk7mhiCXRkU9NzttXCzOjg2iV.jpg","popularity":8.038022,"title":"Trainwreck","video":false,"vote_average":6.6,"vote_count":107},{"adult":false,"backdrop_path":"/7DcffG2mohMYBSfr181Pr2imIbG.jpg","genre_ids":[28,35,18,10752],"id":10015,"original_language":"en","original_title":"Heartbreak Ridge","overview":"1983. Tom Highway is a well-decorated career military man in the United States Marine Corps, he who has seen action in Korea and Vietnam. His current rank is Gunnery Sergeant. His experiences have led him to become an opinionated, no nonsense man, who is prone to bursts of violence, especially when he's drunk, if the situation does not suit him, regardless of the specifics or people involved. Because of these actions, he has spent his fair share of overnighters behind bars. Close to retirement, one of his last assignments, one he requested, is back at his old unit at Cherry Point, North Carolina, from where he was transferred for insubordination. He is to train a reconnaissance platoon. His superior officer, the much younger and combat inexperienced Major Malcolm Powers, sees Highway as a relic of an old styled military. Highway's commanding officer, Lieutenant Ring, the platoon leader...","release_date":"1986-12-15","poster_path":"/hbKkfRpjtoCYabxEmhklM6MhF7g.jpg","popularity":0.591692,"title":"Heartbreak Ridge","video":false,"vote_average":6.5,"vote_count":56},{"adult":false,"backdrop_path":"/oEkQTh7YgJObJNeblOKXVLRVSav.jpg","genre_ids":[35],"id":11977,"original_language":"en","original_title":"Caddyshack","overview":"At an exclusive country club, an ambitious young caddy, Danny Noonan, eagerly pursues a caddy scholarship in hopes of attending college and, in turn, avoiding a job at the lumber yard. In order to succeed, he must first win the favour of the elitist Judge Smails, and then the caddy golf tournament which Smails sponsors.","release_date":"1980-07-25","poster_path":"/tv6s71pj8mhHtfk6DaSxMlu9pd7.jpg","popularity":0.68926,"title":"Caddyshack","video":false,"vote_average":6.5,"vote_count":121},{"adult":false,"backdrop_path":"/1D9nuelqoHGQdV4EsVIfaSZRONT.jpg","genre_ids":[18],"id":200505,"original_language":"en","original_title":"Draft Day","overview":"At the NFL Draft, general manager Sonny Weaver has the opportunity to rebuild his team when he trades for the number one pick. He must decide what he's willing to sacrifice on a life-changing day for a few hundred young men with NFL dreams.","release_date":"2014-04-11","poster_path":"/pb5FXL6pypVQbcs3TCzp5GqyTYr.jpg","popularity":1.636155,"title":"Draft Day","video":false,"vote_average":6.5,"vote_count":137},{"adult":false,"backdrop_path":"/l0GhQUGBjNxCA1kdDWaTPgsgNxF.jpg","genre_ids":[28,12,36,27],"id":6312,"original_language":"fr","original_title":"Le Pacte des loups","overview":"In 18th century France, the Chevalier de Fronsac and his native American friend Mani are sent by the King to the Gevaudan province to investigate the killings of hundreds by a mysterious beast.","release_date":"2001-03-20","poster_path":"/1OyUsDSFayOH9LACASkuXOZqkPy.jpg","popularity":1.18877,"title":"Brotherhood of the Wolf","video":false,"vote_average":6.5,"vote_count":138},{"adult":false,"backdrop_path":"/j7r0HwdQibJYPxmStqqucqWaX7u.jpg","genre_ids":[12,16,14,10751],"id":13179,"original_language":"en","original_title":"Tinker Bell","overview":"Journey into the secret world of Pixie Hollow and hear Tinker Bell speak for the very first time as the astonishing story of Disney's most famous fairy is finally revealed in the all-new motion picture \"Tinker Bell.\"","release_date":"2008-10-27","poster_path":"/wQYXOKYLImMk79eceoqtuK9Jre8.jpg","popularity":1.205033,"title":"Tinker Bell","video":false,"vote_average":6.5,"vote_count":86},{"adult":false,"backdrop_path":"/8fYXNzpwjJIUmP6ZtxPO3zpIXJa.jpg","genre_ids":[35,14,10749],"id":7985,"original_language":"en","original_title":"Penelope","overview":"Forlorn heiress Penelope Wilhern is cursed, and the only way out is to fall in love with someone of suitable stock. But how can she find her soul mate when she's sequestered inside her family's estate with only her parents to keep her company. This untraditional fairy tale about a girl who bucks convention to create her own happy ending.","release_date":"2006-03-01","poster_path":"/f1onDDba0W85o2eIZr4vcfqI47j.jpg","popularity":1.80309,"title":"Penelope","video":false,"vote_average":6.5,"vote_count":95}],"total_pages":180,"total_results":3596}
