{"page":136,"results":[{"adult":false,"backdrop_path":"/lHZ5H1jd4zVJYr1wfLKBdXYtZ17.jpg","genre_ids":[12,28,53],"id":714,"original_language":"en","original_title":"Tomorrow Never Dies","overview":"A deranged media mogul is staging international incidents to pit the world's superpowers against each other. Now 007 must take on this evil mastermind in an adrenaline-charged battle to end his reign of terror and prevent global pandemonium.","release_date":"1997-12-11","poster_path":"/k3eI9q7ISgpDEu2CMwR2s6inJVp.jpg","popularity":2.191233,"title":"Tomorrow Never Dies","video":false,"vote_average":5.8,"vote_count":350},{"adult":false,"backdrop_path":"/9o3kf6Gv2At5gxWvGTLCI8h3UE5.jpg","genre_ids":[35,10751],"id":11870,"original_language":"en","original_title":"Big Fat Liar","overview":"Fourteen-year-old Jason Shepherd (Muniz) has a reputation for stretching the truth. So, when big-time Hollywood producer Marty Wolf (Paul Giamatti) steals his class paper and turns it into a smash movie, no one believes Jason's latest tall tale! On a cross-country adventure to set the record straight, Jason and best friend Kaylee (Bynes) devise a high-tech plan to squeeze the truth out of Wolf.","release_date":"2002-02-08","poster_path":"/zpySeXpqmMXp9Fs6Znjkjs0Nzti.jpg","popularity":1.361522,"title":"Big Fat Liar","video":false,"vote_average":5.8,"vote_count":51},{"adult":false,"backdrop_path":"/pvCL9pM86h2WWQZU1WwEGhd4AvI.jpg","genre_ids":[12,10751,14,878],"id":9872,"original_language":"en","original_title":"Explorers","overview":"The visionary dreams of three curious and adventuresome young boys become an exciting reality in Explorers, the action-fantasy from director Joe Dante, who combines keen humor, warmth and fantasy with unexpected twists. In their makeshift laboratory, the boys use an amazing discovery and their ingenuity to build their own spaceship and launch themselves on a fantastic interplanetary journey.","release_date":"1985-07-12","poster_path":"/bvvZKGyD30S4smjRVqikGe8ICFa.jpg","popularity":1.619971,"title":"Explorers","video":false,"vote_average":5.8,"vote_count":51},{"adult":false,"backdrop_path":"/5VDfdJBofpvXAMtaHTT8YFE0lru.jpg","genre_ids":[16,10751],"id":45772,"original_language":"en","original_title":"Gnomeo & Juliet","overview":"A version of Shakespeare's play, set in the world of warring indoor and outdoor gnomes. Garden gnomes Gnomeo and Juliet have as many obstacles to overcome as their quasi namesakes when they are caught up in a feud between neighbors. But with plastic pink flamingos and lawnmower races in the mix, can this young couple find lasting happiness?","release_date":"2011-01-13","poster_path":"/atCBHTqq7khw5Z1KSVXDo6ncKWF.jpg","popularity":2.233274,"title":"Gnomeo & Juliet","video":false,"vote_average":5.8,"vote_count":193},{"adult":false,"backdrop_path":"/o6XaLo1epkwxx3t1MN7KuiWwkHF.jpg","genre_ids":[35],"id":8873,"original_language":"en","original_title":"Wayne's World 2","overview":"A message from Jim Morrison in a dream prompts cable access TV stars Wayne and Garth to put on a rock concert, \"Waynestock,\" with Aerosmith as headliners. But amid the preparations, Wayne frets that a record producer is putting the moves on his girlfriend, Cassandra, while Garth handles the advances of mega-babe Honey Hornee.","release_date":"1993-12-10","poster_path":"/pBs9DuzWhqWX7vPjzB6AvAXKXzM.jpg","popularity":1.439431,"title":"Wayne's World 2","video":false,"vote_average":5.8,"vote_count":71},{"adult":false,"backdrop_path":"/o3P90r3owOlD86e27aC801rk4QI.jpg","genre_ids":[28,12,27,878],"id":35791,"original_language":"en","original_title":"Resident Evil: Afterlife","overview":"In a world ravaged by a virus infection, turning its victims into the Undead, Alice continues on her journey to find survivors and lead them to safety. Her deadly battle with the Umbrella Corporation reaches new heights, but Alice gets some unexpected help from an old friend. A new lead that promises a safe haven from the Undead takes them to Los Angeles, but when they arrive the city is overrun by thousands of Undead - and Alice and her comrades are about to step into a deadly trap.","release_date":"2010-09-10","poster_path":"/wEgqGu01JtIyxXhYrr4hsgds1uZ.jpg","popularity":1.048747,"title":"Resident Evil: Afterlife","video":false,"vote_average":5.8,"vote_count":661},{"adult":false,"backdrop_path":"/jrZbDux6c99QxpxHqnLS6W8Jffc.jpg","genre_ids":[28,16,878,53],"id":2791,"original_language":"en","original_title":"The Chronicles of Riddick: Dark Fury","overview":"After their narrow escape at the end of \"Pitch Black,\"  Riddick, Jack and the Imam find themselves at the mercy of a madwoman who intends to entomb Riddick forever as part of a twisted art exhibit.  With little but a shiv and Riddick's innate viciousness to aid them, Riddick and his allies must find a way to escape from their captor and her band of mercenaries.","release_date":"2004-06-15","poster_path":"/ewqSDOOyjyODmyuVuxHmKGYKZR9.jpg","popularity":1.060679,"title":"The Chronicles of Riddick: Dark Fury","video":false,"vote_average":5.8,"vote_count":98},{"adult":false,"backdrop_path":"/pToJnYKV3llPG6U9AWcgHZaEjDo.jpg","genre_ids":[27,53],"id":134597,"original_language":"en","original_title":"The Collection","overview":"Arkin escapes with his life from the vicious grips of \"The Collector\" during an entrapment party where he adds beautiful Elena to his \"Collection.\" Instead of recovering from the trauma, Arkin is suddenly abducted from the hospital by mercenaries hired by Elena's wealthy father. Arkin is blackmailed to team up with the mercenaries and track down The Collector's booby trapped warehouse and save Elena.","release_date":"2012-09-21","poster_path":"/3YyPWbxkOVRXNEukz03qcW2hXjW.jpg","popularity":2.193513,"title":"The Collection","video":false,"vote_average":5.8,"vote_count":98},{"adult":false,"backdrop_path":"/cfoMONErxEBSnWtRZUprBYZLkGk.jpg","genre_ids":[12,878,10751],"id":6795,"original_language":"en","original_title":"Zathura: A Space Adventure","overview":"After their father (Tim Robbins) is called into work, two young boys, Walter (Josh Hutcherson) and Danny (Jonah Bobo), are left in the care of their teenage sister, Lisa (Kristen Stewart), and told they must stay inside. Walter and Danny, who anticipate a boring day, are shocked when they begin playing Zathura, a space-themed board game, which they realize has mystical powers when their house is shot into space. With the help of an astronaut (Dax Shepard), the boys attempt to return home.","release_date":"2005-11-06","poster_path":"/amqgIuISRBt8tsZM6cTT6gO9WLR.jpg","popularity":0.70115,"title":"Zathura: A Space Adventure","video":false,"vote_average":5.8,"vote_count":178},{"adult":false,"backdrop_path":"/abWPr2srhvUZRzoAo54BNbfMRjs.jpg","genre_ids":[35],"id":252607,"original_language":"fr","original_title":"Fiston","overview":null,"release_date":"2014-03-12","poster_path":"/8wbxCF4B1ftmKEX3V7sJxxe3n1A.jpg","popularity":1.134919,"title":"Fiston","video":false,"vote_average":5.8,"vote_count":80},{"adult":false,"backdrop_path":"/1nPbFoDf5gXJHoCi1EQM21YukLB.jpg","genre_ids":[28,53],"id":3512,"original_language":"en","original_title":"Under Siege 2 - Dark Territory","overview":"Under Siege 2: Dark Territory is a 1995 American action film set on board a train traveling through the Rocky Mountains from Denver to Los Angeles. Directed by Geoff Murphy, it stars Steven Seagal as the ex-Navy SEAL, Casey Ryback and is the sequel to the 1992 film Under Siege also starring Seagal. The film was produced by Seagal along with Arnon Milchan and Steve Perry. The film's cast was made up of cameos and supporting roles by Everett McGill, Peter Greene, Kurtwood Smith and a then-unknown Katherine Heigl along with Nick Mancuso, Andy Romano, and Dale Dye, who were the only other cast members besides Seagal to reprise their roles from the first film. The sequel revolves around Casey Ryback who hops on a Colorado to LA train to start a vacation with his niece. Early into the trip, terrorists board the train and use it as a mobile HQ to hijack a top secret destructive US satellite. While not trained how to deal with a teenager, he soon encounters a situation he is trained for.","release_date":"1995-07-13","poster_path":"/6Z1p71nkm45cYuIZWOx5JSCYc0o.jpg","popularity":1.917468,"title":"Under Siege 2 - Dark Territory","video":false,"vote_average":5.8,"vote_count":50},{"adult":false,"backdrop_path":"/ghuxj8NDaJ1tpxC6pCaFPz4LWZi.jpg","genre_ids":[16,35,10751,878],"id":9928,"original_language":"en","original_title":"Robots","overview":"Rodney Copperbottom is a young robot inventor who dreams of making the world a better place … until the evil Ratchet takes over Big Weld Industries. Now, Rodney's dreams -- like those of his friends, including motor-mouthed Fender -- are in danger of becoming obsolete.","release_date":"2005-03-11","poster_path":"/12n6dEayPtv7CqgbeSkznFQSKzh.jpg","popularity":2.603516,"title":"Robots","video":false,"vote_average":5.8,"vote_count":440},{"adult":false,"backdrop_path":"/yKATxJtGY67cXdOmlbWwW6EgPqn.jpg","genre_ids":[27,53,80],"id":663,"original_language":"en","original_title":"Saw IV","overview":"Jigsaw and his apprentice Amanda are dead. Now, upon the news of Detective Kerry's murder, two seasoned FBI profilers, Agent Strahm and Agent Perez, arrive in the terrified community to assist the veteran Detective Hoffman in sifting through Jigsaw's latest grisly remains and piecing together the puzzle. However, when SWAT Commander Rigg is abducted and thrust into a game, the last officer untouched by Jigsaw has but ninety minutes to overcome a series of demented traps and save an old friend...or face the deadly consequences.","release_date":"2007-10-25","poster_path":"/veApHw5ARGHWf3ptKf30rOGFY9n.jpg","popularity":2.060827,"title":"Saw IV","video":false,"vote_average":5.8,"vote_count":249},{"adult":false,"backdrop_path":"/fBzNahBViD372cX8ptg2e4COCOp.jpg","genre_ids":[878,53],"id":174675,"original_language":"en","original_title":"The Machine","overview":"Already deep into a second Cold War, Britain’s Ministry of Defense seeks a game-changing weapon. Programmer Vincent McCarthy unwittingly provides an answer in The Machine, a super-strong human cyborg. When a programming bug causes the prototype to decimate his lab, McCarthy takes his obsessive efforts underground, far away from inquisitive eyes.","release_date":"2013-04-25","poster_path":"/smbzmGrpVNiZWyHHazrCDihjloV.jpg","popularity":2.082647,"title":"The Machine","video":false,"vote_average":5.8,"vote_count":129},{"adult":false,"backdrop_path":"/cxiwBBPdBAFV1SbMCRt7CMgLhLi.jpg","genre_ids":[28,12,80,53],"id":82,"original_language":"en","original_title":"Miami Vice","overview":"Miami Vice is a feature film based on the 1980's action drama TV series. The film tells the story of vice detectives Crockett and Tubbs and how their personal and professional lives are dangerously getting mixed.","release_date":"2006-07-27","poster_path":"/3BsNsigWcET4tKLZZhJegw7eOjF.jpg","popularity":1.16174,"title":"Miami Vice","video":false,"vote_average":5.8,"vote_count":155},{"adult":false,"backdrop_path":"/r4gHoGDrgUkIhEJj5PrC19JJanb.jpg","genre_ids":[35,10749],"id":9293,"original_language":"en","original_title":"John Tucker Must Die","overview":"After discovering they are all dating the same same guy, three popular students from different cliques band together for revenge, so they enlist the help of a new gal in town and conspire to break the jerk's heart, while destroying his reputation.","release_date":"2006-07-27","poster_path":"/7sIw8ZC9G9VeECJsk61PFmGq24B.jpg","popularity":2.364023,"title":"John Tucker Must Die","video":false,"vote_average":5.8,"vote_count":92},{"adult":false,"backdrop_path":"/6x2WjNkHTOPuRs7bKbtYjk8qsG8.jpg","genre_ids":[53,27],"id":97051,"original_language":"en","original_title":"Would You Rather","overview":"Desperate to help her ailing brother, a young woman agrees to compete in a deadly game of \"Would You Rather,\" hosted by a sadistic aristocrat.","release_date":"2012-10-14","poster_path":"/yOAU7HHVw4RrDGK97i6ll46JVfj.jpg","popularity":1.978422,"title":"Would You Rather","video":false,"vote_average":5.8,"vote_count":89},{"adult":false,"backdrop_path":"/3gZ2iiqCqwVg7sKm2KUspzxfelQ.jpg","genre_ids":[12],"id":8247,"original_language":"en","original_title":"Jumper","overview":"A genetic anomaly allows a young man to teleport himself anywhere. He discovers this gift has existed for centuries and finds himself in a war that has been raging for thousands of years between \"Jumpers\" and those who have sworn to kill them.","release_date":"2008-02-10","poster_path":"/yLZAiPrLjXeMSFQE25Qc2ZETI7Y.jpg","popularity":1.638686,"title":"Jumper","video":false,"vote_average":5.8,"vote_count":640},{"adult":false,"backdrop_path":"/rFxoz5577jcnsNDDvH4Hceo05Qw.jpg","genre_ids":[16],"id":10898,"original_language":"en","original_title":"The Little Mermaid II: Return to the Sea","overview":"Set several years after the first film, Ariel and Prince Eric are happily married with a daughter, Melody. In order to protect Melody from the Sea Witch, Morgana, they have not told her about her mermaid heritage. Melody is curious and ventures into the sea, where she meets new friends. But will she become a pawn in Morgana's quest to take control of the ocean from King Triton?","release_date":"2000-08-30","poster_path":"/bjqp9REebK6Iwu2dOBWEAs8J7nm.jpg","popularity":1.140717,"title":"The Little Mermaid II: Return to the Sea","video":false,"vote_average":5.8,"vote_count":91},{"adult":false,"backdrop_path":"/d9Qqu2gOnCyf5J6p2ybUyICNGXX.jpg","genre_ids":[35,10749],"id":10033,"original_language":"en","original_title":"Just Friends","overview":"While visiting his hometown during Christmas, a man comes face-to-face with his old high school crush whom he was best friends with -- a woman whose rejection of him turned him into a ferocious womanizer.","release_date":"2005-11-23","poster_path":"/cyih5NtdEXF0uSGWJFWgiIEQknb.jpg","popularity":1.772199,"title":"Just Friends","video":false,"vote_average":5.8,"vote_count":129}],"total_pages":180,"total_results":3596}
