{"page":100,"results":[{"adult":false,"backdrop_path":"/za30AJdQcGWbc7pKhXcgGJFsgtw.jpg","genre_ids":[18,35,10749],"id":6076,"original_language":"de","original_title":"Keinohrhasen","overview":"Rainbow press reporter Ludo is sentenced to 8 months, but is released on probation. But he has to work 300 hours for a local daycare center and meets Anna who has unfinished business with him.","release_date":"2007-12-01","poster_path":"/1qzvHhchDZowUGa7G5niEB1a5FS.jpg","popularity":1.934183,"title":"Rabbit Without Ears","video":false,"vote_average":6.2,"vote_count":52},{"adult":false,"backdrop_path":"/4yptKoORGkkywMz82b6No2AGvzh.jpg","genre_ids":[12,35],"id":9671,"original_language":"en","original_title":"Crocodile Dundee","overview":"When a New York reporter plucks crocodile hunter Dundee from the Australian Outback for a visit to the Big Apple, it's a clash of cultures and a recipe for good-natured comedy as naïve Dundee negotiates the concrete jungle. Dundee proves that his instincts are quite useful in the city and adeptly handles everything from wily muggers to high-society snoots without breaking a sweat.","release_date":"1986-09-26","poster_path":"/uQyFHP0BBQcOVAbfpmiTnj5rKDm.jpg","popularity":2.120701,"title":"Crocodile Dundee","video":false,"vote_average":6.2,"vote_count":117},{"adult":false,"backdrop_path":"/h64zNCm5SrY45c7Z6gxy9tC0xb.jpg","genre_ids":[35,10749,18],"id":634,"original_language":"en","original_title":"Bridget Jones's Diary","overview":"Bridget Jones’s Diary is a romantic love story comedy from the best selling novel of the same name by Helen Fielding. A chaotic Jones meets a snobbish lawer named Marc and soon he enters into her world of imperfections.","release_date":"2001-04-04","poster_path":"/bSr5bdlAumfBWCibvMLvhvMEkkB.jpg","popularity":2.551156,"title":"Bridget Jones's Diary","video":false,"vote_average":6.2,"vote_count":326},{"adult":false,"backdrop_path":"/zEHZLuo6ZJAHuQosrLpALUelvh5.jpg","genre_ids":[18],"id":12184,"original_language":"en","original_title":"The Other Boleyn Girl","overview":"A sumptuous and sensual tale of intrigue, romance and betrayal set against the backdrop of a defining moment in European history: two beautiful sisters, Anne and Mary Boleyn, driven by their family's blind ambition, compete for the love of the handsome and passionate King Henry VIII.","release_date":"2008-02-28","poster_path":"/s0hrzj5GzGdvvqdyoKwt44eiZHd.jpg","popularity":2.036175,"title":"The Other Boleyn Girl","video":false,"vote_average":6.2,"vote_count":111},{"adult":false,"backdrop_path":"/6M8RO4oNd7GU73e5k3CI0DZNo3o.jpg","genre_ids":[28,12,35,80,53],"id":942,"original_language":"en","original_title":"Lethal Weapon 2","overview":"In the opening chase, Martin Riggs and Roger Murtaugh stumble across a trunk full of Krugerrands. They follow the trail to a South African diplomat who's using his immunity to conceal a smuggling operation. When he plants a bomb under Murtaugh's toilet, the action explodes!","release_date":"1989-07-06","poster_path":"/qEYSpENiOoltib1vtFXifGbdNbU.jpg","popularity":1.95216,"title":"Lethal Weapon 2","video":false,"vote_average":6.2,"vote_count":342},{"adult":false,"backdrop_path":"/u7QsZ2ixSxXFpHIei7eURO4ksrp.jpg","genre_ids":[12,16,80,14],"id":11135,"original_language":"en","original_title":"The Rescuers Down Under","overview":"A lawless poacher wants to capture a majestic and rare golden eagle, so he kidnaps the boy who knows where to find the bird. Not to worry -- the Rescue Aid Society's top agents, heroic mice Miss Bianca and Bernard, fly to Australia to save the day. Accompanying the fearless duo are bumbling albatross Wilbur and llocal field operative Jake the Kangaroo Rat.","release_date":"1990-11-16","poster_path":"/vweXLAZP6E55EaMeedndhBdXQGu.jpg","popularity":0.811189,"title":"The Rescuers Down Under","video":false,"vote_average":6.2,"vote_count":78},{"adult":false,"backdrop_path":"/89udmMtxl8AuQHYoFdSgB5e6xYs.jpg","genre_ids":[12,35,18],"id":13532,"original_language":"en","original_title":"Fanboys","overview":"Star Wars fanatics take a cross-country trip to George Lucas' Skywalker Ranch so their dying friend can see a screening of Star Wars: Episode I - The Phantom Menace (1999) before its release.","release_date":"2009-02-06","poster_path":"/ywI92p2x7D96nuEayGVOMll35SF.jpg","popularity":0.915216,"title":"Fanboys","video":false,"vote_average":6.2,"vote_count":129},{"adult":false,"backdrop_path":"/iosYFI66bhoB5uC27qvIejrEvJu.jpg","genre_ids":[12],"id":2924,"original_language":"en","original_title":"Backdraft","overview":"They say a blast of flames can take a life ... and hide a secret. But now firemen brothers Brian and Stephen McCaffrey are battling each other over past slights while trying to stop an arsonist with a diabolical agenda from torching Chicago.","release_date":"1991-05-24","poster_path":"/3E2puQrspfkGC6XuxGdB9ghXPtY.jpg","popularity":0.948496,"title":"Backdraft","video":false,"vote_average":6.2,"vote_count":108},{"adult":false,"backdrop_path":"/6sIvoRBrX6YqCFquQ6sKMUQN9qX.jpg","genre_ids":[27],"id":109428,"original_language":"en","original_title":"Evil Dead","overview":"Evil Dead, the fourth installment of the Evil Dead franchise, serving as both a reboot and as a loose continuation of the series, features Mia, a young woman struggling with sobriety, heads to a remote cabin with a group of friends where the discovery of a Book of the Dead unwittingly summon up dormant demons which possess the youngsters one by one.","release_date":"2013-04-05","poster_path":"/3m2YYPmPSIFtAEQyU6mto67SpG5.jpg","popularity":1.299319,"title":"Evil Dead","video":false,"vote_average":6.2,"vote_count":965},{"adult":false,"backdrop_path":"/4SBMpt49oW0GV5Jnqev7nUmUFZV.jpg","genre_ids":[35,18,10749],"id":15037,"original_language":"en","original_title":"Can't Hardly Wait","overview":"It's graduation day at Huntington Hills High, and you know what that means - time to party. And not just any party, either. This one will be a night to remember, as the nerds become studs, the jocks are humiliated, and freshman crushes blossom into grown-up romance.","release_date":"1998-06-12","poster_path":"/4lNoWkbuqJFZC19geEpnEbGBxNU.jpg","popularity":1.401465,"title":"Can't Hardly Wait","video":false,"vote_average":6.2,"vote_count":51},{"adult":false,"backdrop_path":"/wPEzyUcUDGPx7r8f43loEUYGY85.jpg","genre_ids":[28,18,37],"id":4929,"original_language":"en","original_title":"Hang 'em High","overview":"Marshall Jed Cooper survives a hanging, vowing revenge on the lynch mob that left him dangling. To carry out his oath for vengeance, he returns to his former job as a lawman. Before long, he's caught up with the nine men on his hit list and starts dispensing his own brand of Wild West justice.","release_date":"1968-07-31","poster_path":"/c8XkhG7kezmnBNUybslQTS2z6B5.jpg","popularity":2.493614,"title":"Hang 'em High","video":false,"vote_average":6.2,"vote_count":51},{"adult":false,"backdrop_path":"/aneVpr70Uxoo6Nk2QpZnG6DwC9E.jpg","genre_ids":[12,28,53],"id":710,"original_language":"en","original_title":"GoldenEye","overview":"James Bond must unmask the mysterious head of the Janus Syndicate and prevent the leader from utilizing the GoldenEye weapons system to inflict devastating revenge on Britain.","release_date":"1995-11-16","poster_path":"/5c0ovjT41KnYIHYuF4AWsTe3sKh.jpg","popularity":3.416854,"title":"GoldenEye","video":false,"vote_average":6.2,"vote_count":476},{"adult":false,"backdrop_path":"/lptL0NT1XHMTxbedSPLSuf0b66r.jpg","genre_ids":[18,14,878,53],"id":198287,"original_language":"en","original_title":"The Philosophers","overview":"At an international school in Jakarta, a philosophy teacher challenges his class of twenty graduating seniors to choose which ten of them would take shelter underground and reboot the human race in the event of a nuclear apocalypse.","release_date":"2014-02-07","poster_path":"/eVChSWb5FJC9tZRfVmEAavhQMLo.jpg","popularity":2.149371,"title":"After the Dark","video":false,"vote_average":6.2,"vote_count":96},{"adult":false,"backdrop_path":"/bXKYOyUH3v6KTRiwWhVhd6sqXcM.jpg","genre_ids":[18,35,80],"id":10147,"original_language":"en","original_title":"Bad Santa","overview":"A miserable conman and his partner pose as Santa and his Little Helper to rob department stores on Christmas Eve. But they run into problems when the conman befriends a troubled kid, and the security boss discovers the plot.","release_date":"2003-11-25","poster_path":"/103KNOz11U4iojwW6F1rOKKZIDp.jpg","popularity":1.750563,"title":"Bad Santa","video":false,"vote_average":6.2,"vote_count":190},{"adult":false,"backdrop_path":"/Pbl2qhL8wnagw0xUiTgVm5QUj4.jpg","genre_ids":[27,28,35],"id":241842,"original_language":"no","original_title":"Død Snø 2","overview":"The gruesome Nazi Zombies are back to finish their mission, but our hero is not willing to die. He is gathering his own army to give them a final fight.","release_date":"2014-02-12","poster_path":"/dLd6A24aHTTBZo8R7OAFzthr6h2.jpg","popularity":1.908148,"title":"Dead Snow 2: Red vs. Dead","video":false,"vote_average":6.2,"vote_count":62},{"adult":false,"backdrop_path":"/p2frIQykQPj3dXSYVOca60RQj9X.jpg","genre_ids":[28,12,14],"id":558,"original_language":"en","original_title":"Spider-Man 2","overview":"Peter Parker is going through a major identity crisis. Burned out from being Spider-Man, he decides to shelve his superhero alter ego, which leaves the city suffering in the wake of carnage left by the evil Doc Ock. In the meantime, Parker still can't act on his feelings for Mary Jane Watson, a girl he's loved since childhood.","release_date":"2004-06-29","poster_path":"/qtBFrsEQ4oXW8sKvRxkKnYuPLg.jpg","popularity":0.770389,"title":"Spider-Man 2","video":false,"vote_average":6.2,"vote_count":1715},{"adult":false,"backdrop_path":"/hxGSxNREU4xbA1kfiJRvnPPoL29.jpg","genre_ids":[10749,12,28,36],"id":38543,"original_language":"ru","original_title":"Ironclad","overview":"In the year 1215, the rebel barons of England have forced their despised King John to put his royal seal on the Magna Carta, a seminal document that upheld the rights of free men. Yet within months of pledging himself to the great charter, the King reneged on his word and assembled a mercenary army on the south coast of England with the intention of bringing the barons and the country back under his tyrannical rule. Barring his way stood the mighty Rochester castle, a place that would become the symbol of the rebel's momentous struggle for justice and freedom.","release_date":"2011-03-03","poster_path":"/vgRPlYHiottQpDav3nfw9Q1zAJJ.jpg","popularity":1.98436,"title":"Ironclad","video":false,"vote_average":6.2,"vote_count":90},{"adult":false,"backdrop_path":"/dAXDNDz1RuN3GjEFMnPVIAhmDP.jpg","genre_ids":[18],"id":236751,"original_language":"en","original_title":"Heaven Is for Real","overview":"Heaven Is for Real is the true story of the 4-year old son of a small-town Nebraska pastor who, during emergency surgery, slips from consciousness and enters heaven. When he awakes, he recounts his experiences on the other side.","release_date":"2014-04-16","poster_path":"/70CMoPOVPRzBmZiW0DXSU8Yvukt.jpg","popularity":1.57974,"title":"Heaven Is for Real","video":false,"vote_average":6.2,"vote_count":118},{"adult":false,"backdrop_path":"/zNiujebroDoOuywLdhzDDdFBEDl.jpg","genre_ids":[28,18,9648,53],"id":8834,"original_language":"en","original_title":"Conspiracy Theory","overview":"A man obsessed with conspiracy theories becomes a target after one of his theories turns out to be true. Unfortunately, in order to save himself, he has to figure out which theory it is.","release_date":"1997-08-07","poster_path":"/pJi8zosVnrIyfZDDsLmrNvX84QG.jpg","popularity":2.288459,"title":"Conspiracy Theory","video":false,"vote_average":6.2,"vote_count":146},{"adult":false,"backdrop_path":"/vcUu3EOu5oz5hCGmJ94DFlIqhPY.jpg","genre_ids":[35,14,10749],"id":37725,"original_language":"en","original_title":"It's a Boy Girl Thing","overview":"A visit to a natural history museum proves catastrophic for two high school rivals, an overachiever and a jock, when an ancient Aztec statue casts a spell that causes them to switch bodies and see exactly what it's like to walk in the other's shoes.","release_date":"2006-12-26","poster_path":"/ruVEbQ8fbErGRitnB8yU1h1wTpd.jpg","popularity":1.523974,"title":"It's a Boy Girl Thing","video":false,"vote_average":6.2,"vote_count":58}],"total_pages":180,"total_results":3596}
