{"page":45,"results":[{"adult":false,"backdrop_path":"/lCSjseei1M2vqmuzxadJUiL8x5D.jpg","genre_ids":[35,18],"id":594,"original_language":"en","original_title":"The Terminal","overview":"Viktor Navorski is a man without a country; his plane took off just as a coup d'etat exploded in his homeland, leaving it in shambles, and now he's stranded at Kennedy Airport, where he's holding a passport that nobody recognizes. While quarantined in the transit lounge until authorities can figure out what to do with him, Viktor simply goes on living -- and courts romance with a beautiful flight attendant.","release_date":"2004-06-17","poster_path":"/f4Dup6awDfDqAHKgWqNJ2HFw1qN.jpg","popularity":3.236498,"title":"The Terminal","video":false,"vote_average":6.9,"vote_count":646},{"adult":false,"backdrop_path":"/3XNpANIIv8O49oTD31suUdhINHH.jpg","genre_ids":[28,12,18],"id":58857,"original_language":"ja","original_title":"Jûsan-nin no shikaku","overview":"Cult director Takeshi Miike delivers a bravado period action film set at the end of Japan's feudal era in which a group of unemployed samurai are enlisted to bring down a sadistic lord and prevent him from ascending to the throne and plunging the country into a war-torn future.","release_date":"2010-09-09","poster_path":"/7Vr1c98X9JaKW6K95Xm6KBqiqDg.jpg","popularity":0.891618,"title":"13 Assassins","video":false,"vote_average":6.9,"vote_count":99},{"adult":false,"backdrop_path":"/mJkhUOqFSYPtugNS8dfRpu0RyCY.jpg","genre_ids":[35,80,18],"id":37495,"original_language":"en","original_title":"Four Lions","overview":"Four Lions tells the story of a group of British jihadists who push their abstract dreams of glory to the breaking point. As the wheels fly off, and their competing ideologies clash, what emerges is an emotionally engaging (and entirely plausible) farce. In a storm of razor-sharp verbal jousting and large-scale set pieces, Four Lions is a comic tour de force; it shows that-while terrorism is about ideology-it can also be about idiots.","release_date":"2010-05-07","poster_path":"/xp500JNCanNW2F2Flw6jLp56M5g.jpg","popularity":0.801197,"title":"Four Lions","video":false,"vote_average":6.9,"vote_count":131},{"adult":false,"backdrop_path":"/dpGGeiTPDzqrcbK7h8if2YHHBXN.jpg","genre_ids":[18,80],"id":168672,"original_language":"en","original_title":"American Hustle","overview":"A con man, Irving Rosenfeld, along with his seductive partner Sydney Prosser, is forced to work for a wild FBI agent, Richie DiMaso, who pushes them into a world of Jersey powerbrokers and mafia.","release_date":"2013-12-20","poster_path":"/mhB7C62lSMpGO2HYNaW6d7W3TVH.jpg","popularity":4.04116,"title":"American Hustle","video":false,"vote_average":6.9,"vote_count":1138},{"adult":false,"backdrop_path":"/qVjKZMB0IdOc2JlwiiGsuKTvTJs.jpg","genre_ids":[18],"id":22881,"original_language":"en","original_title":"The Blind Side","overview":"Oversized African American Michael Oher, the teen from across the tracks and a broken home, has nowhere to sleep at age 16. Taken in by an affluent Memphis couple, Leigh Anne and Sean, Michael embarks on a remarkable rise to play for the NFL.","release_date":"2009-11-20","poster_path":"/wEGFSgPebLk6g1ngKsJ6a46PYLV.jpg","popularity":2.408278,"title":"The Blind Side","video":false,"vote_average":6.9,"vote_count":723},{"adult":false,"backdrop_path":"/5VzeN1imymqZu6YAO9bNYdJ9Gde.jpg","genre_ids":[28,18],"id":307081,"original_language":"en","original_title":"Southpaw","overview":"A boxer fights his way to the top, only to find his life falling apart around him.","release_date":"2015-07-24","poster_path":"/dGdjtWfs2vQ7k4Lngotb21qQWK5.jpg","popularity":8.292542,"title":"Southpaw","video":false,"vote_average":6.9,"vote_count":79},{"adult":false,"backdrop_path":"/t9svFw203MlNfgWb62HEHsrUxTt.jpg","genre_ids":[12,16,10751],"id":12144,"original_language":"en","original_title":"The Land Before Time","overview":"An orphaned brontosaurus named Littlefoot sets off in search of the legendary Great Valley. A land of lush vegetation where the dinosaurs can thrive and live in peace. Along the way he meets four other young dinosaurs, each onea different species, and they encounter several obstacles as they learn to worktogether in order to survive.","release_date":"1988-11-17","poster_path":"/8YMjnTP9tL5Xj8eOfXii8bsikDM.jpg","popularity":1.123816,"title":"The Land Before Time","video":false,"vote_average":6.9,"vote_count":157},{"adult":false,"backdrop_path":"/4NljLiqgOKHPg3QKUgWTyr8QVau.jpg","genre_ids":[27,9648],"id":8329,"original_language":"es","original_title":"[REC]","overview":"A television reporter and cameraman follow emergency workers into a dark apartment building and are quickly locked inside with something terrifying.","release_date":"2007-11-23","poster_path":"/fw9UEsKSzWazlW1XIm71jOlMUyZ.jpg","popularity":2.702134,"title":"[REC]","video":false,"vote_average":6.9,"vote_count":290},{"adult":false,"backdrop_path":"/2IbajWDoPV6cjBjXhMpDvMsG4jZ.jpg","genre_ids":[18],"id":8489,"original_language":"en","original_title":"Ali","overview":"In 1964, a brash new pro boxer, fresh from his olympic gold medal victory, explodes on to the scene: Cassius Clay. Bold and outspoken, he cuts an entirely new image for African American's in sport with his proud public self confidence and his unapologetic belief that he is the greatest boxer of all time. Yet at the top of his game, both Ali's personal and professional lives face the ultimate test.","release_date":"2001-12-11","poster_path":"/gCGoMZXGdU7DY8xgKYle6dJGksT.jpg","popularity":1.863321,"title":"Ali","video":false,"vote_average":6.9,"vote_count":129},{"adult":false,"backdrop_path":"/obBsMjC9dkDeoYsLxHURikW87UZ.jpg","genre_ids":[16,10751],"id":14836,"original_language":"en","original_title":"Coraline","overview":"When Coraline moves to an old house, she feels bored and neglected by her parents. She finds a hidden door with a bricked up passage. During the night, she crosses the passage and finds a parallel world where everybody has buttons instead of eyes, with caring parents and all her dreams coming true. When the Other Mother invites Coraline to stay in her world forever, the girl refuses and finds that the alternate reality where she is trapped is only a trick to lure her.","release_date":"2009-02-05","poster_path":"/1E9DfFpaGOjXNLn7HOGMH52UkLL.jpg","popularity":2.628638,"title":"Coraline","video":false,"vote_average":6.9,"vote_count":379},{"adult":false,"backdrop_path":"/43fnzmOMO5zOUFH3EzyuwSh87IS.jpg","genre_ids":[18],"id":45317,"original_language":"en","original_title":"The Fighter","overview":"The Fighter, is a drama about boxer \"Irish\" Micky Ward's unlikely road to the world light welterweight title. His Rocky-like rise was shepherded by half-brother Dicky, a boxer-turned-trainer who rebounded in life after nearly being KO'd by drugs and crime.","release_date":"2010-12-17","poster_path":"/f81GIoNQJQX92YCaTs8wjbT0h7b.jpg","popularity":2.042694,"title":"The Fighter","video":false,"vote_average":6.9,"vote_count":659},{"adult":false,"backdrop_path":"/hzlvvttpWUMCVrux7n4TAGBMlQ5.jpg","genre_ids":[35,18],"id":18947,"original_language":"en","original_title":"The Boat That Rocked","overview":"The Boat that Rocked is an ensemble comedy, where the romance is between the young people of the 60s, and pop music. It's about a band of DJs that captivate Britain, playing the music that defines a generation and standing up to a government that, incomprehensibly, prefers jazz.","release_date":"2009-04-01","poster_path":"/9yPSnwksl3vcTISI3Jn4zpVSMRA.jpg","popularity":0.898929,"title":"The Boat That Rocked","video":false,"vote_average":6.9,"vote_count":210},{"adult":false,"backdrop_path":"/zq1jEtJCszbQPFMt65QEsjIRTft.jpg","genre_ids":[35,80],"id":138832,"original_language":"en","original_title":"We're the Millers","overview":"A veteran pot dealer creates a fake family as part of his plan to move a huge shipment of weed into the U.S. from Mexico.","release_date":"2013-08-07","poster_path":"/4Ujmqx7BTaRLBHVmeTe7aj6qSsA.jpg","popularity":4.486744,"title":"We're the Millers","video":false,"vote_average":6.9,"vote_count":1155},{"adult":false,"backdrop_path":"/nO0GtGFQmEuuOyAQVpHjJlWBU8O.jpg","genre_ids":[18,28,10752,36],"id":616,"original_language":"en","original_title":"The Last Samurai","overview":"Nathan Algren is an American hired to instruct the Japanese army in the ways of modern warfare -- in this lush epic set in the 1870s, which finds Algren learning to respect the samurai and the honorable principles that rule them. Pressed to destroy the samurai's way of life in the name of modernization and open trade, Algren decides to become an ultimate warrior himself and to fight for their right to exist.","release_date":"2003-12-05","poster_path":"/sLv5pXysIz7QbtKFJy85d5yxv2W.jpg","popularity":3.209482,"title":"The Last Samurai","video":false,"vote_average":6.9,"vote_count":647},{"adult":false,"backdrop_path":"/n7f6SnsVbrsmEKhzyjVZibQ7Iq.jpg","genre_ids":[18],"id":46705,"original_language":"en","original_title":"Blue Valentine","overview":"The film centers on a contemporary married couple, charting their evolution over a span of years by cross-cutting between time periods.","release_date":"2010-12-27","poster_path":"/r8l15gDSQMupjKXEyXkOMkRpcsn.jpg","popularity":2.429402,"title":"Blue Valentine","video":false,"vote_average":6.9,"vote_count":228},{"adult":false,"backdrop_path":"/pyYPPKCjIPlEjUpxIziXiTjT479.jpg","genre_ids":[35,18],"id":1621,"original_language":"en","original_title":"Trading Places","overview":"A snobbish investor and a wily street con-artist find their positions reversed as part of a bet by two callous millionaires.","release_date":"1983-06-07","poster_path":"/6HS7QG5aR0tZ9JHORs7DMtyqCDr.jpg","popularity":2.034728,"title":"Trading Places","video":false,"vote_average":6.9,"vote_count":148},{"adult":false,"backdrop_path":"/pdoGzYKhh2IzP6H92XTLtlm6pyE.jpg","genre_ids":[18],"id":713,"original_language":"en","original_title":"The Piano","overview":"After a long voyage from Scotland, pianist Ada McGrath (Holly Hunter) and her young daughter, Flora (Anna Paquin), are left with all their belongings, including a piano, on a New Zealand beach. Ada, who has been mute since childhood, has been sold into marriage to a local man named Alisdair Stewart (Sam Neill). Making little attempt to warm up to Alisdair, Ada soon becomes intrigued by his Maori-friendly acquaintance, George Baines (Harvey Keitel), leading to tense, life-altering conflicts.","release_date":"1993-05-19","poster_path":"/5WxnGUZLleNyWFGaXvP6NFglpmV.jpg","popularity":1.586135,"title":"The Piano","video":false,"vote_average":6.9,"vote_count":57},{"adult":false,"backdrop_path":"/d5K3tXg22EONfYq4NodtjpOB8cO.jpg","genre_ids":[10749,35,18,14],"id":11227,"original_language":"en","original_title":"Angel-A","overview":"A beautiful and mysterious woman helps an inept scam artist get his game together...but is their meeting purely coincidence?","release_date":"2005-12-21","poster_path":"/cg8gROyYB09TwRDgAizpRRdlgGG.jpg","popularity":1.994525,"title":"Angel-A","video":false,"vote_average":6.9,"vote_count":57},{"adult":false,"backdrop_path":"/Aczojyb0VFBNpFrxARqeCtdd2gA.jpg","genre_ids":[12,16,35,10751,14],"id":11688,"original_language":"en","original_title":"The Emperor's New Groove","overview":"Kuzco is a self-centered emperor who summons Pacha from a village and to tell him that his home will be destroyed to make room for Kuzco's new summer home. Kuzco's advisor, Yzma, tries to poison Kuzco and accidentally turns him into a llama, who accidentally ends up in Pacha's village. Pacha offers to help Kuzco if he doesn't destroy his house, and so they form an unlikely partnership.","release_date":"2000-12-09","poster_path":"/w1oA9OEWjDzLbJPo575Eor9HoK5.jpg","popularity":2.924008,"title":"The Emperor's New Groove","video":false,"vote_average":6.9,"vote_count":426},{"adult":false,"backdrop_path":"/9chIFrNEp03mJTFQWFCcx6yeVtE.jpg","genre_ids":[80,18],"id":1429,"original_language":"en","original_title":"25th Hour","overview":"The filmed adaptation from the David Benioff's novel of the same name. Set in New York, a convicted drug dealer named Monty has one day left of freedom before he is sent to prison. Anger, blame, frustration, betrayal, guilt and loneliness are themes on this last day of friends, family, parties, saying goodbye, and setting things straight. A Spike Lee joint.","release_date":"2002-12-16","poster_path":"/hf3KpQ13Z8HS0ZodzooMiR8PBqD.jpg","popularity":2.454561,"title":"25th Hour","video":false,"vote_average":6.9,"vote_count":170}],"total_pages":180,"total_results":3596}
