{"page":51,"results":[{"adult":false,"backdrop_path":"/1fk2xS5hRkblBuag5JXZkmE8pg6.jpg","genre_ids":[53,80,9648,18],"id":65754,"original_language":"en","original_title":"The Girl with the Dragon Tattoo","overview":"This English-language adaptation of the Swedish novel by Stieg Larsson follows a disgraced journalist, Mikael Blomkvist, as he investigates the disappearance of a weary patriarch's niece from 40 years ago. He is aided by the pierced, tattooed, punk computer hacker named Lisbeth Salander. As they work together in the investigation, Blomkvist and Salander uncover immense corruption beyond anything they have ever imagined.","release_date":"2011-12-21","poster_path":"/voxRWFTtagLiqnJQs9tWQLB0MN.jpg","popularity":3.315711,"title":"The Girl with the Dragon Tattoo","video":false,"vote_average":6.8,"vote_count":982},{"adult":false,"backdrop_path":"/acO0ADPwk5tkCtt6MKn8lq8srKC.jpg","genre_ids":[28,80,53,18],"id":51209,"original_language":"en","original_title":"Kill the Irishman","overview":"Over the summer of 1976, thirty-six bombs detonate in the heart of Cleveland while a turf war raged between Irish mobster Danny Greene and the Italian mafia. Based on a true story, kill the Irishman chronicles Greene's heroic rise from a tough Cleveland neighborhood to become an enforcer in the local mob.","release_date":"2011-03-10","poster_path":"/stwIjts5428V8v45mYmUmD9XhHd.jpg","popularity":2.071983,"title":"Kill the Irishman","video":false,"vote_average":6.8,"vote_count":55},{"adult":false,"backdrop_path":"/wMr1Eb7dsZ5k2MIwiNLaI8SsL16.jpg","genre_ids":[27,53,9648],"id":16307,"original_language":"en","original_title":"The Wicker Man","overview":"Police sergeant Neil Howie is called to an island village in search of a missing girl whom the locals claim never existed. Stranger still, however, are the rituals that take place there.","release_date":"1973-12-01","poster_path":"/8aewWzqpU7PgkgSlWXZHNFCTB6.jpg","popularity":1.578305,"title":"The Wicker Man","video":false,"vote_average":6.8,"vote_count":75},{"adult":false,"backdrop_path":"/8oOjtbJMPLVAIsQdxcgQ46Pkmhz.jpg","genre_ids":[12,18,28,35,53,80,9648],"id":10528,"original_language":"en","original_title":"Sherlock Holmes","overview":"Eccentric consulting detective Sherlock Holmes and Doctor John Watson battle to bring down a new nemesis and unravel a deadly plot that could destroy England.","release_date":"2009-12-25","poster_path":"/22ngurXbLqab7Sko6aTSdwOCe5W.jpg","popularity":4.77145,"title":"Sherlock Holmes","video":false,"vote_average":6.8,"vote_count":2922},{"adult":false,"backdrop_path":"/zcJxJVhvxNHJJ2J7Q7NhgO9nPUV.jpg","genre_ids":[12,35,10749],"id":11153,"original_language":"en","original_title":"National Lampoon's Vacation","overview":"The Griswold family are on a quest. A quest to a Walley World theme park for a family vacation, but things aren't going to go exactly as planned, especially when Clark Griswold is losing all thought towards a mysterious blonde in a red Ferrari.","release_date":"1983-07-28","poster_path":"/pWgHxP1oZvA6bOg1fJTabQuBmyS.jpg","popularity":1.144643,"title":"National Lampoon's Vacation","video":false,"vote_average":6.8,"vote_count":102},{"adult":false,"backdrop_path":"/8eCiasauFjjYAOZ81cRwNZGlgnP.jpg","genre_ids":[35],"id":50725,"original_language":"en","original_title":"Take Me Home Tonight","overview":"A floundering MIT graduate sends out the '80s with a bang after being invited to an end-of-summer bash by his former high school crush.","release_date":"2011-03-04","poster_path":"/oGQq6m7wxtxRy7vf0WE59A5Zau4.jpg","popularity":1.991107,"title":"Take Me Home Tonight","video":false,"vote_average":6.8,"vote_count":69},{"adult":false,"backdrop_path":"/5z8pGHvWK1OxEUYXM9jkXT9Pfpr.jpg","genre_ids":[16,14,10402,10751],"id":49948,"original_language":"en","original_title":"Fantasia 2000","overview":"An update of the original film with new interpretations of great works of classical music.","release_date":"1999-12-31","poster_path":"/yCMxOeCaorx4oRAocBXEScT3bXb.jpg","popularity":0.944651,"title":"Fantasia 2000","video":false,"vote_average":6.8,"vote_count":87},{"adult":false,"backdrop_path":"/pP2a4MBQbIeZMbErBWMjxTT5Npb.jpg","genre_ids":[12,28,35,878,10751],"id":196,"original_language":"en","original_title":"Back to the Future Part III","overview":"The final installment of the Back to the Future trilogy finds Marty digging the trusty DeLorean out of a mineshaft and looking up Doc in the Wild West of 1885. But when their time machine breaks down, the travelers are stranded in a land of spurs. More problems arise when Doc falls for pretty schoolteacher Clara Clayton, and Marty tangles with Buford Tannen.","release_date":"1990-05-25","poster_path":"/6DmgPTZYaug7QNDjOhUDWyjOQDl.jpg","popularity":2.83326,"title":"Back to the Future Part III","video":false,"vote_average":6.8,"vote_count":1082},{"adult":false,"backdrop_path":"/pkcSa3xIi1rNrivl5MRwtRgbEYI.jpg","genre_ids":[28,80,18],"id":18533,"original_language":"en","original_title":"Bronson","overview":"A young man who was sentenced to 7 years in prison for robbing a post office ends up spending 30 years in solitary confinement. During this time, his own personality is supplanted by his alter ego, Charles Bronson.","release_date":"2008-10-09","poster_path":"/dnNR1IpEboT6zmWdo4lw7LTzVEm.jpg","popularity":1.200202,"title":"Bronson","video":false,"vote_average":6.8,"vote_count":119},{"adult":false,"backdrop_path":"/A9FCmb5Qz2HTfsNzXaASsl5GIjf.jpg","genre_ids":[35],"id":13667,"original_language":"en","original_title":"Better Off Dead...","overview":"Lane Meyer is obsessed with his girlfriend Beth and is crushed when she falls for the new captain of the ski team, Roy. After several failed suicide attempts, narrow escapes from the relentless paper boy, and nearly unbearable dinners at home with his crazy family, Lane finds a new love in French exchange student Monique Junot. Meanwhile, he must beat Roy on the slopes to regain his honor.","release_date":"1985-10-11","poster_path":"/gtiSV5auMlN9qiaG9694paGBxai.jpg","popularity":0.688766,"title":"Better Off Dead...","video":false,"vote_average":6.8,"vote_count":54},{"adult":false,"backdrop_path":"/2pcByp1prR7w6KWvnukIsdXdIwS.jpg","genre_ids":[28,9648,53],"id":225574,"original_language":"en","original_title":"Non-Stop","overview":"Bill Marks is a burned-out veteran of the Air Marshals service. He views the assignment not as a life-saving duty, but as a desk job in the sky. However, today's flight will be no routine trip. Shortly into the transatlantic journey from New York to London, he receives a series of mysterious text messages ordering him to have the government transfer $150 million into a secret account, or a passenger will die every 20 minutes.","release_date":"2014-02-28","poster_path":"/ifgEHE1ortukpBF6wh03HCuctdr.jpg","popularity":3.506762,"title":"Non-Stop","video":false,"vote_average":6.8,"vote_count":1103},{"adult":false,"backdrop_path":"/b1cfBhhorGYNPbMVT6C9cHwxRr8.jpg","genre_ids":[53,80,18],"id":1645,"original_language":"en","original_title":"A Time to Kill","overview":"A young lawyer defends a black man accused of murdering two men who raped his 10-year-old daughter, sparking a rebirth of the KKK.","release_date":"1996-07-24","poster_path":"/sCHK5jHhRcrXZvZDekZXvRkDOHc.jpg","popularity":1.771891,"title":"A Time to Kill","video":false,"vote_average":6.8,"vote_count":133},{"adult":false,"backdrop_path":"/6uIGc25rahyKeG99h6JP7c1e6ai.jpg","genre_ids":[35,18],"id":9591,"original_language":"en","original_title":"That Thing You Do!","overview":"A Pennsylvania band scores a hit in 1964 and rides the star-making machinery as long as it can, with lots of help from its manager.","release_date":"1996-10-04","poster_path":"/luSHsQYyX0aukrHPL5joYOxcsO9.jpg","popularity":0.404884,"title":"That Thing You Do!","video":false,"vote_average":6.8,"vote_count":69},{"adult":false,"backdrop_path":"/oHrTL0iTwLJMKbx2T3R5L5DPSyz.jpg","genre_ids":[27],"id":571,"original_language":"en","original_title":"The Birds","overview":"Chic socialite Melanie Daniels enjoys a passing flirtation with an eligible attorney in a San Francisco pet shop and, on an impulse, follows him to his hometown bearing a gift of lovebirds. But upon her arrival, the bird population runs amok. Suddenly, the townsfolk face a massive avian onslaught, with the feathered fiends inexplicably attacking people all over Bodega Bay.","release_date":"1963-03-28","poster_path":"/idm9MYIyZHcjdPsaGfiqE9z2Z99.jpg","popularity":2.479183,"title":"The Birds","video":false,"vote_average":6.8,"vote_count":209},{"adult":false,"backdrop_path":"/n4qxvNA6u7UpeYE5n93MVxjMHZi.jpg","genre_ids":[18],"id":293,"original_language":"en","original_title":"A River Runs Through It","overview":"A River Runs Through is a cinematographically stunning true story of Norman Maclean. The story follows Norman and his brother Paul through the experiences of life and growing up, and how their love of fly fishing keeps them together despite varying life circumstances in the untamed west of Montana in the 1920's.","release_date":"1992-10-09","poster_path":"/xX4H1hZG9IgSRkC0LANbPQ0StJi.jpg","popularity":1.698951,"title":"A River Runs Through It","video":false,"vote_average":6.8,"vote_count":82},{"adult":false,"backdrop_path":"/dvpU3CJxKCfr1XBOzeMcztgDyO3.jpg","genre_ids":[18],"id":568,"original_language":"en","original_title":"Apollo 13","overview":"Technical troubles scuttle the Apollo 13 lunar mission in 1971, risking the lives of astronaut Jim Lovell and his crew in director Ron Howard's chronicle of this true-life story, which turns a failed journey into a thrilling saga of heroism. Drifting more than 200,000 miles from Earth, the astronauts work furiously with the ground crew to avert tragedy.","release_date":"1995-06-30","poster_path":"/6JQ9z3V9x4vlU2GSZx2yNO0PvuX.jpg","popularity":1.536679,"title":"Apollo 13","video":false,"vote_average":6.8,"vote_count":560},{"adult":false,"backdrop_path":"/7MGIEdu0Mokqt8i7snflYRLbooI.jpg","genre_ids":[18,53],"id":68734,"original_language":"en","original_title":"Argo","overview":"As the Iranian revolution reaches a boiling point, a CIA 'exfiltration' specialist concocts a risky plan to free six Americans who have found shelter at the home of the Canadian ambassador.","release_date":"2012-10-12","poster_path":"/oai3xLBQHpIh18VJdRCcL7D0Yg0.jpg","popularity":4.275894,"title":"Argo","video":false,"vote_average":6.8,"vote_count":1879},{"adult":false,"backdrop_path":"/6HjYM1vgqWpFTr01tOBrskfvxcu.jpg","genre_ids":[12],"id":978,"original_language":"en","original_title":"Seven Years in Tibet","overview":"Austrian mountaineer Heinrich Harrer journeys to the Himalayas without his family to head an expedition in 1939. But when World War II breaks out, the arrogant Harrer falls into Allied forces' hands as a prisoner of war. He escapes with a fellow detainee and makes his way to Llaso, Tibet, where he meets the 14-year-old Dalai Lama, whose friendship ultimately transforms his outlook on life.","release_date":"1997-09-12","poster_path":"/cflSeFUVDCf73Tzh5sB204JbQ6j.jpg","popularity":1.50977,"title":"Seven Years in Tibet","video":false,"vote_average":6.8,"vote_count":168},{"adult":false,"backdrop_path":"/xYBKpoSlw2bkk515alcFwoGiigc.jpg","genre_ids":[18,36],"id":22954,"original_language":"en","original_title":"Invictus","overview":"Newly elected President Nelson Mandela knows his nation remains racially and economically divided in the wake of apartheid. Believing he can bring his people together through the universal language of sport, Mandela rallies South Africa's rugby team as they make their historic run to the 1995 Rugby World Cup Championship match.","release_date":"2009-12-10","poster_path":"/esOAiQi9jLb9JyLIyLt2JuVd8fa.jpg","popularity":3.132927,"title":"Invictus","video":false,"vote_average":6.8,"vote_count":349},{"adult":false,"backdrop_path":"/baKtflA4sSEjjxS0BHubjv7oUhe.jpg","genre_ids":[18,10749],"id":9441,"original_language":"en","original_title":"Stepmom","overview":"Jackie is a divorced mother of two. Isabel is the career minded girlfriend of Jackie’s ex-husband Luke, forced into the role of unwelcome stepmother to their children. But when Jackie discovers she is ill, both women realise they must put aside their differences to find a common ground and celebrate life to the fullest, while they have the chance.","release_date":"1998-12-25","poster_path":"/57TqKdh9rnXgxqiuF2U97HNaOh2.jpg","popularity":1.65999,"title":"Stepmom","video":false,"vote_average":6.8,"vote_count":73}],"total_pages":180,"total_results":3596}
