{"page":39,"results":[{"adult":false,"backdrop_path":"/13ceyya5WTwnpb2rRNreQejwxRJ.jpg","genre_ids":[18],"id":244506,"original_language":"en","original_title":"Camp X-Ray","overview":"A young woman joins the military to be part of something bigger than herself and her small-town roots. Instead, she ends up as a new guard at Guantanamo Bay, where her mission is far from black and white. Surrounded by hostile jihadists and aggressive squadmates, she strikes up an unusual friendship with one of the detainees.","release_date":"2014-10-17","poster_path":"/oGcmIqOAbV8npgY57u7tqzwPgc.jpg","popularity":3.794094,"title":"Camp X-Ray","video":false,"vote_average":7.0,"vote_count":104},{"adult":false,"backdrop_path":"/yo1ef57MEPkEE4BDZKTZGH9uDcX.jpg","genre_ids":[16,10751],"id":20352,"original_language":"en","original_title":"Despicable Me","overview":"In a happy suburban neighbourhood surrounded by white picket fences with flowering rose bushes, sits a black house with a dead lawn. Unbeknownst to the neighbours, hidden deep beneath this home is a vast secret hideout. Surrounded by an army of tireless, little yellow minions, we discover Gru, planning the biggest heist in the history of the world. He is going to steal the moon (Yes, the moon!) to prove to his Mum that he is better than the other super-villains, especially the new kid on the block, Vector. Gru delights in all things wicked. Armed with his arsenal of shrink rays, freeze guns and battle-ready vehicles for land and air, he vanquishes all who stand in his way. Until the day he encounters the immense will of three little orphaned girls who look at him and see something that no one else has ever seen: a potential dad.","release_date":"2010-07-09","poster_path":"/4zHJhBSY4kNZXfhTlmy2TzXD51M.jpg","popularity":3.583726,"title":"Despicable Me","video":false,"vote_average":7.0,"vote_count":3946},{"adult":false,"backdrop_path":"/vR76H1pw4hpcGMcG0bRfJO8FpU8.jpg","genre_ids":[878,28,12,53],"id":106,"original_language":"en","original_title":"Predator","overview":"Dutch and his group of commandos are hired by the CIA to rescue downed airmen from guerillas in a Central American jungle. The mission goes well but as they return they find that something is hunting them. Nearly invisible, it blends in with the forest, taking trophies from the bodies of its victims as it goes along. Occasionally seeing through its eyes, the audience sees it is an intelligent alien hunter, hunting them for sport, killing them off one at a time.","release_date":"1987-06-11","poster_path":"/bj7A0teF2TWxxNGZjWTXiGrvCu2.jpg","popularity":3.829619,"title":"Predator","video":false,"vote_average":7.0,"vote_count":651},{"adult":false,"backdrop_path":"/qpJWj6MI6VLRt9bGbJVZtmFvqWw.jpg","genre_ids":[28,35,80,14],"id":9470,"original_language":"cn","original_title":"Gong Fu","overview":"In Shanghai, China in the 1940s, a wannabe gangster aspires to join the notorious \"Axe Gang\" while residents of a housing complex exhibit extraordinary powers in defending their turf.","release_date":"2004-12-20","poster_path":"/dZsfDrNLGWgsIUQL1vGhl8tbnqY.jpg","popularity":2.20187,"title":"Kung Fu Hustle","video":false,"vote_average":7.0,"vote_count":332},{"adult":false,"backdrop_path":"/j31bCZR33MLwgH5IFMcGKjbr3z5.jpg","genre_ids":[28,53],"id":562,"original_language":"en","original_title":"Die Hard","overview":"NYPD cop John McClane's plan to reconcile with his estranged wife, Holly, is thrown for a serious loop when minutes after he arrives at her office, the entire building is overtaken by a group of pitiless terrorists. With little help from the LAPD, wisecracking McClane sets out to single-handedly rescue the hostages and bring the bad guys down.","release_date":"1988-07-14","poster_path":"/mc7MubOLcIw3MDvnuQFrO9psfCa.jpg","popularity":3.967243,"title":"Die Hard","video":false,"vote_average":7.0,"vote_count":1990},{"adult":false,"backdrop_path":"/tk159LPfy69zSHw4dabehfAaJXi.jpg","genre_ids":[12,18,28],"id":87827,"original_language":"en","original_title":"Life of Pi","overview":"The story of an Indian boy named Pi, a zookeeper's son who finds himself in the company of a hyena, zebra, orangutan, and a Bengal tiger after a shipwreck sets them adrift in the Pacific Ocean.","release_date":"2012-11-21","poster_path":"/rXhuBgQyRKB7cW5BRImyVkO89K7.jpg","popularity":3.23435,"title":"Life of Pi","video":false,"vote_average":7.0,"vote_count":3255},{"adult":false,"backdrop_path":"/5tMJqM3ecc0LxCoB3Y3uWYS3NK8.jpg","genre_ids":[18,10749],"id":12163,"original_language":"en","original_title":"The Wrestler","overview":"Aging wrestler Randy \"The Ram\" Robinson is long past his prime but still ready and rarin' to go on the pro-wrestling circuit. After a particularly brutal beating, however, Randy hangs up his tights, pursues a serious relationship with a long-in-the-tooth stripper, and tries to reconnect with his estranged daughter. But he can't resist the lure of the ring and readies himself for a comeback.","release_date":"2008-09-07","poster_path":"/huooRmB7yksJyVVSkqOgitxlCec.jpg","popularity":2.278094,"title":"The Wrestler","video":false,"vote_average":7.0,"vote_count":343},{"adult":false,"backdrop_path":"/gih4L6m9u1yB3PGwyJxB5wjzbqR.jpg","genre_ids":[878,28,12,18,53],"id":154,"original_language":"en","original_title":"Star Trek II: The Wrath of Khan","overview":"Admiral James T. Kirk is feeling old; the prospect of accompanying his old ship the Enterprise on a two week cadet cruise is not making him feel any younger. But the training cruise becomes a a life or death struggle when Khan escapes from years of exile and captures the power of creation itself.","release_date":"1982-06-03","poster_path":"/7VKpj4Xl3hTzgAS3xpVuOyqNnSv.jpg","popularity":2.087425,"title":"Star Trek II: The Wrath of Khan","video":false,"vote_average":7.0,"vote_count":241},{"adult":false,"backdrop_path":"/qvtzzhdr8ne2eb6lMaoCeXWye09.jpg","genre_ids":[12,18,28],"id":246,"original_language":"en","original_title":"Zatôichi","overview":"Zatôichi is a 19th century blind nomad who makes his living as a gambler and masseur. However, behind this humble facade, he is a master swordsman gifted with a lightning-fast draw and breathtaking precision. While wandering, Zatôichi discovers a remote mountain village at the mercy of Ginzo, a ruthless gang-leader. Ginzo disposes of anyone who gets in his way, especially after hiring the mighty samurai ronin, Hattori, as a bodyguard. After a raucous night of gambling in town, Zatôichi encounters a pair of geishas--as dangerous as they are beautiful--who've come to avenge their parents' murder. As the paths of these and other colorful characters intertwine, Ginzo's henchmen are soon after Zatôichi. With his legendary cane sword at his side, the stage is set for a riveting showdown.","release_date":"2003-09-06","poster_path":"/xNFaRG30R3IiVFMgX8X8kAFGxCP.jpg","popularity":1.672049,"title":"Zatoichi: The Blind Swordsman","video":false,"vote_average":7.0,"vote_count":59},{"adult":false,"backdrop_path":"/3THF7D3uPqhV6k7iKsr2EyjqVPK.jpg","genre_ids":[27,18,9648],"id":805,"original_language":"en","original_title":"Rosemary's Baby","overview":"A young couple moves into an infamous New York apartment building to start a family. Things become frightening as Rosemary begins to suspect her unborn baby isn't safe around their strange neighbors.","release_date":"1968-06-12","poster_path":"/5KkgZrRAwcD97wyA3WXMrcNILi1.jpg","popularity":2.115441,"title":"Rosemary's Baby","video":false,"vote_average":7.0,"vote_count":203},{"adult":false,"backdrop_path":"/qthiIjX8Lt4Jg6hqPAdp2EIyJss.jpg","genre_ids":[18,53,9648],"id":192,"original_language":"en","original_title":"The Name of the Rose","overview":"In this adaptation of Umberto Eco's best-selling novel, 14th-century Franciscan monk William of Baskerville and his young novice arrive at a conference to find that several monks have been murdered under mysterious circumstances. To solve the crimes, William must rise up against the Church's authority and fight the shadowy conspiracy of monastery monks using only his intelligence -- which is considerable.","release_date":"1986-09-24","poster_path":"/dk3Vmp86t4lacnI3sQuU9ihOCUh.jpg","popularity":2.187965,"title":"The Name of the Rose","video":false,"vote_average":7.0,"vote_count":193},{"adult":false,"backdrop_path":"/fUn5I5f4069vwGFEEvA3HXt9xPP.jpg","genre_ids":[878,12,53],"id":131631,"original_language":"en","original_title":"The Hunger Games: Mockingjay - Part 1","overview":"Katniss Everdeen reluctantly becomes the symbol of a mass rebellion against the autocratic Capitol.","release_date":"2014-11-20","poster_path":"/gj282Pniaa78ZJfbaixyLXnXEDI.jpg","popularity":13.029432,"title":"The Hunger Games: Mockingjay - Part 1","video":false,"vote_average":7.0,"vote_count":1690},{"adult":false,"backdrop_path":"/kbuvi3b2EgqG2KILdbdrcEmhivg.jpg","genre_ids":[18],"id":196325,"original_language":"zh","original_title":"中国合伙人","overview":"During the economic reform period of the 80’s, three undergraduates bind together by a common ambition – to live the American dream. They are Cheng Dongqing, a hillbilly who refuses to accept his destiny of being a farmer; Meng Xiaojun, a self-confident, cynical intellectual; and Wang Yang, an idealistic romantic poet.  Xiaojun is the first to obtain an US Visa for studying abroad. Yang follows but decides to remain in China for his beloved. Poor Dongqing is rejected by the US Embassy repeatedly. Baffled, he reluctantly accepts the job as an English instructor in the university but eventually gets fired for teaching tutorial classes in private. Across the Pacific, Xiaojun fails to find a decent job and is driven to work as a busboy in a diner.","release_date":"2013-05-18","poster_path":"/eDuAI0c1fIPEwHNllm4h0io1121.jpg","popularity":0.137859,"title":"American Dreams in China","video":false,"vote_average":7.0,"vote_count":53},{"adult":false,"backdrop_path":"/mhEPV19vQsApRYgCIUu6tJJVUer.jpg","genre_ids":[18,36,10749],"id":1904,"original_language":"en","original_title":"Memoirs of a Geisha","overview":"Based on the internationally acclaimed novel by Arthur Golden, Memoirs of a Geisha is a sweeping romantic epic set in a mysterious and exotic world that still casts a potent spell today. The story begins in the years before WWII when a penniless Japanese child is torn from her family to work as a maid in a geisha house.","release_date":"2005-12-06","poster_path":"/e8FHAqAYpYQ7P3yHRIs4hwjvnSU.jpg","popularity":2.375195,"title":"Memoirs of a Geisha","video":false,"vote_average":7.0,"vote_count":184},{"adult":false,"backdrop_path":"/dJl5xLVNoIUOyeQdrrc2W9cl88m.jpg","genre_ids":[14,18,53,10749],"id":1491,"original_language":"en","original_title":"The Illusionist","overview":"With his eye on a lovely aristocrat, a gifted illusionist named Eisenheim uses his powers to win her away from her betrothed, a crowned prince. But Eisenheim's scheme creates tumult within the monarchy and ignites the suspicion of a dogged inspector.","release_date":"2006-08-18","poster_path":"/sRYw9oAiporMpq1GWcYHqmpdeAO.jpg","popularity":4.15545,"title":"The Illusionist","video":false,"vote_average":7.0,"vote_count":576},{"adult":false,"backdrop_path":"/qKeyO9gXaaK0g87tvvqOPK1siwc.jpg","genre_ids":[12,35,10751],"id":9340,"original_language":"en","original_title":"The Goonies","overview":"A young teenager named Mikey Walsh finds an old treasure map in his father's attic. Hoping to save their homes from demolition, Mikey and his friends Data Wang, Chunk Cohen, and Mouth Devereaux run off on a big quest to find the secret stash of Pirate One-Eyed Willie.","release_date":"1985-06-06","poster_path":"/bZUbpjwnarSHJK40W9sGpyedWhx.jpg","popularity":2.844616,"title":"The Goonies","video":false,"vote_average":7.0,"vote_count":511},{"adult":false,"backdrop_path":"/wcvg2Zj3Y4NmP6ZTFsLeSWXWKjF.jpg","genre_ids":[18,80],"id":1807,"original_language":"en","original_title":"Elephant","overview":"Several ordinary high school students go through their daily routine as two others prepare for something more malevolent. The film chronicles the events surrounding a school shooting.","release_date":"2003-05-18","poster_path":"/AgSWtbb8zMtTyjHFP12QeRbQGD5.jpg","popularity":1.730115,"title":"Elephant","video":false,"vote_average":7.0,"vote_count":75},{"adult":false,"backdrop_path":"/khIbImstNPb0ABMONVMudksE7Yo.jpg","genre_ids":[35,37],"id":9474,"original_language":"it","original_title":"Il mio nome è nessuno","overview":"Jack Beauregard, one of the greatest gunman of the Old West, only wants to retire in peace and move to Europe. But a young gunfighter, known as \"Nobody\", who idolizes Beauregard, wants him to go out in glory. So he arranges for Jack to face the 150-man gang known as The Wild Bunch and earn his place in history.","release_date":"1973-12-19","poster_path":"/lPQ7aqfPJnrLyPwKUYscHdLXpC6.jpg","popularity":0.936398,"title":"My Name Is Nobody","video":false,"vote_average":7.0,"vote_count":96},{"adult":false,"backdrop_path":"/cVRia71LWCeRixU7FfBO4tAT7D8.jpg","genre_ids":[28,36,18],"id":37472,"original_language":"cn","original_title":"Yip Man 2","overview":"Having defeated the best fighters of the Imperial Japanese army in occupied Shanghai, Ip Man and his family settle in post-war Hong Kong.Struggling to make a living, Master Ip opens a kung fu school to bring his celebrated art of Wing Chun to the troubled youth of Hong Kong. His growing reputation soon brings challenges from powerful enemies, including pre-eminent Hung Gar master, Hung Quan (Sammo Hung). However, when corrupt colonial officials stage a life-or-death contest with formidable British boxer, Twister (Darren Shahlavi), to humiliate the Chinese people, the masters quickly forget their differences. Soon, the eyes of the nation are on the one man capable of securing a victory-Grandmaster Ip Man!","release_date":"2010-04-21","poster_path":"/9mu13RSsvyDdlyD8TyjuQVrT0gM.jpg","popularity":1.196844,"title":"Ip Man 2","video":false,"vote_average":7.0,"vote_count":289},{"adult":false,"backdrop_path":"/8AazWuNBQV7QFjb9XNzJLox0Zey.jpg","genre_ids":[18],"id":37799,"original_language":"en","original_title":"The Social Network","overview":"On a fall night in 2003, Harvard undergrad and computer programming genius Mark Zuckerberg sits down at his computer and heatedly begins working on a new idea. In a fury of blogging and programming, what begins in his dorm room as a small site among friends soon becomes a global social network and a revolution in communication. A mere six years and 500 million friends later, Mark Zuckerberg is the youngest billionaire in history... but for this entrepreneur, success leads to both personal and legal complications.","release_date":"2010-09-30","poster_path":"/ok5Wh8385Kgblq9MSU4VGvazeMH.jpg","popularity":4.645061,"title":"The Social Network","video":false,"vote_average":7.0,"vote_count":1261}],"total_pages":180,"total_results":3596}
