{"page":132,"results":[{"adult":false,"backdrop_path":"/mO1ZrsrbnpWRL5BaV4M6BlJdNxL.jpg","genre_ids":[18,28,80,53],"id":228968,"original_language":"en","original_title":"Kidnapping Mr. Heineken","overview":"The true story of the kidnapping of Freddy Heineken, the grandson of the founder of the Heineken brewery, and his driver. They were released after a ransom of 35 million Dutch guilders was paid.","release_date":"2015-03-26","poster_path":"/567sh0LAl6pgfFQz9D9KsfT3g9s.jpg","popularity":3.168343,"title":"Kidnapping Mr. Heineken","video":false,"vote_average":5.9,"vote_count":58},{"adult":false,"backdrop_path":"/6yEraLlppISGAUu3XgBmKLgKKjj.jpg","genre_ids":[28,12,35],"id":11676,"original_language":"en","original_title":"Nothing to Lose","overview":"Advertising executive Nick Beame learns that his wife is sleeping with his employer. In a state of despair, he encounters a bumbling thief whose attempted carjacking goes awry when Nick takes him on an involuntary joyride. Soon the betrayed businessman and the incompetent crook strike up a partnership and develop a robbery-revenge scheme. But it turns out that some other criminals in the area don't appreciate the competition.","release_date":"1997-07-18","poster_path":"/15g7RCzoqWit51lKTr3zg1NjnBx.jpg","popularity":1.451074,"title":"Nothing to Lose","video":false,"vote_average":5.9,"vote_count":54},{"adult":false,"backdrop_path":"/cbEDtWCFs1wJ5w9waTC7fm1obAj.jpg","genre_ids":[18],"id":50780,"original_language":"en","original_title":"The Beaver","overview":"Suffering from a severe case of depression, toy company CEO Walter Black (Mel Gibson) begins using a beaver hand puppet to help him open up to his family. With his father seemingly going insane, adolescent son Porter (Anton Yelchin) pushes for his parents to get a divorce. Jodie Foster directs and co-stars as Walter's wife in this dark comedy that also features Riley Thomas Stewart and Jennifer Lawrence.","release_date":"2011-05-05","poster_path":"/yE0GIDaivwfSgYAXpVLvq6DjngQ.jpg","popularity":0.772973,"title":"The Beaver","video":false,"vote_average":5.9,"vote_count":84},{"adult":false,"backdrop_path":"/v0o9M1us65w1kDQp8Q6KnB5a11s.jpg","genre_ids":[14,12,28,35,18],"id":27022,"original_language":"en","original_title":"The Sorcerer's Apprentice","overview":"Balthazar Blake is a master sorcerer in modern-day Manhattan trying to defend the city from his arch-nemesis, Maxim Horvath. Balthazar can't do it alone, so he recruits Dave Stutler, a seemingly average guy who demonstrates hidden potential, as his reluctant protégé. The sorcerer gives his unwilling accomplice a crash course in the art and science of magic, and together, these unlikely partners work to stop the forces of darkness.","release_date":"2010-07-13","poster_path":"/ZNSrRpdJ6FjMy4Iu6JpRTJ5Q87.jpg","popularity":3.481184,"title":"The Sorcerer's Apprentice","video":false,"vote_average":5.9,"vote_count":485},{"adult":false,"backdrop_path":"/dBXJRsse6B4wSqpfmW0VTbgKMNR.jpg","genre_ids":[35],"id":201086,"original_language":"en","original_title":"Cuban Fury","overview":"Beneath Bruce Garrett's under-confident, overweight exterior, the passionate heart of a salsa king lies dormant. Now, one woman is about to reignite his Latin fire.","release_date":"2014-02-14","poster_path":"/AkVDoXUHYZ9cmoHX1DcJDu5s61K.jpg","popularity":1.960126,"title":"Cuban Fury","video":false,"vote_average":5.9,"vote_count":50},{"adult":false,"backdrop_path":"/9CgvUnfd5OzKlZkrxGGvCFQNQEV.jpg","genre_ids":[27,9648],"id":9358,"original_language":"en","original_title":"Final Destination 2","overview":"When Kimberly has a violent premonition of a highway pileup she blocks the freeway, keeping a few others meant to die, safe...Or are they? The survivors mysteriously start dying and it's up to Kimberly to stop it before she's next.","release_date":"2003-01-31","poster_path":"/2Tj8YJJuahzwUbdYDgydYX4Yj4Y.jpg","popularity":2.462774,"title":"Final Destination 2","video":false,"vote_average":5.8,"vote_count":293},{"adult":false,"backdrop_path":"/zcvrdo5pJ7glbirKcE2An36K98Q.jpg","genre_ids":[28,18,53,10752],"id":8007,"original_language":"en","original_title":"Behind Enemy Lines","overview":"While flying a routine reconnaissance mission over Bosnia, fighter pilot Chris Burnett photographs something he wasn't supposed to see and gets shot down behind enemy lines, where he must outrun an army led by a ruthless Serbian general. With time running out and a deadly tracker on his trail, Burnett's commanding officer decides to risk his career and launch a renegade rescue mission to save his life.","release_date":"2001-11-17","poster_path":"/dl1OgKeKxKQsOAqGM7TZRNozbKf.jpg","popularity":1.583457,"title":"Behind Enemy Lines","video":false,"vote_average":5.8,"vote_count":163},{"adult":false,"backdrop_path":"/aT9YzyaNTr3vItKnfG60yyDM2PS.jpg","genre_ids":[35,14,10749],"id":23082,"original_language":"en","original_title":"The Invention of Lying","overview":"Set in a world where the concept of lying doesn't exist, a loser changes his lot when he invents lying and uses it to get ahead.","release_date":"2009-09-13","poster_path":"/3A6AjKUo63tfpt7Dj4md8cOR5Gg.jpg","popularity":0.654052,"title":"The Invention of Lying","video":false,"vote_average":5.8,"vote_count":169},{"adult":false,"backdrop_path":"/rt9HXqQHNxe1BlEnxssLxXygwju.jpg","genre_ids":[28,12,35],"id":248574,"original_language":"en","original_title":"Barely Lethal","overview":"A 16-year-old international assassin yearning for a \"normal\" adolescence fakes her own death and enrolls as a senior in a suburban high school. She quickly learns that being popular can be more painful than getting water-boarded.","release_date":"2015-04-30","poster_path":"/nJm0vGJVyELlQEzHRq22vi2JHbW.jpg","popularity":3.048217,"title":"Barely Lethal","video":false,"vote_average":5.8,"vote_count":53},{"adult":false,"backdrop_path":"/mXP2oP6feaovDp03Q2SbterHTfa.jpg","genre_ids":[28,12,18,37],"id":1656,"original_language":"en","original_title":"The Legend of Zorro","overview":"In 1850, the people of California were voting to decide whether or not to join the United States. The Legend of Zorro is a 2005 sequel to 1998's The Mask of Zorro,","release_date":"2005-10-25","poster_path":"/rH3WJbSE3APS1l1hTXZZbz3NVP1.jpg","popularity":2.980399,"title":"The Legend of Zorro","video":false,"vote_average":5.8,"vote_count":331},{"adult":false,"backdrop_path":"/aJh5rFH6jQRqvZyd0HR8BMiHhRn.jpg","genre_ids":[28,35,10749],"id":59962,"original_language":"en","original_title":"This Means War","overview":"Two top CIA operatives wage an epic battle against one another after they discover they are dating the same woman.","release_date":"2012-02-17","poster_path":"/8eqEw3NGdqAfGtHyCTiuoMb4RrM.jpg","popularity":2.921991,"title":"This Means War","video":false,"vote_average":5.8,"vote_count":679},{"adult":false,"backdrop_path":"/z3RwN10gTG28Q9oPsnTj8rtbdJe.jpg","genre_ids":[27,53],"id":4970,"original_language":"en","original_title":"Gothika","overview":"After a car crash, a criminal psychologist (Halle Berry) comes to, only to find that she's a patient in the same mental institution that currently employs her. It seems she's been accused of murdering her husband -- but she has no memory of committing the crime. As she tries to regain her memory and convince her co-workers of her innocence, a vengeful spirit uses her as an earthly pawn, which further convinces everyone of her guilt.","release_date":"2003-10-24","poster_path":"/jwTiVNi21EhaP8QbkJkVUn2SYsa.jpg","popularity":2.257975,"title":"Gothika","video":false,"vote_average":5.8,"vote_count":191},{"adult":false,"backdrop_path":"/yWcYCpA6EWJE9nMCbzxlIVdHRXo.jpg","genre_ids":[35,14,53],"id":127867,"original_language":"en","original_title":"The Brass Teapot","overview":"When a couple discovers that a brass teapot makes them money whenever they hurt themselves, they must come to terms with how far they are willing to go.","release_date":"2013-04-05","poster_path":"/4Pxtx487zw0HTpbO4k341Es33nO.jpg","popularity":0.755325,"title":"The Brass Teapot","video":false,"vote_average":5.8,"vote_count":62},{"adult":false,"backdrop_path":"/jEcmZhtJkZQc6ta2vzBd9CU7GIx.jpg","genre_ids":[16,10751,12,35],"id":49013,"original_language":"en","original_title":"Cars 2","overview":"Star race car Lightning McQueen and his pal Mater head overseas to compete in the World Grand Prix race. But the road to the championship becomes rocky as Mater gets caught up in an intriguing adventure of his own: international espionage.","release_date":"2011-06-16","poster_path":"/7WILDjnJggB3bIioS3LRvtvmu1X.jpg","popularity":3.591782,"title":"Cars 2","video":false,"vote_average":5.8,"vote_count":898},{"adult":false,"backdrop_path":"/gL5lGkWecfArxGqDkWVJsLm4jek.jpg","genre_ids":[28,12,53],"id":708,"original_language":"en","original_title":"The Living Daylights","overview":"James Bond helps a Russian General escape into the west. He soon finds out that the KGB wants to kill him for helping the General. A little while later the General is kidnapped from the Secret Service leading 007 to be suspicious.","release_date":"1987-06-29","poster_path":"/yEryMe58dx7zm1QBhQFeuYcv2aH.jpg","popularity":2.440423,"title":"The Living Daylights","video":false,"vote_average":5.8,"vote_count":142},{"adult":false,"backdrop_path":"/rVVjuF0MuliDCtp79A7RGbhLT6o.jpg","genre_ids":[18,28,53,878],"id":534,"original_language":"en","original_title":"Terminator Salvation","overview":"All grown up in post-apocalyptic 2018, John Connor must lead the resistance of humans against the increasingly dominating militaristic robots. But when Marcus Wright appears, his existence confuses the mission as Connor tries to determine whether Wright has come from the future or the past -- and whether he's friend or foe.","release_date":"2009-05-20","poster_path":"/hxDfhavtxA2Ayx7O9BsQMcZRdG0.jpg","popularity":7.807649,"title":"Terminator Salvation","video":false,"vote_average":5.8,"vote_count":1113},{"adult":false,"backdrop_path":"/gLFYabYISrrpixzNREl3TlLEJ2v.jpg","genre_ids":[10749,18,35],"id":455,"original_language":"en","original_title":"Bend It Like Beckham","overview":"Indian director Gurinder Chadha creates a coming-of-age story of a young Indian girl who is torn between adhering to family traditions and attaining super-stardom on the soccer field.","release_date":"2002-04-11","poster_path":"/vb3AtMPnFCh5wLKNoowe2bbos8Y.jpg","popularity":1.658759,"title":"Bend It Like Beckham","video":false,"vote_average":5.8,"vote_count":128},{"adult":false,"backdrop_path":"/6GxmYUfaDXMlSlFiCf5WoNSf0zm.jpg","genre_ids":[35,10749],"id":11137,"original_language":"en","original_title":"The Prince & Me","overview":"A fairy tale love-story about pre-med student Paige who falls in love with a Danish Prince \"Eddie\" who refused to follow the traditions of his parents and has come to the US to quench his thirst for rebellion. Paige and Edward come from two different worlds, but there is an undeniable attraction between them.","release_date":"2004-03-28","poster_path":"/gfPUb9giqUBqXwd4LlcnNs05Syp.jpg","popularity":0.336437,"title":"The Prince & Me","video":false,"vote_average":5.8,"vote_count":102},{"adult":false,"backdrop_path":"/vfErxYsTbjbq7M8oHB8v22WKU6D.jpg","genre_ids":[80,18,27,9648,53],"id":10185,"original_language":"en","original_title":"The Midnight Meat Train","overview":"The photographer Leon lives with his girlfriend and waitress Maya waiting for a chance to get in the photo business. When Maya contacts their friend Jurgis, he schedules a meeting for Leon with the successful owner of arts gallery Susan Hoff; she analyzes Leon's work and asks him to improve the quality of his photos. During the night, the upset Leon decides to wander on the streets taking pictures with his camera, and he follows three punks down to the subway station; when the gang attacks a young woman, Leon defends her and the guys move on. On the next morning, Leon discovers that the woman is missing. He goes to the police station, but Detective Lynn Hadley does not give much attention to him and discredits his statement. Leon becomes obsessed to find what happened with the stranger and he watches the subway station. When he sees the elegant butcher Mahogany in the train, Leon believes he might be a murderer and stalks him everywhere, in the beginning of his journey to the darkness.","release_date":"2008-08-07","poster_path":"/lZlHNrtrs8GuQu89tfsMIEGG9WF.jpg","popularity":2.138545,"title":"The Midnight Meat Train","video":false,"vote_average":5.8,"vote_count":70},{"adult":false,"backdrop_path":"/925k5OHcumv1xYNwYnDdXiVPMTf.jpg","genre_ids":[35,10749],"id":9029,"original_language":"en","original_title":"What Happens in Vegas","overview":"During a wild vacation in Las Vegas, career woman Joy McNally and playboy Jack Fuller come to the sober realization that they have married each other after a night of drunken abandon. They are then compelled, for legal reasons, to live life as a couple for a limited period of time. At stake is a large amount of money.","release_date":"2008-05-09","poster_path":"/NWQmNdQwm7blsBNSdpWIfqkGte.jpg","popularity":2.236892,"title":"What Happens in Vegas","video":false,"vote_average":5.8,"vote_count":274}],"total_pages":180,"total_results":3596}
