{"page":167,"results":[{"adult":false,"backdrop_path":"/s8bzKMJmmQfrrNdgo8KyuJQI05d.jpg","genre_ids":[28,80,9648,53],"id":22787,"original_language":"en","original_title":"Whiteout","overview":"The only U.S. Marshal assigned to Antarctica, Carrie Stetko (Kate Beckinsale) will soon leave the harsh environment behind for good; in three days, the sun will set and the Amundsen-Scott Research Station will shut down for the long winter. When a body is discovered out on the open ice, Carrie's investigation into the continent's first homicide plunges her deep into a mystery that may cost her her own life.","release_date":"2009-09-09","poster_path":"/oC28DSfylqtkf8AWkr0cVj7TcjS.jpg","popularity":2.313776,"title":"Whiteout","video":false,"vote_average":5.2,"vote_count":63},{"adult":false,"backdrop_path":"/mQXCYqGUPt4Ld6UX6uljM5azbGb.jpg","genre_ids":[27,878,53],"id":13812,"original_language":"en","original_title":"Quarantine","overview":"A television reporter and her cameraman are trapped inside a building quarantined by the CDC after the outbreak of a mysterious virus which turns humans into bloodthirsty killers.","release_date":"2008-10-10","poster_path":"/diJgLy6vSGbNYNW5jZ1YpX7PHJ4.jpg","popularity":1.058533,"title":"Quarantine","video":false,"vote_average":5.2,"vote_count":95},{"adult":false,"backdrop_path":"/azmsl7UwTRtMeBvBkAWydWNxdTm.jpg","genre_ids":[28,878],"id":1705,"original_language":"en","original_title":"Battle for the Planet of the Apes","overview":"The fifth and final episode in the Planet of the Apes series. After the collapse of human civilization, a community of intelligent apes led by Caesar lives in harmony with a group of humans. Gorilla General Aldo tries to cause an ape civil war and a community of human mutants who live beneath a destroyed city try to conquer those whom they perceive as enemies. All leading to the finale.","release_date":"1973-06-14","poster_path":"/jCxeJhN5yGWH7veXCGNrBT93L3R.jpg","popularity":2.00627,"title":"Battle for the Planet of the Apes","video":false,"vote_average":5.2,"vote_count":55},{"adult":false,"backdrop_path":"/4YYOJ6CdTU9Oc1YcrbQ45f89ZNo.jpg","genre_ids":[28,53,80,9648],"id":94348,"original_language":"en","original_title":"Alex Cross","overview":"After Washington DC detective Alex Cross is told that a family member has been murdered, he vows to track down the killer. He soon discovers that she was not his first victim and that things are not what they seem.","release_date":"2012-10-18","poster_path":"/59XyZTwKnkZDiyhOYjIle2Tr5Mq.jpg","popularity":2.310595,"title":"Alex Cross","video":false,"vote_average":5.2,"vote_count":180},{"adult":false,"backdrop_path":"/bfrQP3UFMunyXHlTkwe5nYTMgxp.jpg","genre_ids":[35],"id":13260,"original_language":"en","original_title":"Semi-Pro","overview":"Jackie Moon is the owner, promoter, coach, and star player of the Flint Michigan Tropics of the American Basketball Association (ABA). In 1976 before the ABA collapses, the National Basketball Association (NBA) plans to merge with the best teams of the ABA at the end of the season. Only the top four teams will make the move and the worst teams will fold. The Tropics are the worst team in the league and if they want to make it to the NBA, Jackie Moon must rally his team and start winning. The only problem is the fact that Jackie Moon is not really the coach and star basketball player he thinks he is. To keep his team from oblivion and leave his mark in the city, Jackie Moon must inspire his team to win fourth place in the playoffs.","release_date":"2008-02-28","poster_path":"/rb4QrpOCwWOm0Iw2E4GAkVoqnWi.jpg","popularity":1.520377,"title":"Semi-Pro","video":false,"vote_average":5.2,"vote_count":72},{"adult":false,"backdrop_path":"/3VK2JEWBN4ZJNKtIkr7QadI8pV4.jpg","genre_ids":[35,10751],"id":11011,"original_language":"en","original_title":"Ri¢hie Ri¢h","overview":"Billionaire heir Richie Rich has it all, including Reggie Jackson as a batting coach and Claudia Schiffer as a personal trainer -- but no playmates. What's more, scoundrel Laurence Van Dough is scheming to take over the family empire. Uh-oh! Enter faithful butler Cadbury to save the day.","release_date":"1994-12-21","poster_path":"/hbNmaqJcjg4ChZ5vvfQpNzizoiR.jpg","popularity":1.405195,"title":"Richie Rich","video":false,"vote_average":5.2,"vote_count":68},{"adult":false,"backdrop_path":"/pkuf3xajNzDPzAXtvGNNhs59XBL.jpg","genre_ids":[28,12,80,878,53],"id":5549,"original_language":"en","original_title":"RoboCop 2","overview":"A corrupt businesswoman seeks to disable RoboCop in favor of her own model of cyborg.","release_date":"1990-06-22","poster_path":"/jHE1jOJQILXSPudL4h94NI3TRL.jpg","popularity":1.493383,"title":"RoboCop 2","video":false,"vote_average":5.2,"vote_count":134},{"adult":false,"backdrop_path":"/rzzabQ2HNUDil53Zfueu0iyasgB.jpg","genre_ids":[27,53],"id":100241,"original_language":"en","original_title":"I, Frankenstein","overview":"200 years after his shocking creation, Dr. Frankenstein's creature, Adam, still walks the earth. But when he finds himself in the middle of a war over the fate of humanity, Adam discovers he holds the key that could destroy humankind.","release_date":"2014-01-24","poster_path":"/amJHZ4eOMpqyKo1GK33HFV55zue.jpg","popularity":2.909562,"title":"I, Frankenstein","video":false,"vote_average":5.2,"vote_count":315},{"adult":false,"backdrop_path":"/uSZweG7S50fe8vqMHnJHl8H6S33.jpg","genre_ids":[28],"id":97430,"original_language":"en","original_title":"The Man with the Iron Fists","overview":"In feudal China, a blacksmith who makes weapons for a small village is put in the position where he must defend himself and his fellow villagers.","release_date":"2012-11-02","poster_path":"/rYnPhYmG4qyWSXRmVUlzmlA0RFg.jpg","popularity":2.668664,"title":"The Man with the Iron Fists","video":false,"vote_average":5.2,"vote_count":173},{"adult":false,"backdrop_path":"/3ZlkfPqLJjuJYNvPFSnxfgtxTjW.jpg","genre_ids":[35,18,10749],"id":9757,"original_language":"en","original_title":"Norbit","overview":"A mild-mannered guy who is engaged to a monstrous woman meets the woman of his dreams, and schemes to find a way to be with her.","release_date":"2007-02-08","poster_path":"/mbScfMvi5xropJmztEgLGwmeo6N.jpg","popularity":2.270965,"title":"Norbit","video":false,"vote_average":5.2,"vote_count":102},{"adult":false,"backdrop_path":"/pX7Cpy6mIejuk1dWxJ1LwvZcVmt.jpg","genre_ids":[27],"id":43593,"original_language":"en","original_title":"Piranha 3D","overview":"Each year the population of sleepy Lake Victoria, Arizona explodes from 5,000 to 50,000 residents for the annual Spring Break celebration. But then, an earthquake opens an underwater chasm, releasing an enormous swarm of ancient Piranha that have been dormant for thousands of years, now with a taste for human flesh. This year, there's something more to worry about than the usual hangovers and complaints from locals, a new type of terror is about to be cut loose on Lake Victoria.","release_date":"2010-08-20","poster_path":"/q112cRpvz05fg8T2nXMhbH8yPPP.jpg","popularity":2.261115,"title":"Piranha 3D","video":false,"vote_average":5.2,"vote_count":183},{"adult":false,"backdrop_path":"/rOzFJMPj1h5AFO1SzQtGWmyaNjV.jpg","genre_ids":[14,35,878],"id":10658,"original_language":"en","original_title":"Howard the Duck","overview":"A scientific experiment unknowingly brings extraterrestrial life forms to the Earth through a laser beam. First is the cigar smoking drake Howard from the duck's planet. A few kids try to keep him from the greedy scientists and help him back to his planet. But then a much less friendly being arrives through the beam...","release_date":"1986-08-01","poster_path":"/gEaC5qL3Q6LDb9XS0Rp27hwoglm.jpg","popularity":1.540146,"title":"Howard the Duck","video":false,"vote_average":5.2,"vote_count":55},{"adult":false,"backdrop_path":"/nLYWGdr9gYwI9Y95K8ehIcV4EXS.jpg","genre_ids":[27,9648,53],"id":6933,"original_language":"en","original_title":"One Missed Call","overview":"Several people start receiving voice-mails from their future selves -- messages which include the date, time, and some of the details of their deaths.","release_date":"2008-01-04","poster_path":"/qdGRVppdGVzV0P8fa8c9Aeae3J6.jpg","popularity":1.308905,"title":"One Missed Call","video":false,"vote_average":5.2,"vote_count":55},{"adult":false,"backdrop_path":"/gXiQZuB5OXF0KjYoDgKFxleE29m.jpg","genre_ids":[28,35,878],"id":11918,"original_language":"en","original_title":"Superhero Movie","overview":"The team behind Scary Movie takes on the comic book genre in this tale of Rick Riker, a nerdy teen imbued with superpowers by a radioactive dragonfly. And because every hero needs a nemesis, enter Lou Landers, aka the villainously goofy Hourglass.","release_date":"2008-03-27","poster_path":"/8Qqdq9VywBQ3MnCtdwuiVjC0E8h.jpg","popularity":0.843041,"title":"Superhero Movie","video":false,"vote_average":5.2,"vote_count":84},{"adult":false,"backdrop_path":"/ivPjf1kbWYAeuV0x6y8mAi824g4.jpg","genre_ids":[35,10749,18],"id":12193,"original_language":"en","original_title":"Four Christmases","overview":"Brad and Kate have made something of an art form out of avoiding their families during the holidays, but this year their foolproof plan is about go bust -- big time. Stuck at the city airport after all departing flights are canceled, the couple is embarrassed to see their ruse exposed to the world by an overzealous television reporter. Now, Brad and Kate are left with precious little choice other than to swallow their pride and suffer the rounds.","release_date":"2008-11-26","poster_path":"/ybEq3gB5lxPwLRwpbZhAwRyziQx.jpg","popularity":1.714184,"title":"Four Christmases","video":false,"vote_average":5.2,"vote_count":104},{"adult":false,"backdrop_path":"/udE7c7hLPY1Nb1eKTsFPNdpnzoq.jpg","genre_ids":[28,18,27,9648,53],"id":2176,"original_language":"en","original_title":"The Glass House","overview":"After the sudden death of their parents in a car accident, 16-year-old Ruby Baker and her 11-year-old brother Rhett are sent to live in the posh Malibu house of Terry and Erin Glass, old friends of their parents. But Ruby soon learns that her new foster parents are not all they seem to be.","release_date":"2001-09-14","poster_path":"/pZNdq3a49iJibUIExhe3TXqHoDu.jpg","popularity":1.738748,"title":"The Glass House","video":false,"vote_average":5.2,"vote_count":62},{"adult":false,"backdrop_path":"/4jVe6n1n9NmUrCdIDFmfOgze3HR.jpg","genre_ids":[27,35,28,878,53],"id":9825,"original_language":"en","original_title":"Lake Placid","overview":"When a man is eaten alive by an unknown creature, the local Game Warden teams up with a paleontologist from New York to find the beast. Add to the mix an eccentric philanthropist with a penchant for \"Crocs\", and here we go! This quiet, remote lake is suddenly the focus of an intense search for a crocodile with a taste for live animals...and people!","release_date":"1999-07-15","poster_path":"/6lE0EahK7xDOYWRH6On5uKPnwQZ.jpg","popularity":1.466454,"title":"Lake Placid","video":false,"vote_average":5.2,"vote_count":51},{"adult":false,"backdrop_path":"/j7RVfvO39OFWtzluy860OkX45Ss.jpg","genre_ids":[35],"id":10032,"original_language":"en","original_title":"Van Wilder 2: The Rise of Taj","overview":"Taj Mahal Badalandabad leaves Coolidge College behind for the halls of Camford University in England, where he looks to continue his education, and teach an uptight student how to make the most out of her academic career.","release_date":"2006-12-01","poster_path":"/sGX7RUBhf9i8nI3cfGHISDnAna0.jpg","popularity":1.277409,"title":"Van Wilder 2: The Rise of Taj","video":false,"vote_average":5.2,"vote_count":98},{"adult":false,"backdrop_path":"/uPRHgxygdwyIdso3cHDARV4trov.jpg","genre_ids":[27,878,53],"id":123105,"original_language":"en","original_title":"The Bay","overview":"Two million fish washed ashore. One thousand blackbirds dropped from the sky. On July 4, 2009 a deadly menace swept through the quaint seaside town of Claridge, Maryland, but the harrowing story of what happened that Independence Day has never been told—until now. The authorities believed they had buried the truth about the tragedy that claimed over 700 human lives. Now, three years later, a reporter has emerged with footage revealing the cover-up and an unimaginable killer: a mysterious parasitic outbreak. Told from the perspective of those who were there and saw what happened, The Bay unfolds over 24 hours through people's iPhones, Androids, 911 calls, webcams, and whatever else could be used to document the nightmare in Claridge. What follows is a nerve-shredding tale of a small town plunged into absolute terror.","release_date":"2012-11-02","poster_path":"/qEQRsxwgHNDVkbiihdCSlK0dc4U.jpg","popularity":0.89886,"title":"The Bay","video":false,"vote_average":5.2,"vote_count":87},{"adult":false,"backdrop_path":"/i27vFixWQzSGfMcUjXYziyxWLI5.jpg","genre_ids":[35],"id":8859,"original_language":"en","original_title":"Dude, Where’s My Car?","overview":"Jesse and Chester, two bumbling stoners, wake up one morning from a night of partying and cannot remember where they parked their car. They encounter a variety of people while looking for it, including their angry girlfriends, an angry street gang, a transexual stripper, a cult of alien seeking fanatics, and aliens in human form looking for a mystical device that could save or destroy the world.","release_date":"2000-12-15","poster_path":"/3KoZiWlgvmeDYiLk9oOMpEvZThb.jpg","popularity":2.736001,"title":"Dude, Where’s My Car?","video":false,"vote_average":5.2,"vote_count":145}],"total_pages":180,"total_results":3596}
