{"page":156,"results":[{"adult":false,"backdrop_path":"/vgtjJhY0vgMWdPEQOoXBVDnSCDl.jpg","genre_ids":[18,53],"id":162903,"original_language":"en","original_title":"The Fifth Estate","overview":"A look at the relationship between WikiLeaks founder Julian Assange and his early supporter and eventual colleague Daniel Domscheit-Berg, and how the website's growth and influence led to an irreparable rift between the two friends.","release_date":"2013-10-18","poster_path":"/uIMI7d9DXe8uc5KzXnMFdmmEnNC.jpg","popularity":2.057904,"title":"The Fifth Estate","video":false,"vote_average":5.5,"vote_count":131},{"adult":false,"backdrop_path":"/3HEE058xHDkb3MrcfbpXzOdPPCr.jpg","genre_ids":[27,9648,53],"id":9022,"original_language":"en","original_title":"All the Boys Love Mandy Lane","overview":"The orphan Mandy Lane is a beautiful, virgin and pure teenager raised by her aunt, desired by her schoolmates and a close friend of the outcast Emmet. After the death of their high school mate in a pool party, Mandy befriends Chloe, Marlin, Red, Bird and Jake. Red invites the group for a weekend party in the isolated ranch of his family.","release_date":"2006-09-09","poster_path":"/2ENAfp2NhaeXSPNB4makF0In4YY.jpg","popularity":1.888036,"title":"All the Boys Love Mandy Lane","video":false,"vote_average":5.5,"vote_count":70},{"adult":false,"backdrop_path":"/lLzrg3yP43T63CaNkDm2VqZUAFU.jpg","genre_ids":[35,27],"id":11932,"original_language":"en","original_title":"Bride of Chucky","overview":"Chucky hooks up with another murderous doll, the bridal gown-clad Tiffany, for a Route 66 murder spree with their unwitting hosts.","release_date":"1998-10-16","poster_path":"/u5Lc1Li0Hpc452o57E2KaToezZX.jpg","popularity":1.089186,"title":"Bride of Chucky","video":false,"vote_average":5.5,"vote_count":83},{"adult":false,"backdrop_path":"/rJw1ecWyu9uoFFmtcYwzeNjZ9yP.jpg","genre_ids":[28],"id":81005,"original_language":"en","original_title":"Jack the Giant Slayer","overview":"The story of an ancient war that is reignited when a young farmhand unwittingly opens a gateway between our world and a fearsome race of giants. Unleashed on the Earth for the first time in centuries, the giants strive to reclaim the land they once lost, forcing the young man, Jack into the battle of his life to stop them. Fighting for a kingdom, its people, and the love of a brave princess, he comes face to face with the unstoppable warriors he thought only existed in legend–and gets the chance to become a legend himself.","release_date":"2013-03-01","poster_path":"/wn4aSJcKiQ0fPzJ92XEf6M9Kmlo.jpg","popularity":2.6541,"title":"Jack the Giant Slayer","video":false,"vote_average":5.5,"vote_count":1935},{"adult":false,"backdrop_path":"/uJpcuIK7EP0RU8WaBzxIiTxYxFB.jpg","genre_ids":[28,35,10751],"id":23172,"original_language":"en","original_title":"The Spy Next Door","overview":"Former CIA spy Bob Ho takes on his toughest assignment to date: looking after his girlfriend's three kids, who haven't exactly warmed to their mom's beau. And when one of the youngsters accidentally downloads a top-secret formula, Bob's longtime nemesis, a Russian terrorist, pays a visit to the family.","release_date":"2010-01-15","poster_path":"/5Z9QrtpXnqF5BVg7kEotNMl6uPO.jpg","popularity":1.208731,"title":"The Spy Next Door","video":false,"vote_average":5.5,"vote_count":133},{"adult":false,"backdrop_path":"/lR71zfC8uQjEloVAVicsAogZl6E.jpg","genre_ids":[35,10749],"id":12620,"original_language":"en","original_title":"The House Bunny","overview":"Sexpot Shelley Darlington lives comfortably at the Playboy Mansion, until a jealous rival gets her tossed out on her tail. With nowhere else to go, she winds up at Zeta Alpha Zeta sorority. The seven socially inept Zetas will lose their house unless they can attract more pledges; to do that, they need to learn the ways of makeup and men from an expert.","release_date":"2008-08-22","poster_path":"/8dwE6Uq5JUC82yEr8N4wzoRS9Rs.jpg","popularity":1.841086,"title":"The House Bunny","video":false,"vote_average":5.5,"vote_count":144},{"adult":false,"backdrop_path":"/s6bKy6vSDy8qJ76qLw7cSX4yooG.jpg","genre_ids":[28,878,53],"id":8452,"original_language":"en","original_title":"The 6th Day","overview":"Futuristic action about a man who meets a clone of himself and stumbles into a grand conspiracy about clones taking over the world.","release_date":"2000-11-17","poster_path":"/6pBUekwhnjW99V0cLphx7dZE2Wx.jpg","popularity":1.544459,"title":"The 6th Day","video":false,"vote_average":5.5,"vote_count":178},{"adult":false,"backdrop_path":"/qERtpJ6t8LR0fMbyoQcfgyk7XHc.jpg","genre_ids":[35],"id":8457,"original_language":"en","original_title":"Drillbit Taylor","overview":"Three kids hire a low-budget bodyguard to protect them from the playground bully, not realising he is just a homeless beggar and petty thief looking for some easy cash.","release_date":"2008-03-20","poster_path":"/rc1lPbKX1JPQiqqOsoQMr3tXA8J.jpg","popularity":1.878958,"title":"Drillbit Taylor","video":false,"vote_average":5.5,"vote_count":70},{"adult":false,"backdrop_path":"/8agC0HJCfNP4o88oyf9ii7mTgvA.jpg","genre_ids":[27],"id":112454,"original_language":"en","original_title":"Clown","overview":"A loving father finds a clown suit for his son's birthday party, only to realize the suit is part of an evil curse that turns its wearer into a killer.","release_date":"2014-11-13","poster_path":"/3Z97W9dDWU9YH3fk2sQKVauLNnu.jpg","popularity":1.876092,"title":"Clown","video":false,"vote_average":5.5,"vote_count":60},{"adult":false,"backdrop_path":"/AbgdeWvmTv3UI2zknDWzKiuFwrU.jpg","genre_ids":[35,27],"id":139038,"original_language":"en","original_title":"A Haunted House","overview":"A spoof of all the \"found-footage/documentary style\" films released in recent years.","release_date":"2013-01-11","poster_path":"/iA5B3S9CaN2yn8s6SiLEtN9SxdJ.jpg","popularity":2.097262,"title":"A Haunted House","video":false,"vote_average":5.5,"vote_count":224},{"adult":false,"backdrop_path":"/7YQWfORqPM3XEdeH8yUK28p2w5E.jpg","genre_ids":[53],"id":4858,"original_language":"en","original_title":"The Invasion","overview":"Washington, D.C. psychologist Carol Bennell and her colleague Dr. Ben Driscoll are the only two people on Earth who are aware of an epidemic running rampant through the city. They discover an alien virus aboard a crashed space shuttle that transforms anyone who comes into contact with it into unfeeling drones while they sleep. Carol realizes her son holds the key to stopping the spread of the plague and she races to find him before it is too late.","release_date":"2007-08-17","poster_path":"/AiGIhoLpX4gcbbaX6JwFSygAqPY.jpg","popularity":0.663496,"title":"The Invasion","video":false,"vote_average":5.5,"vote_count":85},{"adult":false,"backdrop_path":"/3U1NDhGkIqXm0C1HL1xJ4wED3eH.jpg","genre_ids":[35,80],"id":11565,"original_language":"en","original_title":"Big Momma's House 2","overview":"FBI agent Malcolm Turner goes back undercover as Big Momma, a slick-talking, slam-dunking Southern granny with attitude to spare! Now this granny must play nanny to three dysfunctional upper class kids in order to spy on their computer hacked dad.","release_date":"2006-01-26","poster_path":"/nrb1TjVFG4ZGmmIFaWxeEb0VGeE.jpg","popularity":1.670984,"title":"Big Momma's House 2","video":false,"vote_average":5.5,"vote_count":97},{"adult":false,"backdrop_path":"/gK3HCLid5M9AjzcIlKvhXjTHsfb.jpg","genre_ids":[53,28,12,878],"id":44833,"original_language":"en","original_title":"Battleship","overview":"When mankind beams a radio signal into space, a reply comes from \"Planet G\", in the form of several alien crafts that splash down in the waters off Hawaii. Lieutenant Alex Hopper (Taylor Kitsch) is a naval weapons officer assigned to the ship USS John Paul Jones, part of an international naval coalition which becomes the world's last hope for survival as they engage the hostile alien force of unimaginable strength. While taking on the invaders, Hopper must also try to live up to the potential his brother Stone (Alexander Skarsgård) and his fiancée's father, Admiral Shane (Liam Neeson), expect of him.","release_date":"2012-05-18","poster_path":"/8R80QyDq7MCuBD8zMsNlminyXxy.jpg","popularity":4.617262,"title":"Battleship","video":false,"vote_average":5.5,"vote_count":1153},{"adult":false,"backdrop_path":"/masf7h6JxkH2q6RlqKccry3mPCn.jpg","genre_ids":[35,10751,12],"id":9530,"original_language":"en","original_title":"RV","overview":"Climbing aboard their mammoth recreational vehicle for a cross-country road trip to the Colorado Rockies, the McNeive family -- led by dysfunctional patriarch Bob -- prepares for the adventure of a lifetime. But spending two weeks together in one seriously small space has a way of cramping their style.","release_date":"2006-04-28","poster_path":"/wunuRnWuDKJQzsd1OnK55fpSzPQ.jpg","popularity":2.466236,"title":"RV","video":false,"vote_average":5.5,"vote_count":112},{"adult":false,"backdrop_path":"/yVs7C9FmYS2GaqOSoTLLHRocMW8.jpg","genre_ids":[14,18,35,10749,10751],"id":10025,"original_language":"en","original_title":"Just My Luck","overview":"Manhattanite Ashley is known to many as the luckiest woman around. After a chance encounter with a down-and-out young man, however, she realizes that she's swapped her fortune for his.","release_date":"2006-05-12","poster_path":"/vjA1TA9h2gyysAovW1MZHZdFGqS.jpg","popularity":2.624327,"title":"Just My Luck","video":false,"vote_average":5.5,"vote_count":106},{"adult":false,"backdrop_path":"/ttdIBocxJOLaDHlibyp8tVfXnLH.jpg","genre_ids":[35],"id":9767,"original_language":"en","original_title":"The Break-Up","overview":"Cohabitating couple Gary and Brooke find their once-blissful romance on the rocks when petty spats about lemons and dirty dishes mushroom into an all-out battle for custody of their upscale Chicago condo. An escalating argument ensues as Gary and Brooke continue to live under the same roof, all while cooking up schemes to drive each other off the premises.","release_date":"2006-06-02","poster_path":"/wjbKWg1Zcu70mNWo5SzqMkQlQQe.jpg","popularity":2.177492,"title":"The Break-Up","video":false,"vote_average":5.5,"vote_count":191},{"adult":false,"backdrop_path":"/j2JjcTi5jW0ZVKJ1K6dYOhROHzH.jpg","genre_ids":[28,35],"id":2334,"original_language":"fr","original_title":"Taxi 3","overview":"A gang of thieves calling themselves the Santa Claus Gang are wreaking havoc, and the police can't keep up. Police Captain Gilbert is distracted by a Chinese reporter writing a story on his squad, and taxi driver Daniel is in the midst of a relationship crisis. After a string of mistakes in which the thieves outsmart the police time and time again, Daniel and his super-taxi pitch in.","release_date":"2003-01-29","poster_path":"/fftXYsaMhS1EbP0IZGr2gGysYeS.jpg","popularity":1.380837,"title":"Taxi 3","video":false,"vote_average":5.5,"vote_count":95},{"adult":false,"backdrop_path":"/hVzII4DQU9X9TVhXwQoLgeweZV9.jpg","genre_ids":[12,35,10751,14],"id":10488,"original_language":"en","original_title":"Nim's Island","overview":"A young girl inhabits an isolated island with her scientist father and communicates with a reclusive author of the novel she's reading.","release_date":"2008-04-03","poster_path":"/aK9pn7ivx4P72E5yYZ69A4sChVc.jpg","popularity":1.983016,"title":"Nim's Island","video":false,"vote_average":5.5,"vote_count":91},{"adult":false,"backdrop_path":"/l7D6BvLDgEsCFJsP5mjVSZg3cDb.jpg","genre_ids":[28,12,878,53],"id":10061,"original_language":"en","original_title":"Escape from L.A.","overview":"This time, a cataclysmic temblor hits Los Angeles, turning it into an island. The president views the quake as a sign from above, expels Los Angeles from the country and makes it a penal colony for those found guilty of moral crimes. When his daughter, part of a resistance movement, steals the control unit for a doomsday weapon, Snake again gets tapped to save the day.","release_date":"1996-08-09","poster_path":"/oR8E10bBEivuw4D946QKjwGhGxm.jpg","popularity":2.222984,"title":"Escape from L.A.","video":false,"vote_average":5.5,"vote_count":91},{"adult":false,"backdrop_path":"/6RaH2Znu7dUQq7c8surf7hRp44f.jpg","genre_ids":[28,12,14,878],"id":9738,"original_language":"en","original_title":"Fantastic Four","overview":"During a space voyage, four scientists are altered by cosmic rays: Reed Richards gains the ability to stretch his body; Sue Storm can become invisible; Johnny Storm controls fire; and Ben Grimm is turned into a super-strong … thing. Together, these \"Fantastic Four\" must now thwart the evil plans of Dr. Doom and save the world from certain destruction.","release_date":"2005-07-08","poster_path":"/aJwUBmUA11lkNVSJ3if3h3xHSFd.jpg","popularity":4.234897,"title":"Fantastic Four","video":false,"vote_average":5.5,"vote_count":1072}],"total_pages":180,"total_results":3596}
