{"page":179,"results":[{"adult":false,"backdrop_path":"/5L4uKP7JjMcmUhgUwMVgsdWTxXQ.jpg","genre_ids":[35],"id":248390,"original_language":"fr","original_title":"Le Crocodile du Botswanga","overview":"Leslie Konda young talented French footballer spotted in his teens by Didier , a small-scale agent who was able to take under his wing , has signed its first contract striker in a large Spanish club . At the same time, his growing reputation and its origins Botswanga , small, poor state of Central Africa, earned him an invitation by the President of the Republic in person Babimbi Bobo , a football enthusiast, freshly installed in power after a coup military state. Leslie therefore went for the first time in the country of his ancestors accompanied by Didier to be decorated by the President Bobo which quickly turns out, despite his great humanist discourse be a megalomaniac and paranoid dictator under the bad influence of his wife .dropoff window Hardly have they landed Bobo enters into a sordid deal with Didier put pressure on his player so that it plays for the national team : Crocodiles of Botswanga ...","release_date":"2014-02-19","poster_path":"/mvciZQYxQkHab2RmLaCLNmtLpGQ.jpg","popularity":1.120478,"title":"Le Crocodile du Botswanga","video":false,"vote_average":4.5,"vote_count":62},{"adult":false,"backdrop_path":"/bmM8Bmfk9A3EN2euhKq4wIUMc0C.jpg","genre_ids":[12,28,10751],"id":9978,"original_language":"en","original_title":"Stormbreaker","overview":"Alex Rider thinks he is a normal school boy, until his uncle is killed. He discovers that his uncle was actually spy on a mission, when he was killed. Alex is recruited by Alan Blunt to continue the mission. He is sent to Cornwall to investigate a new computer system, which Darrius Sayle has created. He plans to give the new computer systems to every school in the country, but Mr. Blunt has other ideas and Alex must find out what it is.","release_date":"2006-07-21","poster_path":"/zw7zVvRGzPIMMNoRjLfkRTSBxSL.jpg","popularity":1.584079,"title":"Stormbreaker","video":false,"vote_average":4.5,"vote_count":56},{"adult":false,"backdrop_path":"/rSVBuINAkGgJknWDbYOHZRJkCGF.jpg","genre_ids":[28,12,35,10751],"id":332,"original_language":"en","original_title":"Inspector Gadget","overview":"John Brown is a bumbling but well-intentioned security guard who is badly injured in an explosion planned by an evil mastermind. He is taken to a laboratory, where Brenda, a leading robotics surgeon, replaces his damaged limbs with state-of-the-art gadgets and tools. Named \"Inspector Gadget\" by the press, John -- along with his niece, Penny, and her trusty dog, Brain -- uses his new powers to discover who was behind the explosion.","release_date":"1999-07-23","poster_path":"/kvlKBGtyyNVyGJB72aD1vwPk2d4.jpg","popularity":1.495758,"title":"Inspector Gadget","video":false,"vote_average":4.5,"vote_count":77},{"adult":false,"backdrop_path":"/rsA99csecfKc0T5Yg7YfOUlJGpe.jpg","genre_ids":[14,28,53,80,878],"id":415,"original_language":"en","original_title":"Batman & Robin","overview":"Along with crime-fighting partner Robin and new recruit Batgirl, Batman battles the dual threat of frosty genius Mr. Freeze and homicidal horticulturalist Poison Ivy. Freeze plans to put Gotham City on ice, while Ivy tries to drive a wedge between the dynamic duo.","release_date":"1997-06-20","poster_path":"/Aq6infMlOUH5peq3Llf4yGy7ait.jpg","popularity":3.074756,"title":"Batman & Robin","video":false,"vote_average":4.4,"vote_count":451},{"adult":false,"backdrop_path":"/dzGocMNPdWMfo52LcofnkfwrMaj.jpg","genre_ids":[35],"id":10152,"original_language":"en","original_title":"Dumb and Dumberer: When Harry Met Lloyd","overview":"This wacky prequel to the 1994 blockbuster goes back to the lame-brained Harry and Lloyd's days as classmates at a Rhode Island high school, where the unprincipled principal puts the pair in remedial courses as part of a scheme to fleece the school.","release_date":"2003-06-13","poster_path":"/eizaKEnF108gQq89f1XsAyVxjq6.jpg","popularity":2.014398,"title":"Dumb and Dumberer: When Harry Met Lloyd","video":false,"vote_average":4.4,"vote_count":62},{"adult":false,"backdrop_path":"/kCPm2YcsQWIlv6iGm0063FGk27n.jpg","genre_ids":[27,53],"id":104755,"original_language":"en","original_title":"The Lords of Salem","overview":"The City of Salem, Massachusetts is visited by a coven of ancient witches.","release_date":"2013-04-19","poster_path":"/1McyfXZO1F0zfrpbqqz3DvvlZ73.jpg","popularity":0.733563,"title":"The Lords of Salem","video":false,"vote_average":4.4,"vote_count":66},{"adult":false,"backdrop_path":"/e6xFzaEzjSF4OnJ4f65ovMJE3vu.jpg","genre_ids":[27],"id":17692,"original_language":"en","original_title":"Jaws 3-D","overview":"This third film in the series follows a group of marine biologists attempting to capture a young great white shark that has wandered into Florida's Sea World Park. However, later it is discovered that the shark's 35-foot mother is also a guest at Sea World. What follows is the shark wreaking havoc on the visitors in the park.","release_date":"1983-07-22","poster_path":"/jQa0nQvbjwDT79WFi7wt1rAtKRT.jpg","popularity":0.642717,"title":"Jaws 3-D","video":false,"vote_average":4.4,"vote_count":64},{"adult":false,"backdrop_path":"/ni9zaNf9pjpodVFkZio26wfM5wN.jpg","genre_ids":[27],"id":87436,"original_language":"en","original_title":"The ABCs of Death","overview":"An ambitious anthology film featuring segments directed by over two dozen of the world's leading talents in contemporary genre film. Inspired by children's educational ABC books, the motion picture is comprised of 26 individual chapters, each helmed by a different director assigned a letter of the alphabet. The directors were then given free reign in choosing a word to create a story involving death. Provocative, shocking, funny and ultimately confrontational; THE ABC's OF DEATH is the definitive snapshot of the diversity of modern horror.","release_date":"2013-03-08","poster_path":"/9rAaRHk7GkYCxjOlBnJLC0kXrSy.jpg","popularity":0.719262,"title":"The ABCs of Death","video":false,"vote_average":4.4,"vote_count":58},{"adult":false,"backdrop_path":"/kiH75U6WTtlPBiV9QmfoeaMJlPY.jpg","genre_ids":[53,18,9648],"id":182560,"original_language":"en","original_title":"Dark Places","overview":"A woman who survived the brutal killing of her family as a child is forced to confront the events of that day.","release_date":"2015-06-17","poster_path":"/1z7Bxnxi1lgO0ksc6peI4UssEPf.jpg","popularity":4.033585,"title":"Dark Places","video":false,"vote_average":4.4,"vote_count":54},{"adult":false,"backdrop_path":"/z1RXq7GvPcRD4oDKmlmxV2kCz8Z.jpg","genre_ids":[27,53],"id":267806,"original_language":"en","original_title":"V/H/S: Viral","overview":"V/H/S: VIRAL's segments include the story of a deranged illusionist who obtains a magical object of great power, a homemade machine that opens a door to a parallel world, teenage skaters that unwillingly become targets of a Mexican death cult ritual, and a sinister, shadowy organization that is tracking a serial killer. The segments are tied together by the story of a group of fame-obsessed teens following a violent car chase in LA that unwittingly become stars of the next internet sensation.","release_date":"2014-10-23","poster_path":"/e0z9RMcs3dstmNllNqdsoSfzMTh.jpg","popularity":1.451416,"title":"V/H/S: Viral","video":false,"vote_average":4.4,"vote_count":64},{"adult":false,"backdrop_path":"/2u68eDsoKOXBtfZWKCdqmt28ZxJ.jpg","genre_ids":[35],"id":71880,"original_language":"en","original_title":"Jack and Jill","overview":"Jack Sadelstein, a successful advertising executive in Los Angeles with a beautiful wife and kids, dreads one event each year: the Thanksgiving visit of his twin sister Jill. Jill's neediness and passive-aggressiveness is maddening to Jack, turning his normally tranquil life upside down.","release_date":"2011-11-11","poster_path":"/yI6tiyhRbeK6CbIHPrNYfEjJCeg.jpg","popularity":0.972213,"title":"Jack and Jill","video":false,"vote_average":4.3,"vote_count":220},{"adult":false,"backdrop_path":"/dGDXCE7b6gjwGtyw0r8YWCaGO6z.jpg","genre_ids":[28],"id":250066,"original_language":"en","original_title":"American Heist","overview":"Two brothers, both with troubled paths, find themselves in the middle of one last bank job.","release_date":"2014-09-11","poster_path":"/6BPoMjHNqLxMhIeoGO1zpcpQWlw.jpg","popularity":2.29819,"title":"American Heist","video":false,"vote_average":4.4,"vote_count":58},{"adult":false,"backdrop_path":"/aE2TX22gHKncUoGKFBRhacXB66N.jpg","genre_ids":[28,12,53],"id":1639,"original_language":"en","original_title":"Speed 2: Cruise Control","overview":"Sandra Bullock and Jason Patric star as a young couple whose dream cruise turns to terror when a lunatic computer genius (Willem Dafoe) sets a new course for destruction.","release_date":"1997-06-12","poster_path":"/iHktqeAGoJpENiiuXfsXaHmhr7D.jpg","popularity":2.020819,"title":"Speed 2: Cruise Control","video":false,"vote_average":4.4,"vote_count":129},{"adult":false,"backdrop_path":"/p7Q8RuElbCsVEb6TZ3vTXY5M5ev.jpg","genre_ids":[28,80],"id":314,"original_language":"en","original_title":"Catwoman","overview":"Liquidated after discovering a corporate conspiracy, mild-mannered graphic artist Patience Phillips washes up on an island, where she's resurrected and endowed with the prowess of a cat -- and she's eager to use her new skills ... as a vigilante. Before you can say \"cat and mouse,\" handsome gumshoe Tom Lone is on her tail.","release_date":"2004-07-23","poster_path":"/3E1XPZ2lZmL4lJV1KSUi1jaSx3w.jpg","popularity":3.239659,"title":"Catwoman","video":false,"vote_average":4.3,"vote_count":216},{"adult":false,"backdrop_path":"/10i5B7wYDBJ5B2tcHmakhphHwXP.jpg","genre_ids":[35],"id":7278,"original_language":"en","original_title":"Meet the Spartans","overview":"From the creators of Scary Movie and Date Movie comes this tongue-in-cheek parody of the sword-and-sandal epics, dubbed Meet the Spartans. The 20th Century Fox production was written and directed by the filmmaking team of Jason Friedberg and Aaron Seltzer. Sure, Leonidas may have nothing more than a cape and some leather underwear to protect him from the razor-sharp swords of his Persian enemies,","release_date":"2008-01-24","poster_path":"/dymuQcYSGR2QchZbFTp7qZbN2V.jpg","popularity":2.129023,"title":"Meet the Spartans","video":false,"vote_average":4.3,"vote_count":108},{"adult":false,"backdrop_path":"/1W2fZ7meubiakgbYz5rD2ALvOWE.jpg","genre_ids":[35],"id":225703,"original_language":"en","original_title":"The Starving Games","overview":"A spoof movie that references The Hunger Games, The Avengers, Sherlock Holmes, and the Harry Potter saga.","release_date":"2013-11-08","poster_path":"/hyTcu6nfMnKUHuD9O5pssHpZ3RB.jpg","popularity":1.035521,"title":"The Starving Games","video":false,"vote_average":4.3,"vote_count":99},{"adult":false,"backdrop_path":"/6Ur9u2mtQKRhEKsARfvfdLNtPdt.jpg","genre_ids":[27,878],"id":11470,"original_language":"en","original_title":"Jason X","overview":"In the year 2455, Old Earth is now a contaminated planet abandoned for centuries -- a brown world of violent storms, toxic landmasses and poisonous seas. Yet humans have returned to the deadly place that they once fled, not to live, but to research the ancient, rusting artifacts of the long-gone civilizations. But it's not the harmful environment that could prove fatal to the intrepid, young explorers who have just landed on Old Earth. For them, it's Friday the 13th, and Jason lives!","release_date":"2001-07-24","poster_path":"/kioNe9each66VStPSXpVTyQs1L8.jpg","popularity":2.026103,"title":"Jason X","video":false,"vote_average":4.3,"vote_count":69},{"adult":false,"backdrop_path":"/jB8p1HUXVPN1j3WaiymJ8vMLE3D.jpg","genre_ids":[27,9648,53],"id":9708,"original_language":"en","original_title":"The Wicker Man","overview":"A sheriff investigating the disappearance of a young girl from a small island discovers there's a larger mystery to solve among the island's secretive, neo-pagan community.","release_date":"2006-09-01","poster_path":"/aeQ65vYvOCRmeO0uaVnjHOiDrXZ.jpg","popularity":0.783134,"title":"The Wicker Man","video":false,"vote_average":4.2,"vote_count":87},{"adult":false,"backdrop_path":"/htfDvent941Z6AuZpfSN8Uh1W0O.jpg","genre_ids":[28,12,14,878,53],"id":11411,"original_language":"en","original_title":"Superman IV: The Quest for Peace","overview":"With global superpowers engaged in an increasingly hostile arms race, Superman leads a crusade to rid the world of nuclear weapons. But Lex Luthor, recently sprung from jail, is declaring war on the Man of Steel and his quest to save the planet. Using a strand of Superman's hair, Luthor synthesizes a powerful ally known as Nuclear Man and ignites an epic battle spanning Earth and space.","release_date":"1987-07-24","poster_path":"/q1P6UHWdrtZNkmdnoprV0ILfLlr.jpg","popularity":1.028832,"title":"Superman IV: The Quest for Peace","video":false,"vote_average":4.2,"vote_count":81},{"adult":false,"backdrop_path":"/rCe0TxpHsfEz3N4aRiQy3xYsQsN.jpg","genre_ids":[28,12,80,878,53],"id":5550,"original_language":"en","original_title":"RoboCop 3","overview":"Robocop saves the day once more. This time the half man/half robot takes on ruthless developers who want to evict some people on \"their\" land.","release_date":"1993-11-05","poster_path":"/sJiPU5x0ch4u32KCXdqXMVuL3K1.jpg","popularity":2.420391,"title":"RoboCop 3","video":false,"vote_average":4.2,"vote_count":99}],"total_pages":180,"total_results":3596}
