{"page":55,"results":[{"adult":false,"backdrop_path":"/nZuqo9yQpEo447sH0w0MFBgdT6J.jpg","genre_ids":[16,80,18,878,53],"id":3509,"original_language":"en","original_title":"A Scanner Darkly","overview":"An undercover cop in a not-too-distant future becomes involved with a dangerous new drug and begins to lose his own identity as a result.","release_date":"2006-07-07","poster_path":"/wS0QhF2RTwap84BKGr9hKHzNAMx.jpg","popularity":0.80573,"title":"A Scanner Darkly","video":false,"vote_average":6.8,"vote_count":156},{"adult":false,"backdrop_path":"/cAW1NAahXhBUFJZgicBIGPs2OkZ.jpg","genre_ids":[16,28,12],"id":13851,"original_language":"en","original_title":"Batman: Gotham Knight","overview":"Explore Bruce Wayne's transition from his beginning as a tormented vigilantee to The Dark Knight of a crumbling metropolis with six distinct chapters but intended to be viewed as a whole.","release_date":"2008-07-08","poster_path":"/gZb4h7aYRDzUsziErNyrPACo8wv.jpg","popularity":1.883616,"title":"Batman: Gotham Knight","video":false,"vote_average":6.8,"vote_count":62},{"adult":false,"backdrop_path":"/9podqGmd36AJHO13HQIQHQZRTJC.jpg","genre_ids":[14,16,35,80,10751],"id":856,"original_language":"en","original_title":"Who Framed Roger Rabbit","overview":"'Toon star Roger is worried that his wife Jessica is playing pattycake with someone else, so the studio hires detective Eddie Valiant to snoop on her. But the stakes are quickly raised when Marvin Acme is found dead and Roger is the prime suspect.","release_date":"1988-06-21","poster_path":"/hSycHavBDjY9Qk3h5B4oXWTEqp1.jpg","popularity":1.890982,"title":"Who Framed Roger Rabbit","video":false,"vote_average":6.8,"vote_count":406},{"adult":false,"backdrop_path":"/lFiEdW3zVjR2Wujxu3yZLpL2N8n.jpg","genre_ids":[35,27],"id":814,"original_language":"en","original_title":"An American Werewolf in London","overview":"Two American tourists in England are attacked by a werewolf that none of the locals will admit exists.","release_date":"1981-08-21","poster_path":"/5LhU4gI8ltKYpLtI9X2DVFtwBrN.jpg","popularity":1.493023,"title":"An American Werewolf in London","video":false,"vote_average":6.8,"vote_count":138},{"adult":false,"backdrop_path":"/lnseq9bVaL6LLmuqWiJYiYmM8TO.jpg","genre_ids":[35,18,10752],"id":801,"original_language":"en","original_title":"Good Morning, Vietnam","overview":"An unorthodox and irreverent DJ begins to shake up things when he is assigned to the US Armed Services Radio station in Vietnam.","release_date":"1987-12-23","poster_path":"/62Ve2yREvobU0qo4DxdSrShh1YO.jpg","popularity":1.937416,"title":"Good Morning, Vietnam","video":false,"vote_average":6.8,"vote_count":177},{"adult":false,"backdrop_path":"/b21P45NQHZ9J8C871pNBrK0rJr3.jpg","genre_ids":[18],"id":462,"original_language":"en","original_title":"Erin Brockovich","overview":"A twice-divorced mother of three who sees an injustice, takes on the bad guy and wins -- with a little help from her push-up bra. Erin goes to work for an attorney and comes across medical records describing illnesses clustered in one nearby town. She starts investigating and soon exposes a monumental cover-up.","release_date":"2000-03-13","poster_path":"/8WLnzPVUh9rSYGGQ11q4wfbwf6H.jpg","popularity":1.791176,"title":"Erin Brockovich","video":false,"vote_average":6.8,"vote_count":216},{"adult":false,"backdrop_path":"/sn0HQZthLpYamYb8VSPbEAWT4kF.jpg","genre_ids":[18,36,10752],"id":8741,"original_language":"en","original_title":"The Thin Red Line","overview":"Based on the graphic novel by James Jones, The Thin Red Line tells the story of a group of men, an Army Rifle company called C-for-Charlie, who change, suffer, and ultimately make essential discoveries about themselves during the fierce World War II battle of Guadalcanal. It follows their journey, from the surprise of an unopposed landing, through the bloody and exhausting battles that follow, to the ultimate departure of those who survived. A powerful frontline cast - including Sean Penn, Nick Nolte, Woody Harrelson and George Clooney - explodes into action in this hauntingly realistic view of military and moral chaos in the Pacific during World War II.","release_date":"1998-12-25","poster_path":"/jGDK6eM6vb8VEUmR0ZoaghcCG8f.jpg","popularity":2.438508,"title":"The Thin Red Line","video":false,"vote_average":6.8,"vote_count":261},{"adult":false,"backdrop_path":"/cAEtrRXMihiM68RDb6rxyUdep0k.jpg","genre_ids":[35,18,10749],"id":242090,"original_language":"en","original_title":"The One I Love","overview":"On the brink of separation, Ethan and Sophie escape to a beautiful vacation house for a weekend getaway in an attempt to save their marriage. What begins as a romantic and fun retreat soon becomes surreal, when an unexpected discovery forces the two to examine themselves, their relationship, and their future.","release_date":"2014-08-08","poster_path":"/6eUaKwFLb0FXt6cqHZKhbeKDXEZ.jpg","popularity":0.535115,"title":"The One I Love","video":false,"vote_average":6.8,"vote_count":115},{"adult":false,"backdrop_path":"/wWHeMjL0ZnOkrhnclcneIVSZnlM.jpg","genre_ids":[12,18,10402,10749],"id":4688,"original_language":"en","original_title":"Across the Universe","overview":"Musical based on The Beatles songbook and set in the 60s England, America, and Vietnam. The love story of Lucy and Jude is intertwined with the anti-war movement and social protests of the 60s.","release_date":"2007-09-14","poster_path":"/iPh20R6bO4GdBpO0E7t4nEdHhp7.jpg","popularity":1.771124,"title":"Across the Universe","video":false,"vote_average":6.8,"vote_count":139},{"adult":false,"backdrop_path":"/wNVht6M9rGWevuURjmUKyP55UqV.jpg","genre_ids":[35,18,9648],"id":171372,"original_language":"en","original_title":"Frank","overview":"A comedy about a young wannabe musician (Domhnall Gleeson) who discovers he has bitten off more than he can chew when he joins an eccentric pop band led by the mysterious and enigmatic Frank (Michael Fassbender).","release_date":"2014-05-09","poster_path":"/fl4TmhaURSNB5nlKeszAV3dHcQ4.jpg","popularity":1.560916,"title":"Frank","video":false,"vote_average":6.8,"vote_count":220},{"adult":false,"backdrop_path":"/kQwzsrP1V2pMyM5wzRHUGqEXNa0.jpg","genre_ids":[18],"id":244772,"original_language":"en","original_title":"The Skeleton Twins","overview":"Estranged twins Maggie and Milo coincidentally cheat death on the same day, prompting them to reunite and confront the reasons their lives went so wrong. As the twins' reunion reinvigorates them, they realize the key to fixing their lives may just lie in repairing their relationship.","release_date":"2014-09-12","poster_path":"/vvmv1R2jDXJeeeyYcGg0ypXc2XK.jpg","popularity":1.819853,"title":"The Skeleton Twins","video":false,"vote_average":6.8,"vote_count":118},{"adult":false,"backdrop_path":"/zzkCU58ub1QHQ9cVYznNExmdOyy.jpg","genre_ids":[35],"id":190880,"original_language":"fr","original_title":"Les Garçons et Guillaume, à Table !","overview":"How to become a man when your mother and your closed circle have decided otherwise? This is the challenge Guillaume took up. The film recounts Guillaume's tragicomic battle from the young age of eight, as he adopts the role of a girl then of a homosexual... until, aged 30, he meets the woman who, after his mother, will become the other woman in his life. Beyond this story of a heterosexual coming-out, the film tells the tale of an actor who never stopped loving women, maybe even a little too much.","release_date":"2013-11-20","poster_path":"/A8qFJaPp9VuxyHaDBMchjFG3GqO.jpg","popularity":1.761228,"title":"Me, Myself and Mum","video":false,"vote_average":6.8,"vote_count":87},{"adult":false,"backdrop_path":"/tGwCY3dVkFpOQUL6hjiMb9c3yMl.jpg","genre_ids":[18,35,10749],"id":12225,"original_language":"en","original_title":"Cashback","overview":"After a painful breakup, Ben develops insomnia. To kill time, he starts working the late night shift at the local supermarket, where his artistic imagination runs wild.","release_date":"2006-09-10","poster_path":"/rXzlyFeZkpwFMd8lCrOHpjfM4VL.jpg","popularity":1.696538,"title":"Cashback","video":false,"vote_average":6.8,"vote_count":125},{"adult":false,"backdrop_path":"/6WI4pdh9LlklxCDKKZ1CCbBdWXT.jpg","genre_ids":[35,18,10749],"id":50646,"original_language":"en","original_title":"Crazy, Stupid, Love.","overview":"At fortysomething, straight-laced Cal Weaver (Steve Carell) is living the dream-good job, nice house, great kids and marriage to his high school sweetheart. But when Cal learns that his wife, Emily (Julianne Moore), has cheated on him and wants a divorce, his \"perfect\" life quickly unravels. Worse, in today's single world, Cal, who hasn't dated in decades, stands out as the epitome of un-smooth. Now spending his free evenings sulking alone at a local bar, the hapless Cal is taken on as wingman and protégé to handsome, thirtysomething player Jacob Palmer (Ryan Gosling).","release_date":"2011-07-28","poster_path":"/n97V1WcpoJ8gBA0pM48Om05o2fN.jpg","popularity":3.014162,"title":"Crazy, Stupid, Love.","video":false,"vote_average":6.8,"vote_count":888},{"adult":false,"backdrop_path":"/9c72JU6Agv9zPY5YWDsuekGd8kz.jpg","genre_ids":[35,18,10749],"id":11522,"original_language":"en","original_title":"Pretty in Pink","overview":"Young Andie is one of the not-so-popular girls in high school. She usually hangs out with her friends Iona or Duckie. Duckie has always had a crush on her, but now she has met a new guy from school, Blane. He's one of the rich and popular guys but can the two worlds meet?","release_date":"1986-02-28","poster_path":"/td6vfzrDZnGXsMfgZQfchRWcqv6.jpg","popularity":1.152097,"title":"Pretty in Pink","video":false,"vote_average":6.8,"vote_count":76},{"adult":false,"backdrop_path":"/trzERKnMxNFYsyFbsfO7a8EL1Bi.jpg","genre_ids":[37],"id":8879,"original_language":"en","original_title":"Pale Rider","overview":"A small gold mining camp is terrorised by a ruthless land owner wanting to take their land. Clint Eastwood arrives riding a pale horse just as a young girl is praying to God to help the miners. He is revealed to be a preacher with mysterious and possible otherworldly origins who teams up with the miners to defeat the land owner and the corrupt sheriff.","release_date":"1985-10-30","poster_path":"/gudBHMzkv0ZgnN6hPj6r2E09GFc.jpg","popularity":0.493179,"title":"Pale Rider","video":false,"vote_average":6.8,"vote_count":68},{"adult":false,"backdrop_path":"/sG3Du3Ha6rGeSzFfXme1nh8S2Jl.jpg","genre_ids":[10751,14],"id":34584,"original_language":"en","original_title":"Die unendliche Geschichte","overview":"While hiding from bullies in his school's attic, a young boy discovers the extraordinary land of Fantasia, through a magical book called The Neverending Story. The book tells the tale of Atreyu, a young warrior who, with the help of a luck dragon named Falkor, must save Fantasia from the destruction of The Nothing.","release_date":"1984-04-05","poster_path":"/uHfRay8H5lS4dhaHkcl4yebhijU.jpg","popularity":2.213074,"title":"The NeverEnding Story","video":false,"vote_average":6.8,"vote_count":266},{"adult":false,"backdrop_path":"/7HVnz5THbqJZKmAuRvF9vDNaLcK.jpg","genre_ids":[28,12,80,18],"id":624,"original_language":"en","original_title":"Easy Rider","overview":"Easy Rider is the classic cult film from the 1960s. A road movie that embodies the feeling of being a hippie as two friends head cross-country to Mardi Gras. A controversial period film by Dennis Hopper and Peter Fonda with some classic music from a generation of wanderers.","release_date":"1969-05-07","poster_path":"/dnvaLov7VHqN2t3lfKm7NZpeJy2.jpg","popularity":2.048796,"title":"Easy Rider","video":false,"vote_average":6.8,"vote_count":74},{"adult":false,"backdrop_path":"/zLYEkkGA5jY8eJ6Nrdf9c8hYvbs.jpg","genre_ids":[10402,18],"id":209451,"original_language":"en","original_title":"Jersey Boys","overview":"From director Clint Eastwood comes the big-screen version of the Tony Award-winning musical Jersey Boys. The film tells the story of four young men from the wrong side of the tracks in New Jersey who came together to form the iconic 1960s rock group The Four Seasons. The story of their trials and triumphs are accompanied by the songs that influenced a generation, including “Sherry,” “Big Girls Don’t Cry,” “Walk Like a Man,” “Rag Doll,” and many more.","release_date":"2014-06-20","poster_path":"/aFr2hkGQT2egYAQd0A74RIZeVnz.jpg","popularity":1.529775,"title":"Jersey Boys","video":false,"vote_average":6.8,"vote_count":106},{"adult":false,"backdrop_path":"/kmSYmcn9RAyIT2a8WSO8lBEP4vU.jpg","genre_ids":[18,53,10749],"id":3133,"original_language":"en","original_title":"Badlands","overview":"Dramatization of the Starkweather-Fugate killing spree of the 1950's, in which a teenage girl and her twenty-something boyfriend slaughtered her entire family and several others in the Dakota badlands.","release_date":"1973-10-15","poster_path":"/yAFn7Bc80pF98DOxRs85d78jWbD.jpg","popularity":1.785949,"title":"Badlands","video":false,"vote_average":6.8,"vote_count":50}],"total_pages":180,"total_results":3596}
