{"page":135,"results":[{"adult":false,"backdrop_path":"/w0no28UKW3Z9CIv9kTiCoan6RWl.jpg","genre_ids":[16,35,12,10751,878],"id":68179,"original_language":"en","original_title":"Escape from Planet Earth","overview":"Astronaut Scorch Supernova finds himself caught in a trap when he responds to an SOS from a notoriously dangerous alien planet.","release_date":"2013-02-14","poster_path":"/ql8q3VrEWQ7h0zdrUj0NF9IAm5i.jpg","popularity":2.185111,"title":"Escape from Planet Earth","video":false,"vote_average":5.8,"vote_count":175},{"adult":false,"backdrop_path":"/yA4OiCFItCMCmFOXVFT4Xy1HsqI.jpg","genre_ids":[28,35],"id":10393,"original_language":"en","original_title":"The Replacements","overview":"Maverick old-guard coach Jimmy McGinty is hired in the wake of a players' strike to help the Washington Sentinels advance to the playoffs. But that impossible dream hinges on whether his replacements can hunker down and do the job. So, McGinty dusts off his secret dossier of ex-players who never got a chance (or screwed up the one they were given) and knits together a bad-dream team of guys who just may give the Sentinels their title shot.","release_date":"2000-08-07","poster_path":"/cHI4RgNND66gAcV63V5SoS76tVQ.jpg","popularity":0.466469,"title":"The Replacements","video":false,"vote_average":5.8,"vote_count":59},{"adult":false,"backdrop_path":"/dPIA75FNbTBq5AbRgjsAsjog0Ph.jpg","genre_ids":[35,10749],"id":133698,"original_language":"fr","original_title":"Un Plan parfait","overview":"Successful woman in love tries to break her family curse of every first marriage ending in divorce, by dashing to the alter with a random stranger before marrying her boyfriend.","release_date":"2012-10-29","poster_path":"/jJczz72MMNYR6a8A6JiDybwFbca.jpg","popularity":0.636921,"title":"Fly Me to the Moon","video":false,"vote_average":5.8,"vote_count":67},{"adult":false,"backdrop_path":"/Arx6cOLuB47jwldV7eW4Bt4kAmd.jpg","genre_ids":[35,14,10751],"id":4244,"original_language":"en","original_title":"The Kid","overview":"Powerful businessman Russ Duritz is self-absorbed and immersed in his work. But by the magic of the moon, he meets Rusty, a chubby, charming 8-year-old version of himself who can't believe he could turn out so badly -- with no life and no dog. With Rusty's help, Russ is able to reconcile the person he used to dream of being with the man he's actually become.","release_date":"2000-07-07","poster_path":"/2TLNxkNbxLXouYsu6DGXKwWXnTr.jpg","popularity":0.374231,"title":"The Kid","video":false,"vote_average":5.8,"vote_count":75},{"adult":false,"backdrop_path":"/4mdRyMSLHxeTIwqNLUgQtNxla20.jpg","genre_ids":[35,10751],"id":82650,"original_language":"en","original_title":"Diary of a Wimpy Kid: Dog Days","overview":"School is out and Greg is ready for the days of summer, when all his plans go wrong. What on earth is he going to do all summer?","release_date":"2012-08-02","poster_path":"/2hvnPpybq1DdMnGtFnIvUejCYZu.jpg","popularity":0.993131,"title":"Diary of a Wimpy Kid: Dog Days","video":false,"vote_average":5.8,"vote_count":91},{"adult":false,"backdrop_path":"/18f11LguqJG2PhiNOUABDbTSJMT.jpg","genre_ids":[28,35],"id":59108,"original_language":"en","original_title":"Tower Heist","overview":"A luxury condo manager leads a staff of workers to seek payback on the Wall Street swindler who defrauded them. With only days until the billionaire gets away with the perfect crime, the unlikely crew of amateur thieves enlists the help of petty crook Slide to steal the $20 million they’re sure is hidden in the penthouse.","release_date":"2011-11-04","poster_path":"/ze2trl2NHuLOLimimvBkjJID3yG.jpg","popularity":1.381757,"title":"Tower Heist","video":false,"vote_average":5.8,"vote_count":366},{"adult":false,"backdrop_path":"/zkBSu5jNI9YrAGvvy8cAAc7BZX5.jpg","genre_ids":[878],"id":97020,"original_language":"en","original_title":"RoboCop","overview":"In RoboCop, the year is 2028 and multinational conglomerate OmniCorp is at the center of robot technology.  Overseas, their drones have been used by the military for years, but have been forbidden for law enforcement in America.  Now OmniCorp wants to bring their controversial technology to the home front, and they see a golden opportunity to do it.  When Alex Murphy (Joel Kinnaman) – a loving husband, father and good cop doing his best to stem the tide of crime and corruption in Detroit – is critically injured, OmniCorp sees their chance to build a part-man, part-robot police officer.  OmniCorp envisions a RoboCop in every city and even more billions for their shareholders, but they never counted on one thing: there is still a man inside the machine.","release_date":"2014-02-12","poster_path":"/hFQcC5eSSHqJfk70RdgrMMxGuYt.jpg","popularity":4.209013,"title":"RoboCop","video":false,"vote_average":5.8,"vote_count":1036},{"adult":false,"backdrop_path":"/4u7lPYOCxQxNPrSYJP8VGIYaBn7.jpg","genre_ids":[28,16,878],"id":114478,"original_language":"en","original_title":"Starship Troopers : Invasion","overview":"A distant Federation outpost Fort Casey comes under attack by bugs. The team on the fast attack ship Alesia is assigned to help the Starship John A. Warden stationed in Fort Casey evacuate along with the survivors and bring military intelligence safely back to Earth. Carl Jenkins, now ministry of Paranormal Warfare, takes the starship on a clandestine mission before its rendezvous with the Alesia and goes missing in the nebula. Now, the battle-hardened troopers are charged with a rescue mission that may lead to a much more sinister consequence than they ever could have imagined....","release_date":"2012-07-21","poster_path":"/3znAWfEzXzR1slLKc9VQwtD6XmD.jpg","popularity":1.721349,"title":"Starship Troopers : Invasion","video":false,"vote_average":5.8,"vote_count":56},{"adult":false,"backdrop_path":"/3AQ7BNf15GYoNTa9ZXlhK9oxnng.jpg","genre_ids":[28,35,80,53,10751],"id":6951,"original_language":"en","original_title":"Turner & Hooch","overview":"Scott Turner has 3 days left in the local police department before he moves to a bigger city to get some \"real\" cases, not just misdemeanors. Then Amos Reed is murdered, and Scott Turner sets himself on the case. The closest thing to a witness in the case is Amos Reed's dog, Hooch, which Scott Turner has to take care of if it's going to avoid being \"put to sleep\".","release_date":"1989-07-28","poster_path":"/oSvaWdWISYCIySdg2TUOHTTapkS.jpg","popularity":0.530423,"title":"Turner & Hooch","video":false,"vote_average":5.8,"vote_count":88},{"adult":false,"backdrop_path":"/ov0ZrirIgvrm97oqhcRxVyjnLbT.jpg","genre_ids":[14,35,10751],"id":8839,"original_language":"en","original_title":"Casper","overview":"Furious that her late father only willed her his gloomy-looking mansion rather than his millions, Carrigan Crittenden is ready to burn the place to the ground when she discovers a map to a treasure hidden in the house. But when she enters the rickety mansion to seek her claim, she is frightened away by a wicked wave of ghosts. Determined to get her hands on this hidden fortune, she hires afterlife therapist Dr. James Harvey to exorcise the ghosts from the mansion. Harvey and his daughter Kat move in, and soon Kat meets Casper, the ghost of a young boy who's \"the friendliest ghost you know.\" But not so friendly are Casper's uncles--Stretch, Fatso and Stinkie--who are determined to drive all \"fleshies\" away.","release_date":"1995-05-26","poster_path":"/cpMbvFDD2C21pqMNXVPhSWGQBR9.jpg","popularity":1.661263,"title":"Casper","video":false,"vote_average":5.8,"vote_count":277},{"adult":false,"backdrop_path":"/wSdVm0uxEvYlwMxOAhipUUzey4w.jpg","genre_ids":[27,53],"id":84348,"original_language":"en","original_title":"V/H/S","overview":"When a group of misfits is hired by an unknown third party to burglarize a desolate house and acquire a rare VHS tape, they discover more found footage than they bargained for.","release_date":"2012-10-05","poster_path":"/yo49x6Jhr1ecCjy1ByFqwAbtARJ.jpg","popularity":2.110187,"title":"V/H/S","video":false,"vote_average":5.8,"vote_count":133},{"adult":false,"backdrop_path":"/nOp4RM4AYlW8Ux0XHBTqXbPlSgY.jpg","genre_ids":[28,12,53],"id":700,"original_language":"en","original_title":"Octopussy","overview":"James Bond is sent to investigate after a fellow “00” agent is found dead with a priceless Farberge egg. James bond follows the mystery and uncovers a smuggling scandal and a Russian General who wants to provoke a new World War.","release_date":"1983-06-05","poster_path":"/s1GeJcwTclopbed1Bo2hjunSika.jpg","popularity":2.629891,"title":"Octopussy","video":false,"vote_average":5.8,"vote_count":164},{"adult":false,"backdrop_path":"/3z9eCqGkOgpyq55XnEgmuytAU3f.jpg","genre_ids":[18,878,53],"id":2900,"original_language":"en","original_title":"The Astronaut's Wife","overview":"A NASA astronaut and his wife's lives are propelled into utter dismay upon his return home from a space mission that lost contact with Earth for two minutes. What happened during those frightening 120 seconds in space will effect their marriage, sanity, and ultimately threaten their lives.","release_date":"1999-08-26","poster_path":"/2zm3a3453aWN078Qd6nIQngbEkM.jpg","popularity":1.922329,"title":"The Astronaut's Wife","video":false,"vote_average":5.8,"vote_count":66},{"adult":false,"backdrop_path":"/kRoNmqktn8bHKAVwNP79bNeRI0d.jpg","genre_ids":[35,18],"id":6963,"original_language":"en","original_title":"The Weather Man","overview":"A Chicago weather man, separated from his wife and children, debates whether professional and personal success are mutually exclusive.","release_date":"2005-10-20","poster_path":"/g36DKoIbvdhSpngVel9U8rAO3el.jpg","popularity":1.878773,"title":"The Weather Man","video":false,"vote_average":5.8,"vote_count":79},{"adult":false,"backdrop_path":"/jA4sN4MEzs3J96nb3CJJfCPP77Z.jpg","genre_ids":[18,53,9648],"id":69668,"original_language":"en","original_title":"Dream House","overview":"Publisher Will Atenton (Daniel Craig) quits a lucrative job in New York to relocate his wife, Libby (Rachel Weisz), and their daughters to a quaint town in New England. As they settle into their home, however, the Atentons discover that a woman and her children were murdered there, and the surviving husband is the town's prime suspect. With help from a neighbor (Naomi Watts) who was close to the murdered family, Will pieces together a horrifying chain of events.","release_date":"2011-09-30","poster_path":"/8MDE7wXp7gxf61yRDptSLowU2e6.jpg","popularity":1.946297,"title":"Dream House","video":false,"vote_average":5.8,"vote_count":121},{"adult":false,"backdrop_path":"/ezx3NkXNqf2KnJCP6Nfj1bfCFut.jpg","genre_ids":[35,18,10751,10402,10749],"id":18126,"original_language":"en","original_title":"Hannah Montana: The Movie","overview":"When Miley Stewart (aka pop-star Hannah Montana) gets too caught up in the superstar celebrity lifestyle, her dad decides it's time for a total change of scenery. But sweet nibblets! Miley must trade in all the glitz and glamour of Hollywood for some ol' blue jeans on the family farm in Tennessee, and question if she can be both Miley Stewart and Hannah Montana. With a little help from her friends – and awesome guest stars Taylor Swift, Rascal Flatts and Vanessa Williams – will she figure out whether to choose Hannah or Miley?","release_date":"2009-04-10","poster_path":"/cYCIdMIqCHHJoWeExVOxjfdDxa8.jpg","popularity":1.626925,"title":"Hannah Montana: The Movie","video":false,"vote_average":5.8,"vote_count":92},{"adult":false,"backdrop_path":"/peukS1zqbrHl4WuKb4LAGBarSb8.jpg","genre_ids":[14,35,878,10749],"id":11232,"original_language":"en","original_title":"Kate & Leopold","overview":"When her scientist ex-boyfriend discovers a portal to travel through time -- and brings back a 19th-century nobleman named Leopold to prove it -- a skeptical Kate reluctantly takes responsibility for showing Leopold the 21st century. The more time Kate spends with Leopold, the harder she falls for him. But if he doesn't return to his own time, his absence will forever alter history.","release_date":"2001-12-25","poster_path":"/cpydhxnOQra4knQpcvGugwCqgpI.jpg","popularity":1.705541,"title":"Kate & Leopold","video":false,"vote_average":5.8,"vote_count":131},{"adult":false,"backdrop_path":"/7s0MjLxycVq2r6prKurLfa03SkF.jpg","genre_ids":[35],"id":11353,"original_language":"en","original_title":"Bowfinger","overview":"On the verge of bankruptcy and desperate for his big break, aspiring filmmaker Bobby Bowfinger concocts a crazy plan to make his ultimate dream movie. Rallying a ragtag team that includes a starry-eyed ingenue, a has-been diva and a film studio gofer, he sets out to shoot a blockbuster featuring the biggest star in Hollywood, Kit Ramsey -- only without letting Ramsey know he's in the picture.","release_date":"1999-08-12","poster_path":"/8dPucB4Dp7gdbozmuV2dxMOHy7i.jpg","popularity":1.501901,"title":"Bowfinger","video":false,"vote_average":5.8,"vote_count":55},{"adult":false,"backdrop_path":"/tHskgc02jDVnhsPSmPpfEZeLL5v.jpg","genre_ids":[35,10749],"id":24122,"original_language":"en","original_title":"The Rebound","overview":"Sandy, upon discovering her husband's infidelity while watching her son's birthday video, leaves the suburbs and moves into the city. She gets an apartment that's above a coffee house where she befriends one of the workers, Aram, a guy whose wife only married him so she could get a green card. Aram's family thinks he's wasting his life and education by working in the coffee house. Soon after moving into the apartment, Sandy hires Aram to be her nanny while she takes on work for the first time since her children where born. It isn't long when Aram and Sandy find they get along wonderfully and start to date. But the question is: is their relationship real or is it, in fact, just a rebound for both of them?","release_date":"2009-09-16","poster_path":"/nkkFebe8ZgE843rnTrlaRWJy0g9.jpg","popularity":1.437142,"title":"The Rebound","video":false,"vote_average":5.8,"vote_count":60},{"adult":false,"backdrop_path":"/gIGYWlwXUUbyx2gjLZcQ7G3i5rO.jpg","genre_ids":[28,12,18],"id":664,"original_language":"en","original_title":"Twister","overview":"TV weatherman Bill Harding is trying to get his tornado-hunter wife, Jo, to sign divorce papers so he can marry his girlfriend Melissa. But Mother Nature, in the form of a series of intense storms sweeping across Oklahoma, has other plans. Soon the three have joined the team of stormchasers as they attempt to insert a revolutionary measuring device into the very heart of several extremely violent tornados.","release_date":"1996-05-09","poster_path":"/tKdDCkmb6obEhWEMLgGUUz5nDNs.jpg","popularity":2.138587,"title":"Twister","video":false,"vote_average":5.8,"vote_count":323}],"total_pages":180,"total_results":3596}
