{"page":37,"results":[{"adult":false,"backdrop_path":"/dTUH9xO3w6vQjcN2ictxgpnAhKm.jpg","genre_ids":[10749,14,18,35],"id":137,"original_language":"en","original_title":"Groundhog Day","overview":"A narcissistic TV weatherman, along with his attractive-but-distant producer and mawkish cameraman, is sent to report on Groundhog Day in the small town of Punxsutawney, where he finds himself repeating the same day over and over.","release_date":"1993-02-11","poster_path":"/vXjVd0Vu0MXRZnga7wEnHIIhO5B.jpg","popularity":2.399069,"title":"Groundhog Day","video":false,"vote_average":7.0,"vote_count":637},{"adult":false,"backdrop_path":"/3iPnZOXR9mpcK8RwvAW7b7Axr8v.jpg","genre_ids":[18,53,10752],"id":12162,"original_language":"en","original_title":"The Hurt Locker","overview":"Forced to play a dangerous game of cat-and-mouse in the chaos of war, an elite Army bomb squad unit must come together in a city where everyone is a potential enemy and every object could be a deadly bomb.","release_date":"2008-10-10","poster_path":"/uduCNFTuEcbvhvK8rrvNdf3ahzW.jpg","popularity":1.743069,"title":"The Hurt Locker","video":false,"vote_average":7.0,"vote_count":641},{"adult":false,"backdrop_path":"/gMFyBo3uxjcug9ImqQZbHfIZbaE.jpg","genre_ids":[18],"id":11171,"original_language":"en","original_title":"Mysterious Skin","overview":"A teenage hustler and a young man obsessed with alien abductions cross paths, together discovering a horrible, liberating truth.","release_date":"2004-09-03","poster_path":"/wynnf6LT4ueuCuREPRMtHGQIk5T.jpg","popularity":1.66837,"title":"Mysterious Skin","video":false,"vote_average":7.0,"vote_count":54},{"adult":false,"backdrop_path":"/pzGegiHEX39M7JHsdBjv1wj7Eno.jpg","genre_ids":[28],"id":1579,"original_language":"en","original_title":"Apocalypto","overview":"Set in the Mayan civilization, when a man's idyllic presence is brutally disrupted by a violent invading force, he is taken on a perilous journey to a world ruled by fear and oppression where a harrowing end awaits him. Through a twist of fate and spurred by the power of his love for his woman and his family he will make a desperate break to return home and to ultimately save his way of life.","release_date":"2006-12-08","poster_path":"/5BTFXR96hcBzmJvd9FwNayV79Xu.jpg","popularity":1.614123,"title":"Apocalypto","video":false,"vote_average":7.0,"vote_count":377},{"adult":false,"backdrop_path":"/24uuwm3w99OYkV6qlfVfbG1IzKR.jpg","genre_ids":[18,10402,10749],"id":243683,"original_language":"en","original_title":"Step Up All In","overview":"All-stars from the previous Step Up installments come together in glittering Las Vegas, battling for a victory that could define their dreams and their careers.","release_date":"2014-07-25","poster_path":"/zjzD9DLYNThg3JnPJJOxZc0sxhO.jpg","popularity":2.281938,"title":"Step Up All In","video":false,"vote_average":7.0,"vote_count":206},{"adult":false,"backdrop_path":"/2kkyt0FLROrXt41IgSdE7goCFNQ.jpg","genre_ids":[18],"id":1366,"original_language":"en","original_title":"Rocky","overview":"When world heavyweight boxing champ Apollo Creed wants to give an unknown fighter a shot at the title as a publicity stunt, his handlers pick palooka Rocky Balboa, an uneducated collector for a Philadelphia loan shark.","release_date":"1976-11-21","poster_path":"/lmwGr6J5y6kngFNQuFV2y1yw4OB.jpg","popularity":2.532448,"title":"Rocky","video":false,"vote_average":7.0,"vote_count":530},{"adult":false,"backdrop_path":"/un6jXy45MUQGnaDkOyNngKawlS3.jpg","genre_ids":[12,36],"id":70667,"original_language":"en","original_title":"Kon-Tiki","overview":"The true story about legendary explorer Thor Heyerdahl and his epic crossing of the Pacific on a balsa wood raft in 1947, in an effort to prove it was possible for South Americans to settle in Polynesia in pre-Columbian times.","release_date":"2012-08-24","poster_path":"/7geys2i6OGoj72iZu6VxtUoJNcM.jpg","popularity":0.839475,"title":"Kon-Tiki","video":false,"vote_average":7.0,"vote_count":118},{"adult":false,"backdrop_path":"/arcpWGGnUkGkakOwZo7xfPsaz7h.jpg","genre_ids":[9648,53],"id":2832,"original_language":"en","original_title":"Identity","overview":"Complete strangers stranded at a remote desert motel during a raging storm soon find themselves the target of a deranged murderer. As their numbers thin out, the travelers begin to turn on each other, as each tries to figure out who the killer is.","release_date":"2003-04-25","poster_path":"/xSNSp2wmCUwFavxdkMF417hBc39.jpg","popularity":2.328741,"title":"Identity","video":false,"vote_average":7.0,"vote_count":336},{"adult":false,"backdrop_path":"/ipS4TF84y2cpc0qFhDr7uvukqfj.jpg","genre_ids":[35,18,14],"id":492,"original_language":"en","original_title":"Being John Malkovich","overview":"Spike Jonze’s debut feature film is a love story mix of comedy and fantasy. The story is about an unsuccessful puppeteer named Craig, who one day at work finds a portal into the head of actor John Malkovich. The portal soon becomes a passion for anybody who enters it’s mad and controlling world of overtaking another human body.","release_date":"1999-09-30","poster_path":"/gLhl4MBEC6yHTInwV7TxV1D3FLp.jpg","popularity":1.426739,"title":"Being John Malkovich","video":false,"vote_average":7.0,"vote_count":340},{"adult":false,"backdrop_path":"/rf5j1avHtvLkVnBLdGmqh1LbIN0.jpg","genre_ids":[53],"id":6145,"original_language":"en","original_title":"Fracture","overview":"A husband is on trial for the attempted murder of his wife, in what is seemingly an open/shut case for the ambitious district attorney trying to put him away. However, there are surprises for both around every corner, and, as a suspenseful game of cat-and-mouse is played out, each must manipulate and outwit the other.","release_date":"2007-04-20","poster_path":"/z8dmpPvIybKIlSuzPnt0TQmrYxd.jpg","popularity":2.336259,"title":"Fracture","video":false,"vote_average":7.0,"vote_count":221},{"adult":false,"backdrop_path":"/t3fpElbBL04r3BjVbH3vUZOapvl.jpg","genre_ids":[18],"id":1640,"original_language":"en","original_title":"Crash","overview":"Los Angeles citizens with vastly separate lives collide in interweaving stories of race, loss and redemption.","release_date":"2004-09-10","poster_path":"/pG8LL4LYMCr5uikhx9rewrW8352.jpg","popularity":2.904633,"title":"Crash","video":false,"vote_average":7.0,"vote_count":431},{"adult":false,"backdrop_path":"/5XPPB44RQGfkBrbJxmtdndKz05n.jpg","genre_ids":[28,12,14,878],"id":19995,"original_language":"en","original_title":"Avatar","overview":"In the 22nd century, a paraplegic Marine is dispatched to the moon Pandora on a unique mission, but becomes torn between following orders and protecting an alien civilization.","release_date":"2009-12-18","poster_path":"/tcqb9NHdw9SWs2a88KCDD4V8sVR.jpg","popularity":6.386712,"title":"Avatar","video":false,"vote_average":7.0,"vote_count":6629},{"adult":false,"backdrop_path":"/fCcWGyNgz4pmCdgqQsYVZfAgT1K.jpg","genre_ids":[28,53,80],"id":94329,"original_language":"id","original_title":"Serbuan maut","overview":"Deep in the heart of Jakarta's slums lies an impenetrable safe house for the world's most dangerous killers and gangsters. Until now, the run-down apartment block has been considered untouchable to even the bravest of police. Cloaked under the cover of pre-dawn darkness and silence, an elite swat team is tasked with raiding the safe house in order to take down the notorious drug lord that runs it.  But when a chance encounter with a spotter blows their cover and news of their assault reaches the drug lord, the building's lights are cut and all the exits blocked. Stranded on the sixth floor with no way out, the unit must fight their way through the city's worst to survive their mission. Starring Indonesian martial arts sensation Iko Uwais.","release_date":"2011-11-20","poster_path":"/mfDGRp19BcZUfPIhdqzdQ2uGZrf.jpg","popularity":2.558618,"title":"The Raid","video":false,"vote_average":7.0,"vote_count":331},{"adult":false,"backdrop_path":"/bjMFRzGa8YwfRybKYxHz3arBo80.jpg","genre_ids":[18],"id":2355,"original_language":"en","original_title":"Reign Over Me","overview":"A man who lost his family in the September 11 attack on New York City runs into his old college roommate. Rekindling the friendship is the one thing that appears able to help the man recover from his grief.","release_date":"2007-03-23","poster_path":"/eF2y5Sqjz9M3IF06va6GxAq7UGU.jpg","popularity":1.734518,"title":"Reign Over Me","video":false,"vote_average":7.0,"vote_count":64},{"adult":false,"backdrop_path":"/rIWui0S2ugwTWlhna6CTS3RYW9q.jpg","genre_ids":[9648,878],"id":2666,"original_language":"en","original_title":"Dark City","overview":"A man struggles with memories of his past, including a wife he cannot remember, in a nightmarish world with no sun and run by beings with telekinetic powers who seek the souls of humans.","release_date":"1998-02-27","poster_path":"/yR7rapBFxBoBT0vkZQIXhLBr726.jpg","popularity":1.421184,"title":"Dark City","video":false,"vote_average":7.0,"vote_count":234},{"adult":false,"backdrop_path":"/b2lFQMEeukJYqQuQB7CQN0CJnks.jpg","genre_ids":[14,18,35,10749],"id":1262,"original_language":"en","original_title":"Stranger Than Fiction","overview":"Everybody knows that your life is a story. But what if a story was your life? Harold Crick is your average IRS agent: monotonous, boring, and repetitive. But one day this all changes when Harold begins to hear an author inside his head narrating his life. But when the narration reveals he is going to die, Harold must find the author and convince them to change the ending.","release_date":"2006-09-09","poster_path":"/mpgQcZn8cBUBD4JEQyI3zn1RTOA.jpg","popularity":1.897748,"title":"Stranger Than Fiction","video":false,"vote_average":7.0,"vote_count":224},{"adult":false,"backdrop_path":"/uayKpWZjHngQXjop6amA4EPJC2R.jpg","genre_ids":[18,36,10752],"id":10110,"original_language":"en","original_title":"Empire of the Sun","overview":"The story of young English boy who lives with his parents in Shanghai during World War II. After the Pearl Harbor attack, the Japanese occupy the Shanghai International Settlement, and in the following chaos Jim becomes separated from his parents.","release_date":"1987-12-08","poster_path":"/yXvADZIbpSLodc1wFPwOobwJ1fm.jpg","popularity":1.843696,"title":"Empire of the Sun","video":false,"vote_average":7.0,"vote_count":191},{"adult":false,"backdrop_path":"/tbwmgmMGXui8MM98n71XsMxLACX.jpg","genre_ids":[9648,27,53],"id":2654,"original_language":"en","original_title":"In the Mouth of Madness","overview":"With the disappearance of hack horror writer Sutter Cane, all Hell is breaking loose...literally! Author Cane, it seems, has a knack for description that really brings his evil creepy-crawlies to life. Insurance investigator John Trent is sent to investigate Cane's mysterious vanishing act and ends up in the sleepy little East Coast town of Hobb's End.","release_date":"1994-12-12","poster_path":"/bHOUP3cnWDzONJCA4M9XQrVVP3H.jpg","popularity":1.994443,"title":"In the Mouth of Madness","video":false,"vote_average":7.0,"vote_count":53},{"adult":false,"backdrop_path":"/rYrhyxdLzniWXRnKYZScKaVcXUN.jpg","genre_ids":[18],"id":209274,"original_language":"en","original_title":"Ida","overview":"Poland, 1962. Anna is a novice, an orphan brought up by nuns in a convent. Before she takes her vows, she is determined to see Wanda, her only living relative. Wanda tells Anna that Anna is Jewish. Both women embark on a journey not only to discover their tragic family story, but who they really are and where they belong, questioning their religions and beliefs.","release_date":"2013-09-07","poster_path":"/aO8dgaxaY1tcAdtFkLuz1WSxgdd.jpg","popularity":1.780348,"title":"Ida","video":false,"vote_average":7.0,"vote_count":85},{"adult":false,"backdrop_path":"/iGjj8r38g4zqCd0h8LK1MrDlsBz.jpg","genre_ids":[28],"id":4643,"original_language":"fr","original_title":"The Guardian","overview":"A high school swim champion with a troubled past enrolls in the U.S. Coast Guard's \"A\" School, where legendary rescue swimmer Ben Randall teaches him some hard lessons about loss, love, and self-sacrifice","release_date":"2006-09-28","poster_path":"/8hvMyM2SkijotayC1q5sQwi36qD.jpg","popularity":2.210029,"title":"The Guardian","video":false,"vote_average":7.0,"vote_count":102}],"total_pages":180,"total_results":3596}
