{"page":78,"results":[{"adult":false,"backdrop_path":"/8SLiRQwIwkYnd5bkP66ncyqVFjT.jpg","genre_ids":[18,10749],"id":1921,"original_language":"en","original_title":"Sweet November","overview":"Nelson is a man devoted to his advertising career in San Francisco. One day, while taking a driving test at the DMV, he meets Sara. She is very different from the other women in his life. Nelson causes her to miss out on taking the test and later that day she tracks him down. One thing leads to another and Nelson ends up living with her through a November that will change his life forever.","release_date":"2001-02-16","poster_path":"/xrwNQSWdnRafmQz2tym9mHivmVw.jpg","popularity":0.524726,"title":"Sweet November","video":false,"vote_average":6.5,"vote_count":74},{"adult":false,"backdrop_path":"/eabV1BbZgghMJSOmjZ1EQ987Zuh.jpg","genre_ids":[35,10749],"id":1824,"original_language":"en","original_title":"50 First Dates","overview":"Henry is a player skilled at seducing women. But when this veterinarian meets Lucy, a girl with a quirky problem when it comes to total recall, he realizes it's possible to fall in love all over again…and again, and again. That's because the delightful Lucy has no short-term memory, so Henry must woo her day after day until he finally sweeps her off her feet.","release_date":"2004-02-13","poster_path":"/ztMUIJV2nDN0tJ24aW7pjMvTxVV.jpg","popularity":2.202464,"title":"50 First Dates","video":false,"vote_average":6.5,"vote_count":691},{"adult":false,"backdrop_path":"/vo420YVwVA9Lbm1gVItdtrkvGFT.jpg","genre_ids":[18,14],"id":84175,"original_language":"en","original_title":"Beasts of the Southern Wild","overview":"Hushpuppy, an intrepid six-year-old girl, lives with her father, Wink, in “the Bathtub,” a southern Delta community at the edge of the world. Wink’s tough love prepares her for the unraveling of the universe; for a time when he’s no longer there to protect her. When Wink contracts a mysterious illness, nature flies out of whack—temperatures rise, and the ice caps melt, unleashing an army of prehistoric creatures called aurochs. With the waters rising, the aurochs coming, and Wink’s health fading, Hushpuppy goes in search of her lost mother.","release_date":"2012-06-29","poster_path":"/uS6aDWRNHvr0ofjPkmvCkzy0x8d.jpg","popularity":1.924579,"title":"Beasts of the Southern Wild","video":false,"vote_average":6.5,"vote_count":157},{"adult":false,"backdrop_path":"/osSsQ4QWXS7Flu3y39QqP924Lud.jpg","genre_ids":[10751,16],"id":10340,"original_language":"en","original_title":"Lady and the Tramp","overview":"Lady, a golden cocker spaniel, meets up with a mongrel dog who calls himself the Tramp. He is obviously from the wrong side of town, but happenings at Lady's home make her decide to travel with him for a while.","release_date":"1955-06-16","poster_path":"/kpfbF0C0lSvvKE3JQVuAGufA6UT.jpg","popularity":2.883279,"title":"Lady and the Tramp","video":false,"vote_average":6.5,"vote_count":311},{"adult":false,"backdrop_path":"/5EuvViTrHeR2ZPgkp95Ug0aWayQ.jpg","genre_ids":[28,35,80],"id":2330,"original_language":"fr","original_title":"Taxi","overview":"In Marseilles (France), skilled pizza delivery boy Daniel who drives a scooter finally has his dreams come true. He gets a taxi license. Caught by the police for a huge speed infraction, he will help Emilien, a loser inspector who can't drive, on the track of German bank robbers, so he doesn't lose his license and his dream job.","release_date":"1998-04-04","poster_path":"/13vrEB6T3DuDz26rWAUfHZV0eSm.jpg","popularity":1.208496,"title":"Taxi","video":false,"vote_average":6.5,"vote_count":199},{"adult":false,"backdrop_path":"/fAzT4AboZXP2Sj3zE2HcQ7qjMi.jpg","genre_ids":[16,12,10751,14],"id":10009,"original_language":"en","original_title":"Brother Bear","overview":"When a young Inuit hunter needlessly kills a bear, he is magically changed into a bear himself as punishment with a talkative cub being his only guide to changing back.","release_date":"2003-10-31","poster_path":"/5qSEndgjSbshCK3OqxxRfREFCAP.jpg","popularity":2.61945,"title":"Brother Bear","video":false,"vote_average":6.5,"vote_count":265},{"adult":false,"backdrop_path":"/wgjArGrch7ezI5hGjaB1oj2yb2C.jpg","genre_ids":[10402,80,18],"id":1725,"original_language":"en","original_title":"West Side Story","overview":"In the slums of the upper West Side of Manhattan, New York, a gang of Polish-American teenagers called the Jets compete with a rival gang of recently immigrated Puerto Ricans, the Sharks, to \"own\" the neighborhood streets. Tensions are high between the gangs but two kids, one from each rival gang, fall in love leading to tragedy.","release_date":"1961-10-18","poster_path":"/zRQhCSREdR9h4OzEVvwhdlZNZ6m.jpg","popularity":2.096035,"title":"West Side Story","video":false,"vote_average":6.5,"vote_count":91},{"adult":false,"backdrop_path":"/zwyQjr7PAIVvcQoVrI5kXqXqt2t.jpg","genre_ids":[28,878,12],"id":841,"original_language":"en","original_title":"Dune","overview":"Set in the year 10,191 on the desert planet of Arrakis. This is the source of the Spice Melange, the most valuable commodity in all of the universe. Two great houses must fight for control of the Spice, but when betrayal all but destroys one of them, a duke's son must rise to fulfil his destiny in order to take back control of the planet.","release_date":"1984-12-14","poster_path":"/vvXGhr0vqQ0GT9npc8y5StOCJph.jpg","popularity":2.452549,"title":"Dune","video":false,"vote_average":6.5,"vote_count":181},{"adult":false,"backdrop_path":"/6CLVThDZFdxDpCL1w2NnuXaDMEk.jpg","genre_ids":[35,10749],"id":9778,"original_language":"en","original_title":"Serendipity","overview":"Though strangers Sara and Jonathan are both already in relationships, they realize they have genuine chemistry after a chance encounter -- but part company soon after. Years later, they each yearn to reunite, despite being destined for the altar. But to give true love a chance, they have to find one another first!","release_date":"2001-10-05","poster_path":"/1ahgQx7gLqC3OfsjwMgrxMNDuUS.jpg","popularity":2.046482,"title":"Serendipity","video":false,"vote_average":6.5,"vote_count":169},{"adult":false,"backdrop_path":"/1ob8hisSbDnG4iV19XSZJN97sKI.jpg","genre_ids":[14,18],"id":7980,"original_language":"en","original_title":"The Lovely Bones","overview":"When 14-year-old Susie Salmon is murdered, she watches from above as her family deals with her tragic death -- and as her killer prepares to strike again. Torn between vengeance and healing, Susie's loved ones are forever changed.","release_date":"2009-12-26","poster_path":"/x6h0UMw1YJG9YIYwkN3ieVIgU4.jpg","popularity":2.42588,"title":"The Lovely Bones","video":false,"vote_average":6.5,"vote_count":304},{"adult":false,"backdrop_path":"/9pR6mkJrWYCrewjWV1HgaXwL7pB.jpg","genre_ids":[35],"id":9352,"original_language":"en","original_title":"EuroTrip","overview":"Scott Thomas is reluctant when his longtime cyber-buddy from Berlin, Mieke, suggests they meet face-to-face. But when he discovers his pen pal is a gorgeous young woman, Scott embarks with his friends on a trip across Europe. On their wild journey toward Berlin, the buddies meet zealous football hooligans, an overly affectionate Italian and travelogue maven Arthur Frommer.","release_date":"2004-02-20","poster_path":"/pes2HCVX60MNZZdUrKtgVNlv1ig.jpg","popularity":2.39689,"title":"EuroTrip","video":false,"vote_average":6.5,"vote_count":213},{"adult":false,"backdrop_path":"/djcYvxheVPeDzNts7zMrprPMFtE.jpg","genre_ids":[35,27,53],"id":11974,"original_language":"en","original_title":"The 'Burbs","overview":"When secretive new neighbors move in next door, suburbanite Ray Peterson and his friends let their paranoia get the best of them as they start to suspect the newcomers of evildoings and commence an investigation. But it's hardly how Ray, who much prefers drinking beer, reading his newspaper and watching a ball game on the tube expected to spend his vacation.","release_date":"1989-02-16","poster_path":"/zPEECSo5ZOBr9oEmBLSVXcqndTO.jpg","popularity":0.929774,"title":"The 'Burbs","video":false,"vote_average":6.5,"vote_count":79},{"adult":false,"backdrop_path":"/5wWe5mAZ8vK6dv8YLtHuqmgTO1u.jpg","genre_ids":[18,53,10752],"id":7445,"original_language":"en","original_title":"Brothers","overview":"When his helicopter goes down during his fourth tour of duty in Afghanistan, Marine Sam Cahill (Tobey Maguire) is presumed dead. Back home, brother Tommy (Jake Gyllenhaal) steps in to look over Sam’s wife, Grace (Natalie Portman), and two children. Sam’s surprise homecoming triggers domestic mayhem.","release_date":"2009-12-02","poster_path":"/rfLmpW2tzI40g91GiU0WSiMIxox.jpg","popularity":1.787483,"title":"Brothers","video":false,"vote_average":6.5,"vote_count":178},{"adult":false,"backdrop_path":"/ewMSszqEvI3G1U21SfYbOeoKdxS.jpg","genre_ids":[28,12,878],"id":602,"original_language":"en","original_title":"Independence Day","overview":"On July 2, a giant alien mothership enters orbit around Earth and deploys several dozen saucer-shaped \"destroyer\" spacecraft that quickly lay waste to major cities around the planet. On July 3, the United States conducts a coordinated counterattack that fails. On July 4 the a plan is devised to gain access to the interior of the alien mothership in space in order to plant a nuclear missile.","release_date":"1996-06-25","poster_path":"/cf3cmVa1zrmfQoltnezvsniNnoX.jpg","popularity":3.753146,"title":"Independence Day","video":false,"vote_average":6.5,"vote_count":1085},{"adult":false,"backdrop_path":"/gQ23EIbgY1OWGzRond6BLOg6U9E.jpg","genre_ids":[18,27,9648,53],"id":2670,"original_language":"en","original_title":"Stephen King's It","overview":"A series of murders prompts Mike Hanlon to suspect that the supernatural menace that he and a group of friends battled as children has returned. He begins to call his friends to remind them of the oath they swore: if It returned again, they would come back to Derry to do battle again.","release_date":"1990-11-18","poster_path":"/paW0Tc8qNsddCuMJ9M1WnNgOvy1.jpg","popularity":2.584861,"title":"Stephen King's It","video":false,"vote_average":6.5,"vote_count":166},{"adult":false,"backdrop_path":"/ucfWS1l0mVHKOtgL8ew5Y10IZMM.jpg","genre_ids":[53,80],"id":10909,"original_language":"en","original_title":"Kalifornia","overview":"A journalist duo go on a tour of serial killer murder sites with two companions, unaware that one of them is a serial killer himself.","release_date":"1993-09-01","poster_path":"/5MM64T2y1qrBchByhB4I8Vr7HY.jpg","popularity":1.732085,"title":"Kalifornia","video":false,"vote_average":6.5,"vote_count":55},{"adult":false,"backdrop_path":"/oFLVwodlGWqJVugf2vzqdfl4MI0.jpg","genre_ids":[18,36],"id":11156,"original_language":"fr","original_title":"Coco avant Chanel","overview":"2009 biopic about the early life of Coco Chanel. Several years after leaving the orphanage, to which her father never returned for her, Gabrielle Chanel finds herself working in a provincial bar both. She's both a seamstress for the performers and a singer, earning the nickname Coco from the song she sings nightly with her sister. A liaison with Baron Balsan gives her an entree into French society and a chance to develop her gift for designing.","release_date":"2009-04-22","poster_path":"/c0K9vPufKe9gv0EbM9kkVniZ8H5.jpg","popularity":0.548447,"title":"Coco Before Chanel","video":false,"vote_average":6.5,"vote_count":66},{"adult":false,"backdrop_path":"/osPj1VwPkoeFtNWjOxuNY71smol.jpg","genre_ids":[18,878,12],"id":644,"original_language":"en","original_title":"A.I. Artificial Intelligence","overview":"Eleven-year-old David is the first android with human feelings. He is adopted by the Swinton family to test his ability to function. Before they are done testing him though David goes off on his own following his wish to be a human. He is on an odyssey to understand the secret to his existence. A science fiction film from Steven Spielberg taken over from Stanley Kubrick.","release_date":"2001-06-25","poster_path":"/sbQofoGqJ6AqayGKorNgXjIYEZO.jpg","popularity":2.475995,"title":"A.I. Artificial Intelligence","video":false,"vote_average":6.5,"vote_count":527},{"adult":false,"backdrop_path":"/aBjvBbQWrR5gZbxS4WMSaT1XlZL.jpg","genre_ids":[18,53,80],"id":59,"original_language":"en","original_title":"A History of Violence","overview":"An average family is thrust into the spotlight after the father commits a seemingly self-defense murder at his diner.","release_date":"2005-09-23","poster_path":"/mz1qCHXxTUJm2AqOdW3IIpwYdo3.jpg","popularity":2.266044,"title":"A History of Violence","video":false,"vote_average":6.5,"vote_count":208},{"adult":false,"backdrop_path":"/wNIE5dpkiHU2csDRptMutFjAGiV.jpg","genre_ids":[14,28,53,80,878],"id":364,"original_language":"en","original_title":"Batman Returns","overview":"Having defeated the Joker, Batman now faces the Penguin - a warped and deformed individual who is intent on being accepted into Gotham society. Crooked businessman Max Schreck is coerced into helping him become Mayor of Gotham and they both attempt to expose Batman in a different light. Selina Kyle, Max's secretary, is thrown from the top of a building and is transformed into Catwoman - a mysterious figure who has the same personality disorder as Batman. Batman must attempt to clear his name, all the time deciding just what must be done with the Catwoman.","release_date":"1992-06-19","poster_path":"/oqN5Obonal3rCNGB1ppLb5seXBd.jpg","popularity":4.063128,"title":"Batman Returns","video":false,"vote_average":6.5,"vote_count":510}],"total_pages":180,"total_results":3596}
