{"page":7,"results":[{"adult":false,"backdrop_path":"/nAYoZgzOoKblXp9xbi8MoRxcHtp.jpg","genre_ids":[35],"id":9421,"original_language":"fr","original_title":"Le Dîner de cons","overview":"Each week, Pierre and his friends organize what is called as \"un dîner de cons\". Everyone brings the dumbest guy he could find as a guest. Pierre thinks his champ -François Pignon- will steal the show.","release_date":"1998-04-15","poster_path":"/n57PfOOjoAzBBGJ87QJNkO40YzE.jpg","popularity":1.303804,"title":"The Dinner Game","video":false,"vote_average":7.7,"vote_count":81},{"adult":false,"backdrop_path":"/ucrJQXbAeFu9M7dAUtU3PKNWM4R.jpg","genre_ids":[18],"id":147,"original_language":"fr","original_title":"Les quatre cents coups","overview":"Intensely touching story of a misunderstood young adolescent who left without attention, delves into a life of petty crime.","release_date":"1959-05-04","poster_path":"/nKVXTcCtOc3Zuu4yCEDMOUyeXfH.jpg","popularity":1.075824,"title":"The 400 Blows","video":false,"vote_average":7.7,"vote_count":68},{"adult":false,"backdrop_path":"/r8G2Y8gTyNPob74QtBaLFmK7OXV.jpg","genre_ids":[18],"id":137182,"original_language":"nl","original_title":"The Broken Circle Breakdown","overview":"‘The Broken Circle Breakdown’ tells the love story between Elise and Didier. She has her own tattoo shop, he plays the banjo in a band. It is love at first sight, in spite of major differences. He talks, she listens. He is a dedicated atheist, although at the same time a naïve romantic. She has a cross tattooed in her neck, even though she has both feet firmly on the ground.  Their happiness is complete after their little girl Maybelle is born. Unfortunately, Maybelle, at six years old, becomes seriously ill. Didier and Elise respond in very different ways. But Maybelle does not leave them any choice. Didier and Elise will have to fight for her together.  Will you get through something like that if you are so different? Or will love let you down if you need it most?  ‘The Broken Circle Breakdown’ is an intense melodrama, full of passion and music. About how love can conquer fate, and sometimes not.","release_date":"2012-10-09","poster_path":"/lqXL7oV9YYf82USR7DmzPivcKXM.jpg","popularity":1.273096,"title":"The Broken Circle Breakdown","video":false,"vote_average":7.7,"vote_count":112},{"adult":false,"backdrop_path":"/1FqAgkWxvesFC1e6xSWAaH4n9i7.jpg","genre_ids":[53,12,14,878,10749],"id":2134,"original_language":"en","original_title":"The Time Machine","overview":"A Victorian Englishman travels to the far future and finds that humanity has divided into two hostile species.","release_date":"1960-08-17","poster_path":"/akZz4ploQzCYpeST2C81JluOTdr.jpg","popularity":1.679492,"title":"The Time Machine","video":false,"vote_average":7.7,"vote_count":54},{"adult":false,"backdrop_path":"/m2BkJ8Fs8O8NCuokXTcCdc4q9Um.jpg","genre_ids":[18,35],"id":2056,"original_language":"en","original_title":"The Station Agent","overview":"When his only friend dies, a man born with dwarfism moves to rural New Jersey to live a life of solitude, only to meet a chatty hot dog vendor and a woman dealing with her own personal loss.","release_date":"2003-01-26","poster_path":"/kjJg6eJa9I9flfHaJG67ecEv8YX.jpg","popularity":1.382651,"title":"The Station Agent","video":false,"vote_average":7.7,"vote_count":54},{"adult":false,"backdrop_path":"/wEKJkLKSJMoAMA06qb3fz8uG0zW.jpg","genre_ids":[18],"id":5156,"original_language":"it","original_title":"Ladri di biciclette","overview":"Ricci, an unemployed man in the depressed post-WWII economy of Italy, gets at last a good job - for which he needs a bike - hanging up posters. But soon his bicycle is stolen. He and his son walk the streets of Rome, looking for the bicycle. Ricci finally manages to locate the thief but with no proof, he has to abandon his cause. But he and his son know perfectly well that without a bike, Ricci won't be able to keep his job.","release_date":"1948-11-24","poster_path":"/8ipMMbjgAA9M4wpoPc9yxFEiIeA.jpg","popularity":0.826716,"title":"Bicycle Thieves","video":false,"vote_average":7.7,"vote_count":68},{"adult":false,"backdrop_path":"/4iJfYYoQzZcONB9hNzg0J0wWyPH.jpg","genre_ids":[12,28,878],"id":11,"original_language":"en","original_title":"Star Wars","overview":"Princess Leia is captured and held hostage by the evil Imperial forces in their effort to take over the galactic Empire. Venturesome Luke Skywalker and dashing captain Han Solo team together with the loveable robot duo R2-D2 and C-3PO to rescue the beautiful princess and restore peace and justice in the Empire.","release_date":"1977-05-25","poster_path":"/tvSlBzAdRE29bZe5yYWrJ2ds137.jpg","popularity":6.453658,"title":"Star Wars: Episode IV - A New Hope","video":false,"vote_average":7.7,"vote_count":2668},{"adult":false,"backdrop_path":"/8Sh5rRcOrBy4AIm3keZ50dOIn4D.jpg","genre_ids":[35,18,10752],"id":935,"original_language":"en","original_title":"Dr. Strangelove or: How I Learned to Stop Worrying and Love the Bomb","overview":"An insane general starts a process to nuclear holocaust that a war room of politicians and generals frantically try to stop. A classic black and white war satire from director Stanley Kubrick starring Peter Sellers.","release_date":"1964-01-29","poster_path":"/tviJ68Wj4glQk3CPMvdvExYHxX.jpg","popularity":1.85809,"title":"Dr. Strangelove or: How I Learned to Stop Worrying and Love the Bomb","video":false,"vote_average":7.7,"vote_count":431},{"adult":false,"backdrop_path":"/6LnwpadKFRrqam7IfBAi3lNTz6Y.jpg","genre_ids":[18,35,10749],"id":20453,"original_language":"hi","original_title":"3 Idiots","overview":"In the tradition of “Ferris Bueller’s Day Off” comes this refreshing comedy about a rebellious prankster with a crafty mind and a heart of gold. Rascal. Joker. Dreamer. Genius... You've never met a college student quite like \"Rancho.\" From the moment he arrives at India's most prestigious university, Rancho's outlandish schemes turn the campus upside down—along with the lives of his two newfound best friends. Together, they make life miserable for \"Virus,\" the school’s uptight and heartless dean. But when Rancho catches the eye of the dean's sexy daughter, Virus sets his sights on flunking out the \"3 idiots\" once and for all.","release_date":"2009-12-25","poster_path":"/wbE5SRTZFtQxgj2nIo4HJpQDk0k.jpg","popularity":2.339663,"title":"3 Idiots","video":false,"vote_average":7.7,"vote_count":527},{"adult":false,"backdrop_path":"/gmH0N0bdlYGN1EUr8U2cMQYyg78.jpg","genre_ids":[18,878],"id":19,"original_language":"de","original_title":"Metropolis","overview":"In a futuristic city sharply divided between the working class and the city planners, the son of the city's mastermind falls in love with a working class prophet who predicts the coming of a savior to mediate their differences.","release_date":"1927-01-10","poster_path":"/hnj1AptUFmYYZNjrbIHgNjgt3ZX.jpg","popularity":1.793781,"title":"Metropolis","video":false,"vote_average":7.7,"vote_count":195},{"adult":false,"backdrop_path":"/p4ZsArF1dDWPoKjUpGJ7FthmUB0.jpg","genre_ids":[14,16,18,878],"id":14069,"original_language":"ja","original_title":"Toki o kakeru shôjo","overview":"When 17-year-old Makoto Konno gains the ability to, quite literally, \"leap\" backwards through time, she immediately sets about improving her grades and preventing personal mishaps. However, she soon realises that changing the past isn't as simple as it seems, and eventually, will have to rely on her new powers to shape the future of herself and her friends.","release_date":"2006-07-15","poster_path":"/oPpy4N3qyI3r1nRVl60F69vFQwK.jpg","popularity":2.790735,"title":"The Girl Who Leapt Through Time","video":false,"vote_average":7.7,"vote_count":90},{"adult":false,"backdrop_path":"/iz8eaAVK0HawY8yuoeqAs6Uk83u.jpg","genre_ids":[18],"id":60243,"original_language":"fa","original_title":"جدایی نادر از سیمین","overview":"The movie is centered on a couple, Nader and Simin, and their 11-year-old daughter, Termeh. Nader and Simin are about to leave the country for good; however, Nader has a change of heart and decides to stay and look after his father who suffers from Alzheimer's disease. Simin is determined to get a divorce and leave the country with her daughter, but the court does not find in her favor. Simin goes to live with her mother and Termeh returns to live with her father with the hope that her mother will be back some day.","release_date":"2011-03-15","poster_path":"/hMQXRvVmlo52rSZjehkBU42ljue.jpg","popularity":2.444525,"title":"A Separation","video":false,"vote_average":7.7,"vote_count":184},{"adult":false,"backdrop_path":"/vKnl3x7u6Qijq3xGX1eReMgn3cX.jpg","genre_ids":[18,878,12,9648],"id":593,"original_language":"ru","original_title":"Солярис","overview":"Ground control has been receiving strange transmissions from the three remaining residents of the Solaris space station. When cosmonaut and psychologist Kris Kelvin is sent to investigate, he experiences the strange phenomena that afflict the Solaris crew, sending him on a voyage into the darkest recesses of his own consciousness. Based on the novel by the same name from Polish author Stanislaw Lem.","release_date":"1972-03-20","poster_path":"/pjarQzkcXDmNKi75m2FhXexvR6m.jpg","popularity":2.398162,"title":"Solaris","video":false,"vote_average":7.7,"vote_count":111},{"adult":false,"backdrop_path":"/cne1AaNoVPHOEUiwcdS7sSo1uJ5.jpg","genre_ids":[18,53,9648,28],"id":670,"original_language":"en","original_title":"올드보이","overview":"Oldboy is the revenge drama from Director Park Chan-wook. Based on a Manga comic it depicts the suffering path of a man who must deal with the never ending torment of having unknowingly made someone his enemy.","release_date":"2003-12-21","poster_path":"/fct7n9V10E8t8a7wOR90Ccw0i48.jpg","popularity":3.071608,"title":"Oldboy","video":false,"vote_average":7.7,"vote_count":566},{"adult":false,"backdrop_path":"/r9jAdQDK1tYq2wlFPBJBH9UX5TX.jpg","genre_ids":[878,18,10749,14],"id":31011,"original_language":"en","original_title":"Mr. Nobody","overview":"Nemo Nobody leads an ordinary existence with his wife and 3 children; one day, he wakes up as a mortal centenarian in the year 2092.","release_date":"2009-09-11","poster_path":"/jxd2XSsnUHHUbo50nzVnVnHRPVJ.jpg","popularity":2.480171,"title":"Mr. Nobody","video":false,"vote_average":7.7,"vote_count":326},{"adult":false,"backdrop_path":"/mLhoF9Xgv8lC9YQzAkKuTQL29mt.jpg","genre_ids":[9648,53],"id":567,"original_language":"en","original_title":"Rear Window","overview":"Professional photographer L.B. \"Jeff\" Jeffries breaks his leg while getting an action shot at an auto race. Confined to his New York apartment, he spends his time looking out of the rear window observing the neighbors. He begins to suspect that a man across the courtyard may have murdered his wife. Jeff enlists the help of his high society fashion-consultant girlfriend Lisa Freemont and his visiting nurse Stella to investigate.","release_date":"1954-08-01","poster_path":"/oXbT7vlLmZ76kWoHe5XJYuyJUgp.jpg","popularity":1.007197,"title":"Rear Window","video":false,"vote_average":7.7,"vote_count":454},{"adult":false,"backdrop_path":"/gjOiE5EYH5sqcJYlSDZnVWRMgNV.jpg","genre_ids":[80,53],"id":500,"original_language":"en","original_title":"Reservoir Dogs","overview":"A botched robbery indicates a police informant, and the pressure mounts in the aftermath at a warehouse. Crime begets violence as the survivors -- veteran Mr. White, newcomer Mr. Orange, psychopathic parolee Mr. Blonde, bickering weasel Mr. Pink and Nice Guy Eddie -- unravel.","release_date":"1992-06-25","poster_path":"/4ctv9pxKpwjTFevWQbvaqXkXbPF.jpg","popularity":2.910759,"title":"Reservoir Dogs","video":false,"vote_average":7.7,"vote_count":953},{"adult":false,"backdrop_path":"/h4DcDCOkQBENWBJZjNlPv3adQfM.jpg","genre_ids":[27,53],"id":694,"original_language":"en","original_title":"The Shining","overview":"Jack Torrance accepts a caretaker job at the Overlook Hotel, where he, along with his wife Wendy and their son Danny, must live isolated from the rest of the world for the winter. But they aren't prepared for the madness that lurks within.","release_date":"1980-05-22","poster_path":"/9fgh3Ns1iRzlQNYuJyK0ARQZU7w.jpg","popularity":3.851292,"title":"The Shining","video":false,"vote_average":7.7,"vote_count":1008},{"adult":false,"backdrop_path":"/f0HeQdnuFkboXWGBgqtwYUKgLZw.jpg","genre_ids":[18],"id":85350,"original_language":"en","original_title":"Boyhood","overview":"The film tells a story of a divorced couple trying to raise their young son. The story follows the boy for twelve years, from first grade at age 6 through 12th grade at age 17-18, and examines his relationship with his parents as he grows.","release_date":"2014-07-11","poster_path":"/eKi4e5zXhQKs0De4xu5AAMvu376.jpg","popularity":3.180284,"title":"Boyhood","video":false,"vote_average":7.7,"vote_count":806},{"adult":false,"backdrop_path":"/ai9UKd8KownQKGIh1m5p3DuEeMm.jpg","genre_ids":[28,12,14,878],"id":127585,"original_language":"en","original_title":"X-Men: Days of Future Past","overview":"The ultimate X-Men ensemble fights a war for the survival of the species across two time periods in X-MEN: DAYS OF FUTURE PAST. The beloved characters from the original “X-Men” film trilogy join forces with their younger selves from “X-Men: First Class,” in an epic battle that must change the past – to save our future.","release_date":"2014-05-23","poster_path":"/qKkFk9HELmABpcPoc1HHZGIxQ5a.jpg","popularity":9.063377,"title":"X-Men: Days of Future Past","video":false,"vote_average":7.7,"vote_count":2343}],"total_pages":180,"total_results":3596}
