{"page":117,"results":[{"adult":false,"backdrop_path":"/7XO35t81SB5woNWl2pkq86QN982.jpg","genre_ids":[10749,18],"id":172533,"original_language":"en","original_title":"Drinking Buddies","overview":"Weekend trips, office parties, late night conversations, drinking on the job, marriage pressure, biological clocks, holding eye contact a second too long… you know what makes the line between “friends” and “more than friends” really blurry? Beer.","release_date":"2013-08-23","poster_path":"/zongyslIHQmfnf9rgUioPkDaHmq.jpg","popularity":1.628781,"title":"Drinking Buddies","video":false,"vote_average":6.1,"vote_count":160},{"adult":false,"backdrop_path":"/1RaVsWb6gz6L5ZzQfviFAjWmLBP.jpg","genre_ids":[12,35,10749],"id":13523,"original_language":"en","original_title":"Sex Drive","overview":"A high school senior drives cross-country with his best friends to hook up with a babe he met online.","release_date":"2008-10-17","poster_path":"/bwXrZy2xqsyDnno4z8AENEgVfsO.jpg","popularity":0.942732,"title":"Sex Drive","video":false,"vote_average":6.0,"vote_count":93},{"adult":false,"backdrop_path":"/vI1XbNXhPdqgvFK9wJ1eAll9VPx.jpg","genre_ids":[27,53],"id":9730,"original_language":"en","original_title":"Friday the 13th: The Final Chapter","overview":"After the Crystal Lake Massacres, Jason is pronounced dead and taken to the hospital morgue, where he is mysteriously revived, allowing his diabolical killing spree to continue at the camp where the gruesome slaughtering began. But this time, in addition to terrified teenagers, he meets a young boy named Tommy who has a special talent for horror masks and make up, leading up to a horrifying, bloody battle! Has Jason finally met his match?","release_date":"1984-04-13","poster_path":"/p5wiO9KgZH78Kvo1L6dPz8uECJ9.jpg","popularity":1.686822,"title":"Friday the 13th: The Final Chapter","video":false,"vote_average":6.0,"vote_count":52},{"adult":false,"backdrop_path":"/9871gh0v3VyHU4e0Xpr40qKUkA4.jpg","genre_ids":[18,53],"id":231,"original_language":"en","original_title":"Syriana","overview":"The Middle Eastern oil industry is the backdrop of this tense drama, which weaves together numerous story lines. Bennett Holiday is an American lawyer in charge of facilitating a dubious merger of oil companies, while Bryan Woodman, a Switzerland-based energy analyst, experiences both personal tragedy and opportunity during a visit with Arabian royalty. Meanwhile, veteran CIA agent Bob Barnes uncovers an assassination plot with unsettling origins.","release_date":"2005-11-23","poster_path":"/ArLpoafsdFhs5USOn2AUsEIImxI.jpg","popularity":1.71211,"title":"Syriana","video":false,"vote_average":6.0,"vote_count":147},{"adult":false,"backdrop_path":"/reKm0xvh7FkuCfNL4eDRmTCn7q0.jpg","genre_ids":[28,12,18],"id":9313,"original_language":"en","original_title":"The Man in the Iron Mask","overview":"Years have passed since the Three Musketeers, Aramis, Athos and Porthos, have fought together with their friend, D'Artagnan. But with the tyrannical King Louis using his power to wreak havoc in the kingdom while his twin brother, Philippe, remains imprisoned, the Musketeers reunite to abduct Louis and replace him with Philippe.","release_date":"1998-03-12","poster_path":"/mNbLk9qdBMnzBFWBrjy3Nuw9Ovi.jpg","popularity":2.202734,"title":"The Man in the Iron Mask","video":false,"vote_average":6.0,"vote_count":264},{"adult":false,"backdrop_path":"/5YEhPkNlIwpGKVIwjl1jkmA1nnU.jpg","genre_ids":[12,9648,53],"id":12403,"original_language":"en","original_title":"A Perfect Getaway","overview":"For their honeymoon, newlyweds Cliff and Cydney head to the tropical islands of Hawaii. While journeying through the paradisaical countryside the couple encounters Kale and Cleo, two disgruntled hitchhikers and Nick and Gina, two wild but well-meaning spirits who help guide them through the lush jungles. The picturesque waterfalls and scenic mountainsides quickly give way to terror when Cliff and Cydney learn of a grisly murder that occurred nearby and realize that they're being followed by chance acquaintances that suspiciously fit the description of the killers.","release_date":"2009-06-08","poster_path":"/pQhAT3NoBZ11gxfCX8JMc9iJ68D.jpg","popularity":1.298495,"title":"A Perfect Getaway","video":false,"vote_average":6.0,"vote_count":117},{"adult":false,"backdrop_path":"/ytzqiDJ1mixWxBhFr1Lmp0VZjtT.jpg","genre_ids":[18,27,53],"id":9529,"original_language":"en","original_title":"Candyman","overview":"The Candyman, a murderous soul with a hook for a hand, is accidentally summoned to reality by a skeptic grad student researching the monster's myth.","release_date":"1992-10-16","poster_path":"/w5YQqrwzreHfa7RmXCB7rpLLxbe.jpg","popularity":1.605291,"title":"Candyman","video":false,"vote_average":6.0,"vote_count":64},{"adult":false,"backdrop_path":"/mRv6kxqL1uIJSoVA8NzGOqBBacT.jpg","genre_ids":[35,10749],"id":193610,"original_language":"en","original_title":"The Other Woman","overview":"After discovering her boyfriend is married, Carly soon meets the wife he's been cheating on. And when yet another affair is discovered, all three women team up to plot mutual revenge on the three-timing SOB.","release_date":"2014-04-25","poster_path":"/fu7K3rPwJcScizlXbxWAR7ZoUxt.jpg","popularity":3.586442,"title":"The Other Woman","video":false,"vote_average":6.0,"vote_count":592},{"adult":false,"backdrop_path":"/pSDjGIQsSmRcB4iTnWaR6tYk2SJ.jpg","genre_ids":[28,35,10751,14,878],"id":2614,"original_language":"en","original_title":"Innerspace","overview":"Test pilot Tuck Pendleton volunteers to test a special vessel for a miniaturization experiment. Accidentally injected into a neurotic hypochondriac, Jack Putter, Tuck must convince Jack to find his ex-girlfriend, Lydia Maxwell, to help him extract Tuck and his ship and re-enlarge them before his oxygen runs out.","release_date":"1987-06-30","poster_path":"/krRl7QKdIYsVUPYmOwElA1sqQE7.jpg","popularity":2.902103,"title":"Innerspace","video":false,"vote_average":6.0,"vote_count":79},{"adult":false,"backdrop_path":"/p3cQ5OTgxiBXvL1LtunxU8L3yO4.jpg","genre_ids":[35],"id":146239,"original_language":"en","original_title":"Delivery Man","overview":"An affable underachiever finds out he's fathered 533 children through anonymous donations to a fertility clinic 20 years ago. Now he must decide whether or not to come forward when 142 of them file a lawsuit to reveal his identity.","release_date":"2013-11-22","poster_path":"/XFNn7rL7JoG9eW0OoW8WU2wB4y.jpg","popularity":3.176292,"title":"Delivery Man","video":false,"vote_average":6.0,"vote_count":223},{"adult":false,"backdrop_path":"/rusiQnUaorH0Z71hYMsrR8Ortrf.jpg","genre_ids":[35],"id":8835,"original_language":"en","original_title":"Legally Blonde","overview":"Elle Woods has it all. She's the president of her sorority, a Hawaiian Tropic girl, Miss June in her campus calendar, and, above all, a natural blonde. She dates the cutest fraternity boy on campus and wants nothing more than to be Mrs. Warner Huntington III. But, there's just one thing stopping Warner from popping the question: Elle is too blonde.","release_date":"2001-07-13","poster_path":"/1gAnkZNAd3HqgWL7aqSOQFwt7D1.jpg","popularity":1.534419,"title":"Legally Blonde","video":false,"vote_average":6.0,"vote_count":235},{"adult":false,"backdrop_path":"/bGhaaYf0psWOsZevNJSBAyLZ27k.jpg","genre_ids":[18],"id":44835,"original_language":"en","original_title":"Hesher","overview":"A young boy has lost his mother and is losing touch with his father and the world around him. Then he meets Hesher who manages to make his life even more chaotic.","release_date":"2010-01-22","poster_path":"/m4EMkgWzmTeFkk4j0wTT02x9Cjp.jpg","popularity":0.504719,"title":"Hesher","video":false,"vote_average":6.0,"vote_count":66},{"adult":false,"backdrop_path":"/wjrTJhDQEqmmaEfbM2Qo8ibzvSS.jpg","genre_ids":[9648,53],"id":13448,"original_language":"en","original_title":"Angels & Demons","overview":"Harvard symbologist Robert Langdon investigates a mysterious symbol seared into the chest of a murdered physicist. He discovers evidence of the unimaginable, the rebirth of an ancient secret brotherhood known as the Illuminati, the most powerful underground organization ever to walk the earth.","release_date":"2009-05-15","poster_path":"/grN4lETrHNejatQZFP2F2DAWMU4.jpg","popularity":1.909592,"title":"Angels & Demons","video":false,"vote_average":6.0,"vote_count":776},{"adult":false,"backdrop_path":"/rg0E3xmWB76hcORiywxVH7xE5zv.jpg","genre_ids":[35],"id":85872,"original_language":"fr","original_title":"Comme un chef","overview":"A veteran chef faces off against his restaurant group's new CEO, who wants to the establishment to lose a star from its rating in order to bring in a younger chef who specializes in molecular gastronomy.","release_date":"2012-03-07","poster_path":"/xq8o0UHfkEk58pDC5qgPDo7p51Z.jpg","popularity":2.336614,"title":"Le Chef","video":false,"vote_average":6.0,"vote_count":60},{"adult":false,"backdrop_path":"/xkXB31hBfU6A5bZlaGjNLvdfiYc.jpg","genre_ids":[18,27,53],"id":65086,"original_language":"en","original_title":"The Woman in Black","overview":"The story follows a young lawyer, Arthur Kipps, who is ordered to travel to a remote village and sort out a recently deceased client’s papers. As he works alone in the client’s isolated house, Kipps begins to uncover tragic secrets, his unease growing when he glimpses a mysterious woman dressed only in black. Receiving only silence from the locals, Kipps is forced to uncover the true identity of the Woman in Black on his own, leading to a desperate race against time when he discovers her true identity.","release_date":"2012-02-01","poster_path":"/sJ1jGUTMYijpQ4TryTvnC5SkQ4N.jpg","popularity":3.463505,"title":"The Woman in Black","video":false,"vote_average":6.0,"vote_count":375},{"adult":false,"backdrop_path":"/xy9MUcAcUCsxDnp5QEuLJIcFzGJ.jpg","genre_ids":[28,12,35,14,878],"id":11551,"original_language":"en","original_title":"Small Soldiers","overview":"When missile technology is used to enhance toy action figures, the toys soon begin to take their battle programming too seriously.","release_date":"1998-07-10","poster_path":"/l5laJWvcxgkoqC3nRPs9N5u55jR.jpg","popularity":1.578958,"title":"Small Soldiers","video":false,"vote_average":6.0,"vote_count":149},{"adult":false,"backdrop_path":"/1AG4zhL1MPdJGwAp3GODLG1j1LY.jpg","genre_ids":[27,53,80],"id":214,"original_language":"en","original_title":"Saw III","overview":"Jigsaw has disappeared. Along with his new apprentice Amanda, the puppet-master behind the cruel, intricate games that have terrified a community and baffled police has once again eluded capture and vanished. While city detective scramble to locate him, Doctor Lynn Denlon and Jeff Reinhart are unaware that they are about to become the latest pawns on his vicious chessboard.","release_date":"2006-10-27","poster_path":"/anWZLD1GS4oumMkf20o2xIMnvlp.jpg","popularity":2.16367,"title":"Saw III","video":false,"vote_average":6.0,"vote_count":284},{"adult":false,"backdrop_path":"/xxxls5ndPmeFh5rnNjY2zm0kSlK.jpg","genre_ids":[12,16,10751],"id":10539,"original_language":"en","original_title":"James and the Giant Peach","overview":"James' happy life at the English seaside is rudely ended when his parents are killed by a rhinoceros and he goes to live with his two horrid aunts. Daringly saving the life of a spider he comes into possession of magic boiled crocodile tongues, after which an enormous peach starts to grow in the garden.","release_date":"1996-04-12","poster_path":"/fDfgO1jkPAIX9ZbXka9XcOfDWl3.jpg","popularity":0.720941,"title":"James and the Giant Peach","video":false,"vote_average":6.0,"vote_count":105},{"adult":false,"backdrop_path":"/j01PwweLdwHk3e5pTAZazvAp2VS.jpg","genre_ids":[27,53],"id":45657,"original_language":"en","original_title":"The Ward","overview":"A thriller centered on an institutionalized young woman who becomes terrorized by a ghost.","release_date":"2010-09-13","poster_path":"/8dCj3W9j6OFKytakm197bJD3rhT.jpg","popularity":1.803247,"title":"The Ward","video":false,"vote_average":6.0,"vote_count":93},{"adult":false,"backdrop_path":"/ulv3akwg3mep2oGvSL7qZ9cxjp3.jpg","genre_ids":[28,12,35,10749],"id":10303,"original_language":"en","original_title":"The Jewel of the Nile","overview":"Joan Wilder is thrust back into a world of murder, chases, foreign intrigue... and love. This time out she's duped by a duplicitous Arab dignitary who brings her to the Middle East, ostensibly to write a book about his life. Of course he's up to no good, and Joan is just another pawn in his wicked game. But Jack Colton and his sidekick Ralph show up to help our intrepid heroine save the day.","release_date":"1985-12-04","poster_path":"/l1aw2VITfokYqoizjoF39OrrLow.jpg","popularity":0.919296,"title":"The Jewel of the Nile","video":false,"vote_average":6.0,"vote_count":82}],"total_pages":180,"total_results":3596}
