{"page":146,"results":[{"adult":false,"backdrop_path":"/A5C62A1MjE5a6ZrtmvHYK3vTKtG.jpg","genre_ids":[12,14,28,35,10751],"id":9593,"original_language":"en","original_title":"Last Action Hero","overview":"Danny is obsessed with a fictional movie character action hero Jack Slater. When a magical ticket transports him into Jack's latest adventure, Danny finds himself in a world where movie magic and reality collide. Now it's up to Danny to save the life of his hero and new friend.","release_date":"1993-06-17","poster_path":"/yeLurMF2Xy3nex17hBbxft6zGR0.jpg","popularity":2.710417,"title":"Last Action Hero","video":false,"vote_average":5.7,"vote_count":194},{"adult":false,"backdrop_path":"/omlH3JVUL6bSoiX0nc9Ekv1kjRd.jpg","genre_ids":[18,53,80,9648,10749],"id":13018,"original_language":"en","original_title":"Deception","overview":"As a corporate auditor who works in a number of different offices, Jonathan McQuarry wanders without an anchor among New York's power brokers. A chance meeting with charismatic lawyer Wyatt Bose leads to Jonathan's introduction to The List, an underground sex club. Jonathan begins an affair with a woman known only as S, who introduces Jonathan to a world of treachery and murder.","release_date":"2008-04-25","poster_path":"/c31j6nbp97Ug6YefMMxn584IpmI.jpg","popularity":1.933331,"title":"Deception","video":false,"vote_average":5.7,"vote_count":67},{"adult":false,"backdrop_path":"/2ca92Rt5VVpb85BCJXQekUvMkDQ.jpg","genre_ids":[35,9648],"id":15159,"original_language":"en","original_title":"The Pink Panther 2","overview":"When legendary treasures from around the world are stolen, including the priceless Pink Panther Diamond, Chief Inspector Dreyfus is forced to assign Inspector Clouseau to a team of international detectives and experts charged with catching the thief and retrieving the stolen artifacts.","release_date":"2009-02-06","poster_path":"/bVGiumWel8Lixi87SXqlDIGwjqQ.jpg","popularity":0.635858,"title":"The Pink Panther 2","video":false,"vote_average":5.7,"vote_count":93},{"adult":false,"backdrop_path":"/6CvIM0Lp2gBppgoVoowqkyzhim7.jpg","genre_ids":[35,12],"id":9285,"original_language":"en","original_title":"Road Trip","overview":"Four friends take off on an 1800 mile road trip to retrieve an illicit tape mistakenly mailed to a girl friend.","release_date":"2000-05-19","poster_path":"/DCoZVnHVvtKTYwfM00dfVRbfUQ.jpg","popularity":1.888787,"title":"Road Trip","video":false,"vote_average":5.7,"vote_count":177},{"adult":false,"backdrop_path":"/tLS76JVfBWJ4UICTbKVT60a307O.jpg","genre_ids":[53],"id":44363,"original_language":"en","original_title":"Frozen","overview":"Three skiers are stranded on a chairlift and forced to make life-or-death choices that prove more perilous than staying put and freezing to death.","release_date":"2010-02-05","poster_path":"/iJCMU7MS1aTIQeTZj0royhQigll.jpg","popularity":2.024877,"title":"Frozen","video":false,"vote_average":5.7,"vote_count":117},{"adult":false,"backdrop_path":"/1lyGxhpRG0ftzbZdsmZ35c7DnhG.jpg","genre_ids":[28,12,35,80,53],"id":8592,"original_language":"en","original_title":"Dick Tracy","overview":"The comic strip detective finds his life vastly complicated when Breathless Mahoney makes advances towards him while he is trying to battle Big Boy Caprice's united mob,","release_date":"1990-06-15","poster_path":"/4UfKEGnj9jPWV11LNKBXTgge3We.jpg","popularity":0.834198,"title":"Dick Tracy","video":false,"vote_average":5.7,"vote_count":62},{"adult":false,"backdrop_path":"/gv4vhStXehlD3S6mxciqmuIK4kh.jpg","genre_ids":[18,27,53],"id":150202,"original_language":"en","original_title":"The Haunting in Connecticut 2: Ghosts of Georgia","overview":"Sequel to the 2009 mezzo-mezzo supernatural horror purporting to be based on a true story in which a cancer-afflicted teen starts seeing things in the new Victorian house he and his family moved into.","release_date":"2013-02-01","poster_path":"/fmMxrwMW6MVxPHLgjY7NTP5olIY.jpg","popularity":0.814203,"title":"The Haunting in Connecticut 2: Ghosts of Georgia","video":false,"vote_average":5.7,"vote_count":72},{"adult":false,"backdrop_path":"/j96fGPf8VkYQCfTp6bMkaIJuGVZ.jpg","genre_ids":[12,35,10751],"id":11459,"original_language":"en","original_title":"Sky High","overview":"Set in a world where superheroes are commonly known and accepted, young Will Stronghold, the son of the Commander and Jetstream, tries to find a balance between being a normal teenager and an extraordinary being.","release_date":"2005-07-29","poster_path":"/ddskSEIu1B2PwodOzZNWB5YVQzq.jpg","popularity":1.87713,"title":"Sky High","video":false,"vote_average":5.7,"vote_count":164},{"adult":false,"backdrop_path":"/4DfgQE0N0Pe5ijhofurpCPYdw4P.jpg","genre_ids":[27],"id":10014,"original_language":"fr","original_title":"A Nightmare on Elm Street Part 2: Freddy's Revenge","overview":"A new family moves into the house on Elm Street, and before long, the kids are again having nightmares about deceased child murderer Freddy Krueger. This time, Freddy attempts to possess a teenage boy to cause havoc in the real world, and can only be overcome if the boy's sweetheart can master her fear.","release_date":"1985-11-01","poster_path":"/seEMZxo6bhHWbWPNcBQfsMAk39F.jpg","popularity":0.793174,"title":"A Nightmare on Elm Street Part 2: Freddy's Revenge","video":false,"vote_average":5.7,"vote_count":92},{"adult":false,"backdrop_path":"/79nRnl5Qbkwfz0Wdw8dVwF4wZEC.jpg","genre_ids":[14,18,35,10749],"id":10030,"original_language":"en","original_title":"Good Luck Chuck","overview":"Cursed since childhood, dentist Charlie Kagan (Dane Cook) cannot find the right woman. Even worse, he learns that each of his ex-girlfriends finds true love with the man she meets after her relationship with him ends. Hearing of Charlie's reputation as a good-luck charm, women from all over line up for a quick tryst. But when Charlie meets the woman of his dreams (Jessica Alba), he must find a way to break the curse or risk losing her to the next man she meets.","release_date":"2007-06-13","poster_path":"/kmVYfdfjL9RqzAJHJziX7boVZrL.jpg","popularity":1.985086,"title":"Good Luck Chuck","video":false,"vote_average":5.7,"vote_count":155},{"adult":false,"backdrop_path":"/1hPMsHO2KMBCtVLevPdXtN1ohrA.jpg","genre_ids":[53],"id":49730,"original_language":"en","original_title":"Red Riding Hood","overview":"Valerie is in love with a brooding outsider, Peter, but her parents have arranged for her to marry the wealthy Henry. Unwilling to lose each other, Valerie and Peter plan to run away together when they learn that Valerie's older sister has been killed by a werewolf that prowls the dark forest surrounding their village. Hungry for revenge, the people call on famed werewolf hunter, Father Solomon, to help them kill the wolf. But Solomon's arrival brings unintended consequences as he warns that the wolf, who takes human form by day, could be any one of them.","release_date":"2011-03-11","poster_path":"/tH8FpMbtePqGqeZ10cnXEkHKIMB.jpg","popularity":2.25581,"title":"Red Riding Hood","video":false,"vote_average":5.7,"vote_count":264},{"adult":false,"backdrop_path":"/eKXTOIqSFrfN8WTTxrzHMBNiUpB.jpg","genre_ids":[10751,16,12,35],"id":5559,"original_language":"en","original_title":"Bee Movie","overview":"Barry B. Benson, a bee who has just graduated from college, is disillusioned at his lone career choice: making honey. On a special trip outside the hive, Barry's life is saved by Vanessa, a florist in New York City. As their relationship blossoms, he discovers humans actually eat honey, and subsequently decides to sue us.","release_date":"2007-10-28","poster_path":"/QhbOzpYfBOwrRiuTu9otPk919R.jpg","popularity":2.643316,"title":"Bee Movie","video":false,"vote_average":5.7,"vote_count":446},{"adult":false,"backdrop_path":"/i0umpdqVURR1VZFX67QGJEXKvLe.jpg","genre_ids":[28,53],"id":216282,"original_language":"en","original_title":"Into the Storm","overview":"The town of Silverton is in one day destroyed by the unprecedented power of a series of tornadoes. The population is at the mercy of the unpredictable and deadly cyclones, while hunters warn that the worst is yet to come. Most people find shelter, but some just go to the tornado for that one, unique shot.","release_date":"2014-08-08","poster_path":"/dtuyhlOtqj8zPPFgTgWJ0bF3s2h.jpg","popularity":2.908298,"title":"Into the Storm","video":false,"vote_average":5.7,"vote_count":361},{"adult":false,"backdrop_path":"/rEAuvuZLher0Jt9xGT3b90Yx5Zq.jpg","genre_ids":[28,12,14,878],"id":32985,"original_language":"en","original_title":"Solomon Kane","overview":"A nomadic 16th century warrior, condemned to hell for his brutal past, seeks redemption by renouncing violence, but finds some things are worth burning for as he fights to free a young Puritan woman from the grip of evil.","release_date":"2009-09-24","poster_path":"/n5SHBE4ulsDDVa9gYttUYwp1VZU.jpg","popularity":0.983932,"title":"Solomon Kane","video":false,"vote_average":5.7,"vote_count":143},{"adult":false,"backdrop_path":"/mWpUKAaJHjckIPFdEFEpeMTjjki.jpg","genre_ids":[16,28,12,10751],"id":230222,"original_language":"en","original_title":"Tarzan","overview":"One of the most classic and revered stories of all time, Edgar Rice Burroughs' Tarzan returns to the big screen for a new generation. Tarzan and Jane face a mercenary army dispatched by the evil CEO of Greystoke Energies, a man who took over the company from Tarzan's parents, after they died in a plane crash in the African jungle.","release_date":"2013-10-17","poster_path":"/p0Ut3h7Sx6GlsVltt2ZAp8XDFmi.jpg","popularity":2.182102,"title":"Tarzan","video":false,"vote_average":5.7,"vote_count":100},{"adult":false,"backdrop_path":"/xwT7LGaJCpq0lbVgUlxNLPCu3eA.jpg","genre_ids":[18,10749],"id":7520,"original_language":"en","original_title":"Cocktail","overview":"A talented New York bartender takes a job at a bar in Jamaica and falls in love.","release_date":"1988-07-29","poster_path":"/60mYYP531cZ1l7zbQcLm1lwbHEF.jpg","popularity":2.200757,"title":"Cocktail","video":false,"vote_average":5.7,"vote_count":80},{"adult":false,"backdrop_path":"/9SudvdR6HYtgTqMz17RYXdWuTUl.jpg","genre_ids":[12,28,53],"id":707,"original_language":"en","original_title":"A View to a Kill","overview":"A newly developed microchip designed by Zorin Industries for the British Government that can survive the electromagnetic radiation caused by a nuclear explosion has landed in the hands of the KGB. James Bond must find out how and why. His suspicions soon lead him to big industry leader Max Zorin.","release_date":"1985-06-12","poster_path":"/veDMW7eX6tat86EapsvGEICJ8Tq.jpg","popularity":2.477548,"title":"A View to a Kill","video":false,"vote_average":5.6,"vote_count":161},{"adult":false,"backdrop_path":"/qytbMNpC6R703nh0XEp3c4S39dl.jpg","genre_ids":[28,14,27,9648],"id":9946,"original_language":"en","original_title":"End of Days","overview":"On December 28th, 1999, the citizens of New York City are getting ready for the turn of the millennium. However, the Devil decides to crash the party by coming to the city, inhabiting a man's body, and searching for his chosen bride, a 20-year-old woman named Christine York. The world will end, and the only hope lies within an atheist called Jericho Cane.","release_date":"1999-11-23","poster_path":"/bEIjH6GroeWaBkn6o7MVpMNbuyw.jpg","popularity":1.168084,"title":"End of Days","video":false,"vote_average":5.6,"vote_count":121},{"adult":false,"backdrop_path":"/jikIWGfMFq8YxYziXVFyqBI7e3o.jpg","genre_ids":[80,53],"id":64689,"original_language":"en","original_title":"Killing Them Softly","overview":"Jackie Cogan is an enforcer hired to restore order after three dumb guys rob a Mob protected card game, causing the local criminal economy to collapse.","release_date":"2012-11-30","poster_path":"/5C7EO4ozTalOkUIu9kPMIj1l7e5.jpg","popularity":2.55035,"title":"Killing Them Softly","video":false,"vote_average":5.6,"vote_count":333},{"adult":false,"backdrop_path":"/z7z5fg7Ml1hHg67Sbk6pJmmOOT1.jpg","genre_ids":[878,16,10751,35,12],"id":16866,"original_language":"en","original_title":"Planet 51","overview":"When Earth astronaut Capt. Chuck Baker arrives on Planet 51 -- a world reminiscent of American suburbia circa 1950 -- he tries to avoid capture, recover his spaceship and make it home safely, all with the help of an empathetic little green being.","release_date":"2009-11-19","poster_path":"/n4Azjb2DyclHySvHWMUAsGW2Zb1.jpg","popularity":2.28244,"title":"Planet 51","video":false,"vote_average":5.6,"vote_count":193}],"total_pages":180,"total_results":3596}
