{"page":17,"results":[{"adult":false,"backdrop_path":"/dji4Fm0gCDVb9DQQMRvAI8YNnTz.jpg","genre_ids":[16,35,10751],"id":862,"original_language":"en","original_title":"Toy Story","overview":"Woody the cowboy is young Andy’s favorite toy. Yet this changes when Andy get the new super toy Buzz Lightyear for his birthday. Now that Woody is no longer number one he plans his revenge on Buzz. Toy Story is a milestone in film history for being the first feature film to use entirely computer animation.","release_date":"1995-11-21","poster_path":"/agy8DheVu5zpQFbXfAdvYivF2FU.jpg","popularity":1.660643,"title":"Toy Story","video":false,"vote_average":7.4,"vote_count":2178},{"adult":false,"backdrop_path":"/xRJ332EntToXGS7Wr2EZ6i96xHM.jpg","genre_ids":[80,18],"id":903,"original_language":"en","original_title":"Cool Hand Luke","overview":"Luke Jackson is a cool, gutsy prisoner in a Southern chain gang who, while refusing to buckle under to authority, keeps escaping and being recaptured. Nevertheless, the camp staff actively works to crush Luke until he finally breaks.","release_date":"1967-11-01","poster_path":"/3rg6PsJfQgI1kMJRK4N7Yc6OH2P.jpg","popularity":0.651705,"title":"Cool Hand Luke","video":false,"vote_average":7.4,"vote_count":88},{"adult":false,"backdrop_path":"/mUcfavkzBSlJbhS6cXZyInM9jix.jpg","genre_ids":[16,10751,12],"id":13932,"original_language":"en","original_title":"Jack-Jack Attack","overview":"Kari the babysitter thinks she's in for a night of routine babysitting. She's prepared to provide neurological stimulation with some soothing musical accompaniment for little Jack-Jack, the smallest member of the incredible Parr family. Little does she know that Jack-Jack will teach her a thing or two about babies with \"special needs.\"","release_date":"2005-03-15","poster_path":"/btnyGcvjMbN4MpwLE7A6J7gNV01.jpg","popularity":2.044348,"title":"Jack-Jack Attack","video":false,"vote_average":7.4,"vote_count":66},{"adult":false,"backdrop_path":"/mwo3gk3BWXt9f2LSTmQar5Nu6I3.jpg","genre_ids":[80,18,9648,53],"id":829,"original_language":"en","original_title":"Chinatown","overview":"Jack Nicholson is private eye Jake Gittes, living off the murky moral climate of sunbaked, pre-World War II Southern California. Hired by a beautiful socialite (Faye Dunaway) to investigate her husband's extra-marital affair, Gittes is swept into a maelstrom of double dealings and deadly deceits, uncovering a web of personal and political scandals that come crashing together.","release_date":"1974-06-20","poster_path":"/iIHO6FzF6lL4mA90rrmk3Y705XS.jpg","popularity":1.365039,"title":"Chinatown","video":false,"vote_average":7.4,"vote_count":213},{"adult":false,"backdrop_path":"/oMaCjoomZ1ZvFX7sASAbcDrkxU7.jpg","genre_ids":[28,80,18],"id":47931,"original_language":"pt","original_title":"Tropa de Elite 2","overview":"After a bloody invasion of the BOPE in the High-Security Penitentiary Bangu 1 in Rio de Janeiro to control a rebellion of interns, the Lieutenant-Colonel Roberto Nascimento and the second in command Captain André Matias are accused by the Human Right Aids member Diogo Fraga of execution of prisoners. Matias is transferred to the corrupted Military Police and Nascimento is exonerated from the BOPE by the Governor.","release_date":"2010-10-08","poster_path":"/65Uy9xucPOAZDKa54RlojVyP24k.jpg","popularity":0.985221,"title":"Elite Squad: The Enemy Within","video":false,"vote_average":7.4,"vote_count":172},{"adult":false,"backdrop_path":"/fI3ucpgaVKOUcQ82vhgWmWuLlg2.jpg","genre_ids":[16,35,10751,12],"id":14160,"original_language":"en","original_title":"Up","overview":"After a lifetime of dreaming of traveling the world, 78-year-old homebody Carl flies away on an unbelievable adventure with Russell, an 8-year-old Wilderness Explorer, unexpectedly in tow. Together, the unlikely pair embarks on a thrilling odyssey full of jungle beasts and rough terrain.","release_date":"2009-05-13","poster_path":"/gfFqBcoFW8uczyl2ytVmVmUg82k.jpg","popularity":5.391344,"title":"Up","video":false,"vote_average":7.4,"vote_count":2563},{"adult":false,"backdrop_path":"/xQmK4M4sxAYry1WX4yP2yjWiEh0.jpg","genre_ids":[16,18],"id":83389,"original_language":"ja","original_title":"Kokuriko-zaka kara","overview":"The story is set in 1963 in Yokohama. Kokuriko Manor sits on a hill overlooking the harbour. A 16 year-old girl, Umi, lives in that house. Every morning she raises a signal flag facing the sea. The flag means “I pray for safe voyages”. A 17 year-old boy, Shun, always sees this flag from the sea as he rides a tugboat to school. Gradually the pair are drawn to each other but they are faced with a sudden trial. Even so, they keep going without running from facing the hardships of reality.","release_date":"2011-07-16","poster_path":"/mVlosCi4Kckj1iXACJdpSrA9alR.jpg","popularity":2.209871,"title":"From Up on Poppy Hill","video":false,"vote_average":7.4,"vote_count":94},{"adult":false,"backdrop_path":"/6ZGUYAhUvhJ54HrSPliTzoZ8evy.jpg","genre_ids":[27,18,53],"id":9539,"original_language":"en","original_title":"Martyrs","overview":"A young woman's quest for revenge against the people who kidnapped and tormented her as a child leads her and a friend, who is also a victim of child abuse, on a terrifying journey into a living hell of depravity.","release_date":"2008-09-03","poster_path":"/fC2Uld8qZ6waCuo71oTKzJTscaN.jpg","popularity":2.061826,"title":"Martyrs","video":false,"vote_average":7.4,"vote_count":117},{"adult":false,"backdrop_path":"/5ESiCDqO1aMlELkk0vzqXIwOvGz.jpg","genre_ids":[80,18,9648,53],"id":793,"original_language":"en","original_title":"Blue Velvet","overview":"The discovery of a severed human ear found in a field leads a young man on an investigation related to a beautiful, mysterious nightclub singer and a group of criminals who have kidnapped her child.","release_date":"1986-08-01","poster_path":"/81a3V7um4TI6mQGonAwtpMbD1hV.jpg","popularity":1.167492,"title":"Blue Velvet","video":false,"vote_average":7.4,"vote_count":191},{"adult":false,"backdrop_path":"/dVZNSiUG8TDzNuaR87NKVTNYhWX.jpg","genre_ids":[28,18,36,10752],"id":197,"original_language":"en","original_title":"Braveheart","overview":"Enraged at the slaughter of Murron, his new bride and childhood love, legendary Scottish warrior William Wallace slays a platoon of the local English lord's soldiers. This leads the village to revolt and, eventually, the entire country to rise up against English rule.","release_date":"1995-05-24","poster_path":"/2qAgGeYdLjelOEqjW9FYvPHpplC.jpg","popularity":2.958452,"title":"Braveheart","video":false,"vote_average":7.4,"vote_count":1569},{"adult":false,"backdrop_path":"/3ofB3pVFYUYgGHTM40lorZ3u1uQ.jpg","genre_ids":[18,80],"id":524,"original_language":"en","original_title":"Casino","overview":"Master director Martin Scorsese depicts the sloping depth of a casino mafia boss’ fall. Filmed in a semi-documentary fashion; about the life of the gambling paradise Las Vegas and its dark mafia underbelly.","release_date":"1995-11-22","poster_path":"/xo517ibXBDdYQY81j0WIG7BVcWq.jpg","popularity":2.391605,"title":"Casino","video":false,"vote_average":7.4,"vote_count":400},{"adult":false,"backdrop_path":"/qgBm3wTu1wBI0HG4mJ5YnOcjszt.jpg","genre_ids":[18],"id":185,"original_language":"en","original_title":"A Clockwork Orange","overview":"The head of a gang of toughs, in an insensitive futuristic society, is conditioned to become physically ill at sex and violence during a prison sentence. When he is released, he's brutally beaten by all of his old adversaries.","release_date":"1971-12-18","poster_path":"/hJYwfHxh9O7lyF7hTIT7ZoP8FYQ.jpg","popularity":3.363747,"title":"A Clockwork Orange","video":false,"vote_average":7.4,"vote_count":925},{"adult":false,"backdrop_path":"/lGAaaOzqw8nc14HOgSP58TWWo1y.jpg","genre_ids":[80,18,53],"id":275,"original_language":"en","original_title":"Fargo","overview":"Jerry, a small-town Minnesota car salesman is bursting at the seams with debt... but he's got a plan. He's going to hire two thugs to kidnap his wife in a scheme to collect a hefty ransom from his wealthy father-in-law. It's going to be a snap and nobody's going to get hurt... until people start dying. Enter Police Chief Marge, a coffee-drinking, parka-wearing - and extremely pregnant - investigator who'll stop at nothing to get her man. And if you think her small-time investigative skills will give the crooks a run for their ransom... you betcha!","release_date":"1996-04-05","poster_path":"/aZeX4XNSqa08TdMHRB1gDLO6GOi.jpg","popularity":2.662451,"title":"Fargo","video":false,"vote_average":7.4,"vote_count":575},{"adult":false,"backdrop_path":"/vMNl7mDS57vhbglfth5JV7bAwZp.jpg","genre_ids":[28,27,878,53],"id":348,"original_language":"en","original_title":"Alien","overview":"During its return to the earth, commercial spaceship Nostromo intercepts a distress signal from a distant planet. When a three-member team of the crew discovers a chamber containing thousands of eggs on the planet, a creature inside one of the eggs attacks an explorer. The entire crew is unaware of the impending nightmare set to descend upon them when the alien parasite planted inside its unfortunate host is birthed.","release_date":"1979-05-25","poster_path":"/uU9R1byS3USozpzWJ5oz7YAkXyk.jpg","popularity":4.10348,"title":"Alien","video":false,"vote_average":7.4,"vote_count":1826},{"adult":false,"backdrop_path":"/aIv7WnkxMWsswEpaeRuNbC32D9d.jpg","genre_ids":[18,10749],"id":12405,"original_language":"en","original_title":"Slumdog Millionaire","overview":"The story of the life of an impoverished Indian teen Jamal Malik, who becomes a contestant on the Hindi version of \"Who Wants to be A Millionaire?\", wins, and is then suspected of cheating.","release_date":"2008-05-12","poster_path":"/ojgf8iJpS4VX6jJfWGLpuEx0wm.jpg","popularity":3.868018,"title":"Slumdog Millionaire","video":false,"vote_average":7.4,"vote_count":872},{"adult":false,"backdrop_path":"/5zpVFIkIrtGyBjBFeMFuQ416LLc.jpg","genre_ids":[18,14,10752],"id":1417,"original_language":"es","original_title":"El laberinto del fauno","overview":"Living with her tyrannical stepfather in a new home with her pregnant mother, 10-year-old Ofelia feels alone until she explores a decaying labyrinth guarded by a mysterious faun who claims to know her destiny. If she wishes to return to her real father, Ofelia must complete three terrifying tasks.","release_date":"2006-05-27","poster_path":"/t0TDsqbCTgSi0AL7k4baZrOYYhi.jpg","popularity":2.529947,"title":"Pan's Labyrinth","video":false,"vote_average":7.4,"vote_count":905},{"adult":false,"backdrop_path":"/4cJv0cghFaJfepzGdOyqeNaJWYb.jpg","genre_ids":[80,18,36,53],"id":117,"original_language":"en","original_title":"The Untouchables","overview":"Young Treasury Agent Elliot Ness arrives in Chicago and is determined to take down Al Capone but it's not going to be easy, because Capone has the police in his pocket. Ness meets Jimmy Malone a veteran patrolman and probably the most honorable one in the force. He asks Malone to help him get Capone but Malone warns him that if he goes after Capone, he is going to war.","release_date":"1987-06-02","poster_path":"/qx4CDBhJDX5LQoVZ8UXPxQy5pt7.jpg","popularity":1.918447,"title":"The Untouchables","video":false,"vote_average":7.4,"vote_count":349},{"adult":false,"backdrop_path":"/6V4Ni0ap3yreqSRVfBrzFcryC6f.jpg","genre_ids":[12,80,18,53],"id":206563,"original_language":"pt","original_title":"Trash","overview":"Set in Brazil, three kids who make a discovery in a garbage dump soon find themselves running from the cops and trying to right a terrible wrong.","release_date":"2014-10-09","poster_path":"/tHJhoWA2m1OGdrjyjEK6mpEcksJ.jpg","popularity":2.090861,"title":"Trash","video":false,"vote_average":7.4,"vote_count":72},{"adult":false,"backdrop_path":"/k63K2HWcTZtGDl8QsJqZaDIqpuE.jpg","genre_ids":[16,10749],"id":198375,"original_language":"ja","original_title":"Kotonoha no Niwa","overview":"Takao, who is training to become a shoemaker, skipped school and is sketching shoes in a Japanese-style garden. He meets a mysterious woman, Yukino, who is older than him. Then, without arranging the times, the two start to see each other again and again, but only on rainy days. They deepen their relationship and open up to each other. But the end of the rainy season soon approaches …","release_date":"2013-05-31","poster_path":"/oZSfJH1IwOPla2ZGVli6YIBxYxz.jpg","popularity":2.021855,"title":"The Garden of Words","video":false,"vote_average":7.4,"vote_count":92},{"adult":false,"backdrop_path":"/dskiB6nk4VA9pmw20L9oN7I4tkO.jpg","genre_ids":[18],"id":50014,"original_language":"en","original_title":"The Help","overview":"Aibileen Clark (Viola Davis) is a middle-aged African-American maid who has spent her life raising white children and has recently lost her only son; Minny Jackson (Octavia Spencer) is an African-American maid who has often offended her employers despite her family's struggles with money and her desperate need for jobs; and Eugenia \"Skeeter\" Phelan (Emma Stone) is a young white woman who has recently moved back home after graduating college to find out her childhood maid has mysteriously disappeared. These three stories intertwine to explain how life in Jackson, Mississippi revolves around \"the help\"; yet they are always kept at a certain distance because of racial lines.","release_date":"2011-08-10","poster_path":"/6u85CuvnbrzWMhKbGk4Bm5RnO3V.jpg","popularity":3.446667,"title":"The Help","video":false,"vote_average":7.4,"vote_count":572}],"total_pages":180,"total_results":3596}
