{"page":32,"results":[{"adult":false,"backdrop_path":"/zIunndG2AYbZ7CIAwNb6SOkOb7A.jpg","genre_ids":[18,53,12],"id":3176,"original_language":"ja","original_title":"バトル・ロワイアル","overview":"In the future, the Japanese government captures a class of ninth-grade students and forces them to kill each other under the revolutionary \"Battle Royale\" act.","release_date":"2000-12-16","poster_path":"/4J5hW5wwT20hYSEPfxvfxNLjHcg.jpg","popularity":2.25667,"title":"Battle Royale","video":false,"vote_average":7.1,"vote_count":265},{"adult":false,"backdrop_path":"/yJ1ItKaKolReKVVIOvq9zlGwrV7.jpg","genre_ids":[18,36],"id":9549,"original_language":"en","original_title":"The Right Stuff","overview":"Tom Wolfe's book on the history of the U.S. Space program reads like a novel, and the film has that same fictional quality. It covers the breaking of the sound barrier by Chuck Yeager to the Mercury 7 astronauts, showing that no one had a clue how to run a space program or how to select people to be in it. Thrilling, funny, charming and electrifying all at once.","release_date":"1983-10-21","poster_path":"/o2t9jnHHJL0j4P7GDuGmovc1lAH.jpg","popularity":1.909232,"title":"The Right Stuff","video":false,"vote_average":7.1,"vote_count":71},{"adult":false,"backdrop_path":"/lDWk6l6iAEkCeSDVdS5wbTuMV9i.jpg","genre_ids":[12,18],"id":8358,"original_language":"en","original_title":"Cast Away","overview":"Chuck, a top international manager for FedEx, and Kelly, a Ph.D. student, are in love and heading towards marriage. Then Chuck's plane to Malaysia ditches at sea during a terrible storm. He's the only survivor, and he washes up on a tiny island with nothing but some flotsam and jetsam from the aircraft's cargo. Can he survive in this tropical wasteland? Will he ever return to woman he loves?","release_date":"2000-12-07","poster_path":"/w515BrZvczKIxbHurG6HIiYYrba.jpg","popularity":1.151924,"title":"Cast Away","video":false,"vote_average":7.1,"vote_count":924},{"adult":false,"backdrop_path":"/Lq2D3Q4VxizzLhQWICqLqgG5Y3.jpg","genre_ids":[18,10749],"id":688,"original_language":"en","original_title":"The Bridges of Madison County","overview":"A melancholy romance about a farmers wife who meets a photographer who’s way of life that is completely foreign to her leading her to become attracted to him. She is confronted with the difficult decision to go on with the relationship thus leaving her family, or to stay and continue her ordinary life until her death. Meryl Streep was nominated for an Oscar for her excellent performance.","release_date":"1995-09-28","poster_path":"/zBzIFqhYzaKJ6sg8p7svRUFwtD6.jpg","popularity":1.593475,"title":"The Bridges of Madison County","video":false,"vote_average":7.1,"vote_count":78},{"adult":false,"backdrop_path":"/bpQiLzFVXfoEOJ2pLFeslSBhR6j.jpg","genre_ids":[18,53],"id":4550,"original_language":"en","original_title":"친절한 금자씨","overview":"After a 13-year imprisonment for the kidnap and murder of a 6 year old boy, beautiful Lee Guem-ja starts seeking revenge on the man that was really responsible for the boy's death. With the help of fellow inmates and reunited with her daughter, she gets closer and closer to her goal. But will her actions lead to the relief she seeks?","release_date":"2005-07-29","poster_path":"/uGrR1eUEJjtrtVBUUUcn2ue70Bw.jpg","popularity":1.75058,"title":"Sympathy for Lady Vengeance","video":false,"vote_average":7.1,"vote_count":66},{"adult":false,"backdrop_path":"/oERfMmGc1GJRnC8IuFUH7zpR5z5.jpg","genre_ids":[28,12,16],"id":321528,"original_language":"en","original_title":"Batman vs. Robin","overview":"Damian Wayne (Stuart Allan) is having a hard time coping with his father's \"no killing\" rule. Meanwhile, Gotham is going through hell with threats such as the insane Dollmaker (\"Weird Al\" Yankovic), and the secretive Court of Owls.","release_date":"2015-04-14","poster_path":"/6g7iQJAgyDn9mep98RXhLI64RcA.jpg","popularity":2.658883,"title":"Batman vs. Robin","video":false,"vote_average":7.1,"vote_count":60},{"adult":false,"backdrop_path":"/jYhKFJng6KOot8lopXkgofsTpgM.jpg","genre_ids":[28,35],"id":4638,"original_language":"en","original_title":"Hot Fuzz","overview":"Top London cop PC Nicholas Angel is good. Too good. And to stop the rest of his team from looking bad, he is reassigned to the quiet town of Sandford. Paired with simple country cop Danny, everything seems quiet until two actors are found decapitated. It is addressed as an accident, but Angel isn't going to accept that, especially when more and more people turn up dead.","release_date":"2007-02-14","poster_path":"/5Jx6s6VXnunh8wCLgR0YgjwSgjh.jpg","popularity":3.293426,"title":"Hot Fuzz","video":false,"vote_average":7.1,"vote_count":695},{"adult":false,"backdrop_path":"/wGoyTXBDWHh2V7Jft0R9A0HdKHA.jpg","genre_ids":[28,35,80,9648],"id":5236,"original_language":"en","original_title":"Kiss Kiss Bang Bang","overview":"A petty thief posing as an actor is brought to Los Angeles for an unlikely audition and finds himself in the middle of a murder investigation along with his high school dream girl and a detective who's been training him for his upcoming role...","release_date":"2005-10-21","poster_path":"/5Lif1qGiyaF8OqG9lR3eqzeEC3S.jpg","popularity":2.685404,"title":"Kiss Kiss Bang Bang","video":false,"vote_average":7.1,"vote_count":261},{"adult":false,"backdrop_path":"/uUYCUbgI5VxsUflTMI4Y9L2Y6vb.jpg","genre_ids":[80,18,53],"id":11423,"original_language":"en","original_title":"살인의 추억","overview":"1986 Gyunggi Province. The body of a young woman is found brutally raped and murdered. Two months later, a series of rapes and murders commences under similar circumstances. And in a country that had never known such crimes, the dark whispers about a serial murderer grow louder. A special task force is set up in the area, with two local detectives Park Doo-Man and Jo Young-Goo joined by a detective from Seoul who requested to be assigned to the case.","release_date":"2003-04-24","poster_path":"/gawnVe9cFowdoDLo9Pok12NTw39.jpg","popularity":2.490967,"title":"Memories of Murder","video":false,"vote_average":7.1,"vote_count":56},{"adult":false,"backdrop_path":"/q1zYM7YsEIUeA6Yjxcb1zC3fM2.jpg","genre_ids":[35,53,80,9648],"id":15196,"original_language":"en","original_title":"Clue","overview":"Clue finds six colorful dinner guests gathered at the mansion of their host, Mr. Boddy -- who turns up dead after his secret is exposed: He was blackmailing all of them. With the killer among them, the guests and Boddy's chatty butler must suss out the culprit before the body count rises.","release_date":"1985-12-13","poster_path":"/suzDcrxpuNPDnBwOOy8vBLsygwp.jpg","popularity":1.782897,"title":"Clue","video":false,"vote_average":7.1,"vote_count":112},{"adult":false,"backdrop_path":"/g3dKZtJrv8XHTMVbBc7S86OSDkn.jpg","genre_ids":[18,10402],"id":86829,"original_language":"en","original_title":"Inside Llewyn Davis","overview":"In Greenwich Village in the early 1960s, gifted, but volatile musician Llewyn Davis contemplates leaving the music scene altogether to return to sea as a merchant marine after the suicide of his singing partner.","release_date":"2013-12-20","poster_path":"/bH5NFUuY3TuSQiPY3Kks5abm3CY.jpg","popularity":2.152259,"title":"Inside Llewyn Davis","video":false,"vote_average":7.1,"vote_count":232},{"adult":false,"backdrop_path":"/uykne2LCkVuD5NEBzicCmCHFqBa.jpg","genre_ids":[18],"id":12102,"original_language":"en","original_title":"Kramer vs. Kramer","overview":"Ted Kramer is a career man for whom his work comes before his family. His wife Joanna cannot take this anymore, so she decides to leave him. Ted is now faced with the tasks of housekeeping and taking care of himself and their young son Billy. When he has learned to adjust his life to these new responsibilities, Joanna resurfaces and wants Billy back. Ted however refuses to give him up, so they go to court to fight for the custody of their son.","release_date":"1979-12-19","poster_path":"/oyYtH37h8rLUxlERoD49losVvlg.jpg","popularity":1.732604,"title":"Kramer vs. Kramer","video":false,"vote_average":7.1,"vote_count":88},{"adult":false,"backdrop_path":"/mTN2pjZKWteb6B7WOGtrMx8FEpu.jpg","genre_ids":[18],"id":10950,"original_language":"en","original_title":"I Am Sam","overview":"Sam has the mental capacity of a 7-year-old. He has a daughter with a homeless woman who abandons them when they leave the hospital, leaving Sam to raise Lucy on his own. But as Lucy grows up, Sam's limitations start to become a problem and the authorities take her away. Sam shames high-priced lawyer Rita into taking his case pro bono and in turn teaches her the value of love and family.","release_date":"2001-12-28","poster_path":"/gr0jLIUd5Os0RAFH9U5iZMpQ5cw.jpg","popularity":0.588005,"title":"I Am Sam","video":false,"vote_average":7.1,"vote_count":152},{"adult":false,"backdrop_path":"/gZwhqo1CfYKAqTRUmnyxQw8U8Ti.jpg","genre_ids":[18,10402],"id":786,"original_language":"en","original_title":"Almost Famous","overview":"Almost Famous is an autobiographical inspired film about a 15-year-old who is hired by Rolling Stone magazine to follow and interview a rock band during their tour. A film about growing up, first love, disappointment, and the life of a rock star.","release_date":"2000-09-15","poster_path":"/9pNo92j6zSEAUB8pNmcJTkpnkBF.jpg","popularity":1.56751,"title":"Almost Famous","video":false,"vote_average":7.1,"vote_count":249},{"adult":false,"backdrop_path":"/jmIEKbkqPbZPSwT6AGBxCvnkRZI.jpg","genre_ids":[18],"id":10024,"original_language":"en","original_title":"My Sister's Keeper","overview":"Sara and Brian live an idyllic life with their young son and daughter. But their family is rocked by sudden, heartbreaking news that forces them to make a difficult and unorthodox choice in order to save their baby girl's life. The parents' desperate decision raises both ethical and moral questions and rips away at the foundation of their relationship. Their actions ultimately set off a court case that threatens to tear the family apart, while revealing surprising truths that challenge everyone's perceptions of love and loyalty and give new meaning to the definition of healing.","release_date":"2009-06-26","poster_path":"/rViNhZ10YdEmuis2g5wkxcEUJsA.jpg","popularity":0.60201,"title":"My Sister's Keeper","video":false,"vote_average":7.1,"vote_count":147},{"adult":false,"backdrop_path":"/40gCaXoyT75wuLbz1t5BwpLm0w4.jpg","genre_ids":[18,53,80,10749],"id":116,"original_language":"en","original_title":"Match Point","overview":"Match Point is Woody Allen’s satire of the British High Society and the ambition of a young tennis instructor to enter into it. Yet when he must decide between two women - one assuring him his place in high society, and the other that would bring him far from it - palms start to sweat and a dark psychological match in his head begins.","release_date":"2005-05-12","poster_path":"/80iHkrFzNxbSxlfMaLaNkGFRK2r.jpg","popularity":2.260607,"title":"Match Point","video":false,"vote_average":7.1,"vote_count":297},{"adult":false,"backdrop_path":"/nL9o28hfjYogauJUBmMzBXbp32T.jpg","genre_ids":[35,80,18],"id":2757,"original_language":"en","original_title":"Adaptation.","overview":"A love-lorn script writer grows increasingly desperate in his quest to adapt the book 'The Orchid Thief'.","release_date":"2002-12-06","poster_path":"/5trb1V5f3IsjpZx2GiuUylowl3W.jpg","popularity":0.794327,"title":"Adaptation.","video":false,"vote_average":7.1,"vote_count":156},{"adult":false,"backdrop_path":"/lcqVBBirzzX520AyOK3k7kXBDJ6.jpg","genre_ids":[28,53,80],"id":8681,"original_language":"en","original_title":"Taken","overview":"While vacationing with a friend in Paris, an American girl is kidnapped by a gang of human traffickers intent on selling her into forced prostitution. Working against the clock, her ex-spy father must pull out all the stops to save her. But with his best years possibly behind him, the job may be more than he can handle.","release_date":"2008-09-25","poster_path":"/3zlffXmo7QpVBc17QIJWrRfasVr.jpg","popularity":4.351294,"title":"Taken","video":false,"vote_average":7.1,"vote_count":2085},{"adult":false,"backdrop_path":"/5qoIoGjYm5APqRVTNwhG6JbbfPN.jpg","genre_ids":[18,27,10749],"id":152603,"original_language":"en","original_title":"Only Lovers Left Alive","overview":"After being around for centuries and now living in the modern age, vampire Adam is a rockstar that cannot grow accustomed to the new modern world with all of its new technology. While he lives in Detroit, his wife Eve lives in Tangier, flourishing in the new world. But when she senses Adam's depression with society, she gets on a plane and goes to see him. Shortly after Eve gets there, her little sister, Ava, shows up after 87 years and disrupts the couple's idyll reunion.","release_date":"2013-05-25","poster_path":"/6wA7dQpCZVghOK8dN20rbKIyJPe.jpg","popularity":1.173071,"title":"Only Lovers Left Alive","video":false,"vote_average":7.1,"vote_count":197},{"adult":false,"backdrop_path":"/yzUc4vR6bQGK9HhCOUqxIsRM3r4.jpg","genre_ids":[27],"id":10331,"original_language":"en","original_title":"Night of the Living Dead","overview":"A group of people try to survive an attack of bloodthirsty zombies while trapped in a rural Pennsylvania farmhouse. Although not the first zombie film, Night of the Living Dead is the progenitor of the contemporary \"zombie apocalypse\" horror film, and it greatly influenced the modern pop-culture zombie archetype.","release_date":"1968-10-01","poster_path":"/d2Q0nnStmHpUG0ZA3cXDko4Giw8.jpg","popularity":1.487483,"title":"Night of the Living Dead","video":false,"vote_average":7.1,"vote_count":180}],"total_pages":180,"total_results":3596}
