{"page":31,"results":[{"adult":false,"backdrop_path":"/oX0LhdLIsOe459nYnqIUvH7kB1p.jpg","genre_ids":[28,80,53],"id":984,"original_language":"en","original_title":"Dirty Harry","overview":"When a madman dubbed the \"Scorpio Killer\" terrorizes San Francisco, hard-boiled cop Harry Callahan -- famous for his take-no-prisoners approach to law enforcement -- is tasked with hunting down the psychopath. Harry eventually collars Scorpio in the process of rescuing a kidnap victim, only to see him walk on technicalities. Now, the maverick detective is determined to nail the maniac himself.","release_date":"1971-12-22","poster_path":"/6AlKDmfVi5cqQFprxJCf1FWihPk.jpg","popularity":2.215035,"title":"Dirty Harry","video":false,"vote_average":7.1,"vote_count":163},{"adult":false,"backdrop_path":"/i8AGAKxZL5aXnDcXVOZK5JkkDhn.jpg","genre_ids":[18],"id":10400,"original_language":"en","original_title":"The Hurricane","overview":"The story of Rubin \"Hurricane\" Carter, a boxer wrongly imprisoned for murder, and the people who aided in his fight to prove his innocence.","release_date":"1999-09-17","poster_path":"/6SoTMHbcZ6XItPiEfIe1WzeET3c.jpg","popularity":0.556135,"title":"The Hurricane","video":false,"vote_average":7.1,"vote_count":98},{"adult":false,"backdrop_path":"/oszUeeJfhnmKI17XZzlaZfH74Pc.jpg","genre_ids":[80,18,53],"id":968,"original_language":"en","original_title":"Dog Day Afternoon","overview":"A man robs a bank to pay for his lover's operation; it turns into a hostage situation and a media circus.","release_date":"1975-09-21","poster_path":"/qgWuZ2yNJrclU8EldQG4rLhwMoy.jpg","popularity":0.7669,"title":"Dog Day Afternoon","video":false,"vote_average":7.1,"vote_count":176},{"adult":false,"backdrop_path":"/lIQ8KxnqMpto5EeEI91MXeQNAJ8.jpg","genre_ids":[35,18],"id":9571,"original_language":"en","original_title":"Dazed and Confused","overview":"A look at some Texas teens on their last day of school in 1976, centering on student Randall Floyd, who moves easily among stoners, jocks and geeks. Floyd is a star athlete, but he also likes smoking weed, which presents a conundrum when his football coach demands he sign a \"no drugs\" pledge.","release_date":"1993-09-24","poster_path":"/sYYhVAdCzReWYfj1ugFlWh3ldzw.jpg","popularity":1.668124,"title":"Dazed and Confused","video":false,"vote_average":7.1,"vote_count":130},{"adult":false,"backdrop_path":"/mNb8Ny0RR2Vyw4xXT2Y6GN9Lioz.jpg","genre_ids":[18,53,80,9648],"id":979,"original_language":"en","original_title":"Irréversible","overview":"Events over the course of one traumatic night in Paris unfold in reverse-chronological order as the beautiful Alex is brutally raped and beaten by a stranger in the underpass. Her boyfriend and ex-lover take matters into their own hands by hiring two criminals to help them find the rapist so that they can exact revenge. A simultaneously beautiful and terrible examination of the destructive nature of cause and effect, and how time destroys everything.","release_date":"2002-05-22","poster_path":"/p6mdfERNWSugnAcnqKZVDqoLPgg.jpg","popularity":2.041847,"title":"Irreversible","video":false,"vote_average":7.1,"vote_count":127},{"adult":false,"backdrop_path":"/s4SmtlX13p1E2laSQqmVZQ8sYbe.jpg","genre_ids":[28,12,35],"id":134,"original_language":"en","original_title":"O Brother, Where Art Thou?","overview":"In the deep south during the 1930s, three escaped convicts search for hidden treasure while a relentless lawman pursues them. On their journey they come across many comical characters and incredible situations. Based upon Homer's 'Odyssey'.","release_date":"2000-12-21","poster_path":"/eIqSzq6j3yuxNmifiUOh6iTpG9N.jpg","popularity":2.373393,"title":"O Brother, Where Art Thou?","video":false,"vote_average":7.1,"vote_count":376},{"adult":false,"backdrop_path":"/sO6AnUEirDnaxjy8dxaqYEKDxGi.jpg","genre_ids":[18,36],"id":6844,"original_language":"en","original_title":"The Ten Commandments","overview":"Escaping death, a Hebrew infant is raised in a royal household to become a prince. Upon discovery of his true heritage, Moses embarks on a personal quest to reclaim his destiny as the leader and liberator of the Hebrew people.","release_date":"1956-10-05","poster_path":"/iEwS3ZaavaTEWmMqCapaw1T0f0X.jpg","popularity":1.741224,"title":"The Ten Commandments","video":false,"vote_average":7.1,"vote_count":143},{"adult":false,"backdrop_path":"/wVlW9mO5ffW5J9eXB0XkQc0GNTo.jpg","genre_ids":[28,12,80,18,53,37],"id":16608,"original_language":"en","original_title":"The Proposition","overview":"Set in the Australian outback in the 1880s, the movie follows the series of events following the horrific rape and murder of the Hopkins family, allegedly committed by the infamous Burns brothers gang. Captain Morris Stanley captures Charlie Burns and gives him 9 days to kill his older dangerous psychopathic brother, or else they'll hang his younger mentally slow brother on Christmas Day.","release_date":"2005-10-06","poster_path":"/tfDvfeCRdwQ1XwQ7o1FotVuAxje.jpg","popularity":0.634018,"title":"The Proposition","video":false,"vote_average":7.1,"vote_count":69},{"adult":false,"backdrop_path":"/umRJ4di4xbpv6jAddHczdt1723S.jpg","genre_ids":[35],"id":262391,"original_language":"fr","original_title":"Qu'est-ce qu'on a fait au Bon Dieu","overview":"A catholic French couple sees their life upside down when their four daughters get married to men of different religion and origins.","release_date":"2015-07-24","poster_path":"/A8SU0M4bvXIU7jMzx7cl5CISV2S.jpg","popularity":3.975927,"title":"Serial (Bad) Weddings","video":false,"vote_average":7.1,"vote_count":336},{"adult":false,"backdrop_path":"/xzbAey8RrRNKOe6JZMuxbIRc1UE.jpg","genre_ids":[28,18,53],"id":104,"original_language":"de","original_title":"Lola rennt","overview":"Lola receives a phone call from her boyfriend Manny. He lost 100,000 DM in a subway train that belongs to a very bad guy. She has 20 minutes to raise this amount and meet Manny. Otherwise, he will rob a store to get the money. Three different alternatives may happen depending on some minor event along Lola's run.","release_date":"1998-08-20","poster_path":"/3L8QhF5IkZOnEnBFdpj6GVkkp7d.jpg","popularity":2.190465,"title":"Run Lola Run","video":false,"vote_average":7.1,"vote_count":237},{"adult":false,"backdrop_path":"/2JTylhhJLErHdEvj1zSXXmVIWih.jpg","genre_ids":[18],"id":1677,"original_language":"en","original_title":"Ray","overview":"Born on a sharecropping plantation in Northern Florida, Ray Charles went blind at seven. Inspired by a fiercely independent mom who insisted he make his own way, He found his calling and his gift behind a piano keyboard. Touring across the Southern musical circuit, the soulful singer gained a reputation and then exploded with worldwide fame when he pioneered couping gospel and country together.","release_date":"2004-10-11","poster_path":"/9hJxDqu3LugA3lQhpEWuvgXJKil.jpg","popularity":1.50529,"title":"Ray","video":false,"vote_average":7.1,"vote_count":120},{"adult":false,"backdrop_path":"/6wHCKBsSRzmKM0g8Y5OQSMVOygY.jpg","genre_ids":[16,18,14,10749,10751],"id":18937,"original_language":"en","original_title":"Quest for Camelot","overview":"During the times of King Arthur, Kayley is a brave girl who dreams of following her late father as a Knight of the Round Table. The evil Ruber wants to invade Camelot and take the throne of King Arthur, and Kayley has to stop him.","release_date":"1998-05-15","poster_path":"/ePgK8gxGHVi1G3pYo0Geicbvur5.jpg","popularity":0.687917,"title":"Quest for Camelot","video":false,"vote_average":7.1,"vote_count":50},{"adult":false,"backdrop_path":"/dxuhQd2sfa4lzEsRrVhiP7TAxuw.jpg","genre_ids":[28,12,18,36,37],"id":11969,"original_language":"en","original_title":"Tombstone","overview":"Legendary marshal Wyatt Earp, now a weary gunfighter, joins his brothers Morgan and Virgil to pursue their collective fortune in the thriving mining town of Tombstone. But Earp is forced to don a badge again and get help from his notorious pal Doc Holliday when a gang of renegade brigands and rustlers begins terrorizing the town.","release_date":"1993-12-25","poster_path":"/yU4e7OAJruAQpAsakzbDpPsQrU7.jpg","popularity":1.129114,"title":"Tombstone","video":false,"vote_average":7.1,"vote_count":213},{"adult":false,"backdrop_path":"/awK6eXK5vH47qyuDiXLkF5MEwrn.jpg","genre_ids":[14,27],"id":653,"original_language":"en","original_title":"Nosferatu","overview":"Vampire Count Orlok expresses interest in a new residence and real estate agent Hutter's wife. Silent classic based on the story \"Dracula.\"","release_date":"1922-03-15","poster_path":"/55vuC7aWsMXyh0YZwNiEXy5oAHQ.jpg","popularity":1.624108,"title":"Nosferatu","video":false,"vote_average":7.1,"vote_count":73},{"adult":false,"backdrop_path":"/7ajX2OJsBecgDDOYfk9VXYfhMIy.jpg","genre_ids":[18,53,80,9648],"id":15472,"original_language":"sv","original_title":"Män som hatar kvinnor","overview":"Swedish thriller based on Stieg Larsson's novel about a male journalist and a young female hacker. In the opening of the movie, Mikael Blomkvist, a middle-aged publisher for the magazine Millennium, loses a libel case brought by corrupt Swedish industrialist Hans-Erik Wennerström. Nevertheless, he is hired by Henrik Vanger in order to solve a cold case, the disappearance of Vanger's niece","release_date":"2009-02-27","poster_path":"/9pRod9YBfBwC0tPfMijhYSdSlwU.jpg","popularity":2.605272,"title":"The Girl with the Dragon Tattoo","video":false,"vote_average":7.1,"vote_count":378},{"adult":false,"backdrop_path":"/j7ctTLHSOrvY6fl63CjBNbmkTWq.jpg","genre_ids":[14,27,35],"id":766,"original_language":"en","original_title":"Army of Darkness","overview":"A man is accidentally transported to 1300 A.D., where he must battle an army of the dead and retrieve the Necronomicon so he can return home.","release_date":"1992-10-09","poster_path":"/2eZKDIwLNnySbwqQtAaUz0kYDIL.jpg","popularity":2.015334,"title":"Army of Darkness","video":false,"vote_average":7.1,"vote_count":289},{"adult":false,"backdrop_path":"/ioWJlu7UK979vHeOwItAJsA1OSf.jpg","genre_ids":[28,12,18,27,53],"id":244,"original_language":"en","original_title":"King Kong","overview":"An adventure film about a film crew in search of a monster on a remote island. The crew finds King Kong and decides to take him back to New York as a money making spectacle. The film is a masterpiece of Stop-Motion in filmmaking history and inspired a line of King Kong films.","release_date":"1933-03-02","poster_path":"/b1FzD0WxnfhkIbjxwFOKJHUuEsH.jpg","popularity":0.926493,"title":"King Kong","video":false,"vote_average":7.1,"vote_count":51},{"adult":false,"backdrop_path":"/vcLqVuSMx7dVfuOVKd4IL4RcMsa.jpg","genre_ids":[35,10402,10749],"id":114150,"original_language":"en","original_title":"Pitch Perfect","overview":"A comedy set in the middle of a war between rival a cappella groups and centered on a rebellious girl who joins one of the groups as an escape from her unhappy life at school.","release_date":"2012-09-28","poster_path":"/cLUMPdwCV0Dxd3P1ZkCXe7bVImI.jpg","popularity":4.95008,"title":"Pitch Perfect","video":false,"vote_average":7.1,"vote_count":866},{"adult":false,"backdrop_path":"/sypQlfdD6dij70dzpQMRE4QjGVA.jpg","genre_ids":[35,18],"id":111969,"original_language":"en","original_title":"Stuck in Love","overview":"An acclaimed writer, his ex-wife, and their teenaged children come to terms with the complexities of love in all its forms over the course of one tumultuous year.","release_date":"2012-09-09","poster_path":"/wxrH3NZ4wTtHVzbquknLRRQMFWW.jpg","popularity":1.771403,"title":"Stuck in Love","video":false,"vote_average":7.1,"vote_count":163},{"adult":false,"backdrop_path":"/mrvlpJFAzKwZZkLm9VD7Rh2VECi.jpg","genre_ids":[12,35,18,14],"id":116745,"original_language":"en","original_title":"The Secret Life of Walter Mitty","overview":"A timid magazine photo manager who lives life vicariously through daydreams embarks on a true-life adventure when a negative goes missing.","release_date":"2013-12-25","poster_path":"/b0nIj7dr2bcLAn3erYhql7f6aUm.jpg","popularity":3.648103,"title":"The Secret Life of Walter Mitty","video":false,"vote_average":7.1,"vote_count":1225}],"total_pages":180,"total_results":3596}
