{"page":165,"results":[{"adult":false,"backdrop_path":"/atMRLGuU69e2SVSY8A7EwhWz0ip.jpg","genre_ids":[53],"id":82390,"original_language":"en","original_title":"The Paperboy","overview":"A reporter returns to his Florida hometown to investigate a case involving a death row inmate.","release_date":"2012-10-05","poster_path":"/96TQRyIg1qgcLNXgqVn9ss2mAuT.jpg","popularity":0.771305,"title":"The Paperboy","video":false,"vote_average":5.3,"vote_count":83},{"adult":false,"backdrop_path":"/tJCyWjBGSkuzPH6fkYYi5ubBGC7.jpg","genre_ids":[35,10749],"id":1819,"original_language":"en","original_title":"You, Me and Dupree","overview":"After standing in as best man for his longtime friend Carl Petersen, Randy Dupree loses his job, becomes a barfly and attaches himself to the newlywed couple almost permanently -- as their houseguest. But the longer Dupree camps out on their couch, the closer he gets to Carl's bride, Molly, leaving the frustrated groom wondering when his pal will be moving out.","release_date":"2006-07-14","poster_path":"/mtdjrysC3phP4ZtCjdTJsHfZtIU.jpg","popularity":1.510916,"title":"You, Me and Dupree","video":false,"vote_average":5.3,"vote_count":132},{"adult":false,"backdrop_path":"/qDaIOqnC5pQyknm7SLnxlffklVy.jpg","genre_ids":[27],"id":82990,"original_language":"en","original_title":"Paranormal Activity 4","overview":"It has been five years since the disappearance of Katie and Hunter, and a suburban family witness strange events in their neighborhood when a woman and a mysterious child move in.","release_date":"2012-10-19","poster_path":"/fBUlONud4kLwDlkg5uZfi9NVEAX.jpg","popularity":1.186223,"title":"Paranormal Activity 4","video":false,"vote_average":5.3,"vote_count":196},{"adult":false,"backdrop_path":"/8fSSi5vJH6sk7rotqpHyesVPzzJ.jpg","genre_ids":[16,35,10751],"id":9907,"original_language":"en","original_title":"Barnyard","overview":"When things get crazy at the farm, it's up to a boisterous bovine named Otis (voiced by Kevin James) to save the day in this computer-animated tale. The animals in this barnyard sing, dance and party, but Otis's stern dad (Sam Elliott) warns the crew to keep their cool around humans. Troublemaker Otis rarely listens to his pop, but when the farmer disappears and the animals go nutty, the young cow realizes he must stop the madness.","release_date":"2006-08-04","poster_path":"/5Oooyxd5B9JKl8o4iyOwwUf7JHk.jpg","popularity":1.551742,"title":"Barnyard","video":false,"vote_average":5.3,"vote_count":59},{"adult":false,"backdrop_path":"/mP8q3nQIWPsj3NEQs8PKssvwPSk.jpg","genre_ids":[35],"id":73937,"original_language":"en","original_title":"The Big Year","overview":"Three avid bird watchers compete to spot the rarest birds in North America at a prestigious annual event.","release_date":"2011-10-14","poster_path":"/kBnR6jbFRnbSQTqLEcDpKd7FxK5.jpg","popularity":1.943107,"title":"The Big Year","video":false,"vote_average":5.3,"vote_count":96},{"adult":false,"backdrop_path":"/aKRusBBnH93GVsBObNsLhY14gNN.jpg","genre_ids":[35,18,10749],"id":19918,"original_language":"en","original_title":"Spread","overview":"In Los Angeles, Nikki is homeless, car-less and closing in on 30, but he's amoral, good-looking, and adept in the sack, moving from one wealthy woman of 35 or 40 to another, a kept boy-toy. His newest gig, with Samantha, an attorney whose house overlooks L.A., is sweet, although it's unclear how long she'll put up with him. Then Nikki meets Heather, a waitress. Is the player being played, or might this be love? What will Nikki discover?","release_date":"2009-01-16","poster_path":"/3MWQaxib5wUXLVaD2tjvpK3zNpD.jpg","popularity":2.455791,"title":"Spread","video":false,"vote_average":5.3,"vote_count":78},{"adult":false,"backdrop_path":"/fVXXpHfyTl7Ovk2R2gVyvHj2c4t.jpg","genre_ids":[878,27,28],"id":9348,"original_language":"en","original_title":"Species","overview":"In 1993, the Search for Extra Terrestrial Intelligence Project receives a transmission detailing an alien DNA structure, along with instructions on how to splice it with human DNA. The result is Sil, a sensual but deadly creature who can change from a beautiful woman to an armour-plated killing machine in the blink of an eye.","release_date":"1995-07-07","poster_path":"/ePZmJlsLUajm3l7CyXW15srid6z.jpg","popularity":2.902418,"title":"Species","video":false,"vote_average":5.3,"vote_count":119},{"adult":false,"backdrop_path":"/x449jyGofRwbnkYgUnS9VLdPkmu.jpg","genre_ids":[12,28,18,14],"id":7840,"original_language":"en","original_title":"10,000 BC","overview":"A prehistoric epic that follows a young mammoth hunter's journey through uncharted territory to secure the future of his tribe.","release_date":"2008-03-05","poster_path":"/rnGR3EHkL4ryhQd50XBrtRrV8nq.jpg","popularity":3.204245,"title":"10,000 BC","video":false,"vote_average":5.3,"vote_count":357},{"adult":false,"backdrop_path":"/vNsGZPwf45rA3BrXEu8TVRwSqKF.jpg","genre_ids":[28,12,18,878,53],"id":9886,"original_language":"en","original_title":"Johnny Mnemonic","overview":"The year is 2021, and half of the Earth's population is suffering from the disease known as Nerve Attenuation Syndrome (NAS). Johnny, a mnemonic data courier, is hired to carry 320 gigabytes of crucial information to safety from the Pharmacom corporation. Pursued by Yakuza agents and a crazed cyborg, Johnny must deliver the data or die in twenty-four hours.","release_date":"1995-05-26","poster_path":"/zeRDXHsb0gJbZH6JMdEx3wu2bOD.jpg","popularity":2.606844,"title":"Johnny Mnemonic","video":false,"vote_average":5.3,"vote_count":91},{"adult":false,"backdrop_path":"/lBVtKWWXH46r7oMLdfT3quioaVb.jpg","genre_ids":[28,80,53],"id":13184,"original_language":"en","original_title":"Bangkok Dangerous","overview":"When carrying out a hit, assassin Joe (Cage) always makes use of the knowledge of the local population. On arriving in Bangkok, Joe meets street kid Kong and he becomes his primary aide. But when Kong is nearly killed, he asks Joe to train him up in the deadly arts and unwittingly becomes a target of a band of killers.","release_date":"2008-09-04","poster_path":"/eyHn8A0lze1pbCNxv0UsATBOmyv.jpg","popularity":0.937916,"title":"Bangkok Dangerous","video":false,"vote_average":5.3,"vote_count":163},{"adult":false,"backdrop_path":"/tnVmowqt3HEh0guRaCggaZ3gwMK.jpg","genre_ids":[28,12,35,53],"id":8427,"original_language":"en","original_title":"I Spy","overview":"When the Switchblade, the most sophisticated prototype stealth fighter created yet, is stolen from the U.S. government, one of the United States' top spies, Alex Scott, is called to action. What he doesn't expect is to get teamed up with a cocky civilian, World Class Boxing Champion Kelly Robinson, on a dangerous top secret espionage mission. Their assignment: using equal parts skill and humor, catch Arnold Gundars, one of the world's most successful arms dealers.","release_date":"2002-10-31","poster_path":"/6mtUJKyedvQwEKXfWzJt3vtWx1M.jpg","popularity":2.115585,"title":"I Spy","video":false,"vote_average":5.3,"vote_count":66},{"adult":false,"backdrop_path":"/fhWAnKEq3FmEl5wjXCOPWesD1rQ.jpg","genre_ids":[28,35,878],"id":9397,"original_language":"en","original_title":"Evolution","overview":"A comedy that follows the chaos that ensues when a meteor hits the Earth carrying alien life forms that give new meaning to the term \"survival of the fittest.\" David Duchovny, Orlando Jones, Seann William Scott, and Julianne Moore are the only people standing between the aliens and world domination... which could be bad news for the Earth.","release_date":"2001-06-07","poster_path":"/zGwNEPgfCXthetspyTHwvTEbfJG.jpg","popularity":1.480161,"title":"Evolution","video":false,"vote_average":5.3,"vote_count":209},{"adult":false,"backdrop_path":"/6V1a4GHhyjr5niyYCGkyVB9rT6F.jpg","genre_ids":[18,10749],"id":64586,"original_language":"en","original_title":"Sleeping Beauty","overview":"A haunting erotic fairytale about Lucy, a young University student drawn into a mysterious hidden world of beauty and desire.","release_date":"2011-05-11","poster_path":"/9fc7K82At056IlrK9dOzPSQYhSY.jpg","popularity":1.892465,"title":"Sleeping Beauty","video":false,"vote_average":5.3,"vote_count":54},{"adult":false,"backdrop_path":"/wWXpqD4DpYu8YYJXbdhc1xGvkN0.jpg","genre_ids":[35,14,10749],"id":1636,"original_language":"en","original_title":"Bedazzled","overview":"Elliot Richardson, suicidal techno geek, is given seven wishes to turn his life around when he meets up with a very seductive Satan. The catch: his soul. Some of his wishes include a 7 foot basketball star, a rock star, and a hamburger. But, as could be expected, the Devil must put her own little twist on each his fantasies.","release_date":"2000-10-19","poster_path":"/bgDOE1eyvi786a8vKV8rDwrAH6U.jpg","popularity":1.200643,"title":"Bedazzled","video":false,"vote_average":5.3,"vote_count":162},{"adult":false,"backdrop_path":"/f9LlozyhLSy88JJzXBs2lkXBUCR.jpg","genre_ids":[28,53],"id":77663,"original_language":"en","original_title":"Killing Season","overview":"Two veterans of the Bosnian War, one American, one Serbian, who clash in the remote Smoky Mountain wilderness.","release_date":"2013-07-12","poster_path":"/ftZVLKyr3RDGtVelU06GAbtOFQa.jpg","popularity":1.052607,"title":"Killing Season","video":false,"vote_average":5.3,"vote_count":266},{"adult":false,"backdrop_path":"/4fwBq3BPn3DNe4tZk7RCW6cWsph.jpg","genre_ids":[14,35,10751],"id":9021,"original_language":"en","original_title":"The Santa Clause 2","overview":"Better watch out! The big guy in red is coming to town once again. This time, Scott Calvin -- also known as Santa Claus -- finds out there's an obscure clause in his contract requiring him to take on a wife. He has to leave the North Pole to fulfill his obligations, or else he'll be forced to give up his Yuletide gig.","release_date":"2002-10-31","poster_path":"/i7tbiDPIaa4VsQh1wWmbkY4zTRX.jpg","popularity":1.235312,"title":"The Santa Clause 2","video":false,"vote_average":5.3,"vote_count":94},{"adult":false,"backdrop_path":"/exAFMvwgze8wYSDcLJsyQLbvZ7y.jpg","genre_ids":[35,18,10749],"id":57157,"original_language":"en","original_title":"Young Adult","overview":"A divorced writer from the Midwest returns to her hometown to reconnect with an old flame, who's now married with a family.","release_date":"2011-12-09","poster_path":"/h6oOvsNVNO0hwHKzws3YKcxUJ9m.jpg","popularity":2.841346,"title":"Young Adult","video":false,"vote_average":5.3,"vote_count":121},{"adult":false,"backdrop_path":"/okgnxsMENxsU026HzXiPZTJUUce.jpg","genre_ids":[53,28,35,878],"id":10771,"original_language":"en","original_title":"The Tuxedo","overview":"Cabbie-turned-chauffeur Jimmy Tong learns there is really only one rule when you work for playboy millionaire Clark Devlin : Never touch Devlin's prized tuxedo. But when Devlin is temporarily put out of commission in an explosive accident, Jimmy puts on the tux and soon discovers that this extraordinary suit may be more black belt than black tie. Paired with a partner as inexperienced as he is, Jimmy becomes an unwitting secret agent.","release_date":"2002-09-27","poster_path":"/yDjNnQvyGLTOl9656dGOpxPAva3.jpg","popularity":2.04817,"title":"The Tuxedo","video":false,"vote_average":5.3,"vote_count":113},{"adult":false,"backdrop_path":"/AtQGCV8719WlfGYGRapkupivzk.jpg","genre_ids":[10749,35],"id":9356,"original_language":"en","original_title":"Look Who's Talking Too","overview":"Mollie and James are together and raising a family, which now consists of an older Mikey and his baby sister, Julie. Tension between the siblings arises, and as well with Mollie and James when Mollie's brother Stuart moves in. Mikey is also learning how to use the toilet for the first time.","release_date":"1990-12-14","poster_path":"/7HtSFUYBPOUd9ylUXU0LyPsxpRm.jpg","popularity":1.703408,"title":"Look Who's Talking Too","video":false,"vote_average":5.3,"vote_count":70},{"adult":false,"backdrop_path":"/g97xTt18p0WWnj6wxLGC0vBKFwQ.jpg","genre_ids":[35,14,10751],"id":3050,"original_language":"en","original_title":"Doctor Dolittle","overview":"A successful physician and devoted family man, John Dolittle (Eddie Murphy) seems to have the world by the tail, until a long suppressed talent he possessed as a child, the ability to communicate with animals is suddenly reawakened with a vengeance! Now every creature within squawking distance wants the good doctor's advice, unleashing an outrageous chain of events that turns his world upside down!","release_date":"1998-06-22","poster_path":"/ebomUCgc1QhtuxWiEHnmJlesv2g.jpg","popularity":0.533379,"title":"Doctor Dolittle","video":false,"vote_average":5.3,"vote_count":141}],"total_pages":180,"total_results":3596}
