{"page":80,"results":[{"adult":false,"backdrop_path":"/6Ae5hTEgmowsgKcotKTXvoiKlpt.jpg","genre_ids":[18,36],"id":11450,"original_language":"en","original_title":"Quiz Show","overview":"Quiz Show is a 1994 American historical drama film which tells the true story of the Twenty One quiz show scandal of the 1950s.","release_date":"1994-09-23","poster_path":"/b3tVP6Dy730EySNKneVrXlSdd66.jpg","popularity":0.318919,"title":"Quiz Show","video":false,"vote_average":6.4,"vote_count":54},{"adult":false,"backdrop_path":"/cf8mtsRexfOkXe37AwsaK5FgHal.jpg","genre_ids":[28,80,18,53],"id":11835,"original_language":"en","original_title":"Death Sentence","overview":"Nick Hume is a mild-mannered executive with a perfect life, until one gruesome night he witnesses something that changes him forever. Transformed by grief, Hume eventually comes to the disturbing conclusion that no length is too great when protecting his family.","release_date":"2007-08-31","poster_path":"/yaf4WwHOAghlGQeC9qovOarLo27.jpg","popularity":1.298906,"title":"Death Sentence","video":false,"vote_average":6.4,"vote_count":71},{"adult":false,"backdrop_path":"/z5qwh317CANMZO7KMPAEepwxlyq.jpg","genre_ids":[35],"id":9614,"original_language":"en","original_title":"Happy Gilmore","overview":"Failed hockey player-turned-golf whiz Happy Gilmore -- whose unconventional approach and antics on the grass courts the ire of rival Shooter McGavin -- is determined to win a PGA tournament so he can save his granny's house with the prize money. Meanwhile, an attractive tour publicist tries to soften Happy's image.","release_date":"1996-02-16","poster_path":"/pG5edeKkntnt5A799Y0UNI5hi9W.jpg","popularity":0.969399,"title":"Happy Gilmore","video":false,"vote_average":6.4,"vote_count":257},{"adult":false,"backdrop_path":"/exMT7YP7nY2XUHvUOPQxXocpFDg.jpg","genre_ids":[53,878,9648],"id":37686,"original_language":"en","original_title":"Super 8","overview":"In the summer of 1979, a group of friends in a small Ohio town witness a catastrophic train crash while making a super 8 movie and soon suspect that it was not an accident. Shortly after, unusual disappearances and inexplicable events begin to take place in town, and the local Deputy tries to uncover the truth – something more terrifying than any of them could have imagined.","release_date":"2011-06-08","poster_path":"/1JAKnHjENVz1adurNjtsWZnVQGY.jpg","popularity":2.705086,"title":"Super 8","video":false,"vote_average":6.4,"vote_count":822},{"adult":false,"backdrop_path":"/aYKNl2YYxgqZY49oEaEt0qNjWHy.jpg","genre_ids":[18],"id":53487,"original_language":"en","original_title":"This Must Be the Place","overview":"A bored, retired rock star sets out to find his father's executioner, an ex-Nazi war criminal who is a refugee in the U.S.","release_date":"2011-10-01","poster_path":"/rNTZMp96BcKIxgF3OIUbtByJtsQ.jpg","popularity":1.561003,"title":"This Must Be the Place","video":false,"vote_average":6.4,"vote_count":69},{"adult":false,"backdrop_path":"/jBXFaflksx1S5IYXgXc1sRBYj3V.jpg","genre_ids":[28,53,878],"id":10045,"original_language":"en","original_title":"Banlieue 13","overview":"Set in the ghettos of Paris in 2010, an undercover cop and ex-thug try to infiltrate a gang in order to defuse a neutron bomb.","release_date":"2004-11-09","poster_path":"/4mxGgU8aUxjjv1E0Zoww061WdWB.jpg","popularity":2.484412,"title":"District B13","video":false,"vote_average":6.4,"vote_count":171},{"adult":false,"backdrop_path":"/if8Mr1HJyS9sEtI8VMa01udmLuM.jpg","genre_ids":[28,12,80,18,53],"id":11322,"original_language":"en","original_title":"Public Enemies","overview":"In the shadow of the Great Depression, criminal minds are thriving -- notorious men such as John Dillinger, \"Baby Face\" Nelson and \"Pretty Boy\" Floyd -- and it's up to J. Edgar Hoover and the FBI to bring them down in this gritty crime drama.","release_date":"2009-07-01","poster_path":"/zcHgW9WvtM6s7VxDXAZAoNJYlz6.jpg","popularity":2.263994,"title":"Public Enemies","video":false,"vote_average":6.4,"vote_count":515},{"adult":false,"backdrop_path":"/11BFmXnLq4HohjRFldxJ7ohadmu.jpg","genre_ids":[18,28,35,80],"id":34769,"original_language":"en","original_title":"Defendor","overview":"A crooked cop, a mob boss and the young girl they abuse are the denizens of a city's criminal underworld. It's a world that ordinary Arthur Poppington doesn't understand and doesn't belong in, but is committed to fighting when he changes into a vigilante super-hero of his own making, Defendor. With no power other than courage Defendor takes to the streets to protect the city's innocents.","release_date":"2009-09-12","poster_path":"/bGwWUN9aqglafPmZRNlW3tmspuZ.jpg","popularity":2.184213,"title":"Defendor","video":false,"vote_average":6.4,"vote_count":58},{"adult":false,"backdrop_path":"/uuAGxNyckS2pBbx0jKKQ7j4dMEF.jpg","genre_ids":[18,10752],"id":2604,"original_language":"en","original_title":"Born on the Fourth of July","overview":"The biography of Ron Kovic. Paralyzed in the Vietnam war, he becomes an anti-war and pro-human rights political activist after feeling betrayed by the country he fought for.","release_date":"1989-12-20","poster_path":"/iAUSzQNpxf9fX1EvhNbeguo6aVA.jpg","popularity":1.828574,"title":"Born on the Fourth of July","video":false,"vote_average":6.4,"vote_count":91},{"adult":false,"backdrop_path":"/qZvPzSUI3qGlQtK1mVXt9Z6UCZA.jpg","genre_ids":[18],"id":11170,"original_language":"en","original_title":"We Are Marshall","overview":"When a plane crash claims the lives of members of the Marshall University football team and some of its fans, the team's new coach and his surviving players try to keep the football program alive.","release_date":"2006-12-12","poster_path":"/5QElczp80krYemPJwamBi9IZMd3.jpg","popularity":1.520875,"title":"We Are Marshall","video":false,"vote_average":6.4,"vote_count":66},{"adult":false,"backdrop_path":"/7EFrap6EKRenpgcJigcHpaDt7By.jpg","genre_ids":[28,35,80],"id":90,"original_language":"en","original_title":"Beverly Hills Cop","overview":"Tough-talking Detroit cop Axel Foley heads to the rarified world of Beverly Hills in his beat-up Chevy Nova to investigate a friend's murder. But soon, he realizes he's stumbled onto something much more complicated. Bungling rookie detective Billy Rosewood joins the fish-out-of-water Axel and shows him the West Los Angeles ropes.","release_date":"1984-11-30","poster_path":"/s7n0rS2Ff85SuSpqYG3ndkmdQf4.jpg","popularity":2.419499,"title":"Beverly Hills Cop","video":false,"vote_average":6.4,"vote_count":335},{"adult":false,"backdrop_path":"/d8RAD61TfJlxz7fwlKRKEcpP5dL.jpg","genre_ids":[35,18],"id":253687,"original_language":"fr","original_title":"La crème de la crème","overview":"Kelly, Dan and Louis are students at a prestigious business school, destined to become tomorrow's elite. The industrious trio are determined to start putting their education into practise from the off in an attempt to make as much money as they can from their fellow students. Working on the theory that relationships between the sexes can be regulated by market principles, they begin to inflate the popularity of certain individuals artificially, by hiring beautiful and sexy off-campus women as their dates for exclusive and riotous college parties. However their perfect business model soon spirals out of control as their moneymaking scheme takes off in a big way across campus.","release_date":"2014-04-02","poster_path":"/xopkLorJEC9uYmZ1qulYwiItN2z.jpg","popularity":1.29339,"title":"Smart Ass","video":false,"vote_average":6.4,"vote_count":57},{"adult":false,"backdrop_path":"/7qeDI4aMsqbZW5B4f2f3UMo6Vpr.jpg","genre_ids":[14,18,878,10749],"id":844,"original_language":"zh","original_title":"2046","overview":"2046 is the sequel to Wong Kar-Wais’ successful box-office hit In The Mood For Love. A film about affairs, ending relationships, and a shared love for Kung-Fu novels as the main character, Chow, writes his own novel and reflects back on his favorite love Su.","release_date":"2004-09-29","poster_path":"/eZLYFkq0EaLbr6IzWE4QOiMF6la.jpg","popularity":2.008736,"title":"2046","video":false,"vote_average":6.4,"vote_count":57},{"adult":false,"backdrop_path":"/sfRCA9g3CunpnZO3QurHSIRcsUq.jpg","genre_ids":[16,12,35,10751,28,14],"id":62177,"original_language":"en","original_title":"Brave","overview":"Brave is set in the mystical Scottish Highlands, where Mérida is the princess of a kingdom ruled by King Fergus and Queen Elinor. An unruly daughter and an accomplished archer, Mérida one day defies a sacred custom of the land and inadvertently brings turmoil to the kingdom. In an attempt to set things right, Mérida seeks out an eccentric old Wise Woman and is granted an ill-fated wish. Also figuring into Mérida’s quest — and serving as comic relief — are the kingdom’s three lords: the enormous Lord MacGuffin, the surly Lord Macintosh, and the disagreeable Lord Dingwall.","release_date":"2012-06-21","poster_path":"/6zMUhU3lEMky62ghhbFXLEsbI6K.jpg","popularity":3.725997,"title":"Brave","video":false,"vote_average":6.4,"vote_count":2328},{"adult":false,"backdrop_path":"/tZOTsKlDowoxywLObHbnKfKUyDa.jpg","genre_ids":[35,18,878],"id":10328,"original_language":"en","original_title":"Cocoon","overview":"A group of aliens return to earth to take back some cocoons of their people they left behind from an earlier trip. They kept the recovered cocoons in the swimming pool of a house they rented in a small Florida town. Their mission is hampered by a number of old people from an elderly home nearby, who have been secretly using the pool and discovering the unusual power of these cocoons.","release_date":"1985-06-21","poster_path":"/foIhEPQoqDctfwsHmmYwbNz5A2g.jpg","popularity":0.76151,"title":"Cocoon","video":false,"vote_average":6.4,"vote_count":65},{"adult":false,"backdrop_path":"/fii3bunxCjdFpbcEJmFyJW1qDFp.jpg","genre_ids":[27],"id":280092,"original_language":"en","original_title":"Insidious: Chapter 3","overview":"A twisted new tale of terror begins for a teenage girl and her family, predating the haunting of the Lambert family in the earlier movies and revealing more mysteries of the otherworldly realm The Further.","release_date":"2015-06-05","poster_path":"/ixANIbPRTNMAstlqJa2FlfBesyQ.jpg","popularity":3.284473,"title":"Insidious: Chapter 3","video":false,"vote_average":6.4,"vote_count":203},{"adult":false,"backdrop_path":"/xSN1cpugrzi8DjpVxtHeRRlbB6Q.jpg","genre_ids":[14,16,10751,10749],"id":11224,"original_language":"en","original_title":"Cinderella","overview":"When Cinderella's cruel stepmother prevents her from attending the Royal Ball, she gets some unexpected help from the lovable mice Gus and Jaq, and from her Fairy Godmother.","release_date":"1950-03-04","poster_path":"/scNoXmnYdZKh1ccQzXBWWGVloes.jpg","popularity":3.561181,"title":"Cinderella","video":false,"vote_average":6.4,"vote_count":458},{"adult":false,"backdrop_path":"/95hS2UOxAMpLUhC5SuImXXsgmZl.jpg","genre_ids":[18],"id":26171,"original_language":"en","original_title":"Everybody's Fine","overview":"Eight months after the death of his wife, Frank Goode looks forward to a reunion with his four adult children. When all of them cancel their visits at the last minute, Frank, against the advice of his doctor, sets out on a road trip to reconnect with his offspring. As he visits each one in turn, Frank finds that his children's lives are not quite as picture-perfect as they've made them out to be.","release_date":"2009-12-04","poster_path":"/twn8J0uDkZXmSx702nkGJNVX23n.jpg","popularity":0.826233,"title":"Everybody's Fine","video":false,"vote_average":6.4,"vote_count":63},{"adult":false,"backdrop_path":"/v6w2o3ji8aVLph6zNgR5yDGQfmS.jpg","genre_ids":[16,12,10751,14],"id":116711,"original_language":"en","original_title":"Epic","overview":"A teenager finds herself transported to a deep forest setting where a battle between the forces of good and the forces of evil is taking place. She bands together with a rag-tag group characters in order to save their world -- and ours.","release_date":"2013-05-24","poster_path":"/dUeXOJCpfWmZd9KaPkq2122J1ji.jpg","popularity":2.521459,"title":"Epic","video":false,"vote_average":6.4,"vote_count":619},{"adult":false,"backdrop_path":"/zkBN7dRpNiK4aaWF6c4WfecyXof.jpg","genre_ids":[12,14,35,10751],"id":879,"original_language":"en","original_title":"Hook","overview":"The boy who wasn't supposed to grow up—Peter Pan—did just that, becoming a soulless corporate lawyer whose workaholism could cost him his wife and kids. But a trip to see Granny Wendy in London, where the vengeful Capt. Hook kidnaps Peter's kids and forces Peter to return to Neverland, could lead to a chance at redemption, in this family-oriented fantasy from director Steven Spielberg.","release_date":"1991-12-10","poster_path":"/6plGuz8L3fvkuENB0G2ZpBz6kej.jpg","popularity":2.657701,"title":"Hook","video":false,"vote_average":6.4,"vote_count":460}],"total_pages":180,"total_results":3596}
