{"page":49,"results":[{"adult":false,"backdrop_path":"/wf8GI3QtL4IM2645Fm7OqRqXCkH.jpg","genre_ids":[18,10749],"id":2977,"original_language":"en","original_title":"Becoming Jane","overview":"A biographical portrait of a pre-fame Jane Austen and her romance with a young Irishman.","release_date":"2007-03-02","poster_path":"/iLNBdoaKzXNhZV4qbhJPkIEfLEg.jpg","popularity":2.10178,"title":"Becoming Jane","video":false,"vote_average":6.9,"vote_count":81},{"adult":false,"backdrop_path":"/7UzVI4BepB9g8822H7UCXPjrMan.jpg","genre_ids":[12,16,35,10751],"id":9023,"original_language":"en","original_title":"Spirit: Stallion of the Cimarron","overview":"As a wild stallion travels across the frontiers of the Old West, he befriends a young human and finds true love with a mare.","release_date":"2002-05-24","poster_path":"/nhrcR2KtVjXxJNSrPvcxVSyEf4c.jpg","popularity":1.177847,"title":"Spirit: Stallion of the Cimarron","video":false,"vote_average":6.9,"vote_count":151},{"adult":false,"backdrop_path":"/7DbgR36Sct5gcyEAzoM8bqiTYUV.jpg","genre_ids":[35,10402,10751,14],"id":433,"original_language":"en","original_title":"Mary Poppins","overview":"The movie combines a diverting story, songs, color and sequences of live action blended with the movements of animated figures. Mary Poppins is a kind of Super-nanny who flies in with her umbrella in response to the request of the Banks children and proceeds to put things right with the aid of her rather extraordinary magical powers before flying off again.","release_date":"1964-08-27","poster_path":"/oPXf92g2gjlPqduj6vRH9yvh0Yb.jpg","popularity":2.014335,"title":"Mary Poppins","video":false,"vote_average":6.9,"vote_count":289},{"adult":false,"backdrop_path":"/ihEhIKWqVUCWvtvGf7u7IKUMdfm.jpg","genre_ids":[18],"id":711,"original_language":"en","original_title":"Finding Forrester","overview":"Gus van Sant tells the story of a young African American man named Jamal who confronts his talents while living on the streets of the Bronx. He accidentally runs into an old writer named Forrester who discovers his passion for writing. With help from his new mentor Jamal receives a scholarship to a private school.","release_date":"2000-12-21","poster_path":"/msNpSoipcmMKaZRTlK3vHopHRAg.jpg","popularity":1.507886,"title":"Finding Forrester","video":false,"vote_average":6.9,"vote_count":89},{"adult":false,"backdrop_path":"/x8cIgtcVi9DVrlPuvlsvc43dik9.jpg","genre_ids":[53,878,9648],"id":45612,"original_language":"en","original_title":"Source Code","overview":"Decorated soldier Captain Colter Stevens wakes up in the body of an unknown man, discovering he's involved in a mission to find the bomber of a Chicago commuter train. He learns he's part of a top-secret experimental program that enables him to experience the final 8 minutes of another person's life. Colter re-lives the train incident over and over again, gathering more clues each time. But can he discover who is responsible for the attack before the next one happens?","release_date":"2011-04-01","poster_path":"/cpl7R5d3qwWvykRRSxdhQ0htstU.jpg","popularity":3.892505,"title":"Source Code","video":false,"vote_average":6.9,"vote_count":966},{"adult":false,"backdrop_path":"/avqzwKn89VetTEvAlBePt3Us6Al.jpg","genre_ids":[12,14,10751],"id":672,"original_language":"en","original_title":"Harry Potter and the Chamber of Secrets","overview":"Everyone's favorite novice wizard, Harry Potter, continues his high-flying adventures at Hogwarts. This time around, Harry ignores warnings not to return to school - that is, if he values his life - to investigate a mysterious series of attacks with Ron and Hermione.","release_date":"2002-11-03","poster_path":"/lryNn7sNkvQIg45KwgeKnMxSSRX.jpg","popularity":2.553466,"title":"Harry Potter and the Chamber of Secrets","video":false,"vote_average":6.9,"vote_count":2155},{"adult":false,"backdrop_path":"/pxlaSPleGSNI8jJZYGhXH5LdI1B.jpg","genre_ids":[18],"id":60308,"original_language":"en","original_title":"Moneyball","overview":"The story of Oakland Athletics general manager Billy Beane's successful attempt to put together a baseball team on a budget, by employing computer-generated analysis to draft his players.","release_date":"2011-09-22","poster_path":"/3oAa8mJJ97CH9AeGEY6vjAxqcvZ.jpg","popularity":2.985478,"title":"Moneyball","video":false,"vote_average":6.9,"vote_count":560},{"adult":false,"backdrop_path":"/wUYTfFbfPiZC6Lcyt1nonr69ZmK.jpg","genre_ids":[28,12,878],"id":1895,"original_language":"en","original_title":"Star Wars: Episode III - Revenge of the Sith","overview":"Years after the onset of the Clone Wars, the noble Jedi Knights lead a massive clone army into a galaxy-wide battle against the Separatists. When the sinister Sith unveil a thousand-year-old plot to rule the galaxy, the Republic crumbles and from its ashes rises the evil Galactic Empire. Jedi hero Anakin Skywalker is seduced by the dark side of the Force to become the Emperor's new apprentice -- Darth Vader. The Jedi are decimated, as Obi-Wan Kenobi and Jedi Master Yoda are forced into hiding. The only hope for the galaxy are Anakin's own offspring -- the twin children born in secrecy who will grow up to become heroes.","release_date":"2005-05-19","poster_path":"/tgr5Pdy7ehZYBqBkN2K7Q02xgOb.jpg","popularity":3.97942,"title":"Star Wars: Episode III - Revenge of the Sith","video":false,"vote_average":6.9,"vote_count":1561},{"adult":false,"backdrop_path":"/w7TyHY4QRyEfGfssn7AlcoLafUZ.jpg","genre_ids":[16,35,10751],"id":11836,"original_language":"en","original_title":"The SpongeBob SquarePants Movie","overview":"There's trouble brewing in Bikini Bottom. Someone has stolen King Neptune's crown, and it looks like Mr. Krab, SpongeBob's boss, is the culprit. Though he's just been passed over for the promotion of his dreams, SpongeBob stands by his boss, and along with his best pal Patrick, sets out on a treacherous mission to Shell City to reclaim the crown and save Mr. Krab's life.","release_date":"2004-11-14","poster_path":"/sSlfqYpjKiwEk88QM9jPXAooM8.jpg","popularity":1.964676,"title":"The SpongeBob SquarePants Movie","video":false,"vote_average":6.9,"vote_count":175},{"adult":false,"backdrop_path":"/Alq0EOj1Ik7UJ6lueLxK5V2Oywy.jpg","genre_ids":[18,10749],"id":2266,"original_language":"en","original_title":"Paris, je t'aime","overview":"Olivier Assayas, Gus Van Sant, Wes Craven and Alfonso Cuaron are among the 20 distinguished directors who contribute to this collection of 18 stories, each exploring a different aspect of Parisian life. The colourful characters in this drama include a pair of mimes, a husband trying to chose between his wife and his lover, and a married man who turns to a prostitute for advice.","release_date":"2006-06-20","poster_path":"/5rsmOrGRqQmvTChQve87kIEJTNA.jpg","popularity":0.627778,"title":"Paris, je t'aime","video":false,"vote_average":6.9,"vote_count":67},{"adult":false,"backdrop_path":"/12wzwkOOQrob6YHShKYfRTOyALg.jpg","genre_ids":[18,10749],"id":802,"original_language":"en","original_title":"Lolita","overview":"Humbert Humbert, a divorced British professor of French literature, travels to small-town America for a teaching position. He allows himself to be swept into a relationship with Charlotte Haze, his widowed and sexually famished landlady, whom he marries in order that he might gain access to her fourteen-year-old daughter—Lolita—with whom he has fallen hopelessly in love, but whose affections shall be appropriated by a devious trickster named Clare Quilty.","release_date":"1962-06-13","poster_path":"/heRYtNrkHLj3Lwghr2jPBX7Yc29.jpg","popularity":1.800971,"title":"Lolita","video":false,"vote_average":6.9,"vote_count":67},{"adult":false,"backdrop_path":"/tPZQsVHv7BhnJXBlnqCDji1YDfl.jpg","genre_ids":[18],"id":197082,"original_language":"it","original_title":"La Vénus à la fourrure","overview":"An enigmatic actress (Emmanuelle Seigner) may have a hidden agenda when she auditions for a part in a misogynistic writer's (Mathieu Amalric) play.","release_date":"2013-11-13","poster_path":"/f1t5IFXFwVl2kMmD2a0Y2r8uyek.jpg","popularity":1.717536,"title":"Venus in Fur","video":false,"vote_average":6.8,"vote_count":53},{"adult":false,"backdrop_path":"/ujVtMGdhS8DWwIPhdY9DADMHMt8.jpg","genre_ids":[18,10749,878],"id":226448,"original_language":"en","original_title":"In Your Eyes","overview":"East Coast housewife Rebecca (Zoe Kazan) lives a comfortable, sheltered life, but she always knew there was something special about herself. Charismatic ex-con Dylan (Michael Stahl-David) has paid his debt to society and is ready for a fresh start in New Mexico, including a burgeoning flirtation with local good-time-gal Donna (Nikki Reed). When the two polar opposites realize they are strangely connected, an utterly unique metaphysical romance begins in Brin Hill’s sweet and smart film, which star Zoe Kazan aptly described as “Joss Whedon does Nicholas Sparks.”","release_date":"2014-04-20","poster_path":"/qNcUP2yjsYqIC6kbnSSUEkLJROZ.jpg","popularity":1.692279,"title":"In Your Eyes","video":false,"vote_average":6.8,"vote_count":56},{"adult":false,"backdrop_path":"/n9X2DKItL3V0yq1q1jrk8z5UAki.jpg","genre_ids":[28,12,878],"id":68721,"original_language":"en","original_title":"Iron Man 3","overview":"The brash-but-brilliant industrialist Tony Stark faces an enemy whose reach knows no bounds. When Stark finds his personal world destroyed at his enemy’s hands, he embarks on a harrowing quest to find those responsible. This journey, at every turn, will test his mettle. With his back against the wall, Stark is left to survive by his own devices, relying on his ingenuity and instincts to protect those closest to him. As he fights his way back, Stark discovers the answer to the question that has secretly haunted him: does the man make the suit or does the suit make the man?","release_date":"2013-05-03","poster_path":"/1Ilv6ryHUv6rt9zIsbSEJUmmbEi.jpg","popularity":6.815624,"title":"Iron Man 3","video":false,"vote_average":6.8,"vote_count":5651},{"adult":false,"backdrop_path":"/1Ez8jxcOkkRn1lrmHeK4PZ9SZMi.jpg","genre_ids":[10752],"id":9665,"original_language":"en","original_title":"Glory","overview":"Robert Gould Shaw leads the US Civil War's first all-black volunteer company, fighting prejudices of both his own Union army and the Confederates.","release_date":"1989-12-15","poster_path":"/6pDBbYmR9iqg3IF8lgyY9pWFiqT.jpg","popularity":1.669204,"title":"Glory","video":false,"vote_average":6.8,"vote_count":92},{"adult":false,"backdrop_path":"/rk6RDd6HNbehPtIfPivDJyfpLlD.jpg","genre_ids":[80,18,53],"id":4836,"original_language":"en","original_title":"Layer Cake","overview":"When a seemingly straight-forward drug deal goes awry, XXXX has to break his die-hard rules and turn up the heat, not only to outwit the old regime and come out on top, but to save his own skin...","release_date":"2004-09-30","poster_path":"/6k1s24rW0uhXL31C4XxP96HyZJR.jpg","popularity":1.260582,"title":"Layer Cake","video":false,"vote_average":6.8,"vote_count":156},{"adult":false,"backdrop_path":"/auM5DWH5et9lql7vuYABdpDluR4.jpg","genre_ids":[35,10749],"id":9576,"original_language":"en","original_title":"Tootsie","overview":"Michael Dorsey is an unemployed actor with an impossible reputation. In order to find work and fund his friend's play he dresses as a woman, Dorothy Michaels, and lands the part in a daytime drama. Dorsey loses himself in this woman role and essentially becomes Dorothy Michaels, captivating women all around the city and inspiring them to break free from the control of men and become more like Dorsey's initial identity. This newfound role, however, lands Dorsey in a hot spot between a female friend/'lover,' a female co-star he falls in love with, that co-star's father who falls in love with him, and a male co-star who yearns for his affection.","release_date":"1982-12-16","poster_path":"/9LFhJMHTjprVUjyJ666X5tNjTKZ.jpg","popularity":1.839407,"title":"Tootsie","video":false,"vote_average":6.8,"vote_count":81},{"adult":false,"backdrop_path":"/3Ysxx71oqh3ibroruBKntJH2rfu.jpg","genre_ids":[12,28,53,80,9648],"id":5503,"original_language":"en","original_title":"The Fugitive","overview":"Dr. Richard Kimble, unjustly accused of murdering his wife, must find the real killer while being the target of a nationwide manhunt.","release_date":"1993-08-06","poster_path":"/hC2W9m17ixe8D69T1GiGbGtsnzs.jpg","popularity":2.984881,"title":"The Fugitive","video":false,"vote_average":6.8,"vote_count":435},{"adult":false,"backdrop_path":"/4momnziEMiFuOOFBrUHtO0VyjjX.jpg","genre_ids":[80,9648,53],"id":2252,"original_language":"en","original_title":"Eastern Promises","overview":"A Russian teenager living in London who dies during childbirth leaves clues to a midwife in her journal that could tie her child to a rape involving a violent Russian mob family.","release_date":"2007-09-14","poster_path":"/uQduBOXqpC4XG8qK2pMcqz1OnQY.jpg","popularity":0.884009,"title":"Eastern Promises","video":false,"vote_average":6.8,"vote_count":230},{"adult":false,"backdrop_path":"/wD1flEI4QYrFKAaDq0ymWlShGGe.jpg","genre_ids":[35,18],"id":72113,"original_language":"en","original_title":"Carnage","overview":"In Brooklyn Bridge Park, eleven year old Zachary Cowan strikes his eleven year old classmate Ethan Longstreet across the face with a stick after an argument. Among the more serious of Ethan's injuries is a permanently missing tooth and the possibility of a second tooth also being lost. Their respective parents learn of the altercation through Ethan's parents questioning him about his injuries. The Longstreet parents invite the Cowan parents to their Brooklyn apartment to deal with the incident in a civilized manner. They are: Penelope Longstreet, whose idea it was to invite the Cowans, she whose priorities in life include human rights and justice; Michael Longstreet, who tries to be as accommodating as possible to retain civility in any situation; Nancy Cowan, a nervous and emotionally stressed woman; and Alan Cowan, who is married more to his work as evidenced by the attachment he has to his cell phone and taking work calls at the most inopportune times.","release_date":"2011-09-16","poster_path":"/1nhY2l0SffJ5nK8FaeiRaMblN3d.jpg","popularity":1.880736,"title":"Carnage","video":false,"vote_average":6.8,"vote_count":201}],"total_pages":180,"total_results":3596}
