{"page":150,"results":[{"adult":false,"backdrop_path":"/rdhruSs0snPbFg4NmwJvtETb68m.jpg","genre_ids":[35,28,80],"id":146375,"original_language":"fr","original_title":"De l'autre côté du périph","overview":"Two mismatched cops team up to investigate the murder of a business mogul's wife.","release_date":"2012-12-15","poster_path":"/bB5w3vSw9M4MyGCwDsZGGqkIkE9.jpg","popularity":1.95704,"title":"On the Other Side of the Tracks","video":false,"vote_average":5.6,"vote_count":75},{"adult":false,"backdrop_path":"/aJBZSAmTyTFCQ6vYc2O9Tr4uLrS.jpg","genre_ids":[35,10749],"id":12090,"original_language":"en","original_title":"Just Married","overview":"Tom Leezak and Sarah McNerney fall in love and plan to get married, despite opposition from Sarah's uptight, rich family. When they do get married, and get a chance to prove Sarah's family wrong, they go on a European honeymoon and run into disaster after disaster. They have to decide whether the honeymoon from hell and a few pre-marital mistakes are worth throwing away their love and marriage.","release_date":"2003-01-09","poster_path":"/15Xm4K7vPLRYDDErYK6lnbuvXWY.jpg","popularity":2.856433,"title":"Just Married","video":false,"vote_average":5.6,"vote_count":100},{"adult":false,"backdrop_path":"/lcpb3uG2xgB57QeITb0HDKdHaJM.jpg","genre_ids":[35,10749],"id":11467,"original_language":"en","original_title":"America's Sweethearts","overview":"In the midst of a nasty public breakup of married movie stars, a studio publicist scrambles to put a cap on the escalating situation as the couple's latest film has found it's only print kidnapped by the director.","release_date":"2001-07-17","poster_path":"/AgaHBiG3Drkl7lWCjtrYj1oLpKY.jpg","popularity":1.668796,"title":"America's Sweethearts","video":false,"vote_average":5.6,"vote_count":90},{"adult":false,"backdrop_path":"/9SNO9BglZJgGTMOB5K4NVgecgX1.jpg","genre_ids":[35,10751],"id":9279,"original_language":"en","original_title":"Jingle All the Way","overview":"Meet Howard Langston, a salesman for a mattress company is constantly busy at his job, and he also constantly disappoints his son, after he misses his son's karate exposition, his son tells Howard that he wants for Christmas is an action figure of his son's television hero, he tries hard to to make it up to him. Unfortunately for Howard, it is Christmas Eve, and every store is sold out of Turbo Man, now Howard must travel all over town and compete with everybody else to find a Turbo Man action figure.","release_date":"1996-11-15","poster_path":"/aaVkNhUONnkSv5ijPjq7pEmmWyE.jpg","popularity":1.684182,"title":"Jingle All the Way","video":false,"vote_average":5.6,"vote_count":161},{"adult":false,"backdrop_path":"/thzGA2cOW37jCxJ7sJeBNGVGZKj.jpg","genre_ids":[35,14],"id":62213,"original_language":"en","original_title":"Dark Shadows","overview":"Vampire Barnabas Collins is inadvertently freed from his tomb and emerges into the very changed world of 1972. He returns to Collinwood Manor to find that his once-grand estate and family have fallen into ruin.","release_date":"2012-05-11","poster_path":"/jSjpuT6I4j5EECCsABZywX7wpUt.jpg","popularity":3.115933,"title":"Dark Shadows","video":false,"vote_average":5.6,"vote_count":877},{"adult":false,"backdrop_path":"/anbyB6Aw4AaAFplCGfT4ODZ0lNZ.jpg","genre_ids":[35],"id":248507,"original_language":"fr","original_title":"Supercondriaque","overview":"Roman Faubert is one man who, almost 40 years, has neither wife nor child. The business that photographer for online medical dictionary, does not help a sickly hypochondriac who guides his lifestyle for far too long and made him a neurotic coward.","release_date":"2014-02-26","poster_path":"/b4fFxsZvCxH16raJwf7PRMGiy4E.jpg","popularity":0.443144,"title":"Superchondriac","video":false,"vote_average":5.6,"vote_count":122},{"adult":false,"backdrop_path":"/rkuBTyWjAh2wXiV2KvbxxeVBtTY.jpg","genre_ids":[28,80,18,53],"id":102362,"original_language":"en","original_title":"Dead Man Down","overview":"In New York City, a crime lord's right-hand man is seduced by a woman seeking retribution.","release_date":"2013-03-08","poster_path":"/4hcWLlWTu3Saq2j24dHTKSLQSGe.jpg","popularity":1.50571,"title":"Dead Man Down","video":false,"vote_average":5.6,"vote_count":386},{"adult":false,"backdrop_path":"/wJByCdlvHxoAvmktWaI2jSNzHbl.jpg","genre_ids":[28,12],"id":217,"original_language":"en","original_title":"Indiana Jones and the Kingdom of the Crystal Skull","overview":"During the Cold War, Soviet agents watch Professor Henry Jones when a young man brings him a coded message from an aged, demented colleague, Henry Oxley. Led by the brilliant Irina Spalko, the Soviets tail Jones and the young man, Mutt, to Peru. With Oxley's code, they find a legendary skull made of a single piece of quartz. If Jones can deliver the skull to its rightful place, all may be well; but if Irina takes it to its origin, she'll gain powers that could endanger the West. Aging professor and young buck join forces with a woman from Jones's past to face the dangers of the jungle, Russia, and the supernatural.","release_date":"2008-05-22","poster_path":"/qY1x6v5daMDTr904G3y84WVgpfC.jpg","popularity":2.673569,"title":"Indiana Jones and the Kingdom of the Crystal Skull","video":false,"vote_average":5.6,"vote_count":993},{"adult":false,"backdrop_path":"/y3zMDdYfgEbqs2p0dHNkvS5HGgk.jpg","genre_ids":[9648,18,80,53],"id":146223,"original_language":"en","original_title":"Closed Circuit","overview":"A terrorist attack in London results in the capture of suspect Farroukh Erdogan (Denis Moschitto). The attorney general appoints Claudia Simmons-Howe (Rebecca Hall) as special advocate on Erdogan's legal team. On the eve of the trial, Erdogan's lawyer dies, and a new defense attorney, Martin Rose (Eric Bana), steps in. Martin and Claudia are former lovers, a fact which must remain hidden. As Martin assembles his case, he uncovers a sinister conspiracy, placing him and Claudia in danger.","release_date":"2013-08-28","poster_path":"/dFMktkaCqd5D2lDouzvpXfwd94h.jpg","popularity":2.303937,"title":"Closed Circuit","video":false,"vote_average":5.6,"vote_count":79},{"adult":false,"backdrop_path":"/njsf4eePmGyKmDt81gql8MJBVC4.jpg","genre_ids":[14,12,16,35,10751],"id":9906,"original_language":"en","original_title":"The Ant Bully","overview":"Fed up with being targeted by the neighborhood bully, 10-year-old Lucas Nickle vents his frustrations on the anthill in his front yard ... until the insects shrink him to the size of a bug with a magic elixir. Convicted of \"crimes against the colony,\" Lucas can only regain his freedom by living with the ants and learning their ways.","release_date":"2006-07-27","poster_path":"/tBUlwDCdvYC5aP7DzgcmDgrbfec.jpg","popularity":1.704968,"title":"The Ant Bully","video":false,"vote_average":5.6,"vote_count":127},{"adult":false,"backdrop_path":"/q9MgSS0QvapgerVJ2C0Y6F8jOwx.jpg","genre_ids":[35,80],"id":109431,"original_language":"en","original_title":"Identity Thief","overview":"When a mild-mannered businessman learns his identity has been stolen, he hits the road in an attempt to foil the thief -- a trip that puts him in the path of a deceptively harmless-looking woman.","release_date":"2013-02-09","poster_path":"/lOF4rI6SxgRsVLW8odsauqnhB9Z.jpg","popularity":3.711223,"title":"Identity Thief","video":false,"vote_average":5.6,"vote_count":1118},{"adult":false,"backdrop_path":"/yK7M20aBIg91flKB8A3L5KRrJaR.jpg","genre_ids":[35,80],"id":9384,"original_language":"en","original_title":"Starsky & Hutch","overview":"Join uptight David Starsky and laid-back Ken \"Hutch\" Hutchinson as they're paired for the first time as undercover cops. The new partners must overcome their differences to solve an important case with help from street informant Huggy Bear and persuasive criminal Reese Feldman.","release_date":"2004-03-05","poster_path":"/plbKo5JoCijmqghCWrw2ef8WFhg.jpg","popularity":1.071454,"title":"Starsky & Hutch","video":false,"vote_average":5.6,"vote_count":203},{"adult":false,"backdrop_path":"/asSgXEMQkZsSpeFBoifRhsshq92.jpg","genre_ids":[18,80],"id":48838,"original_language":"en","original_title":"London Boulevard","overview":"A parolee battles a gangster for the affections of a reclusive movie star.","release_date":"2010-11-10","poster_path":"/dYdfVHlKmHRJi1JcywGWS4gwOu4.jpg","popularity":1.765447,"title":"London Boulevard","video":false,"vote_average":5.6,"vote_count":91},{"adult":false,"backdrop_path":"/pQVTUyQUqTKB9nWw0OeJrRrQOp2.jpg","genre_ids":[10749,35,18],"id":76494,"original_language":"en","original_title":"What to Expect When You're Expecting","overview":"Challenges of impending parenthood turn the lives of five couples upside down. Two celebrities are unprepared for the surprise demands of pregnancy; hormones wreak havoc on a baby-crazy author, while her husband tries not to be outdone by his father, who's expecting twins with his young trophy wife; a photographer's husband isn't sure about his wife's adoption plans; a one-time hook-up results in a surprise pregnancy for rival food-truck owners.","release_date":"2012-05-18","poster_path":"/4vD9uLJHfTOx9vRHdKEXgGvqYZU.jpg","popularity":2.636153,"title":"What to Expect When You're Expecting","video":false,"vote_average":5.6,"vote_count":194},{"adult":false,"backdrop_path":"/h3zCosx8qoQfLups4YawRxle43b.jpg","genre_ids":[35,18,10749],"id":253235,"original_language":"en","original_title":"And So It Goes","overview":"A self-centered realtor enlists the help of his neighbor when he's suddenly left in charge of the granddaughter he never knew existed until his estranged son drops her off at his home.","release_date":"2014-07-25","poster_path":"/nuoE9Cy94KbJjQjyWGyDMtedfN3.jpg","popularity":0.840466,"title":"And So It Goes","video":false,"vote_average":5.6,"vote_count":54},{"adult":false,"backdrop_path":"/a3wDEaQWBp692Qv0CdAxzEM4F3g.jpg","genre_ids":[28,12,35,10751],"id":11212,"original_language":"en","original_title":"Baby's Day Out","overview":"Baby Bink couldn't ask for more; he has adoring (if somewhat sickly-sweet) parents, he lives in a huge mansion, and he's just about to appear in the social pages of the paper. Unfortunately, not everyone in the world is as nice as Baby Bink's parents; especially the three enterprising kidnapers who pretend to be photographers from the newspaper. Successfully kidnaping Baby Bink, they have a harder time keeping hold of the rascal, who not only keeps one step ahead of them, but seems to be more than a little bit smarter than the three bumbling criminals.","release_date":"1994-07-01","poster_path":"/tRrLP28sxmST0iWr8E5td1od42P.jpg","popularity":1.073322,"title":"Baby's Day Out","video":false,"vote_average":5.6,"vote_count":60},{"adult":false,"backdrop_path":"/fa8wNFBYP3ouGXs3dJDYzMEvj9g.jpg","genre_ids":[28,12,14,53],"id":24418,"original_language":"en","original_title":"Cirque du Freak: The Vampire's Assistant","overview":"Darren Shan is a regular teenage kid. He and his friend Steve find out about a Freak Show coming to town and work hard at trying to find tickets. They do, and together they go to \"Cirque du Freak\" where they see many strange acts including a wolf-man and a bearded lady","release_date":"2009-10-23","poster_path":"/miuQFDDlj9t3ia9RQqfkjGORZHQ.jpg","popularity":0.836319,"title":"Cirque du Freak: The Vampire's Assistant","video":false,"vote_average":5.6,"vote_count":121},{"adult":false,"backdrop_path":"/tonRIZmCmjYNVaM6hRY4xlhEcIH.jpg","genre_ids":[28,80,53],"id":9874,"original_language":"en","original_title":"Cobra","overview":"A tough-on-crime street cop must protect the only surviving witness to a strange murderous cult with far reaching plans.","release_date":"1986-05-23","poster_path":"/jnbvydGrfPeSlYnIQ2XI3z3IDmh.jpg","popularity":3.446523,"title":"Cobra","video":false,"vote_average":5.6,"vote_count":116},{"adult":false,"backdrop_path":"/4jv4TsBccZt60ltlPYmL8vaG8cu.jpg","genre_ids":[14,12,10751],"id":68728,"original_language":"en","original_title":"Oz: The Great and Powerful","overview":"Oscar Diggs, a small-time circus illusionist and con-artist, is whisked from Kansas to the Land of Oz where the inhabitants assume he's the great wizard of prophecy, there to save Oz from the clutches of evil.","release_date":"2013-03-08","poster_path":"/7qzLIcYR7ev7iXngY8NKHBZHwwT.jpg","popularity":3.282644,"title":"Oz: The Great and Powerful","video":false,"vote_average":5.6,"vote_count":2426},{"adult":false,"backdrop_path":"/ssEJkYmvL3Lo0i99S03hXxEO3wm.jpg","genre_ids":[35,80,18],"id":16991,"original_language":"en","original_title":"Observe and Report","overview":"Bi-polar mall security guard Ronnie Barnhardt is called into action to stop a flasher from turning shopper's paradise into his personal peep show. But when Barnhardt can't bring the culprit to justice, a surly police detective, is recruited to close the case.","release_date":"2009-04-10","poster_path":"/nqde2Ud03uLrekBZaCMXBa16Cm2.jpg","popularity":0.446882,"title":"Observe and Report","video":false,"vote_average":5.6,"vote_count":68}],"total_pages":180,"total_results":3596}
