{"page":140,"results":[{"adult":false,"backdrop_path":"/wSG78M31C4raIughPjAx1QCLmXZ.jpg","genre_ids":[28,80,878,53],"id":9349,"original_language":"en","original_title":"Universal Soldier","overview":"An American soldier who had been killed during the Vietnam War is revived 25 years later by the military as a semi-android, UniSols, a high-tech soldier of the future. After the failure of the initiative to erase all the soldier's memories, he begins to experience flashbacks that are forcing him to recall his past.","release_date":"1992-07-10","poster_path":"/jABswtfPt03TWjfJnUJ3HmMWWjT.jpg","popularity":1.061526,"title":"Universal Soldier","video":false,"vote_average":5.7,"vote_count":111},{"adult":false,"backdrop_path":"/jUe7RbnkLXGYC9MPhdN9cruy4L0.jpg","genre_ids":[16,10751,12,35],"id":151960,"original_language":"en","original_title":"Planes","overview":"Dusty is a cropdusting plane who dreams of competing in a famous aerial race. The problem? He is hopelessly afraid of heights. With the support of his mentor Skipper and a host of new friends, Dusty sets off to make his dreams come true.","release_date":"2013-08-09","poster_path":"/c8ALtmmmtofVYOxSJG0S5ZcP2pF.jpg","popularity":2.989221,"title":"Planes","video":false,"vote_average":5.7,"vote_count":288},{"adult":false,"backdrop_path":"/qFdqdBiqTsfXYvKDeCfxTucxQzU.jpg","genre_ids":[18,35,10749],"id":80271,"original_language":"en","original_title":"LOL","overview":"In a world connected by YouTube, iTunes, and Facebook, Lola and her friends navigate the peer pressures of high school romance and friendship while dodging their sometimes overbearing and confused parents. When Lola's mom, Anne, \"accidentally\" reads her teenage daughter's racy journal, she realizes just how wide their communication gap has grown.","release_date":"2012-05-04","poster_path":"/vlG6iHT1RuT9xLj17SmNNUd8jJZ.jpg","popularity":3.049214,"title":"LOL","video":false,"vote_average":5.7,"vote_count":173},{"adult":false,"backdrop_path":"/9JBy5cuSzp0uqsZDCWiOY7JYEKC.jpg","genre_ids":[878,27,53],"id":158015,"original_language":"en","original_title":"The Purge","overview":"Given the country's overcrowded prisons, the U.S. government begins to allow 12-hour periods of time in which all illegal activity is legal. During one of these free-for-alls, a family must protect themselves from a home invasion.","release_date":"2013-06-06","poster_path":"/3dXjXaApTLOhzwGHCDtl5dKmy7Z.jpg","popularity":3.421266,"title":"The Purge","video":false,"vote_average":5.7,"vote_count":884},{"adult":false,"backdrop_path":"/mKWrj4BAeuzAWOoShVcmhwmyza6.jpg","genre_ids":[28,27,53],"id":48572,"original_language":"en","original_title":"Red State","overview":"Set in Middle America, a group of teens receive an online invitation for sex, though they soon encounter Christian fundamentalists with a much more sinister agenda.","release_date":"2011-09-23","poster_path":"/h43jPTebYOabSXqNQqrRQpg6DPc.jpg","popularity":0.807507,"title":"Red State","video":false,"vote_average":5.7,"vote_count":85},{"adult":false,"backdrop_path":"/jsR45u3refVMf6dbvsAtIJ9W5A6.jpg","genre_ids":[27,53,9648],"id":1970,"original_language":"en","original_title":"The Grudge","overview":"Karen Davis is an American Nurse moves to Tokyo and encounter a supernatural spirit who is vengeful and often possesses its victims. A series of horrifying and mysterious deaths start to occur, with the spirit passing its curse onto each victim. Karen must now find away to break this spell, before she becomes its next victim.","release_date":"2004-10-22","poster_path":"/nSiz1yAkbKAZUmPfDbcXewNnaAI.jpg","popularity":2.232493,"title":"The Grudge","video":false,"vote_average":5.7,"vote_count":172},{"adult":false,"backdrop_path":"/u3IN623YyIHYcjqPsRfF1R9vXA7.jpg","genre_ids":[28,53,80],"id":9257,"original_language":"en","original_title":"S.W.A.T.","overview":"Hondo Harrelson recruits Jim Street to join an elite unit of the Los Angeles Police Department. Together they seek out more members, including tough Deke Kay and single mom Chris Sanchez. The team's first big assignment is to escort crime boss Alex Montel to prison. It seems routine, but when Montel offers a huge reward to anyone who can break him free, criminals of various stripes step up for the prize.","release_date":"2003-08-08","poster_path":"/AgwobKKS20WRaQCHj5ut2R4KyHa.jpg","popularity":2.227152,"title":"S.W.A.T.","video":false,"vote_average":5.7,"vote_count":300},{"adult":false,"backdrop_path":"/owO5bTVUYxJosjVsfnoqT6TIjGJ.jpg","genre_ids":[27,53],"id":11675,"original_language":"en","original_title":"Halloween: H20","overview":"Two decades after surviving a massacre on October 31, 1978, former baby sitter Laurie Strode finds herself hunted by persistent knife-wielder Michael Myers. Laurie now lives in Northern California under an assumed name, where she works as the headmistress of a private school. But it's not far enough to escape Myers, who soon discovers her whereabouts. As Halloween descends upon Laurie's peaceful community, a feeling of dread weighs upon her -- with good reason.","release_date":"1998-08-05","poster_path":"/z5BStAfqBMoNWBkCSaoyF8M43op.jpg","popularity":1.827068,"title":"Halloween: H20","video":false,"vote_average":5.7,"vote_count":61},{"adult":false,"backdrop_path":"/3YQfmtpbiFCMHcXY3lJ7fGEcOL6.jpg","genre_ids":[28,12,53],"id":36669,"original_language":"en","original_title":"Die Another Day","overview":"The ever-daring James Bond taking on a North Korean leader who undergoes DNA replacement procedures that allow him to assume different identities. American agent Jinx Johnson assists Bond in thwarting the villain's plans to exploit a satellite that is powered by solar energy.","release_date":"2002-11-17","poster_path":"/1iUZqUXS7x5FcGM5J0u01xuObWC.jpg","popularity":2.34433,"title":"Die Another Day","video":false,"vote_average":5.7,"vote_count":426},{"adult":false,"backdrop_path":"/xRfK7mUyMx9a0tGIc7NiHts2mgd.jpg","genre_ids":[27,53],"id":82505,"original_language":"en","original_title":"House at the End of the Street","overview":"A mother and daughter move to a new town and find themselves living next door to a house where a young girl murdered her parents. When the daughter befriends the surviving son, she learns the story is far from over.","release_date":"2012-09-21","poster_path":"/847sqy3lbPmtA3rWwghSaWmkxtf.jpg","popularity":2.114909,"title":"House at the End of the Street","video":false,"vote_average":5.7,"vote_count":191},{"adult":false,"backdrop_path":"/VQ8unvKZ34jz5Maj6UBWY27iS9.jpg","genre_ids":[28,80,18,53],"id":9869,"original_language":"en","original_title":"Patriot Games","overview":"When CIA Analyst Jack Ryan interferes with an IRA assassination, a renegade faction targets him and his family for revenge.","release_date":"1992-06-04","poster_path":"/nB8fcOEQPS0V64U0ZUJXCTEaCDY.jpg","popularity":0.829835,"title":"Patriot Games","video":false,"vote_average":5.7,"vote_count":121},{"adult":false,"backdrop_path":"/2p4dSrGUij4Geg17C2N7augYL4T.jpg","genre_ids":[18,53],"id":87496,"original_language":"en","original_title":"The Company You Keep","overview":"A thriller centered on a former Weather Underground activist who goes on the run from a journalist who has discovered his identity.","release_date":"2012-09-06","poster_path":"/8tP3MK8A5Qah2bMHcXB6E7QF1aN.jpg","popularity":0.921746,"title":"The Company You Keep","video":false,"vote_average":5.7,"vote_count":117},{"adult":false,"backdrop_path":"/w1Okw5778jLM5cv3gLCCf6zRDSo.jpg","genre_ids":[10749,16,10751,14,12],"id":15969,"original_language":"en","original_title":"The Return of Jafar","overview":"Aladdin is adjusting to his new life as part of the upper crust. He and Princess Jasmine may not be married yet, but the pressures of palace society have already begun. On top of that, Iago (the parrot pet of Sultan's ex-vizir turned genie, Jafar) appears asking for help and no one is happy to see him. But things begin to look up when Genie returns from his trip around the world. Meanwhile, Jafar's black lamp is discovered by an idiot crook called Abis Mal. By using Abis Mal, Jafar makes his way back to Agrabah with ideas of payback for Aladdin and his friends.","release_date":"1994-05-20","poster_path":"/rsmMSZv6aJf3ua163Iug5eBiKuH.jpg","popularity":2.876533,"title":"The Return of Jafar","video":false,"vote_average":5.7,"vote_count":149},{"adult":false,"backdrop_path":"/bYHJgWapJepVT9Jirr6ZK4J3q8K.jpg","genre_ids":[53,27,9648],"id":10665,"original_language":"en","original_title":"The Strangers","overview":"After returning from a wedding reception, a couple staying in an isolated vacation house receive a knock on the door in the mid-hours of the night. What ensues is a violent invasion by three strangers, their faces hidden behind masks. The couple find themselves in a violent struggle, in which they go beyond what either of them thought capable in order to survive.","release_date":"2008-05-29","poster_path":"/pZwTosOfiB9hGvXvPg9fpoOqKmp.jpg","popularity":1.778204,"title":"The Strangers","video":false,"vote_average":5.7,"vote_count":113},{"adult":false,"backdrop_path":"/4dLA0LgN7tOMSsGwSUSZM7VG7AP.jpg","genre_ids":[28,12,14],"id":559,"original_language":"en","original_title":"Spider-Man 3","overview":"The seemingly invincible Spider-Man goes up against an all-new crop of villains -- including the shape-shifting Sandman -- in the third installment of this blockbusting comic book adventure series. While Spidey's superpowers are altered by an alien organism, his alter ego, Peter Parker, deals with nemesis Eddie Brock and gets caught up in a love triangle.","release_date":"2007-05-03","poster_path":"/uC2pAMjb32NIgQ1GdC1Bl6LZJc2.jpg","popularity":2.700708,"title":"Spider-Man 3","video":false,"vote_average":5.7,"vote_count":1310},{"adult":false,"backdrop_path":"/wVDS6tI2cCwiCwnor44A6ra7xVv.jpg","genre_ids":[53,9648],"id":220286,"original_language":"en","original_title":"Grand Piano","overview":"Moments before his comeback performance, a concert pianist who suffers from stage fright discovers a note written on his music sheet.","release_date":"2014-03-07","poster_path":"/oE8jlBXpF8boqrqlU8MxgyJBIDh.jpg","popularity":1.713811,"title":"Grand Piano","video":false,"vote_average":5.7,"vote_count":60},{"adult":false,"backdrop_path":"/cyoM4hIMHnIOWcLvfMlpmbpRer4.jpg","genre_ids":[28,80,53],"id":22821,"original_language":"en","original_title":"The Boondock Saints II: All Saints Day","overview":"Skillfully framed by an unknown enemy for the murder of a priest, wanted vigilante MacManus brothers Murphy and Connor must come out of hiding on a sheep farm in Ireland to fight for justice in Boston.","release_date":"2009-11-24","poster_path":"/hjU3caMd9O3h21e5kzJeUOAoy7h.jpg","popularity":1.102282,"title":"The Boondock Saints II: All Saints Day","video":false,"vote_average":5.7,"vote_count":101},{"adult":false,"backdrop_path":"/zsyu6szRiyS1BSEqWQcHegV9uSO.jpg","genre_ids":[35,18,10749],"id":49022,"original_language":"en","original_title":"Something Borrowed","overview":"Though Rachel (Ginnifer Goodwin) is a successful attorney and a loyal, generous friend, she is still single. After one drink too many at her 30th-birthday celebration, Rachel unexpectedly falls into bed with her longtime crush, Dex -- who happens to be engaged to her best friend, Darcy (Kate Hudson). Ramifications of the liaison threaten to destroy the women's lifelong friendship, while Ethan (John Krasinski), Rachel's confidant, harbors a potentially explosive secret of his own.","release_date":"2011-05-05","poster_path":"/Ar3GQxiljFuu2VKhEmdzjXI8bjQ.jpg","popularity":2.202747,"title":"Something Borrowed","video":false,"vote_average":5.7,"vote_count":86},{"adult":false,"backdrop_path":"/hua8HsZGQg9z7gGtLg0xhadwObN.jpg","genre_ids":[35,10749],"id":10761,"original_language":"en","original_title":"Made of Honor","overview":"Tom and Hannah have been platonic friends for 10 years. He's a serial dater, while she wants marriage but hasn't found Mr. Right. Just as Tom is starting to think that he is relationship material after all, Hannah gets engaged. When she asks Tom to be her \"maid\" of honor, he reluctantly agrees just so he can attempt to stop the wedding and woo her.","release_date":"2008-05-02","poster_path":"/b7w9BOieXq3qzwtOoXRUCNWc1Hz.jpg","popularity":2.075932,"title":"Made of Honor","video":false,"vote_average":5.7,"vote_count":112},{"adult":false,"backdrop_path":"/eXuIPt9I1xuaVddlgzEQRC2EMnJ.jpg","genre_ids":[18,27,53,80],"id":8090,"original_language":"en","original_title":"Untraceable","overview":"Special Agent Jennifer Marsh (Diane Lane) works in an elite division of the FBI dedicated to fighting cybercrime. She thinks she has seen it all, until a particularly sadistic criminal arises on the Internet. This tech-savvy killer posts live feeds of his crimes on his website; the more hits the site gets, the faster the victim dies. Marsh and her team must find the elusive killer before time runs out.","release_date":"2008-01-22","poster_path":"/XX32uGigY8wVMGESal2BtEf8kU.jpg","popularity":2.205691,"title":"Untraceable","video":false,"vote_average":5.7,"vote_count":69}],"total_pages":180,"total_results":3596}
