{"page":2,"results":[{"adult":false,"backdrop_path":"/hZWp4W5aQvGm1WiiGFYIuBUOQ3K.jpg","genre_ids":[10749,18],"id":222935,"original_language":"en","original_title":"The Fault in Our Stars","overview":"Despite the tumor-shrinking medical miracle that has bought her a few years, Hazel has never been anything but terminal, her final chapter inscribed upon diagnosis. But when a patient named Augustus Waters suddenly appears at Cancer Kid Support Group, Hazel's story is about to be completely rewritten.","release_date":"2014-05-16","poster_path":"/sc6XLX6J714LDkVV3Ys3clgypQS.jpg","popularity":5.086377,"title":"The Fault in Our Stars","video":false,"vote_average":8.0,"vote_count":1261},{"adult":false,"backdrop_path":"/bt6DhdALyhf90gReozoQ0y3R3vZ.jpg","genre_ids":[9648,53,18],"id":210577,"original_language":"en","original_title":"Gone Girl","overview":"With his wife's disappearance having become the focus of an intense media circus, a man sees the spotlight turned on him when it's suspected that he may not be innocent.","release_date":"2014-10-03","poster_path":"/gdiLTof3rbPDAmPaCf4g6op46bj.jpg","popularity":12.676739,"title":"Gone Girl","video":false,"vote_average":8.0,"vote_count":2042},{"adult":false,"backdrop_path":"/61vLiK96sbXeHpQiMxI4CuqBA3z.jpg","genre_ids":[28,18],"id":346,"original_language":"ja","original_title":"七人の侍","overview":"A veteran samurai, who has fallen on hard times, answers a village's request for protection from bandits. He gathers 6 other samurai to help him, and they teach the townspeople how to defend themselves, and they supply the samurai with three small meals a day. The film culminates in a giant battle when 40 bandits attack the village.","release_date":"1954-04-26","poster_path":"/5hqbJSmtAimbaP3XcYshCixuUtk.jpg","popularity":2.524705,"title":"Seven Samurai","video":false,"vote_average":8.0,"vote_count":284},{"adult":false,"backdrop_path":"/gLbBRyS7MBrmVUNce91Hmx9vzqI.jpg","genre_ids":[18,80],"id":240,"original_language":"en","original_title":"The Godfather: Part II","overview":"The continuing saga of the Corleone crime family tells the story of a young Vito Corleone growing up in Sicily and in 1910s New York; and follows Michael Corleone in the 1950s as he attempts to expand the family business into Las Vegas, Hollywood and Cuba","release_date":"1974-12-20","poster_path":"/tHbMIIF51rguMNSastqoQwR0sBs.jpg","popularity":3.118595,"title":"The Godfather: Part II","video":false,"vote_average":8.0,"vote_count":1328},{"adult":false,"backdrop_path":"/mrbTLFsYup7iIXgJzxJVLaitcwZ.jpg","genre_ids":[35,18],"id":637,"original_language":"it","original_title":"La vita è bella","overview":"A touching story of an Italian book seller of Jewish ancestry who lives in his own little fairy tale. His creative and happy life would come to an abrupt halt when his entire family is deported to a concentration camp during World War II. While locked up he tries to convince his son that the whole thing is just a game.","release_date":"1997-12-20","poster_path":"/f7DImXDebOs148U4uPjI61iDvaK.jpg","popularity":2.972624,"title":"Life Is Beautiful","video":false,"vote_average":8.0,"vote_count":926},{"adult":false,"backdrop_path":"/2ZhystUM6vsnSwIJ3fgdyL2xmCf.jpg","genre_ids":[35,10749],"id":1075,"original_language":"sh","original_title":"Crna mačka, beli mačor","overview":"Matko is a small time hustler, living by the Danube with his 17 year old son Zare. After a failed business deal he owes money to the much more successful gangster Dadan. Dadan has a sister, Afrodita, that he desperately wants to see get married so they strike a deal: Zare is to marry her.","release_date":"1998-06-01","poster_path":"/yofEv6q0vdtErGo49z1vQL7RdWT.jpg","popularity":1.632051,"title":"Black Cat, White Cat","video":false,"vote_average":8.0,"vote_count":53},{"adult":false,"backdrop_path":"/dB2rATwfCbsPGfRLIoluBnKdVHb.jpg","genre_ids":[12,16,14],"id":128,"original_language":"ja","original_title":"もののけ姫","overview":"Ashitaka, a prince of the disappearing Ainu tribe, is cursed by a demonized boar god and must journey to the west to find a cure. Along the way, he encounters San, a young human woman fighting to protect the forest, and Lady Eboshi, who is trying to destroy it. Ashitaka must find a way to bring balance to this conflict.","release_date":"1997-07-12","poster_path":"/gzlJkVfWV5VEG5xK25cvFGJgkDz.jpg","popularity":1.752358,"title":"Princess Mononoke","video":false,"vote_average":8.0,"vote_count":637},{"adult":false,"backdrop_path":"/iob9MPYquOckNbhhjFUazRDlgGG.jpg","genre_ids":[37],"id":3114,"original_language":"en","original_title":"The Searchers","overview":"As a Civil War veteran spends years searching for a young niece captured by Indians, his motivation becomes increasingly questionable.","release_date":"1956-03-13","poster_path":"/Ai1lpWFaBHH3szTSBz7eZT3iobi.jpg","popularity":1.577831,"title":"The Searchers","video":false,"vote_average":8.0,"vote_count":88},{"adult":false,"backdrop_path":"/baddGVlv1zk1RDhf0dKUHyKxcQq.jpg","genre_ids":[16,10751],"id":13929,"original_language":"en","original_title":"Geri's Game","overview":"An aging codger named Geri plays a daylong game of chess in the park against himself. Somehow, he begins losing to his livelier opponent. But just when the game's nearly over, Geri manages to turn the tables.","release_date":"1997-11-24","poster_path":"/oyjGPlWALhhWyqqRd5lJ1oSeeXE.jpg","popularity":1.661594,"title":"Geri's Game","video":false,"vote_average":8.0,"vote_count":87},{"adult":false,"backdrop_path":"/W0MNr3XN95U5KLD9xIQD96YKcS.jpg","genre_ids":[878,35,28,14],"id":251516,"original_language":"en","original_title":"Kung Fury","overview":"During an unfortunate series of events, a friend of Kung Fury is assassinated by the most dangerous kung fu master criminal of all time, Adolf Hitler, a.k.a Kung Führer.  Kung Fury decides to travel back in time to Nazi Germany in order to kill Hitler and end the Nazi empire once and for all.","release_date":"2015-05-28","poster_path":"/oJWzpGCLIj3uYa0ux19T2WwzTOf.jpg","popularity":3.542118,"title":"Kung Fury","video":false,"vote_average":8.0,"vote_count":173},{"adult":false,"backdrop_path":"/b7BxW3C4cjVKOlKzFBoMUgyNt6A.jpg","genre_ids":[18,10752,9648],"id":46738,"original_language":"fr","original_title":"Incendies","overview":"A mother's last wishes send twins Jeanne and Simon on a journey to Middle East in search of their tangled roots. Adapted from Wajdi Mouawad's acclaimed play, Incendies tells the powerful and moving tale of two young adults' voyage to the core of deep-rooted hatred, never-ending wars and enduring love.","release_date":"2010-09-17","poster_path":"/sEUG3qjxwHjxkzuO7plrRHhOZUH.jpg","popularity":3.880491,"title":"Incendies","video":false,"vote_average":8.0,"vote_count":101},{"adult":false,"backdrop_path":"/p4lpdTn3nW8nZBzyAU5kbb7PPBr.jpg","genre_ids":[16,35,10751,14],"id":83564,"original_language":"en","original_title":"La luna","overview":"A young boy comes of age in the most peculiar of circumstances. Tonight is the very first time his Papa and Grandpa are taking him to work. In an old wooden boat they row far out to sea, and with no land in sight, they stop and wait. A big surprise awaits the boy as he discovers his family's most unusual line of work. Should he follow the example of his Papa, or his Grandpa? Will he be able to find his own way in the midst of their conflicting opinions and timeworn traditions?","release_date":"2011-06-22","poster_path":"/py4pMp6QlKUjjzCk8icZ2GrYw3Z.jpg","popularity":1.760362,"title":"La luna","video":false,"vote_average":8.0,"vote_count":80},{"adult":false,"backdrop_path":"/qQzxMLMJMmkEAB6cYTEa9n2Emvz.jpg","genre_ids":[16,18,14,10751],"id":110420,"original_language":"ja","original_title":"Ookami kodomo no Ame to Yuki","overview":"Hana, a nineteen-year-old college student, falls in love with a man only for him to reveal his secret; he is a Wolf Man. Eventually the couple bear two children together; a son and daughter they name Ame and Yuki who both inherit the ability to transform into wolves from their father. When the man Hana fell in love with suddenly dies, she makes the decision to move to a rural town isolated from society to continue raising the children in protection.","release_date":"2012-08-29","poster_path":"/rDMxjCYEVnvLC4nsBpB6wjL0LDy.jpg","popularity":1.34715,"title":"Wolf Children","video":false,"vote_average":8.0,"vote_count":92},{"adult":false,"backdrop_path":"/6Vb5tERWpWYlIeISYH1MDcmt499.jpg","genre_ids":[18],"id":265177,"original_language":"en","original_title":"Mommy","overview":"A widowed single mother, raising her violent son alone, finds new hope when a mysterious neighbor inserts herself into their household.","release_date":"2014-09-19","poster_path":"/qAaRYr9Pnr0TaMa19497U3l7w69.jpg","popularity":2.037056,"title":"Mommy","video":false,"vote_average":8.0,"vote_count":152},{"adult":false,"backdrop_path":"/dYtAyg4vD88hIfrR1VKDnVGhnE6.jpg","genre_ids":[80,18,35],"id":106646,"original_language":"en","original_title":"The Wolf of Wall Street","overview":"A New York stockbroker refuses to cooperate in a large securities fraud case involving corruption on Wall Street, corporate banking world and mob infiltration. Based on Jordan Belfort's autobiography.","release_date":"2013-12-25","poster_path":"/wAgdJRx4uZ0u4uzu34NOMvtjLAR.jpg","popularity":7.111038,"title":"The Wolf of Wall Street","video":false,"vote_average":7.9,"vote_count":2200},{"adult":false,"backdrop_path":"/cHTJxPcq3hlshzOgHDRMCF8Wb9K.jpg","genre_ids":[14,28,12,16,35,10751],"id":82702,"original_language":"en","original_title":"How to Train Your Dragon 2","overview":"The thrilling second chapter of the epic How To Train Your Dragon trilogy brings back the fantastical world of Hiccup and Toothless five years later. While Astrid, Snotlout and the rest of the gang are challenging each other to dragon races (the island's new favorite contact sport), the now inseparable pair journey through the skies, charting unmapped territories and exploring new worlds. When one of their adventures leads to the discovery of a secret ice cave that is home to hundreds of new wild dragons and the mysterious Dragon Rider, the two friends find themselves at the center of a battle to protect the peace.","release_date":"2014-06-13","poster_path":"/lRjOR4uclMQijUav4OjeZprlehu.jpg","popularity":8.208419,"title":"How to Train Your Dragon 2","video":false,"vote_average":7.9,"vote_count":1254},{"adult":false,"backdrop_path":"/nY5Mc9ATFsobWVAJfnviGYaIlVG.jpg","genre_ids":[35,18],"id":10098,"original_language":"en","original_title":"The Kid","overview":"Considered one of Charlie Chaplin's best films, The Kid also made a star of little Jackie Coogan, who plays a boy cared for by The Tramp when he's abandoned by his mother, Edna. Later, Edna has a change of heart and aches to be reunited with her son. When she finds him and wrests him from The Tramp, it makes for what turns out be one of the most heart-wrenching scenes ever included in a comedy.","release_date":"1921-01-21","poster_path":"/fhr4sGNA69XaoaqymNaUFHolIPI.jpg","popularity":1.915855,"title":"The Kid","video":false,"vote_average":7.9,"vote_count":93},{"adult":false,"backdrop_path":"/x5X14fl677xQ8r2R6mwApDKUWkr.jpg","genre_ids":[35,18],"id":120467,"original_language":"en","original_title":"The Grand Budapest Hotel","overview":"The Grand Budapest Hotel tells of a legendary concierge at a famous European hotel between the wars and his friendship with a young employee who becomes his trusted protégé. The story involves the theft and recovery of a priceless Renaissance painting, the battle for an enormous family fortune and the slow and then sudden upheavals that transformed Europe during the first half of the 20th century.","release_date":"2014-03-07","poster_path":"/nX5XotM9yprCKarRH4fzOq1VM1J.jpg","popularity":5.538759,"title":"The Grand Budapest Hotel","video":false,"vote_average":7.9,"vote_count":1408},{"adult":false,"backdrop_path":"/ddlMODFJUjvhzrymuW7O7KPuhVL.jpg","genre_ids":[18],"id":169813,"original_language":"en","original_title":"Short Term 12","overview":"A 20-something supervising staff member of a residential treatment facility navigates the troubled waters of that world alongside her co-worker and longtime boyfriend.","release_date":"2013-08-23","poster_path":"/wYkiNNMM1O5c2yEcj8Lf9UbaB1a.jpg","popularity":1.931315,"title":"Short Term 12","video":false,"vote_average":7.9,"vote_count":150},{"adult":false,"backdrop_path":"/xnRPoFI7wzOYviw3PmoG94X2Lnc.jpg","genre_ids":[18,36],"id":76203,"original_language":"en","original_title":"12 Years a Slave","overview":"In the pre-Civil War United States, Solomon Northup, a free black man from upstate New York, is abducted and sold into slavery. Facing cruelty as well as unexpected kindnesses Solomon struggles not only to stay alive, but to retain his dignity. In the twelfth year of his unforgettable odyssey, Solomon’s chance meeting with a Canadian abolitionist will forever alter his life.","release_date":"2013-10-30","poster_path":"/kb3X943WMIJYVg4SOAyK0pmWL5D.jpg","popularity":4.904066,"title":"12 Years a Slave","video":false,"vote_average":7.9,"vote_count":1081}],"total_pages":180,"total_results":3596}
