{
  "adult": false,
  "backdrop_path": "/iQfaHj1K3oyuoz6h4NHuRn5aU2E.jpg",
  "belongs_to_collection": null,
  "budget": 0,
  "genres": [
    {
      "id": 10749,
      "name": "Romance"
    },
    {
      "id": 35,
      "name": "Comedy"
    }
  ],
  "homepage": "",
  "id": 271718,
  "imdb_id": "tt3152624",
  "original_language": "en",
  "original_title": "Trainwreck",
  "overview": "Having thought that monogamy was never possible, a commitment-phobic career woman may have to face her fears when she meets a good guy.",
  "popularity": 10.928269,
  "poster_path": "/2USk7mhiCXRkU9NzttXCzOjg2iV.jpg",
  "production_companies": [
    {
      "name": "Universal Pictures",
      "id": 33
    },
    {
      "name": "Apatow Productions",
      "id": 10105
    }
  ],
  "production_countries": [
    {
      "iso_3166_1": "US",
      "name": "United States of America"
    }
  ],
  "release_date": "2015-07-17",
  "revenue": 0,
  "runtime": 125,
  "spoken_languages": [
    {
      "iso_639_1": "es",
      "name": "Español"
    },
    {
      "iso_639_1": "en",
      "name": "English"
    }
  ],
  "status": "Released",
  "tagline": "We All Know One.",
  "title": "Trainwreck",
  "video": false,
  "vote_average": 6.6,
  "vote_count": 110
}
