{
  "adult": false,
  "backdrop_path": "/nvZVu6inpwLHKqRXZhye3S4uqei.jpg",
  "belongs_to_collection": null,
  "budget": 110000000,
  "genres": [
    {
      "id": 28,
      "name": "Action"
    },
    {
      "id": 35,
      "name": "Comedy"
    },
    {
      "id": 878,
      "name": "Science Fiction"
    }
  ],
  "homepage": "http://www.pixels-movie.com/site/",
  "id": 257344,
  "imdb_id": "tt2120120",
  "original_language": "en",
  "original_title": "Pixels",
  "overview": "Video game experts are recruited by the military to fight 1980s-era video game characters who've attacked New York.",
  "popularity": 12.232138,
  "poster_path": "/ktyVmIqfoaJ8w0gDSZyjhhOPpD6.jpg",
  "production_companies": [
    {
      "name": "Columbia Pictures",
      "id": 5
    },
    {
      "name": "Happy Madison Productions",
      "id": 2608
    }
  ],
  "production_countries": [
    {
      "iso_3166_1": "US",
      "name": "United States of America"
    }
  ],
  "release_date": "2015-07-24",
  "revenue": 0,
  "runtime": 105,
  "spoken_languages": [
    {
      "iso_639_1": "en",
      "name": "English"
    }
  ],
  "status": "Post Production",
  "tagline": "Game On.",
  "title": "Pixels",
  "video": false,
  "vote_average": 6.5,
  "vote_count": 207
}
