{
  "adult": false,
  "backdrop_path": "/bjbSfHGvMhUf1585opiZ9M6VyU9.jpg",
  "belongs_to_collection": null,
  "budget": 0,
  "genres": [
    {
      "id": 99,
      "name": "Documentary"
    },
    {
      "id": 36,
      "name": "History"
    }
  ],
  "homepage": "",
  "id": 319067,
  "imdb_id": "tt3518012",
  "original_language": "en",
  "original_title": "Best of Enemies",
  "overview": "A documentary about the legendary series of nationally televised debates in 1968 between two great public intellectuals, the liberal Gore Vidal and the conservative William F. Buckley Jr. Intended as commentary on the issues of their day, these vitriolic and explosive encounters came to define the modern era of public discourse in the media, marking the big bang moment of our contemporary media landscape when spectacle trumped content and argument replaced substance. Best of Enemies delves into the entangled biographies of these two great thinkers and luxuriates in the language and the theater of their debates, begging the question, 'What has television done to the way we discuss politics in our democracy today?'",
  "popularity": 0.741422,
  "poster_path": "/h9cS5bXxQPRtTLmZAmCqeAuLhQO.jpg",
  "production_companies": [],
  "production_countries": [],
  "release_date": "2015-07-31",
  "revenue": 0,
  "runtime": 0,
  "spoken_languages": [],
  "status": "Released",
  "tagline": "",
  "title": "Best of Enemies",
  "video": false,
  "vote_average": 3.1,
  "vote_count": 4
}
