{
  "adult": false,
  "backdrop_path": "/uHeMMJIZRVjeS2WIFcxBCdCTdmk.jpg",
  "belongs_to_collection": {
    "id": 87359,
    "name": "Mission: Impossible Collection",
    "poster_path": "/gwyJPIhCK4Xz2WogeBnhCSQfUek.jpg",
    "backdrop_path": "/49L0c5utmm0A4BkeDafM9BOhyBT.jpg"
  },
  "budget": 0,
  "genres": [
    {
      "id": 28,
      "name": "Action"
    },
    {
      "id": 12,
      "name": "Adventure"
    },
    {
      "id": 53,
      "name": "Thriller"
    }
  ],
  "homepage": "http://www.missionimpossible.com",
  "id": 177677,
  "imdb_id": "tt2381249",
  "original_language": "en",
  "original_title": "Mission: Impossible – Rogue Nation",
  "overview": "Ethan and team take on their most impossible mission yet, eradicating the Syndicate - an International rogue organization as highly skilled as they are, committed to destroying the IMF.",
  "popularity": 30.271299,
  "poster_path": "/yUlpRbbrac0GTNHZ1l20IHEcWAN.jpg",
  "production_companies": [
    {
      "name": "Paramount Pictures",
      "id": 4
    },
    {
      "name": "Skydance Productions",
      "id": 6277
    },
    {
      "name": "Bad Robot",
      "id": 11461
    },
    {
      "name": "TC Productions",
      "id": 21777
    }
  ],
  "production_countries": [
    {
      "iso_3166_1": "US",
      "name": "United States of America"
    }
  ],
  "release_date": "2015-07-31",
  "revenue": 0,
  "runtime": 131,
  "spoken_languages": [
    {
      "iso_639_1": "en",
      "name": "English"
    }
  ],
  "status": "Released",
  "tagline": "Go rogue",
  "title": "Mission: Impossible – Rogue Nation",
  "video": false,
  "vote_average": 7.2,
  "vote_count": 392
}
