{
  "adult": false,
  "backdrop_path": "/dKrTgdALHI91LWmwiGlx4EFAVqV.jpg",
  "belongs_to_collection": null,
  "budget": 0,
  "genres": [
    {
      "id": 18,
      "name": "Drama"
    },
    {
      "id": 10402,
      "name": "Music"
    }
  ],
  "homepage": "",
  "id": 277216,
  "imdb_id": "tt1398426",
  "original_language": "en",
  "original_title": "Straight Outta Compton",
  "overview": "The group NWA emerges from the streets of Compton, California in the mid-1980s and revolutionizes pop culture with their music and tales about life in the hood.",
  "popularity": 4.198005,
  "poster_path": "/tKjqF9KxoP8YNTlz5kWT0hdEami.jpg",
  "production_companies": [
    {
      "name": "Universal Pictures",
      "id": 33
    },
    {
      "name": "Cube Vision",
      "id": 2780
    },
    {
      "name": "Circle of Confusion",
      "id": 23921
    }
  ],
  "production_countries": [
    {
      "iso_3166_1": "US",
      "name": "United States of America"
    }
  ],
  "release_date": "2015-08-14",
  "revenue": 0,
  "runtime": 147,
  "spoken_languages": [
    {
      "iso_639_1": "en",
      "name": "English"
    }
  ],
  "status": "In Production",
  "tagline": "The Story of N.W.A.",
  "title": "Straight Outta Compton",
  "video": false,
  "vote_average": 7.4,
  "vote_count": 19
}
