{
  "adult": false,
  "backdrop_path": "/jdGHRopcOEPDRQVfvuIv4BkxUgw.jpg",
  "belongs_to_collection": null,
  "budget": 0,
  "genres": [
    {
      "id": 16,
      "name": "Animation"
    },
    {
      "id": 12,
      "name": "Adventure"
    },
    {
      "id": 35,
      "name": "Comedy"
    },
    {
      "id": 10751,
      "name": "Family"
    }
  ],
  "homepage": "http://www.shaunthesheep.com/",
  "id": 263109,
  "imdb_id": "tt2872750",
  "original_language": "en",
  "original_title": "Shaun the Sheep Movie",
  "overview": "When Shaun decides to take the day off and have some fun, he gets a little more action than he bargained for. A mix up with the Farmer, a caravan and a very steep hill lead them all to the Big City and it's up to Shaun and the flock to return everyone safely to the green grass of home.",
  "popularity": 5.636256,
  "poster_path": "/aOHsNN1p2nuiF9WaMaCNXy0T80J.jpg",
  "production_companies": [
    {
      "name": "Aardman Animations",
      "id": 297
    },
    {
      "name": "Studio Canal",
      "id": 5870
    },
    {
      "name": "Anton Capital Entertainment (ACE)",
      "id": 20664
    }
  ],
  "production_countries": [
    {
      "iso_3166_1": "FR",
      "name": "France"
    },
    {
      "iso_3166_1": "GB",
      "name": "United Kingdom"
    }
  ],
  "release_date": "2015-08-05",
  "revenue": 59700000,
  "runtime": 85,
  "spoken_languages": [
    {
      "iso_639_1": "en",
      "name": "English"
    }
  ],
  "status": "Released",
  "tagline": "Moving on to Pastures New.",
  "title": "Shaun the Sheep Movie",
  "video": false,
  "vote_average": 6.9,
  "vote_count": 106
}
