{
  "adult": false,
  "backdrop_path": "/lyVlbE8iRIdGBUwhq79EziqHSBW.jpg",
  "belongs_to_collection": {
    "id": 285185,
    "name": "The Fantastic Four Collection",
    "poster_path": null,
    "backdrop_path": null
  },
  "budget": 0,
  "genres": [
    {
      "id": 28,
      "name": "Action"
    },
    {
      "id": 12,
      "name": "Adventure"
    },
    {
      "id": 878,
      "name": "Science Fiction"
    }
  ],
  "homepage": "http://www.fantasticfourmovie.com/",
  "id": 166424,
  "imdb_id": "tt1502712",
  "original_language": "en",
  "original_title": "Fantastic Four",
  "overview": "Four young scientists teleport to an alternate and dangerous universe, which alters their physical form in shocking ways. They must now use these abilities to save the world from a former friend turned enemy.",
  "popularity": 21.848413,
  "poster_path": "/g23cs30dCMiG4ldaoVNP1ucjs6.jpg",
  "production_companies": [
    {
      "name": "20th Century Fox",
      "id": 25
    },
    {
      "name": "Marvel Entertainment",
      "id": 7505
    },
    {
      "name": "TSG Entertainment",
      "id": 22213
    }
  ],
  "production_countries": [
    {
      "iso_3166_1": "US",
      "name": "United States of America"
    }
  ],
  "release_date": "2015-08-07",
  "revenue": 0,
  "runtime": 106,
  "spoken_languages": [
    {
      "iso_639_1": "en",
      "name": "English"
    }
  ],
  "status": "Released",
  "tagline": "Change is coming",
  "title": "Fantastic Four",
  "video": false,
  "vote_average": 5,
  "vote_count": 204
}
