{
  "adult": false,
  "backdrop_path": "/A0bFdUMtd4mcXMRou7alzk6HQVZ.jpg",
  "belongs_to_collection": null,
  "budget": 75000000,
  "genres": [
    {
      "id": 35,
      "name": "Comedy"
    },
    {
      "id": 28,
      "name": "Action"
    },
    {
      "id": 12,
      "name": "Adventure"
    }
  ],
  "homepage": "",
  "id": 203801,
  "imdb_id": "tt1638355",
  "original_language": "en",
  "original_title": "The Man from U.N.C.L.E.",
  "overview": "In the early 1960s, CIA agent Napoleon Solo and KGB operative Illya Kuryakin participate in a joint mission against a mysterious criminal organization, which is working to proliferate nuclear weapons.",
  "popularity": 5.82615,
  "poster_path": "/5ttOaThDVmTpV8iragbrhdfxEep.jpg",
  "production_companies": [
    {
      "name": "Davis Entertainment",
      "id": 1302
    },
    {
      "name": "Warner Bros.",
      "id": 6194
    }
  ],
  "production_countries": [
    {
      "iso_3166_1": "US",
      "name": "United States of America"
    }
  ],
  "release_date": "2015-08-14",
  "revenue": 0,
  "runtime": 116,
  "spoken_languages": [
    {
      "iso_639_1": "en",
      "name": "English"
    }
  ],
  "status": "Post Production",
  "tagline": "A Higher Class of Hero.",
  "title": "The Man from U.N.C.L.E.",
  "video": false,
  "vote_average": 3.5,
  "vote_count": 25
}
