{
  "adult": false,
  "backdrop_path": "/xZDvZNO2jTF4UImFsem8D2oCW1x.jpg",
  "belongs_to_collection": null,
  "budget": 0,
  "genres": [
    {
      "id": 9648,
      "name": "Mystery"
    },
    {
      "id": 80,
      "name": "Crime"
    },
    {
      "id": 18,
      "name": "Drama"
    }
  ],
  "homepage": "",
  "id": 280996,
  "imdb_id": "tt3168230",
  "original_language": "en",
  "original_title": "Mr. Holmes",
  "overview": "The story is set in 1947, following a long-retired Holmes living in a Sussex village with his housekeeper and rising detective son. But then he finds himself haunted by an unsolved 50-year old case. Holmes' memory isn't what it used to be, so he only remembers fragments of the case: a confrontation with an angry husband, a secret bond with his beautiful but unstable wife.",
  "popularity": 3.910969,
  "poster_path": "/38lzx3LcDn1FgcmpHdncXnrN705.jpg",
  "production_companies": [
    {
      "name": "See-Saw Films",
      "id": 7217
    },
    {
      "name": "Archer Gray",
      "id": 41640
    },
    {
      "name": "AI-Film",
      "id": 51860
    }
  ],
  "production_countries": [
    {
      "iso_3166_1": "GB",
      "name": "United Kingdom"
    },
    {
      "iso_3166_1": "US",
      "name": "United States of America"
    }
  ],
  "release_date": "2015-07-17",
  "revenue": 0,
  "runtime": 103,
  "spoken_languages": [
    {
      "iso_639_1": "en",
      "name": "English"
    }
  ],
  "status": "Released",
  "tagline": "The man behind the myth",
  "title": "Mr. Holmes",
  "video": false,
  "vote_average": 5.8,
  "vote_count": 33
}
