{
  "adult": false,
  "backdrop_path": "/xmW9o64VbcTmEAoSwWLHpaK06nn.jpg",
  "belongs_to_collection": null,
  "budget": 0,
  "genres": [
    {
      "id": 18,
      "name": "Drama"
    }
  ],
  "homepage": "",
  "id": 282984,
  "imdb_id": "tt3715320",
  "original_language": "en",
  "original_title": "Irrational Man",
  "overview": "On a small town college campus, a philosophy professor in existential crisis gives his life new purpose when he enters into a relationship with his student.",
  "popularity": 1.173905,
  "poster_path": "/6VRieAPcco4TSbQi7vLVwq17mSc.jpg",
  "production_companies": [],
  "production_countries": [],
  "release_date": "2015-07-17",
  "revenue": 0,
  "runtime": 96,
  "spoken_languages": [
    {
      "iso_639_1": "en",
      "name": "English"
    }
  ],
  "status": "Post Production",
  "tagline": "",
  "title": "Irrational Man",
  "video": false,
  "vote_average": 4.2,
  "vote_count": 13
}
