{"adult":true,"backdrop_path":null,"belongs_to_collection":null,"budget":0,"genres":[],"homepage":"","id":100510,"imdb_id":"","original_language":"en","original_title":"A View to a Gape","overview":"All Anal Extravaganza! Horse-hung Italian porn performer/director Omar Galanti isn't ashamed to let his freaky side roam free. The freaky pervert fetishizes the stretched, gaping assholes of gorgeous women, and he celebrates his nasty vision in 'A View to a Gape 5,' which features four beautiful teenagers with amazing sphincter-dilating talent. This is nearly three hours of elastic, wide-open buttholes for your enjoyment!","popularity":0.0,"poster_path":"/Mke2GrlGttbVeqsgxyjdiEyinc.jpg","production_companies":[],"production_countries":[],"release_date":"","revenue":0,"runtime":0,"spoken_languages":[],"status":"Released","tagline":"","title":"A View to a Gape","video":false,"vote_average":0.0,"vote_count":0}
