{"adult":false,"backdrop_path":"/8sliJLd2PujPg8uaZsmR0mxAY4T.jpg","belongs_to_collection":null,"budget":0,"genres":[{"id":10749,"name":"Romance"},{"id":18,"name":"Drama"}],"homepage":"","id":100025,"imdb_id":"tt1332052","original_language":"en","original_title":"Arizona Sky","overview":"Jake and Kyle are two boys who grew up together in rural Arizona. They are best friends, and they begin to take their relationship to the next level when Jake's father moves him and his family away to California. Jake and Kyle can never forget their strong emotional bond, and Jake, overworked and unattached, goes back to his hometown for the first time in 15 years to see Kyle and renew their special friendship.","popularity":0.001172,"poster_path":"/msmtmQrjwg7qY3BZLzzeKajb7Lj.jpg","production_companies":[{"name":"Jeff London Productions","id":9278},{"name":"Guardian Pictures","id":9279}],"production_countries":[],"release_date":"2008-11-25","revenue":0,"runtime":92,"spoken_languages":[{"iso_639_1":"en","name":"English"}],"status":"Released","tagline":"As boys they grew apart. As men they discover what matters.","title":"Arizona Sky","video":false,"vote_average":6.0,"vote_count":1}
