{"adult":false,"backdrop_path":null,"belongs_to_collection":null,"budget":0,"genres":[],"homepage":"","id":100055,"imdb_id":"tt0052797","original_language":"en","original_title":"Farmacia de guardia","overview":"A Pharmacy on night duty is the location for all kinds of episodes that one might imagine to happen in any night in Spain in the fifties.","popularity":0.000144,"poster_path":"/vVwkxRIBg92sqcy9juYqLtZRaL5.jpg","production_companies":[],"production_countries":[],"release_date":"1958-01-01","revenue":0,"runtime":90,"spoken_languages":[{"iso_639_1":"es","name":"Español"}],"status":"Released","tagline":"","title":"Farmacia de guardia","video":false,"vote_average":0.0,"vote_count":0}
