{"adult":false,"backdrop_path":null,"belongs_to_collection":null,"budget":0,"genres":[{"id":18,"name":"Drama"},{"id":10752,"name":"War"}],"homepage":"","id":100523,"imdb_id":"tt0035434","original_language":"en","original_title":"This Was Paris","overview":"British agents operate in Paris during the Second World War.","popularity":0.00015,"poster_path":"/eXgi3oXFTjwi2I6ZIJLRc9NN3RR.jpg","production_companies":[{"name":"Warner Bros. First National","id":5301}],"production_countries":[{"iso_3166_1":"GB","name":"United Kingdom"}],"release_date":"1942-03-21","revenue":0,"runtime":77,"spoken_languages":[],"status":"Released","tagline":"","title":"This Was Paris","video":false,"vote_average":5.5,"vote_count":1}
