{"adult":false,"backdrop_path":null,"belongs_to_collection":null,"budget":0,"genres":[],"homepage":"","id":100244,"imdb_id":"tt0040627","original_language":"en","original_title":"My Dog Rusty","overview":"No Overview","popularity":0.00015,"poster_path":"/A4IhuWcM7k33SCuF6x0i6wYs3bK.jpg","production_companies":[],"production_countries":[],"release_date":"1948-04-08","revenue":0,"runtime":0,"spoken_languages":[],"status":"Released","tagline":"","title":"My Dog Rusty","video":false,"vote_average":0.0,"vote_count":0}
