{"adult":false,"backdrop_path":null,"belongs_to_collection":null,"budget":0,"genres":[{"id":18,"name":"Drama"}],"homepage":"","id":100291,"imdb_id":"tt1505116","original_language":"en","original_title":"Faces","overview":"In March 2007 French photographer, street artist JR and his friend Marco embarked on the biggest illegal photo exhibition ever. Enormous portraits were pasted on both sides of the Wall of Separation, as well as in eight Palestinian and Israeli cities. The portraits were shot by JR and depicted laughing Israeli and Palestinians who hold the same job on different sides of the Wall of Separation. By pasting them side to side, 'Face 2 Face', on the notorious Wall of Separation, JR urged both Israelis and Palestinians to fight the stereotypes of 'the other' through the faces.","popularity":0.000715,"poster_path":"/w0ddLNpSERFYMM9pUyKMZLfdmYG.jpg","production_companies":[],"production_countries":[],"release_date":"2008-02-01","revenue":0,"runtime":0,"spoken_languages":[],"status":"","tagline":"","title":"Faces","video":false,"vote_average":0.0,"vote_count":0}
