{"adult":false,"backdrop_path":"/eEim5aT034MXdLvjvXLUgAXomSK.jpg","belongs_to_collection":null,"budget":0,"genres":[{"id":27,"name":"Horror"}],"homepage":"","id":100661,"imdb_id":"tt0053344","original_language":"en","original_title":"Terror Is a Man","overview":"A mad scientist transforms a panther into a man-like creature that escapes and goes on a murderous rampage.","popularity":0.000159,"poster_path":"/wZV8EDijbGZ3nJ0ADvpbWyLIAlD.jpg","production_companies":[{"name":"Lynn-Romero Productions","id":9345},{"name":"Premiere Productions","id":9346}],"production_countries":[{"iso_3166_1":"US","name":"United States of America"},{"iso_3166_1":"PH","name":"Philippines"}],"release_date":"1959-11-01","revenue":0,"runtime":89,"spoken_languages":[{"iso_639_1":"en","name":"English"}],"status":"Released","tagline":"For People With NERVES Of Iron Only!","title":"Terror Is a Man","video":false,"vote_average":0.0,"vote_count":0}
