{"adult":false,"backdrop_path":"/ycuL6xajGVuGQZIVtbQL2JHPjkA.jpg","belongs_to_collection":null,"budget":0,"genres":[],"homepage":"","id":100386,"imdb_id":"tt0029796","original_language":"en","original_title":"The Woods Are Full of Cuckoos","overview":"A program for radio KUKU set in the woods, mostly starring birds as caricatures of celebrities of the day. The MC is bandleader Ben Birdie, heckled by Walter Finchell. Wendell Howell prepares to lead a singalong; he gives several different page numbers in the songbook, then says, \"Never mind, we won't use the books.\" The audience, responding \"Oh yes we will\" pelts him. Billy Goat and Ernie Bear introduce and sing the title song. Everyone sings along, except a fox, who informed he's singing the wrong song, responds, \"Why don't somebody tell me these things?\" We pan across a series of celebrity guests, like W.C. Field-mouse, Dick Fowl, Deanna Terrapin, Bing Crowsby, and the high-note competing duo of Grace Moose and Lily Swans. Tizzie Fish has a cooking segment. Finally, Louella Possums introduces a company performing a scene from The Prodigal's Return.","popularity":0.000143,"poster_path":"/sSE7Z8b7QEa6TyLmb1xB3KmsCkI.jpg","production_companies":[{"name":"Leon Schlesinger Studios","id":8298}],"production_countries":[{"iso_3166_1":"US","name":"United States of America"}],"release_date":"1937-12-03","revenue":0,"runtime":7,"spoken_languages":[{"iso_639_1":"en","name":"English"}],"status":"Released","tagline":"","title":"The Woods Are Full of Cuckoos","video":false,"vote_average":5.5,"vote_count":2}
