{"adult":false,"backdrop_path":null,"belongs_to_collection":null,"budget":0,"genres":[{"id":18,"name":"Drama"}],"homepage":"","id":100406,"imdb_id":"tt0055617","original_language":"en","original_title":"When the Clock Strikes","overview":"A condemned criminal's acquaintances gather at a remote lodge on the eve of his execution to search for hidden money.","popularity":0.00015,"poster_path":"/viN5WxIlVNSxKi6qZQJOhQfTVGi.jpg","production_companies":[],"production_countries":[{"iso_3166_1":"US","name":"United States of America"}],"release_date":"1961-06-10","revenue":0,"runtime":72,"spoken_languages":[{"iso_639_1":"en","name":"English"}],"status":"Released","tagline":"When the clock strikes the alarm screams \"murder!\"","title":"When the Clock Strikes","video":false,"vote_average":0.0,"vote_count":0}
