{"adult":false,"backdrop_path":null,"belongs_to_collection":null,"budget":0,"genres":[{"id":35,"name":"Comedy"}],"homepage":"","id":100208,"imdb_id":"tt1008936","original_language":"de","original_title":"Muttis Liebling","overview":"Wolferl, a 38-year-old bank employee, still lives together with his overprotecting mother Maria. While his father Josef, who secretly plans to end his hypocritical marriage, and his sister Nannerl think Wolferl should become independent, mummy's boy seems to enjoy this lifestyle. When he gets to know beautician Eva and falls in love with her, his jealous mother tries everything, including a faked suicide attempt, to keep her son...","popularity":0.001044,"poster_path":null,"production_companies":[{"name":"Teamfilm Wien","id":2059},{"name":"Bayrischer Rundfunk","id":2473},{"name":"Österreichischer Rundfunk (ORF)","id":3391}],"production_countries":[{"iso_3166_1":"AT","name":"Austria"}],"release_date":"2007-07-25","revenue":0,"runtime":0,"spoken_languages":[{"iso_639_1":"de","name":"Deutsch"}],"status":"Released","tagline":"","title":"Muttis Liebling","video":false,"vote_average":0.0,"vote_count":0}
