{"adult":false,"backdrop_path":null,"belongs_to_collection":null,"budget":0,"genres":[],"homepage":"","id":100602,"imdb_id":"tt0154347","original_language":"en","original_title":"Coming!! Snafu","overview":"Introducing Private Snafu, the nation's worst soldier and his various versions in different branches of the armed forces.","popularity":0.000143,"poster_path":"/bt3jVBZYIr5MTShNv2CSl8voli8.jpg","production_companies":[{"name":"Warner Bros. Pictures","id":174}],"production_countries":[{"iso_3166_1":"US","name":"United States of America"}],"release_date":"1943-06-01","revenue":0,"runtime":3,"spoken_languages":[],"status":"Released","tagline":"","title":"Coming!! Snafu","video":false,"vote_average":0.0,"vote_count":0}
