{"adult":false,"backdrop_path":"/5IztvmUHgMKDBVWOAO7yeD381fL.jpg","belongs_to_collection":null,"budget":0,"genres":[],"homepage":"","id":100336,"imdb_id":"tt1654054","original_language":"es","original_title":"Mil cretins","overview":"Fifteen stories, contemporary and some historical, where humorous, sarcasm and courage passed bills to pain, old age, death and love, but above all with human stupidity, without concessions, watching her face the difficult life balance and human misery.","popularity":0.001604,"poster_path":"/oIg5tep2doNE6ksLrLsiebjqm5H.jpg","production_companies":[{"name":"Televisió de Catalunya (TV3)","id":8530},{"name":"Els Films de la Rambla","id":9295}],"production_countries":[{"iso_3166_1":"ES","name":"Spain"}],"release_date":"2011-01-28","revenue":0,"runtime":93,"spoken_languages":[{"iso_639_1":"es","name":"Español"},{"iso_639_1":"ca","name":"Català"}],"status":"Released","tagline":"","title":"A Thousand Fools","video":false,"vote_average":0.0,"vote_count":0}
