{"adult":false,"backdrop_path":null,"belongs_to_collection":null,"budget":0,"genres":[{"id":18,"name":"Drama"}],"homepage":"","id":100104,"imdb_id":"tt0049705","original_language":"en","original_title":"Saeta rubia","overview":"Some urchins simulate an accident and steal a wallet. To their surprise, it turns out to be that of the famous footballer Alfredo Di Stefano, popularly known as \"La Saeta Rubia\". Driven by the admiration for their idol, the urchins decide to return it. At this time,  Di Stefano and his wife establish a great friendship with the guys and project together the creation of the football team \"Saeta\".","popularity":0.000144,"poster_path":"/4EAw3pngCiB6z3FO69y54NugYuf.jpg","production_companies":[],"production_countries":[{"iso_3166_1":"ES","name":"Spain"}],"release_date":"1956-01-01","revenue":0,"runtime":90,"spoken_languages":[{"iso_639_1":"es","name":"Español"}],"status":"Released","tagline":"","title":"Saeta rubia","video":false,"vote_average":0.0,"vote_count":0}
