{"adult":false,"backdrop_path":null,"belongs_to_collection":null,"budget":0,"genres":[{"id":35,"name":"Comedy"},{"id":16,"name":"Animation"}],"homepage":"","id":100313,"imdb_id":"tt0026510","original_language":"en","original_title":"I Haven't Got a Hat","overview":"It's recital day at the schoolhouse. First up: Porky, who recites The Midnight Ride of Paul Revere. A nervous kitten recites Mary Had a Little Lamb. The puppies Ham and Ex sing the title song. Oliver Owl plays the piano; Beans the cat puts a cat and dog inside, and they play a tune as well.","popularity":0.00017,"poster_path":"/pP4rkc6WoL6ODpVY80w9cRtgPBj.jpg","production_companies":[],"production_countries":[],"release_date":"1935-03-09","revenue":0,"runtime":7,"spoken_languages":[],"status":"Released","tagline":"","title":"I Haven't Got a Hat","video":false,"vote_average":4.5,"vote_count":2}
