{"adult":false,"backdrop_path":null,"belongs_to_collection":null,"budget":0,"genres":[],"homepage":"","id":100456,"imdb_id":"","original_language":"en","original_title":"MTV Unplugged: Música de fondo","overview":"En marzo de 2011 la banda lanza al mercado el álbum MTV Unplugged: Música de fondo, recopilación de sus más exitosos temas en acústico, donde cuenta con la colaboración de Adrian Dargelos, Enrique Bunbury, Chetes y Denise Gutiérrez (lo Blondo) de Hello Seahorse!\r Esta compilación obtuvo disco de Platino por sus ventas. El primer sencillo fue \"Soñé\", el 18 de febrero de 2011 se estrenó el video de dicha canción en el canal de música MTV. La canción tuvo bastante éxito ya que se mantuvo en la radio nacional de México aproximadamente más de 6 semanas.  El segundo sencillo fue \"Labios Rotos\" el cual también se ocupó entre los primeros lugares de la radio mexicana.","popularity":0.0,"poster_path":null,"production_companies":[],"production_countries":[],"release_date":"","revenue":0,"runtime":0,"spoken_languages":[],"status":"Released","tagline":"","title":"MTV Unplugged: Música de fondo","video":false,"vote_average":0.0,"vote_count":0}
