{"adult":false,"backdrop_path":"/Ad0JG9GVSJbFB32I17EExdstSs4.jpg","belongs_to_collection":null,"budget":0,"genres":[{"id":16,"name":"Animation"}],"homepage":"","id":100740,"imdb_id":"tt0154539","original_language":"en","original_title":"The Gold Brick","overview":"A fairy encourages Snafu to duck out of his training regime for his own reasons.","popularity":0.000191,"poster_path":"/A2yx04HEwI8ne8r68X04AUP38z4.jpg","production_companies":[{"name":"Warner Bros. Pictures","id":174}],"production_countries":[{"iso_3166_1":"US","name":"United States of America"}],"release_date":"1943-09-01","revenue":0,"runtime":3,"spoken_languages":[],"status":"Released","tagline":"","title":"The Gold Brick","video":false,"vote_average":0.0,"vote_count":0}
