{"adult":false,"backdrop_path":"/3cYlVCNK3dS46OwoWfXZzJ7pi9c.jpg","belongs_to_collection":null,"budget":0,"genres":[],"homepage":null,"id":100566,"imdb_id":"tt0985587","original_language":"de","original_title":"Augenzeugin","overview":null,"popularity":0.001073,"poster_path":null,"production_companies":[],"production_countries":[{"iso_3166_1":"DE","name":"Germany"}],"release_date":"2008-02-25","revenue":0,"runtime":0,"spoken_languages":[{"iso_639_1":"de","name":"Deutsch"}],"status":"Released","tagline":null,"title":"Augenzeugin","video":false,"vote_average":0.0,"vote_count":0}
