{"adult":false,"backdrop_path":"/z1b9Se6f5nLj2yR4H6XZ1x8mTS9.jpg","belongs_to_collection":null,"budget":0,"genres":[{"id":10402,"name":"Music"}],"homepage":"","id":100755,"imdb_id":"","original_language":"en","original_title":"Cradle Of Filth: Heavy Left-Handed & Candid","overview":"Heavy Left-Handed &amp; Candid is Cradle of Filth's second foray into visual entertainment's arena and with it comes a madness the likes of which may preferably never be seen again.  A lethal injection of both concert and studio documentation, this DVD is testament to the maxim \"Do what thou wilt shall be the whole of the Law,\" the veritable life code of one Aleister Crowley, who, in his time, was widely regarded as the most dangerous man in the world. Whether Cradle of Filth even come close to the prestigious title of \"the most dangerous band in the world\" remains as yet to be seen, but if there's one thing watching this marriage of Heaven, Hell, and the worst bits in between will assure you of, it's the Filth's ability to shock, shake, and deliver where it hurts the most... right on your grave.  Open up and say.... \"Aaarrrggh!\"","popularity":0.000429,"poster_path":"/juqmcsYZIXaOB67Ais9KFpI25lO.jpg","production_companies":[],"production_countries":[{"iso_3166_1":"GB","name":"United Kingdom"}],"release_date":"2002-04-30","revenue":0,"runtime":74,"spoken_languages":[{"iso_639_1":"en","name":"English"}],"status":"Released","tagline":"","title":"Cradle Of Filth: Heavy Left-Handed & Candid","video":false,"vote_average":0.0,"vote_count":0}
