{"adult":false,"backdrop_path":"/zasTwbrzfiJmvjeHmjU17ORpBDF.jpg","belongs_to_collection":null,"budget":0,"genres":[{"id":18,"name":"Drama"},{"id":28,"name":"Action"},{"id":10769,"name":"Foreign"}],"homepage":"","id":100728,"imdb_id":"tt1363362","original_language":"en","original_title":"A Step into the Darkness","overview":"The film tells the tragic story of an Iraqi-Turkish girl, Cennet, who loses her entire family during a US-led operation against insurgents in her village in US-occupied Iraq. She makes a distressing journey through the border between Turkey and Iraq to find her brother who had been sent to Turkey for treatment.","popularity":0.000866,"poster_path":"/1UWg63Xok74aofcriYUjb0zGKkx.jpg","production_companies":[],"production_countries":[],"release_date":"2009-09-17","revenue":0,"runtime":120,"spoken_languages":[{"iso_639_1":"tr","name":"Türkçe"}],"status":"","tagline":"","title":"A Step into the Darkness","video":false,"vote_average":0.0,"vote_count":0}
