{"adult":false,"backdrop_path":null,"belongs_to_collection":null,"budget":0,"genres":[],"homepage":null,"id":100554,"imdb_id":"tt1619599","original_language":"it","original_title":"Amore liquido","overview":null,"popularity":0.000717,"poster_path":"/8M0Fd2ifDxPPH0rOgNd2C4TGlBD.jpg","production_companies":[],"production_countries":[{"iso_3166_1":"IT","name":"Italy"}],"release_date":"2009-01-01","revenue":0,"runtime":0,"spoken_languages":[{"iso_639_1":"it","name":"Italiano"}],"status":"","tagline":null,"title":"Amore liquido","video":false,"vote_average":0.0,"vote_count":0}
