{"adult":false,"backdrop_path":"/kYUpp8ng0qiBzk87qoEv0hrAaCI.jpg","belongs_to_collection":null,"budget":0,"genres":[{"id":28,"name":"Action"},{"id":53,"name":"Thriller"}],"homepage":"","id":100063,"imdb_id":"tt0077241","original_language":"en","original_title":"Blackout","overview":"A black comedy of violent criminals who terrorize apartment dwellers during New York's 1977 power blackout.","popularity":2.5e-05,"poster_path":"/ddyDGQBLbG1LjK01dz9Nb1NQstf.jpg","production_companies":[],"production_countries":[{"iso_3166_1":"US","name":"United States of America"}],"release_date":"1978-08-25","revenue":0,"runtime":92,"spoken_languages":[{"iso_639_1":"en","name":"English"}],"status":"Released","tagline":"The night the power failed.... and the shock began!","title":"Blackout","video":false,"vote_average":5.0,"vote_count":1}
