{"adult":false,"backdrop_path":null,"belongs_to_collection":null,"budget":0,"genres":[{"id":35,"name":"Comedy"}],"homepage":"","id":100139,"imdb_id":"tt2262002","original_language":"en","original_title":"Young and Handsome: A Night with Jeff Garlin","overview":"Jeff Garlin, known by many for his role as Jeff Greene on Curb Your Enthusiasm, returns to his hometown and his comedy roots for his first hour-long special. He performs to a sold-out crowd at the historic Second City Theatre in Chicago. Garlin is a wonderful storyteller and enjoys the kind of comedy where if anyone looks stupid, it’s him. So sit back, lie down or stand up if you want for a night with Jeff Garlin.","popularity":0.001609,"poster_path":"/ejraWfdxXLp0Xh2F7dnhnRfcT2a.jpg","production_companies":[{"name":"Shout! Factory","id":9284}],"production_countries":[],"release_date":"2008-06-09","revenue":0,"runtime":48,"spoken_languages":[{"iso_639_1":"en","name":"English"}],"status":"Released","tagline":"","title":"Young and Handsome: A Night with Jeff Garlin","video":false,"vote_average":0.0,"vote_count":0}
