{"adult":false,"backdrop_path":null,"belongs_to_collection":null,"budget":0,"genres":[{"id":27,"name":"Horror"},{"id":53,"name":"Thriller"}],"homepage":"","id":100279,"imdb_id":"tt0071809","original_language":"en","original_title":"Manhunter","overview":"Pilot movie for the short-lived TV series set in the 1930's about a World War I ex-marine-turned-bounty-hunter, named Dave Barrett, who goes after two Bonnie-and-Clyde style bank robbers who murdered his former girlfriend.","popularity":0.0,"poster_path":"/vlNuuCisNldCb1gG0OkxHM6I12L.jpg","production_companies":[],"production_countries":[],"release_date":"1974-02-26","revenue":0,"runtime":74,"spoken_languages":[],"status":"Released","tagline":"","title":"Manhunter","video":false,"vote_average":0.0,"vote_count":0}
