{"adult":false,"backdrop_path":"/sG3Z6b9hM5No1QTutuf4BFFNeaq.jpg","belongs_to_collection":null,"budget":0,"genres":[],"homepage":"","id":100451,"imdb_id":"","original_language":"en","original_title":"Ricardo Arjona - Viña del Mar","overview":"Live at Viña del Mar in 2010.","popularity":0.0,"poster_path":"/3y46JdJ5JnFcOtZP1Tr3NQVQBQh.jpg","production_companies":[],"production_countries":[],"release_date":"","revenue":0,"runtime":0,"spoken_languages":[],"status":"Released","tagline":"","title":"Ricardo Arjona - Viña del Mar","video":false,"vote_average":0.0,"vote_count":0}
