{"adult":false,"backdrop_path":null,"belongs_to_collection":null,"budget":0,"genres":[{"id":35,"name":"Comedy"}],"homepage":"","id":100119,"imdb_id":"tt0092985","original_language":"en","original_title":"Esto sí se hace","overview":"Fabian and Casimiro are two respectable married men, who have their little adventures every now and then, like any good husband. The problem begins to Fabian when his wife Adela, accompanied by her friend Martirio, discover him with another woman. After this, and as revenge Adela decides to return the ball to Fabian, with his best friend. Aware of the plan, Fabian looks for someone to solve thesituation and finds Casimiro, which is suitable, precisely because he lacks \"it\".","popularity":0.000405,"poster_path":"/krtNYxMRaLuuwtBtWvGwNByXEH4.jpg","production_companies":[],"production_countries":[],"release_date":"1987-01-01","revenue":0,"runtime":76,"spoken_languages":[{"iso_639_1":"es","name":"Español"}],"status":"Released","tagline":"","title":"Esto sí se hace","video":false,"vote_average":0.0,"vote_count":0}
