{"adult":false,"backdrop_path":null,"belongs_to_collection":null,"budget":0,"genres":[],"homepage":null,"id":100707,"imdb_id":"tt0042043","original_language":"de","original_title":"Wiener Mädeln","overview":null,"popularity":0.000159,"poster_path":"/2VjaJSHgtHfFOysAxfkHQD7uN3j.jpg","production_companies":[],"production_countries":[],"release_date":"1949-08-18","revenue":0,"runtime":0,"spoken_languages":[{"iso_639_1":"de","name":"Deutsch"}],"status":"Released","tagline":null,"title":"Wiener Mädeln","video":false,"vote_average":6.0,"vote_count":1}
