{"adult":false,"backdrop_path":null,"belongs_to_collection":null,"budget":0,"genres":[{"id":99,"name":"Documentary"}],"homepage":"","id":100224,"imdb_id":"tt0074650","original_language":"en","original_title":"How Much Wood Would a Woodchuck Chuck","overview":"A documentary short examining the language and performance of auctioneering, filmed at the World Livestock Auctioneer Championship in Pennsylvania.","popularity":0.000119,"poster_path":"/ml1eAXCUvXCFInzL2oAtnjWDd6F.jpg","production_companies":[{"name":"Süddeutscher Rundfunk","id":210},{"name":"Werner Herzog Filmproduktion","id":843}],"production_countries":[{"iso_3166_1":"DE","name":"Germany"}],"release_date":"1976-10-30","revenue":0,"runtime":46,"spoken_languages":[{"iso_639_1":"de","name":"Deutsch"},{"iso_639_1":"nl","name":"Nederlands"},{"iso_639_1":"en","name":"English"}],"status":"Released","tagline":"","title":"How Much Wood Would a Woodchuck Chuck","video":false,"vote_average":6.0,"vote_count":1}
