{"adult":false,"backdrop_path":"/nOzGuMegNTbN0zBuofJPewKJH4Q.jpg","belongs_to_collection":null,"budget":0,"genres":[{"id":16,"name":"Animation"},{"id":10751,"name":"Family"},{"id":35,"name":"Comedy"}],"homepage":"","id":100342,"imdb_id":"tt0039747","original_language":"en","original_title":"Rabbit Transit","overview":"This time Bugs' race with Cecil Turtle features a rocket-powered tortoise shell.","popularity":0.000143,"poster_path":"/3hWTFDKZoOJRCQ5Lbm0r9sthLb5.jpg","production_companies":[{"name":"Warner Bros.","id":6194}],"production_countries":[{"iso_3166_1":"US","name":"United States of America"}],"release_date":"1947-05-10","revenue":0,"runtime":8,"spoken_languages":[{"iso_639_1":"en","name":"English"},{"iso_639_1":"fr","name":"Français"}],"status":"Released","tagline":"","title":"Rabbit Transit","video":false,"vote_average":0.0,"vote_count":0}
