{"adult":false,"backdrop_path":null,"belongs_to_collection":null,"budget":0,"genres":[{"id":16,"name":"Animation"}],"homepage":"","id":100836,"imdb_id":"tt0155126","original_language":"en","original_title":"Rumors","overview":"Snafu inadvertantly starts a panic on his base when he begins a mistaken rumour that the base is about to be bombed.","popularity":0.00018,"poster_path":"/4ERS7wsbfjnRyWvtDCfsTDkR7d0.jpg","production_companies":[{"name":"Warner Bros. Pictures","id":174}],"production_countries":[{"iso_3166_1":"US","name":"United States of America"}],"release_date":"1943-12-01","revenue":0,"runtime":4,"spoken_languages":[],"status":"Released","tagline":"","title":"Rumors","video":false,"vote_average":0.0,"vote_count":0}
