{"adult":false,"backdrop_path":"/uFflTNWCYZZyGX35bMwP9qhFVxS.jpg","belongs_to_collection":null,"budget":0,"genres":[{"id":10402,"name":"Music"}],"homepage":"http://pt.wikipedia.org/wiki/Los_Hermanos","id":100670,"imdb_id":"","original_language":"pt","original_title":"Los Hermanos: Na fundição progresso","overview":"Los Hermanos is a Brazilian alternative rock band formed in Rio de Janeiro in 1997, which mixes rock with elements of Brazilian music as samba and MPB, and flirted with ska and hardcore, the latter mainly on his debut album. The group's sound was largely influenced by the bands of the '90s underground Rio de Janeiro, such as La Tequila ended up, Meat Monday Q &amp; Women Say Yes and the sound of American band Weezer, Mr. Bungle, and Squirrel Nut Zippers","popularity":0.000715,"poster_path":"/hL3P9vqd7pJJ6RxdJ3HbqYzWVH8.jpg","production_companies":[{"name":"Sony BMG Music Entertainment","id":5458}],"production_countries":[{"iso_3166_1":"BR","name":"Brazil"}],"release_date":"2008-08-29","revenue":0,"runtime":0,"spoken_languages":[{"iso_639_1":"pt","name":"Português"}],"status":"Released","tagline":"Los Hermanos: Na fundição progresso","title":"Los Hermanos: Na fundição progresso","video":false,"vote_average":9.0,"vote_count":1}
