{"adult":false,"backdrop_path":null,"belongs_to_collection":null,"budget":0,"genres":[],"homepage":"","id":100250,"imdb_id":"tt0310256","original_language":"en","original_title":"Tussenland","overview":"In Tussenland kruisen de paden van twee 'ontheemden': de illegaal in Nederland verblijvende jonge Soedanees Majok en de bejaarde, in zichzelf gekeerde oud-militair Jakob. Ondanks de onderlinge verschillen herkennen zij zichzelf in elkaar. Beiden dragen hun verleden als een last met zich mee. Jakob lijdt onder het verlies van zijn vrouw en is nooit in het reine gekomen met zijn oorlogservaringen in Nederlands Indië. Majok draagt de last van de 'vergeten oorlog' in zijn vaderland en de heimwee naar zijn geboortedorp dat hij is ontvlucht. Uit hun ontmoeting putten ze de kracht om afscheid te nemen van hun verleden, zodat hun onverwachte vriendschap weer zicht geeft op een toekomst.","popularity":0.000299,"poster_path":"/1uOInNyZroO5DJ59ev1VpchFOOx.jpg","production_companies":[],"production_countries":[],"release_date":"2002-04-27","revenue":0,"runtime":92,"spoken_languages":[],"status":"Released","tagline":"","title":"Tussenland","video":false,"vote_average":0.0,"vote_count":0}
