{"adult":false,"backdrop_path":"/tTVtLIzXfDyEMAdTfimiokrfEeg.jpg","belongs_to_collection":null,"budget":0,"genres":[{"id":16,"name":"Animation"},{"id":10751,"name":"Family"}],"homepage":"","id":100387,"imdb_id":"tt0036508","original_language":"en","original_title":"Wackiki Wabbit","overview":"On a tropical island a pair of castaways look to Bugs as a source of food.","popularity":0.00017,"poster_path":"/zePksDHg7GY1DzIYloROpkQmKh7.jpg","production_companies":[{"name":"Warner Bros.","id":6194}],"production_countries":[{"iso_3166_1":"US","name":"United States of America"}],"release_date":"1943-07-03","revenue":0,"runtime":7,"spoken_languages":[],"status":"Released","tagline":"","title":"Wackiki Wabbit","video":false,"vote_average":7.0,"vote_count":1}
