{"adult":false,"backdrop_path":"/wJVtsm8WKXh5XPpWDEjnRkFwnRs.jpg","belongs_to_collection":null,"budget":0,"genres":[{"id":10402,"name":"Music"}],"homepage":"","id":100738,"imdb_id":"","original_language":"en","original_title":"U2 - How To Dismantle An Atomic Bomb","overview":"U2 How To Dismantle An Atomic Bomb (2004 UK Limited Collectors Edition 2-disc set comprising of 12-track CD album recorded in the bands studio at Hanover Quay Dublin and in the South of France and produced with long-time collaborator Steve Lillywhite - including the single Vertigo plus bonus DVD featuring documentary footage &amp; 5 bonus video performances from U2 HQ presented in superb die-cut 6 x 8 card picture slipcase complete with 48-page hardback book featuring illustrations paintings and photography by U2!)","popularity":0.000429,"poster_path":"/ek3Qs2W8qXRwhp3GzQz4ziwrgz6.jpg","production_companies":[],"production_countries":[],"release_date":"2004-11-22","revenue":0,"runtime":41,"spoken_languages":[],"status":"Released","tagline":"","title":"U2 - How To Dismantle An Atomic Bomb","video":true,"vote_average":0.0,"vote_count":0}
