{"adult":false,"backdrop_path":null,"belongs_to_collection":null,"budget":0,"genres":[{"id":99,"name":"Documentary"}],"homepage":"","id":100013,"imdb_id":"","original_language":"en","original_title":"A Trip to Inside","overview":"Holotropic Breathwork is arguably one of the most powerful and effective non-pharmacological methods of psychotherapy and self-exploration. It integrates in its theory and practice the findings from modern consciousness research, depth psychology, and mystical traditions of the world. Among the innovations of this revolutionary approach to therapy and self-exploration is the use of a vastly expanded model of the human psyche, new understanding of the architecture of emotional and psychosomatic disorders, and mobilization of the inner healing intelligence and new therapeutic mechanisms. The essential element in this treatment modality is utilization of the healing potential of non-ordinary states of consciousness, induced by very simple means - faster breathing, evocative music, releasing bodywork, and expressive painting.","popularity":0.000857,"poster_path":null,"production_companies":[],"production_countries":[{"iso_3166_1":"DE","name":"Germany"}],"release_date":"2009-09-01","revenue":0,"runtime":106,"spoken_languages":[{"iso_639_1":"de","name":"Deutsch"}],"status":"","tagline":"Holotropic Breathwork with Klaus John","title":"A Trip to Inside","video":false,"vote_average":0.0,"vote_count":0}
