{"adult":false,"backdrop_path":"/pGvaSHkfVsO0nDnNOQceA06KkKP.jpg","belongs_to_collection":null,"budget":0,"genres":[{"id":35,"name":"Comedy"},{"id":18,"name":"Drama"},{"id":10749,"name":"Romance"}],"homepage":"","id":100046,"imdb_id":"tt1769363","original_language":"en","original_title":"The Giant Mechanical Man","overview":"An offbeat romantic comedy about a silver-painted street performer and the soft spoken zoo worker who falls for him.","popularity":0.132333,"poster_path":"/r9K2kmLrm2gIJuUPO6VamakgvDE.jpg","production_companies":[],"production_countries":[],"release_date":"2012-04-27","revenue":0,"runtime":94,"spoken_languages":[{"iso_639_1":"en","name":"English"}],"status":"Released","tagline":"","title":"The Giant Mechanical Man","video":false,"vote_average":6.2,"vote_count":18}
