{"adult":false,"backdrop_path":null,"belongs_to_collection":null,"budget":5000,"genres":[{"id":27,"name":"Horror"},{"id":35,"name":"Comedy"},{"id":53,"name":"Thriller"}],"homepage":"","id":100516,"imdb_id":"tt0772179","original_language":"en","original_title":"Kill","overview":"Six strangers awake to find themselves the new tenants of a mysterious old house. Terrorized by insane Tiki-men in masks and taunted by their deranged captors,it soon becomes clear that only one singular action will save them: Kill.","popularity":0.012008,"poster_path":"/eykZrrCLrR1wPPGOj2jbmOeha6x.jpg","production_companies":[{"name":"Black Fawn Films","id":9315},{"name":"Elnino Cinema","id":9316}],"production_countries":[{"iso_3166_1":"CA","name":"Canada"},{"iso_3166_1":"US","name":"United States of America"}],"release_date":"2011-09-13","revenue":0,"runtime":90,"spoken_languages":[{"iso_639_1":"en","name":"English"}],"status":"Released","tagline":"This is no vacation.","title":"Kill","video":false,"vote_average":0.0,"vote_count":0}
