{"adult":false,"backdrop_path":null,"belongs_to_collection":null,"budget":0,"genres":[{"id":16,"name":"Animation"}],"homepage":"","id":100723,"imdb_id":"tt0141087","original_language":"en","original_title":"Fighting Tools","overview":"Pvt. Snafu suffers the consequences of not keeping his equipment and weapons properly maintained.","popularity":0.00017,"poster_path":"/nGLuQrjHrP8j0OwallNDCFkABJJ.jpg","production_companies":[{"name":"Warner Bros. Pictures","id":174}],"production_countries":[{"iso_3166_1":"US","name":"United States of America"}],"release_date":"1943-10-01","revenue":0,"runtime":3,"spoken_languages":[],"status":"","tagline":"","title":"Fighting Tools","video":false,"vote_average":0.0,"vote_count":0}
