{"adult":false,"backdrop_path":"/sYngUATz136eu1n7WZINeCE7998.jpg","belongs_to_collection":null,"budget":0,"genres":[{"id":18,"name":"Drama"},{"id":53,"name":"Thriller"}],"homepage":"","id":100243,"imdb_id":"tt1159985","original_language":"de","original_title":"Höhere Gewalt","overview":"After finishing school, a group of three guys and three girls set off to spend their last holidays together in a remote cottage. What started as a great adventure soon turns into a nightmare of explosive violence. Once you start taking the game seriously, it is not a game anymore...","popularity":0.001166,"poster_path":"/oVEygwKmobB2MXHChF3MJlz1ThZ.jpg","production_companies":[{"name":"Filmakademie Baden-Württemberg","id":296},{"name":"Hessischer Rundfunk (HR)","id":9292}],"production_countries":[{"iso_3166_1":"DE","name":"Germany"}],"release_date":"2008-01-16","revenue":0,"runtime":96,"spoken_languages":[{"iso_639_1":"de","name":"Deutsch"}],"status":"Released","tagline":"","title":"Act of Violence","video":false,"vote_average":0.0,"vote_count":0}
