{"adult":false,"backdrop_path":"/n1g4Lu6NmgmF7lTBBERPbJdKB8l.jpg","belongs_to_collection":null,"budget":0,"genres":[],"homepage":"","id":100265,"imdb_id":"tt1395066","original_language":"fr","original_title":"La science des rêves - Film B","overview":"An alternate version of the film The Science of Sleep (2006) made of B-roll footage.","popularity":0.000574,"poster_path":null,"production_companies":[],"production_countries":[],"release_date":"2007-03-20","revenue":0,"runtime":70,"spoken_languages":[],"status":"Released","tagline":"","title":"The Science of Sleep - Film B","video":false,"vote_average":0.0,"vote_count":0}
