{"adult":false,"backdrop_path":"/uEkHy33qIxBW1tSfh6YMQp3BAgK.jpg","belongs_to_collection":null,"budget":0,"genres":[{"id":10402,"name":"Music"}],"homepage":"http://www.diantedotrono.com/","id":100786,"imdb_id":"","original_language":"en","original_title":"Diante do Trono - 10 Anos","overview":"Diante do Trono é uma banda brasileira de música gospel, formada em 1997 na cidade de Belo Horizonte, na Igreja Batista da Lagoinha. O grupo tornou-se popular no Brasil desde o lançamento de seu primeiro trabalho, o disco Diante do Trono de 1998. Entretanto, foi a partir dos álbuns Águas Purificadoras e Preciso de Ti que adquiriu reconhecimento internacional, se tornando o maior conjunto gospel da América Latina e um dos mais bem-sucedidos na música brasileira.","popularity":0.000574,"poster_path":"/vUgTOc13vMvHaAnkuI2leZAogXb.jpg","production_companies":[],"production_countries":[],"release_date":"2007-03-10","revenue":0,"runtime":0,"spoken_languages":[],"status":"Released","tagline":"","title":"Diante do Trono - 10 Anos","video":false,"vote_average":0.0,"vote_count":0}
