{"adult":false,"backdrop_path":null,"belongs_to_collection":null,"budget":0,"genres":[{"id":18,"name":"Drama"},{"id":27,"name":"Horror"}],"homepage":"","id":100463,"imdb_id":"tt0202268","original_language":"en","original_title":"Bôrei kaibyô yashiki","overview":"The descendant of the servant of a cruel and vicious samurai returns to the town where she was born, only to find that a cat who is possessed by the spirits of those murdered by the samurai is trying to kill her.","popularity":0.000145,"poster_path":"/fApTh4dglzcXCEuoc8S0nv9ZIas.jpg","production_companies":[{"name":"Shintoho Film Distribution Committee","id":9303}],"production_countries":[{"iso_3166_1":"JP","name":"Japan"}],"release_date":"1958-07-13","revenue":0,"runtime":69,"spoken_languages":[{"iso_639_1":"ja","name":"日本語"}],"status":"Released","tagline":"","title":"Black Cat Mansion","video":false,"vote_average":0.0,"vote_count":0}
