{"adult":false,"backdrop_path":"/h4e5sfPNAGT3hP8Gz45nzgG8sSv.jpg","belongs_to_collection":null,"budget":0,"genres":[],"homepage":null,"id":100816,"imdb_id":"","original_language":"de","original_title":"Die Peanuts - Glück ist eine wärmende Decke","overview":null,"popularity":0.001286,"poster_path":"/iw3PTxRvmsgfKnxVWnSzPVd9qRc.jpg","production_companies":[],"production_countries":[{"iso_3166_1":"US","name":"United States of America"}],"release_date":"2011-03-31","revenue":0,"runtime":null,"spoken_languages":[{"iso_639_1":"en","name":"English"},{"iso_639_1":"de","name":"Deutsch"}],"status":"Released","tagline":null,"title":"Die Peanuts - Glück ist eine wärmende Decke","video":false,"vote_average":0.0,"vote_count":0}
