{"adult":false,"backdrop_path":"/kDQpzeoamlliaiDDSz8x0BgtpWl.jpg","belongs_to_collection":null,"budget":0,"genres":[{"id":16,"name":"Animation"},{"id":10751,"name":"Family"},{"id":35,"name":"Comedy"}],"homepage":"","id":100396,"imdb_id":"tt0036050","original_language":"en","original_title":"An Itch in Time","overview":"Elmer threatens to give his dog a bath if he doesn't stop scratching, but the poor pooch is the victim of a hungry flea whose tools of the trade include pickaxes and dynamite.","popularity":0.00017,"poster_path":"/9xqZVuwI90gG4ISiMBSEYsMdmKL.jpg","production_companies":[{"name":"Warner Bros.","id":6194},{"name":"Leon Schlesinger Studios","id":8298}],"production_countries":[{"iso_3166_1":"US","name":"United States of America"}],"release_date":"1943-12-04","revenue":0,"runtime":8,"spoken_languages":[{"iso_639_1":"en","name":"English"},{"iso_639_1":"fr","name":"Français"}],"status":"Released","tagline":"","title":"An Itch in Time","video":false,"vote_average":7.0,"vote_count":1}
