{"adult":false,"backdrop_path":null,"belongs_to_collection":null,"budget":0,"genres":[{"id":28,"name":"Action"}],"homepage":"","id":100219,"imdb_id":"tt0099932","original_language":"en","original_title":"Kill Crazy","overview":"Five Vietnam vets, on release from a mental hospital, think they're headed for a weekend camping trip. Instead they become target practice for an army of killers playing violent war games. It's a massacre until one of the vets becomes a machine of revenge.","popularity":0.000405,"poster_path":"/qFi6jGyRlfDvsw0BnQDOzz1rmas.jpg","production_companies":[],"production_countries":[{"iso_3166_1":"US","name":"United States of America"}],"release_date":"1990-11-21","revenue":0,"runtime":94,"spoken_languages":[],"status":"Released","tagline":"When a man at war becomes a machine of revenge.","title":"Kill Crazy","video":false,"vote_average":0.0,"vote_count":0}
