{"adult":false,"backdrop_path":null,"belongs_to_collection":null,"budget":0,"genres":[{"id":27,"name":"Horror"},{"id":10769,"name":"Foreign"}],"homepage":"","id":100467,"imdb_id":"tt0070368","original_language":"en","original_title":"La mano che nutre la morte","overview":"Baron Ivan Rassimov, a brilliant doctor, died horribly during a fire burst in his laboratory. Since that day, his daughter Tanja retired to a life of reclusion, covering with a dark veil her disfigured face. Professor Nijinski  was once a student of Rassimov; he married Tanja, and he's trying to restore her lost beauty with a series of skin transplants. However, to reach his goal, professor Nijinski needs beautiful young victims for his transplant experiments.","popularity":0.000527,"poster_path":"/puwmGmTlpsaouBeSqarEIVQzqV1.jpg","production_companies":[{"name":"Cinequipe","id":9306}],"production_countries":[{"iso_3166_1":"IT","name":"Italy"}],"release_date":"1974-04-29","revenue":0,"runtime":87,"spoken_languages":[{"iso_639_1":"it","name":"Italiano"}],"status":"Released","tagline":"","title":"Evil Face","video":false,"vote_average":0.0,"vote_count":0}
