{"adult":false,"backdrop_path":null,"belongs_to_collection":null,"budget":0,"genres":[{"id":37,"name":"Western"}],"homepage":"","id":100469,"imdb_id":"tt0148086","original_language":"en","original_title":"Dove si spara di più","overview":"Two family clans have always been enemies; they spend their time hating and killing each other. The daughter of the Campos family and the son of the Mounter family fall in love, thus causing further hatred and deaths.","popularity":0.000144,"poster_path":"/w0xh9OhESk7zU9CNwS4RAGdPOex.jpg","production_companies":[{"name":"Hispamer Films","id":9240},{"name":"Framer Films","id":9308}],"production_countries":[{"iso_3166_1":"IT","name":"Italy"},{"iso_3166_1":"ES","name":"Spain"}],"release_date":"1967-03-02","revenue":0,"runtime":84,"spoken_languages":[{"iso_639_1":"it","name":"Italiano"}],"status":"Released","tagline":"","title":"Fury of Johnny Kid","video":false,"vote_average":0.0,"vote_count":0}
