{"adult":false,"backdrop_path":null,"belongs_to_collection":null,"budget":3000000,"genres":[{"id":27,"name":"Horror"}],"homepage":"","id":100482,"imdb_id":"tt0491424","original_language":"en","original_title":"Umezu Kazuo: Kyôfu gekijô- Negai","overview":"A lonely schoolboy discovers a block of wood carved into the shape of a human head. Seeking companionship he and the puppet-doll become best playmates. Soon things begin to change and the situation goes from innocent to downright sinister.","popularity":0.000429,"poster_path":"/5E5jYPUY4E3TmuwI4c7on1Qj1LU.jpg","production_companies":[{"name":"Pony Canyon Enterprises","id":9148},{"name":"Shogakukan","id":9149},{"name":"Eisei Gekijo","id":9177}],"production_countries":[{"iso_3166_1":"JP","name":"Japan"}],"release_date":"2005-06-25","revenue":0,"runtime":50,"spoken_languages":[{"iso_639_1":"ja","name":"日本語"}],"status":"Released","tagline":"","title":"Kazuo Umezu's Horror Theater: The Wish","video":false,"vote_average":0.0,"vote_count":0}
