{"adult":false,"backdrop_path":"/pseLYZqwATS2a3SKI0ig7dzGWpp.jpg","belongs_to_collection":null,"budget":0,"genres":[{"id":35,"name":"Comedy"},{"id":10749,"name":"Romance"}],"homepage":"","id":100857,"imdb_id":"","original_language":"en","original_title":"รักเว้ยเฮ้ย!","overview":"A clumsy young many falls in love with a beautiful girl. Realizing she's out of his league, he calls on the help of a love guru.","popularity":0.00261,"poster_path":"/kSABXvUdL2WtnnarRw29rQfdLyR.jpg","production_companies":[{"name":"Sahamongkolfilm Co.","id":4207}],"production_countries":[{"iso_3166_1":"TH","name":"Thailand"}],"release_date":"2012-04-02","revenue":451995,"runtime":99,"spoken_languages":[{"iso_639_1":"th","name":"ภาษาไทย"}],"status":"Released","tagline":"","title":"Rak Wai Hei","video":false,"vote_average":5.0,"vote_count":1}
