{"adult":false,"backdrop_path":null,"belongs_to_collection":null,"budget":0,"genres":[{"id":10752,"name":"War"},{"id":99,"name":"Documentary"}],"homepage":"","id":100817,"imdb_id":"tt0036245","original_language":"en","original_title":"P-38 Flight Characteristics","overview":"Training film for pilots of the Lockheed P-38 Lightning pursuit aircraft, focusing particularly on flight characteristics during operation on only one engine.","popularity":0.000143,"poster_path":"/lrYC2FlWRqdKQDNv5Mx6GZ2Bw5U.jpg","production_companies":[{"name":"Lockheed Aircraft Corporation","id":5018}],"production_countries":[{"iso_3166_1":"US","name":"United States of America"}],"release_date":"1943-01-01","revenue":0,"runtime":35,"spoken_languages":[{"iso_639_1":"en","name":"English"}],"status":"Released","tagline":"","title":"P-38 Flight Characteristics","video":false,"vote_average":0.0,"vote_count":0}
