{"adult":false,"backdrop_path":null,"belongs_to_collection":null,"budget":0,"genres":[{"id":35,"name":"Comedy"}],"homepage":"","id":100011,"imdb_id":"tt0033281","original_language":"en","original_title":"You Nazty Spy","overview":"In this satire of the Nazis the stooges are paperhangers in the country of Moronica. When evil cabinet ministers overthrow the king, they decide to make Moe the new ruler as he'll be stupid enough to follow their orders. Moe becomes Dictator, Curly is a Field Marshal and Larry becomes Minister of propaganda. After successfully preventing a female spy from committing mayhem, the boys are run out of office by a mob and eaten by lions.","popularity":0.000143,"poster_path":"/vZpc3zOgVNSVff8uWGmw8EyMwnr.jpg","production_companies":[{"name":"Columbia Pictures Corporation","id":441}],"production_countries":[],"release_date":"1940-01-19","revenue":0,"runtime":18,"spoken_languages":[],"status":"Released","tagline":"","title":"You Nazty Spy","video":false,"vote_average":0.0,"vote_count":0}
