{"adult":false,"backdrop_path":"/3bSVI8DWbWL5TJd8jgQhCHZvqlD.jpg","belongs_to_collection":null,"budget":0,"genres":[{"id":12,"name":"Adventure"},{"id":14,"name":"Fantasy"},{"id":27,"name":"Horror"},{"id":28,"name":"Action"},{"id":878,"name":"Science Fiction"}],"homepage":"","id":100100,"imdb_id":"tt0025712","original_language":"en","original_title":"The Return of Chandu","overview":"Chandu consults his crystal ball and sees that Nadji, Princess of Egypt, is in danger. She is about to be sacrificed by the black magic cult of Ubasti. Headed for the magic island of Lemuria, he is shipwrecked , washed ashore and captured. He becomes invisible, escapes and after numerous detours is able to rescue the princess.","popularity":0.000143,"poster_path":"/exG6AWSm99L9z9P2MRp0SRzZmRq.jpg","production_companies":[],"production_countries":[{"iso_3166_1":"US","name":"United States of America"}],"release_date":"1934-10-01","revenue":0,"runtime":60,"spoken_languages":[{"iso_639_1":"en","name":"English"}],"status":"Released","tagline":"","title":"The Return of Chandu","video":false,"vote_average":4.0,"vote_count":1}
