{"adult":false,"backdrop_path":"/7RzhNmFeKj2V4M3naON1aGrtbqJ.jpg","belongs_to_collection":null,"budget":0,"genres":[{"id":10402,"name":"Music"}],"homepage":"","id":100446,"imdb_id":"","original_language":"en","original_title":"Aventura - Vina del Mar 2012","overview":"The Dominican group Aventura, won with the romance of their songs, the rhythm of the bachata, the thousands of spectators who enjoyed their show on the second night of the Festival of Vina del Mar and wiped out all the contest prizes given Aventura , at the head of its charismatic leader, Romeo Santos, opened with a Poupurri which included hits like for a second, contempt and its venom, which were echoed by some 15,000 spectators that filled the amphitheater of the Quinta Vergara, which is held every year the Festival of Vina del Mar.","popularity":0.001721,"poster_path":"/hTWMDU62zc0NPE2gRdTpby8abPG.jpg","production_companies":[],"production_countries":[],"release_date":"2012-02-26","revenue":0,"runtime":107,"spoken_languages":[{"iso_639_1":"es","name":"Español"}],"status":"Released","tagline":"","title":"Aventura Live in Chile 2012","video":false,"vote_average":5.3,"vote_count":2}
