{"adult":false,"backdrop_path":"/pvUPfYkaSorfuiZ0yvmYvMDMRFf.jpg","belongs_to_collection":null,"budget":0,"genres":[],"homepage":"","id":100319,"imdb_id":"tt0048320","original_language":"en","original_title":"Lumber Jerks","overview":"Two polite twin gophers find that their home, a tree, has been cut down and taken away. They find it in a log pile about to be taken inside a processing factory. When they follow it into the factory, they become caught in the bizarre human machinery whose purpose, among other things, is to grind whole trees down to make toothpicks.","popularity":0.000145,"poster_path":"/wilVwOKoUMqzBb1YU2poBHYPtWe.jpg","production_companies":[{"name":"Warner Bros. Pictures","id":174}],"production_countries":[{"iso_3166_1":"US","name":"United States of America"}],"release_date":"1955-06-24","revenue":0,"runtime":7,"spoken_languages":[{"iso_639_1":"en","name":"English"}],"status":"Released","tagline":"","title":"Lumber Jerks","video":false,"vote_average":7.0,"vote_count":1}
