{"adult":false,"backdrop_path":null,"belongs_to_collection":null,"budget":0,"genres":[{"id":10751,"name":"Family"},{"id":35,"name":"Comedy"}],"homepage":"","id":100666,"imdb_id":"tt0138038","original_language":"en","original_title":"Principal Takes a Holiday","overview":"A rowdy high school senior risks losing a $10,000 gift his parents promise him for graduation if he can complete the year without getting in trouble by getting caught by the principal in a prank. However, when an accident befalls the current principal, the senior goes and finds a drifter to show up at the school as the new principal to get his records erased.","popularity":0.000153,"poster_path":"/ylfWFB9js9CEereZLcR5K4HSEOR.jpg","production_companies":[],"production_countries":[],"release_date":"1998-01-04","revenue":0,"runtime":96,"spoken_languages":[{"iso_639_1":"en","name":"English"}],"status":"Released","tagline":"","title":"Principal Takes a Holiday","video":false,"vote_average":0.0,"vote_count":0}
