{"adult":false,"backdrop_path":null,"belongs_to_collection":null,"budget":0,"genres":[],"homepage":"","id":100085,"imdb_id":"tt0436845","original_language":"en","original_title":"El tren de la memoria","overview":"Josefina's personal journey back to Nuremberg, Germany, where she arrived as an immigrant from Spain being only 18, along with other 2 million Spaniards who left to Europe in order to find a future.","popularity":0.000429,"poster_path":"/2ccllpQmNSJI8gTW8JKOj1zKGEj.jpg","production_companies":[],"production_countries":[],"release_date":"2005-04-27","revenue":0,"runtime":85,"spoken_languages":[],"status":"Released","tagline":"","title":"El tren de la memoria","video":false,"vote_average":6.0,"vote_count":1}
