{"adult":false,"backdrop_path":"/ayNfMx8gOCHd9I3O1iNhlhmajmS.jpg","belongs_to_collection":null,"budget":0,"genres":[{"id":16,"name":"Animation"}],"homepage":"","id":100361,"imdb_id":"tt0038356","original_language":"en","original_title":"The Big Snooze","overview":"Elmer Fudd walks out of a typical Bugs cartoon, so Bugs gets back at him by disturbing Elmer's sleep using \"nightmare paint.\"","popularity":0.000184,"poster_path":"/r7nSuu28ZMb6l25xK0YBmMSdEH5.jpg","production_companies":[{"name":"Warner Bros.","id":6194}],"production_countries":[{"iso_3166_1":"US","name":"United States of America"}],"release_date":"1946-10-05","revenue":0,"runtime":7,"spoken_languages":[{"iso_639_1":"en","name":"English"}],"status":"Released","tagline":"","title":"The Big Snooze","video":false,"vote_average":7.5,"vote_count":1}
