{"adult":false,"backdrop_path":"/xu5doe5n8yNhVlaWlV0Zzwc9CTA.jpg","belongs_to_collection":null,"budget":0,"genres":[{"id":16,"name":"Animation"},{"id":10751,"name":"Family"}],"homepage":"","id":100340,"imdb_id":"tt0040718","original_language":"en","original_title":"Rabbit Punch","overview":"Heckling the Champ gets Bugs into the world championship fight as the challenger.","popularity":0.000168,"poster_path":"/i7LXpfSHw0UjIIOd7ojzSuWhJUW.jpg","production_companies":[],"production_countries":[],"release_date":"1948-04-10","revenue":0,"runtime":8,"spoken_languages":[],"status":"Released","tagline":"","title":"Rabbit Punch","video":false,"vote_average":0.0,"vote_count":0}
