{"adult":false,"backdrop_path":null,"belongs_to_collection":null,"budget":0,"genres":[],"homepage":"","id":100044,"imdb_id":"tt0046707","original_language":"en","original_title":"Amor sobre ruedas","overview":"A taxi driver participates in a singing contest of a radio station for non-professionals and enters the final round. Being among the finalists he meets at the radio station a famous singer and falls in love with her.","popularity":0.000148,"poster_path":"/ij0pT0XBXTnuYrhHuyEChl9zpyc.jpg","production_companies":[],"production_countries":[],"release_date":"1954-09-13","revenue":0,"runtime":87,"spoken_languages":[{"iso_639_1":"es","name":"Español"}],"status":"Released","tagline":"","title":"Amor sobre ruedas","video":false,"vote_average":0.0,"vote_count":0}
