{"adult":false,"backdrop_path":null,"belongs_to_collection":null,"budget":0,"genres":[{"id":18,"name":"Drama"}],"homepage":"","id":100167,"imdb_id":"tt0117194","original_language":"en","original_title":"No Way Home","overview":"An ex-cons future is threatened by his brother's involvement with drugs.","popularity":0.00018,"poster_path":"/4arjoL5ehhUr1bf8BTWu6XCoPio.jpg","production_companies":[{"name":"Orenda Films","id":38857}],"production_countries":[{"iso_3166_1":"GB","name":"United Kingdom"},{"iso_3166_1":"US","name":"United States of America"}],"release_date":"1996-09-01","revenue":0,"runtime":102,"spoken_languages":[{"iso_639_1":"en","name":"English"}],"status":"Released","tagline":"Blood ties can be murder.","title":"No Way Home","video":false,"vote_average":0.0,"vote_count":0}
