{"adult":false,"backdrop_path":"/iAX9XTRzvO8V0nyMsRLDQv0TBD.jpg","belongs_to_collection":null,"budget":0,"genres":[{"id":14,"name":"Fantasy"}],"homepage":"http://www.venusandthesun.com/","id":100428,"imdb_id":"tt1588434","original_language":"en","original_title":"Venus & the Sun","overview":"Model and Page 3 favourite Keeley Hazell thinks she's solved all her problems by taking up an unexpectedly high-brow hobby: translating Latin. The language has given her magical powers, enabling her to ward-off the frenzied attention of her adoring fans, and the British Library offers an ideal refuge from the hordes. But when she meets Adam, the one Sun-reader in the country she hadn't bargained for, Keeley is given a lesson in not judging books by their covers. Her journey of discovery will reveal just how far she's come to rely on the advantages of fame. A warped retelling of Ovid's most famous myth, Venus and Adonis, and a comic study of society's obsession with the image.","popularity":0.001383,"poster_path":"/aAhAGVIpQVgeOpbYtACGMoLZhk7.jpg","production_companies":[],"production_countries":[{"iso_3166_1":"GB","name":"United Kingdom"}],"release_date":"2011-03-10","revenue":0,"runtime":23,"spoken_languages":[{"iso_639_1":"en","name":"English"}],"status":"Released","tagline":"Being a goddess can be such a boar","title":"Venus & the Sun","video":false,"vote_average":5.0,"vote_count":1}
