{"adult":false,"backdrop_path":"/l2ck0VoLEsrq1FZxBYlEhTKdZg0.jpg","belongs_to_collection":null,"budget":0,"genres":[],"homepage":"","id":100512,"imdb_id":"tt0283476","original_language":"es","original_title":"Mercano, el Marciano","overview":"When his pet is killed by a probe from earth, Mercano, a Martian, travels to earth angered. Landing in Buenos Aires, at first noone takes any notice of him.","popularity":0.000307,"poster_path":"/5AHc5nzIBevNWRSqDPphNZ5qUD6.jpg","production_companies":[{"name":"Malcriados","id":11998},{"name":"Universidad del Cine","id":11999}],"production_countries":[{"iso_3166_1":"AR","name":"Argentina"}],"release_date":"2002-10-03","revenue":0,"runtime":0,"spoken_languages":[{"iso_639_1":"es","name":"Español"}],"status":"Released","tagline":"","title":"Mercano the Martian","video":false,"vote_average":0.0,"vote_count":0}
