{"adult":false,"backdrop_path":null,"belongs_to_collection":null,"budget":0,"genres":[],"homepage":"http://www.tvontheradio.com/discography/default.aspx?pid=2935","id":100635,"imdb_id":"tt2104947","original_language":"en","original_title":"Nine Types of Light","overview":"Brooklyn’s indie favorites TV on the Radio just released a film set to the music of their acclaimed 2011 album, Nine Types of Light.  The movie, which runs for just more than an hour, includes music videos for each song on the album and is supposed to represent a visual interpretation of the record. Lead singer Tunde Adebimpe not only directed the Nine Types of Light film, but also storybooked it and helmed the video for “Forgotten.” Additionally, the rest of the band worked with friends and filmmakers to help conceptualize and direct the rest of the music videos.","popularity":0.001291,"poster_path":"/iylWCkc1RSvquU9l2w5EN5UhNaz.jpg","production_companies":[],"production_countries":[],"release_date":"2011-04-09","revenue":0,"runtime":60,"spoken_languages":[],"status":"Released","tagline":"","title":"Nine Types of Light","video":false,"vote_average":0.0,"vote_count":0}
