{"adult":false,"backdrop_path":null,"belongs_to_collection":null,"budget":0,"genres":[{"id":99,"name":"Documentary"}],"homepage":"http://www.orchids-themovie.com","id":100839,"imdb_id":"tt1757830","original_language":"en","original_title":"Orchids: My Intersex Adventure","overview":"Documentary filmmaker, Phoebe Hart, comes clean on a journey of self-discovery around her hidden intersex condition.","popularity":0.001157,"poster_path":"/7gDu7Er09VyrzoEKkbPHrrDIYfT.jpg","production_companies":[{"name":"hartflicker Moving Pictures","id":42337}],"production_countries":[{"iso_3166_1":"AU","name":"Australia"}],"release_date":"2010-11-06","revenue":0,"runtime":60,"spoken_languages":[{"iso_639_1":"en","name":"English"}],"status":"Released","tagline":"","title":"Orchids: My Intersex Adventure","video":false,"vote_average":10.0,"vote_count":1}
