{"adult":false,"backdrop_path":"/8kJhMLvJrE7NyZXY8W0uVBoliXm.jpg","belongs_to_collection":null,"budget":0,"genres":[{"id":18,"name":"Drama"}],"homepage":"","id":100570,"imdb_id":"tt0076171","original_language":"da","original_title":"Hærværk","overview":"Based upon the novel \"Hærværk\" by Tom Kristensen about the self destructive person.\r The literary reviewer Ole Jastrau chooses to free himself from his well-ordered middle class life.\r He allow the seriously left-wing writer Steffensen move in with himself which soon causes disintegration of his home an marriage.","popularity":0.257568,"poster_path":"/mX8hCK1g6hGUrQiiqNT63Xt4rpU.jpg","production_companies":[{"name":"Lademann Film","id":9326},{"name":"Crone Film Produktion","id":9327}],"production_countries":[{"iso_3166_1":"DK","name":"Denmark"}],"release_date":"1977-11-04","revenue":0,"runtime":132,"spoken_languages":[{"iso_639_1":"da","name":"Dansk"}],"status":"Released","tagline":"","title":"Vandalism","video":false,"vote_average":0.0,"vote_count":0}
