{"adult":false,"backdrop_path":"/l2TpMhVknBjfvZ6EcRpCRNzKNKf.jpg","belongs_to_collection":null,"budget":0,"genres":[{"id":18,"name":"Drama"},{"id":53,"name":"Thriller"},{"id":10749,"name":"Romance"}],"homepage":"","id":100739,"imdb_id":"tt0058038","original_language":"de","original_title":"Dr. med. Hiob Prätorius","overview":"","popularity":0.000144,"poster_path":"/34ATysrkYMgC1OowxjJzO4RpMEv.jpg","production_companies":[],"production_countries":[],"release_date":"1965-01-14","revenue":0,"runtime":92,"spoken_languages":[{"iso_639_1":"de","name":"Deutsch"}],"status":"Rumored","tagline":"","title":"Dr. med. Hiob Prätorius","video":false,"vote_average":4.3,"vote_count":2}
