{"adult":false,"backdrop_path":"/e7ranHVIpQRxjG2YiNB5Cg3M15G.jpg","belongs_to_collection":null,"budget":0,"genres":[{"id":99,"name":"Documentary"}],"homepage":"","id":100829,"imdb_id":"tt0853155","original_language":"en","original_title":"This is What Love in Action Looks Like","overview":"In the summer of 2005 a 16yo Memphis, TN wrote on his MySpace blog about his parents sending him to a \"Fundamentalist Christian\" program that strives to turn gay teens straight. This documentary follows the inspirational story of this teens local community standing up for their friend with daily protests at the facility in what would become an international news story. The documentary features several former clients of the organization who tell their personal stories about the time they spent within the programs walls.","popularity":0.001291,"poster_path":"/2kzk8w3UDESc4TUZnyG8JgOIFaJ.jpg","production_companies":[{"name":"TLA Releasing","id":328}],"production_countries":[],"release_date":"2011-01-28","revenue":0,"runtime":0,"spoken_languages":[],"status":"Released","tagline":"","title":"This is What Love in Action Looks Like","video":false,"vote_average":0.0,"vote_count":1}
