{"adult":false,"backdrop_path":"/ycer3Tr0EzU4FEKWd7imx2gaP3n.jpg","belongs_to_collection":null,"budget":0,"genres":[],"homepage":"","id":100317,"imdb_id":"tt0040514","original_language":"en","original_title":"Kit for Cat","overview":"Elmer Fudd takes in Sylvester Cat and an orange kitten during a cold winter night. He'd like to adopt them both but can only keep one. He decides to go to bed and make up his mind in the morning. Sylvester and the kitten both want to be the one who is adopted. So, each tries to \"frame\" the other for misdeeds in hopes of swaying Elmer's decision in their favor. The noise escalates to the point that all three- Sylvester, the kitten, and Elmer too- are evicted and must scrounge for food in trash cans.","popularity":0.000143,"poster_path":"/cwIXIIcWejrglNYZPOCHPUORZ6A.jpg","production_companies":[{"name":"Warner Bros. Pictures","id":174}],"production_countries":[{"iso_3166_1":"US","name":"United States of America"}],"release_date":"1948-11-05","revenue":0,"runtime":7,"spoken_languages":[{"iso_639_1":"en","name":"English"}],"status":"Released","tagline":"","title":"Kit for Cat","video":false,"vote_average":7.5,"vote_count":1}
