{"adult":false,"backdrop_path":null,"belongs_to_collection":null,"budget":0,"genres":[{"id":35,"name":"Comedy"}],"homepage":"","id":100158,"imdb_id":"tt0092984","original_language":"en","original_title":"Esto es un atraco","overview":"A group of people are recruited by the brain of a band of robbers to commit the theft of some gold bars. Each character has a particular problem why he needs the money, but all are pretty sloppy.","popularity":8.3e-05,"poster_path":"/1UlM0ipXzn58gKUreLrl1wxWFZE.jpg","production_companies":[],"production_countries":[],"release_date":"1987-01-01","revenue":0,"runtime":90,"spoken_languages":[{"iso_639_1":"es","name":"Español"}],"status":"Released","tagline":"","title":"Esto es un atraco","video":false,"vote_average":0.0,"vote_count":0}
