{"adult":false,"backdrop_path":null,"belongs_to_collection":null,"budget":0,"genres":[{"id":35,"name":"Comedy"}],"homepage":"","id":100613,"imdb_id":"tt0035814","original_language":"en","original_title":"Dizzy Pilots","overview":"The Three Stooges, as the Wrong Bothers, aided the war effort by inventing a new plane in this below-average two-reel comedy. Actually, they are attempting to avoid the draft but when their plane, the Buzzard, fails miserably, they march off to war. Richard Fiske, formerly a busy supporting player in Stooges comedies, appeared in this two-reeler courtesy of stock footage from the earlier Boobs in Arms (1940). Ironically, Fiske had himself been drafted and would be killed in action in France in August of 1944.","popularity":0.000143,"poster_path":"/erTbhImLgCqFkWeoCFvOTy7ncWj.jpg","production_companies":[{"name":"Columbia Pictures Corporation","id":441}],"production_countries":[{"iso_3166_1":"US","name":"United States of America"}],"release_date":"1943-09-24","revenue":0,"runtime":17,"spoken_languages":[],"status":"","tagline":"","title":"Dizzy Pilots","video":false,"vote_average":0.0,"vote_count":0}
