{"adult":false,"backdrop_path":null,"belongs_to_collection":null,"budget":0,"genres":[{"id":27,"name":"Horror"}],"homepage":"","id":100051,"imdb_id":"","original_language":"en","original_title":"Graverobbers","overview":"Cute waitress/hooker is romanced and wed to handsome stranger/funeral director. He, as well as most of the town prefer their women dead. She is the obvious candidate for that position, as his two previous wives were in terrible shape even for dead persons. She must be fleet of foot indeed to avoid their fate. Written by P Ferrell","popularity":0.00081,"poster_path":"/shduKsgxDOQYks4JITmuPRNZyRn.jpg","production_companies":[],"production_countries":[],"release_date":"1988-09-01","revenue":0,"runtime":0,"spoken_languages":[{"iso_639_1":"en","name":"English"}],"status":"Released","tagline":"","title":"Graverobbers","video":false,"vote_average":0.0,"vote_count":0}
