{"adult":false,"backdrop_path":"/TSj0XhaEdL9R3PAU7KRju05K0C.jpg","belongs_to_collection":null,"budget":0,"genres":[{"id":28,"name":"Action"},{"id":53,"name":"Thriller"},{"id":80,"name":"Crime"}],"homepage":"","id":100088,"imdb_id":"tt0068281","original_language":"en","original_title":"Black Gunn","overview":"A successful and popular nightclub owner who believes financial independence is the path to equality and success, must act as a go-between for militant-minded brother and the white gang syndicate his brother has attacked and robbed. Their involvements lead to a breathless race course chase, the destruction of a dopepusher and a violent waterfront climax.","popularity":0.000276,"poster_path":"/ht72bcHjFdxQS1eckm5sVftvGS0.jpg","production_companies":[{"name":"World Film Services","id":3167},{"name":"Champion Production Company","id":18058},{"name":"World Arts Media","id":18059}],"production_countries":[{"iso_3166_1":"US","name":"United States of America"}],"release_date":"1972-12-20","revenue":0,"runtime":0,"spoken_languages":[{"iso_639_1":"en","name":"English"}],"status":"Released","tagline":"For every drop of black blood spilled...A white man pays.","title":"Black Gunn","video":false,"vote_average":5.0,"vote_count":1}
