{"adult":false,"backdrop_path":null,"belongs_to_collection":null,"budget":3000000,"genres":[{"id":27,"name":"Horror"}],"homepage":"","id":100480,"imdb_id":"tt0490161","original_language":"en","original_title":"Umezu Kazuo: Kyôfu gekijô - Zesshoku","overview":"When an overweight girl gets dumped by her lover, she resolves to impress him by going on an extreme diet. All goes well at first, but when she is reunited with her former lover, she begins to feel the hunger pains once again...","popularity":0.000495,"poster_path":"/57p8GFlheLYh8IeMVDKsGsCaOgX.jpg","production_companies":[{"name":"Shogakukan Production","id":5261},{"name":"Pony Canyon Enterprises","id":9148},{"name":"Eisei Gekijo","id":9177}],"production_countries":[{"iso_3166_1":"JP","name":"Japan"}],"release_date":"2005-06-18","revenue":0,"runtime":67,"spoken_languages":[{"iso_639_1":"ja","name":"日本語"}],"status":"Released","tagline":"","title":"Kazuo Umezu's Horror Theater: Ambrosia","video":false,"vote_average":4.0,"vote_count":1}
