{"adult":false,"backdrop_path":"/qeMxsqiddAq0etVgphFLfqwtA0l.jpg","belongs_to_collection":null,"budget":0,"genres":[{"id":18,"name":"Drama"},{"id":80,"name":"Crime"}],"homepage":"","id":100200,"imdb_id":"tt2093094","original_language":"en","original_title":"Das unsichtbare Mädchen","overview":"Eleven years ago, an 8-year-old girl disappeared from a small German town on the German-Czech border. Although her body was never found, nor were there any traces of blood or DNA evidence, a mentally-disabled man was coerced to confess to the crime. Even though he withdrew his admission of guilt two days later, the forced confession was enough to convince the ruling judge. The responsible investigator Altendorf was discharged so that the investigation could be sped along by another colleague.","popularity":0.004274,"poster_path":"/pQ8zW9l0RovDaXrL1hLAbF7yW27.jpg","production_companies":[{"name":"Zweites Deutsches Fernsehen (ZDF)","id":4606},{"name":"ARTE","id":5766},{"name":"Burkert Bareiss Development","id":9033}],"production_countries":[{"iso_3166_1":"DE","name":"Germany"}],"release_date":"2011-10-29","revenue":0,"runtime":105,"spoken_languages":[{"iso_639_1":"de","name":"Deutsch"}],"status":"Released","tagline":"","title":"Das unsichtbare Mädchen","video":false,"vote_average":4.5,"vote_count":2}
