{"adult":false,"backdrop_path":"/j5Hh2Do6TU5HbJWPKZbHIPQf2J3.jpg","belongs_to_collection":null,"budget":0,"genres":[{"id":35,"name":"Comedy"},{"id":18,"name":"Drama"}],"homepage":"http://americananimalmovie.com/","id":100057,"imdb_id":"tt1670932","original_language":"en","original_title":"American Animal","overview":"When Jimmy (Matt D'Elia) finds out his best friend and roommate (Fletcher) is leaving, he sees this as a betrayal of their perfect way of life. Over the course of a night full of drinks, drugs and women, the two men engage in a classic battle of wills as James prepares to enter the real world and Jimmy falls deeper and deeper into his world of isolation and make-believe.","popularity":0.001866,"poster_path":"/i1BKfh8fAinzjF89m4w4fwkpJW2.jpg","production_companies":[],"production_countries":[{"iso_3166_1":"US","name":"United States of America"}],"release_date":"2012-05-18","revenue":0,"runtime":95,"spoken_languages":[{"iso_639_1":"en","name":"English"}],"status":"Released","tagline":"Some of us evolve slower than others.","title":"American Animal","video":false,"vote_average":7.0,"vote_count":2}
