{"adult":false,"backdrop_path":"/uUIWmDRSNEAH6QuWWxh2mLUD7ex.jpg","belongs_to_collection":null,"budget":0,"genres":[{"id":16,"name":"Animation"}],"homepage":"","id":100160,"imdb_id":"tt0153920","original_language":"en","original_title":"Woody Dines Out","overview":"Woody Woodpecker goes out to dine and accidentally stumbles into a taxidermist's shop, thinking it is a restaurant. The taxidermist, wanting a woodpecker to stuff, doesn't inform Woody otherwise, and drugs the 'meal' he serves Woody. But, before he can stuff Woody, he comes to and knocks the literal stuffing out of the taxidermist.","popularity":0.000143,"poster_path":"/kTdbn8HLQOZeHKJUixiMJfLz7LL.jpg","production_companies":[{"name":"Walter Lantz Productions","id":8520}],"production_countries":[{"iso_3166_1":"US","name":"United States of America"}],"release_date":"1945-03-31","revenue":0,"runtime":7,"spoken_languages":[{"iso_639_1":"en","name":"English"}],"status":"Released","tagline":"","title":"Woody Dines Out","video":false,"vote_average":7.0,"vote_count":1}
