{"adult":false,"backdrop_path":null,"belongs_to_collection":null,"budget":0,"genres":[],"homepage":"","id":100153,"imdb_id":"tt0048442","original_language":"en","original_title":"El ojo de cristal","overview":"Enrique kills a man for stealing him a check he has received due to an accident. However, things get complicated because it had not yet been cashed. This will force him to try to forge the signature and eliminate any suspect, including his girlfriend Clara, who works in a law office and who talked him about the check. Police tracks the case, but by chance Pedrito, the police inspector's son, is also investigating on his own.","popularity":0.000144,"poster_path":"/s1Tb8cSAEMvQdJNOe8tjoSp7iNc.jpg","production_companies":[],"production_countries":[],"release_date":"1956-01-23","revenue":0,"runtime":92,"spoken_languages":[{"iso_639_1":"es","name":"Español"}],"status":"Released","tagline":"","title":"El ojo de cristal","video":false,"vote_average":0.0,"vote_count":0}
