{"adult":false,"backdrop_path":"/jhJrIPv0cShPnVGz4GYY9VSnVjY.jpg","belongs_to_collection":null,"budget":0,"genres":[{"id":99,"name":"Documentary"}],"homepage":"http://www.levonhelmfilm.com/","id":100292,"imdb_id":"tt1362518","original_language":"en","original_title":"Ain't in It for My Health: A Film About Levon Helm","overview":"Starting with the image of a tour bus warming its engine in the stillness of an empty lot, this haunting, personal portrait of music legend Levon Helm evokes the mood of a lifetime spent on the road. Jacob Hatley's extraordinarily intimate documentary finds Helm, a founding member of The Band, at home in Woodstock in the midst of creating his first studio album in 25 years. The ultimate survivor, he's overcome drugs, bankruptcy, the bitter breakup of The Band and a bout of throat cancer -but then, as the rueful title indicates, he wasn't in it for his health","popularity":9.1e-05,"poster_path":"/yDGsNeG3C2dVFrvJEAQHyqbXjQ7.jpg","production_companies":[],"production_countries":[],"release_date":"2013-04-19","revenue":0,"runtime":83,"spoken_languages":[],"status":"Released","tagline":"","title":"Ain't in It for My Health: A Film About Levon Helm","video":false,"vote_average":5.9,"vote_count":4}
