{"adult":false,"backdrop_path":"/k16Lr9MMstGnGXAWnRTFnD6poUK.jpg","belongs_to_collection":null,"budget":0,"genres":[{"id":18,"name":"Drama"},{"id":28,"name":"Action"}],"homepage":"","id":100032,"imdb_id":"tt0099137","original_language":"fr","original_title":"The Big One: The Great Los Angeles Earthquake","overview":"After a series of small tremors in Los Angeles, Dr. Clare Winslow, a local seismologist, pinpoints the exact location and time of when the long awaited earthquake--\"The Big One\"--will strike southern California. With this information, she must battle city officials to release this information to the general public. Also, she hopes that her family is out of harms way when the quake strikes. Subplots show how other families and people cope with the the tremors that strike before the impending \"Big One.\"","popularity":1.8e-05,"poster_path":"/kjsEsethWQLfq6ySStL3jrqtu07.jpg","production_companies":[],"production_countries":[],"release_date":"1990-11-11","revenue":0,"runtime":106,"spoken_languages":[],"status":"Released","tagline":"","title":"The Big One: The Great Los Angeles Earthquake","video":false,"vote_average":0.0,"vote_count":0}
