{"adult":false,"backdrop_path":null,"belongs_to_collection":null,"budget":0,"genres":[],"homepage":"","id":100784,"imdb_id":"tt0156701","original_language":"en","original_title":"Хрусталёв, машину!","overview":"Military doctor General Klenski is arrested in Stalin's Russia in 1953 during an anti-Semitic political campaign accused of being a participant in so-called \"doctors' plot\".","popularity":0.000245,"poster_path":"/jZdTCkgNdf7JYkFG3TIYcpWXAll.jpg","production_companies":[],"production_countries":[],"release_date":"1998-05-20","revenue":0,"runtime":137,"spoken_languages":[{"iso_639_1":"ru","name":"Pусский"}],"status":"Released","tagline":"","title":"Khrustalyov, My Car!","video":false,"vote_average":0.0,"vote_count":0}
