{"adult":false,"backdrop_path":"/9JWsTDZV0HeTNyk65ymbT5MXYfy.jpg","belongs_to_collection":null,"budget":0,"genres":[{"id":16,"name":"Animation"}],"homepage":"","id":100355,"imdb_id":"tt0051008","original_language":"en","original_title":"Steal Wool","overview":"Ralph Wolf tries to forcibly remove Sam Sheepdog in order to gain access to a flock of sheep. Without success, he uses a lasso, cannon, a string of firecrackers, and a giant rubber band.","popularity":0.000205,"poster_path":"/97J9piJTjXVgoAkGkJnCJHmpQPg.jpg","production_companies":[{"name":"Warner Bros.","id":6194}],"production_countries":[{"iso_3166_1":"US","name":"United States of America"}],"release_date":"1957-06-08","revenue":0,"runtime":7,"spoken_languages":[{"iso_639_1":"en","name":"English"}],"status":"Released","tagline":"","title":"Steal Wool","video":false,"vote_average":7.5,"vote_count":1}
