{"adult":false,"backdrop_path":null,"belongs_to_collection":null,"budget":0,"genres":[],"homepage":"","id":100708,"imdb_id":"tt2313211","original_language":"de","original_title":"Das Haus Anubis - Pfad der 7 Sünden","overview":null,"popularity":0.001721,"poster_path":"/rMQiGrEUypPGZxh4XcixsWuJ6WT.jpg","production_companies":[],"production_countries":[{"iso_3166_1":"DE","name":"Germany"},{"iso_3166_1":"BE","name":"Belgium"}],"release_date":"2012-04-19","revenue":0,"runtime":82,"spoken_languages":[{"iso_639_1":"de","name":"Deutsch"}],"status":"Released","tagline":"","title":"Das Haus Anubis - Pfad der 7 Sünden","video":false,"vote_average":5.0,"vote_count":2}
