{"adult":false,"backdrop_path":null,"belongs_to_collection":null,"budget":0,"genres":[{"id":99,"name":"Documentary"},{"id":16,"name":"Animation"}],"homepage":"","id":100397,"imdb_id":"tt0293701","original_language":"en","original_title":"What's Up Doc? A Salute to Bugs Bunny","overview":"Documentary","popularity":4e-06,"poster_path":"/5wdg2UwkE6HeItdtuT8XhU87mH7.jpg","production_companies":[{"name":"Turner Network Television (TNT)","id":5730}],"production_countries":[{"iso_3166_1":"US","name":"United States of America"}],"release_date":"1990-01-01","revenue":0,"runtime":60,"spoken_languages":[{"iso_639_1":"en","name":"English"}],"status":"Released","tagline":"","title":"What's Up Doc? A Salute to Bugs Bunny","video":false,"vote_average":0.0,"vote_count":0}
