{"adult":false,"backdrop_path":"/xUKEGUBIWhZSLg8zDdAhHcwVG5c.jpg","belongs_to_collection":null,"budget":0,"genres":[{"id":16,"name":"Animation"}],"homepage":"","id":100349,"imdb_id":"tt0039839","original_language":"en","original_title":"Slick Hare","overview":"Humphrey Bogart visits the Mocrumbo Restaurant. He orders fried rabbit and Elmer Fudd has twenty minutes to serve it.","popularity":0.000184,"poster_path":"/zQSrEmrWwwZajvzvnzovH2r2lkc.jpg","production_companies":[{"name":"Warner Bros.","id":6194}],"production_countries":[{"iso_3166_1":"US","name":"United States of America"}],"release_date":"1947-11-01","revenue":0,"runtime":8,"spoken_languages":[{"iso_639_1":"en","name":"English"}],"status":"Released","tagline":"","title":"Slick Hare","video":false,"vote_average":7.0,"vote_count":1}
