{"adult":false,"backdrop_path":null,"belongs_to_collection":null,"budget":0,"genres":[{"id":10402,"name":"Music"}],"homepage":"","id":100261,"imdb_id":"","original_language":"fr","original_title":"Archive: Live in Athens","overview":"1.Lights  2.Pills  3.Sane  4.Finding It So Hard  5.Razed To The Ground  6.Collapse/Collide  7.Bastardised Ink  8.Fuck U  9.Kings Of Speed  10.Lines  11.Blood In Numbers  12.You Make Me Feel  13.Dangervisit  14.Words On Signs  15.Londinium  16.Bullets  17.Again","popularity":0.001291,"poster_path":"/qErB8KQOJMzDMWb0o177mnO4ZCS.jpg","production_companies":[],"production_countries":[{"iso_3166_1":"GB","name":"United Kingdom"}],"release_date":"2011-04-12","revenue":0,"runtime":130,"spoken_languages":[{"iso_639_1":"en","name":"English"}],"status":"Released","tagline":"","title":"Archive - Live in Athens","video":false,"vote_average":0.0,"vote_count":0}
