{"adult":false,"backdrop_path":null,"belongs_to_collection":null,"budget":0,"genres":[{"id":18,"name":"Drama"}],"homepage":"","id":100288,"imdb_id":"tt0810456","original_language":"en","original_title":"Il sole nero","overview":"After learning the identity of the man who killed her husband, a young widow struggles with whether to forgive the killer or avenge her husband's death","popularity":0.000868,"poster_path":"/cXNDXVfiBgJApTCSYhGVK9FUJUq.jpg","production_companies":[],"production_countries":[],"release_date":"2007-06-15","revenue":0,"runtime":93,"spoken_languages":[],"status":"Released","tagline":"","title":"Black Sun","video":false,"vote_average":4.5,"vote_count":1}
