{"adult":true,"backdrop_path":"/y30oS3IK7mXDkTAL4XDjwZb4FnX.jpg","belongs_to_collection":null,"budget":0,"genres":[],"homepage":"http://www.c1r.com/products/rv1106-wrong-side-of-the-tracks-part-2","id":100202,"imdb_id":"tt0492403","original_language":"en","original_title":"Wrong Side Of The Tracks: Part 2","overview":"After making a decision to leave his poor small town, leaving his boyfriend, his gang of thugs and stepfather behind, Johnny Hazzard makes his way to the big city to make a better life for himself. On the way he finds, through a series of pitfalls, that making his own way would not be as easy as he thought. Johnny soon learns that he can be taken advantage of as easily as he can hustle.  After a dangerous event-filled journey, Johnny runs into Chad Savage, a young man from the right side of the tracks. Johnny soon learns that life's problems and hassles don't revolve around how much money you have. Chad's controlling father, conniving boyfriend and unhappy life forge the bond that ties these two young men together. Will this love be strong enough to survive?","popularity":0.000429,"poster_path":"/7lVmXmJvJnNzJntQr4T4lQkVIRE.jpg","production_companies":[{"name":"Channel 1 Releasing","id":6473},{"name":"Rascal Video","id":6713}],"production_countries":[{"iso_3166_1":"US","name":"United States of America"}],"release_date":"2006-02-16","revenue":0,"runtime":150,"spoken_languages":[{"iso_639_1":"en","name":"English"}],"status":"Released","tagline":"","title":"Wrong Side Of The Tracks: Part 2","video":false,"vote_average":8.0,"vote_count":1}
