{"adult":false,"backdrop_path":null,"belongs_to_collection":null,"budget":0,"genres":[{"id":27,"name":"Horror"},{"id":878,"name":"Science Fiction"}],"homepage":"","id":100557,"imdb_id":"tt0129568","original_language":"fr","original_title":"Watchers Reborn","overview":"An extra-smart dog and detective team up to stop a DNA enhanced killer.","popularity":0.000266,"poster_path":"/xPZ1N7nMAskhz4kW0CY3IXdTwHH.jpg","production_companies":[{"name":"New Horizon Pictures","id":7366}],"production_countries":[{"iso_3166_1":"US","name":"United States of America"}],"release_date":"1998-01-01","revenue":0,"runtime":90,"spoken_languages":[{"iso_639_1":"en","name":"English"}],"status":"Released","tagline":"Driven by instinct... destined for murder.","title":"Watchers Reborn","video":false,"vote_average":4.0,"vote_count":1}
