{"adult":false,"backdrop_path":"/7nwCAaEM8paiaj8nbhDp6oUs8SL.jpg","belongs_to_collection":{"id":108804,"name":"Outpost Collection","poster_path":"/xiAWTgzyb1TxW8kN05qiVKNJFxb.jpg","backdrop_path":"/7glOZjnZWYYcr67pvz3mSIYIBOC.jpg"},"budget":3000000,"genres":[{"id":28,"name":"Action"},{"id":27,"name":"Horror"}],"homepage":"http://www.outpostthemovies.com/","id":100183,"imdb_id":"tt1418712","original_language":"en","original_title":"Outpost: Black Sun","overview":"A pair of investigators team up with a Special Forces Unit to venture deep inside a war raging between the military and a massive army of Nazi Zombie Stormtroopers. Their mission is to fight their way behind enemy lines, locate the technology at the source of this growing threat and prevent the seemingly inevitable rise of the 4th Reich.","popularity":0.872499,"poster_path":"/cuEu43u2MNTJgyNIzf9z7AK6hpE.jpg","production_companies":[{"name":"Black Camel Pictures","id":12977}],"production_countries":[{"iso_3166_1":"GB","name":"United Kingdom"}],"release_date":"2012-01-01","revenue":0,"runtime":101,"spoken_languages":[{"iso_639_1":"en","name":"English"}],"status":"Released","tagline":"War in Hell","title":"Outpost: Black Sun","video":false,"vote_average":3.7,"vote_count":8}
