{"adult":false,"backdrop_path":null,"belongs_to_collection":null,"budget":0,"genres":[{"id":37,"name":"Western"},{"id":28,"name":"Action"},{"id":12,"name":"Adventure"},{"id":80,"name":"Crime"}],"homepage":"","id":100419,"imdb_id":"tt0039849","original_language":"en","original_title":"Son of Zorro","overview":"A man returning home after having fought in the Civil War discovers that corrupt politicians have taken over the county and are terrorizing and shaking down the citizens. He dons the costume of his ancestor, the famous Zorro, and sets out to bring them to justice.","popularity":0.000296,"poster_path":"/sOgyy4Tko2XmWnQsMPLf5MXyUqi.jpg","production_companies":[{"name":"Republic Pictures","id":1432}],"production_countries":[{"iso_3166_1":"US","name":"United States of America"}],"release_date":"1947-01-18","revenue":0,"runtime":0,"spoken_languages":[{"iso_639_1":"en","name":"English"}],"status":"Released","tagline":"THE BOLDEST MAN IN THE WEST LIVES AGAIN...striking blow after blow against ruthless...reckless renegades!","title":"Son of Zorro","video":false,"vote_average":0.0,"vote_count":0}
