{"adult":false,"backdrop_path":"/lQF08cPhTlqOKFS5T2k3wD0nyuN.jpg","belongs_to_collection":null,"budget":0,"genres":[{"id":35,"name":"Comedy"},{"id":10749,"name":"Romance"}],"homepage":"","id":100168,"imdb_id":"tt0053595","original_language":"en","original_title":"Amor bajo cero","overview":"In the resort of La Molina an international competition is held  and ski racers from different countries come to Barcelona. They become friends, especially Nuria and Ramon, but Nuria already has a boyfriend","popularity":0.000148,"poster_path":"/uywyu6jfYezJFGXqEhXEc48pYVN.jpg","production_companies":[],"production_countries":[{"iso_3166_1":"ES","name":"Spain"}],"release_date":"1960-09-01","revenue":0,"runtime":83,"spoken_languages":[{"iso_639_1":"es","name":"Español"},{"iso_639_1":"en","name":"English"}],"status":"Released","tagline":"","title":"Amor bajo cero","video":false,"vote_average":0.0,"vote_count":0}
