{"adult":false,"backdrop_path":null,"belongs_to_collection":null,"budget":0,"genres":[{"id":9648,"name":"Mystery"},{"id":27,"name":"Horror"}],"homepage":"","id":100468,"imdb_id":"tt0067178","original_language":"en","original_title":"...hanno cambiato faccia","overview":"In this allegory on capitalism, director of a known car corporation invites one of his employees to his country villa to give him the good news. He just got promoted. However, the old man is not what he seems and promotion has a price.","popularity":0.009759,"poster_path":"/tawjuvWdoCYZAvscPPh3E4WuPSg.jpg","production_companies":[{"name":"Film 70","id":9307}],"production_countries":[{"iso_3166_1":"IT","name":"Italy"}],"release_date":"1971-07-02","revenue":0,"runtime":90,"spoken_languages":[{"iso_639_1":"it","name":"Italiano"}],"status":"Released","tagline":"","title":"They Have Changed Their Face","video":false,"vote_average":0.0,"vote_count":0}
