{"adult":false,"backdrop_path":"/mluy8CiCeT83c0wMuUqAC53WKtW.jpg","belongs_to_collection":null,"budget":0,"genres":[{"id":27,"name":"Horror"}],"homepage":"","id":100770,"imdb_id":"tt0057890","original_language":"en","original_title":"The Black Torment","overview":"A lord returns to his manor with his new wife, to hear rumours that he had already secretly returned and had committed several murders. Has he lost his mind, or is something dark afoot ?","popularity":0.000156,"poster_path":"/3sJpSEsl9UeAFLcYVky1DQDadAi.jpg","production_companies":[{"name":"Compton Films","id":1361},{"name":"Tekli British Productions","id":1754}],"production_countries":[{"iso_3166_1":"GB","name":"United Kingdom"}],"release_date":"1964-10-19","revenue":0,"runtime":90,"spoken_languages":[{"iso_639_1":"en","name":"English"}],"status":"Released","tagline":"A Creature From the Grave Bears Witness to Murder","title":"The Black Torment","video":false,"vote_average":5.8,"vote_count":2}
