{"adult":false,"backdrop_path":null,"belongs_to_collection":null,"budget":0,"genres":[{"id":28,"name":"Action"},{"id":18,"name":"Drama"}],"homepage":"","id":100458,"imdb_id":"tt0142099","original_language":"en","original_title":"Bakuhatsu! Boso yugi","overview":"Teruo Ishii's West Side Story, done as a bloody, violent, sexploitative biker gang film. It's the Red Chilis versus the Black Cats, and the chick who just may heal the divide.","popularity":0.05,"poster_path":"/8mKqUhlqY3qGJCDuDzHVUmSBPXK.jpg","production_companies":[{"name":"Toei Tokyo","id":3790}],"production_countries":[{"iso_3166_1":"JP","name":"Japan"}],"release_date":"1976-01-01","revenue":0,"runtime":86,"spoken_languages":[{"iso_639_1":"ja","name":"日本語"}],"status":"Released","tagline":"","title":"Detonation! Violent Games","video":false,"vote_average":0.0,"vote_count":0}
