{"adult":false,"backdrop_path":null,"belongs_to_collection":null,"budget":0,"genres":[{"id":28,"name":"Action"},{"id":53,"name":"Thriller"},{"id":878,"name":"Science Fiction"}],"homepage":"","id":100448,"imdb_id":"tt0116060","original_language":"fr","original_title":"Death Game","overview":"A devastating earthquake has left Los Angeles split in two. The wealthy now live in a new island metropolis, while the poor struggle to survive in the ruins of the old city. Detective Jack has been assigned to investigate the disappearance of a wealthy businessman's daughter somewhere in the ruined zone. While questioning some local punks, Jack and the others are suddenly attacked and kidnapped by a mysterious gang of thugs and taken to a hidden prison compound where they are hunted down by a strange half-man, half-machine killer. Somehow, Jack must find the girl and figure out who's behind this place, but first he must get out alive. (Written by Jean-Marc Rocher )","popularity":0.000716,"poster_path":"/fuwga1bbfSbRqQKL5zwEeEM9Liy.jpg","production_companies":[{"name":"New Horizons","id":2000}],"production_countries":[{"iso_3166_1":"US","name":"United States of America"}],"release_date":"1997-12-16","revenue":0,"runtime":93,"spoken_languages":[{"iso_639_1":"en","name":"English"}],"status":"Released","tagline":"Death is the only escape.","title":"Death Game","video":false,"vote_average":0.0,"vote_count":0}
