{"adult":false,"backdrop_path":"/fjTeotC4N3NeqftC4whbSlwbq8H.jpg","belongs_to_collection":null,"budget":0,"genres":[{"id":35,"name":"Comedy"}],"homepage":"http://www.lolaversus.com/","id":100529,"imdb_id":"tt1710417","original_language":"en","original_title":"Lola Versus","overview":"Just three weeks before her wedding, Lola (Greta Gerwig) finds herself suddenly without a partner when her longtime fiance, Luke (Joel Kinnaman), dumps her. With her 30th birthday looming and being forced to re-enter the New York City dating scene, she feels adrift in a cold world. She leans on her friends (Zoe Lister-Jones, Hamish Linklater) for support but, after a series of romantic humiliations, professional blunders and boozy antics, Lola realizes that she alone is in charge of her fate.","popularity":0.518023,"poster_path":"/6WNUwaz7HVTzBsvPH9sX4rZ38Ae.jpg","production_companies":[{"name":"Fox Searchlight Pictures","id":43},{"name":"Groundswell Productions","id":4205}],"production_countries":[{"iso_3166_1":"US","name":"United States of America"}],"release_date":"2012-04-24","revenue":252603,"runtime":87,"spoken_languages":[{"iso_639_1":"en","name":"English"}],"status":"Released","tagline":"Lola vs. Sex, Love, Lola, The World.","title":"Lola Versus","video":false,"vote_average":4.7,"vote_count":22}
