{"adult":false,"backdrop_path":"/ef4dF5rWo6VtYF8uTdvek1zyB41.jpg","belongs_to_collection":null,"budget":0,"genres":[{"id":35,"name":"Comedy"},{"id":18,"name":"Drama"}],"homepage":"","id":100072,"imdb_id":"tt0284320","original_language":"en","original_title":"Mother Ghost","overview":"Keith Bennets mother passed away a year ago, and he feels like he has moved on with his life, until one morning his mothers jewelry shows up on Keiths bathroom sink. The same jewelry she was buried in. Keith tells his wife Karen, about the jewelry and that is the last straw. She claims he is distant and has shut her out. Now he thinks he is seeing things that aren't there and if things don't improve, she will take their only son and leave. Forced with the ultimatum, Keith launches himself on a day of reclamation. Keith winds up on the phone with a popular radio Psychiatrist who guides Keith through what he cannot see on his own. Keith discovers a new man and a new attitude. Several people are listening to Keith's plight on the radio and are making changes of their own. Is this dead visitor all in Keith's head or is she truly a Mother Ghost?","popularity":0.000472,"poster_path":"/qrfbBMA2Ehgu0Mfgx5x5ASACZo8.jpg","production_companies":[],"production_countries":[{"iso_3166_1":"US","name":"United States of America"}],"release_date":"2002-08-08","revenue":0,"runtime":76,"spoken_languages":[{"iso_639_1":"en","name":"English"}],"status":"Rumored","tagline":"","title":"Mother Ghost","video":false,"vote_average":0.0,"vote_count":0}
