{"adult":false,"backdrop_path":null,"belongs_to_collection":null,"budget":0,"genres":[{"id":35,"name":"Comedy"}],"homepage":"","id":100163,"imdb_id":"tt0049205","original_language":"en","original_title":"El fenómeno","overview":"A professor at the University of Frankfurt is mistaken for a Russian soccer player on his arrival at Madrid airport. There, he is received as a sports figure and the teacher, unaware of the confusion, take it as an extraordinary compliment. However, problems arise when, after discovering the error, the professor has to pretend to be the player until he appears","popularity":0.000144,"poster_path":"/zdPbW82Lqk838lH2XYmIAXTKAU0.jpg","production_companies":[],"production_countries":[],"release_date":"1956-09-09","revenue":0,"runtime":88,"spoken_languages":[{"iso_639_1":"es","name":"Español"}],"status":"Released","tagline":"","title":"El fenómeno","video":false,"vote_average":0.0,"vote_count":0}
