{"adult":false,"backdrop_path":"/zlEESNq3sATd1VpZMGZHtYjIuZL.jpg","belongs_to_collection":null,"budget":0,"genres":[{"id":16,"name":"Animation"}],"homepage":"","id":100592,"imdb_id":"tt0239921","original_language":"cs","original_title":"Ruka","overview":"A happy little potter is approached by a huge hand which wants him to sculpt its statue. The potter refuses, wanting nothing more than to be left alone with his only friend, a potted plant. As the hand's request gives way to bribery, demands, and threats, the potter becomes more desperate to escape its clutch, leading to tragedy.","popularity":0.005439,"poster_path":"/tW4cLjJGwLwUINUigYUYIoyPoKo.jpg","production_companies":[],"production_countries":[{"iso_3166_1":"CZ","name":"Czech Republic"}],"release_date":"1965-10-26","revenue":0,"runtime":18,"spoken_languages":[{"iso_639_1":"cs","name":"Český"}],"status":"Released","tagline":"","title":"The Hand","video":false,"vote_average":9.0,"vote_count":2}
