{"adult":false,"backdrop_path":null,"belongs_to_collection":null,"budget":0,"genres":[{"id":99,"name":"Documentary"}],"homepage":"http://www.channel4.com/programmes/coming-out-to-class","id":100132,"imdb_id":"tt0981218","original_language":"en","original_title":"Coming Out to Class","overview":"Around 62% of gay teenagers are now choosing to 'come out' to their school. Qboy, Britain's first openly gay rapper, finds out why.","popularity":0.000857,"poster_path":null,"production_companies":[],"production_countries":[],"release_date":"2009-05-05","revenue":0,"runtime":48,"spoken_languages":[],"status":"Released","tagline":"","title":"Coming Out to Class","video":false,"vote_average":0.0,"vote_count":0}
