{"adult":false,"backdrop_path":"/6ZYggsKAl0efrVMNlg54BUL1FCg.jpg","belongs_to_collection":null,"budget":0,"genres":[],"homepage":"","id":100395,"imdb_id":"tt0050194","original_language":"en","original_title":"Birds Anonymous","overview":"In this spoof of Alcoholics Anonymous, pussy cats are cast as bird-eating addicts and go through the 12-step process to deal with their addiction. Sylvester, who could never quite get the best of the object of his desire, Tweety Bird, joins and resolves to quit chasing and eating the canary.","popularity":0.000359,"poster_path":"/geHZ4AxQwBV3EEO9V4a2mx0MThL.jpg","production_companies":[{"name":"Warner Bros. Pictures","id":174}],"production_countries":[{"iso_3166_1":"US","name":"United States of America"}],"release_date":"1957-08-10","revenue":0,"runtime":7,"spoken_languages":[{"iso_639_1":"en","name":"English"}],"status":"Released","tagline":"","title":"Birds Anonymous","video":false,"vote_average":8.0,"vote_count":1}
