{"adult":false,"backdrop_path":"/r1pi8wKGCMkepNYmThOCeLsdJYH.jpg","belongs_to_collection":null,"budget":0,"genres":[{"id":16,"name":"Animation"},{"id":10751,"name":"Family"}],"homepage":"","id":100308,"imdb_id":"tt0026481","original_language":"en","original_title":"Hollywood Capers","overview":"W.C.Fields enters the Warmer Bros. Studio. Beans tries to drive in, but the guard throws him and his car against a tree. Charlie Chaplin drives in, followed by Oliver Hardy on foot - but we see that it's really Beans in disguise. Oliver Owl is directing a picture; Beans sneaks onto the stage. He's watching from a catwalk when someone knocks him off, into the middle of the scene. Beans is thrown off the set, right into the set of a Frankenstein movie. He accidentally brings the robotic monster to life, and it crashes into the original studio, eating the camera. Beans tries to stop the monster, but is sent flying. He lands against a wind machine. which chops up the monster.","popularity":0.00017,"poster_path":"/jz2oqcweydgWTZ7o8Lz8JgUUrqL.jpg","production_companies":[{"name":"Leon Schlesinger Studios","id":8298}],"production_countries":[{"iso_3166_1":"US","name":"United States of America"}],"release_date":"1935-10-19","revenue":0,"runtime":7,"spoken_languages":[{"iso_639_1":"en","name":"English"}],"status":"Released","tagline":"","title":"Hollywood Capers","video":false,"vote_average":3.3,"vote_count":2}
