{"adult":false,"backdrop_path":"/qkId1fp5PJUCu4MlumIN8d919ZN.jpg","belongs_to_collection":null,"budget":0,"genres":[],"homepage":"http://www.tesseractband.co.uk","id":100608,"imdb_id":"","original_language":"en","original_title":"TesseracT: Concealing Fate Live In The Studio","overview":"One is the debut studio album by British progressive metal band TesseracT released on March 22nd 2011, [1] the album features six tracks, with the third track \"Concealing Fate\" split into 6 parts for a total length of over twenty five minutes. This is TesseracT's only release with vocalist Daniel Tompkins.","popularity":0.001307,"poster_path":"/qdQHlrXuOBl8ZRXefQ8pd2P2eu9.jpg","production_companies":[],"production_countries":[],"release_date":"2011-06-16","revenue":0,"runtime":0,"spoken_languages":[],"status":"Released","tagline":"","title":"TesseracT: Concealing Fate Live In The Studio","video":false,"vote_average":9.0,"vote_count":1}
