{"adult":false,"backdrop_path":null,"belongs_to_collection":null,"budget":0,"genres":[{"id":35,"name":"Comedy"}],"homepage":"","id":100717,"imdb_id":"tt0068988","original_language":"de","original_title":"Mädchen, die nach München kommen","overview":"Young women come to Munich for fun and work during the '72 Olympics and invariably wind up naked.","popularity":1.7e-05,"poster_path":"/k34CzCnfuv7aMnKdPS2c0QYxVn0.jpg","production_companies":[{"name":"Rapid Film","id":12782}],"production_countries":[{"iso_3166_1":"DE","name":"Germany"}],"release_date":"1972-08-25","revenue":0,"runtime":87,"spoken_languages":[{"iso_639_1":"de","name":"Deutsch"}],"status":"Released","tagline":"Working Their Way Through College-No Job is Too Big, Too Hard or Too Wild!","title":"The Swinging Co-eds","video":false,"vote_average":3.8,"vote_count":2}
