{"adult":false,"backdrop_path":null,"belongs_to_collection":null,"budget":0,"genres":[{"id":18,"name":"Drama"},{"id":10751,"name":"Family"}],"homepage":"","id":100654,"imdb_id":"","original_language":"en","original_title":"No More Baths","overview":"*  When greedy land developers attempt to push a kindly widower off of his property, they receive an unexpected challenge from his ten-year-old neighbor in this family-oriented drama that shows a little love can go a long way. After being robbed of his family by a tragic fire, Jake opened his doors and his heart to the children of Glenwood Springs. Having learned a thing or two about helping others from his parents, who work as legal-aid attorneys, Jake's ten-year-old neighbor Keagan is troubled to learn that Jake's home is in jeopardy as land developers and government bureaucrats move in to make way for new developments in the neighborhood. Quickly organizing his friends into a powerful but peaceful protest force known as the \"Glenwood Springs Kids Corp.\" Keagan and friends learn an important lesson in responsibility as they come to the aid of an old friend in need. ~ Jason Buchanan, Rovi","popularity":0.000144,"poster_path":"/ija9culgBgtpHeR0VaXzdlQQH6o.jpg","production_companies":[],"production_countries":[],"release_date":"1998-07-01","revenue":0,"runtime":93,"spoken_languages":[],"status":"Released","tagline":"","title":"No More Baths","video":false,"vote_average":0.0,"vote_count":0}
