{"adult":false,"backdrop_path":"/58o4fbADoCxMYG5OCp8ku71tyRG.jpg","belongs_to_collection":null,"budget":0,"genres":[],"homepage":"","id":100137,"imdb_id":"","original_language":"en","original_title":"The Cinematographer Project - Transworld Skateboarding","overview":"TransWorld SKATEboarding is proud to present our 24th video, The Cinematographer Project. We’ve assembled 13 of skateboarding’s finest filmmakers to each produce their own original three-to-five minute short. The result is a truly creative and diverse take on the current world of skateboarding. Featuring: Jon Holland, Mike Manzoori, Bill Strobeck, Russell Houghten, Dan Wolfe, Chris Ray, Brennan Conroy, Beagle, Torsten Frank, Lee Dupont, RB Umali, Christopher Middlebrook, Alien Workshop","popularity":0.001732,"poster_path":"/MJ3tcSF5m4CorluId03cfbhfPO.jpg","production_companies":[],"production_countries":[],"release_date":"2012-03-01","revenue":0,"runtime":68,"spoken_languages":[],"status":"Released","tagline":"","title":"The Cinematographer Project - Transworld Skateboarding","video":false,"vote_average":0.0,"vote_count":0}
