{"adult":false,"backdrop_path":"/f7KyqzNplYZ5CicyeAuJIje3eRd.jpg","belongs_to_collection":null,"budget":0,"genres":[{"id":16,"name":"Animation"},{"id":10751,"name":"Family"},{"id":35,"name":"Comedy"}],"homepage":"","id":100382,"imdb_id":"tt0036452","original_language":"en","original_title":"Tortoise Wins by a Hare","overview":"Bugs challenges Cecil Turtle to race, only this time he's wearing an aerodynamic suit like Cecil's. Unfortunately, the gambling ring has bet everything on the rabbit, and Bugs now looks like a tortoise.","popularity":0.0003,"poster_path":"/hHBY7ooxt86vQjmSocTOfu7oWS.jpg","production_companies":[{"name":"Leon Schlesinger Studios","id":8298}],"production_countries":[{"iso_3166_1":"US","name":"United States of America"}],"release_date":"1943-02-20","revenue":0,"runtime":7,"spoken_languages":[{"iso_639_1":"en","name":"English"},{"iso_639_1":"fr","name":"Français"}],"status":"Released","tagline":"","title":"Tortoise Wins by a Hare","video":false,"vote_average":0.0,"vote_count":0}
