{"adult":true,"backdrop_path":"/gABj5QW7Q0nysS3hU80ZucMYLVb.jpg","belongs_to_collection":null,"budget":0,"genres":[],"homepage":"http://www.c1r.com/products/rv1203-brother-fucker#","id":100775,"imdb_id":"","original_language":"en","original_title":"Brother Fucker","overview":"A must own for any porn fanatic, \"Brother Fucker\" is the single most controversial and talked about XXX movie of the year! Drop dead gorgeous identical twin brothers Luca and Liam Rosso star in \"Brother Fucker\", featuring gay porn superstar Brent Everett in his first bottoming scene under exclusive contract to C1R! Brent bangs and gets banged by these bros in the ultimate twin taboo. The brothers double mouth dick Brent down before getting in a daisy chain for a cum loaded explosive finale! And that's just the start. Featuring an all-star cast of non-stop sweat and cum drenched fuck sessions, \"Brother Fucker\" keeps it all in the C1R family.","popularity":0.001581,"poster_path":"/h1JK4pkqPZJKLMuMzDhhNb443bz.jpg","production_companies":[{"name":"Channel 1 Releasing","id":6473},{"name":"Rascal Video","id":6713}],"production_countries":[{"iso_3166_1":"US","name":"United States of America"}],"release_date":"2011-10-28","revenue":0,"runtime":112,"spoken_languages":[{"iso_639_1":"en","name":"English"}],"status":"Released","tagline":"The Ultimate Twin Taboo","title":"Brother Fucker","video":false,"vote_average":6.5,"vote_count":1}
