{"adult":false,"backdrop_path":"/xtYptXyPxyciMbSls4xDySK4tmS.jpg","belongs_to_collection":null,"budget":0,"genres":[{"id":99,"name":"Documentary"},{"id":10769,"name":"Foreign"}],"homepage":"","id":100178,"imdb_id":"tt1132585","original_language":"es","original_title":"Fraude: México 2006","overview":"This is a documentary about the mexican presidential election in july 2th 2006, in which the left candidate Andrés Manuel López Obrador, accused fraud against him and the people. This is the story of their fight for democracy.","popularity":0.000574,"poster_path":"/qKVYEyKpC7e8lZ0tL8NllJ6HorQ.jpg","production_companies":[],"production_countries":[{"iso_3166_1":"MX","name":"Mexico"}],"release_date":"2007-11-16","revenue":0,"runtime":110,"spoken_languages":[{"iso_639_1":"es","name":"Español"}],"status":"Released","tagline":"Atrévete a saber la verdad","title":"Fraude: México 2006","video":false,"vote_average":0.0,"vote_count":0}
