{"adult":false,"backdrop_path":null,"belongs_to_collection":null,"budget":0,"genres":[],"homepage":"","id":100368,"imdb_id":"tt0031308","original_language":"en","original_title":"The Film Fan","overview":"Porky Pig is on his way to the store to pick up some groceries for his mother when he walks by a sign saying that the local movie theater is having a \"kids admitted free\" day. The excited Porky rushes in and views a series of spoofs of newsreels, movie trailers, feature films, and even the Lone Ranger!","popularity":0.000143,"poster_path":"/jYacALJf4n0CKPzSlLECdlIejYF.jpg","production_companies":[],"production_countries":[],"release_date":"1939-12-16","revenue":0,"runtime":7,"spoken_languages":[],"status":"Released","tagline":"","title":"The Film Fan","video":false,"vote_average":6.0,"vote_count":1}
