{"adult":false,"backdrop_path":null,"belongs_to_collection":null,"budget":0,"genres":[],"homepage":"","id":100170,"imdb_id":"tt0042202","original_language":"en","original_title":"Aquel hombre de Tánger","overview":"Mary Ellen travels abroad and ends up marrying a Count while she is intoxicated. The Count disappears and with the aid of her father, George, she tracks down his address in the Casbah, only to discover he was an impostor. The real count is Henri, a nondescript man with a shrewd business sense. Mary Ellen pays him to carry on the masquerade of being her husband so she can get a divorce.","popularity":0.000174,"poster_path":"/p1GYqnvAuC9XGun5uqIRFBYIK1F.jpg","production_companies":[],"production_countries":[],"release_date":"1953-05-08","revenue":0,"runtime":82,"spoken_languages":[{"iso_639_1":"en","name":"English"}],"status":"Released","tagline":"","title":"That Man from Tangier","video":false,"vote_average":0.0,"vote_count":0}
