{"adult":false,"backdrop_path":"/laHDcr9eKD7F7e8pBGJ4ew9pYEt.jpg","belongs_to_collection":null,"budget":4000000,"genres":[{"id":35,"name":"Comedy"},{"id":14,"name":"Fantasy"},{"id":10751,"name":"Family"}],"homepage":"","id":100791,"imdb_id":"tt2288121","original_language":"ru","original_title":"Tot yeshchyo Karloson!","overview":"The hero of Mikhail Galustyan, known in our world as KarlOson, lives in a magical and colorful world of metrics - chubby flying big-ear humanoids one meter tall, whose mission - to help kids. Metrics can show themselves to children, but are forced to carefully hide the fact of their existence from boring adults.","popularity":0.089054,"poster_path":"/yK5KyL8nZ1NCBRFqqiAvGmh9yLW.jpg","production_companies":[{"name":"Enjoy Movies","id":9340}],"production_countries":[{"iso_3166_1":"RU","name":"Russia"}],"release_date":"2012-03-15","revenue":9938268,"runtime":80,"spoken_languages":[{"iso_639_1":"ru","name":"Pусский"}],"status":"Released","tagline":"","title":"That still Karloson!","video":false,"vote_average":0.0,"vote_count":0}
