{"adult":false,"backdrop_path":"/r2RG4Eeiq3rbEOsreyiEjhIFHl1.jpg","belongs_to_collection":null,"budget":0,"genres":[{"id":16,"name":"Animation"},{"id":10751,"name":"Family"}],"homepage":"","id":100311,"imdb_id":"tt0042573","original_language":"en","original_title":"Homeless Hare","overview":"A construction worker destroys Bugs' home with a steam shovel and refuses to repair the damage.","popularity":0.000228,"poster_path":"/wrb5MyxZgMhsvxiVWnDWpBYDVxo.jpg","production_companies":[{"name":"Warner Bros. Pictures","id":174}],"production_countries":[{"iso_3166_1":"US","name":"United States of America"}],"release_date":"1950-03-11","revenue":0,"runtime":7,"spoken_languages":[{"iso_639_1":"en","name":"English"}],"status":"Released","tagline":"","title":"Homeless Hare","video":false,"vote_average":0.0,"vote_count":0}
