{"adult":true,"backdrop_path":"/XDeabxZvGsWSHpSXtK3qUN2h8i.jpg","belongs_to_collection":null,"budget":0,"genres":[],"homepage":"","id":100792,"imdb_id":"tt0482197","original_language":"en","original_title":"Daddy Says Billy's Back","overview":"After a year-long hiatus, megastar Billy Brandt is making his triumphant return to action in U.S. Male's Daddy Says Billy's Back, under the direction of world renowned Paul Barresi. Brandt stars alongside Mr. Leather Colorado U.S.A. David Griffin, muscle bound Dillon Press and five others in this sexual extravaganza which features an eye-popping double penetration. Daddy Says Billy's Back is a dick-drenched daddy sexfest that's guaranteed to keep you MENtertained for years and years to cum.","popularity":0.000493,"poster_path":"/oB5YTPEJYWA25AhKpBxwk5kAlNq.jpg","production_companies":[{"name":"U.S. Male","id":9356}],"production_countries":[{"iso_3166_1":"US","name":"United States of America"}],"release_date":"2005-02-15","revenue":0,"runtime":79,"spoken_languages":[{"iso_639_1":"en","name":"English"}],"status":"Released","tagline":"","title":"Daddy Says Billy's Back","video":false,"vote_average":7.0,"vote_count":1}
