{"adult":false,"backdrop_path":null,"belongs_to_collection":null,"budget":0,"genres":[{"id":18,"name":"Drama"},{"id":10402,"name":"Music"}],"homepage":"","id":100267,"imdb_id":"tt0087171","original_language":"en","original_title":"Down on Us","overview":"The story of Jimi Hendrix, Jim Morrison, and Janis Joplin, and how their message for their generation made them targets of a US government plot.","popularity":0.000405,"poster_path":"/nOry6vKIMru2PBQoQzjXPcUv6BH.jpg","production_companies":[{"name":"Omni Leisure International","id":9293}],"production_countries":[{"iso_3166_1":"US","name":"United States of America"}],"release_date":"1984-01-01","revenue":0,"runtime":117,"spoken_languages":[{"iso_639_1":"en","name":"English"}],"status":"Released","tagline":"","title":"Down on Us","video":false,"vote_average":2.0,"vote_count":1}
