{"adult":false,"backdrop_path":null,"belongs_to_collection":null,"budget":0,"genres":[{"id":18,"name":"Drama"},{"id":36,"name":"History"},{"id":10752,"name":"War"},{"id":10769,"name":"Foreign"}],"homepage":"","id":100513,"imdb_id":"tt0204980","original_language":"en","original_title":"Countdown to War","overview":"Based on a play, the story details the dramatic negotiations between UK, France, Poland, Nazi-Germany and USSR from the day Czechoslovakia fell, until Britain's declaration of war on Germany caused by Hitler's invasion of Poland.","popularity":0.008775,"poster_path":"/6GreTJ9XJ6sMXct9Xabu11gX4SR.jpg","production_companies":[],"production_countries":[],"release_date":"1989-04-07","revenue":0,"runtime":0,"spoken_languages":[],"status":"Released","tagline":"","title":"Countdown to War","video":false,"vote_average":0.0,"vote_count":0}
