{"adult":true,"backdrop_path":null,"belongs_to_collection":null,"budget":0,"genres":[],"homepage":"","id":100718,"imdb_id":"tt0079975","original_language":"eo","original_title":"Sweet Savage","overview":null,"popularity":0.0,"poster_path":"/xrlIAfNeCZZxEerhWMPSM1XMN4i.jpg","production_companies":[],"production_countries":[{"iso_3166_1":"US","name":"United States of America"}],"release_date":"1979-01-01","revenue":0,"runtime":0,"spoken_languages":[{"iso_639_1":"en","name":"English"}],"status":"Released","tagline":"","title":"Sweet Savage","video":false,"vote_average":6.5,"vote_count":1}
