{"adult":false,"backdrop_path":null,"belongs_to_collection":null,"budget":0,"genres":[],"homepage":"","id":100169,"imdb_id":"tt0043763","original_language":"en","original_title":"Luna de sangre","overview":"Arcos de la Frontera, in the early nineteenth century, when Napoleon's troops invaded Spain. In house Alvareda they are preparing the wedding of the daughter with a young man named Ventura. But the wedding is not held because Ventura escapes after killing a French soldier. Years later he returns and resumes his relationship with his fiancee. However, a great secret weighs in his heart, he feels an irrepressible passion for Rita, the wife of his brother in law.","popularity":0.000239,"poster_path":"/kdDoKFS1PFDrnB9RPv5DRfLSZ2J.jpg","production_companies":[],"production_countries":[],"release_date":"1952-02-12","revenue":0,"runtime":95,"spoken_languages":[{"iso_639_1":"es","name":"Español"}],"status":"Released","tagline":"","title":"Luna de sangre","video":false,"vote_average":0.0,"vote_count":0}
