{"adult":false,"backdrop_path":null,"belongs_to_collection":null,"budget":300000,"genres":[{"id":99,"name":"Documentary"},{"id":10749,"name":"Romance"}],"homepage":"http://www.sunkissedthefilm.com/","id":100532,"imdb_id":"tt1998399","original_language":"en","original_title":"Sun Kissed","overview":"Sun Kissed tells the story of Dorey and Yolanda Nez, a Navajo couple whose children were born with XP - a rare genetic disorder, which causes skin cancer from any exposure to sunlight.","popularity":0.002823,"poster_path":"/wSs5ogkHhFvNFpbo4kDy9BZFiIJ.jpg","production_companies":[],"production_countries":[],"release_date":"2012-06-01","revenue":0,"runtime":82,"spoken_languages":[],"status":"Released","tagline":"","title":"Sun Kissed","video":false,"vote_average":0.0,"vote_count":0}
