{"adult":false,"backdrop_path":null,"belongs_to_collection":null,"budget":0,"genres":[{"id":18,"name":"Drama"}],"homepage":"","id":100120,"imdb_id":"tt0034739","original_language":"en","original_title":"Flight Lieutenant","overview":"A disgraced pilot determines to regain the respect of both his son, now a test pilot for the Army, and the men he once flew with.","popularity":0.000145,"poster_path":"/2AwK8R0sOVVcIdoTEkc4VrvU5aN.jpg","production_companies":[{"name":"Columbia Pictures Corporation","id":441}],"production_countries":[{"iso_3166_1":"US","name":"United States of America"}],"release_date":"1942-07-09","revenue":0,"runtime":80,"spoken_languages":[],"status":"Released","tagline":"Flying like angels! Fighting like demons! Loving like men!","title":"Flight Lieutenant","video":false,"vote_average":0.0,"vote_count":0}
