{"adult":false,"backdrop_path":null,"belongs_to_collection":null,"budget":0,"genres":[{"id":99,"name":"Documentary"}],"homepage":"","id":100811,"imdb_id":"tt0174028","original_language":"en","original_title":"Mission Accomplished","overview":"Documentary short film detailing the first high-altitude daylight bombing of Germany by American B-17 bombers.","popularity":0.000143,"poster_path":"/bkLXdAlxRRGzO27gq46IkGSREzZ.jpg","production_companies":[{"name":"Universal Pictures","id":33},{"name":"US Office of War Information","id":9358}],"production_countries":[{"iso_3166_1":"US","name":"United States of America"}],"release_date":"1943-04-29","revenue":0,"runtime":10,"spoken_languages":[],"status":"Released","tagline":"The Story of the Flying Fortress","title":"Mission Accomplished","video":false,"vote_average":0.0,"vote_count":0}
