{"adult":false,"backdrop_path":"/aCbjlr0KBSpAw1klNprhgGO5vgv.jpg","belongs_to_collection":null,"budget":0,"genres":[{"id":16,"name":"Animation"}],"homepage":"","id":100750,"imdb_id":"tt0154604","original_language":"en","original_title":"The Home Front","overview":"A homesick Pvt. Snafu learns that his family are almost as commited to the war efforts as himself.","popularity":0.00018,"poster_path":"/4ERS7wsbfjnRyWvtDCfsTDkR7d0.jpg","production_companies":[{"name":"Warner Bros. Pictures","id":174}],"production_countries":[{"iso_3166_1":"US","name":"United States of America"}],"release_date":"1943-11-01","revenue":0,"runtime":3,"spoken_languages":[],"status":"Released","tagline":"","title":"The Home Front","video":false,"vote_average":5.0,"vote_count":1}
