{"adult":false,"backdrop_path":null,"belongs_to_collection":null,"budget":0,"genres":[{"id":18,"name":"Drama"},{"id":10749,"name":"Romance"}],"homepage":"","id":100423,"imdb_id":"tt0067103","original_language":"fr","original_title":"Fleur Bleue","overview":"In Montréal, Jean-Pierre is fired on the set of a TV commercial where he's an apprentice technician. He's penniless, behind on his rent, with a thin resume and no college units. He has a fiancée, Michelle, but his head is turned by a free-spirited model, from the U.S., who saw him being fired and comes to his flat to apologize. She's Elizabeth, a combination of feckless innocence and sexual freedom. Jean-Pierre borrows money from his outlaw friend, Dock, and buys clothes to impress Elizabeth. Soon he's sleeping with her, and he pulls a theft with Dock to get money to take her to Acapulco. Michelle tries to bring him back to her orbit. Is there a way out for Jean-Pierre?","popularity":0.0,"poster_path":"/5bLjxzF65uazEBEUyxISwoGHOZd.jpg","production_companies":[{"name":"Potterton Productions","id":9296}],"production_countries":[{"iso_3166_1":"CA","name":"Canada"}],"release_date":"1971-09-10","revenue":0,"runtime":81,"spoken_languages":[{"iso_639_1":"fr","name":"Français"},{"iso_639_1":"en","name":"English"}],"status":"Released","tagline":"","title":"The Apprentice","video":false,"vote_average":0.0,"vote_count":0}
