{"adult":false,"backdrop_path":null,"belongs_to_collection":null,"budget":0,"genres":[{"id":28,"name":"Action"},{"id":12,"name":"Adventure"},{"id":10752,"name":"War"}],"homepage":"","id":100814,"imdb_id":"tt0036423","original_language":"en","original_title":"Nazty Nuisance","overview":"Germany's Adolf Hitler, with his Axis-stooges, Italy's Mussolini and Japan's Suki Yama, although he tried to avoid taking them, is on his way, via submarine, to a tropical country to negotiate a treaty with the High Chief Paj Mab. However, an American P.T-boat crew is already there and have some plans for schickenbit-grubber and his buddies.","popularity":0.00015,"poster_path":"/bXd8AoyubMvjp4z9f0Rk8rxW5nD.jpg","production_companies":[{"name":"Hal Roach Studios","id":2159}],"production_countries":[{"iso_3166_1":"US","name":"United States of America"}],"release_date":"1943-08-06","revenue":0,"runtime":43,"spoken_languages":[],"status":"Released","tagline":"GET READY FOR ROARS! THEY'RE GOING TO DROP HITLER ON BERLIN...When Hal Roach Presents \"That Nazty Nuisance!","title":"Nazty Nuisance","video":false,"vote_average":0.0,"vote_count":0}
