{"adult":false,"backdrop_path":"/jKmv4f3Fq8QWsZC7Po3zNoeIjXT.jpg","belongs_to_collection":null,"budget":0,"genres":[{"id":99,"name":"Documentary"}],"homepage":"","id":100633,"imdb_id":"tt2004361","original_language":"en","original_title":"Last Flight of the Space Shuttle","overview":"The story of the space shuttle - it's triumphs and disasters - and the dream of building an affordable and reusable spacecraft","popularity":0.001434,"poster_path":"/qOIOq4e17NrnAXCZWlclaGWzeVN.jpg","production_companies":[],"production_countries":[],"release_date":"2011-07-23","revenue":0,"runtime":43,"spoken_languages":[{"iso_639_1":"en","name":"English"}],"status":"Released","tagline":"","title":"Last Flight of the Space Shuttle","video":false,"vote_average":5.2,"vote_count":3}
