{"adult":false,"backdrop_path":"/hbRaCdJ8ogyVsIIzFqfmHClzcsH.jpg","belongs_to_collection":null,"budget":0,"genres":[{"id":35,"name":"Comedy"}],"homepage":"","id":100053,"imdb_id":"tt0057580","original_language":"en","original_title":"The Three Stooges Go Around the World in a Daze","overview":"Phileas Fogg III, great grandson of the original Phileas Fogg, accepts a bet to duplicate his great grandfather's famous trip around the world in response to a challenge made by Randolph Stuart III, the descendant of the original Fogg's nemesis. Unbeknownst to anyone, However, \"Stuart\" is the infamous con man Vicker Cavendish who made the bet in order to cover up his robbing the bank of England by framing Fogg for the crime. This makes for a dangerous journey for Fogg and his servants (the stooges) and Amelia Carter, whom they rescue from thugs during a train ride. Can they make it back to England in time ?","popularity":0.000148,"poster_path":"/czyJDVoazHZNWjrA4B68W8oFXdI.jpg","production_companies":[],"production_countries":[],"release_date":"1963-08-21","revenue":0,"runtime":0,"spoken_languages":[{"iso_639_1":"en","name":"English"}],"status":"Released","tagline":"","title":"The Three Stooges Go Around the World in a Daze","video":false,"vote_average":4.5,"vote_count":2}
