{"adult":false,"backdrop_path":"/eR6qtJT44mVj4yz5CSCGDNS37Y9.jpg","belongs_to_collection":null,"budget":0,"genres":[{"id":35,"name":"Comedy"},{"id":18,"name":"Drama"},{"id":27,"name":"Horror"}],"homepage":"http://www.stiffmovie.com","id":100272,"imdb_id":"tt1579235","original_language":"en","original_title":"Harold's Going Stiff","overview":"Lonely pensioner, Harold Gimble, has become the first man to suffer from a new neurological disease that is slowly turning him into a zombie-like state. Harold’s hermit-like existence is shaken up when a vivacious nurse, Penny Rudge, is sent along to alleviate his stiffness. Her ‘special’ massage techniques work a treat on Harold and they become close friends.  Harold agrees to trial a possible cure for the disease at a private institute, and the initial results are excellent. But the following day he’s in an even worse state than before, and after Penny accidentally overhears the doctor’s dire prognosis for Harold she decides to sneak him away the next morning.  Word soon gets out, and before long a small group of bloodthirsty thugs are pursuing Harold and Penny across dramatic moorlands in the hope of a kill.","popularity":0.023979,"poster_path":"/oBeRQjnngmSqITiBhZ9dWmSAqLJ.jpg","production_companies":[],"production_countries":[{"iso_3166_1":"GB","name":"United Kingdom"}],"release_date":"2013-08-20","revenue":0,"runtime":77,"spoken_languages":[{"iso_639_1":"en","name":"English"}],"status":"Released","tagline":"The nicest zombie you'll ever meet.","title":"Harold's Going Stiff","video":false,"vote_average":3.5,"vote_count":1}
