{"adult":false,"backdrop_path":null,"belongs_to_collection":null,"budget":0,"genres":[{"id":10749,"name":"Romance"}],"homepage":"","id":100073,"imdb_id":"tt0215458","original_language":"en","original_title":"...und das ist erst der Anfang","overview":"Those who follow a voice aren't crazy. They're in love.","popularity":0.000318,"poster_path":"/fiTxKZhByUDopq8svq5tuhIN5dm.jpg","production_companies":[],"production_countries":[],"release_date":"2000-07-27","revenue":0,"runtime":95,"spoken_languages":[{"iso_639_1":"de","name":"Deutsch"}],"status":"Released","tagline":"","title":"...and It Is Only the Beginning","video":false,"vote_average":7.0,"vote_count":2}
