{"adult":false,"backdrop_path":null,"belongs_to_collection":null,"budget":0,"genres":[{"id":28,"name":"Action"},{"id":53,"name":"Thriller"}],"homepage":"","id":100332,"imdb_id":"tt0393656","original_language":"en","original_title":"Asphalt Wars","overview":"Feel the need for more speed? Then buckle up for a gritty blacktop thrill ride. Reno, a young mechanic, dreams of joining the professional racing circuit.  He spends his days at his uncle's garage and his nights conquering the world of illegal street racing. When he is given the chance to be the getaway driver in a lucrative but dangerous gang heist, he accepts, hoping to earn money to make all of his dreams come true. But when Reno enters the dark world of the gang, his gamble for success could lead to the ultimate loss of everything important!","popularity":0.000456,"poster_path":"/c0UqX442hTOadpc61WUqwjaRAQP.jpg","production_companies":[],"production_countries":[],"release_date":"2005-04-02","revenue":0,"runtime":83,"spoken_languages":[{"iso_639_1":"en","name":"English"}],"status":"Released","tagline":"At 6000 RPM there is no surrender!","title":"Asphalt Wars","video":false,"vote_average":0.0,"vote_count":0}
