{"adult":false,"backdrop_path":null,"belongs_to_collection":null,"budget":0,"genres":[{"id":27,"name":"Horror"}],"homepage":"","id":100009,"imdb_id":"tt2492654","original_language":"en","original_title":"DevilDolls","overview":"A true trilogy of terror! Welcome to the haunted dollhouse where 3 devilish tales of twisted horror take place. From a re-animated rag doll that seeks revenge to a child's doll graveyard where angry playthings come back to life - enter the world of Devil Dolls!  Re-edited versions of:  Demonic Toys /  Dangerous Worry Dolls /  Skullheads","popularity":0.001573,"poster_path":"/s1cj55dQ9FcB3HaKV7gJNIXntT.jpg","production_companies":[],"production_countries":[],"release_date":"2012-01-01","revenue":0,"runtime":90,"spoken_languages":[{"iso_639_1":"en","name":"English"}],"status":"Released","tagline":"Deadly. Devious. Demonic.","title":"DevilDolls","video":false,"vote_average":5.0,"vote_count":1}
