{"adult":false,"backdrop_path":"/8IeCY4BUOuJWzQX2IgHpctkcWl7.jpg","belongs_to_collection":null,"budget":0,"genres":[],"homepage":"http://www.metalmulisha.com/team/index.php?rider_id=12","id":100430,"imdb_id":"","original_language":"en","original_title":"Twitch Hood Rich","overview":"Get an inside look at the life of FMX rider Jeremy \"Twitch\" Stenberg. As you travel with Jeremy, you'll gain a deeper understanding of the reckless, punk, motocross kid from east county San Diego, who makes it to the top of Freestyle Motocross.","popularity":0.000576,"poster_path":"/nfdT1kTLlmo6iYFmZChPWHcm6GC.jpg","production_companies":[],"production_countries":[],"release_date":"2008-01-01","revenue":0,"runtime":57,"spoken_languages":[{"iso_639_1":"en","name":"English"}],"status":"Released","tagline":"motocross story","title":"Twitch Hood Rich","video":false,"vote_average":8.5,"vote_count":1}
