{"adult":false,"backdrop_path":null,"belongs_to_collection":null,"budget":0,"genres":[],"homepage":"","id":100232,"imdb_id":"","original_language":"en","original_title":"Phish: 1994/10/31 Glens Falls Civic Center, Glens Falls, NY","overview":"Set 1: Frankenstein, Sparkle &gt; Simple &gt; Divided Sky, Harpua -&gt; The Vibration of Life -&gt; Harpua[1], Julius &gt; The Horse &gt; Silent in the Morning &gt; Reba, Golgi Apparatus\r Set 2: Back in the U.S.S.R.[2] &gt; Dear Prudence[2], Glass Onion[2] &gt; Ob-La-Di, Ob-La-Da[2], Wild Honey Pie[2], The Continuing Story of Bungalow Bill[2], While My Guitar Gently Weeps[2], Happiness Is a Warm Gun[2], Martha My Dear[2], I'm So Tired[2], Blackbird[2], Piggies, Rocky Raccoon[2] &gt; Don't Pass Me By[2], Why Don't We Do It in the Road?[2], I Will[2], Julia[2], Birthday[3], Yer Blues[2], Mother Nature's Son[2], Everybody's Got Something to Hide Except Me and My Monkey[2], Sexy Sadie[2], Helter Skelter[2], Long Long Long[2], Revolution 1[2], Honey Pie[2], Savoy Truffle[2], Cry Baby Cry[4] -&gt; Revolution 9[5]\r Set 3: David Bowie, Bouncing Around the Room, Slave to the Traffic Light &gt; Rift &gt; Sleeping Monkey &gt; Poor Heart, Run Like an Antelope","popularity":0.000143,"poster_path":null,"production_companies":[],"production_countries":[],"release_date":"1994-10-31","revenue":0,"runtime":0,"spoken_languages":[],"status":"Released","tagline":"Halloween 1994","title":"Phish: 1994/10/31 Glens Falls Civic Center, Glens Falls, NY","video":false,"vote_average":0.0,"vote_count":0}
