{"adult":false,"backdrop_path":"/pptDgeaxIuWsnKA2X37VH41SPhK.jpg","belongs_to_collection":{"id":272416,"name":"Lauras Stern","poster_path":"/8F3XJ3QAwv6UyMJmfJcKYCcJuO4.jpg","backdrop_path":"/6I8Y3V19RSOm8vu2auUcqhkj05q.jpg"},"budget":0,"genres":[{"id":16,"name":"Animation"},{"id":10751,"name":"Family"}],"homepage":null,"id":100838,"imdb_id":"tt2241287","original_language":"de","original_title":"Lauras Stern und die Traummonster","overview":null,"popularity":0.078159,"poster_path":"/9pQaQUzRcurwtPwuv7EcZmYLAXG.jpg","production_companies":[],"production_countries":[],"release_date":"2012-03-29","revenue":0,"runtime":0,"spoken_languages":[],"status":"Released","tagline":null,"title":"Lauras Stern und die Traummonster","video":false,"vote_average":0.0,"vote_count":0}
