{"adult":false,"backdrop_path":null,"belongs_to_collection":null,"budget":0,"genres":[{"id":99,"name":"Documentary"},{"id":36,"name":"History"}],"homepage":"","id":100823,"imdb_id":"tt0036268","original_language":"en","original_title":"Plan for Destruction","overview":"1943 MGM production that looks at the roots of Nazi Germany's drive for geographic expansion. The roots of Hitler's drive for world domination is attributed to the ideas of Prof. Karl Ernst Haushofer, once a General in the German army who was humiliated and blamed, along with others of his class, for the outcomes of World War I. His theory, known as Geopolitik, posited that Germany's central location in Europe made it ideal to dominate Europe and provide a counter-balance to the British naval domination of the seas. With Hitler coming to power, Haushofer became part of Hitler's government and had even greater influence.","popularity":0.000143,"poster_path":"/itUuYQ1J2RGR0uWPlAuSs9Q7UJA.jpg","production_companies":[{"name":"Metro-Goldwyn-Mayer (MGM)","id":8411}],"production_countries":[{"iso_3166_1":"US","name":"United States of America"}],"release_date":"1943-04-22","revenue":0,"runtime":22,"spoken_languages":[],"status":"Released","tagline":"","title":"Plan for Destruction","video":false,"vote_average":0.0,"vote_count":0}
