{"adult":false,"backdrop_path":null,"belongs_to_collection":null,"budget":0,"genres":[{"id":16,"name":"Animation"},{"id":35,"name":"Comedy"}],"homepage":"","id":100389,"imdb_id":"tt0049952","original_language":"en","original_title":"Wideo Wabbit","overview":"Bugs Bunny is chased by Elmer Fudd throughout a TV studio and its various productions.","popularity":0.000228,"poster_path":"/xaOQFqSqcae4jDfF6CVbCrYAGDR.jpg","production_companies":[],"production_countries":[],"release_date":"1956-10-27","revenue":0,"runtime":7,"spoken_languages":[],"status":"Released","tagline":"","title":"Wideo Wabbit","video":false,"vote_average":0.0,"vote_count":0}
