{"adult":false,"backdrop_path":"/pzGegiHEX39M7JHsdBjv1wj7Eno.jpg","belongs_to_collection":null,"budget":40000000,"genres":[{"id":28,"name":"Action"}],"homepage":"","id":1579,"imdb_id":"tt0472043","original_language":"en","original_title":"Apocalypto","overview":"Set in the Mayan civilization, when a man's idyllic presence is brutally disrupted by a violent invading force, he is taken on a perilous journey to a world ruled by fear and oppression where a harrowing end awaits him. Through a twist of fate and spurred by the power of his love for his woman and his family he will make a desperate break to return home and to ultimately save his way of life.","popularity":1.614123,"poster_path":"/5BTFXR96hcBzmJvd9FwNayV79Xu.jpg","production_companies":[{"name":"Icon Productions","id":152},{"name":"Icon Entertainment International","id":4564},{"name":"Touchstone Pictures","id":9195}],"production_countries":[{"iso_3166_1":"US","name":"United States of America"}],"release_date":"2006-12-08","revenue":120175290,"runtime":139,"spoken_languages":[{"iso_639_1":"fr","name":"Français"},{"iso_639_1":"en","name":"English"}],"status":"Released","tagline":"When the end comes, not everyone is ready to go","title":"Apocalypto","video":false,"vote_average":7.0,"vote_count":377}
