{"adult":false,"backdrop_path":"/oOeJWHlJ27hseer8eTG7XNnLpUp.jpg","belongs_to_collection":null,"budget":0,"genres":[{"id":28,"name":"Action"},{"id":37,"name":"Western"}],"homepage":"","id":1718,"imdb_id":"tt0033021","original_language":"en","original_title":"Santa Fe Trail","overview":"As a penalty for fighting fellow classmates days before graduating from West Point, J.E.B. Stuart, George Armstrong Custer and four friends are assigned to the 2nd Cavalry, stationed at Fort Leavenworth. While there they aid in the capture and execution of the abolitionist, John Brown following the Battle of Harper's Ferry.","popularity":0.010065,"poster_path":"/yJ8qPfUNFBz81omPSoWgPJTpflB.jpg","production_companies":[{"name":"Warner Bros.","id":6194}],"production_countries":[{"iso_3166_1":"US","name":"United States of America"}],"release_date":"1940-12-13","revenue":0,"runtime":110,"spoken_languages":[{"iso_639_1":"en","name":"English"}],"status":"Released","tagline":"Where the railroad and civilization ended, the Sante Fe Trail began!","title":"Santa Fe Trail","video":false,"vote_average":2.7,"vote_count":3}
