{"adult":false,"backdrop_path":"/fjt8ZNuDH64GxgluSj52UMNkolY.jpg","belongs_to_collection":null,"budget":42000000,"genres":[{"id":80,"name":"Crime"},{"id":18,"name":"Drama"},{"id":53,"name":"Thriller"}],"homepage":"","id":1830,"imdb_id":"tt0399295","original_language":"en","original_title":"Lord of War","overview":"Yuri Orlov is a globetrotting arms dealer. Through some of the deadliest war zones, Yuri struggles to stay one step ahead of a relentless Interpol agent, his business rivals, even some of his customers who include many of the world's most notorious dictators. Finally, Yuri must also face his own conscience.","popularity":2.649828,"poster_path":"/nwPUI9WlYtDmE5VO6eEFCfrNXWl.jpg","production_companies":[{"name":"Saturn Films","id":831},{"name":"Ascendant Pictures","id":1204},{"name":"Endgame Entertainment","id":1205},{"name":"Entertainment Manufacturing Company","id":1206},{"name":"Rising Star","id":1208},{"name":"Copag V","id":21938}],"production_countries":[{"iso_3166_1":"FR","name":"France"},{"iso_3166_1":"US","name":"United States of America"},{"iso_3166_1":"DE","name":"Germany"}],"release_date":"2005-09-16","revenue":24127895,"runtime":122,"spoken_languages":[{"iso_639_1":"ar","name":"العربية"},{"iso_639_1":"de","name":"Deutsch"},{"iso_639_1":"en","name":"English"},{"iso_639_1":"fr","name":"Français"},{"iso_639_1":"ru","name":"Pусский"},{"iso_639_1":"es","name":"Español"},{"iso_639_1":"uk","name":"Український"},{"iso_639_1":"tr","name":"Türkçe"}],"status":"Released","tagline":"Where there's a will, there's a weapon","title":"Lord of War","video":false,"vote_average":6.8,"vote_count":500}
