{"adult":false,"backdrop_path":null,"belongs_to_collection":null,"budget":0,"genres":[{"id":35,"name":"Comedy"}],"homepage":"http://www.schroederswunderbarewelt-derfilm.de","id":1814,"imdb_id":"tt0496566","original_language":"en","original_title":"Schröders wunderbare Welt","overview":"No overview found.","popularity":0.00061,"poster_path":"/fRy8n9XVCXcq0TxiutfhvHEKAQd.jpg","production_companies":[{"name":"filmkombinat Nordost GmbH & Co. KG","id":756}],"production_countries":[{"iso_3166_1":"CZ","name":"Czech Republic"},{"iso_3166_1":"DE","name":"Germany"},{"iso_3166_1":"PL","name":"Poland"}],"release_date":"2006-11-17","revenue":0,"runtime":114,"spoken_languages":[{"iso_639_1":"cs","name":"Český"},{"iso_639_1":"de","name":"Deutsch"},{"iso_639_1":"en","name":"English"},{"iso_639_1":"pl","name":"Polski"}],"status":"Released","tagline":"","title":"Schröders wunderbare Welt","video":false,"vote_average":0.0,"vote_count":0}
