{"adult":false,"backdrop_path":"/xG2lU5KwJBnxfYxE9hImKyOTiEh.jpg","belongs_to_collection":null,"budget":5000000,"genres":[{"id":35,"name":"Comedy"},{"id":18,"name":"Drama"},{"id":80,"name":"Crime"}],"homepage":"","id":1415,"imdb_id":"tt0320244","original_language":"en","original_title":"Party Monster","overview":"The New York club scene of the 80s and 90s was a world like no other. Into this candy-colored, mirror ball playground stepped Michael Alig, a wannabe from nowhere special. Under the watchful eye of veteran club kid James St. James, Alig quickly rose to the top... and there was no place to go but down.","popularity":0.191312,"poster_path":"/4sW5yj5gr0gj2mGLOID3ZSBYZUs.jpg","production_companies":[{"name":"ContentFilm","id":1420}],"production_countries":[{"iso_3166_1":"NL","name":"Netherlands"},{"iso_3166_1":"US","name":"United States of America"}],"release_date":"2003-09-05","revenue":742898,"runtime":98,"spoken_languages":[{"iso_639_1":"en","name":"English"}],"status":"Released","tagline":"","title":"Party Monster","video":false,"vote_average":5.8,"vote_count":14}
