{"adult":false,"backdrop_path":null,"belongs_to_collection":null,"budget":0,"genres":[],"homepage":"","id":1260,"imdb_id":"tt0447249","original_language":"et","original_title":"Leiutajateküla Lotte","overview":"Somewhere in Europe by a great sea stands a small village, where inventing all manner of domestic gadgets is held in great esteem. The villagers organize an annual competition of new inventions. One of the best inventors in the village is Oskar, the father of the energetic girl dog Lotte. His primary rival is Adalbert the Rabbit. Victory in this competition is very important as it would bring honor to the entire family.","popularity":0.003707,"poster_path":"/bR2zPgT7RkKjceKtW7umGyX21cy.jpg","production_companies":[],"production_countries":[],"release_date":"2006-08-25","revenue":0,"runtime":81,"spoken_languages":[{"iso_639_1":"et","name":"Eesti"}],"status":"Released","tagline":"","title":"Lotte from Gadgetville","video":false,"vote_average":10.0,"vote_count":1}
