{"adult":false,"backdrop_path":"/bXo7ydNJxww2q4KSgobqUfhEofz.jpg","belongs_to_collection":null,"budget":45,"genres":[{"id":28,"name":"Action"},{"id":18,"name":"Drama"},{"id":14,"name":"Fantasy"}],"homepage":"http://ent.sina.com.cn/hjj/","id":1494,"imdb_id":"tt0473444","original_language":"en","original_title":"Man cheng jin dai huang jin jia","overview":"During China's Tang dynasty the emperor has taken the princess of a neighboring province as wife. She has borne him two sons and raised his eldest. Now his control over his dominion is complete, including the royal family itself.","popularity":0.736312,"poster_path":"/8JGOTkKOCqSfAwIMPQKF0K44lUW.jpg","production_companies":[{"name":"Beijing New Picture Film Co. Ltd.","id":724}],"production_countries":[{"iso_3166_1":"CN","name":"China"},{"iso_3166_1":"HK","name":"Hong Kong"}],"release_date":"2006-12-21","revenue":0,"runtime":114,"spoken_languages":[{"iso_639_1":"zh","name":"普通话"}],"status":"Released","tagline":"Unspeakable secrets are hidden within the Forbidden City.","title":"Curse of the Golden Flower","video":false,"vote_average":6.4,"vote_count":68}
