{"adult":false,"backdrop_path":"/2ZhystUM6vsnSwIJ3fgdyL2xmCf.jpg","belongs_to_collection":null,"budget":0,"genres":[{"id":35,"name":"Comedy"},{"id":10749,"name":"Romance"}],"homepage":"","id":1075,"imdb_id":"tt0118843","original_language":"sh","original_title":"Crna mačka, beli mačor","overview":"Matko is a small time hustler, living by the Danube with his 17 year old son Zare. After a failed business deal he owes money to the much more successful gangster Dadan. Dadan has a sister, Afrodita, that he desperately wants to see get married so they strike a deal: Zare is to marry her.","popularity":0.632051,"poster_path":"/yofEv6q0vdtErGo49z1vQL7RdWT.jpg","production_companies":[{"name":"Ciby 2000","id":105}],"production_countries":[{"iso_3166_1":"DE","name":"Germany"},{"iso_3166_1":"FR","name":"France"},{"iso_3166_1":"RO","name":"Romania"}],"release_date":"1998-06-01","revenue":0,"runtime":127,"spoken_languages":[{"iso_639_1":"sh","name":""}],"status":"Released","tagline":"","title":"Black Cat, White Cat","video":false,"vote_average":8.0,"vote_count":53}
