{"adult":false,"backdrop_path":"/tK2ElPDTp0pM8w5BZbuaEHbzaHs.jpg","belongs_to_collection":{"id":93295,"name":"48 Hrs. Collection","poster_path":"/8Dlcb8aDch6sUcWBc8zSSfNbPgG.jpg","backdrop_path":"/hRaxX6WmtukiBvi8ru7RFVQiDYk.jpg"},"budget":1000000,"genres":[{"id":53,"name":"Thriller"},{"id":28,"name":"Action"},{"id":35,"name":"Comedy"},{"id":80,"name":"Crime"},{"id":18,"name":"Drama"}],"homepage":"","id":150,"imdb_id":"tt0083511","original_language":"en","original_title":"48 Hrs.","overview":"A hard-nosed cop reluctantly teams up with a wise-cracking criminal temporarily paroled to him, in order to track down a killer.","popularity":1.471109,"poster_path":"/rrraPWKiY8T6SEzODxZamqUSv6f.jpg","production_companies":[{"name":"Paramount Pictures","id":4}],"production_countries":[{"iso_3166_1":"US","name":"United States of America"}],"release_date":"1982-12-09","revenue":78868508,"runtime":96,"spoken_languages":[{"iso_639_1":"en","name":"English"}],"status":"Released","tagline":"One Cop. One Con. No Mercy.","title":"48 Hrs.","video":false,"vote_average":6.2,"vote_count":88}
