{"adult":false,"backdrop_path":"/5m7zi5ndJludQeRAKK6j1FoZVUK.jpg","belongs_to_collection":{"id":161314,"name":"The Angel Collection","poster_path":"/q52KwBiFKkXKqVKb8t2Ob68mBxS.jpg","backdrop_path":null},"budget":3000000,"genres":[{"id":53,"name":"Thriller"},{"id":80,"name":"Crime"},{"id":10749,"name":"Romance"}],"homepage":"","id":1803,"imdb_id":"tt0086896","original_language":"en","original_title":"Angel","overview":"15 year-old Molly is top of her high school class. But nobody suspects that the model pupil earns her money at night: as a prostitute on Sunset Blvd. The well-organized separation of her two lives is shattered when two of her friends are slain by a serial killer. She's the only eye witness and becomes a target herself.","popularity":0.027885,"poster_path":"/3O7VwsGQdgqjChRxSZwPjjYND6m.jpg","production_companies":[{"name":"New World Pictures","id":1950},{"name":"Adams Apple Film Company","id":18068},{"name":"Angel Venture","id":23461}],"production_countries":[{"iso_3166_1":"GB","name":"United Kingdom"},{"iso_3166_1":"US","name":"United States of America"}],"release_date":"1984-04-27","revenue":0,"runtime":89,"spoken_languages":[{"iso_639_1":"de","name":"Deutsch"},{"iso_639_1":"en","name":"English"}],"status":"Released","tagline":"High School Honor Student by Day. Hollywood Hooker by Night.","title":"Angel","video":false,"vote_average":6.3,"vote_count":5}
