{"adult":false,"backdrop_path":"/rmeNcHaFdnIaAM6fBITm1JFslrB.jpg","belongs_to_collection":null,"budget":0,"genres":[{"id":28,"name":"Action"},{"id":27,"name":"Horror"},{"id":878,"name":"Science Fiction"},{"id":53,"name":"Thriller"}],"homepage":"","id":1702,"imdb_id":"tt0109575","original_language":"en","original_title":"Death Machine","overview":"Chaank Armaments is experimenting with the ultimate fighting machine which is part human - part machine. So far, the Hardman project has been unreliable and has killed a number of innocent people. The genius behind this project is Jack who lives in a world of models, toys and magazines. When he is fired by Cale for killing a few corporate officers, he unleashes the ultimate killing machine called the 'Warbeast' against Cale and those who would help her.","popularity":0.25948,"poster_path":"/yg9zyB7CgbfUTXY0FQb2rUB0HYa.jpg","production_companies":[{"name":"Fugitive Features","id":1625}],"production_countries":[{"iso_3166_1":"GB","name":"United Kingdom"}],"release_date":"1994-12-23","revenue":1422749,"runtime":117,"spoken_languages":[{"iso_639_1":"en","name":"English"}],"status":"Released","tagline":"It feeds on your fear","title":"Death Machine","video":false,"vote_average":5.6,"vote_count":7}
