{"adult":false,"backdrop_path":"/t3fpElbBL04r3BjVbH3vUZOapvl.jpg","belongs_to_collection":null,"budget":6500000,"genres":[{"id":18,"name":"Drama"}],"homepage":"http://www.crashfilm.com/","id":1640,"imdb_id":"tt0375679","original_language":"en","original_title":"Crash","overview":"Los Angeles citizens with vastly separate lives collide in interweaving stories of race, loss and redemption.","popularity":1.904633,"poster_path":"/pG8LL4LYMCr5uikhx9rewrW8352.jpg","production_companies":[{"name":"Blackfriars Bridge Films","id":2087},{"name":"Yari Film Group","id":2448},{"name":"Bob Yari Productions","id":12260},{"name":"ApolloProScreen Filmproduktion","id":19528},{"name":"Bull's Eye Entertainment","id":25432},{"name":"DEJ Productions","id":25433},{"name":"Harris Company","id":25434}],"production_countries":[{"iso_3166_1":"DE","name":"Germany"},{"iso_3166_1":"US","name":"United States of America"}],"release_date":"2004-09-10","revenue":98410061,"runtime":112,"spoken_languages":[{"iso_639_1":"en","name":"English"},{"iso_639_1":"fa","name":""},{"iso_639_1":"es","name":"Español"},{"iso_639_1":"zh","name":"普通话"},{"iso_639_1":"ko","name":"한국어/조선말"}],"status":"Released","tagline":"You think you know who you are. You have no idea.","title":"Crash","video":false,"vote_average":7.0,"vote_count":433}
