{"adult":false,"backdrop_path":"/qIRZkxMR9mVkMKsE9ZyhrhJgxOq.jpg","belongs_to_collection":null,"budget":3000,"genres":[],"homepage":"","id":1686,"imdb_id":"tt0061465","original_language":"en","original_title":"Chelsea Girls","overview":"Lacking a formal narrative, Warhol's art house classic follows various residents of the Chelsea Hotel in 1966 New York City, presented in a split screen with a single audio track in conjunction with one side of screen.","popularity":0.000148,"poster_path":"/bTyALg0Ko7GfwEH2ZiDUr4cJqc.jpg","production_companies":[],"production_countries":[{"iso_3166_1":"US","name":"United States of America"}],"release_date":"1966-09-15","revenue":0,"runtime":210,"spoken_languages":[{"iso_639_1":"en","name":"English"}],"status":"Released","tagline":"","title":"Chelsea Girls","video":false,"vote_average":0.0,"vote_count":0}
