{"adult":false,"backdrop_path":"/1Q6thcZHsDiJ0iRMXZWf7IEtX2b.jpg","belongs_to_collection":null,"budget":92000000,"genres":[{"id":28,"name":"Action"},{"id":80,"name":"Crime"},{"id":53,"name":"Thriller"}],"homepage":"","id":1535,"imdb_id":"tt0266987","original_language":"en","original_title":"Spy Game","overview":"Veteran spy Nathan Muir is on the verge of retiring from the CIA when he learns that his one-time protégé and close friend, Tom Bishop, is a political prisoner sentenced to die in Beijing. Although their friendship has been marred by bad blood and resentment, Muir agrees to take on the most dangerous mission of his career and rescue Bishop.","popularity":0.931721,"poster_path":"/hsb8hBeU3tkTX8SUYW6YYw6JPYD.jpg","production_companies":[{"name":"Universal Pictures","id":33},{"name":"Metropolitan Filmexport","id":656},{"name":"Toho-Towa","id":657},{"name":"Red Wagon Productions","id":780},{"name":"Beacon Communications","id":919},{"name":"Kalima Productions GmbH & Co. KG","id":7385}],"production_countries":[{"iso_3166_1":"GB","name":"United Kingdom"},{"iso_3166_1":"US","name":"United States of America"}],"release_date":"2001-11-18","revenue":143049560,"runtime":126,"spoken_languages":[{"iso_639_1":"cn","name":"广州话 / 廣州話"},{"iso_639_1":"en","name":"English"},{"iso_639_1":"de","name":"Deutsch"},{"iso_639_1":"ar","name":"العربية"},{"iso_639_1":"fr","name":"Français"}],"status":"Released","tagline":"It's not how you play the game. It's how the game plays you.","title":"Spy Game","video":false,"vote_average":6.3,"vote_count":198}
