{"adult":false,"backdrop_path":"/9JvO9d5VgQ9Cy0bbAdBAyKK7pWd.jpg","belongs_to_collection":null,"budget":11000000,"genres":[{"id":18,"name":"Drama"}],"homepage":"","id":1587,"imdb_id":"tt0108550","original_language":"en","original_title":"What's Eating Gilbert Grape","overview":"Gilbert has to care for his brother Arnie and his obese mother, which gets in the way when love walks into his life.","popularity":0.635345,"poster_path":"/xTRRw69N4vsccTY0TDB9FqZY5ld.jpg","production_companies":[{"name":"Paramount Pictures","id":4}],"production_countries":[{"iso_3166_1":"US","name":"United States of America"}],"release_date":"1993-12-17","revenue":30000000,"runtime":118,"spoken_languages":[{"iso_639_1":"en","name":"English"}],"status":"Released","tagline":"A film about the love you find...In the last place you look.","title":"What's Eating Gilbert Grape","video":false,"vote_average":7.3,"vote_count":185}
