{"adult":false,"backdrop_path":"/oKRAhxMjMP7hnF8M8aazQpCVbn.jpg","belongs_to_collection":null,"budget":40000000,"genres":[{"id":35,"name":"Comedy"},{"id":18,"name":"Drama"},{"id":10402,"name":"Music"},{"id":10749,"name":"Romance"}],"homepage":"http://www.sonypictures.com/movies/rent/","id":1833,"imdb_id":"tt0294870","original_language":"en","original_title":"Rent","overview":"This rock opera tells the story of one year in the life of a group of bohemians struggling in modern day East Village New York. The story centers around Mark and Roger, two roommates. While a former tragedy has made Roger numb to life, Mark tries to capture it through his attempts to make a film. In the year that follows, the group deals with love, loss, AIDS, and modern day life.","popularity":0.401214,"poster_path":"/4KtXerHNKtCzVGahytBstctW69b.jpg","production_companies":[{"name":"Columbia Pictures","id":5},{"name":"1492 Pictures","id":436},{"name":"Revolution Studios","id":497}],"production_countries":[{"iso_3166_1":"US","name":"United States of America"}],"release_date":"2005-11-23","revenue":31670620,"runtime":135,"spoken_languages":[{"iso_639_1":"en","name":"English"}],"status":"Released","tagline":"No day but today.","title":"Rent","video":false,"vote_average":6.6,"vote_count":50}
