{"adult":false,"backdrop_path":"/v4jw4Vu87A3bDq0UoZPShteABIY.jpg","belongs_to_collection":{"id":1582,"name":"Teenage Mutant Ninja Turtles Collection","poster_path":"/9TLc09TqYi0Ct3zmUeHGwVxLHhq.jpg","backdrop_path":"/7dusELv6x1ANRGorNvqbKhKIUPY.jpg"},"budget":13500000,"genres":[{"id":878,"name":"Science Fiction"},{"id":28,"name":"Action"},{"id":12,"name":"Adventure"},{"id":35,"name":"Comedy"},{"id":10751,"name":"Family"}],"homepage":"","id":1498,"imdb_id":"tt0100758","original_language":"en","original_title":"Teenage Mutant Ninja Turtles","overview":"A quartet of mutated humanoid turtles clash with an uprising criminal gang of ninjas","popularity":1.116747,"poster_path":"/cok0SSxmD7fYeZj6l9XOr2mb0YL.jpg","production_companies":[{"name":"New Line Cinema","id":12},{"name":"Golden Harvest Company","id":2521}],"production_countries":[{"iso_3166_1":"HK","name":"Hong Kong"},{"iso_3166_1":"US","name":"United States of America"}],"release_date":"1990-03-30","revenue":201965915,"runtime":93,"spoken_languages":[{"iso_639_1":"fr","name":"Français"},{"iso_639_1":"en","name":"English"}],"status":"Released","tagline":"Heroes in a half shell!","title":"Teenage Mutant Ninja Turtles","video":false,"vote_average":6.6,"vote_count":160}
