{"adult":false,"backdrop_path":"/hetZNdgWVZj0fu0IjtkWoKsjIsX.jpg","belongs_to_collection":null,"budget":85000000,"genres":[{"id":35,"name":"Comedy"},{"id":10749,"name":"Romance"}],"homepage":"http://www.sonypictures.com/movies/theholiday/","id":1581,"imdb_id":"tt0457939","original_language":"en","original_title":"The Holiday","overview":"Two women, one (Cameron Diaz) from America and one (Kate Winslet) from Britain, swap homes at Christmastime after bad breakups with their boyfriends. Each woman finds romance with a local man (Jude Law, Jack Black) but realizes that the imminent return home may end the relationship.","popularity":0.966739,"poster_path":"/ixNtpuq8OVp4IckgzkSJIflFDkw.jpg","production_companies":[{"name":"Columbia Pictures","id":5},{"name":"Universal Pictures","id":33},{"name":"Waverly Films","id":735},{"name":"Relativity Media","id":7295}],"production_countries":[{"iso_3166_1":"GB","name":"United Kingdom"},{"iso_3166_1":"US","name":"United States of America"}],"release_date":"2006-12-08","revenue":194168700,"runtime":136,"spoken_languages":[{"iso_639_1":"en","name":"English"}],"status":"Released","tagline":"It's Christmas Eve and we are going to go celebrate being young and being alive.","title":"The Holiday","video":false,"vote_average":6.5,"vote_count":335}
