{"adult":false,"backdrop_path":"/mXP2oP6feaovDp03Q2SbterHTfa.jpg","belongs_to_collection":{"id":1657,"name":"Zorro Collection","poster_path":"/ziQDmVR3VE0hC0GDWgaQwz0H3Ff.jpg","backdrop_path":"/wZCWCe4jPJz04dvVGLQ8TtOq9Js.jpg"},"budget":75000000,"genres":[{"id":28,"name":"Action"},{"id":12,"name":"Adventure"},{"id":18,"name":"Drama"},{"id":37,"name":"Western"}],"homepage":"http://www.sonypictures.com/homevideo/thelegendofzorro/index.html","id":1656,"imdb_id":"tt0386140","original_language":"en","original_title":"The Legend of Zorro","overview":"In 1850, the people of California were voting to decide whether or not to join the United States. The Legend of Zorro is a 2005 sequel to 1998's The Mask of Zorro,","popularity":1.980399,"poster_path":"/rH3WJbSE3APS1l1hTXZZbz3NVP1.jpg","production_companies":[{"name":"Amblin Entertainment","id":56},{"name":"Columbia Pictures Corporation","id":441}],"production_countries":[{"iso_3166_1":"MX","name":"Mexico"},{"iso_3166_1":"US","name":"United States of America"}],"release_date":"2005-10-25","revenue":142400065,"runtime":129,"spoken_languages":[{"iso_639_1":"it","name":"Italiano"},{"iso_639_1":"es","name":"Español"},{"iso_639_1":"en","name":"English"}],"status":"Released","tagline":"This Fall, adventure begins with a Z.","title":"The Legend of Zorro","video":false,"vote_average":5.8,"vote_count":331}
