{"adult":false,"backdrop_path":"/oHOTQkTYgDuoCYMaBEzuB9DqguX.jpg","belongs_to_collection":{"id":125570,"name":"300 Collection","poster_path":"/arYpZAHY1NYU7BjHySoeGOn8VDd.jpg","backdrop_path":"/ldKTZVlq8kXk34RwPSZaX2FXC24.jpg"},"budget":65000000,"genres":[{"id":28,"name":"Action"},{"id":12,"name":"Adventure"},{"id":10752,"name":"War"}],"homepage":"http://300themovie.warnerbros.com","id":1271,"imdb_id":"tt0416449","original_language":"en","original_title":"300","overview":"Based on Frank Miller's graphic novel, \"300\" is very loosely based the 480 B.C. Battle of Thermopylae, where the King of Sparta led his army against the advancing Persians; the battle is said to have inspired all of Greece to band together against the Persians, and helped usher in the world's first democracy.","popularity":3.242637,"poster_path":"/bYR8O1H1ZlME7Dm9ysfTYZnRDpw.jpg","production_companies":[{"name":"Virtual Studios","id":449},{"name":"Legendary Pictures","id":923},{"name":"Hollywood Gang Productions","id":2994},{"name":"Atmosphere Entertainment MM","id":2995},{"name":"Warner Bros.","id":6194},{"name":"Nimar Studios","id":7636}],"production_countries":[{"iso_3166_1":"US","name":"United States of America"}],"release_date":"2007-03-09","revenue":422610419,"runtime":117,"spoken_languages":[{"iso_639_1":"en","name":"English"}],"status":"Released","tagline":"Spartans, prepare for glory!","title":"300","video":false,"vote_average":6.9,"vote_count":2554}
