{"adult":false,"backdrop_path":"/9chIFrNEp03mJTFQWFCcx6yeVtE.jpg","belongs_to_collection":null,"budget":15000000,"genres":[{"id":80,"name":"Crime"},{"id":18,"name":"Drama"}],"homepage":"","id":1429,"imdb_id":"tt0307901","original_language":"en","original_title":"25th Hour","overview":"The filmed adaptation from the David Benioff's novel of the same name. Set in New York, a convicted drug dealer named Monty has one day left of freedom before he is sent to prison. Anger, blame, frustration, betrayal, guilt and loneliness are themes on this last day of friends, family, parties, saying goodbye, and setting things straight. A Spike Lee joint.","popularity":1.454561,"poster_path":"/hf3KpQ13Z8HS0ZodzooMiR8PBqD.jpg","production_companies":[{"name":"40 Acres & A Mule Filmworks","id":4319},{"name":"Touchstone Pictures","id":9195}],"production_countries":[{"iso_3166_1":"US","name":"United States of America"}],"release_date":"2002-12-16","revenue":13060843,"runtime":135,"spoken_languages":[{"iso_639_1":"en","name":"English"}],"status":"Released","tagline":"This life was so close to never happening.","title":"25th Hour","video":false,"vote_average":6.9,"vote_count":170}
