{"adult":false,"backdrop_path":"/pIWTZLpLfryQj4NrCY4ElI8Sk24.jpg","belongs_to_collection":null,"budget":829000,"genres":[{"id":18,"name":"Drama"},{"id":53,"name":"Thriller"},{"id":80,"name":"Crime"}],"homepage":"","id":1480,"imdb_id":"tt0052311","original_language":"en","original_title":"Touch of Evil","overview":"Stark, perverse story of murder, kidnapping, and police corruption in Mexican border town.","popularity":0.669502,"poster_path":"/i2gJBlr01BZiZb5b5TOJudc4nv6.jpg","production_companies":[{"name":"Universal International Pictures (UI)","id":10330}],"production_countries":[{"iso_3166_1":"US","name":"United States of America"}],"release_date":"1958-04-23","revenue":2247465,"runtime":108,"spoken_languages":[{"iso_639_1":"es","name":"Español"},{"iso_639_1":"en","name":"English"}],"status":"Released","tagline":"THE STRANGEST VENGEANCE EVER PLANNED!","title":"Touch of Evil","video":false,"vote_average":7.8,"vote_count":40}
