{"adult":false,"backdrop_path":"/9cs9RuOS3A5YEh6r4opVrIGbiJy.jpg","belongs_to_collection":{"id":90306,"name":"Ghost Rider Collection","poster_path":"/bZBasloaMhjxCwH6tV0eziNMqut.jpg","backdrop_path":"/ee8zhn4VIXQh1J5t7efyybcvHLj.jpg"},"budget":110000000,"genres":[{"id":53,"name":"Thriller"},{"id":28,"name":"Action"},{"id":14,"name":"Fantasy"},{"id":27,"name":"Horror"}],"homepage":"http://www.sonypictures.com/movies/ghostrider/","id":1250,"imdb_id":"tt0259324","original_language":"en","original_title":"Ghost Rider","overview":"In order to save his dying father, young stunt cyclist Johnny Blaze sells his soul to Mephistopheles and sadly parts from the pure-hearted Roxanne Simpson, the love of his life. Years later, Johnny's path crosses again with Roxanne, now a gogetting reporter, and also with Mephistopheles, who offers to release Johnny's soul if Johnny becomes the fabled, fiery Ghost Rider.","popularity":2.397779,"poster_path":"/soDF6i4eREQN4JPuSzpAqWDZmU4.jpg","production_companies":[{"name":"Columbia Pictures Corporation","id":441},{"name":"Relativity Media","id":7295},{"name":"Michael De Luca Productions","id":11370},{"name":"Marvel Enterprises","id":19551},{"name":"Crystal Sky Pictures","id":20241},{"name":"GH One","id":20475},{"name":"Vengeance Productions Pty. Ltd.","id":20476}],"production_countries":[{"iso_3166_1":"US","name":"United States of America"},{"iso_3166_1":"AU","name":"Australia"}],"release_date":"2007-02-16","revenue":228738393,"runtime":114,"spoken_languages":[{"iso_639_1":"en","name":"English"}],"status":"Released","tagline":"Long ago he made a deal to save someone he loved.","title":"Ghost Rider","video":false,"vote_average":5.2,"vote_count":601}
