{"adult":false,"backdrop_path":"/5T6zZtS0p1xzyAIUczMopJgZJzg.jpg","belongs_to_collection":null,"budget":26000000,"genres":[{"id":10749,"name":"Romance"},{"id":18,"name":"Drama"}],"homepage":"http://www.littlechildrenmovie.com","id":1440,"imdb_id":"tt0404203","original_language":"en","original_title":"Little Children","overview":"The lives of two lovelorn spouses from separate marriages, a registered sex offender, and a disgraced ex-police officer intersect as they struggle to resist their vulnerabilities and temptations.","popularity":0.868181,"poster_path":"/225OXhGllrBJ6FWaYyiosxDU1us.jpg","production_companies":[{"name":"New Line Cinema","id":12},{"name":"Standard Film Company","id":716},{"name":"Bona Fide Productions","id":2570}],"production_countries":[{"iso_3166_1":"US","name":"United States of America"}],"release_date":"2006-09-01","revenue":0,"runtime":136,"spoken_languages":[{"iso_639_1":"es","name":"Español"},{"iso_639_1":"en","name":"English"}],"status":"Released","tagline":"","title":"Little Children","video":false,"vote_average":6.5,"vote_count":61}
