{"adult":false,"backdrop_path":"/5tCBLqF8CfJXEzOWiCo2iXYjcdW.jpg","belongs_to_collection":{"id":11173,"name":"The Wild Soccer Bunch","poster_path":"/b6h6lUioVIjLFVcOABqpEujbezO.jpg","backdrop_path":"/pVPrPTADDdOGT2AqOw8320sU2dU.jpg"},"budget":700000,"genres":[{"id":10769,"name":"Foreign"},{"id":35,"name":"Comedy"},{"id":10751,"name":"Family"},{"id":12,"name":"Adventure"}],"homepage":"http://www.dwk4.de/","id":1264,"imdb_id":"tt0811159","original_language":"de","original_title":"Die Wilden Kerle 4","overview":"After his victory over the team \"The horrific Beasts,\" \"The Beast Football Club\" are in top form and mature in every game. But they need one more win to get the \"Pott\", the highest award of football freestyle. And to do have to beat the \"Wolves of Ragnarok\". But the Wolves are not a normal opponents. They have a dark secret ... in the rear lies a power greater than all of them together: this is a smart young woman named Horizon (Light Silver). Marlon falls in love with Marion. And she has one goal: to separate Marlon and Leon. Now, an internal fight threatens to destroy the Beasts Football Club.","popularity":0.045117,"poster_path":"/rWHMPgoaNaYLZV2TIvdCDTuH0df.jpg","production_companies":[],"production_countries":[{"iso_3166_1":"DE","name":"Germany"}],"release_date":"2007-02-01","revenue":0,"runtime":110,"spoken_languages":[{"iso_639_1":"de","name":"Deutsch"}],"status":"Released","tagline":"","title":"The Wild Soccer Bunch 4","video":false,"vote_average":2.0,"vote_count":1}
