{"adult":false,"backdrop_path":null,"belongs_to_collection":null,"budget":0,"genres":[{"id":18,"name":"Drama"}],"homepage":"","id":1839,"imdb_id":"tt0220967","original_language":"en","original_title":"Alias","overview":"No overview found.","popularity":0.000144,"poster_path":null,"production_companies":[{"name":"Lazennec Tout Court","id":759}],"production_countries":[{"iso_3166_1":"FR","name":"France"}],"release_date":"1999-01-01","revenue":0,"runtime":13,"spoken_languages":[{"iso_639_1":"fr","name":"Français"}],"status":"Released","tagline":"","title":"Alias","video":false,"vote_average":0.0,"vote_count":0}
