{"adult":false,"backdrop_path":"/sLtT2NSqzHNIsrBIbIdnl8haQt7.jpg","belongs_to_collection":null,"budget":6000000,"genres":[{"id":99,"name":"Documentary"}],"homepage":"","id":1777,"imdb_id":"tt0361596","original_language":"en","original_title":"Fahrenheit 9/11","overview":"Michael Moore's view on what happened to the United States after September 11; and how the Bush Administration allegedly used the tragic event to push forward its agenda for unjust wars in Afghanistan and Iraq.","popularity":0.875742,"poster_path":"/vZYGLqVV4qnAknyxnFrhDQNl1SS.jpg","production_companies":[{"name":"BIM Distribuzione","id":225},{"name":"Fellowship Adventure Group","id":8734}],"production_countries":[{"iso_3166_1":"US","name":"United States of America"}],"release_date":"2004-06-22","revenue":119114517,"runtime":122,"spoken_languages":[{"iso_639_1":"de","name":"Deutsch"},{"iso_639_1":"ar","name":"العربية"},{"iso_639_1":"en","name":"English"}],"status":"Released","tagline":"Controversy... what controversy?","title":"Fahrenheit 9/11","video":false,"vote_average":6.4,"vote_count":91}
