{"adult":false,"backdrop_path":"/63OmgMeYb2T7azonwtY1T0UpRGc.jpg","belongs_to_collection":{"id":16698,"name":"Bring It On Collection","poster_path":"/shF7Ql8JNSDd4jisyRaehZqyyP5.jpg","backdrop_path":"/mZPimsc8yVPNwjcMT9BoQvfPsvO.jpg"},"budget":28000000,"genres":[{"id":35,"name":"Comedy"}],"homepage":"","id":1588,"imdb_id":"tt0204946","original_language":"en","original_title":"Bring It On","overview":"The Toro cheerleading squad from Rancho Carne High School in San Diego has got spirit, spunk, sass and a killer routine that's sure to land them the national championship trophy for the sixth year in a row. But for newly-elected team captain (Kirsten Dunst), the Toros' road to total cheer glory takes a shady turn when she discovers that their perfectly-choreographed routines were in fact stolen.","popularity":1.775023,"poster_path":"/yg0O6eGgrumDZ1bht3pqMjNaWon.jpg","production_companies":[{"name":"Beacon Communications","id":919}],"production_countries":[{"iso_3166_1":"US","name":"United States of America"}],"release_date":"2000-08-25","revenue":90449929,"runtime":98,"spoken_languages":[{"iso_639_1":"en","name":"English"}],"status":"Released","tagline":"May the best moves win.","title":"Bring It On","video":false,"vote_average":5.7,"vote_count":289}
