{"adult":false,"backdrop_path":"/ai1d9YyDzhvuBcPmg3nyzOxEQrX.jpg","belongs_to_collection":{"id":1617,"name":"Erkan & Stefan","poster_path":null,"backdrop_path":null},"budget":0,"genres":[{"id":35,"name":"Comedy"}],"homepage":"","id":1616,"imdb_id":"tt0427219","original_language":"de","original_title":"Erkan & Stefan in Der Tod kommt krass","overview":"The 3rd movie by the comedian duo Erkan and Stefan.","popularity":0.001116,"poster_path":"/kExqRxe2UU2fZOEJjNgPAOFl0SZ.jpg","production_companies":[],"production_countries":[{"iso_3166_1":"DE","name":"Germany"}],"release_date":"2005-05-19","revenue":0,"runtime":97,"spoken_languages":[{"iso_639_1":"de","name":"Deutsch"}],"status":"Released","tagline":"","title":"Erkan & Stefan 3","video":false,"vote_average":4.3,"vote_count":2}
