{"adult":false,"backdrop_path":null,"belongs_to_collection":null,"budget":0,"genres":[{"id":35,"name":"Comedy"},{"id":10402,"name":"Music"}],"homepage":"","id":1739,"imdb_id":"tt0051185","original_language":"en","original_title":"Weißer Holunder","overview":"No overview found.","popularity":0.000159,"poster_path":"/joVSYu1wstKJe5vKEFRvf4DHCOc.jpg","production_companies":[],"production_countries":[],"release_date":"1957-08-29","revenue":0,"runtime":85,"spoken_languages":[{"iso_639_1":"de","name":"Deutsch"}],"status":"Released","tagline":"","title":"Weißer Holunder","video":false,"vote_average":0.0,"vote_count":0}
