{"adult":false,"backdrop_path":"/ocjS04TaTdwDAdNwPwCD7OYHv0O.jpg","belongs_to_collection":null,"budget":0,"genres":[{"id":18,"name":"Drama"},{"id":10749,"name":"Romance"}],"homepage":"http://iconmovies.co.uk/aefondkiss/","id":1404,"imdb_id":"tt0380366","original_language":"en","original_title":"Ae Fond Kiss...","overview":"A young man upsets his Punjabi family when he falls in love with an Irish schoolteacher.","popularity":0.113451,"poster_path":"/AuhevZysRpWVOTCj8hZpL5ynlCx.jpg","production_companies":[{"name":"Scottish Screen","id":698},{"name":"Cinéart","id":19930},{"name":"Bianca Film","id":27559}],"production_countries":[{"iso_3166_1":"GB","name":"United Kingdom"}],"release_date":"2004-02-13","revenue":0,"runtime":104,"spoken_languages":[{"iso_639_1":"en","name":"English"},{"iso_639_1":"pa","name":"ਪੰਜਾਬੀ"}],"status":"Released","tagline":"","title":"Just a Kiss","video":false,"vote_average":6.8,"vote_count":8}
