{"adult":false,"backdrop_path":"/owoPx8ldvh07NZBy5wG0UTY0Uuj.jpg","belongs_to_collection":null,"budget":55000000,"genres":[{"id":12,"name":"Adventure"},{"id":14,"name":"Fantasy"},{"id":28,"name":"Action"}],"homepage":"http://www.forbiddenkingdommovie.com/","id":1729,"imdb_id":"tt0865556","original_language":"en","original_title":"The Forbidden Kingdom","overview":"An American teenager who is obsessed with Hong Kong cinema and kung-fu classics makes an extraordinary discovery in a Chinatown pawnshop: the legendary stick weapon of the Chinese sage and warrior, the Monkey King. With the lost relic in hand, the teenager unexpectedly finds himself travelling back to ancient China to join a crew of warriors from martial arts lore on a dangerous quest to free the imprisoned Monkey King.","popularity":1.072457,"poster_path":"/4jTVS5uij49cqzLKXjaQywIp7cV.jpg","production_companies":[{"name":"Casey Silver Productions","id":877},{"name":"China Film Co-Production Corporation","id":2269},{"name":"Huayi Brothers","id":3393},{"name":"Relativity Media","id":7295}],"production_countries":[{"iso_3166_1":"CN","name":"China"},{"iso_3166_1":"US","name":"United States of America"}],"release_date":"2008-04-18","revenue":127906624,"runtime":104,"spoken_languages":[{"iso_639_1":"zh","name":"普通话"},{"iso_639_1":"en","name":"English"}],"status":"Released","tagline":"The battle for eternity is the fantasy of a lifetime.","title":"The Forbidden Kingdom","video":false,"vote_average":6.2,"vote_count":153}
