{"adult":false,"backdrop_path":"/pbRiqUD8zp7e1HIt2Cn68xyxnjL.jpg","belongs_to_collection":null,"budget":82000000,"genres":[{"id":35,"name":"Comedy"},{"id":18,"name":"Drama"},{"id":10749,"name":"Romance"}],"homepage":"http://www.universalpictures.com/manonthemoon/","id":1850,"imdb_id":"tt0125664","original_language":"en","original_title":"Man on the Moon","overview":"A film about the life and career of the eccentric avant-garde comedian, Andy Kaufman.","popularity":0.454607,"poster_path":"/i6jNmO6vynStAy23KUhOwetX6Bs.jpg","production_companies":[{"name":"Mutual Film Company","id":762}],"production_countries":[{"iso_3166_1":"US","name":"United States of America"}],"release_date":"1999-12-22","revenue":47434430,"runtime":118,"spoken_languages":[{"iso_639_1":"en","name":"English"}],"status":"Released","tagline":"Hello, my name is Andy and this is my movie.","title":"Man on the Moon","video":false,"vote_average":6.5,"vote_count":139}
