{"adult":false,"backdrop_path":"/pIUvQ9Ed35wlWhY2oU6OmwEsmzG.jpg","belongs_to_collection":{"id":119,"name":"The Lord of the Rings Collection","poster_path":"/p4UokEk2XnjjRTdXGe6DLYXlbI1.jpg","backdrop_path":"/bccR2CGTWVVSZAG0yqmy3DIvhTX.jpg"},"budget":93000000,"genres":[{"id":12,"name":"Adventure"},{"id":14,"name":"Fantasy"},{"id":28,"name":"Action"}],"homepage":"http://www.lordoftherings.net/","id":120,"imdb_id":"tt0120737","original_language":"en","original_title":"The Lord of the Rings: The Fellowship of the Ring","overview":"Young hobbit Frodo Baggins, after inheriting a mysterious ring from his uncle Bilbo, must leave his home in order to keep it from falling into the hands of its evil creator. Along the way, a fellowship is formed to protect the ringbearer and make sure that the ring arrives at its final destination: Mt. Doom, the only place where it can be destroyed.","popularity":4.624797,"poster_path":"/9HG6pINW1KoFTAKY3LdybkoOKAm.jpg","production_companies":[{"name":"WingNut Films","id":11},{"name":"New Line Cinema","id":12},{"name":"The Saul Zaentz Company","id":5237}],"production_countries":[{"iso_3166_1":"NZ","name":"New Zealand"},{"iso_3166_1":"US","name":"United States of America"}],"release_date":"2001-12-19","revenue":871368364,"runtime":178,"spoken_languages":[{"iso_639_1":"en","name":"English"}],"status":"Released","tagline":"One ring to rule them all","title":"The Lord of the Rings: The Fellowship of the Ring","video":false,"vote_average":7.6,"vote_count":4316}
