{"adult":false,"backdrop_path":"/gih4L6m9u1yB3PGwyJxB5wjzbqR.jpg","belongs_to_collection":{"id":151,"name":"Star Trek: The Original Series Collection","poster_path":"/zcB8KxHA4EapOoZZPAvwgmE1iGK.jpg","backdrop_path":"/9BQj9hq0aK6yM9Tm2NJ28jg572y.jpg"},"budget":12000000,"genres":[{"id":878,"name":"Science Fiction"},{"id":28,"name":"Action"},{"id":12,"name":"Adventure"},{"id":18,"name":"Drama"},{"id":53,"name":"Thriller"}],"homepage":"","id":154,"imdb_id":"tt0084726","original_language":"en","original_title":"Star Trek II: The Wrath of Khan","overview":"Admiral James T. Kirk is feeling old; the prospect of accompanying his old ship the Enterprise on a two week cadet cruise is not making him feel any younger. But the training cruise becomes a a life or death struggle when Khan escapes from years of exile and captures the power of creation itself.","popularity":1.087425,"poster_path":"/7VKpj4Xl3hTzgAS3xpVuOyqNnSv.jpg","production_companies":[{"name":"Paramount Pictures","id":4}],"production_countries":[{"iso_3166_1":"US","name":"United States of America"}],"release_date":"1982-06-03","revenue":96800000,"runtime":113,"spoken_languages":[{"iso_639_1":"en","name":"English"}],"status":"Released","tagline":"At the end of the universe lies the beginning of vengeance.","title":"Star Trek II: The Wrath of Khan","video":false,"vote_average":7.0,"vote_count":241}
