{"adult":false,"backdrop_path":"/eSZUjmpNSnQZ2Wp1IRdlbUpSAuz.jpg","belongs_to_collection":null,"budget":0,"genres":[{"id":12,"name":"Adventure"},{"id":18,"name":"Drama"},{"id":10749,"name":"Romance"}],"homepage":"","id":175,"imdb_id":"tt0095250","original_language":"fr","original_title":"Le Grand Bleu","overview":"Two men answer the call of the ocean in this romantic fantasy-adventure.  Jacques (Jean-Marc Barr) and Enzo (Jean Reno) are a pair of friends who have been close since childhood, and who share a passion for the dangerous sport of free diving. Professional diver Jacques opted to follow in the footsteps of his father, who died at sea when Jacques was a boy; to the bewilderment of scientists, Jacques harbors a remarkable ability to adjust his heart rate and breathing pattern in the water, so that his vital signs more closely resemble that of dolphins than men (he even considers a school of dolphins as his extended family).  As Enzo persuades a reluctant Jacques to compete against him in a free diving contest -- determining who can dive deeper and longer without scuba gear -- Jacques meets Johana (Rosanna Arquette), a beautiful insurance investigator from America, and he finds that he must choose between his love for her and his love of the sea.","popularity":1.319006,"poster_path":"/w4TWqa7SiXP0Hm4rkRnCfXwIeRK.jpg","production_companies":[{"name":"Gaumont","id":9}],"production_countries":[{"iso_3166_1":"FR","name":"France"},{"iso_3166_1":"IT","name":"Italy"},{"iso_3166_1":"US","name":"United States of America"}],"release_date":"1988-05-11","revenue":0,"runtime":168,"spoken_languages":[{"iso_639_1":"fr","name":"Français"},{"iso_639_1":"it","name":"Italiano"},{"iso_639_1":"ru","name":"Pусский"},{"iso_639_1":"en","name":"English"}],"status":"Released","tagline":"Danger...Like Passion...Runs Deep","title":"The Big Blue","video":false,"vote_average":7.7,"vote_count":98}
