{"adult":false,"backdrop_path":"/9diyJ180qJP4PHlHYPvwEMrrqI8.jpg","belongs_to_collection":null,"budget":11000000,"genres":[{"id":27,"name":"Horror"},{"id":18,"name":"Drama"},{"id":878,"name":"Science Fiction"}],"homepage":"http://www.hostmovie.com/","id":1255,"imdb_id":"tt0468492","original_language":"en","original_title":"괴물","overview":"Gang-du is a dim-witted man working at his father's tiny snack bar near the Han River. One day, Gang-du's one and only daughter Hyun-seo comes back from school irritated. She is angry at her uncle, Nam-il, who visited her school as her guardian shamelessly drunk. Ignoring her father's excuses for Nam-il, Hyun-seo is soon engrossed in her aunt Nam-joo's archery tournament on TV. Meanwhile, outside of the snack bar, people are fascinated by an unidentified object hanging onto a bridge. In an instant, the object reveals itself as a terrifying creature turning the riverbank into a gruesome sea of blood¡¦ Amid the chaos, Hyun-seo is helplessly snatched up by the creature right before Gang-du's eyes. These unforeseen circumstances render the government powerless to act. But receiving a call of help from Hyun-seo, the once-ordinary citizen Gang-du and his family are thrust into a battle with the monster to rescue their beloved Hyun-seo.","popularity":1.062647,"poster_path":"/74OkcSKTs4f8myeLaVdJ57lj2CG.jpg","production_companies":[{"name":"Cineclick Asia","id":685},{"name":"Happinet Pictures","id":822},{"name":"Cheongeoram","id":945},{"name":"CJ Capital Investment","id":946}],"production_countries":[{"iso_3166_1":"KR","name":"South Korea"}],"release_date":"2006-07-27","revenue":88489643,"runtime":119,"spoken_languages":[{"iso_639_1":"ko","name":"한국어/조선말"}],"status":"Released","tagline":"Monsters are real.","title":"The Host","video":false,"vote_average":6.6,"vote_count":106}
