{"adult":false,"backdrop_path":"/xJrfgGltBE0B8cSJl7OkVIA3HIA.jpg","belongs_to_collection":null,"budget":0,"genres":[{"id":10770,"name":"TV Movie"},{"id":18,"name":"Drama"}],"homepage":"","id":1163,"imdb_id":"tt0246786","original_language":"en","original_title":"The Miracle Worker","overview":"Devoted teacher Anne Sullivan (Alison Elliott) leads deaf, blind and mute Helen Keller (Hallie Kate Eisenberg) out of solitude and helps integrate her into the world.","popularity":0.015359,"poster_path":"/82fbnYZASQ6q9KCjNaXUCusuoou.jpg","production_companies":[{"name":"Walt Disney Television","id":670}],"production_countries":[{"iso_3166_1":"US","name":"United States of America"}],"release_date":"2000-11-12","revenue":0,"runtime":95,"spoken_languages":[{"iso_639_1":"en","name":"English"}],"status":"Released","tagline":"","title":"The Miracle Worker","video":false,"vote_average":5.3,"vote_count":2}
