{"adult":false,"backdrop_path":"/raJDhYwSb5GjnET90MP8N5Nt0Bw.jpg","belongs_to_collection":null,"budget":0,"genres":[{"id":18,"name":"Drama"}],"homepage":"","id":1418,"imdb_id":"tt0350193","original_language":"es","original_title":"Te doy mis ojos","overview":"One winter night, Pilar runs away from home. With her, she takes only a few belongings and her son, Juan. Antonio soon sets out to look for her. He says Pilar is his sunshine, and what's more, \"She gave him her eyes\"...","popularity":0.00768,"poster_path":"/bGZrvpZeOk5TlmcLJnmNCPDEnmo.jpg","production_companies":[],"production_countries":[{"iso_3166_1":"ES","name":"Spain"}],"release_date":"2003-10-08","revenue":0,"runtime":109,"spoken_languages":[{"iso_639_1":"es","name":"Español"}],"status":"Released","tagline":"","title":"Take My Eyes","video":false,"vote_average":6.2,"vote_count":9}
