{"adult":false,"backdrop_path":"/c639RjHruZOaGXyvsHIl4lDKTpm.jpg","belongs_to_collection":null,"budget":2500000,"genres":[{"id":18,"name":"Drama"},{"id":14,"name":"Fantasy"},{"id":10749,"name":"Romance"}],"homepage":"http://www.wim-wenders.com/movies/movies_spec/wingsofdesire/wingsofdesire.htm","id":144,"imdb_id":"tt0093191","original_language":"de","original_title":"Der Himmel über Berlin","overview":"Wings of Desire is Wim Wender’s artistically beautiful film about the lonely and immortal life of angels during a post-war Berlin. It’s a poetic journey from the perspective of the angels of which one falls in love with a living woman and wants to become a mortal human thus giving up his heavenly life. Filmed in black and white and with a feeling of celebrating life.","popularity":0.399477,"poster_path":"/yQI5X0stOQhVhbfZKtsnG8I7sBo.jpg","production_companies":[{"name":"Road Movies Filmproduktion GmbH","id":45},{"name":"Argos Films","id":6116},{"name":"Westdeutscher Rundfunk (WDR)","id":7025}],"production_countries":[{"iso_3166_1":"DE","name":"Germany"},{"iso_3166_1":"FR","name":"France"}],"release_date":"1987-01-01","revenue":0,"runtime":128,"spoken_languages":[{"iso_639_1":"de","name":"Deutsch"},{"iso_639_1":"fr","name":"Français"},{"iso_639_1":"en","name":"English"}],"status":"Released","tagline":"","title":"Wings of Desire","video":false,"vote_average":7.2,"vote_count":49}
