{"adult":false,"backdrop_path":"/h2C9yyONWjWT4vRHTJVULsrFo4z.jpg","belongs_to_collection":null,"budget":0,"genres":[{"id":28,"name":"Action"},{"id":37,"name":"Western"}],"homepage":"","id":1403,"imdb_id":"tt0060355","original_language":"en","original_title":"Duel at Diablo","overview":"While crossing the desert, a frontier scout, Jess Remsberg (Garner), rescues Ellen Grange (Andersson) from a pursuing band of Apaches, and returns her to her husband, Willard Grange (Weaver). He is contracted to act as a scout for an Army cavalry unit. Willard, Ellen, and her infant son are along for the ride, as is horse trader Toller (Poitier), a veteran of the 10th Cavalry (the \"Buffalo Soldiers\"). The party is trapped in a canyon by Chata, an Apache chief and grandfather of Ellen's baby. Willard is captured and tortured. Jess sneaks away and brings reinforcements just in time to save the day. Jess learns that the man he has been hunting is none other than Willard Grange.","popularity":0.074448,"poster_path":"/x7hHrS9iFovvVsVPNtWJpbVd7N4.jpg","production_companies":[],"production_countries":[{"iso_3166_1":"US","name":"United States of America"}],"release_date":"1966-06-15","revenue":0,"runtime":103,"spoken_languages":[{"iso_639_1":"en","name":"English"}],"status":"Released","tagline":"","title":"Duel at Diablo","video":false,"vote_average":6.1,"vote_count":4}
