{"adult":false,"backdrop_path":null,"belongs_to_collection":null,"budget":0,"genres":[{"id":18,"name":"Drama"}],"homepage":"http://takethebridge-movie.com/","id":1861,"imdb_id":"tt0427925","original_language":"en","original_title":"Take The Bridge","overview":"Take The Bridge is a 2007 independent film from Sergio M. Castilla about four young adults who all try to commit suicide on the same day and how they meet up and become friends. The film Premiering at the 2007 Tribeca Film Festival.","popularity":0.000609,"poster_path":null,"production_companies":[{"name":"Angel Baby Entertainment","id":1100}],"production_countries":[{"iso_3166_1":"US","name":"United States of America"}],"release_date":"2007-01-01","revenue":0,"runtime":87,"spoken_languages":[{"iso_639_1":"en","name":"English"},{"iso_639_1":"es","name":"Español"}],"status":"Released","tagline":"","title":"Take The Bridge","video":false,"vote_average":0.0,"vote_count":0}
