{"adult":false,"backdrop_path":"/6N123jVLPZbjqGKZL0OnfuOHMn5.jpg","belongs_to_collection":null,"budget":6000000,"genres":[{"id":18,"name":"Drama"},{"id":28,"name":"Action"},{"id":35,"name":"Comedy"},{"id":10402,"name":"Music"},{"id":10749,"name":"Romance"}],"homepage":"","id":1496,"imdb_id":"tt0101615","original_language":"en","original_title":"Cool as Ice","overview":"Johnny, a freewheeling, motorcycle-riding musician, rolls into a small town with his band, and meets Kathy, an honor student who catches his eye. Meanwhile, Kathy's father, after being in the Witness Protection Program, is finally found by the two corrupt cops he escaped from years ago, who claim he owes them a lot of money.","popularity":0.126752,"poster_path":"/kt6svEFscOUkisIeIlicpzmp3BC.jpg","production_companies":[{"name":"Alive Films","id":17823},{"name":"Koppelmann/Bandier-Carnegie Pictures","id":47030},{"name":"Capella","id":47031}],"production_countries":[{"iso_3166_1":"US","name":"United States of America"}],"release_date":"1991-10-18","revenue":1193062,"runtime":91,"spoken_languages":[{"iso_639_1":"en","name":"English"}],"status":"Released","tagline":"When a girl has a heart of stone, there's only one way to melt it. Just add Ice.","title":"Cool as Ice","video":false,"vote_average":4.6,"vote_count":9}
