{"adult":false,"backdrop_path":"/p25mxAO1ArY8bgZX6Y7B2r3vo0k.jpg","belongs_to_collection":{"id":93220,"name":"Miss Congeniality Collection","poster_path":"/wgQWsSsvB1iu1Pwc4nUP9E5bRzs.jpg","backdrop_path":"/7TIT28YbhAOeQGD2q2hJ9j83jI1.jpg"},"budget":45000000,"genres":[{"id":35,"name":"Comedy"},{"id":80,"name":"Crime"},{"id":28,"name":"Action"}],"homepage":"","id":1493,"imdb_id":"tt0212346","original_language":"en","original_title":"Miss Congeniality","overview":"Gracie Hart is a tough-as-nails FBI officer. When her office receives a letter from a terrorist going by the alias \"The Citizen\", they figure out that he's planning his next act at the Miss America beauty pageant. Because Hart is the only female officer at her office, she's chosen to go undercover as the contestant from New Jersey.","popularity":1.34884,"poster_path":"/mILq93mndRkMRz1MgaKqD3WpR1d.jpg","production_companies":[{"name":"Village Roadshow Pictures","id":79},{"name":"Castle Rock Entertainment","id":97},{"name":"NPV Entertainment","id":172},{"name":"Fortis Films","id":4258}],"production_countries":[{"iso_3166_1":"AU","name":"Australia"},{"iso_3166_1":"US","name":"United States of America"}],"release_date":"2000-12-14","revenue":212000000,"runtime":109,"spoken_languages":[{"iso_639_1":"en","name":"English"},{"iso_639_1":"es","name":"Español"},{"iso_639_1":"fr","name":"Français"},{"iso_639_1":"ru","name":"Pусский"}],"status":"Released","tagline":"Never Mess With An Agent In A Dress.","title":"Miss Congeniality","video":false,"vote_average":6.0,"vote_count":291}
