{"adult":false,"backdrop_path":"/e9WDDxgkmZG1LvxbGfKiCvsrNAp.jpg","belongs_to_collection":null,"budget":0,"genres":[{"id":16,"name":"Animation"}],"homepage":"","id":1857,"imdb_id":"tt0092106","original_language":"en","original_title":"Transformers: The Movie","overview":"It is the year 2005. The war between The Autobots and Decepticons has escalated all the way to Cybertron, which the Decepticons have reclaimed. The Autobots must now face an uncertain future. Megatron and a group of forsaken Decepticons have been reformed by the ultimate transformer, a planet-consuming demon known as Unicron, into even deadlier warriors. Now Galvatron, Scourge and Cyclonus must destroy the Autobot Matrix of Leadership for Unicron's glory or suffer the horrific destruction of Cybertron. However, Optimus Prime has decreed that an Autobot will rise from his rank and use the power of the Matrix to light the darkest hour of the Autobots.","popularity":0.423832,"poster_path":"/5oU0gsrU47gthpNt2GtVNiS6A5w.jpg","production_companies":[{"name":"De Laurentiis Entertainment Group (DEG)","id":484},{"name":"Marvel Productions","id":2301},{"name":"Sunbow Productions","id":3313}],"production_countries":[{"iso_3166_1":"US","name":"United States of America"}],"release_date":"1986-08-08","revenue":5706456,"runtime":84,"spoken_languages":[{"iso_639_1":"ja","name":"日本語"},{"iso_639_1":"en","name":"English"}],"status":"Released","tagline":"One shall stand, one shall fall","title":"Transformers: The Movie","video":false,"vote_average":7.1,"vote_count":44}
