{"adult":false,"backdrop_path":"/kEMUElVaO8GqZSh4Atmy9kiuqMn.jpg","belongs_to_collection":{"id":1709,"name":"Planet of the Apes (Original) Collection","poster_path":"/n9nUdnx1awdQeHC6FTiNohr2fiT.jpg","backdrop_path":"/2BQc7pXBU7zWGWMJDQBDuV5X8ra.jpg"},"budget":1800000,"genres":[{"id":28,"name":"Action"},{"id":878,"name":"Science Fiction"}],"homepage":"","id":1688,"imdb_id":"tt0068408","original_language":"en","original_title":"Conquest of the Planet of the Apes","overview":"In a futuristic world that has embraced ape slavery, Caesar, the son of the late simians Cornelius and Zira, surfaces after almost twenty years of hiding out from the authorities, and prepares for a slave revolt against humanity.","popularity":0.993836,"poster_path":"/fRKPbTcq6wwbCuIbBNERW7FRQBs.jpg","production_companies":[{"name":"Twentieth Century Fox Film Corporation","id":306},{"name":"APJAC Productions","id":12943}],"production_countries":[{"iso_3166_1":"US","name":"United States of America"}],"release_date":"1972-06-29","revenue":9700000,"runtime":88,"spoken_languages":[{"iso_639_1":"en","name":"English"}],"status":"Released","tagline":"All new! The revolt of the apes. The most awesome spectacle in the annals of science fiction!","title":"Conquest of the Planet of the Apes","video":false,"vote_average":6.0,"vote_count":57}
