{"adult":false,"backdrop_path":"/4iJfYYoQzZcONB9hNzg0J0wWyPH.jpg","belongs_to_collection":{"id":10,"name":"Star Wars Collection","poster_path":"/ghd5zOQnDaDW1mxO7R5fXXpZMu.jpg","backdrop_path":"/d8duYyyC9J5T825Hg7grmaabfxQ.jpg"},"budget":11000000,"genres":[{"id":12,"name":"Adventure"},{"id":28,"name":"Action"},{"id":878,"name":"Science Fiction"}],"homepage":"http://www.starwars.com","id":11,"imdb_id":"tt0076759","original_language":"en","original_title":"Star Wars","overview":"Princess Leia is captured and held hostage by the evil Imperial forces in their effort to take over the galactic Empire. Venturesome Luke Skywalker and dashing captain Han Solo team together with the loveable robot duo R2-D2 and C-3PO to rescue the beautiful princess and restore peace and justice in the Empire.","popularity":5.453658,"poster_path":"/tvSlBzAdRE29bZe5yYWrJ2ds137.jpg","production_companies":[{"name":"Lucasfilm","id":1},{"name":"Twentieth Century Fox Film Corporation","id":306}],"production_countries":[{"iso_3166_1":"US","name":"United States of America"}],"release_date":"1977-05-25","revenue":775398007,"runtime":121,"spoken_languages":[{"iso_639_1":"en","name":"English"}],"status":"Released","tagline":"A long time ago in a galaxy far, far away...","title":"Star Wars: Episode IV - A New Hope","video":false,"vote_average":7.7,"vote_count":2669}
