{"adult":false,"backdrop_path":"/vV6lu8KbNkP4iUwHjXUrjCImsVB.jpg","belongs_to_collection":null,"budget":0,"genres":[{"id":18,"name":"Drama"},{"id":35,"name":"Comedy"}],"homepage":"http://www.wer-frueher-stirbt-ist-laenger-tot.de/","id":1697,"imdb_id":"tt0780180","original_language":"de","original_title":"Wer früher stirbt ist länger tot","overview":"In this black comedy set in small-town Bavaria, 11-year-old Sebastian thinks you can never be too young to be a murderer. He's convinced that he killed his mother on the day he was born and is certain he's already been condemned to purgatory. Deciding he might be able to knock off a few years of his sentence by doing good deeds, Sebastian sets out to find a wife for his father Lorenz. When Lorenz and Sebastian's schoolteacher Veronika fall madly in love with each other, it seems the heavens must be smiling. There's just one hitch: Veronika is married.","popularity":0.166309,"poster_path":"/ywzCOgNP9vfwQvgion1zqaOEfL.jpg","production_companies":[{"name":"Roxy Film","id":101}],"production_countries":[{"iso_3166_1":"DE","name":"Germany"}],"release_date":"2006-08-17","revenue":0,"runtime":105,"spoken_languages":[{"iso_639_1":"de","name":"Deutsch"}],"status":"Released","tagline":"","title":"Grave Decisions","video":false,"vote_average":7.7,"vote_count":12}
