{"adult":false,"backdrop_path":"/pyYPPKCjIPlEjUpxIziXiTjT479.jpg","belongs_to_collection":null,"budget":40600000,"genres":[{"id":35,"name":"Comedy"},{"id":18,"name":"Drama"}],"homepage":"","id":1621,"imdb_id":"tt0086465","original_language":"en","original_title":"Trading Places","overview":"A snobbish investor and a wily street con-artist find their positions reversed as part of a bet by two callous millionaires.","popularity":1.034728,"poster_path":"/6HS7QG5aR0tZ9JHORs7DMtyqCDr.jpg","production_companies":[{"name":"Paramount Pictures","id":4}],"production_countries":[{"iso_3166_1":"US","name":"United States of America"}],"release_date":"1983-06-07","revenue":90400000,"runtime":116,"spoken_languages":[{"iso_639_1":"pt","name":"Português"},{"iso_639_1":"en","name":"English"}],"status":"Released","tagline":"Some very funny business.","title":"Trading Places","video":false,"vote_average":6.9,"vote_count":150}
