{"adult":false,"backdrop_path":"/JFSjLh9h52LCe8Eq44Svsvrxym.jpg","belongs_to_collection":null,"budget":0,"genres":[{"id":99,"name":"Documentary"},{"id":10402,"name":"Music"}],"homepage":"http://www.digthemovie.com/","id":1843,"imdb_id":"tt0388888","original_language":"en","original_title":"DiG!","overview":"A documentary on the once promising American rock bands The Brian Jonestown Massacre and The Dandy Warhols. The friendship between respective founders, Anton Newcombe and Courtney Taylor, escalated into bitter rivalry as the Dandy Warhols garnered major international success while the Brian Jonestown Massacre imploded in a haze of drugs.","popularity":0.000494,"poster_path":"/oVjgiGLPm8V4WXyXLXZ1ne0HXFl.jpg","production_companies":[],"production_countries":[{"iso_3166_1":"US","name":"United States of America"}],"release_date":"2004-05-14","revenue":127067,"runtime":107,"spoken_languages":[{"iso_639_1":"en","name":"English"}],"status":"Released","tagline":"","title":"DiG!","video":false,"vote_average":5.3,"vote_count":6}
