{"adult":false,"backdrop_path":"/3qlzyunDrkwWOKEWZRxeIF4HEUC.jpg","belongs_to_collection":{"id":131295,"name":"Captain America Collection","poster_path":"/2tOgiY533JSFp7OrVlkeRJvsZpI.jpg","backdrop_path":"/g8rel9GDznWJkt4rxMO2HIrNuEo.jpg"},"budget":140000000,"genres":[{"id":878,"name":"Science Fiction"},{"id":28,"name":"Action"},{"id":12,"name":"Adventure"}],"homepage":"http://captainamerica.marvel.com/","id":1771,"imdb_id":"tt0458339","original_language":"en","original_title":"Captain America: The First Avenger","overview":"Predominantly set during World War II, Steve Rogers is a sickly man from Brooklyn who's transformed into super-soldier Captain America to aid in the war effort. Rogers must stop the Red Skull – Adolf Hitler's ruthless head of weaponry, and the leader of an organization that intends to use a mysterious device of untold powers for world domination.","popularity":5.767232,"poster_path":"/sBZs1jSybBRBXDwcCR8IOyHLUMc.jpg","production_companies":[{"name":"Paramount Pictures","id":4},{"name":"Marvel Studios","id":420}],"production_countries":[{"iso_3166_1":"US","name":"United States of America"}],"release_date":"2011-07-22","revenue":365762652,"runtime":124,"spoken_languages":[{"iso_639_1":"fr","name":"Français"},{"iso_639_1":"no","name":"Norsk"},{"iso_639_1":"en","name":"English"}],"status":"Released","tagline":"When patriots become heroes","title":"Captain America: The First Avenger","video":false,"vote_average":6.4,"vote_count":3676}
