{"adult":false,"backdrop_path":"/r2RlJweqhnDKGkcgH2TL64GHfsO.jpg","belongs_to_collection":null,"budget":0,"genres":[{"id":10402,"name":"Music"},{"id":18,"name":"Drama"},{"id":10749,"name":"Romance"}],"homepage":"","id":1539,"imdb_id":"tt0448009","original_language":"de","original_title":"Keine Lieder über Liebe","overview":"No overview found.","popularity":0.000583,"poster_path":"/seNiggJUF4E0hzzYFhaAcKjUZVp.jpg","production_companies":[{"name":"Film 1","id":725}],"production_countries":[{"iso_3166_1":"DE","name":"Germany"}],"release_date":"2005-10-26","revenue":0,"runtime":98,"spoken_languages":[{"iso_639_1":"de","name":"Deutsch"}],"status":"Released","tagline":"","title":"Keine Lieder über Liebe","video":false,"vote_average":10.0,"vote_count":1}
