{"adult":false,"backdrop_path":"/2SmriSA5l4WE40KnZ8mA0GuqtEJ.jpg","belongs_to_collection":{"id":151,"name":"Star Trek: The Original Series Collection","poster_path":"/zcB8KxHA4EapOoZZPAvwgmE1iGK.jpg","backdrop_path":"/9BQj9hq0aK6yM9Tm2NJ28jg572y.jpg"},"budget":24000000,"genres":[{"id":878,"name":"Science Fiction"},{"id":12,"name":"Adventure"}],"homepage":"","id":168,"imdb_id":"tt0092007","original_language":"en","original_title":"Star Trek IV: The Voyage Home","overview":"Fugitives of the Federation for their daring rescue of Spock from the doomed Genesis Planet, Admiral Kirk (William Shatner) and his crew begin their journey home to face justice for their actions. But as they near Earth, they find it at the mercy of a mysterious alien presence whose signals are slowly destroying the planet. In a desperate attempt to answer the call of the probe, Kirk and his crew race back to the late twentieth century. However they soon find the world they once knew to be more alien than anything they've encountered in the far reaches of the galaxy!","popularity":1.219233,"poster_path":"/62nATuMKuaLhd5VHKumHOrJnCZa.jpg","production_companies":[{"name":"Paramount Pictures","id":4}],"production_countries":[{"iso_3166_1":"US","name":"United States of America"}],"release_date":"1986-11-25","revenue":133000000,"runtime":119,"spoken_languages":[{"iso_639_1":"en","name":"English"},{"iso_639_1":"fi","name":"suomi"}],"status":"Released","tagline":"The key to saving the future can only be found in the past.","title":"Star Trek IV: The Voyage Home","video":false,"vote_average":6.5,"vote_count":188}
