{"adult":false,"backdrop_path":"/4Chmyvy50Hxi63ehb5c2zmcnUZv.jpg","belongs_to_collection":null,"budget":0,"genres":[{"id":99,"name":"Documentary"}],"homepage":"","id":1666,"imdb_id":"tt0799954","original_language":"en","original_title":"The Bridge","overview":"The Bridge is the controversial documentary that shows people jumping to their death from the Golden Gate Bridge in San Francisco. Director Eric Steel staked out for a year under the infamous bridge filming 23 suicides. The footage was then compiled along with interviews from family, friends, witnesses, and survivors to create this disturbing yet very intriguing documentary.","popularity":0.002025,"poster_path":"/9TuQpnDXEfnAvcbjAW9WEQWCTIS.jpg","production_companies":[],"production_countries":[{"iso_3166_1":"US","name":"United States of America"}],"release_date":"2006-10-27","revenue":0,"runtime":93,"spoken_languages":[{"iso_639_1":"en","name":"English"}],"status":"Released","tagline":"","title":"The Bridge","video":false,"vote_average":6.8,"vote_count":22}
