{"adult":false,"backdrop_path":"/vR76H1pw4hpcGMcG0bRfJO8FpU8.jpg","belongs_to_collection":{"id":399,"name":"Predator Collection","poster_path":"/6Z7lASptoiRVxiCFvZaFgH9qp7u.jpg","backdrop_path":"/e8ycFoI8vGoZSOY7KmxFzZA1dkE.jpg"},"budget":18000000,"genres":[{"id":878,"name":"Science Fiction"},{"id":28,"name":"Action"},{"id":12,"name":"Adventure"},{"id":53,"name":"Thriller"}],"homepage":"","id":106,"imdb_id":"tt0093773","original_language":"en","original_title":"Predator","overview":"Dutch and his group of commandos are hired by the CIA to rescue downed airmen from guerillas in a Central American jungle. The mission goes well but as they return they find that something is hunting them. Nearly invisible, it blends in with the forest, taking trophies from the bodies of its victims as it goes along. Occasionally seeing through its eyes, the audience sees it is an intelligent alien hunter, hunting them for sport, killing them off one at a time.","popularity":2.829619,"poster_path":"/bj7A0teF2TWxxNGZjWTXiGrvCu2.jpg","production_companies":[{"name":"20th Century Fox","id":25},{"name":"Lawrence Gordon Productions","id":840},{"name":"Davis Entertainment","id":1302},{"name":"Silver Pictures","id":1885},{"name":"Amercent Films","id":5263},{"name":"American Entertainment Partners II L.P.","id":21451}],"production_countries":[{"iso_3166_1":"US","name":"United States of America"}],"release_date":"1987-06-11","revenue":98235548,"runtime":107,"spoken_languages":[{"iso_639_1":"en","name":"English"},{"iso_639_1":"es","name":"Español"}],"status":"Released","tagline":"If it bleeds, we can kill it...","title":"Predator","video":false,"vote_average":7.0,"vote_count":652}
