{"adult":false,"backdrop_path":null,"belongs_to_collection":null,"budget":0,"genres":[{"id":99,"name":"Documentary"}],"homepage":"","id":1778,"imdb_id":"tt0309326","original_language":"en","original_title":"The Backyard","overview":"Lightbulbs, fire, barbed wire, mousetraps, staple guns, thumbtacks and glass are weapons of choice in The Backyard. This undercover documentary takes you deep into the controversial arena of backyard wrestling where the limits are constantly being tested...and broken. The Backyard follows several backyard wrestlers in different countries as they pursue their dream to become professional wrestlers.","popularity":0.000355,"poster_path":"/uHq3eH0OpMPhlKOGCUrv6gq11JJ.jpg","production_companies":[{"name":"Paul Hough Entertainment","id":19730}],"production_countries":[{"iso_3166_1":"US","name":"United States of America"}],"release_date":"2002-03-08","revenue":0,"runtime":80,"spoken_languages":[{"iso_639_1":"en","name":"English"}],"status":"Released","tagline":"","title":"The Backyard","video":false,"vote_average":8.0,"vote_count":1}
