{"adult":false,"backdrop_path":"/8hZnjKZ34dgHjOCKyMwzklvUY9n.jpg","belongs_to_collection":null,"budget":0,"genres":[{"id":99,"name":"Documentary"}],"homepage":"http://www.prinzessinnenbad.de/","id":1684,"imdb_id":"tt0949502","original_language":"en","original_title":"Prinzessinnenbad","overview":"No overview found.","popularity":0.000609,"poster_path":"/iUKdOlRzyRsqaTVPGGkSsQ7Sgmx.jpg","production_companies":[],"production_countries":[{"iso_3166_1":"DE","name":"Germany"}],"release_date":"2007-02-11","revenue":0,"runtime":92,"spoken_languages":[{"iso_639_1":"de","name":"Deutsch"}],"status":"Released","tagline":"","title":"Prinzessinnenbad","video":false,"vote_average":4.3,"vote_count":2}
