{"adult":false,"backdrop_path":"/oH58zh9x8BfWnv8bS1slmrFcNCL.jpg","belongs_to_collection":null,"budget":0,"genres":[{"id":18,"name":"Drama"},{"id":35,"name":"Comedy"}],"homepage":"","id":1611,"imdb_id":"tt0326429","original_language":"de","original_title":"Das Wunder von Bern","overview":"The movie deals with the championship-winning German soccer team of 1954. Its story is linked with two others: The family of a young boy is split due to the events in World War II, and the father returns from Russia after eleven years. The second story is about a reporter and his wife reporting from the tournament.","popularity":0.233004,"poster_path":"/xPz6pOU2OuYMR9uohCXDWUTM6mW.jpg","production_companies":[{"name":"Senator Film Produktion","id":191},{"name":"Little Shark Entertainment GmbH","id":736},{"name":"Seven Pictures","id":1107}],"production_countries":[{"iso_3166_1":"DE","name":"Germany"}],"release_date":"2003-10-15","revenue":0,"runtime":118,"spoken_languages":[{"iso_639_1":"de","name":"Deutsch"}],"status":"Released","tagline":"","title":"The Miracle of Bern","video":false,"vote_average":5.2,"vote_count":13}
