{"adult":false,"backdrop_path":"/8BPZO0Bf8TeAy8znF43z8soK3ys.jpg","belongs_to_collection":{"id":119,"name":"The Lord of the Rings Collection","poster_path":"/p4UokEk2XnjjRTdXGe6DLYXlbI1.jpg","backdrop_path":"/bccR2CGTWVVSZAG0yqmy3DIvhTX.jpg"},"budget":94000000,"genres":[{"id":12,"name":"Adventure"},{"id":14,"name":"Fantasy"},{"id":28,"name":"Action"}],"homepage":"http://www.lordoftherings.net","id":122,"imdb_id":"tt0167260","original_language":"en","original_title":"The Lord of the Rings: The Return of the King","overview":"Aragorn is revealed as the heir to the ancient kings as he, Gandalf and the other members of the broken fellowship struggle to save Gondor from Sauron's forces. Meanwhile, Frodo and Sam bring the ring closer to the heart of Mordor, the dark lord's realm.","popularity":4.208644,"poster_path":"/50LoR9gJhbWZ5PpoHgi8MNTYgzd.jpg","production_companies":[{"name":"WingNut Films","id":11},{"name":"New Line Cinema","id":12}],"production_countries":[{"iso_3166_1":"NZ","name":"New Zealand"},{"iso_3166_1":"US","name":"United States of America"}],"release_date":"2003-12-01","revenue":1118888979,"runtime":201,"spoken_languages":[{"iso_639_1":"en","name":"English"}],"status":"Released","tagline":"The eye of the enemy is moving.","title":"The Lord of the Rings: The Return of the King","video":false,"vote_average":7.7,"vote_count":4078}
