{"adult":false,"backdrop_path":"/8Od5zV7Q7zNOX0y9tyNgpTmoiGA.jpg","belongs_to_collection":null,"budget":90000000,"genres":[{"id":18,"name":"Drama"},{"id":53,"name":"Thriller"},{"id":80,"name":"Crime"}],"homepage":"http://thedeparted.warnerbros.com/","id":1422,"imdb_id":"tt0407887","original_language":"en","original_title":"The Departed","overview":"To take down South Boston's Irish Mafia, the police send in one of their own to infiltrate the underworld, not realizing the syndicate has done likewise in Martin Scorsese's multiple Oscar-winning crime thriller. While an undercover cop curries favor with the mob kingpin, a career criminal rises through the police ranks. But both sides soon discover there's a mole among them.","popularity":3.194854,"poster_path":"/tGLO9zw5ZtCeyyEWgbYGgsFxC6i.jpg","production_companies":[{"name":"Vertigo Entertainment","id":829},{"name":"Media Asia Films","id":5552},{"name":"Warner Bros.","id":6194},{"name":"Initial Entertainment Group (IEG)","id":7380},{"name":"Plan B Entertainment","id":45778}],"production_countries":[{"iso_3166_1":"HK","name":"Hong Kong"},{"iso_3166_1":"US","name":"United States of America"}],"release_date":"2006-11-09","revenue":289847354,"runtime":151,"spoken_languages":[{"iso_639_1":"en","name":"English"},{"iso_639_1":"cn","name":"广州话 / 廣州話"}],"status":"Released","tagline":"Lies. Betrayal. Sacrifice. How far will you take it?","title":"The Departed","video":false,"vote_average":7.5,"vote_count":1642}
