{"adult":false,"backdrop_path":"/uIgEVIoNMNaBvVuO0Ym2Gfjup78.jpg","belongs_to_collection":null,"budget":0,"genres":[{"id":10749,"name":"Romance"},{"id":18,"name":"Drama"}],"homepage":"","id":1837,"imdb_id":"tt0227458","original_language":"en","original_title":"Le Secret","overview":"No overview found.","popularity":0.0719,"poster_path":"/bReVJs3tSsIOn6naXRwuhvdiDDu.jpg","production_companies":[{"name":"Les Productions Bagheera","id":760}],"production_countries":[{"iso_3166_1":"FR","name":"France"}],"release_date":"2000-06-21","revenue":0,"runtime":107,"spoken_languages":[{"iso_639_1":"fr","name":"Français"}],"status":"Released","tagline":"","title":"The Secret","video":false,"vote_average":0.0,"vote_count":0}
