{"adult":false,"backdrop_path":"/kgUVeWLZnBTmHwXORqOSVW5btTv.jpg","belongs_to_collection":{"id":290973,"name":"Crouching Tiger, Hidden Dragon (Collection)","poster_path":null,"backdrop_path":null},"budget":17000000,"genres":[{"id":12,"name":"Adventure"},{"id":18,"name":"Drama"},{"id":28,"name":"Action"},{"id":10749,"name":"Romance"}],"homepage":"","id":146,"imdb_id":"tt0190332","original_language":"zh","original_title":"Wo hu cang long","overview":"Two warriors in pursuit of a stolen sword and a notorious fugitive are led to an impetuous, physically-skilled, teenage nobleman's daughter, who is at a crossroads in her life.","popularity":1.733466,"poster_path":"/2D7kikHUHbecJGoRAspBYiqoxd6.jpg","production_companies":[{"name":"Sony Pictures Classics","id":58},{"name":"China Film Co-Production Corporation","id":2269},{"name":"Columbia Pictures Film Production Asia","id":2798},{"name":"Good Machine","id":10565},{"name":"EDKO Film","id":12205},{"name":"Asia Union Film & Entertainment Ltd.","id":20289},{"name":"United China Vision","id":20290},{"name":"Zoom Hunt International Productions Company Ltd.","id":20291}],"production_countries":[{"iso_3166_1":"CN","name":"China"},{"iso_3166_1":"HK","name":"Hong Kong"},{"iso_3166_1":"TW","name":"Taiwan"},{"iso_3166_1":"US","name":"United States of America"}],"release_date":"2000-10-01","revenue":213525736,"runtime":120,"spoken_languages":[{"iso_639_1":"zh","name":"普通话"}],"status":"Released","tagline":"A timeless story of strength, secrets and two warriors who would never surrender.","title":"Crouching Tiger, Hidden Dragon","video":false,"vote_average":6.8,"vote_count":354}
