{"adult":false,"backdrop_path":"/gfWrFaEhSfofcUCBx7C6IBDtW8T.jpg","belongs_to_collection":{"id":304,"name":"Ocean's Collection","poster_path":"/CZs07c4vgMdPXqtVu7y8yhCdFx.jpg","backdrop_path":"/vxmFb03PyjycekffLqXqFibbCzx.jpg"},"budget":110000000,"genres":[{"id":53,"name":"Thriller"},{"id":80,"name":"Crime"}],"homepage":"http://oceans12.warnerbros.com/","id":163,"imdb_id":"tt0349903","original_language":"en","original_title":"Ocean's Twelve","overview":"Danny Ocean reunites with his old flame and the rest of his merry band of thieves in a caper concerning three huge heists in Rome, Paris and Amsterdam. But Europol agent Isabel Lahiri is hot on their heels.","popularity":1.50649,"poster_path":"/4irBEiDC7SpYBuw5z1c7oLfF0EI.jpg","production_companies":[{"name":"Village Roadshow Pictures","id":79},{"name":"Section Eight","id":129},{"name":"Jerry Weintraub Productions","id":2596},{"name":"Warner Bros.","id":6194},{"name":"WV Films III","id":12202}],"production_countries":[{"iso_3166_1":"US","name":"United States of America"}],"release_date":"2004-12-09","revenue":362744280,"runtime":125,"spoken_languages":[{"iso_639_1":"fr","name":"Français"},{"iso_639_1":"it","name":"Italiano"},{"iso_639_1":"nl","name":"Nederlands"},{"iso_639_1":"zh","name":"普通话"},{"iso_639_1":"en","name":"English"}],"status":"Released","tagline":"Twelve is the new eleven.","title":"Ocean's Twelve","video":false,"vote_average":6.3,"vote_count":883}
