{"adult":false,"backdrop_path":"/uShjJWuNxZztCBULKTmHoIcjie6.jpg","belongs_to_collection":{"id":124881,"name":"Street Kings Collection","poster_path":"/3d05xAbV1DGBgXSilinY2mpfcxG.jpg","backdrop_path":"/lKOSWtpAQZh7x8YuyYFDv0Y6LWo.jpg"},"budget":20000000,"genres":[{"id":28,"name":"Action"},{"id":80,"name":"Crime"},{"id":18,"name":"Drama"},{"id":53,"name":"Thriller"}],"homepage":"","id":1266,"imdb_id":"tt0421073","original_language":"en","original_title":"Street Kings","overview":"Tom Ludlow is a disillusioned L.A. Police Officer, rarely playing by the rules and haunted by the death of his wife. When evidence implicates him in the execution of a fellow officer, he is forced to go up against the cop culture he's been a part of his entire career, ultimately leading him to question the loyalties of everyone around him.","popularity":1.453582,"poster_path":"/nFbZvElg1peBts1SYrfPkxUc3QG.jpg","production_companies":[{"name":"Fox Searchlight Pictures","id":43},{"name":"Regency Enterprises","id":508},{"name":"Dune Entertainment III","id":6332},{"name":"Emmett/Furla Films","id":10405}],"production_countries":[{"iso_3166_1":"US","name":"United States of America"}],"release_date":"2008-04-10","revenue":65569869,"runtime":109,"spoken_languages":[{"iso_639_1":"en","name":"English"},{"iso_639_1":"tr","name":"Türkçe"}],"status":"Released","tagline":"Their city. Their rules. No prisoners.","title":"Street Kings","video":false,"vote_average":6.1,"vote_count":94}
