{"adult":false,"backdrop_path":"/hK0dgf32RQe84NdN98n3wgbpSuq.jpg","belongs_to_collection":null,"budget":0,"genres":[{"id":99,"name":"Documentary"},{"id":10769,"name":"Foreign"}],"homepage":"http://www.zorrofilm.de/de/profile.php?id=197","id":1442,"imdb_id":"tt0954937","original_language":"en","original_title":"Full Metal Village","overview":"The film describes the microcosmos of the small village Wacken and shows the clash of the cultures, before and during the biggest heavy metal festival in Europe.","popularity":0.000591,"poster_path":"/wg3q1X3Yj5jDlE00BhzPuiCFQ7m.jpg","production_companies":[{"name":"Flying Moon Filmproduktion GmbH","id":730}],"production_countries":[{"iso_3166_1":"DE","name":"Germany"}],"release_date":"2007-04-19","revenue":0,"runtime":90,"spoken_languages":[{"iso_639_1":"de","name":"Deutsch"}],"status":"Released","tagline":"","title":"Full Metal Village","video":false,"vote_average":0.0,"vote_count":0}
