{"adult":false,"backdrop_path":"/ZQixhAZx6fH1VNafFXsqa1B8QI.jpg","belongs_to_collection":{"id":131292,"name":"Iron Man Collection","poster_path":"/fbeJ7f0aD4A112Bc1tnpzyn82xO.jpg","backdrop_path":"/rI8zOWkRQJdlAyQ6WJOSlYK6JxZ.jpg"},"budget":140000000,"genres":[{"id":28,"name":"Action"},{"id":878,"name":"Science Fiction"},{"id":12,"name":"Adventure"}],"homepage":"http://www.ironmanmovie.com/","id":1726,"imdb_id":"tt0371746","original_language":"en","original_title":"Iron Man","overview":"Tony Stark. Genius, billionaire, playboy, philanthropist. Son of legendary inventor and weapons contractor Howard Stark. When Tony Stark is assigned to give a weapons presentation to an Iraqi unit led by Lt. Col. James Rhodes, he's given a ride on enemy lines. That ride ends badly when Stark's Humvee that he's riding in is attacked by enemy combatants. He survives - barely - with a chest full of shrapnel and a car battery attached to his heart. In order to survive he comes up with a way to miniaturize the battery and figures out that the battery can power something else. Thus Iron Man is born. He uses the primitive device to escape from the cave in Iraq. Once back home, he then begins work on perfecting the Iron Man suit. But the man who was put in charge of Stark Industries has plans of his own to take over Tony's technology for other matters.","popularity":4.744332,"poster_path":"/848chlIWVT41VtAAgyh9bWymAYb.jpg","production_companies":[{"name":"Marvel Studios","id":420}],"production_countries":[{"iso_3166_1":"US","name":"United States of America"}],"release_date":"2008-05-02","revenue":585174222,"runtime":126,"spoken_languages":[{"iso_639_1":"en","name":"English"},{"iso_639_1":"fa","name":""},{"iso_639_1":"ur","name":"اردو"},{"iso_639_1":"ar","name":"العربية"}],"status":"Released","tagline":"Heroes aren't born. They're built.","title":"Iron Man","video":false,"vote_average":7.1,"vote_count":4573}
