{"adult":false,"backdrop_path":"/fmo48Lt8XtMWeHeXJzi5SbPCJud.jpg","belongs_to_collection":{"id":105625,"name":"House of 1000 Corpses Collection","poster_path":"/7xpo52YDhHNFG5qdrLxhG58k0ke.jpg","backdrop_path":"/osLewbX6FJMy1iUcNHm6hoiNH0j.jpg"},"budget":0,"genres":[{"id":18,"name":"Drama"},{"id":27,"name":"Horror"},{"id":80,"name":"Crime"}],"homepage":"","id":1696,"imdb_id":"tt0395584","original_language":"en","original_title":"The Devil's Rejects","overview":"The sequel to House of 1000 Corpses – the Firefly family are ambushed at their isolated home by Sheriff Wydell and a squad of armed men guns blazing – yet only Otis and his sister, Baby, manage to escape the barrage of bullets unharmed. Hiding out in a backwater motel, the wanted siblings wait to rendezvous with their errant father, Captain Spaulding, killing whoever happens to stand in their way.","popularity":0.900103,"poster_path":"/jSWt4aJizmXmPXV3SBQGTWhwuCB.jpg","production_companies":[{"name":"Lions Gate Films","id":35},{"name":"Cinerenta Medienbeteiligungs KG","id":995},{"name":"Firm Films","id":1838},{"name":"Cinelamda Internationale Filmproduktionsgesellschaft","id":45966}],"production_countries":[{"iso_3166_1":"DE","name":"Germany"},{"iso_3166_1":"US","name":"United States of America"}],"release_date":"2005-07-22","revenue":0,"runtime":107,"spoken_languages":[{"iso_639_1":"es","name":"Español"},{"iso_639_1":"en","name":"English"}],"status":"Released","tagline":"Death walks behind. Hell waits ahead.","title":"The Devil's Rejects","video":false,"vote_average":6.3,"vote_count":64}
