{"adult":false,"backdrop_path":"/fiqJSJbdZB8fEwzi9cW5N7h3TEk.jpg","belongs_to_collection":null,"budget":0,"genres":[{"id":18,"name":"Drama"},{"id":53,"name":"Thriller"},{"id":80,"name":"Crime"},{"id":10769,"name":"Foreign"}],"homepage":"","id":1818,"imdb_id":"tt0054389","original_language":"en","original_title":"Tirez sur le pianiste","overview":"Charlie Kohler is a piano player in a bar. The waitress Lena is in love with him. One of Charlie's brother, Chico, a crook, takes refuge in the bar because he is chased by two gangsters, Momo and Ernest. We will discover that Charlie's real name is Edouard Saroyan, once a virtuose who gives up after his wife's suicide. Charlie now has to deal wih Chico, Ernest, Momo, Fido (his youngest brother who lives with him), and Lena...","popularity":0.161708,"poster_path":"/tdVpsYocOpJLNhU7lDFY2yTMZcY.jpg","production_companies":[],"production_countries":[{"iso_3166_1":"FR","name":"France"}],"release_date":"1960-10-21","revenue":0,"runtime":82,"spoken_languages":[{"iso_639_1":"fr","name":"Français"}],"status":"Released","tagline":"","title":"Shoot the Piano Player","video":false,"vote_average":6.3,"vote_count":12}
