{"adult":false,"backdrop_path":"/hbkCn8rTbE8mw4HJUj86TaikXfO.jpg","belongs_to_collection":null,"budget":0,"genres":[{"id":35,"name":"Comedy"},{"id":10749,"name":"Romance"}],"homepage":"","id":1785,"imdb_id":"tt0097884","original_language":"en","original_title":"Milou en Mai","overview":"An eccentric family is re-united during the 1968 general strike in France, after the death of the grandmother.","popularity":0.130766,"poster_path":"/jLIIZ1QuKMUm2ZaV4BbDs4RXa7d.jpg","production_companies":[{"name":"Ellepi Films","id":750}],"production_countries":[{"iso_3166_1":"FR","name":"France"}],"release_date":"1990-01-24","revenue":0,"runtime":107,"spoken_languages":[{"iso_639_1":"fr","name":"Français"}],"status":"Released","tagline":"","title":"May Fools","video":false,"vote_average":6.2,"vote_count":6}
