{"adult":false,"backdrop_path":"/9G6OJvdwQHAHb6xPK92a9IAAs6v.jpg","belongs_to_collection":null,"budget":0,"genres":[{"id":18,"name":"Drama"}],"homepage":"","id":1484,"imdb_id":"tt0114704","original_language":"de","original_title":"Der Totmacher","overview":"Fritz Haarmann, who has killed at least 27 boys, is questioned by a psychology professor in order to find out whether he is sane and can be held responsible for his crimes. During this interrogation Haarmann reveals his motives and his killing methods.","popularity":0.000152,"poster_path":"/udChzKJYY8xNhg1zToO4HVSJ8k9.jpg","production_companies":[{"name":"Pantera Film","id":1594}],"production_countries":[{"iso_3166_1":"DE","name":"Germany"}],"release_date":"1995-11-23","revenue":0,"runtime":110,"spoken_languages":[{"iso_639_1":"de","name":"Deutsch"}],"status":"Released","tagline":"","title":"The Deathmaker","video":false,"vote_average":5.4,"vote_count":4}
