{"adult":false,"backdrop_path":"/tkdgoNMc0yaQnsCPYZms6zMT8nN.jpg","belongs_to_collection":{"id":151,"name":"Star Trek: The Original Series Collection","poster_path":"/zcB8KxHA4EapOoZZPAvwgmE1iGK.jpg","backdrop_path":"/9BQj9hq0aK6yM9Tm2NJ28jg572y.jpg"},"budget":18000000,"genres":[{"id":878,"name":"Science Fiction"},{"id":28,"name":"Action"},{"id":12,"name":"Adventure"},{"id":53,"name":"Thriller"}],"homepage":"","id":157,"imdb_id":"tt0088170","original_language":"en","original_title":"Star Trek III: The Search for Spock","overview":"Admiral Kirk and his bridge crew risk their careers stealing the decommissioned Enterprise to return to the restricted Genesis planet to recover Spock's body.","popularity":1.218703,"poster_path":"/6uwPD03ASHhJryFY5yp3XTDq4aR.jpg","production_companies":[{"name":"Paramount Pictures","id":4}],"production_countries":[{"iso_3166_1":"US","name":"United States of America"}],"release_date":"1984-05-31","revenue":87000000,"runtime":105,"spoken_languages":[{"iso_639_1":"en","name":"English"},{"iso_639_1":"ru","name":"Pусский"}],"status":"Released","tagline":"A dying planet. A fight for life.","title":"Star Trek III: The Search for Spock","video":false,"vote_average":6.1,"vote_count":152}
