{"adult":false,"backdrop_path":"/zr7zaOoxaYoamavqv3uWwaBAV3n.jpg","belongs_to_collection":null,"budget":1365000,"genres":[{"id":35,"name":"Comedy"},{"id":10749,"name":"Romance"}],"homepage":"","id":1859,"imdb_id":"tt0031725","original_language":"en","original_title":"Ninotchka","overview":"A stern Russian woman sent to Paris on official business finds herself attracted to a man who represents everything she is supposed to detest.","popularity":0.131218,"poster_path":"/wF1By680rAiwhapYdtilbUVtPHa.jpg","production_companies":[{"name":"Metro-Goldwyn-Mayer (MGM)","id":8411}],"production_countries":[{"iso_3166_1":"US","name":"United States of America"}],"release_date":"1939-10-06","revenue":2279000,"runtime":110,"spoken_languages":[{"iso_639_1":"en","name":"English"}],"status":"Released","tagline":"Greta Garbo laughs!","title":"Ninotchka","video":false,"vote_average":5.5,"vote_count":11}
