{"adult":false,"backdrop_path":"/pGVpDc6MgLRtOYdxsA5fhj1SZki.jpg","belongs_to_collection":{"id":43064,"name":"Speed Collection","poster_path":"/nK6q8iJYl39vVq8vmwR78CUDQp0.jpg","backdrop_path":"/75mSNcKIkfZSjXDgytC8UFe6vBl.jpg"},"budget":30000000,"genres":[{"id":28,"name":"Action"},{"id":12,"name":"Adventure"},{"id":80,"name":"Crime"},{"id":53,"name":"Thriller"}],"homepage":"","id":1637,"imdb_id":"tt0111257","original_language":"en","original_title":"Speed","overview":"Los Angeles SWAT cop Jack Traven is up against bomb expert Howard Payne, who's after major ransom money. First it's a rigged elevator in a very tall building. Then it's a rigged bus--if it slows, it will blow, bad enough any day, but a nightmare in LA traffic. And that's still not the end.","popularity":2.101999,"poster_path":"/bDLiyoxdK8mZHaeYVOxMZj7WGkb.jpg","production_companies":[{"name":"20th Century Fox","id":25}],"production_countries":[{"iso_3166_1":"US","name":"United States of America"}],"release_date":"1994-06-09","revenue":350448145,"runtime":116,"spoken_languages":[{"iso_639_1":"en","name":"English"}],"status":"Released","tagline":"Get ready for rush hour","title":"Speed","video":false,"vote_average":6.4,"vote_count":481}
