{"adult":false,"backdrop_path":"/oWhAEZiL7n076zVKejNbNF0E66l.jpg","belongs_to_collection":null,"budget":0,"genres":[{"id":99,"name":"Documentary"},{"id":10769,"name":"Foreign"},{"id":878,"name":"Science Fiction"}],"homepage":"","id":1563,"imdb_id":"tt0084628","original_language":"en","original_title":"Sans Soleil","overview":"\"He wrote me...\" A woman narrates the thoughts of a world traveler, meditations on time and memory expressed in words and images from places as far-flung as Japan, Guinea-Bissau, Iceland, and San Francisco.","popularity":0.130476,"poster_path":"/fl1H5xo0Ft7mkD7lhSOXewjtVTJ.jpg","production_companies":[],"production_countries":[{"iso_3166_1":"FR","name":"France"}],"release_date":"1983-02-15","revenue":30,"runtime":100,"spoken_languages":[{"iso_639_1":"fr","name":"Français"}],"status":"Released","tagline":"","title":"Sans Soleil","video":false,"vote_average":6.7,"vote_count":9}
