{"adult":false,"backdrop_path":"/ye1Yym4OhOp38rXKbKQJFolQCIA.jpg","belongs_to_collection":null,"budget":0,"genres":[{"id":18,"name":"Drama"},{"id":53,"name":"Thriller"}],"homepage":"http://www.debattremoncoeursestarrete-lefilm.com/","id":1553,"imdb_id":"tt0411270","original_language":"fr","original_title":"De battre mon coeur s'est arrêté","overview":"Like his father, Tom is a real estate agent who makes his money from dirty, and sometimes brutal, deals. But a chance encounter prompts him to take up the piano and become a concert pianist. He auditions with the help of a beautiful, young virtuoso pianist who cannot speak French - music is their only exchange. But pressures from the ugly world of his day job soon become more than he can handle...","popularity":0.444718,"poster_path":"/4o6tjuSTEkX75Ad58aJBQAc1MHa.jpg","production_companies":[{"name":"Why Not Productions","id":729}],"production_countries":[{"iso_3166_1":"FR","name":"France"}],"release_date":"2005-02-17","revenue":0,"runtime":107,"spoken_languages":[{"iso_639_1":"fr","name":"Français"}],"status":"Released","tagline":"","title":"The Beat That My Heart Skipped","video":false,"vote_average":6.2,"vote_count":16}
