{"adult":false,"backdrop_path":"/3XNSO50mQ40ruoUNj9X9mow8DNF.jpg","belongs_to_collection":null,"budget":0,"genres":[{"id":18,"name":"Drama"},{"id":28,"name":"Action"},{"id":53,"name":"Thriller"},{"id":80,"name":"Crime"}],"homepage":"","id":1662,"imdb_id":"tt0100685","original_language":"en","original_title":"State of Grace","overview":"Terry Noonan returns home to New York's Hells Kitchen after a ten year absence. He soon hooks up with childhood pal Jackie who is involved in the Irish mob run by his brother Frankie. Terry also rekindles an old flame with Jackie's sister Kathleen. Soon, however, Terry is torn between his loyalty to his friends and his loyalties to others.","popularity":0.355461,"poster_path":"/zDcr0nKHJXbLBFAHegtOYnujAmu.jpg","production_companies":[{"name":"Orion Pictures","id":41},{"name":"The Rank Organisation","id":364},{"name":"Cinehaus","id":761}],"production_countries":[{"iso_3166_1":"US","name":"United States of America"},{"iso_3166_1":"GB","name":"United Kingdom"}],"release_date":"1990-09-14","revenue":0,"runtime":134,"spoken_languages":[{"iso_639_1":"en","name":"English"}],"status":"Released","tagline":"","title":"State of Grace","video":false,"vote_average":6.8,"vote_count":14}
