{"adult":false,"backdrop_path":"/crR71u5ptmoFW3sCFjAJnHGbYOk.jpg","belongs_to_collection":null,"budget":50000000,"genres":[{"id":80,"name":"Crime"},{"id":14,"name":"Fantasy"},{"id":18,"name":"Drama"}],"homepage":"http://www.parfum.film.de/","id":1427,"imdb_id":"tt0396171","original_language":"en","original_title":"Perfume: The Story of a Murderer","overview":"Jean-Baptiste Grenouille, born in the stench of eighteenth century Paris, develops a superior olfactory sense, which he uses to create the world's finest perfumes. His work, however, takes a dark turn as he tries to preserve scents in the search for the ultimate perfume.","popularity":1.656685,"poster_path":"/zC9JHS6NlkJKPYFxOOqBl7fQCjT.jpg","production_companies":[{"name":"Nouvelles Éditions de Films","id":751},{"name":"Rising Star","id":1208},{"name":"VIP Medienfonds 4","id":2116},{"name":"CDavis-Films","id":2874},{"name":"Ikiru Films","id":2875}],"production_countries":[{"iso_3166_1":"DE","name":"Germany"},{"iso_3166_1":"ES","name":"Spain"},{"iso_3166_1":"FR","name":"France"},{"iso_3166_1":"US","name":"United States of America"}],"release_date":"2006-10-18","revenue":132180323,"runtime":147,"spoken_languages":[{"iso_639_1":"en","name":"English"}],"status":"Released","tagline":"Based on the best-selling novel","title":"Perfume: The Story of a Murderer","video":false,"vote_average":6.9,"vote_count":366}
