{"adult":false,"backdrop_path":"/m6zxiA1kHaOExw4a5wBx6Ylc6ZS.jpg","belongs_to_collection":null,"budget":15000000,"genres":[{"id":18,"name":"Drama"}],"homepage":"http://www.thequeenmovie.co.uk/","id":1165,"imdb_id":"tt0436697","original_language":"en","original_title":"The Queen","overview":"The Queen is an intimate behind the scenes glimpse at the interaction between HM Elizabeth II and Prime Minister Tony Blair during their struggle, following the death of Diana, to reach a compromise between what was a private tragedy for the Royal family and the public's demand for an overt display of mourning.","popularity":0.775898,"poster_path":"/Ai8tz9c7Homb9mLg8baGhX1ABkR.jpg","production_companies":[{"name":"Miramax Films","id":14},{"name":"BIM Distribuzione","id":225},{"name":"Granada Film Productions","id":247},{"name":"Scott Rudin Productions","id":258},{"name":"Pathé Pictures","id":671},{"name":"Canal+","id":5358},{"name":"Future Films","id":10843},{"name":"France 3 Cinema","id":16804}],"production_countries":[{"iso_3166_1":"FR","name":"France"},{"iso_3166_1":"IT","name":"Italy"},{"iso_3166_1":"GB","name":"United Kingdom"},{"iso_3166_1":"US","name":"United States of America"}],"release_date":"2006-09-15","revenue":123384128,"runtime":103,"spoken_languages":[{"iso_639_1":"de","name":"Deutsch"},{"iso_639_1":"en","name":"English"},{"iso_639_1":"fr","name":"Français"}],"status":"Released","tagline":"Our Leaders. Ourselves.","title":"The Queen","video":false,"vote_average":6.9,"vote_count":59}
