{"adult":false,"backdrop_path":"/mCeWtocR2vYDQ2iIKB4rAP5DHce.jpg","belongs_to_collection":null,"budget":0,"genres":[{"id":35,"name":"Comedy"},{"id":10749,"name":"Romance"}],"homepage":"","id":1610,"imdb_id":"tt0119114","original_language":"en","original_title":"Fever Pitch","overview":"A romantic comedy about a man, a woman and a football team. Based on Nick Hornby's best selling autobiographical novel, Fever Pitch. English teacher Paul Ashworth believes his long standing obsession with Arsenal serves him well. But then he meets Sarah. Their relationship develops in tandem with Arsenal's roller coaster fortunes in the football league, both leading to a nail biting climax.","popularity":0.096749,"poster_path":"/5LyWsD8xjxdoZqejugSWUnsACy0.jpg","production_companies":[{"name":"Scala Productions","id":1261},{"name":"Wildgaze Films","id":1508}],"production_countries":[{"iso_3166_1":"GB","name":"United Kingdom"}],"release_date":"1997-04-04","revenue":0,"runtime":102,"spoken_languages":[{"iso_639_1":"en","name":"English"}],"status":"Released","tagline":"","title":"Fever Pitch","video":false,"vote_average":5.8,"vote_count":16}
