{"adult":false,"backdrop_path":"/whYdqicpLH1U9MzpD1FlVKwXTRj.jpg","belongs_to_collection":null,"budget":11500000,"genres":[{"id":18,"name":"Drama"},{"id":10749,"name":"Romance"}],"homepage":"","id":1245,"imdb_id":"tt0107943","original_language":"en","original_title":"The Remains of the Day","overview":"A rule bound head butler's world of manners and decorum in the household he maintains is tested by the arrival of a housekeeper who falls in love with him in post-WWI Britain. The possibility of romance and his master's cultivation of ties with the Nazi cause challenge his carefully maintained veneer of servitude.","popularity":0.461319,"poster_path":"/gvu4zaF0KeIRoZ5fVABQH3Wug3r.jpg","production_companies":[{"name":"Columbia Pictures","id":5},{"name":"Merchant Ivory Productions","id":2370}],"production_countries":[{"iso_3166_1":"GB","name":"United Kingdom"},{"iso_3166_1":"US","name":"United States of America"}],"release_date":"1993-11-12","revenue":23237911,"runtime":134,"spoken_languages":[{"iso_639_1":"en","name":"English"}],"status":"Released","tagline":"","title":"The Remains of the Day","video":false,"vote_average":7.0,"vote_count":49}
