{"adult":false,"backdrop_path":null,"belongs_to_collection":null,"budget":0,"genres":[{"id":18,"name":"Drama"}],"homepage":"","id":1490,"imdb_id":"","original_language":"en","original_title":"Singendes Wasser","overview":"No overview found.","popularity":0.000574,"poster_path":null,"production_companies":[],"production_countries":[{"iso_3166_1":"DE","name":"Germany"}],"release_date":"2007-01-01","revenue":0,"runtime":9,"spoken_languages":[{"iso_639_1":"de","name":"Deutsch"}],"status":"Released","tagline":"","title":"Singendes Wasser","video":false,"vote_average":0.0,"vote_count":0}
