{"adult":false,"backdrop_path":"/9hkWw0LnWrDlcK1swe3lf2Yxiko.jpg","belongs_to_collection":null,"budget":18000000,"genres":[{"id":18,"name":"Drama"}],"homepage":"","id":1578,"imdb_id":"tt0081398","original_language":"en","original_title":"Raging Bull","overview":"An emotionally self-destructive boxer's journey through life, as the violence and temper that leads him to the top in the ring, destroys his life outside it.","popularity":1.464649,"poster_path":"/yerJ9kU93Pxc2JtnuMDe6yRFxmC.jpg","production_companies":[{"name":"United Artists","id":60}],"production_countries":[{"iso_3166_1":"US","name":"United States of America"}],"release_date":"1980-11-14","revenue":23000000,"runtime":129,"spoken_languages":[{"iso_639_1":"en","name":"English"}],"status":"Released","tagline":"","title":"Raging Bull","video":false,"vote_average":7.4,"vote_count":237}
