{"adult":false,"backdrop_path":"/z7c2JmWPBi15oenGOjQBVqvCD5D.jpg","belongs_to_collection":null,"budget":47000000,"genres":[{"id":28,"name":"Action"},{"id":12,"name":"Adventure"},{"id":18,"name":"Drama"},{"id":36,"name":"History"}],"homepage":"","id":1492,"imdb_id":"tt0103594","original_language":"en","original_title":"1492: Conquest of Paradise","overview":"1492: Conquest of Paradise depicts Christopher Columbus’ discovery of The New World and his effect on the indigenous people.","popularity":0.694666,"poster_path":"/3N2JUkPxGPhnNEbN8KsN8ukOomN.jpg","production_companies":[{"name":"Paramount Pictures","id":4},{"name":"Gaumont","id":9},{"name":"France 3 Cinéma","id":591},{"name":"ABC Pictures","id":634},{"name":"Légende Entreprises","id":10898},{"name":"Due West","id":10899},{"name":"Cyrkfilms","id":10900},{"name":"Ministère de la Culture","id":10901},{"name":"Spanish Ministry of Culture","id":10902}],"production_countries":[{"iso_3166_1":"CR","name":"Costa Rica"},{"iso_3166_1":"FR","name":"France"},{"iso_3166_1":"ES","name":"Spain"},{"iso_3166_1":"GB","name":"United Kingdom"},{"iso_3166_1":"US","name":"United States of America"}],"release_date":"1992-10-09","revenue":7191399,"runtime":154,"spoken_languages":[{"iso_639_1":"en","name":"English"}],"status":"Released","tagline":"Centuries before the exploration of space, there was another voyage into the unknown.","title":"1492: Conquest of Paradise","video":false,"vote_average":6.3,"vote_count":41}
