{"adult":false,"backdrop_path":"/fsnqdrVrVHYHS1ZNuXgzIDFxkCO.jpg","belongs_to_collection":null,"budget":0,"genres":[{"id":80,"name":"Crime"},{"id":18,"name":"Drama"},{"id":10749,"name":"Romance"}],"homepage":"","id":1651,"imdb_id":"tt0064990","original_language":"en","original_title":"La sirène du Mississipi","overview":"Adapted from a story by William Irish, it's a noirish tale of a man who orders a mail-order bride but receives instead a con woman.","popularity":0.121288,"poster_path":"/hCrArdnyK3FEKtpsRtR9nUWeB47.jpg","production_companies":[],"production_countries":[{"iso_3166_1":"FR","name":"France"},{"iso_3166_1":"IT","name":"Italy"}],"release_date":"1969-06-18","revenue":0,"runtime":124,"spoken_languages":[{"iso_639_1":"fr","name":"Français"}],"status":"Released","tagline":"","title":"Mississippi Mermaid","video":false,"vote_average":6.3,"vote_count":9}
