{"adult":false,"backdrop_path":"/15yszF6DeZD9zUzh89WtY5pnnRD.jpg","belongs_to_collection":null,"budget":90000000,"genres":[{"id":12,"name":"Adventure"},{"id":14,"name":"Fantasy"},{"id":28,"name":"Action"},{"id":53,"name":"Thriller"},{"id":878,"name":"Science Fiction"}],"homepage":"","id":18,"imdb_id":"tt0119116","original_language":"en","original_title":"The Fifth Element","overview":"It’s the year 2257 and a taxi driver has been unintentionally given the task of saving a young girl who is part of the key that will ensure the survival of humanity. The Fifth Element takes place in a futuristic metropolitan city and is filmed in a French comic book aesthetic by a British, French and American lineup.","popularity":2.220974,"poster_path":"/zaFa1NRZEnFgRTv5OVXkNIZO78O.jpg","production_companies":[{"name":"Gaumont","id":9}],"production_countries":[{"iso_3166_1":"FR","name":"France"}],"release_date":"1997-05-07","revenue":263920180,"runtime":126,"spoken_languages":[{"iso_639_1":"en","name":"English"},{"iso_639_1":"sv","name":"svenska"},{"iso_639_1":"de","name":"Deutsch"}],"status":"Released","tagline":"There is no future without it.","title":"The Fifth Element","video":false,"vote_average":6.9,"vote_count":1788}
