{"adult":false,"backdrop_path":"/foNJupJS0pXtjpKetZ2VyPKj88Q.jpg","belongs_to_collection":{"id":86578,"name":"Hostel Collection","poster_path":"/2jLQFRlH8CC9cptcANY5cEtC1q8.jpg","backdrop_path":"/rXf4gEh8m3ZcK9KHkxT78Kscxee.jpg"},"budget":4800000,"genres":[{"id":27,"name":"Horror"}],"homepage":"http://www.hostelfilm.com/","id":1690,"imdb_id":"tt0450278","original_language":"en","original_title":"Hostel","overview":"Three backpackers head to a Slovakian city that promises to meet their hedonistic expectations, with no idea of the hell that awaits them.","popularity":1.361035,"poster_path":"/aXKo9A59BLQLwV7oUwCMPzYBtJg.jpg","production_companies":[{"name":"International Production Company","id":1507},{"name":"Raw Nerve","id":1631},{"name":"Next Entertainment","id":1633},{"name":"Hostel LLC","id":17793}],"production_countries":[{"iso_3166_1":"US","name":"United States of America"}],"release_date":"2005-01-06","revenue":80578934,"runtime":94,"spoken_languages":[{"iso_639_1":"en","name":"English"}],"status":"Released","tagline":"Welcome To Your Worst Nightmare","title":"Hostel","video":false,"vote_average":5.7,"vote_count":259}
