{"adult":false,"backdrop_path":"/9LoUUwgApyMRTmrcMWxUAlM91nf.jpg","belongs_to_collection":null,"budget":0,"genres":[{"id":80,"name":"Crime"},{"id":18,"name":"Drama"}],"homepage":"","id":1623,"imdb_id":"tt0080474","original_language":"en","original_title":"Brubaker","overview":"The new warden of a small prison farm in Arkansas tries to clean it up of corruption after initially posing as an inmate.","popularity":0.108282,"poster_path":"/dNhyjHDUUx9TSlEpFj8zko9x2Au.jpg","production_companies":[{"name":"Twentieth Century Fox Film Corporation","id":306}],"production_countries":[{"iso_3166_1":"US","name":"United States of America"}],"release_date":"1980-06-20","revenue":37121708,"runtime":125,"spoken_languages":[{"iso_639_1":"en","name":"English"}],"status":"Released","tagline":"One man against a cruel system.","title":"Brubaker","video":false,"vote_average":6.7,"vote_count":21}
