{"adult":false,"backdrop_path":"/6ZFATL4B2yOqEOWViT9kkodU8Vy.jpg","belongs_to_collection":null,"budget":16000000,"genres":[{"id":18,"name":"Drama"},{"id":53,"name":"Thriller"},{"id":80,"name":"Crime"},{"id":12,"name":"Adventure"}],"homepage":"","id":1541,"imdb_id":"tt0103074","original_language":"en","original_title":"Thelma & Louise","overview":"Whilst on a short weekend getaway, Louise shoots a man who had tried to rape Thelma. Due to the incriminating circumstances, they make a run for it and thus a cross country chase ensues for the two fugitives. Along the way, both women rediscover the strength of their friendship and surprising aspects of their personalities and self-strengths in the trying times.","popularity":0.685664,"poster_path":"/3cc9oJ3PJzdfI88FPxF6P0zq0Qb.jpg","production_companies":[{"name":"Metro-Goldwyn-Mayer (MGM)","id":8411}],"production_countries":[{"iso_3166_1":"US","name":"United States of America"}],"release_date":"1991-05-24","revenue":45361000,"runtime":130,"spoken_languages":[{"iso_639_1":"en","name":"English"}],"status":"Released","tagline":"Somebody said get a life... so they did.","title":"Thelma & Louise","video":false,"vote_average":6.9,"vote_count":187}
