{"adult":false,"backdrop_path":"/2PaYKVhagjRwZ4KU914Ohmo1uOO.jpg","belongs_to_collection":{"id":498,"name":"Heart of Gold Collection","poster_path":"/cwrmUIVzOuR9FdqKBfERkMHdde0.jpg","backdrop_path":"/293UTX2btTkblOL7WZF1Q7veIJm.jpg"},"budget":12800000,"genres":[{"id":18,"name":"Drama"},{"id":80,"name":"Crime"},{"id":10402,"name":"Music"}],"homepage":"","id":16,"imdb_id":"tt0168629","original_language":"en","original_title":"Dancer in the Dark","overview":"Selma, a Czech immigrant on the verge of blindness, struggles to make ends meet for herself and her son, who has inherited the same genetic disorder and will suffer the same fate without an expensive operation. When life gets too difficult, Selma learns to cope through her love of musicals, escaping life's troubles - even if just for a moment - by dreaming up little numbers to the rhythmic beats of her surroundings.","popularity":0.847356,"poster_path":"/dbSXueAo31UnHuEwKtjZ4oviTLu.jpg","production_companies":[{"name":"Fine Line Features","id":8},{"name":"Zentropa Entertainments","id":76},{"name":"Danmarks Radio (DR)","id":119},{"name":"SVT Drama","id":157},{"name":"Arte","id":201},{"name":"Memfis Film","id":321},{"name":"France 3 Cinéma","id":591},{"name":"Angel films","id":2996},{"name":"TV 1000","id":4524},{"name":"Canal+","id":5358},{"name":"Constantin Film Produktion","id":5755},{"name":"Yleisradio (YLE)","id":5975},{"name":"Arte France Cinéma","id":6916},{"name":"Westdeutscher Rundfunk (WDR)","id":7025},{"name":"Blind Spot Pictures Oy","id":7330},{"name":"Vrijzinnig Protestantse Radio Omroep (VPRO)","id":8659},{"name":"Film4","id":9349},{"name":"Liberator Productions","id":11239},{"name":"Icelandic Film","id":14937},{"name":"Film i Väst","id":17513},{"name":"Pain Unlimited GmbH Filmproduktion","id":30268},{"name":"Trust Film Svenska","id":53667},{"name":"Cinematograph A/S","id":53668},{"name":"What Else? B.V","id":53669},{"name":"Filmek A/S","id":53670},{"name":"Lantia Cinema & Audiovisivi","id":53671}],"production_countries":[{"iso_3166_1":"AR","name":"Argentina"},{"iso_3166_1":"DK","name":"Denmark"},{"iso_3166_1":"FI","name":"Finland"},{"iso_3166_1":"FR","name":"France"},{"iso_3166_1":"DE","name":"Germany"},{"iso_3166_1":"IS","name":"Iceland"},{"iso_3166_1":"IT","name":"Italy"},{"iso_3166_1":"NL","name":"Netherlands"},{"iso_3166_1":"NO","name":"Norway"},{"iso_3166_1":"SE","name":"Sweden"},{"iso_3166_1":"GB","name":"United Kingdom"},{"iso_3166_1":"US","name":"United States of America"}],"release_date":"2000-09-22","revenue":40031879,"runtime":140,"spoken_languages":[{"iso_639_1":"en","name":"English"}],"status":"Released","tagline":"You don't need eyes to see.","title":"Dancer in the Dark","video":false,"vote_average":7.4,"vote_count":95}
