{"adult":false,"backdrop_path":"/m4HoSKqgtjbwXkN4VvfueZCV9iN.jpg","belongs_to_collection":{"id":103372,"name":"Mr. Bean Collection","poster_path":"/61Jcc1Gwc2KE7sIJ1HPqqdt67ji.jpg","backdrop_path":"/aIXcqHz5VKRLXHPsNo0dFoK7YP5.jpg"},"budget":25000000,"genres":[{"id":35,"name":"Comedy"},{"id":10751,"name":"Family"}],"homepage":"http://movies.universal-pictures-international-germany.de/mrbeanmachtferien/","id":1268,"imdb_id":"tt0453451","original_language":"en","original_title":"Mr. Bean's Holiday","overview":"Mr. Bean wins a trip to Cannes where he unwittingly separates a young boy from his father and must help the two come back together. On the way he discovers France, bicycling, and true love, among other things","popularity":1.746463,"poster_path":"/5G3gOZemcwXf2nbUFB4VCc5gl2A.jpg","production_companies":[{"name":"Tiger Aspect Productions","id":686},{"name":"Working Title Films","id":10163}],"production_countries":[{"iso_3166_1":"GB","name":"United Kingdom"},{"iso_3166_1":"FR","name":"France"},{"iso_3166_1":"DE","name":"Germany"}],"release_date":"2007-03-22","revenue":229736344,"runtime":90,"spoken_languages":[{"iso_639_1":"ru","name":"Pусский"},{"iso_639_1":"en","name":"English"}],"status":"Released","tagline":"Disaster has a passport.","title":"Mr. Bean's Holiday","video":false,"vote_average":6.1,"vote_count":188}
