{"adult":false,"backdrop_path":"/kmfteu4gCDKKSBr97ddmNfOxw8i.jpg","belongs_to_collection":null,"budget":6000000,"genres":[{"id":35,"name":"Comedy"},{"id":18,"name":"Drama"},{"id":10751,"name":"Family"}],"homepage":"","id":183,"imdb_id":"tt0098663","original_language":"en","original_title":"The Wizard","overview":"Corey (Fred Savage) refuses to let his emotionally disturbed younger brother Jimmy (Luke Edwards) be institutionalized, and the two run away together. They soon join forces with a resourceful girl (Jenny Lewis), who notices that Jimmy has a special talent: he is a \"wizard\" at video games and can achieve the high score on absolutely everything he plays. Evading their parents and a sinister bounty hunter, the trio head for a climactic showdown at the national video game championships in California.","popularity":0.259253,"poster_path":"/xGNirmikw9OXsfR9NYQKmsxb5nF.jpg","production_companies":[{"name":"Universal Pictures","id":33}],"production_countries":[{"iso_3166_1":"US","name":"United States of America"}],"release_date":"1989-12-15","revenue":14278900,"runtime":100,"spoken_languages":[{"iso_639_1":"it","name":"Italiano"},{"iso_639_1":"en","name":"English"}],"status":"Released","tagline":"They're on a cross-country adventure to the world's greatest video championship. It's more than a game...it's the chance of a lifetime.","title":"The Wizard","video":false,"vote_average":6.4,"vote_count":22}
