{"adult":false,"backdrop_path":"/rbn3pCAxE9MbilWs1kcm2tKpXPa.jpg","belongs_to_collection":null,"budget":1000000,"genres":[{"id":99,"name":"Documentary"}],"homepage":"http://www.climatecrisis.net/","id":1781,"imdb_id":"tt0497116","original_language":"en","original_title":"An Inconvenient Truth","overview":"A documentary on Al Gore's campaign to make the issue of global warming a recognized problem worldwide.","popularity":0.703574,"poster_path":"/yhsevNFscOH8YA90vsldYwzqkQt.jpg","production_companies":[{"name":"Lawrence Bender Productions","id":2253},{"name":"Participant Media","id":6735}],"production_countries":[{"iso_3166_1":"US","name":"United States of America"}],"release_date":"2006-01-24","revenue":46243000,"runtime":100,"spoken_languages":[{"iso_639_1":"en","name":"English"}],"status":"Released","tagline":"By far the most terrifying film you will ever see.","title":"An Inconvenient Truth","video":false,"vote_average":6.3,"vote_count":74}
