{"adult":false,"backdrop_path":"/snLFUFzWUZCdYkAbhZlaGJxiY3I.jpg","belongs_to_collection":{"id":264,"name":"Back to the Future Collection","poster_path":"/51J1AroyQ45V8DCJnfItFUaKFxL.jpg","backdrop_path":"/c9C9Pg2QctyjZHRmS0P8rZg1OTA.jpg"},"budget":40000000,"genres":[{"id":12,"name":"Adventure"},{"id":35,"name":"Comedy"},{"id":10751,"name":"Family"},{"id":878,"name":"Science Fiction"},{"id":28,"name":"Action"}],"homepage":"http://www.bttf.com/","id":165,"imdb_id":"tt0096874","original_language":"en","original_title":"Back to the Future Part II","overview":"Marty and Doc are at it again in this wacky sequel to the 1985 blockbuster as the time-traveling duo head to 2015 to nip some McFly family woes in the bud. But things go awry thanks to bully Biff Tannen and a pesky sports almanac. In a last-ditch attempt to set things straight, Marty finds himself bound for 1955 and face to face with his teenage parents -- again.","popularity":1.474778,"poster_path":"/k5dzvCQkXU2CAhLtlj9BHE7xmyK.jpg","production_companies":[{"name":"Universal Pictures","id":33},{"name":"Amblin Entertainment","id":56},{"name":"U-Drive Productions","id":20448}],"production_countries":[{"iso_3166_1":"US","name":"United States of America"}],"release_date":"1989-11-20","revenue":332000000,"runtime":108,"spoken_languages":[{"iso_639_1":"en","name":"English"}],"status":"Released","tagline":"Roads? Where we're going, we don't need roads!","title":"Back to the Future Part II","video":false,"vote_average":6.9,"vote_count":1395}
