{"adult":false,"backdrop_path":"/pOm4IfypKwWUKjM5G2SZ2HSrJyM.jpg","belongs_to_collection":{"id":341762,"name":"Mr. Ripley Collection","poster_path":null,"backdrop_path":null},"budget":40000000,"genres":[{"id":80,"name":"Crime"},{"id":18,"name":"Drama"},{"id":53,"name":"Thriller"},{"id":12,"name":"Adventure"}],"homepage":"","id":1213,"imdb_id":"tt0134119","original_language":"en","original_title":"The Talented Mr. Ripley","overview":"Tom Ripley is a charismatic sociopath who makes his way in mid-'50s New York as a rest room attendant and pianist. His skill however is in impersonating other people, forging handwriting and running second-rate scams. Unhappy with his own life, he kills and takes on the persona of somebody else.","popularity":0.811731,"poster_path":"/lNVD3OADzRxaqbnN1ThdgB0Fuoe.jpg","production_companies":[{"name":"Paramount Pictures","id":4},{"name":"Miramax Films","id":14}],"production_countries":[{"iso_3166_1":"IT","name":"Italy"},{"iso_3166_1":"US","name":"United States of America"}],"release_date":"1999-12-12","revenue":128798265,"runtime":139,"spoken_languages":[{"iso_639_1":"it","name":"Italiano"},{"iso_639_1":"en","name":"English"}],"status":"Released","tagline":"It's better to be a fake somebody than a real nobody.","title":"The Talented Mr. Ripley","video":false,"vote_average":6.7,"vote_count":208}
