{"adult":false,"backdrop_path":"/9Rgvrdbkewu6M9VNUSAa8mJhBsX.jpg","belongs_to_collection":null,"budget":28,"genres":[{"id":53,"name":"Thriller"},{"id":28,"name":"Action"},{"id":35,"name":"Comedy"},{"id":80,"name":"Crime"}],"homepage":"","id":1613,"imdb_id":"tt0227984","original_language":"en","original_title":"The 51st State","overview":"Elmo McElroy is a streetwise American master chemist who heads to England to sell his special new formula - a powerful, blue concoction guaranteed to take you to 'the 51st state.' McElroy's new product delivers a feeling 51 times more powerful than any thrill, any pleasure, any high in history. But his plans for a quick, profitable score go comically awry when he gets stuck in Liverpool with an unlikely escort and his ex-girlfriend and becomes entangled in a bizarre web of double-dealing and double-crosses.","popularity":1.106734,"poster_path":"/wh7oKqAsNqpNcpFiW6LrH4Z79Ga.jpg","production_companies":[{"name":"Film Council","id":246},{"name":"Alliance Atlantis Communications","id":803},{"name":"The Film Consortium","id":1218},{"name":"Focus Films","id":1268},{"name":"Momentum Films","id":1269},{"name":"National Lottery","id":1270},{"name":"Canadian Film or Video Production Tax Credit (CPTC)","id":8582},{"name":"Artists Production Group (APG)","id":18620},{"name":"Fifty First Films","id":52619}],"production_countries":[{"iso_3166_1":"CA","name":"Canada"},{"iso_3166_1":"GB","name":"United Kingdom"}],"release_date":"2001-12-07","revenue":0,"runtime":93,"spoken_languages":[{"iso_639_1":"en","name":"English"}],"status":"Released","tagline":"Nice Wheels. Dirty Deals. And One Mean Mother In A Kilt.","title":"The 51st State","video":false,"vote_average":6.1,"vote_count":38}
