{"adult":false,"backdrop_path":"/AoFpi8egrs90evJPKj40xQO2i4T.jpg","belongs_to_collection":null,"budget":0,"genres":[{"id":18,"name":"Drama"},{"id":10769,"name":"Foreign"},{"id":53,"name":"Thriller"}],"homepage":"","id":1600,"imdb_id":"tt0101765","original_language":"en","original_title":"La double vie de Véronique","overview":"Veronika and Veronique live in different countries and have never met. Nevertheless, one's death is going to change the other's life forever.","popularity":0.565457,"poster_path":"/aXOOyKSHrz6qEE6Wt6Cts6mBzGj.jpg","production_companies":[],"production_countries":[{"iso_3166_1":"FR","name":"France"},{"iso_3166_1":"NO","name":"Norway"},{"iso_3166_1":"PL","name":"Poland"}],"release_date":"1991-05-15","revenue":0,"runtime":98,"spoken_languages":[{"iso_639_1":"fr","name":"Français"},{"iso_639_1":"it","name":"Italiano"},{"iso_639_1":"pl","name":"Polski"}],"status":"Released","tagline":"Each of us is matched somewhere in the world, by our exact double - someone who shares our thoughts and dreams","title":"The Double Life of Veronique","video":false,"vote_average":6.3,"vote_count":24}
