{"adult":false,"backdrop_path":"/iOZyLg2352MTSYuxtbTxI60WjC1.jpg","belongs_to_collection":null,"budget":0,"genres":[{"id":18,"name":"Drama"},{"id":10749,"name":"Romance"}],"homepage":"","id":1413,"imdb_id":"tt0107468","original_language":"en","original_title":"M. Butterfly","overview":"In 1960s China, French diplomat Rene Gallimard falls in love with an opera singer, Song Liling - but Song is not at all who Gallimard thinks.","popularity":0.16164,"poster_path":"/AvuMdOcNduOZ6qqPTyfQj3mIYsH.jpg","production_companies":[{"name":"Geffen Pictures","id":360},{"name":"Warner Bros.","id":6194}],"production_countries":[{"iso_3166_1":"US","name":"United States of America"}],"release_date":"1993-09-09","revenue":1499795,"runtime":101,"spoken_languages":[{"iso_639_1":"en","name":"English"}],"status":"Released","tagline":"","title":"M. Butterfly","video":false,"vote_average":6.6,"vote_count":8}
