{"adult":false,"backdrop_path":"/kO7nyGVNbrbMdRQo4Hq1gP71qnP.jpg","belongs_to_collection":null,"budget":0,"genres":[{"id":18,"name":"Drama"}],"homepage":"http://www.fruehling-sommer.de","id":113,"imdb_id":"tt0374546","original_language":"en","original_title":"봄 여름 가을 겨울 그리고 봄","overview":"This South Korean film takes place on an isolated lake, where an old monk lives in a small floating temple. The monk has a young boy living with him, learning to become a monk. We watch as seasons and years pass by.","popularity":0.754798,"poster_path":"/dGb8hlA2nQ88UbLUgsaI5QXiPDC.jpg","production_companies":[{"name":"LJ Film","id":139},{"name":"Pandora Filmproduktion","id":254},{"name":"Cineclick Asia","id":685},{"name":"Korea Pictures","id":11554},{"name":"Cinesoul","id":11555},{"name":"Mirae Asset Capital","id":11556},{"name":"Muhan Investment","id":11557}],"production_countries":[{"iso_3166_1":"KR","name":"South Korea"},{"iso_3166_1":"DE","name":"Germany"}],"release_date":"2003-09-19","revenue":6502364,"runtime":103,"spoken_languages":[{"iso_639_1":"ko","name":"한국어/조선말"}],"status":"Released","tagline":"Spring, Summer, Autumn, Winter... and Spring","title":"Spring, Summer, Fall, Winter... and Spring","video":false,"vote_average":7.3,"vote_count":42}
