{"adult":false,"backdrop_path":"/fLL6WfUXvdQee1fD4xuzNnWfVBk.jpg","belongs_to_collection":{"id":656,"name":"Saw Collection","poster_path":"/xmC2A7qPEfiOkQC58fZh8srWQ5v.jpg","backdrop_path":"/oLfS1lOmN2KIU2IQ200SDEPVEZe.jpg"},"budget":1200000,"genres":[{"id":27,"name":"Horror"},{"id":9648,"name":"Mystery"},{"id":80,"name":"Crime"}],"homepage":"","id":176,"imdb_id":"tt0387564","original_language":"en","original_title":"Saw","overview":"Obsessed with teaching his victims the value of life, a deranged, sadistic serial killer abducts the morally wayward. Once captured, they must face impossible choices in a horrific game of survival. The victims must fight to win their lives back, or die trying...","popularity":2.390495,"poster_path":"/dHYvIgsax8ZFgkz1OslE4V6Pnf5.jpg","production_companies":[{"name":"Twisted Pictures","id":2061},{"name":"Evolution Entertainment","id":23019},{"name":"Saw Productions Inc.","id":55405}],"production_countries":[{"iso_3166_1":"US","name":"United States of America"}],"release_date":"2004-01-19","revenue":103911669,"runtime":103,"spoken_languages":[{"iso_639_1":"en","name":"English"}],"status":"Released","tagline":"Live or die. Make your choice.","title":"Saw","video":false,"vote_average":7.1,"vote_count":641}
