{"adult":false,"backdrop_path":"/c31beJUzO3ZwRpxpyP8ADzbkt9V.jpg","belongs_to_collection":{"id":192492,"name":"The Jack Ryan Collection","poster_path":"/uCuiExsQDyJagov5aVAyw38YEm.jpg","backdrop_path":"/GQuLrIZlBEC9uRKbhb50JtrTq6.jpg"},"budget":30000000,"genres":[{"id":28,"name":"Action"},{"id":12,"name":"Adventure"},{"id":53,"name":"Thriller"}],"homepage":"","id":1669,"imdb_id":"tt0099810","original_language":"en","original_title":"The Hunt for Red October","overview":"When a Soviet nuclear sub headed toward American waters drops off U.S. scanners, the Yanks scramble to take defensive steps. But CIA analyst Jack Ryan convinces the brass that the sub's commander has something other than a first strike in mind. A perilous cat-and-mouse game ensues.","popularity":2.063825,"poster_path":"/bqvlKYlWq2uibsuVzKTWseeccd2.jpg","production_companies":[{"name":"Paramount Pictures","id":4},{"name":"Nina Saxon Film Design","id":1693},{"name":"Mace Neufeld Productions","id":2767}],"production_countries":[{"iso_3166_1":"US","name":"United States of America"}],"release_date":"1990-03-02","revenue":200512643,"runtime":134,"spoken_languages":[{"iso_639_1":"en","name":"English"},{"iso_639_1":"ru","name":"Pусский"}],"status":"Released","tagline":"Invisible. Silent. Stolen.","title":"The Hunt for Red October","video":false,"vote_average":6.8,"vote_count":418}
