{"adult":false,"backdrop_path":"/1aIDlIOJufYjcTH0wAmK4mZ8Gd0.jpg","belongs_to_collection":null,"budget":0,"genres":[{"id":18,"name":"Drama"},{"id":9648,"name":"Mystery"},{"id":10749,"name":"Romance"}],"homepage":"","id":1414,"imdb_id":"tt0133363","original_language":"es","original_title":"Los amantes del círculo polar","overview":"Otto and Ana are kids when they meet each other. Their names are palindromes. They meet by chance, people are related by chance. A story of circular lives, with circular names, and a circular place (Círculo polar) where the day never ends in the midnight sun. There are things that never end, and Love is one of them.","popularity":0.095313,"poster_path":"/4HRUZYCAXN1W3C0qgJpAWbp7nNo.jpg","production_companies":[{"name":"Sogetel","id":15469}],"production_countries":[{"iso_3166_1":"ES","name":"Spain"}],"release_date":"1998-09-04","revenue":0,"runtime":112,"spoken_languages":[{"iso_639_1":"es","name":"Español"}],"status":"Released","tagline":"Destiny cannot be denied.","title":"Lovers of the Arctic Circle","video":false,"vote_average":7.1,"vote_count":16}
