{"adult":false,"backdrop_path":"/z9YwrfvfhICEwNlnIQ8CUUUwLmK.jpg","belongs_to_collection":null,"budget":0,"genres":[{"id":35,"name":"Comedy"},{"id":18,"name":"Drama"},{"id":10769,"name":"Foreign"},{"id":10749,"name":"Romance"}],"homepage":"","id":156,"imdb_id":"tt0329767","original_language":"en","original_title":"Wilbur Begår Selvmord","overview":"The strange comedy film of two close brothers; one, Wilbur, who wants to kill himself, and the other, Harbour, who tries to prevent this. When their father dies leaving them his bookstore they meet a woman who makes their lives a bit better yet with a bit more trouble as well.","popularity":0.061278,"poster_path":"/naC1ANPfaKw89kGalme2BrxRCA2.jpg","production_companies":[{"name":"Les Films du Losange","id":223},{"name":"Nordisk Film","id":235},{"name":"Scottish Screen","id":698},{"name":"TV2 Danmark","id":758},{"name":"The Glasgow Film Fund","id":980}],"production_countries":[{"iso_3166_1":"DK","name":"Denmark"},{"iso_3166_1":"FR","name":"France"},{"iso_3166_1":"GB","name":"United Kingdom"},{"iso_3166_1":"SE","name":"Sweden"}],"release_date":"2002-11-08","revenue":0,"runtime":111,"spoken_languages":[{"iso_639_1":"en","name":"English"}],"status":"Released","tagline":"","title":"Wilbur Wants to Kill Himself","video":false,"vote_average":7.1,"vote_count":7}
