{"adult":false,"backdrop_path":"/9vziRYZOTHpK2zMd3sgA1Chgk1f.jpg","belongs_to_collection":null,"budget":0,"genres":[{"id":28,"name":"Action"},{"id":10749,"name":"Romance"}],"homepage":"","id":1386,"imdb_id":"tt0169173","original_language":"en","original_title":"C'était un rendez-vous","overview":"A high-speed drive through the streets of Paris.","popularity":3.9e-05,"poster_path":"/7yZKCiqMbHb9uFBg3OtRK4RAT8k.jpg","production_companies":[{"name":"Les Films 13","id":1742}],"production_countries":[{"iso_3166_1":"FR","name":"France"}],"release_date":"1976-01-01","revenue":0,"runtime":8,"spoken_languages":[{"iso_639_1":"fr","name":"Français"}],"status":"Released","tagline":"","title":"C'était un rendez-vous","video":false,"vote_average":0.0,"vote_count":0}
