{"adult":false,"backdrop_path":"/kcBgrUeBjtDCEUcRfO9JfMtQ6BQ.jpg","belongs_to_collection":{"id":1582,"name":"Teenage Mutant Ninja Turtles Collection","poster_path":"/9TLc09TqYi0Ct3zmUeHGwVxLHhq.jpg","backdrop_path":"/7dusELv6x1ANRGorNvqbKhKIUPY.jpg"},"budget":25000000,"genres":[{"id":878,"name":"Science Fiction"},{"id":12,"name":"Adventure"},{"id":28,"name":"Action"},{"id":35,"name":"Comedy"},{"id":10751,"name":"Family"}],"homepage":"","id":1497,"imdb_id":"tt0103060","original_language":"en","original_title":"Teenage Mutant Ninja Turtles II: The Secret of the Ooze","overview":"The Turtles and the Shredder battle once again, this time for the last cannister of the ooze that created the Turtles, which Shredder wants to create an army of new mutants.","popularity":0.733648,"poster_path":"/eisrpNmBqyknW8WuZib8cGdhctc.jpg","production_companies":[{"name":"New Line Cinema","id":12},{"name":"Golden Harvest Company","id":2521}],"production_countries":[{"iso_3166_1":"HK","name":"Hong Kong"},{"iso_3166_1":"US","name":"United States of America"}],"release_date":"1991-03-22","revenue":78,"runtime":88,"spoken_languages":[{"iso_639_1":"en","name":"English"}],"status":"Released","tagline":"Cowabunga, it's the new turtle movie.","title":"Teenage Mutant Ninja Turtles II: The Secret of the Ooze","video":false,"vote_average":6.0,"vote_count":78}
