{"adult":false,"backdrop_path":"/teYDggB9KyjornPSO5PlIkhOlpa.jpg","belongs_to_collection":null,"budget":0,"genres":[{"id":18,"name":"Drama"},{"id":36,"name":"History"}],"homepage":"","id":1396,"imdb_id":"tt0072443","original_language":"ru","original_title":"Zerkalo","overview":"A dying man in his forties remembers his past. His childhood, his mother, the war, personal moments and things that tell of the recent history of all the Russian nation.","popularity":0.621836,"poster_path":"/dLkieej9b8IUDXVyZmPDuH8dN7.jpg","production_companies":[{"name":"Mosfilm","id":5120}],"production_countries":[{"iso_3166_1":"RU","name":"Russia"}],"release_date":"1975-03-07","revenue":0,"runtime":106,"spoken_languages":[{"iso_639_1":"ru","name":"Pусский"}],"status":"Released","tagline":"","title":"Mirror","video":false,"vote_average":7.5,"vote_count":23}
