{"adult":false,"backdrop_path":"/eXTngljcBI9tTyLOknMin1PeU0D.jpg","belongs_to_collection":null,"budget":0,"genres":[{"id":18,"name":"Drama"}],"homepage":"","id":1626,"imdb_id":"tt0056663","original_language":"en","original_title":"Vivre sa vie","overview":"Twelve episodic tales in the life of a Parisian woman and her slow descent into prostitution.","popularity":0.529913,"poster_path":"/oTIedyxqFnswwU8PgrliRzpmSXN.jpg","production_companies":[{"name":"Pathé Consortium Cinéma","id":220},{"name":"Les Films de la Pléiade","id":745}],"production_countries":[{"iso_3166_1":"FR","name":"France"}],"release_date":"1962-09-19","revenue":0,"runtime":85,"spoken_languages":[{"iso_639_1":"fr","name":"Français"}],"status":"Released","tagline":"","title":"Vivre sa vie","video":false,"vote_average":6.8,"vote_count":16}
