{"adult":false,"backdrop_path":"/72zYL99lJPi49PQMk2rPQB3NZLd.jpg","belongs_to_collection":{"id":2248,"name":"Torrente Collection","poster_path":"/crCyDVyXc4kVyO2a0Tk5fposzm8.jpg","backdrop_path":null},"budget":0,"genres":[{"id":35,"name":"Comedy"},{"id":80,"name":"Crime"}],"homepage":"","id":1284,"imdb_id":"tt0257231","original_language":"es","original_title":"Torrente 2: Misión en Marbella","overview":"For this second film in the cult comedy series Torrente takes our fat police officer from Madrid to Marbella in Spain to investigate a villain’s plot to destroy the city with a missile. This James Bond style slapstick comedy became the most successful box-office film in Spanish film history beating out only the first Torrente film.","popularity":0.202729,"poster_path":"/iJWsg9WcH81TYOcdJnEbcKbybPA.jpg","production_companies":[{"name":"Lolafilms","id":6861},{"name":"Amiguetes Entertainment","id":7864}],"production_countries":[{"iso_3166_1":"ES","name":"Spain"}],"release_date":"2001-03-30","revenue":0,"runtime":99,"spoken_languages":[{"iso_639_1":"es","name":"Español"}],"status":"Released","tagline":"","title":"Torrente 2: Mission in Marbella","video":false,"vote_average":5.3,"vote_count":11}
