{"adult":false,"backdrop_path":"/1yH0AGVdqA7dA7BGLg3BUHZbOqf.jpg","belongs_to_collection":null,"budget":0,"genres":[{"id":18,"name":"Drama"},{"id":35,"name":"Comedy"}],"homepage":"","id":1660,"imdb_id":"tt0074152","original_language":"fr","original_title":"L'argent de poche","overview":"Various experiences of childhood are seen in several sequences that take place in the small town of Thiers, France. Vignettes include a boy's awakening interest in girls, couples double-dating at the movies, brothers giving their friend a haircut, a boy dealing with an abusive home life, a baby and a cat sitting by an open window, a child telling a dirty joke, and a boy who develops a crush on his friend's mother.","popularity":0.01388,"poster_path":"/jmj7ZsBP9fN6Ji6QhpIfHVQZyu8.jpg","production_companies":[{"name":"Les Films du Carrosse","id":53},{"name":"Les Productions Artistes Associés","id":64}],"production_countries":[{"iso_3166_1":"FR","name":"France"}],"release_date":"1976-03-17","revenue":0,"runtime":104,"spoken_languages":[{"iso_639_1":"fr","name":"Français"}],"status":"Released","tagline":"","title":"Small Change","video":false,"vote_average":7.4,"vote_count":7}
