{"adult":false,"backdrop_path":"/qGDxQVMvnOjaUAEwFo0rVoWtwEI.jpg","belongs_to_collection":null,"budget":0,"genres":[{"id":35,"name":"Comedy"},{"id":18,"name":"Drama"}],"homepage":"","id":1559,"imdb_id":"tt0072235","original_language":"en","original_title":"Sweet Movie","overview":"Miss World Virginity, who is nearly mute, endures a horrifically kinky honeymoon but soon escapes to a scatalogically inclined commune in Vienna. Meanwhile, a madwoman pilots a candy-stuffed boat down a river. Yugoslavian director Dusan Makavajev intercuts these two wild tales with shocking footage of the discovery of mass graves from the Katyn Massacre.","popularity":0.189809,"poster_path":"/ftOtiQPpH3cMCCR0Wp0nnsGm8RJ.jpg","production_companies":[{"name":"Maran Film","id":1627},{"name":"V.M. Productions","id":1628}],"production_countries":[{"iso_3166_1":"CA","name":"Canada"},{"iso_3166_1":"DE","name":"Germany"},{"iso_3166_1":"FR","name":"France"}],"release_date":"1974-06-12","revenue":0,"runtime":99,"spoken_languages":[{"iso_639_1":"en","name":"English"}],"status":"Released","tagline":"","title":"Sweet Movie","video":false,"vote_average":3.8,"vote_count":3}
