{"adult":false,"backdrop_path":"/hMk6Bd9o0bEoSCxCIhn0QftB7YM.jpg","belongs_to_collection":null,"budget":0,"genres":[{"id":53,"name":"Thriller"},{"id":18,"name":"Drama"},{"id":9648,"name":"Mystery"}],"homepage":"","id":1644,"imdb_id":"tt0108473","original_language":"en","original_title":"The Vanishing","overview":"A young woman (Sandra Bullock) mysteriously disappears, sending her boyfriend Jeff (Kiefer Sutherland) on a years-long quest to find her. Not even a new love (Nancy Travis) can keep him from his obsessive search. All the while, the calculating psychopath (Jeff Bridges) who kidnapped his girlfriend stalks Jeff, ultimately taking him through the exact same steps that led to the crime. In order to find out what happened, Jeff must put his own life in the hands of this devious stranger.","popularity":0.485122,"poster_path":"/tkqR1WZnH0Ottj45kToMWO7eDxJ.jpg","production_companies":[{"name":"Twentieth Century Fox","id":7392}],"production_countries":[{"iso_3166_1":"US","name":"United States of America"}],"release_date":"1993-02-05","revenue":0,"runtime":109,"spoken_languages":[{"iso_639_1":"en","name":"English"}],"status":"Released","tagline":"If someone you loved mysteriously vanished how far out of your mind would you go to find them?","title":"The Vanishing","video":false,"vote_average":5.3,"vote_count":29}
