{"adult":false,"backdrop_path":"/4cJv0cghFaJfepzGdOyqeNaJWYb.jpg","belongs_to_collection":null,"budget":25000000,"genres":[{"id":80,"name":"Crime"},{"id":18,"name":"Drama"},{"id":36,"name":"History"},{"id":53,"name":"Thriller"}],"homepage":"","id":117,"imdb_id":"tt0094226","original_language":"en","original_title":"The Untouchables","overview":"Young Treasury Agent Elliot Ness arrives in Chicago and is determined to take down Al Capone but it's not going to be easy, because Capone has the police in his pocket. Ness meets Jimmy Malone a veteran patrolman and probably the most honorable one in the force. He asks Malone to help him get Capone but Malone warns him that if he goes after Capone, he is going to war.","popularity":1.918447,"poster_path":"/qx4CDBhJDX5LQoVZ8UXPxQy5pt7.jpg","production_companies":[{"name":"Paramount Pictures","id":4}],"production_countries":[{"iso_3166_1":"US","name":"United States of America"}],"release_date":"1987-06-02","revenue":76270454,"runtime":119,"spoken_languages":[{"iso_639_1":"en","name":"English"}],"status":"Released","tagline":"AL CAPONE. He ruled Chicago with absolute power. No one could touch him. No one could stop him. Until Eliot Ness and a small force of men swore they'd bring him down.","title":"The Untouchables","video":false,"vote_average":7.4,"vote_count":349}
