{"adult":false,"backdrop_path":"/fnG2DVGP3ZmJrvGjCaI6uh8uxEn.jpg","belongs_to_collection":{"id":51509,"name":"Meet the Parents Collection","poster_path":"/WFkinadVm4NRynRKuUcaLFNIDx.jpg","backdrop_path":"/7UWRq79VHc58QXTSn57UsOUKQLZ.jpg"},"budget":55000000,"genres":[{"id":35,"name":"Comedy"},{"id":10749,"name":"Romance"}],"homepage":"","id":1597,"imdb_id":"tt0212338","original_language":"en","original_title":"Meet the Parents","overview":"Greg Focker is ready to marry his girlfriend, Pam, but before he pops the question, he must win over her formidable father, humorless former CIA agent Jack Byrnes, at the wedding of Pam's sister. As Greg bends over backward to make a good impression, his visit to the Byrnes home turns into a hilarious series of disasters, and everything that can go wrong does, all under Jack's critical, hawklike gaze.","popularity":1.358153,"poster_path":"/wVjtQtzv9IcNRGnOOdcK797Sdxx.jpg","production_companies":[{"name":"DreamWorks SKG","id":27},{"name":"Universal Pictures","id":33},{"name":"Tribeca Productions","id":11391},{"name":"Nancy Tenenbaum Films","id":41248}],"production_countries":[{"iso_3166_1":"US","name":"United States of America"}],"release_date":"2000-10-05","revenue":330444045,"runtime":108,"spoken_languages":[{"iso_639_1":"en","name":"English"}],"status":"Released","tagline":"First comes love. Then come the interrogation.","title":"Meet the Parents","video":false,"vote_average":6.5,"vote_count":511}
