{"adult":false,"backdrop_path":"/nLUO2kQyyvG1DlCnHuxHwapbCTX.jpg","belongs_to_collection":null,"budget":35000000,"genres":[{"id":35,"name":"Comedy"},{"id":10402,"name":"Music"}],"homepage":"http://www.schoolofrockmovie.com/","id":1584,"imdb_id":"tt0332379","original_language":"en","original_title":"School of Rock","overview":"Fired from his band and hard up for cash, guitarist and vocalist Dewey Finn finagles his way into a job as a fourth-grade substitute teacher at a private school, where he secretly begins teaching his students the finer points of rock 'n' roll. The school's hard-nosed principal is rightly suspicious of Finn's activities. But Finn's roommate remains in the dark about what he's doing.","popularity":0.62232,"poster_path":"/cREN222Yw78zvSQ9bg17Y9QZS0c.jpg","production_companies":[{"name":"Paramount Pictures","id":4}],"production_countries":[{"iso_3166_1":"US","name":"United States of America"}],"release_date":"2003-10-03","revenue":131282949,"runtime":108,"spoken_languages":[{"iso_639_1":"en","name":"English"}],"status":"Released","tagline":"He just landed the gig of his life: 5th grade.","title":"School of Rock","video":false,"vote_average":6.3,"vote_count":432}
