{"adult":false,"backdrop_path":"/pAQLy4r3ceqjQoPozSw4UIBBBYX.jpg","belongs_to_collection":null,"budget":0,"genres":[{"id":28,"name":"Action"},{"id":37,"name":"Western"}],"homepage":"","id":1676,"imdb_id":"tt0063811","original_language":"en","original_title":"Will Penny","overview":"Will Penny, an aging cowpoke, takes a job on a ranch which requires him to ride the line of the property looking for trespassers or, worse, squatters. He finds that his cabin in the high mountains has been appropriated by a woman whose guide to Oregon has deserted her and her son. Too ashamed to kick mother and child out just as the bitter winter of the mountains sets in, he agrees to share the cabin until the spring thaw. But it isn't just the snow that slowly thaws; the lonely man and woman soon forget their mutual hostility and start developing a deep love for one another.","popularity":0.000145,"poster_path":"/qaQdtZCJL5G6gGMCCsZOYEXxNIG.jpg","production_companies":[{"name":"Paramount Pictures","id":4}],"production_countries":[{"iso_3166_1":"US","name":"United States of America"}],"release_date":"1968-04-10","revenue":0,"runtime":110,"spoken_languages":[{"iso_639_1":"en","name":"English"}],"status":"Released","tagline":"The Brute in Everyman Was Also in Him - And the Love and the Violence","title":"Will Penny","video":false,"vote_average":6.0,"vote_count":5}
