{"adult":false,"backdrop_path":"/9yk0H7FahcXbcniyoFvfd0Q206y.jpg","belongs_to_collection":null,"budget":0,"genres":[{"id":35,"name":"Comedy"},{"id":80,"name":"Crime"},{"id":18,"name":"Drama"}],"homepage":"","id":1023,"imdb_id":"tt0418455","original_language":"da","original_title":"Adams æbler","overview":"A neo-nazi sentenced to community service at a church clashes with the blindly devotional priest.","popularity":0.497823,"poster_path":"/ysLgwV21cnoI9nkWIvdZWqJuwjE.jpg","production_companies":[{"name":"M&M Productions","id":1789}],"production_countries":[{"iso_3166_1":"DK","name":"Denmark"},{"iso_3166_1":"DE","name":"Germany"}],"release_date":"2005-04-15","revenue":0,"runtime":94,"spoken_languages":[{"iso_639_1":"da","name":"Dansk"},{"iso_639_1":"de","name":"Deutsch"}],"status":"Released","tagline":"","title":"Adam's Apples","video":false,"vote_average":7.8,"vote_count":61}
