{"adult":false,"backdrop_path":"/7dGgWssShqvsJYFfgGP5Y0eNBdC.jpg","belongs_to_collection":null,"budget":0,"genres":[{"id":35,"name":"Comedy"},{"id":80,"name":"Crime"}],"homepage":"","id":1789,"imdb_id":"tt0052837","original_language":"en","original_title":"The Gazebo","overview":"TV writer Elliott Nash buries a blackmailer under the new gazebo in his suburban backyard. But the nervous man can't let the body rest there.","popularity":0.000211,"poster_path":"/cLvLn3ByrT55WoPEfz36fTdhRzI.jpg","production_companies":[{"name":"Metro-Goldwyn-Mayer (MGM)","id":8411},{"name":"Avon Productions (II)","id":13999}],"production_countries":[{"iso_3166_1":"US","name":"United States of America"}],"release_date":"1959-12-16","revenue":0,"runtime":100,"spoken_languages":[{"iso_639_1":"en","name":"English"}],"status":"Released","tagline":"All the love, laughs and murderous fun of the Broadway smash hit!","title":"The Gazebo","video":false,"vote_average":0.0,"vote_count":0}
