{"adult":false,"backdrop_path":"/7WJG5guuig2zSivXhZw1jPH3B0S.jpg","belongs_to_collection":null,"budget":0,"genres":[{"id":18,"name":"Drama"},{"id":10749,"name":"Romance"},{"id":10769,"name":"Foreign"}],"homepage":"","id":1787,"imdb_id":"tt0062728","original_language":"fr","original_title":"Les biches","overview":"Architect Paul Thomas insinuates himself into the relationship of two bisexual women living in a St. Tropez villa with tragic consequences.","popularity":0.00024,"poster_path":"/9EJOF65QtDklrPyTklyWTyDPr7D.jpg","production_companies":[{"name":"Alexandra Films","id":755}],"production_countries":[{"iso_3166_1":"IT","name":"Italy"},{"iso_3166_1":"FR","name":"France"}],"release_date":"1968-03-22","revenue":0,"runtime":100,"spoken_languages":[{"iso_639_1":"fr","name":"Français"}],"status":"Released","tagline":"","title":"Bad Girls","video":false,"vote_average":4.8,"vote_count":3}
