{"adult":false,"backdrop_path":"/9sCWF0nYkyQQn5IofJVA41LsMaM.jpg","belongs_to_collection":{"id":221541,"name":"Godzilla Collection","poster_path":"/nncQXO299wkUWsjQUtpvRmSyFgP.jpg","backdrop_path":"/8k47vHM7YtLTH10ZOB5m07fPMMc.jpg"},"budget":0,"genres":[{"id":14,"name":"Fantasy"},{"id":878,"name":"Science Fiction"},{"id":28,"name":"Action"},{"id":12,"name":"Adventure"}],"homepage":"","id":1682,"imdb_id":"tt0058379","original_language":"en","original_title":"Mosura tai Gojira","overview":"The 4th film in the Godzilla franchise restores the serious tone of the original Godzilla film. A greedy developer has placed huge machines to suck dry a part of the ocean near Tokyo so he can build luxury condos. After a storm, a giant egg washes up on a nearby beach.  The developer's plans go awry when he disrupts Godzilla's rest and the monster goes stomping through Tokyo. It's up to Mothra defend its egg and Japan from Godzilla.  One of the most popular films in the original Godzilla series.","popularity":0.085589,"poster_path":"/rYmZnVNegjiGmNQD1GuAhBxFqLB.jpg","production_companies":[{"name":"Toho Company","id":882}],"production_countries":[{"iso_3166_1":"JP","name":"Japan"}],"release_date":"1964-04-29","revenue":0,"runtime":89,"spoken_languages":[{"iso_639_1":"ja","name":"日本語"}],"status":"Released","tagline":"Nothing Like This Ever On the Screen!","title":"Mothra vs. Godzilla","video":false,"vote_average":6.0,"vote_count":10}
