{"adult":false,"backdrop_path":null,"belongs_to_collection":null,"budget":0,"genres":[{"id":18,"name":"Drama"}],"homepage":"http://www.maria-am-wasser-derfilm.de/","id":1426,"imdb_id":"tt0490174","original_language":"en","original_title":"Maria am Wasser","overview":"No overview found.","popularity":0.000844,"poster_path":null,"production_companies":[],"production_countries":[{"iso_3166_1":"DE","name":"Germany"}],"release_date":"2007-03-08","revenue":0,"runtime":100,"spoken_languages":[{"iso_639_1":"cs","name":"Český"},{"iso_639_1":"de","name":"Deutsch"}],"status":"Released","tagline":"","title":"Maria am Wasser","video":false,"vote_average":0.0,"vote_count":0}
