{"adult":false,"backdrop_path":"/ad3zVcsQNttAwcNeWjaMn4rJpMg.jpg","belongs_to_collection":null,"budget":0,"genres":[{"id":18,"name":"Drama"}],"homepage":"","id":1380,"imdb_id":"tt0097438","original_language":"en","original_title":"Gleaming the Cube","overview":"The cult classic 80’s B-film where the slacker skateboarder gets off his butt and cases down criminals. A skateboarding boy named Brian played by Christian Slater has a pretty normal life until his brother dies. The cops think it’s a suicide yet he won’t believe it and follows some Vietnamese guys he thinks did it when he gets into a lot of trouble and has to ride his skateboard to save the day.","popularity":0.151865,"poster_path":"/UFmbhHaZhSJQWN41gKkpQEqpiN.jpg","production_companies":[{"name":"Twentieth Century Fox Film Corporation","id":306}],"production_countries":[{"iso_3166_1":"US","name":"United States of America"}],"release_date":"1989-01-01","revenue":2777280,"runtime":109,"spoken_languages":[{"iso_639_1":"en","name":"English"}],"status":"Released","tagline":"","title":"Gleaming the Cube","video":false,"vote_average":5.5,"vote_count":10}
