{"adult":false,"backdrop_path":"/zCibMaYNkS0JhOZaQXtYWImv8nt.jpg","belongs_to_collection":null,"budget":0,"genres":[{"id":80,"name":"Crime"},{"id":18,"name":"Drama"},{"id":9648,"name":"Mystery"},{"id":53,"name":"Thriller"}],"homepage":"","id":1592,"imdb_id":"tt0117381","original_language":"en","original_title":"Primal Fear","overview":"An arrogant, high-powered attorney takes on the case of a poor altar boy found running away from the scene of the grisly murder of the bishop who has taken him in. The case gets a lot more complex when the accused reveals that there may or may not have been a 3rd person in the room. The intensity builds when a surprise twist alters everyone's perception of the crime and what happens next...","popularity":0.891408,"poster_path":"/jaDUxqDju6zqoADVKvZo2OunoRC.jpg","production_companies":[{"name":"Paramount Pictures","id":4}],"production_countries":[{"iso_3166_1":"US","name":"United States of America"}],"release_date":"1996-04-03","revenue":102616183,"runtime":129,"spoken_languages":[{"iso_639_1":"en","name":"English"},{"iso_639_1":"es","name":"Español"}],"status":"Released","tagline":"Sooner or later, a man who wears two faces forgets which one is real.","title":"Primal Fear","video":false,"vote_average":7.3,"vote_count":139}
