{"adult":false,"backdrop_path":"/ylLbLCVr8RF6PGXxiR2sCSjCmrf.jpg","belongs_to_collection":{"id":109076,"name":"Lost Boys","poster_path":"/gS9HGARC0n21Uhs77JXircY84Ns.jpg","backdrop_path":"/qXpWa7kDopkOyEhuZtOLgIh4SW9.jpg"},"budget":8500000,"genres":[{"id":35,"name":"Comedy"},{"id":27,"name":"Horror"}],"homepage":"","id":1547,"imdb_id":"tt0093437","original_language":"en","original_title":"The Lost Boys","overview":"A mother and her two teenage sons move to a seemingly nice and quiet small coastal California town yet soon find out that it's overrun by bike gangs and vampires. A couple of teenage friends take it upon themselves to hunt down the vampires that they suspect of a few mysterious murders and restore peace and calm to their town.","popularity":0.798516,"poster_path":"/evo7oiay9qDUzY510VhrB3YzyJs.jpg","production_companies":[{"name":"Warner Bros. Pictures","id":174}],"production_countries":[{"iso_3166_1":"US","name":"United States of America"}],"release_date":"1987-07-31","revenue":32000000,"runtime":97,"spoken_languages":[{"iso_639_1":"pl","name":"Polski"},{"iso_639_1":"en","name":"English"}],"status":"Released","tagline":"Sleep all day. Party all night. Never grow old. Never die. It's fun to be a vampire.","title":"The Lost Boys","video":false,"vote_average":6.4,"vote_count":202}
