{"adult":false,"backdrop_path":"/4fm8qwzmwiBfTjcroxdz1mYOslf.jpg","belongs_to_collection":null,"budget":0,"genres":[{"id":35,"name":"Comedy"},{"id":18,"name":"Drama"}],"homepage":"","id":159,"imdb_id":"tt0109255","original_language":"en","original_title":"Der Bewegte Mann","overview":"Der Bewegte Mann is a German comedy about a heterosexual man, Axel, who is thrown out of his girlfriends home for cheating and ends up moving in with a gay man. Axel learns the advantages of living with gay men even though they are attracted to him and when his girlfriend wants him back he must make a tough decision.","popularity":0.002207,"poster_path":"/7UEzKYus31qTtyGDftRhao7kxbb.jpg","production_companies":[{"name":"Constantin Film","id":47},{"name":"Olga-Film GmbH (München)","id":99}],"production_countries":[{"iso_3166_1":"DE","name":"Germany"}],"release_date":"1994-10-05","revenue":0,"runtime":90,"spoken_languages":[{"iso_639_1":"de","name":"Deutsch"}],"status":"Released","tagline":"","title":"Maybe... Maybe Not","video":false,"vote_average":6.4,"vote_count":9}
