{"adult":false,"backdrop_path":"/aLLJGlYImwUuqEiEpY2NZM1p7tn.jpg","belongs_to_collection":null,"budget":0,"genres":[{"id":18,"name":"Drama"}],"homepage":"","id":1627,"imdb_id":"tt0064285","original_language":"fr","original_title":"L'enfant sauvage","overview":"Director François Truffaut makes a rare on-screen appearance in one of his most unusual films. Based on a true story, the film follows the discovery of a feral child (Jean-Pierre Cargol) who's grown up wild in the forest in late-18th-century France. Truffaut plays Dr. Jean Itard, the deaf specialist who tries to civilize the boy, teaching him to walk, speak and read; the screenplay was adapted from Itard's writings.","popularity":0.006516,"poster_path":"/9dPqDVjyzcUV2CxvTpwAeGtkbZN.jpg","production_companies":[{"name":"Les Films du Carrosse","id":53},{"name":"Les Productions Artistes Associés","id":64},{"name":"Les Artistes Associés","id":15749}],"production_countries":[{"iso_3166_1":"FR","name":"France"}],"release_date":"1970-02-26","revenue":0,"runtime":83,"spoken_languages":[{"iso_639_1":"fr","name":"Français"}],"status":"Released","tagline":"At last an adult film to which you can take your children.","title":"The Wild Child","video":false,"vote_average":6.8,"vote_count":10}
