{"adult":false,"backdrop_path":"/3kloTXbd0619LrHG46EnwqmVZIx.jpg","belongs_to_collection":null,"budget":450,"genres":[{"id":35,"name":"Comedy"},{"id":10749,"name":"Romance"}],"homepage":"","id":1812,"imdb_id":"tt0162710","original_language":"en","original_title":"Trick","overview":"The misadventures of two young gay men, trying to find a place to be alone, one night in Manhattan. Gabriel, an aspiring writer of Broadway musicals, meets Mark, a muscled stripper, who picks him up on the subway. They spend the night trying to find somewhere to be alone... forced to contend with Gabriel's selfish roommate, his irritating best friend, and a vicious, jealous drag queen in a gay dance club. The sun rises on a promising new relationship. Trick is a 1999 American independent gay-themed romantic comedy directed by Jim Fall. Trick appeared at the Sundance and Berlin film festivals in 1999. Filming was completed in less than three weeks in August 1998.","popularity":0.048948,"poster_path":"/u23Fn61nvNTTlpqTirMTfsRmo07.jpg","production_companies":[{"name":"Fine Line Features","id":8}],"production_countries":[{"iso_3166_1":"US","name":"United States of America"}],"release_date":"1999-07-23","revenue":2,"runtime":89,"spoken_languages":[{"iso_639_1":"en","name":"English"},{"iso_639_1":"ru","name":"Pусский"}],"status":"Released","tagline":"A story about two guys trying to make it in the big city.","title":"Trick","video":false,"vote_average":5.5,"vote_count":5}
