{"adult":false,"backdrop_path":"/6HbOqP1GUElNLdX8Bx2uP542CIP.jpg","belongs_to_collection":null,"budget":102000000,"genres":[{"id":28,"name":"Action"},{"id":53,"name":"Thriller"},{"id":878,"name":"Science Fiction"},{"id":9648,"name":"Mystery"}],"homepage":"","id":180,"imdb_id":"tt0181689","original_language":"en","original_title":"Minority Report","overview":"John Anderton is a top \"Precrime\" cop in the late-21st century, when technology can predict crimes before they're committed. But Anderton becomes the quarry when another investigator targets him for a murder charge. Can Anderton find a glitch in the system and prove his innocence before it's too late?","popularity":3.64518,"poster_path":"/h3lpltSn7Rj1eYTPQO1lYGdw4Bz.jpg","production_companies":[{"name":"DreamWorks SKG","id":27},{"name":"Cruise/Wagner Productions","id":44},{"name":"Amblin Entertainment","id":56},{"name":"Twentieth Century Fox Film Corporation","id":306},{"name":"Blue Tulip Productions","id":766},{"name":"Ronald Shusett/Gary Goldman","id":26265}],"production_countries":[{"iso_3166_1":"US","name":"United States of America"}],"release_date":"2002-06-20","revenue":358372926,"runtime":145,"spoken_languages":[{"iso_639_1":"en","name":"English"},{"iso_639_1":"sv","name":"svenska"}],"status":"Released","tagline":"The system is perfect until it comes after you.","title":"Minority Report","video":false,"vote_average":6.7,"vote_count":997}
