{"adult":false,"backdrop_path":"/s1wez4YOL10BMVKwMANH7QMp19l.jpg","belongs_to_collection":null,"budget":0,"genres":[{"id":18,"name":"Drama"},{"id":35,"name":"Comedy"},{"id":10749,"name":"Romance"}],"homepage":"http://www.foxsearchlight.com/imaginemeandyou/","id":1544,"imdb_id":"tt0421994","original_language":"en","original_title":"Imagine Me & You","overview":"During her wedding ceremony, Rachel notices Luce in the audience and feels instantly drawn to her. The two women become close friends, and when Rachel learns that Luce is a lesbian, she realizes that despite her happy marriage to Heck, she is falling for Luce. As she questions her sexual orientation, Rachel must decide between her stable relationship with Heck and her exhilarating new romance with Luce.","popularity":0.485877,"poster_path":"/6IXVDZOpqThs3GTPix4ImwrTVb7.jpg","production_companies":[{"name":"BBC Films","id":288},{"name":"Filmstiftung Nordrhein-Westfalen","id":315},{"name":"X-Filme Creative Pool","id":1972},{"name":"Ealing Studios","id":2650},{"name":"Fragile Films","id":2651},{"name":"Focus Features","id":10146},{"name":"RTL","id":42272},{"name":"Cougar Films Ltd.","id":52728},{"name":"Minotaur Film Partnership No. 3","id":52729}],"production_countries":[{"iso_3166_1":"DE","name":"Germany"},{"iso_3166_1":"GB","name":"United Kingdom"},{"iso_3166_1":"US","name":"United States of America"}],"release_date":"2005-02-01","revenue":2455831,"runtime":93,"spoken_languages":[{"iso_639_1":"en","name":"English"}],"status":"Released","tagline":"There goes the bride.","title":"Imagine Me & You","video":false,"vote_average":7.0,"vote_count":37}
