{"adult":false,"backdrop_path":"/5ejNONf0Yr1CnlcJxuMBPa61DQm.jpg","belongs_to_collection":null,"budget":0,"genres":[{"id":28,"name":"Action"},{"id":53,"name":"Thriller"},{"id":80,"name":"Crime"},{"id":18,"name":"Drama"}],"homepage":"","id":1647,"imdb_id":"tt0292506","original_language":"en","original_title":"The Recruit","overview":"A brilliant young CIA trainee is asked by his mentor to help find a mole in the Agency.","popularity":0.996888,"poster_path":"/hQuFWLIKUwWUWYhk6KHsBOKKeHc.jpg","production_companies":[{"name":"Spyglass Entertainment","id":158},{"name":"Touchstone Pictures","id":9195}],"production_countries":[{"iso_3166_1":"US","name":"United States of America"}],"release_date":"2003-01-25","revenue":101191884,"runtime":115,"spoken_languages":[{"iso_639_1":"en","name":"English"},{"iso_639_1":"fa","name":""},{"iso_639_1":"ru","name":"Pусский"}],"status":"Released","tagline":"Trust. Betrayal. Deception. In the C.I.A. nothing is what it seems.","title":"The Recruit","video":false,"vote_average":5.9,"vote_count":157}
