{"adult":false,"backdrop_path":"/mRpSxOv2uw49MUl3HAZFefzCQqN.jpg","belongs_to_collection":null,"budget":75000000,"genres":[{"id":18,"name":"Drama"},{"id":36,"name":"History"},{"id":10749,"name":"Romance"}],"homepage":"","id":1439,"imdb_id":"tt0166485","original_language":"en","original_title":"Anna and the King","overview":"The story of the romance between the King of Siam (now Thailand) and the widowed British school teacher Anna Leonowens during the 1860's. Anna teaches the children and becomes romanced by the King. She convinces him that a man can be loved by just one woman.","popularity":0.666141,"poster_path":"/518WmPyfc9YcnFiehqCiyGgbhmt.jpg","production_companies":[{"name":"Fox 2000 Pictures","id":711}],"production_countries":[{"iso_3166_1":"MY","name":"Malaysia"},{"iso_3166_1":"US","name":"United States of America"}],"release_date":"1999-12-16","revenue":0,"runtime":148,"spoken_languages":[{"iso_639_1":"th","name":"ภาษาไทย"},{"iso_639_1":"en","name":"English"}],"status":"Released","tagline":"","title":"Anna and the King","video":false,"vote_average":6.4,"vote_count":64}
