{"adult":false,"backdrop_path":"/zY5LAPLgNpqDAz5MB0w4tWKSfLn.jpg","belongs_to_collection":{"id":124492,"name":"The Dirty Dozen Collection","poster_path":"/xCLD1Pul4d6iJJdFf3el7PfMpLc.jpg","backdrop_path":null},"budget":25000000,"genres":[{"id":28,"name":"Action"},{"id":12,"name":"Adventure"},{"id":10752,"name":"War"}],"homepage":"","id":1654,"imdb_id":"tt0061578","original_language":"en","original_title":"The Dirty Dozen","overview":"Classic World War II action drama about a group of 12 American military prisoners, who are ordered to infiltrate a well-guarded enemy château and kill the Nazi officers vacationing there. The soldiers, most of whom are facing death sentences for a variety of violent crimes, agree to the mission and the possible commuting of their sentences.","popularity":0.780609,"poster_path":"/7Uvfdm9pHYEMCDBGzwWzIX2MMKN.jpg","production_companies":[{"name":"Seven Arts Productions","id":516},{"name":"MKH Productions","id":950},{"name":"Metro-Goldwyn-Mayer (MGM)","id":8411}],"production_countries":[{"iso_3166_1":"GB","name":"United Kingdom"}],"release_date":"1967-06-15","revenue":45300000,"runtime":150,"spoken_languages":[{"iso_639_1":"la","name":"Latin"},{"iso_639_1":"en","name":"English"},{"iso_639_1":"de","name":"Deutsch"},{"iso_639_1":"fr","name":"Français"},{"iso_639_1":"es","name":"Español"}],"status":"Released","tagline":"Train them! Excite them! Arm them!...Then turn them loose on the Nazis!","title":"The Dirty Dozen","video":false,"vote_average":7.3,"vote_count":99}
