{"adult":false,"backdrop_path":"/3qLaJFVIZxSXzOENPMincTG8xMi.jpg","belongs_to_collection":{"id":68589,"name":"The Wixxer Trilogy","poster_path":"/aWQF01PZwK0GNQ0gfsiEKROGdEP.jpg","backdrop_path":"/iLj79iSoIG2ee1p0w04Q1aEWndL.jpg"},"budget":0,"genres":[{"id":35,"name":"Comedy"},{"id":80,"name":"Crime"}],"homepage":"http://www.wixxer.film.de/","id":1269,"imdb_id":"tt0446009","original_language":"de","original_title":"Neues vom Wixxer","overview":"","popularity":0.205992,"poster_path":"/qfU9n7QQ3dNas1rKm5xTDT1NgR6.jpg","production_companies":[{"name":"GFP Medienfonds","id":198}],"production_countries":[{"iso_3166_1":"DE","name":"Germany"}],"release_date":"2007-03-10","revenue":0,"runtime":98,"spoken_languages":[{"iso_639_1":"de","name":"Deutsch"}],"status":"Released","tagline":"","title":"The Vexxer","video":false,"vote_average":6.3,"vote_count":9}
