{"adult":false,"backdrop_path":"/6wBfey6EVR5qxYLB8pxoTVQYWkS.jpg","belongs_to_collection":null,"budget":24000000,"genres":[{"id":28,"name":"Action"},{"id":80,"name":"Crime"},{"id":18,"name":"Drama"},{"id":53,"name":"Thriller"}],"homepage":"http://www.hitmanmovie.com/","id":1620,"imdb_id":"tt0465494","original_language":"en","original_title":"Hitman","overview":"The best-selling videogame, Hitman, roars to life with both barrels blazing in this hardcore action-thriller starring Timothy Olyphant. A genetically engineered assassin with deadly aim, known only as \"Agent 47\" eliminates strategic targets for a top-secret organization. But when he's double-crossed, the hunter becomes the prey as 47 finds himself in a life-or-death game of international intrigue.","popularity":1.913072,"poster_path":"/1U2FpMotSyaciATw5qfEsKdgpX4.jpg","production_companies":[{"name":"Twentieth Century Fox Film Corporation","id":306},{"name":"Dune Entertainment","id":444},{"name":"Anka Film","id":867},{"name":"EuropaCorp","id":6896},{"name":"Daybreak Productions","id":11746},{"name":"Prime Universe Productions","id":11747}],"production_countries":[{"iso_3166_1":"FR","name":"France"},{"iso_3166_1":"US","name":"United States of America"}],"release_date":"2007-11-21","revenue":99965753,"runtime":89,"spoken_languages":[{"iso_639_1":"en","name":"English"},{"iso_639_1":"ru","name":"Pусский"},{"iso_639_1":"sr","name":"Srpski"}],"status":"Released","tagline":"Assassin 47","title":"Hitman","video":false,"vote_average":6.0,"vote_count":389}
