{"adult":false,"backdrop_path":"/tGtrYbrkBaSBI6wLgtLzvFZsbDh.jpg","belongs_to_collection":null,"budget":0,"genres":[{"id":10769,"name":"Foreign"},{"id":18,"name":"Drama"},{"id":10402,"name":"Music"}],"homepage":"","id":1808,"imdb_id":"tt0120879","original_language":"en","original_title":"Velvet Goldmine","overview":"Almost a decade has elapsed since Bowie esque glam superstar Brian Slade staged his own death and escaped the spotlight of the London scene.  Now, investigative journalist Arthur Stuart is on assignment to uncover the truth of the enigmatic Slade's rise and fall.  Stuart, himself forged by the music of the 1970s, explores the larger-than-life stars who were once his idols and what has become of them since the turn of the new decade.","popularity":0.230042,"poster_path":"/qj18ZymP4Xpwgj44mHf8HxFh6Au.jpg","production_companies":[],"production_countries":[{"iso_3166_1":"GB","name":"United Kingdom"}],"release_date":"1998-10-26","revenue":1053788,"runtime":119,"spoken_languages":[{"iso_639_1":"en","name":"English"}],"status":"Released","tagline":"Style matters. Even when it comes to murder.","title":"Velvet Goldmine","video":false,"vote_average":6.4,"vote_count":23}
