{"adult":false,"backdrop_path":"/mx0x96S8ZCXXoSxFinMbyI1117f.jpg","belongs_to_collection":{"id":5039,"name":"Rambo Collection","poster_path":"/a61qhaM73Acotl98fAxj6ey7YzE.jpg","backdrop_path":"/Yt2ZxbJv2HM842B6FNMr59Vhyb.jpg"},"budget":63000000,"genres":[{"id":28,"name":"Action"},{"id":12,"name":"Adventure"},{"id":53,"name":"Thriller"},{"id":10752,"name":"War"}],"homepage":"","id":1370,"imdb_id":"tt0095956","original_language":"en","original_title":"Rambo III","overview":"Combat has taken its toll on Rambo, but he's finally begun to find inner peace in a monastery. When Rambo's friend and mentor Col. Trautman asks for his help on a top secret mission to Afghanistan, Rambo declines but must reconsider when Trautman is captured.","popularity":1.781548,"poster_path":"/twdQZYBtJ5duyw9UAiL2kpiTXQ0.jpg","production_companies":[{"name":"TriStar Pictures","id":559},{"name":"Carolco Pictures","id":14723}],"production_countries":[{"iso_3166_1":"US","name":"United States of America"}],"release_date":"1988-05-24","revenue":189015611,"runtime":102,"spoken_languages":[{"iso_639_1":"en","name":"English"},{"iso_639_1":"ru","name":"Pусский"}],"status":"Released","tagline":"The first was for himself. The second for his country. This time it's to save his friend.","title":"Rambo III","video":false,"vote_average":5.7,"vote_count":211}
