{"adult":false,"backdrop_path":"/vQi6zDyPoX3bq9YHazcOojXkAKP.jpg","belongs_to_collection":{"id":9649,"name":"Mexico Collection","poster_path":"/4UMPWCj3MuHLCR2vVPPNCxU6RDV.jpg","backdrop_path":"/6p1OzuIKWnTDfDea7IpB9xra5J.jpg"},"budget":29000000,"genres":[{"id":28,"name":"Action"}],"homepage":"","id":1428,"imdb_id":"tt0285823","original_language":"en","original_title":"Once Upon a Time in Mexico","overview":"Hitman \"El Mariachi\" becomes involved in international espionage involving a psychotic CIA agent and a corrupt Mexican general.","popularity":1.188193,"poster_path":"/j3Mz1jaM3MVr5K1Ijh5D2T93VF2.jpg","production_companies":[{"name":"Columbia Pictures Corporation","id":441},{"name":"Dimension Films","id":7405},{"name":"Troublemaker Studios","id":10807}],"production_countries":[{"iso_3166_1":"US","name":"United States of America"}],"release_date":"2003-09-11","revenue":98185582,"runtime":102,"spoken_languages":[{"iso_639_1":"es","name":"Español"},{"iso_639_1":"en","name":"English"}],"status":"Released","tagline":"The Time Has Come.","title":"Once Upon a Time in Mexico","video":false,"vote_average":6.0,"vote_count":191}
