{"adult":false,"backdrop_path":"/2oAPd0ZCGJ2xID0THPpDEv88AS0.jpg","belongs_to_collection":null,"budget":0,"genres":[{"id":18,"name":"Drama"},{"id":36,"name":"History"},{"id":10752,"name":"War"}],"homepage":"","id":1566,"imdb_id":"tt0052654","original_language":"de","original_title":"Die Brücke","overview":"A group of German boys are ordered to protect a small bridge in their home village during the waning months of the second world war. Truckloads of defeated, cynical Wehrmacht soldiers flee the approaching American troops, but the boys, full of enthusiasm for the \"blood and honor\" Nazi ideology, stay to defend the useless bridge.","popularity":0.45799,"poster_path":"/yUsUN0Isunq1Zu3H2HylnFnnpcG.jpg","production_companies":[{"name":"Fono Film","id":1626}],"production_countries":[{"iso_3166_1":"DE","name":"Germany"}],"release_date":"1959-10-22","revenue":0,"runtime":103,"spoken_languages":[{"iso_639_1":"de","name":"Deutsch"},{"iso_639_1":"es","name":"Español"}],"status":"Released","tagline":"They look for love in a world of violence!","title":"The Bridge","video":false,"vote_average":7.4,"vote_count":12}
