{"adult":false,"backdrop_path":"/6cEfaCVT2HDyc5UF2w3gCbaTXqy.jpg","belongs_to_collection":null,"budget":66000000,"genres":[{"id":53,"name":"Thriller"},{"id":28,"name":"Action"},{"id":80,"name":"Crime"},{"id":10749,"name":"Romance"}],"homepage":"","id":1844,"imdb_id":"tt0137494","original_language":"en","original_title":"Entrapment","overview":"When retired thief Robert \"Mac\" MacDougal is implicated in the disappearance of a priceless painting, insurance investigator Virginia \"Gin\" Baker sets a trap to catch her suspect. But Gin is not exactly who she seems. Soon, she and Mac have joined forces to pull off -- quite literally -- the heist of the millennium.","popularity":1.361423,"poster_path":"/6IKmjW52qeMXx8xXMdX6RRshmY0.jpg","production_companies":[{"name":"Twentieth Century Fox Film Corporation","id":306},{"name":"Fountainbridge Films","id":414},{"name":"Regency Enterprises","id":508},{"name":"Taurus Films","id":897}],"production_countries":[{"iso_3166_1":"DE","name":"Germany"},{"iso_3166_1":"GB","name":"United Kingdom"},{"iso_3166_1":"US","name":"United States of America"}],"release_date":"1999-04-29","revenue":87707396,"runtime":113,"spoken_languages":[{"iso_639_1":"en","name":"English"}],"status":"Released","tagline":"The trap is set.","title":"Entrapment","video":false,"vote_average":6.0,"vote_count":207}
