{"adult":false,"backdrop_path":"/dxanuOyty5wlwk0JCuldi5AxARe.jpg","belongs_to_collection":null,"budget":0,"genres":[{"id":18,"name":"Drama"},{"id":10752,"name":"War"}],"homepage":"","id":1786,"imdb_id":"tt0092593","original_language":"fr","original_title":"Au revoir les enfants","overview":"A French boarding school run by priests seems to be a haven from World War II until a new student arrives. He becomes the roommate of top student in his class. Rivals at first, the roommates form a bond and share a secret.","popularity":0.272825,"poster_path":"/6WiFPIRzKloz8LV02lXJwnNSDY7.jpg","production_companies":[{"name":"Centre National de la Cinématographie","id":310},{"name":"Nouvelles Éditions de Films (NEF)","id":753},{"name":"Stella Films","id":754},{"name":"MK2 Productions","id":9209},{"name":"N.E.F. Filmproduktion und Vertriebs (I)","id":11253},{"name":"Soficas Investimages","id":11254},{"name":"Images Investissements","id":11255},{"name":"Sofica Créations","id":11256},{"name":"Rai Uno Radiotelevisione","id":11257}],"production_countries":[{"iso_3166_1":"DE","name":"Germany"},{"iso_3166_1":"FR","name":"France"},{"iso_3166_1":"IT","name":"Italy"}],"release_date":"1987-10-06","revenue":0,"runtime":104,"spoken_languages":[{"iso_639_1":"de","name":"Deutsch"},{"iso_639_1":"fr","name":"Français"},{"iso_639_1":"la","name":"Latin"},{"iso_639_1":"el","name":"ελληνικά"},{"iso_639_1":"en","name":"English"}],"status":"Released","tagline":"","title":"Au revoir les enfants","video":false,"vote_average":7.0,"vote_count":33}
