{"adult":false,"backdrop_path":"/h06X1bhLzwQ6uLsrrcAM5lcJt35.jpg","belongs_to_collection":{"id":937,"name":"The Pink Panther Collection (Original Series)","poster_path":"/xu6gZ0zGUSR8SC2QLKFaUrX2niM.jpg","backdrop_path":"/6KE7AguGR3UqwUn5RkzkoBc3MLy.jpg"},"budget":0,"genres":[{"id":35,"name":"Comedy"},{"id":80,"name":"Crime"}],"homepage":"","id":1594,"imdb_id":"tt0058586","original_language":"en","original_title":"A Shot in the Dark","overview":"A Shot in the Dark is the second and more successful film from the Pink Panther film series where both animated and real life sequences are mixed. A cult classic from Blake Edwards based on the play L’Idiot by Marcel Achard and Harry Kurnitz.","popularity":0.478681,"poster_path":"/p91y6sIHvEWm2pm56i35X9rndeV.jpg","production_companies":[{"name":"United Artists","id":60},{"name":"Metro-Goldwyn-Mayer (MGM)","id":8411}],"production_countries":[{"iso_3166_1":"GB","name":"United Kingdom"},{"iso_3166_1":"US","name":"United States of America"}],"release_date":"1964-06-23","revenue":12368234,"runtime":102,"spoken_languages":[{"iso_639_1":"fr","name":"Français"},{"iso_639_1":"en","name":"English"}],"status":"Released","tagline":"... The Picture That Gets Away With Murder!","title":"A Shot in the Dark","video":false,"vote_average":7.0,"vote_count":20}
