{"adult":false,"backdrop_path":"/CasBoQ0mFJBPZ0w4JRVsR3Oh50.jpg","belongs_to_collection":null,"budget":0,"genres":[{"id":27,"name":"Horror"}],"homepage":"","id":1693,"imdb_id":"tt0365513","original_language":"en","original_title":"Monster Man","overview":"Two guys and a female hitchhiker are terrorized by a monstrous looking man driving a giant monster truck.","popularity":0.001098,"poster_path":"/pxm2HKFwUpq5dFjfCPt5nDm94IL.jpg","production_companies":[{"name":"Road Brothers","id":1629},{"name":"Dream Entertainment","id":1630}],"production_countries":[{"iso_3166_1":"GB","name":"United Kingdom"}],"release_date":"2004-04-24","revenue":0,"runtime":95,"spoken_languages":[{"iso_639_1":"en","name":"English"}],"status":"Released","tagline":"","title":"Monster Man","video":false,"vote_average":4.5,"vote_count":2}
