{"adult":false,"backdrop_path":"/ucszRdVFulPjbq27Wy1QSS9p7PP.jpg","belongs_to_collection":null,"budget":70000000,"genres":[{"id":28,"name":"Action"},{"id":878,"name":"Science Fiction"},{"id":53,"name":"Thriller"}],"homepage":"","id":1738,"imdb_id":"tt0435705","original_language":"en","original_title":"Next","overview":"A Las Vegas magician who can see into the future is pursued by FBI agents seeking to use his abilities to prevent a nuclear terrorist attack.","popularity":1.414333,"poster_path":"/dPHxHzdL5P3LYnQgdyQjTfTQwoW.jpg","production_companies":[{"name":"Paramount Pictures","id":4},{"name":"Virtual Studios","id":449},{"name":"Revolution Studios","id":497},{"name":"Saturn Films","id":831},{"name":"Broken Road Productions","id":8000}],"production_countries":[{"iso_3166_1":"US","name":"United States of America"}],"release_date":"2007-04-26","revenue":18211013,"runtime":96,"spoken_languages":[{"iso_639_1":"en","name":"English"},{"iso_639_1":"fr","name":"Français"},{"iso_639_1":"de","name":"Deutsch"}],"status":"Released","tagline":"If you can see the future, you can save it.","title":"Next","video":false,"vote_average":6.1,"vote_count":262}
