{"adult":false,"backdrop_path":"/rbkf8Q6jyZQ6SupRhWeUtW7qQNd.jpg","belongs_to_collection":null,"budget":0,"genres":[{"id":28,"name":"Action"},{"id":35,"name":"Comedy"},{"id":18,"name":"Drama"},{"id":36,"name":"History"}],"homepage":"","id":1783,"imdb_id":"tt0243609","original_language":"en","original_title":"To End All Wars","overview":"Inspired by real-life events, this film explores the experiences of Capt. Ernest Gordon (Ciaran McMenamin) and other Japanese prisoners of war who were enlisted for the grueling task of building the Railroad of Death. As the men struggle to maintain their sanity and will, they begin to drift apart while Major Campbell (Robert Carlyle) plans his escape, Lt. Rigden (Kiefer Sutherland) watches his back, and Gordon attempts to keep his dignity.","popularity":0.308399,"poster_path":"/2SxOsGKDmbx1Um0p3aaeE94Lqk0.jpg","production_companies":[{"name":"Argyll Film Partners","id":1159},{"name":"Gummshoe Productions","id":1160},{"name":"Integrity Partners","id":1161},{"name":"Pray For Rain Pictures","id":1162}],"production_countries":[{"iso_3166_1":"GB","name":"United Kingdom"},{"iso_3166_1":"TH","name":"Thailand"},{"iso_3166_1":"US","name":"United States of America"}],"release_date":"2001-09-02","revenue":0,"runtime":108,"spoken_languages":[{"iso_639_1":"de","name":"Deutsch"},{"iso_639_1":"ja","name":"日本語"},{"iso_639_1":"en","name":"English"}],"status":"Released","tagline":"","title":"To End All Wars","video":false,"vote_average":6.0,"vote_count":11}
