{"adult":false,"backdrop_path":"/qaIp1QqcvvQnWLYQmeZWlIcQUGz.jpg","belongs_to_collection":null,"budget":0,"genres":[{"id":18,"name":"Drama"}],"homepage":"http://www.princesaslapelicula.com/","id":1127,"imdb_id":"tt0434292","original_language":"es","original_title":"Princesas","overview":"Set in Spain, the story is about friendship and love in the world of prostitution.","popularity":0.314622,"poster_path":"/aHg2IOpslBZGiW7IipGCGmect00.jpg","production_companies":[{"name":"Reposado Producciones","id":669},{"name":"Antena 3 Televisión","id":11737},{"name":"Mediapro","id":12010},{"name":"Canal+ Espana","id":12625}],"production_countries":[{"iso_3166_1":"ES","name":"Spain"}],"release_date":"2005-09-02","revenue":0,"runtime":113,"spoken_languages":[{"iso_639_1":"es","name":"Español"}],"status":"Released","tagline":"","title":"Princesses","video":false,"vote_average":6.3,"vote_count":3}
