{"adult":false,"backdrop_path":"/9R9YHvwZMuV92McsEamUWtIBP3f.jpg","belongs_to_collection":null,"budget":0,"genres":[{"id":80,"name":"Crime"},{"id":18,"name":"Drama"}],"homepage":"","id":1376,"imdb_id":"tt0313670","original_language":"en","original_title":"Sweet Sixteen","overview":"Determined to have a normal family life once his mother gets out of prison, a Scottish teenager from a tough background sets out to raise the money for a home.","popularity":0.038999,"poster_path":"/9hy5sHMEW3s9atTL3KQYUcKWrye.jpg","production_companies":[{"name":"Alta Films S.A.","id":697},{"name":"TTornasol Films S.A.","id":699}],"production_countries":[{"iso_3166_1":"GB","name":"United Kingdom"}],"release_date":"2002-05-21","revenue":0,"runtime":106,"spoken_languages":[{"iso_639_1":"en","name":"English"}],"status":"Released","tagline":"Life... it's about to hit the fan!","title":"Sweet Sixteen","video":false,"vote_average":4.5,"vote_count":5}
