{"adult":false,"backdrop_path":"/wgjArGrch7ezI5hGjaB1oj2yb2C.jpg","belongs_to_collection":null,"budget":6000000,"genres":[{"id":10402,"name":"Music"},{"id":80,"name":"Crime"},{"id":18,"name":"Drama"}],"homepage":"","id":1725,"imdb_id":"tt0055614","original_language":"en","original_title":"West Side Story","overview":"In the slums of the upper West Side of Manhattan, New York, a gang of Polish-American teenagers called the Jets compete with a rival gang of recently immigrated Puerto Ricans, the Sharks, to \"own\" the neighborhood streets. Tensions are high between the gangs but two kids, one from each rival gang, fall in love leading to tragedy.","popularity":1.096035,"poster_path":"/zRQhCSREdR9h4OzEVvwhdlZNZ6m.jpg","production_companies":[{"name":"United Artists","id":60},{"name":"20th Century Fox Home Entertainment","id":3635}],"production_countries":[{"iso_3166_1":"US","name":"United States of America"}],"release_date":"1961-10-18","revenue":43656822,"runtime":152,"spoken_languages":[{"iso_639_1":"en","name":"English"}],"status":"Released","tagline":"The screen achieves one of the great entertainments in the history of motion pictures","title":"West Side Story","video":false,"vote_average":6.5,"vote_count":91}
