{"adult":false,"backdrop_path":"/wwJEcAKY5drJj9o4EJKIOjLDZNF.jpg","belongs_to_collection":null,"budget":0,"genres":[{"id":35,"name":"Comedy"},{"id":18,"name":"Drama"}],"homepage":"","id":1675,"imdb_id":"tt0070460","original_language":"fr","original_title":"La nuit américaine","overview":"A committed film director struggles to complete his movie while coping with a myriad of crises, personal and professional, among the cast and crew.","popularity":0.161697,"poster_path":"/aerF4eDsrSWZWPfJ7svnrIXkWZD.jpg","production_companies":[{"name":"Les Films du Carrosse","id":53},{"name":"PECF","id":1650}],"production_countries":[{"iso_3166_1":"FR","name":"France"},{"iso_3166_1":"IT","name":"Italy"}],"release_date":"1973-05-24","revenue":0,"runtime":115,"spoken_languages":[{"iso_639_1":"fr","name":"Français"},{"iso_639_1":"en","name":"English"}],"status":"Released","tagline":"A movie for people who love movies.","title":"Day for Night","video":false,"vote_average":7.8,"vote_count":12}
