{"adult":false,"backdrop_path":"/hnxieS9l0aWUTOHmNNj4cVoyj52.jpg","belongs_to_collection":{"id":245713,"name":"The Thing Collection","poster_path":"/u4Vp4zBvhVg9JYVXQ7dpfYVs3BM.jpg","backdrop_path":"/g4aJKgfyoBvgY4ouXNDDKD4OZcc.jpg"},"budget":10000000,"genres":[{"id":27,"name":"Horror"},{"id":878,"name":"Science Fiction"},{"id":9648,"name":"Mystery"},{"id":53,"name":"Thriller"}],"homepage":"","id":1091,"imdb_id":"tt0084787","original_language":"en","original_title":"The Thing","overview":"Scientists in the Antarctic are confronted by a shape-shifting alien that assumes the appearance of the people that it kills.","popularity":1.761175,"poster_path":"/s5fH3GqFcHbi2F0NSBSh4KRNTc0.jpg","production_companies":[{"name":"Universal Pictures","id":33},{"name":"Turman-Foster Company","id":662}],"production_countries":[{"iso_3166_1":"US","name":"United States of America"}],"release_date":"1982-06-25","revenue":13782838,"runtime":109,"spoken_languages":[{"iso_639_1":"en","name":"English"},{"iso_639_1":"no","name":"Norsk"}],"status":"Released","tagline":"Man is The Warmest Place to Hide.","title":"The Thing","video":false,"vote_average":7.4,"vote_count":443}
