{"adult":false,"backdrop_path":"/w6Ecdh1Erq285jEVVKmjnkFUIdj.jpg","belongs_to_collection":null,"budget":10000000,"genres":[{"id":53,"name":"Thriller"},{"id":80,"name":"Crime"}],"homepage":"","id":107,"imdb_id":"tt0208092","original_language":"en","original_title":"Snatch","overview":"The second film from British director Guy Ritchie. Snatch tells an obscure story similar to his first fast-paced crazy character-colliding filled film “Lock, Stock &amp; Two Smoking Barrels.” There are two overlapping stories here – one is the search for a stolen diamond, and the other about a boxing promoter who’s having trouble with a psychotic gangster.","popularity":2.246262,"poster_path":"/on9JlbGEccLsYkjeEph2Whm1DIp.jpg","production_companies":[{"name":"Columbia Pictures Corporation","id":441},{"name":"SKA Films","id":13419}],"production_countries":[{"iso_3166_1":"GB","name":"United Kingdom"},{"iso_3166_1":"US","name":"United States of America"}],"release_date":"2000-09-01","revenue":83557872,"runtime":103,"spoken_languages":[{"iso_639_1":"en","name":"English"},{"iso_639_1":"ru","name":"Pусский"}],"status":"Released","tagline":"Stealin' Stones and Breakin' Bones.","title":"Snatch","video":false,"vote_average":7.4,"vote_count":1399}
