{"adult":false,"backdrop_path":"/dgbORR9Jh0lXoPJPH02IFNc0F2b.jpg","belongs_to_collection":null,"budget":75000000,"genres":[{"id":28,"name":"Action"},{"id":53,"name":"Thriller"},{"id":80,"name":"Crime"}],"homepage":"","id":1701,"imdb_id":"tt0118880","original_language":"en","original_title":"Con Air","overview":"When the government puts all its rotten criminal eggs in one airborne basket, it's asking for trouble. Before you can say, \"Pass the barf bag,\" the crooks control the plane, led by creepy Cyrus \"The Virus\" Grissom. Watching his every move is the just-released Cameron Poe, who'd rather reunite with his family. The action climaxes with an incredible crash sequence in Las Vegas.","popularity":1.529178,"poster_path":"/yhaOQ7xXw0PLHLvg1w0M9zlPdg6.jpg","production_companies":[{"name":"Jerry Bruckheimer Films","id":130},{"name":"Kouf/Bigelow Productions","id":3589},{"name":"Touchstone Pictures","id":9195}],"production_countries":[{"iso_3166_1":"US","name":"United States of America"}],"release_date":"1997-06-01","revenue":224012234,"runtime":115,"spoken_languages":[{"iso_639_1":"en","name":"English"}],"status":"Released","tagline":"They were deadly on the ground; Now they have wings","title":"Con Air","video":false,"vote_average":6.4,"vote_count":456}
