{"adult":false,"backdrop_path":"/3Mn05BZJvD0vrKpMAkHoZYYgHA1.jpg","belongs_to_collection":null,"budget":0,"genres":[{"id":18,"name":"Drama"},{"id":35,"name":"Comedy"}],"homepage":"http://www.breakfastonpluto.co.uk/","id":1420,"imdb_id":"tt0411195","original_language":"en","original_title":"Breakfast on Pluto","overview":"In the 1970s, a foundling lad, Patrick \"Kitten\" Braden, comes of age by leaving his Irish town for London, in part to look for his mother and in part because his trans-gender nature is beyond the town's understanding.","popularity":0.523376,"poster_path":"/tIQ4ZuEW6DBrUtYVsJhwEPxZ5Td.jpg","production_companies":[],"production_countries":[{"iso_3166_1":"GB","name":"United Kingdom"},{"iso_3166_1":"IE","name":"Ireland"}],"release_date":"2005-09-03","revenue":0,"runtime":128,"spoken_languages":[{"iso_639_1":"en","name":"English"}],"status":"Released","tagline":"Same world. Different planet.","title":"Breakfast on Pluto","video":false,"vote_average":5.9,"vote_count":16}
