{"adult":false,"backdrop_path":"/ramtKRAgXSU2UJZrvVEgtVlOa8C.jpg","belongs_to_collection":{"id":261382,"name":"Clint Eastwood's Iwo Jima","poster_path":"/7wFTAiIVVucj2PLvMwLZXojEJsA.jpg","backdrop_path":null},"budget":19000000,"genres":[{"id":28,"name":"Action"},{"id":12,"name":"Adventure"},{"id":18,"name":"Drama"},{"id":10752,"name":"War"}],"homepage":"http://iwojimathemovie.warnerbros.com/lettersofiwojima/framework/framework.html","id":1251,"imdb_id":"tt0498380","original_language":"en","original_title":"Letters from Iwo Jima","overview":"The story of the battle of Iwo Jima between the United States and Imperial Japan during World War II, as told from the perspective of the Japanese who fought it.","popularity":1.233774,"poster_path":"/nWJJqOryTQOmVXvKUkLcEETUHgT.jpg","production_companies":[{"name":"DreamWorks SKG","id":27},{"name":"Amblin Entertainment","id":56},{"name":"Malpaso Productions","id":171},{"name":"Warner Bros. Pictures","id":174}],"production_countries":[{"iso_3166_1":"JP","name":"Japan"},{"iso_3166_1":"US","name":"United States of America"}],"release_date":"2006-12-19","revenue":68673228,"runtime":141,"spoken_languages":[{"iso_639_1":"ja","name":"日本語"},{"iso_639_1":"en","name":"English"}],"status":"Released","tagline":"The battle of Iwo Jima seen through the eyes of the Japanese soldiers.","title":"Letters from Iwo Jima","video":false,"vote_average":6.7,"vote_count":160}
