{"adult":false,"backdrop_path":"/zPaZzRQZT0iNCmcEgJEa6gIVu8T.jpg","belongs_to_collection":null,"budget":0,"genres":[{"id":28,"name":"Action"},{"id":18,"name":"Drama"},{"id":53,"name":"Thriller"}],"homepage":"","id":1123,"imdb_id":"tt0437232","original_language":"en","original_title":"Catch a Fire","overview":"Catch a Fire is a 2006 historically based drama about anti-apartheid activists in South Africa, focussing on the life of Patrick Chamusso, an timid foreman at Secunda CTL, the largest synthetic fuel plant in the world, who in 1980 is wrongly accused, imprisoned, and tortured for an attempt to bomb the plant. The injustice transforms the apolitical worker into a radicalised insurgent, who then carries out his own successful sabotage mission.","popularity":0.332829,"poster_path":"/3gra6N7DUNdac8iG44ozl8Rnh8H.jpg","production_companies":[{"name":"Mirage Enterprises","id":932},{"name":"Studio Canal","id":5870},{"name":"Working Title Films","id":10163}],"production_countries":[{"iso_3166_1":"FR","name":"France"},{"iso_3166_1":"GB","name":"United Kingdom"},{"iso_3166_1":"US","name":"United States of America"},{"iso_3166_1":"ZA","name":"South Africa"}],"release_date":"2006-10-27","revenue":4291965,"runtime":101,"spoken_languages":[{"iso_639_1":"af","name":"Afrikaans"},{"iso_639_1":"zu","name":"isiZulu"},{"iso_639_1":"en","name":"English"}],"status":"Released","tagline":"The spark that ignites us, unites us.","title":"Catch a Fire","video":false,"vote_average":6.3,"vote_count":8}
