{"adult":false,"backdrop_path":"/dJl5xLVNoIUOyeQdrrc2W9cl88m.jpg","belongs_to_collection":null,"budget":40000000,"genres":[{"id":14,"name":"Fantasy"},{"id":18,"name":"Drama"},{"id":53,"name":"Thriller"},{"id":10749,"name":"Romance"}],"homepage":"","id":1491,"imdb_id":"tt0443543","original_language":"en","original_title":"The Illusionist","overview":"With his eye on a lovely aristocrat, a gifted illusionist named Eisenheim uses his powers to win her away from her betrothed, a crowned prince. But Eisenheim's scheme creates tumult within the monarchy and ignites the suspicion of a dogged inspector.","popularity":3.15545,"poster_path":"/sRYw9oAiporMpq1GWcYHqmpdeAO.jpg","production_companies":[{"name":"Michael London Productions","id":1187},{"name":"Stillking Films","id":11345},{"name":"Bob Yari Productions","id":12260},{"name":"Bull's Eye Entertainment","id":25432},{"name":"Contagious Entertainment","id":52740}],"production_countries":[{"iso_3166_1":"CZ","name":"Czech Republic"},{"iso_3166_1":"US","name":"United States of America"}],"release_date":"2006-08-18","revenue":86915017,"runtime":110,"spoken_languages":[{"iso_639_1":"en","name":"English"}],"status":"Released","tagline":"Nothing Is What It Seems.","title":"The Illusionist","video":false,"vote_average":7.0,"vote_count":576}
