{"adult":false,"backdrop_path":"/dr5pdEDOdCvelCQqP32UZubiSgE.jpg","belongs_to_collection":{"id":1575,"name":"Rocky Collection","poster_path":"/57GTZXXq1r96F4yIciQEYbSvJQy.jpg","backdrop_path":"/rmfyTF8AVVZqdd5i7JsSfU4X3Lr.jpg"},"budget":42000000,"genres":[{"id":18,"name":"Drama"}],"homepage":"","id":1375,"imdb_id":"tt0100507","original_language":"en","original_title":"Rocky V","overview":"A lifetime of taking shots has ended Rocky's career, and a crooked accountant has left him broke. Inspired by the memory of his trainer, however, Rocky finds glory in training and takes on an up-and-coming boxer.","popularity":1.245255,"poster_path":"/mamE1mVcWyJuxdPuGTISaB6KrX0.jpg","production_companies":[{"name":"United Artists","id":60}],"production_countries":[{"iso_3166_1":"US","name":"United States of America"}],"release_date":"1990-11-16","revenue":119946358,"runtime":104,"spoken_languages":[{"iso_639_1":"en","name":"English"}],"status":"Released","tagline":"Go for it!","title":"Rocky V","video":false,"vote_average":5.5,"vote_count":178}
