{"adult":false,"backdrop_path":"/9vGtpyZnQS58LAG6T8r7dsqW9FX.jpg","belongs_to_collection":null,"budget":0,"genres":[{"id":18,"name":"Drama"},{"id":10749,"name":"Romance"}],"homepage":"","id":1394,"imdb_id":"tt0086022","original_language":"en","original_title":"Nostalghia","overview":"The Russian poet Andrei Gorchakov, accompanied by guide and translator Eugenia, is traveling through Italy researching the life of an 18th-century Russian composer. In an ancient spa town, he meets the lunatic Domenico, who years earlier had imprisoned his own family in his house for seven years to save them from the evils of the world. Seeing some deep truth in Domenico's act, Andrei becomes drawn to him. In a series of dreams, the poet's nostalgia for his homeland and his longing for his wife, his ambivalent feelings for Eugenia and Italy, and his sense of kinship with Domenico become intertwined.","popularity":0.464379,"poster_path":"/xopaNXZrNjvpVgYrUWTtGhb3Ylu.jpg","production_companies":[],"production_countries":[{"iso_3166_1":"RU","name":"Russia"}],"release_date":"1983-05-01","revenue":0,"runtime":120,"spoken_languages":[{"iso_639_1":"it","name":"Italiano"},{"iso_639_1":"ru","name":"Pусский"}],"status":"Released","tagline":"","title":"Nostalghia","video":false,"vote_average":7.2,"vote_count":20}
