{"adult":false,"backdrop_path":"/s52YxXPHGODDX7IJFBcLvvkP8q6.jpg","belongs_to_collection":null,"budget":24000000,"genres":[{"id":28,"name":"Action"},{"id":53,"name":"Thriller"},{"id":80,"name":"Crime"}],"homepage":"","id":1089,"imdb_id":"tt0102685","original_language":"en","original_title":"Point Break","overview":"In the coastal town of Los Angeles, a gang of bank robbers call themselves The Ex-Presidents commit their crimes while wearing masks of Reagan, Carter, Nixon and Johnson. The F.B.I. believes that the members of the gang could be surfers and send young agent Johnny Utah undercover at the beach to mix with the surfers and gather information.","popularity":0.67597,"poster_path":"/qzKNI8b8EZZhwGFqPavPO04abf.jpg","production_companies":[{"name":"Largo Entertainment","id":1644},{"name":"JVC Entertainment Networks","id":4248}],"production_countries":[{"iso_3166_1":"US","name":"United States of America"}],"release_date":"1991-07-12","revenue":83531958,"runtime":120,"spoken_languages":[{"iso_639_1":"en","name":"English"}],"status":"Released","tagline":"Twenty-seven banks in three years. Anything to catch the perfect wave.","title":"Point Break","video":false,"vote_average":6.5,"vote_count":223}
