{"adult":false,"backdrop_path":"/m7yrs7Sw5WpUNJdqDjEhkNJVpxt.jpg","belongs_to_collection":null,"budget":0,"genres":[{"id":18,"name":"Drama"},{"id":878,"name":"Science Fiction"},{"id":53,"name":"Thriller"}],"homepage":"","id":1398,"imdb_id":"tt0079944","original_language":"ru","original_title":"Сталкер","overview":"Near a gray and unnamed city is the Zone, an alien place guarded by barbed wire and soldiers, and where the normal laws of physics are victim to frequent anomalies. A Stalker, one of only a handful who have the mental gifts (and who risk imprisonment) to lead people into the Zone is tasked with reaching the Room, said to be a place where one's secret hopes come true. His clients are a burned out popular writer, cynical, and questioning his talent; and a quiet scientist more concerned about his knapsack than the journey. In the deserted Zone, the approach to the Room must be indirect. As they draw near, the rules seem to change and the stalker faces a crisis.  The film is loosely based on the novel \"Roadside Picnic\" by Boris and Arkady Strugatsky","popularity":1.06235,"poster_path":"/ezt0Z9wIcPIxiks0J4dm8zJn575.jpg","production_companies":[{"name":"Mosfilm","id":5120}],"production_countries":[{"iso_3166_1":"RU","name":"Russia"}],"release_date":"1979-08-01","revenue":0,"runtime":163,"spoken_languages":[{"iso_639_1":"ru","name":"Pусский"}],"status":"Released","tagline":"","title":"Stalker","video":false,"vote_average":7.8,"vote_count":90}
