{"adult":false,"backdrop_path":"/creZUl8srjcx980UQqIf3I0FoCl.jpg","belongs_to_collection":null,"budget":0,"genres":[{"id":35,"name":"Comedy"}],"homepage":"http://www.lammbock-derfilm.de/","id":1583,"imdb_id":"tt0258760","original_language":"en","original_title":"Lammbock","overview":"Stefan and Kai have good going business, self-grown cannabis screened as pizza delivering service. For now they only have to deal with plant-louses.","popularity":0.033582,"poster_path":"/2oOiWdMgZL18JIUilikNhuAwehB.jpg","production_companies":[{"name":"Little Shark Entertainment GmbH","id":736}],"production_countries":[{"iso_3166_1":"DE","name":"Germany"}],"release_date":"2001-08-23","revenue":0,"runtime":93,"spoken_languages":[{"iso_639_1":"de","name":"Deutsch"}],"status":"Released","tagline":"","title":"Lammbock","video":false,"vote_average":7.1,"vote_count":21}
