{"adult":false,"backdrop_path":"/pPuB8o1CV53A7dzxTpfHEextz6B.jpg","belongs_to_collection":null,"budget":0,"genres":[{"id":99,"name":"Documentary"}],"homepage":"http://opiumpandamonium.com/realms/","id":1853,"imdb_id":"tt0390123","original_language":"en","original_title":"In the Realms of the Unreal","overview":"In the Realms of the Unreal is a documentary about the reclusive New York artist Henry Darger. Henry Darger was so reclusive that when he died his neighbors were surprised to find a 15,143 page manuscript along with hundreds of paintings depicting The Story of the Vivian Girls, in What is Known as the Realms of the Unreal, of the Glodeco-Angelinnian War Storm, Cased by the Child Slave Rebellion.","popularity":0.000445,"poster_path":"/fAnL5RSnw4sNBck3idm4BKvJDXv.jpg","production_companies":[{"name":"Diorama Films","id":1151},{"name":"Independent Television Service","id":1152}],"production_countries":[{"iso_3166_1":"US","name":"United States of America"}],"release_date":"2005-01-01","revenue":0,"runtime":81,"spoken_languages":[{"iso_639_1":"en","name":"English"}],"status":"Released","tagline":"","title":"In the Realms of the Unreal","video":false,"vote_average":7.0,"vote_count":1}
