{"adult":false,"backdrop_path":"/vfIX6b5xGTcIgeNZnBLXVz6G13o.jpg","belongs_to_collection":null,"budget":0,"genres":[{"id":18,"name":"Drama"},{"id":36,"name":"History"},{"id":10749,"name":"Romance"},{"id":10752,"name":"War"},{"id":10769,"name":"Foreign"}],"homepage":"","id":1863,"imdb_id":"tt0065782","original_language":"it","original_title":"I girasoli","overview":"At the end of World War II, Giovanna, a war bride living near Milan refuses to accept that her husband, Antonio, missing on the Russian front, is dead. There's a flashback to their brief courtship near her hometown of Naples, his 12-day leave to marry her, ruses to keep from deployment, and the ultimate farewell. Some years after the war, still with no word from Antonio, Giovanna goes to Russia to find him, starting in the town near the winter battle when he disappeared. Armed with his photograph, what will she find?","popularity":0.555616,"poster_path":"/dv7x8JQ6ZgXrZxItTgeGsUadDzU.jpg","production_companies":[],"production_countries":[{"iso_3166_1":"FR","name":"France"},{"iso_3166_1":"IT","name":"Italy"}],"release_date":"1970-09-24","revenue":0,"runtime":109,"spoken_languages":[{"iso_639_1":"de","name":"Deutsch"},{"iso_639_1":"fr","name":"Français"},{"iso_639_1":"it","name":"Italiano"},{"iso_639_1":"ru","name":"Pусский"},{"iso_639_1":"en","name":"English"}],"status":"Released","tagline":"","title":"Sunflower","video":false,"vote_average":6.9,"vote_count":4}
