{"adult":false,"backdrop_path":"/2RWBzG3DYGYmgbsazg3Fls0X02l.jpg","belongs_to_collection":null,"budget":1500000,"genres":[{"id":80,"name":"Crime"},{"id":18,"name":"Drama"},{"id":9648,"name":"Mystery"},{"id":53,"name":"Thriller"}],"homepage":"","id":1580,"imdb_id":"tt0040746","original_language":"en","original_title":"Rope","overview":"Two young men strangle their \"inferior\" classmate, hide his body in their apartment, and invite his friends and family to a dinner party as a means to challenge the \"perfection\" of their crime.","popularity":1.060341,"poster_path":"/9UlEZpKqJPoaFu1OfHM3BohSRUo.jpg","production_companies":[{"name":"Warner Bros. Pictures","id":174},{"name":"Transatlantic Pictures","id":1554}],"production_countries":[{"iso_3166_1":"US","name":"United States of America"}],"release_date":"1948-08-23","revenue":0,"runtime":80,"spoken_languages":[{"iso_639_1":"en","name":"English"}],"status":"Released","tagline":"","title":"Rope","video":false,"vote_average":7.2,"vote_count":87}
