{"adult":false,"backdrop_path":"/ptEAh4Ok6PnXDkcX2kAue5A2sIG.jpg","belongs_to_collection":{"id":344399,"name":"Footloose Movie Series","poster_path":null,"backdrop_path":null},"budget":8200000,"genres":[{"id":18,"name":"Drama"},{"id":10751,"name":"Family"},{"id":10402,"name":"Music"},{"id":10749,"name":"Romance"}],"homepage":"","id":1788,"imdb_id":"tt0087277","original_language":"en","original_title":"Footloose","overview":"Classic tale of teen rebellion and repression features a delightful combination of dance choreography and realistic and touching performances. When teenager Ren and his family move from big-city Chicago to a small town in the West, he's in for a real case of culture shock.","popularity":0.831466,"poster_path":"/3ohQOMqmSipX7bCKGkVcB7jpVXU.jpg","production_companies":[{"name":"Paramount Pictures","id":4},{"name":"IndieProd Company Productions","id":959}],"production_countries":[{"iso_3166_1":"US","name":"United States of America"}],"release_date":"1984-02-17","revenue":80035402,"runtime":107,"spoken_languages":[{"iso_639_1":"en","name":"English"}],"status":"Released","tagline":"The music is on his side.","title":"Footloose","video":false,"vote_average":5.8,"vote_count":181}
