{"adult":false,"backdrop_path":"/ipgnenPpBZwVRZxXstBOETpFtMT.jpg","belongs_to_collection":null,"budget":0,"genres":[{"id":28,"name":"Action"},{"id":12,"name":"Adventure"},{"id":35,"name":"Comedy"},{"id":53,"name":"Thriller"}],"homepage":"","id":1619,"imdb_id":"tt0202677","original_language":"en","original_title":"The Way of the Gun","overview":"Two petty if violent criminals kidnap a girl being paid $1,000,000 to be a surrogate mother. As the baby is for a gangster the pair's demand for money sees several henchmen and assorted other ruthless characters head after them to Mexico. Bullets rather than talking are always going to settle this one.","popularity":0.645005,"poster_path":"/zLMZxrVeepvtAbL3iUGexAtznmT.jpg","production_companies":[],"production_countries":[{"iso_3166_1":"US","name":"United States of America"}],"release_date":"2000-09-08","revenue":19125401,"runtime":119,"spoken_languages":[{"iso_639_1":"fr","name":"Français"},{"iso_639_1":"en","name":"English"}],"status":"Released","tagline":"","title":"The Way of the Gun","video":false,"vote_average":6.5,"vote_count":22}
