{"adult":false,"backdrop_path":"/qrhnDemVkX3qd2Mej8eZo0V7Tjk.jpg","belongs_to_collection":null,"budget":0,"genres":[{"id":10402,"name":"Music"},{"id":18,"name":"Drama"},{"id":35,"name":"Comedy"}],"homepage":"http://pdl.warnerbros.com/wbol/de/movies/8mileshigh/flash/teaser.html","id":1244,"imdb_id":"tt0764639","original_language":"en","original_title":"Das wilde Leben","overview":"Achim Bornhak's movie focuses on the restless life of Uschi Obermaier, the icon of the 1968 movement in Germany and groupie. At the age of 16, Uschi is bored by her job in a photo lab, but soon becomes the \"it girl\" of Munich's club scene. When she gets to know Rainer Langhans, they move to Berlin and live in \"Kommune 1\", the first politically-motivated commune in Germany. While the other occupants claim she isn't political enough, Uschi just wants to have fun, works as fashion model and leads international music stars in temptation.","popularity":0.075638,"poster_path":"/88JnouOmKWvk89lKasMdkZY47xE.jpg","production_companies":[{"name":"Babelsberg Film GmbH","id":424}],"production_countries":[{"iso_3166_1":"DE","name":"Germany"}],"release_date":"2007-02-01","revenue":0,"runtime":114,"spoken_languages":[{"iso_639_1":"de","name":"Deutsch"}],"status":"Released","tagline":"","title":"Eight Miles High","video":false,"vote_average":6.8,"vote_count":6}
