{"adult":false,"backdrop_path":"/x5lJ5a86LLGNxjFIhPInkERYu5L.jpg","belongs_to_collection":null,"budget":0,"genres":[{"id":18,"name":"Drama"},{"id":53,"name":"Thriller"},{"id":9648,"name":"Mystery"}],"homepage":"","id":1622,"imdb_id":"tt0415932","original_language":"en","original_title":"Lemming","overview":"After the death of his boss's wife, a young engineer faces the sudden psychological metamorphosis of his own wife, seemingly possessed by the soul of the deceased...","popularity":0.375426,"poster_path":"/9Wcfq8jm6yxVbUUbJQQJKxyzaUM.jpg","production_companies":[{"name":"Diaphana Films","id":744}],"production_countries":[{"iso_3166_1":"FR","name":"France"}],"release_date":"2005-05-11","revenue":793604,"runtime":130,"spoken_languages":[{"iso_639_1":"fr","name":"Français"}],"status":"Released","tagline":"","title":"Lemming","video":false,"vote_average":4.5,"vote_count":3}
