{"adult":false,"backdrop_path":"/aGLdPN9aF8o2b4P8tuKUwLCHFFG.jpg","belongs_to_collection":{"id":98036,"name":"Re-Animator Collection","poster_path":"/1okvXAtAlJMcNGFN6VI3wOdMdMT.jpg","backdrop_path":"/keGIwkLEaN2iBUPnXvqGbbNOVbq.jpg"},"budget":0,"genres":[{"id":27,"name":"Horror"},{"id":878,"name":"Science Fiction"},{"id":35,"name":"Comedy"}],"homepage":"","id":1694,"imdb_id":"tt0089885","original_language":"en","original_title":"Re-Animator","overview":"A dedicated student at a medical college and his girlfriend become involved in bizarre experiments centering around the re-animation of dead tissue when an odd new student arrives on campus.","popularity":0.424618,"poster_path":"/hJnP2O0uTuh8HsR094WLTi3sQwc.jpg","production_companies":[{"name":"Empire Pictures","id":1212}],"production_countries":[{"iso_3166_1":"US","name":"United States of America"}],"release_date":"1985-10-18","revenue":0,"runtime":86,"spoken_languages":[{"iso_639_1":"it","name":"Italiano"},{"iso_639_1":"en","name":"English"}],"status":"Released","tagline":"Herbert West has a good head on his shoulders... and another on his desk.","title":"Re-Animator","video":false,"vote_average":6.5,"vote_count":48}
