{"adult":false,"backdrop_path":"/3F6sT6VXGYQLnFeY91hgzoM67WF.jpg","belongs_to_collection":null,"budget":11000000,"genres":[{"id":18,"name":"Drama"}],"homepage":"","id":1590,"imdb_id":"tt0424908","original_language":"en","original_title":"Copying Beethoven","overview":"A fictionalised exploration of Beethoven's life in his final days working on his Ninth Symphony. It is 1824. Beethoven is racing to finish his new symphony. However, it has been years since his last success and he is plagued by deafness, loneliness and personal trauma. A copyist is urgently needed to help the composer. A fictional character is introduced in the form of a young conservatory student and aspiring composer named Anna Holtz. The mercurial Beethoven is skeptical that a woman might become involved in his masterpiece but slowly comes to trust in Anna's assistance and in the end becomes quite fond of her. By the time the piece is performed, her presence in his life is an absolute necessity. Her deep understanding of his work is such that she even corrects mistakes he has made, while her passionate personality opens a door into his private world.","popularity":0.276159,"poster_path":"/2fgMLoBCe8S2YdIWzSVSA5xZsHo.jpg","production_companies":[{"name":"Sidney Kimmel Entertainment","id":737},{"name":"Anomaly Entertainment","id":739}],"production_countries":[{"iso_3166_1":"DE","name":"Germany"},{"iso_3166_1":"US","name":"United States of America"}],"release_date":"2006-11-10","revenue":0,"runtime":104,"spoken_languages":[{"iso_639_1":"fr","name":"Français"},{"iso_639_1":"en","name":"English"}],"status":"Released","tagline":"","title":"Copying Beethoven","video":false,"vote_average":6.0,"vote_count":14}
