{"adult":false,"backdrop_path":"/t45osFg8w2Kh7BzgYl1iYgi8IxF.jpg","belongs_to_collection":null,"budget":60000000,"genres":[{"id":12,"name":"Adventure"},{"id":18,"name":"Drama"},{"id":10751,"name":"Family"}],"homepage":"http://disney.go.com/disneyvideos/liveaction/bridgetoterabithia/","id":1265,"imdb_id":"tt0398808","original_language":"en","original_title":"Bridge to Terabithia","overview":"Jesse Aarons trained all summer to become the fastest runner in school, so he's very upset when newcomer Leslie Burke outruns him and everyone else. Despite this and other differences, including that she's rich, he's poor, and she's a city girl, he's a country boy, the two become fast friends. Together, they create Terabithia, a land of monsters, trolls, ogres, and giants and rule as king and queen. This friendship helps Jess cope with the tragedy that makes him realize what Leslie taught him.","popularity":1.513589,"poster_path":"/vNUvGD1Pl5NjgiSrtVrEa52Ewju.jpg","production_companies":[{"name":"Walden Media","id":10221},{"name":"Hal Lieberman Company","id":23890},{"name":"Lauren Levine Productions Inc.","id":60611}],"production_countries":[{"iso_3166_1":"US","name":"United States of America"}],"release_date":"2007-02-16","revenue":137587063,"runtime":96,"spoken_languages":[{"iso_639_1":"en","name":"English"}],"status":"Released","tagline":"Close your eyes, but keep your mind wide open.","title":"Bridge to Terabithia","video":false,"vote_average":6.7,"vote_count":252}
