{"adult":false,"backdrop_path":"/sD6GwswtowjzCEt72Tr22pfHpvJ.jpg","belongs_to_collection":null,"budget":0,"genres":[{"id":12,"name":"Adventure"},{"id":18,"name":"Drama"},{"id":37,"name":"Western"}],"homepage":"","id":1810,"imdb_id":"tt0045296","original_language":"en","original_title":"Viva Zapata!","overview":"The story of Mexican revolutionary Emiliano Zapata, who led a rebellion against the corrupt, oppressive dictatorship of president Porfirio Diaz in the early 20th century.","popularity":0.067118,"poster_path":"/ows0Wsey5GvoLc3QFqJgZ8lpabr.jpg","production_companies":[{"name":"Twentieth Century Fox Film Corporation","id":306}],"production_countries":[{"iso_3166_1":"US","name":"United States of America"}],"release_date":"1952-02-07","revenue":0,"runtime":113,"spoken_languages":[{"iso_639_1":"de","name":"Deutsch"},{"iso_639_1":"en","name":"English"}],"status":"Released","tagline":"A BANDIT WHO BECAME A LEGEND! Roaring Story of Mexico's Tiger on a White Horse!","title":"Viva Zapata!","video":false,"vote_average":6.5,"vote_count":7}
