{"adult":false,"backdrop_path":"/w9iSKX1GSlaPPASW7jSFkFkkDnz.jpg","belongs_to_collection":{"id":151,"name":"Star Trek: The Original Series Collection","poster_path":"/zcB8KxHA4EapOoZZPAvwgmE1iGK.jpg","backdrop_path":"/9BQj9hq0aK6yM9Tm2NJ28jg572y.jpg"},"budget":35000000,"genres":[{"id":878,"name":"Science Fiction"},{"id":12,"name":"Adventure"},{"id":9648,"name":"Mystery"}],"homepage":"","id":152,"imdb_id":"tt0079945","original_language":"en","original_title":"Star Trek: The Motion Picture","overview":"When a destructive space entity is spotted approaching Earth, Admiral Kirk resumes command of the Starship Enterprise in order to intercept, examine, and hopefully stop it.","popularity":1.689646,"poster_path":"/dlQxDFDj6crYfDWRuoK7bq6Q2bF.jpg","production_companies":[{"name":"Paramount Pictures","id":4}],"production_countries":[{"iso_3166_1":"US","name":"United States of America"}],"release_date":"1979-12-06","revenue":139000000,"runtime":132,"spoken_languages":[{"iso_639_1":"en","name":"English"}],"status":"Released","tagline":"The human adventure is just beginning.","title":"Star Trek: The Motion Picture","video":false,"vote_average":5.9,"vote_count":188}
