{"adult":false,"backdrop_path":"/q4GEKbi4ZO2lhZJg0Zr6kYNKQgm.jpg","belongs_to_collection":{"id":1565,"name":"28 Days Later Collection","poster_path":"/52KVqdsEJTYzDpUvOMvP0Bbfq5E.jpg","backdrop_path":"/bpn1vynevsKLwAMRikY1L6cb18p.jpg"},"budget":15000000,"genres":[{"id":27,"name":"Horror"},{"id":53,"name":"Thriller"},{"id":878,"name":"Science Fiction"}],"homepage":"","id":1562,"imdb_id":"tt0463854","original_language":"en","original_title":"28 Weeks Later","overview":"In this chilling sequel to 28 Days Later, the inhabitants of the British Isles appear to have lost their battle against the onslaught of disease, as the deadly rage virus has killed every citizen there. Six months later, a group of Americans dare to set foot on the isles, convinced the danger has come and gone. But it soon becomes all too clear that the scourge continues to live, waiting to pounce on its next victims.","popularity":1.579704,"poster_path":"/kcJ99AtUykDhpzfQOApsViQa3fj.jpg","production_companies":[{"name":"DNA Films","id":284},{"name":"Figment Films","id":359},{"name":"Sociedad General de Cine S.A.","id":785},{"name":"UK Film Council","id":2452},{"name":"Fox Atomic","id":2890},{"name":"Koan Films","id":10890}],"production_countries":[{"iso_3166_1":"ES","name":"Spain"},{"iso_3166_1":"GB","name":"United Kingdom"}],"release_date":"2007-04-26","revenue":64238440,"runtime":100,"spoken_languages":[{"iso_639_1":"en","name":"English"}],"status":"Released","tagline":"When days turn to weeks... the horror returns.","title":"28 Weeks Later","video":false,"vote_average":6.3,"vote_count":440}
