{"adult":false,"backdrop_path":"/tMUxLFuaLDMwWFcUsQe0Jxz7yGD.jpg","belongs_to_collection":null,"budget":0,"genres":[{"id":12,"name":"Adventure"}],"homepage":"","id":1855,"imdb_id":"tt0060227","original_language":"en","original_title":"Cervantes","overview":"No overview found.","popularity":0.000144,"poster_path":"/bPXDbyUf3TtxoIS6Ad6BRosOTTL.jpg","production_companies":[{"name":"Procinex","id":1184},{"name":"Protor Film","id":1185},{"name":"Prisma de Cinematografía","id":1186}],"production_countries":[{"iso_3166_1":"ES","name":"Spain"},{"iso_3166_1":"FR","name":"France"},{"iso_3166_1":"IT","name":"Italy"}],"release_date":"1967-11-02","revenue":0,"runtime":94,"spoken_languages":[{"iso_639_1":"es","name":"Español"},{"iso_639_1":"en","name":"English"}],"status":"Released","tagline":"","title":"Cervantes","video":false,"vote_average":6.0,"vote_count":1}
