{"adult":false,"backdrop_path":"/tJCyWjBGSkuzPH6fkYYi5ubBGC7.jpg","belongs_to_collection":null,"budget":54000000,"genres":[{"id":35,"name":"Comedy"},{"id":10749,"name":"Romance"}],"homepage":"http://www.youmeanddupree.com/","id":1819,"imdb_id":"tt0463034","original_language":"en","original_title":"You, Me and Dupree","overview":"After standing in as best man for his longtime friend Carl Petersen, Randy Dupree loses his job, becomes a barfly and attaches himself to the newlywed couple almost permanently -- as their houseguest. But the longer Dupree camps out on their couch, the closer he gets to Carl's bride, Molly, leaving the frustrated groom wondering when his pal will be moving out.","popularity":0.510916,"poster_path":"/mtdjrysC3phP4ZtCjdTJsHfZtIU.jpg","production_companies":[{"name":"Universal Pictures","id":33},{"name":"Kaplan/Perrone Entertainment","id":11844},{"name":"MMCB Film Produktion 2004","id":59957}],"production_countries":[{"iso_3166_1":"US","name":"United States of America"}],"release_date":"2006-07-14","revenue":130431368,"runtime":108,"spoken_languages":[{"iso_639_1":"en","name":"English"}],"status":"Released","tagline":"Two's company. Dupree's a crowd.","title":"You, Me and Dupree","video":false,"vote_average":5.3,"vote_count":132}
