{"adult":false,"backdrop_path":"/2SyXYqUiI2EZWM6R6rFdgshMgVz.jpg","belongs_to_collection":null,"budget":75000000,"genres":[{"id":35,"name":"Comedy"}],"homepage":"","id":1641,"imdb_id":"tt0141098","original_language":"en","original_title":"Forces of Nature","overview":"Ben Holmes, a professional book-jacket blurbologist, is trying to get to Savannah for his wedding. He just barely catches the last plane, but a seagull flies into the engine as the plane is taking off. All later flights are cancelled because of an approaching hurricane, so he is forced to hitch a ride in a Geo Metro with an attractive but eccentric woman named Sara.","popularity":0.555516,"poster_path":"/g1w3I72XTZ604Luhv8MEpTLLoU7.jpg","production_companies":[{"name":"DreamWorks SKG","id":27},{"name":"Roth-Arnold Productions","id":1560}],"production_countries":[{"iso_3166_1":"US","name":"United States of America"}],"release_date":"1999-03-12","revenue":93888180,"runtime":105,"spoken_languages":[{"iso_639_1":"en","name":"English"}],"status":"Released","tagline":"He went from the eye of the storm, into the arms of a hurricane.","title":"Forces of Nature","video":false,"vote_average":5.4,"vote_count":36}
