{"adult":false,"backdrop_path":"/iRSTQfYxNiIjr49PdX6PYPBXRTJ.jpg","belongs_to_collection":null,"budget":0,"genres":[{"id":18,"name":"Drama"},{"id":28,"name":"Action"},{"id":37,"name":"Western"},{"id":10749,"name":"Romance"}],"homepage":"","id":1363,"imdb_id":"tt0120699","original_language":"en","original_title":"The Hi-Lo Country","overview":"An intimate story of the enduring bond of friendship between two hard-living men, set against a sweeping backdrop: the American West, post-World War II, in its twilight. Pete and Big Boy are masters of the prairie, but ultimately face trickier terrain: the human heart.","popularity":0.093748,"poster_path":"/dLlTXFWeFqIrZsY4DzDeCE1JOJY.jpg","production_companies":[{"name":"Cappa Productions","id":691}],"production_countries":[{"iso_3166_1":"US","name":"United States of America"}],"release_date":"1998-12-30","revenue":0,"runtime":114,"spoken_languages":[{"iso_639_1":"en","name":"English"}],"status":"Released","tagline":"A woman like Mona can drive men to extremes.","title":"The Hi-Lo Country","video":false,"vote_average":3.3,"vote_count":2}
