{"adult":false,"backdrop_path":"/7G4BAJwBpwaFm3iRlDvVRNoL32O.jpg","belongs_to_collection":null,"budget":0,"genres":[{"id":35,"name":"Comedy"},{"id":18,"name":"Drama"},{"id":10749,"name":"Romance"}],"homepage":"http://www.meandyoumovie.com/","id":1382,"imdb_id":"tt0415978","original_language":"en","original_title":"Me and You and Everyone We Know","overview":"The feature film debut by artist Miranda July about a various comic situations and plots that intertwine. One story line is about a father who is ending his marriage and the other story is of a video artist (possibly autobiographical of Miranda July, also played by her) who is desperately trying to get her work in a modern art museum. The film won Caméra d'Or at Cannes.","popularity":0.305383,"poster_path":"/aIAPgrDKjr2joz2KxQZO2wm0BxT.jpg","production_companies":[{"name":"IFC Films","id":307}],"production_countries":[{"iso_3166_1":"US","name":"United States of America"}],"release_date":"2005-06-17","revenue":0,"runtime":90,"spoken_languages":[{"iso_639_1":"en","name":"English"}],"status":"Released","tagline":"","title":"Me and You and Everyone We Know","video":false,"vote_average":7.0,"vote_count":26}
