{"adult":false,"backdrop_path":null,"belongs_to_collection":null,"budget":0,"genres":[{"id":35,"name":"Comedy"},{"id":18,"name":"Drama"},{"id":10751,"name":"Family"}],"homepage":"","id":1793,"imdb_id":"tt0085919","original_language":"en","original_title":"Max Dugan Returns","overview":"An English teacher and struggling single mother has her life disrupted when the father who abandoned her as a child comes back into her life.","popularity":0.066636,"poster_path":"/7zSLwQGPgxTvFVcbNDIssjOlgxr.jpg","production_companies":[{"name":"Twentieth Century Fox Film Corporation","id":306}],"production_countries":[{"iso_3166_1":"US","name":"United States of America"}],"release_date":"1983-03-25","revenue":0,"runtime":98,"spoken_languages":[{"iso_639_1":"de","name":"Deutsch"},{"iso_639_1":"en","name":"English"}],"status":"Released","tagline":"Prices are double. Your love life's in trouble. The car won't start. Your boss has no heart. The door squeaks. The roof leaks. Your stereo just went mono. All you need is a little Max Dugan.","title":"Max Dugan Returns","video":false,"vote_average":4.0,"vote_count":2}
