{"adult":false,"backdrop_path":"/hQKxDvATLMiq4DQOLZ1xMKgGq5r.jpg","belongs_to_collection":null,"budget":8000000,"genres":[{"id":99,"name":"Documentary"},{"id":10751,"name":"Family"}],"homepage":"http://empereur.luc-jacquet.com/index_flash.htm","id":1667,"imdb_id":"tt0428803","original_language":"fr","original_title":"La Marche de l'empereur","overview":"Every year, thousands of Antartica's emperor penguins make an astonishing journey to breed their young. They walk, marching day and night in single file 70 miles into the darkest, driest and coldest continent on Earth. Morgan Freeman narrates this amazing tale, Breathtaking photography captures the transcendaent beauty and staggering drama, so follow the leader.. to adventure!","popularity":0.778948,"poster_path":"/yjAayG6nY9VO8IJoTLrSLUyu5kD.jpg","production_companies":[{"name":"APC","id":7657},{"name":"Buena Vista International Film Production France","id":7658},{"name":"Warner Independent Pictures (WIP)","id":11509}],"production_countries":[{"iso_3166_1":"AQ","name":"Antarctica"},{"iso_3166_1":"FR","name":"France"}],"release_date":"2005-01-26","revenue":127392239,"runtime":80,"spoken_languages":[{"iso_639_1":"fr","name":"Français"},{"iso_639_1":"en","name":"English"}],"status":"Released","tagline":"In the harshest place on Earth, love finds a way.","title":"March of the Penguins","video":false,"vote_average":6.2,"vote_count":94}
