{"adult":false,"backdrop_path":"/5CN61Hm02daQzI65aS26gOorEm1.jpg","belongs_to_collection":null,"budget":0,"genres":[{"id":35,"name":"Comedy"},{"id":18,"name":"Drama"},{"id":10751,"name":"Family"},{"id":10749,"name":"Romance"}],"homepage":"","id":1377,"imdb_id":"tt0051745","original_language":"en","original_title":"Houseboat","overview":"An Italian socialite on the run signs on as housekeeper for a widower with three children.","popularity":0.109594,"poster_path":"/2IwzjYhM3aFfXyQZiP5I8Ci3GhA.jpg","production_companies":[{"name":"Paramount Pictures","id":4}],"production_countries":[{"iso_3166_1":"US","name":"United States of America"}],"release_date":"1958-11-19","revenue":0,"runtime":110,"spoken_languages":[{"iso_639_1":"it","name":"Italiano"},{"iso_639_1":"en","name":"English"}],"status":"Released","tagline":"","title":"Houseboat","video":false,"vote_average":6.8,"vote_count":8}
