{"adult":false,"backdrop_path":null,"belongs_to_collection":null,"budget":0,"genres":[],"homepage":"","id":1650,"imdb_id":"tt0263329","original_language":"de","original_title":"Haytabo","overview":"","popularity":3e-06,"poster_path":"/5iFVUCmxqknQFLt8wYTekpVhtVe.jpg","production_companies":[],"production_countries":[{"iso_3166_1":"DE","name":"Germany"}],"release_date":"1971-01-01","revenue":0,"runtime":75,"spoken_languages":[],"status":"Released","tagline":"","title":"Haytabo","video":false,"vote_average":0.0,"vote_count":0}
