{"adult":false,"backdrop_path":"/lcM49Au2DtDIigd0G51zOqYqckj.jpg","belongs_to_collection":null,"budget":0,"genres":[{"id":10749,"name":"Romance"},{"id":35,"name":"Comedy"},{"id":18,"name":"Drama"}],"homepage":"http://www.dogme95.dk/mifune/forside/forside.htm","id":139,"imdb_id":"tt0164756","original_language":"da","original_title":"Mifunes sidste sang","overview":"Mifune's Last Song is a humorous story about a yuppie from Copenhagen who is inconveniently confronted with his represses his past. This film from Kragh-Jacobsen is the third film to be filmed in the Dogma 95 style of filmmaking.","popularity":0.264333,"poster_path":"/o8LzDhNQZqDewrm4Ky53zRFf7fb.jpg","production_companies":[{"name":"Nimbus Film Productions","id":11672}],"production_countries":[{"iso_3166_1":"DK","name":"Denmark"},{"iso_3166_1":"SE","name":"Sweden"}],"release_date":"1999-03-12","revenue":0,"runtime":98,"spoken_languages":[{"iso_639_1":"da","name":"Dansk"}],"status":"Released","tagline":"","title":"Mifune's Last Song","video":false,"vote_average":5.0,"vote_count":3}
