{"adult":false,"backdrop_path":"/yUztTrOARxj1lgcPyrSCeGWigZO.jpg","belongs_to_collection":{"id":1565,"name":"28 Days Later Collection","poster_path":"/52KVqdsEJTYzDpUvOMvP0Bbfq5E.jpg","backdrop_path":"/bpn1vynevsKLwAMRikY1L6cb18p.jpg"},"budget":5000000,"genres":[{"id":27,"name":"Horror"},{"id":53,"name":"Thriller"},{"id":878,"name":"Science Fiction"}],"homepage":"http://kino.20thcenturyfox.de/filmarchiv/28dayslater/set.html","id":170,"imdb_id":"tt0289043","original_language":"en","original_title":"28 Days Later...","overview":"Twenty-eight days after a killer virus was accidentally unleashed from a British research facility, a small group of London survivors are caught in a desperate struggle to protect themselves from the infected. Carried by animals and humans, the virus turns those it infects into homicidal maniacs -- and it's absolutely impossible to contain.","popularity":2.22481,"poster_path":"/xaYdxi1PBEAYvqknvAmMPK5Eff3.jpg","production_companies":[{"name":"DNA Films","id":284},{"name":"British Film Council","id":10889}],"production_countries":[{"iso_3166_1":"GB","name":"United Kingdom"}],"release_date":"2002-11-01","revenue":82000000,"runtime":113,"spoken_languages":[{"iso_639_1":"es","name":"Español"},{"iso_639_1":"en","name":"English"}],"status":"Released","tagline":"His fear began when he woke up alone. His terror began when he realised he wasn't.","title":"28 Days Later...","video":false,"vote_average":6.8,"vote_count":612}
