{"adult":false,"backdrop_path":"/gk0gnxKDrRGa1J8cN6bYz1aHLW6.jpg","belongs_to_collection":null,"budget":8000000,"genres":[{"id":18,"name":"Drama"},{"id":10751,"name":"Family"}],"homepage":"http://www.whaleriderthemovie.com/","id":1088,"imdb_id":"tt0298228","original_language":"en","original_title":"Whale Rider","overview":"On the east coast of New Zealand, the Whangara people believe their presence there dates back a thousand years or more to a single ancestor, Paikea, who escaped death when his canoe capsized by riding to shore on the back of a whale. From then on, Whangara chiefs, always the first-born, always male, have been considered Paikea's direct descendants. Pai, an 11-year-old girl in a patriarchal New Zealand tribe, believes she is destined to be the new chief. But her grandfather Koro is bound by tradition to pick a male leader. Pai loves Koro more than anyone in the world, but she must fight him and a thousand years of tradition to fulfill her destiny.","popularity":0.172303,"poster_path":"/x6qMQ6LActtQSjuXidzuhqVW3AT.jpg","production_companies":[{"name":"South Pacific Pictures","id":654}],"production_countries":[{"iso_3166_1":"NZ","name":"New Zealand"}],"release_date":"2002-09-09","revenue":41400000,"runtime":101,"spoken_languages":[{"iso_639_1":"mi","name":""},{"iso_639_1":"en","name":"English"}],"status":"Released","tagline":"","title":"Whale Rider","video":false,"vote_average":6.8,"vote_count":30}
