{"adult":false,"backdrop_path":null,"belongs_to_collection":null,"budget":0,"genres":[{"id":28,"name":"Action"},{"id":18,"name":"Drama"}],"homepage":"","id":1482,"imdb_id":"tt0104693","original_language":"en","original_title":"Laws of Gravity","overview":"Jimmy and Jon are a couple of Brooklyn guys who somehow never found their way into workaday society; they never found their way into big-time crime, either.","popularity":1e-06,"poster_path":"/dDFVceVbXLnJNZnx6F0pr2J3zyk.jpg","production_companies":[{"name":"Island World","id":1595},{"name":"Shooting Gallery","id":1596}],"production_countries":[{"iso_3166_1":"US","name":"United States of America"}],"release_date":"1992-03-21","revenue":0,"runtime":100,"spoken_languages":[{"iso_639_1":"en","name":"English"}],"status":"Released","tagline":"","title":"Laws of Gravity","video":false,"vote_average":0.0,"vote_count":0}
