{"adult":false,"backdrop_path":"/85uNq0R2uGEW90SDnWnCH8bfqs7.jpg","belongs_to_collection":null,"budget":0,"genres":[{"id":18,"name":"Drama"},{"id":9648,"name":"Mystery"},{"id":53,"name":"Thriller"}],"homepage":"http://www.inlandempirecinema.com/","id":1730,"imdb_id":"tt0460829","original_language":"en","original_title":"Inland Empire","overview":"An actress's perception of reality becomes increasingly distorted as she finds herself falling for her co-star in a remake of an unfinished Polish production that was supposedly cursed.","popularity":0.56653,"poster_path":"/xQKF94NvqsHCuGUjgvJ5Etgnryu.jpg","production_companies":[{"name":"Asymmetrical Productions","id":373},{"name":"Inland Empire Productions","id":747},{"name":"Studio Canal","id":5870},{"name":"Fundacja Kultury","id":11608},{"name":"Camerimage Festival","id":11609},{"name":"Absurda","id":11610}],"production_countries":[{"iso_3166_1":"PL","name":"Poland"},{"iso_3166_1":"US","name":"United States of America"},{"iso_3166_1":"FR","name":"France"}],"release_date":"2006-09-06","revenue":849055,"runtime":172,"spoken_languages":[{"iso_639_1":"pl","name":"Polski"},{"iso_639_1":"en","name":"English"}],"status":"Released","tagline":"A Story of a mystery...A mystery inside worlds within worlds...Unfolding around a woman...A woman in love and in trouble.","title":"Inland Empire","video":false,"vote_average":7.0,"vote_count":44}
