{"adult":false,"backdrop_path":"/ceKbyqTIBrcajWozXPIBEKZ8IM7.jpg","belongs_to_collection":null,"budget":68000,"genres":[{"id":18,"name":"Drama"},{"id":80,"name":"Crime"}],"homepage":"","id":1479,"imdb_id":"tt0106579","original_language":"en","original_title":"Clean, Shaven","overview":"Peter Winter is a young schizophrenic who is desperately trying to get his daughter back from her adoptive family. He attempts to function in a world that, for him, is filled with strange voices, electrical noise, disconcerting images, and jarringly sudden emotional shifts. During his quest, he runs afoul of the law and an ongoing murder investigation.","popularity":0.002613,"poster_path":"/undpaa9q6gF9xqOPM6N6rLRjkj0.jpg","production_companies":[{"name":"DSM III","id":1597},{"name":"Warner Bros.","id":6194}],"production_countries":[{"iso_3166_1":"US","name":"United States of America"}],"release_date":"1993-09-05","revenue":0,"runtime":79,"spoken_languages":[{"iso_639_1":"en","name":"English"}],"status":"Released","tagline":"Partition on a strange madness!","title":"Clean, Shaven","video":false,"vote_average":6.4,"vote_count":8}
