{"adult":false,"backdrop_path":"/uHx9E9xqSgOBoRvL4shmMNu8Ojc.jpg","belongs_to_collection":null,"budget":25000000,"genres":[{"id":18,"name":"Drama"}],"homepage":"http://www.babelthemovie.ru/","id":1164,"imdb_id":"tt0449467","original_language":"en","original_title":"Babel","overview":"Tragedy strikes a married couple on vacation in the Moroccan desert, touching off an interlocking story involving four different families.","popularity":1.359829,"poster_path":"/fxneN0EQZwTfAfhTGUvUuIn6PLi.jpg","production_companies":[{"name":"Paramount Vantage","id":838},{"name":"Media Rights Capital","id":2531},{"name":"Anonymous Content","id":10039},{"name":"Zeta Film","id":11230},{"name":"Central Films","id":11258}],"production_countries":[{"iso_3166_1":"MX","name":"Mexico"},{"iso_3166_1":"US","name":"United States of America"},{"iso_3166_1":"FR","name":"France"},{"iso_3166_1":"JP","name":"Japan"}],"release_date":"2006-09-08","revenue":135330182,"runtime":143,"spoken_languages":[{"iso_639_1":"ar","name":"العربية"},{"iso_639_1":"en","name":"English"},{"iso_639_1":"es","name":"Español"},{"iso_639_1":"fr","name":"Français"},{"iso_639_1":"ja","name":"日本語"},{"iso_639_1":"ru","name":"Pусский"}],"status":"Released","tagline":"If You Want to be Understood...Listen","title":"Babel","video":false,"vote_average":6.6,"vote_count":326}
