{"adult":false,"backdrop_path":"/rNLu39wGShIXz0W28tJqGc44VOz.jpg","belongs_to_collection":null,"budget":4000000,"genres":[{"id":18,"name":"Drama"},{"id":10749,"name":"Romance"}],"homepage":"","id":1365,"imdb_id":"tt0285742","original_language":"en","original_title":"Monster's Ball","overview":"Set in the Southern United States, 'Monster's Ball' is a tale of a racist white man, Hank, who falls in love with a black woman named Leticia. Ironically Hank is a prison guard working on Death Row who executed Leticia's husband. Hank and Leticia's interracial affair leads to confusion and new ideas for the two unlikely lovers.","popularity":0.959236,"poster_path":"/8tQ2ZtUJ4bxxUF1slc6DKBXOtTN.jpg","production_companies":[{"name":"Lee Daniels Entertainment","id":695}],"production_countries":[{"iso_3166_1":"US","name":"United States of America"}],"release_date":"2001-11-11","revenue":44909486,"runtime":111,"spoken_languages":[{"iso_639_1":"en","name":"English"}],"status":"Released","tagline":"A lifetime of change can happen in a single moment.","title":"Monster's Ball","video":false,"vote_average":6.1,"vote_count":61}
