{"adult":false,"backdrop_path":"/mlRVOBLXZYntn4F3mR7T7ukEgsp.jpg","belongs_to_collection":null,"budget":6500000,"genres":[{"id":10752,"name":"War"},{"id":18,"name":"Drama"},{"id":36,"name":"History"}],"homepage":"","id":1116,"imdb_id":"tt0460989","original_language":"en","original_title":"The Wind That Shakes the Barley","overview":"A wartime drama about the 1920’s Irish revolution against the British. The Irish medical student Damian is about to start his new job in London as he is witness to the mercenary atrocities of the British and decides to join his brother in the resistance group I.R.A to fight for Irish independence.","popularity":0.372694,"poster_path":"/uLt7SpgPjfwkWqJpUk08xONISFZ.jpg","production_companies":[{"name":"BIM Distribuzione","id":225},{"name":"Matador Pictures","id":707},{"name":"Diaphana Films","id":744},{"name":"Bórd Scannán na hÉireann","id":1898},{"name":"Element Films","id":2274},{"name":"UK Film Council","id":2452},{"name":"Pathé Distribution","id":3012},{"name":"Irish Film Board","id":5267},{"name":"Tornasol Films","id":7680},{"name":"Sixteen Films","id":12695},{"name":"Regent Capital","id":12696},{"name":"EMC Produktion","id":19929},{"name":"Cinéart","id":19930},{"name":"TV3 Television Network Ireland","id":19931},{"name":"Filmcoopi Zürich","id":19932},{"name":"Oil Flick Films No.2","id":19933}],"production_countries":[{"iso_3166_1":"IE","name":"Ireland"},{"iso_3166_1":"GB","name":"United Kingdom"},{"iso_3166_1":"DE","name":"Germany"},{"iso_3166_1":"IT","name":"Italy"},{"iso_3166_1":"ES","name":"Spain"},{"iso_3166_1":"FR","name":"France"},{"iso_3166_1":"BE","name":"Belgium"},{"iso_3166_1":"CH","name":"Switzerland"}],"release_date":"2006-05-18","revenue":22889018,"runtime":124,"spoken_languages":[{"iso_639_1":"ga","name":"Gaeilge"},{"iso_639_1":"la","name":"Latin"},{"iso_639_1":"en","name":"English"}],"status":"Released","tagline":"","title":"The Wind That Shakes the Barley","video":false,"vote_average":7.0,"vote_count":35}
