{"adult":false,"backdrop_path":"/nqy6gNEDEpAJdXO3n5znWpY3YJe.jpg","belongs_to_collection":null,"budget":0,"genres":[{"id":28,"name":"Action"},{"id":12,"name":"Adventure"},{"id":27,"name":"Horror"},{"id":878,"name":"Science Fiction"},{"id":53,"name":"Thriller"}],"homepage":"","id":1450,"imdb_id":"tt0806027","original_language":"ja","original_title":"Blood: The Last Vampire","overview":"On the surface, Saya is a stunning 16-year-old, but that youthful exterior hides the tormented soul of a 400-year-old \"halfling.\" Born to a human father and a vampire mother, she has for centuries been a loner obsessed with using her samurai skills to rid the world of vampires, all the while knowing that she herself can survive only on blood like those she hunts.","popularity":0.869679,"poster_path":"/cchu94PVGceYyjl73SToIVRYNba.jpg","production_companies":[{"name":"East Wing Holdings","id":3689},{"name":"SAJ","id":11552},{"name":"Beijing Happy Pictures Cultural Communications Co.","id":11553}],"production_countries":[{"iso_3166_1":"JP","name":"Japan"},{"iso_3166_1":"HK","name":"Hong Kong"},{"iso_3166_1":"CN","name":"China"},{"iso_3166_1":"FR","name":"France"}],"release_date":"2009-06-04","revenue":0,"runtime":91,"spoken_languages":[{"iso_639_1":"ko","name":"한국어/조선말"},{"iso_639_1":"en","name":"English"}],"status":"Released","tagline":"Where evil grows, she preys.","title":"Blood: The Last Vampire","video":false,"vote_average":5.6,"vote_count":23}
