{"adult":false,"backdrop_path":"/teNiIfo4ybkh9bSbYNtogQQJcs7.jpg","belongs_to_collection":null,"budget":1250000,"genres":[{"id":18,"name":"Drama"},{"id":10749,"name":"Romance"}],"homepage":"","id":1643,"imdb_id":"tt0070849","original_language":"en","original_title":"Last Tango in Paris","overview":"A young Parisian woman begins a sordid affair with a middle-aged American businessman whom lays out ground rules that their clandestine relationship will be based only on sex.","popularity":1.17288,"poster_path":"/6ppSHkDe7CoxyvFEc6JILuKnAu0.jpg","production_companies":[{"name":"United Artists","id":60},{"name":"Les Productions Artistes Associés","id":64},{"name":"Produzioni Europee Associati (PEA)","id":7508}],"production_countries":[{"iso_3166_1":"FR","name":"France"},{"iso_3166_1":"IT","name":"Italy"}],"release_date":"1972-10-14","revenue":36144000,"runtime":129,"spoken_languages":[{"iso_639_1":"fr","name":"Français"},{"iso_639_1":"es","name":"Español"},{"iso_639_1":"en","name":"English"}],"status":"Released","tagline":"Bernardo Bertolucci's Landmark Film","title":"Last Tango in Paris","video":false,"vote_average":7.3,"vote_count":41}
