{"adult":false,"backdrop_path":"/mjjUvCXlAwWtDWlCMbzijwBdd7R.jpg","belongs_to_collection":null,"budget":0,"genres":[{"id":18,"name":"Drama"}],"homepage":"http://www.motorcyclediariesmovie.com/","id":1653,"imdb_id":"tt0318462","original_language":"en","original_title":"Diarios de motocicleta","overview":"\"The Motorcycle Diaries\" is based on the journals of Che Guevara, leader of the Cuban Revolution. In his memoirs, Guevara recounts adventures he, and best friend Alberto Granado, had while crossing South America by motorcycle in the early 1950s.","popularity":0.611924,"poster_path":"/yirOHhmzfpZOLQUdEYSrMcVecg1.jpg","production_companies":[{"name":"Senator Film Produktion","id":191},{"name":"Wildwood Enterprises","id":316},{"name":"Sound for Film","id":1143},{"name":"Inca Films S.A.","id":6638},{"name":"Filmfour","id":6705},{"name":"Film4","id":9349},{"name":"BD Cine","id":9962},{"name":"Tu Vas Voir Productions","id":17469},{"name":"Sahara Films","id":19027}],"production_countries":[{"iso_3166_1":"AR","name":"Argentina"},{"iso_3166_1":"CL","name":"Chile"},{"iso_3166_1":"DE","name":"Germany"},{"iso_3166_1":"FR","name":"France"},{"iso_3166_1":"GB","name":"United Kingdom"},{"iso_3166_1":"MX","name":"Mexico"},{"iso_3166_1":"PE","name":"Peru"},{"iso_3166_1":"US","name":"United States of America"}],"release_date":"2004-02-06","revenue":16756372,"runtime":126,"spoken_languages":[{"iso_639_1":"qu","name":""},{"iso_639_1":"es","name":"Español"}],"status":"Released","tagline":"Before he changed the world the world changed him.","title":"The Motorcycle Diaries","video":false,"vote_average":7.2,"vote_count":69}
