{"adult":false,"backdrop_path":"/tHMsyp2GVEmdNOPKKVpuRsayOdV.jpg","belongs_to_collection":null,"budget":0,"genres":[{"id":28,"name":"Action"},{"id":12,"name":"Adventure"},{"id":53,"name":"Thriller"}],"homepage":"","id":1672,"imdb_id":"tt0082949","original_language":"en","original_title":"Le professionnel","overview":"French secret agent Joss Baumont is sent to kill the president Njala of an African country. However, a counter-order is given before he can execute his mission and he is abandoned in the hands of foreign authorities. He escapes and seeks revenge by pursuing what was his original mission.","popularity":0.562907,"poster_path":"/lcqPvmGXmkGwhr5fIox6ZEyol4m.jpg","production_companies":[],"production_countries":[{"iso_3166_1":"FR","name":"France"}],"release_date":"1981-10-21","revenue":0,"runtime":108,"spoken_languages":[{"iso_639_1":"fr","name":"Français"},{"iso_639_1":"es","name":"Español"}],"status":"Released","tagline":"","title":"The Professional","video":false,"vote_average":6.7,"vote_count":16}
