{"adult":false,"backdrop_path":"/dVsNaaQHvsXscAbrFxIX607kl6u.jpg","belongs_to_collection":null,"budget":0,"genres":[{"id":99,"name":"Documentary"}],"homepage":"","id":1387,"imdb_id":"tt0094075","original_language":"en","original_title":"Superstar: The Karen Carpenter Story","overview":"Superstar is a documentary style short film about the life and death of pop star Karen Carpenter and her problem with anorexia and bulimia. Directed by Todd Haynes the filmed almost entirely with Barbie dolls to a soundtrack of the times. Generally sympathetic to Karen the film was however banned after Haynes lost in court to Karen’s brother and musical partner Richard Carpenter.","popularity":0.000405,"poster_path":"/1JYPLVtOrkYNKplhrYrn0OETzM6.jpg","production_companies":[{"name":"Iced Tea Productions","id":15830}],"production_countries":[{"iso_3166_1":"US","name":"United States of America"}],"release_date":"1988-04-30","revenue":0,"runtime":43,"spoken_languages":[{"iso_639_1":"en","name":"English"}],"status":"Released","tagline":"","title":"Superstar: The Karen Carpenter Story","video":false,"vote_average":7.0,"vote_count":2}
