{"adult":false,"backdrop_path":"/46y6EvnDveRFwtztyHVS0y2DipU.jpg","belongs_to_collection":null,"budget":100000000,"genres":[{"id":18,"name":"Drama"},{"id":53,"name":"Thriller"},{"id":28,"name":"Action"}],"homepage":"http://blooddiamondmovie.warnerbros.com/","id":1372,"imdb_id":"tt0450259","original_language":"en","original_title":"Blood Diamond","overview":"An ex-mercenary turned smuggler. A Mende fisherman. Amid the explosive civil war overtaking 1999 Sierra Leone, these men join for two desperate missions: recovering a rare pink diamond of immense value and rescuing the fisherman's son conscripted as a child soldier into the brutal rebel forces ripping a swath of torture and bloodshed countrywide.","popularity":1.394704,"poster_path":"/wRamTzV6udKaMXrspxqOuo02zk0.jpg","production_companies":[{"name":"Bedford Falls Productions","id":348},{"name":"Lonely Film Productions GmbH & Co. KG.","id":430},{"name":"Virtual Studios","id":449},{"name":"Spring Creek Productions","id":705},{"name":"Warner Bros.","id":6194},{"name":"Initial Entertainment Group (IEG)","id":7380},{"name":"Liberty Pictures","id":20938}],"production_countries":[{"iso_3166_1":"DE","name":"Germany"},{"iso_3166_1":"US","name":"United States of America"}],"release_date":"2006-12-07","revenue":170877916,"runtime":143,"spoken_languages":[{"iso_639_1":"af","name":"Afrikaans"},{"iso_639_1":"en","name":"English"}],"status":"Released","tagline":"It Will Cost You Everything","title":"Blood Diamond","video":false,"vote_average":7.1,"vote_count":817}
