{"adult":false,"backdrop_path":"/wZmjpQFxmQnpoxjYwHoPCGofO17.jpg","belongs_to_collection":null,"budget":0,"genres":[{"id":18,"name":"Drama"},{"id":53,"name":"Thriller"},{"id":9648,"name":"Mystery"},{"id":10749,"name":"Romance"}],"homepage":"","id":1049,"imdb_id":"tt0108185","original_language":"en","original_title":"Sommersby","overview":"Set in the south of the United States just after the Civil War, Laurel Sommersby is just managing to work the farm without her husband Jack, believed killed in the Civil War. By all accounts, Jack Sommersby was not a pleasant man, thus when he returns, Laurel has mixed emotions. It appears that Jack has changed a great deal, leading some people to believe that this is not actually Jack but an imposter. Laurel herself is unsure, but willing to take the man into her home, and perhaps later into her heart...","popularity":0.447431,"poster_path":"/z7qzGgffGPPSIX23x4OM7ob18pt.jpg","production_companies":[{"name":"Regency Enterprises","id":508},{"name":"Alcor Films","id":644},{"name":"Warner Bros.","id":6194}],"production_countries":[{"iso_3166_1":"US","name":"United States of America"}],"release_date":"1993-02-05","revenue":140081992,"runtime":109,"spoken_languages":[{"iso_639_1":"en","name":"English"}],"status":"Released","tagline":"She knew his face. His touch. His voice. She knew everything about him... But the truth.","title":"Sommersby","video":false,"vote_average":5.8,"vote_count":22}
