{"adult":false,"backdrop_path":"/px4CI7soJx2OD654wY0GUPc7eyt.jpg","belongs_to_collection":null,"budget":0,"genres":[{"id":99,"name":"Documentary"},{"id":10402,"name":"Music"}],"homepage":"","id":132,"imdb_id":"tt0065780","original_language":"en","original_title":"Gimme Shelter","overview":"This documentary of the Rolling Stones' 1969 US tour has become a legendary, harrowing symbol of the tragic demise of the \"Peace and Love\" era. After a successful tour across the US, the Rolling Stones gave a free December concert at Altamont Speedway in California with the Grateful Dead, Ike and Tina Turner, Jefferson Airplane, and the Flying Burrito Brothers. The band unwisely selected the Hells Angels to provide security, and the bikers resorted to violence to keep the stoned, restless, and often naked crowd in line. The result: dozens of injuries and the on-screen stabbing of a young black man (during \"Sympathy for the Devil\") by one of the concert's staff security. In a manipulative but effective move, the Maysles brothers filmed Mick Jagger in the editing room witnessing the on-camera murder for the first time. The film also works as a rock-and-roll document, capturing the band at their most relaxed, intoxicating, and electrifying.","popularity":0.173238,"poster_path":"/7BmkS9XsNFhzOA0Btn5rGomEako.jpg","production_companies":[{"name":"Maysles Films","id":14563}],"production_countries":[{"iso_3166_1":"US","name":"United States of America"}],"release_date":"1970-12-06","revenue":0,"runtime":91,"spoken_languages":[{"iso_639_1":"en","name":"English"}],"status":"Released","tagline":"Landmark film follows the Rolling Stones on their notorious 1969 U.S. tour, culminating in tragedy at San Francisco's Altamont Speedway.","title":"Gimme Shelter","video":false,"vote_average":7.9,"vote_count":11}
