{"adult":false,"backdrop_path":"/4cgiyZOZJ6kEQRslBtnPcAEuDlN.jpg","belongs_to_collection":null,"budget":0,"genres":[{"id":18,"name":"Drama"}],"homepage":"","id":1040,"imdb_id":"tt0057091","original_language":"en","original_title":"Il gattopardo","overview":"As Garibaldi's troops begin the unification of Italy in the 1860s, an aristocratic Sicilian family grudgingly adapts to the sweeping social changes undermining their way of life. Proud but pragmatic Prince Don Fabrizio Salina (Burt Lancaster) allows his war hero nephew, Tancredi (Alain Delon), to marry Angelica (Claudia Cardinale), the beautiful daughter of gauche, bourgeois Don Calogero, in order to maintain the family's accustomed level of comfort and political clout.","popularity":0.172536,"poster_path":"/ceSaasF8Dqbd8CxVKPvLBwbBxy4.jpg","production_companies":[{"name":"Titanus","id":641},{"name":"S.G.C.","id":642},{"name":"Société Nouvelle Pathé Cinéma","id":643}],"production_countries":[{"iso_3166_1":"IT","name":"Italy"},{"iso_3166_1":"FR","name":"France"}],"release_date":"1963-03-28","revenue":0,"runtime":185,"spoken_languages":[{"iso_639_1":"it","name":"Italiano"},{"iso_639_1":"la","name":"Latin"},{"iso_639_1":"fr","name":"Français"}],"status":"Released","tagline":"Luchino Visconti's Enduring Romantic Adventure","title":"The Leopard","video":false,"vote_average":7.6,"vote_count":16}
