{"adult":false,"backdrop_path":"/oQl0ahcEndQGHMRfq97THau9TT1.jpg","belongs_to_collection":{"id":155474,"name":"French Connection","poster_path":"/zheN2WhCSS1M8rkjObQGr0dZdvZ.jpg","backdrop_path":"/islbdTICsxPE1c3YEFzEc9Wb46p.jpg"},"budget":1800000,"genres":[{"id":28,"name":"Action"},{"id":80,"name":"Crime"},{"id":53,"name":"Thriller"}],"homepage":"","id":1051,"imdb_id":"tt0067116","original_language":"en","original_title":"The French Connection","overview":"A pair of NYC cops in the Narcotics Bureau stumble onto a drug smuggling job with a French connection.","popularity":0.764207,"poster_path":"/s15eFbrfF6FSx8EG4Eocfn2Z85L.jpg","production_companies":[{"name":"20th Century Fox","id":25},{"name":"D'Antoni Productions","id":646}],"production_countries":[{"iso_3166_1":"US","name":"United States of America"}],"release_date":"1971-10-07","revenue":41158757,"runtime":104,"spoken_languages":[{"iso_639_1":"en","name":"English"},{"iso_639_1":"fr","name":"Français"}],"status":"Released","tagline":"","title":"The French Connection","video":false,"vote_average":6.7,"vote_count":92}
