{"adult":false,"backdrop_path":"/kRqlt7vah4cI7FZuCyHPDMgC7nP.jpg","belongs_to_collection":null,"budget":0,"genres":[{"id":18,"name":"Drama"},{"id":53,"name":"Thriller"}],"homepage":"http://www.alsdasmeerverschwand.de/","id":1126,"imdb_id":"tt0385017","original_language":"en","original_title":"In My Father's Den","overview":"Paul (Macfadyen), a prize-winning war journalist, returns to his remote New Zealand hometown due to the death of his father, battle-scarred and world-weary. For the discontented sixteen-year-old Celia (Barclay) he opens up a world she has only dreamed of. She actively pursues a friendship with him, fascinated by his cynicism and experience of the world beyond her small-town existence. But many, including the members of both their families (Otto, Moy), frown upon the friendship and when Celia goes missing, Paul becomes the increasingly loathed and persecuted prime suspect in her disappearance. As the violent and urgent truth gradually emerges, Paul is forced to confront the family tragedy and betrayal that he ran from as a youth, and to face the grievous consequences of silence and secrecy that has surrounded his entire adult life.","popularity":0.137204,"poster_path":"/6ZQUlZc3nNNfiRcPYqx6FE2piBO.jpg","production_companies":[{"name":"IFMD Ltd.","id":667},{"name":"Little Bird Productions","id":13323}],"production_countries":[{"iso_3166_1":"NZ","name":"New Zealand"}],"release_date":"2004-06-11","revenue":0,"runtime":126,"spoken_languages":[{"iso_639_1":"en","name":"English"}],"status":"Released","tagline":"","title":"In My Father's Den","video":false,"vote_average":6.1,"vote_count":5}
