{"adult":false,"backdrop_path":"/krgbGFHNXs9Xt4CYOhERo9hllfM.jpg","belongs_to_collection":null,"budget":35000000,"genres":[{"id":18,"name":"Drama"},{"id":12,"name":"Adventure"},{"id":878,"name":"Science Fiction"},{"id":10749,"name":"Romance"}],"homepage":"http://thefountainmovie.warnerbros.com/","id":1381,"imdb_id":"tt0414993","original_language":"en","original_title":"The Fountain","overview":"Spanning over one thousand years, and three parallel stories, The Fountain is a story of love, death, spirituality, and the fragility of our existence in this world.","popularity":1.339337,"poster_path":"/lGIJvQ8ZQazOHVAA0E34yIy7gxv.jpg","production_companies":[{"name":"Regency Enterprises","id":508},{"name":"Warner Bros.","id":6194},{"name":"Muse Entertainment Enterprises","id":6438},{"name":"Protozoa Pictures","id":7503},{"name":"New Regency Pictures","id":10104}],"production_countries":[{"iso_3166_1":"US","name":"United States of America"}],"release_date":"2006-11-22","revenue":15304890,"runtime":96,"spoken_languages":[{"iso_639_1":"en","name":"English"}],"status":"Released","tagline":"Death is the road to awe","title":"The Fountain","video":false,"vote_average":6.6,"vote_count":193}
