{"adult":false,"backdrop_path":"/1za2EfHEdwhYE2MzbpHgmdYRgdA.jpg","belongs_to_collection":null,"budget":150000000,"genres":[{"id":12,"name":"Adventure"},{"id":14,"name":"Fantasy"},{"id":35,"name":"Comedy"},{"id":10751,"name":"Family"}],"homepage":"http://chocolatefactorymovie.warnerbros.com/","id":118,"imdb_id":"tt0367594","original_language":"en","original_title":"Charlie and the Chocolate Factory","overview":"A young boy wins a tour through the most magnificent chocolate factory in the world, led by the world's most unusual candy maker.","popularity":2.863615,"poster_path":"/dvHl1dYvaZRhj9Gk0ITcCHr4DIJ.jpg","production_companies":[{"name":"Village Roadshow Pictures","id":79},{"name":"The Zanuck Company","id":80},{"name":"Warner Bros.","id":6194},{"name":"Tim Burton Productions","id":8601},{"name":"Plan B Entertainment","id":45778},{"name":"Theobald Film Productions","id":55512}],"production_countries":[{"iso_3166_1":"GB","name":"United Kingdom"},{"iso_3166_1":"US","name":"United States of America"}],"release_date":"2005-07-09","revenue":474968763,"runtime":115,"spoken_languages":[{"iso_639_1":"en","name":"English"}],"status":"Released","tagline":"Willy Wonka is semi-sweet and nuts.","title":"Charlie and the Chocolate Factory","video":false,"vote_average":6.3,"vote_count":849}
