{"adult":false,"backdrop_path":"/9V4AuJSPPigI5NZMIj3NkyQ3AQp.jpg","belongs_to_collection":{"id":8412,"name":"Anatomy Collection","poster_path":null,"backdrop_path":null},"budget":0,"genres":[{"id":27,"name":"Horror"},{"id":53,"name":"Thriller"},{"id":10769,"name":"Foreign"}],"homepage":"","id":1698,"imdb_id":"tt0187696","original_language":"de","original_title":"Anatomie","overview":"Medical student Paula Henning wins a place at an exclusive Heidelberg medical school. When the body of a young man she met on the train turns up on her dissection table, she begins to investigate the mysterious circumstances surrounding his death, and uncovers a gruesome conspiracy perpetrated by an Antihippocratic secret society operating within the school.","popularity":0.488027,"poster_path":"/mBvZtIFoKLTl3BI9xpSwjKByVm.jpg","production_companies":[{"name":"Claussen + Wöbke Filmproduktion GmbH","id":161}],"production_countries":[{"iso_3166_1":"DE","name":"Germany"}],"release_date":"2000-02-03","revenue":0,"runtime":103,"spoken_languages":[{"iso_639_1":"de","name":"Deutsch"},{"iso_639_1":"la","name":"Latin"}],"status":"Released","tagline":"Some study. Some are studied.","title":"Anatomy","video":false,"vote_average":5.7,"vote_count":15}
