{"adult":false,"backdrop_path":"/eISDmexTFnQlGMts5slYbEW2Fbg.jpg","belongs_to_collection":{"id":498,"name":"Heart of Gold Collection","poster_path":"/cwrmUIVzOuR9FdqKBfERkMHdde0.jpg","backdrop_path":"/293UTX2btTkblOL7WZF1Q7veIJm.jpg"},"budget":0,"genres":[{"id":18,"name":"Drama"},{"id":10749,"name":"Romance"}],"homepage":"","id":145,"imdb_id":"tt0115751","original_language":"en","original_title":"Breaking the Waves","overview":"In a small and conservative Scottish village, a woman's paralytic husband convinces her to have extramarital intercourse so she can tell him about it and give him a reason for living.","popularity":0.382236,"poster_path":"/bAk631B7Z6zKdEvXlx7tYGQgLcA.jpg","production_companies":[{"name":"Trust Film","id":123},{"name":"Danish Film Institute","id":125}],"production_countries":[{"iso_3166_1":"DK","name":"Denmark"},{"iso_3166_1":"FR","name":"France"},{"iso_3166_1":"IS","name":"Iceland"},{"iso_3166_1":"NL","name":"Netherlands"},{"iso_3166_1":"NO","name":"Norway"},{"iso_3166_1":"SE","name":"Sweden"}],"release_date":"1996-05-17","revenue":3803298,"runtime":159,"spoken_languages":[{"iso_639_1":"en","name":"English"}],"status":"Released","tagline":"","title":"Breaking the Waves","video":false,"vote_average":7.6,"vote_count":37}
