{"adult":false,"backdrop_path":"/caB8JFUigSHdGsdxOxaK4vZtOiN.jpg","belongs_to_collection":{"id":1733,"name":"The Mummy Collection","poster_path":"/jKVaPlvPfsmekiOaFqCKuGwle5M.jpg","backdrop_path":"/1BeKi6IytbfQlQocJSvP2k6sO1a.jpg"},"budget":145000000,"genres":[{"id":12,"name":"Adventure"},{"id":14,"name":"Fantasy"},{"id":28,"name":"Action"},{"id":53,"name":"Thriller"}],"homepage":"http://www.themummy.com/","id":1735,"imdb_id":"tt0859163","original_language":"en","original_title":"The Mummy: Tomb of the Dragon Emperor","overview":"The third installment in the Mummy franchise takes archaeologist Rick O'Connell to China, pitting him against an emperor from the 2,000-year-old Han dynasty who's returned from the dead to pursue a quest for world domination. This time, O'Connell enlists the help of his family -- including his wife and son -- to quash the so-called Dragon Emperor and his abuse of supernatural power.","popularity":1.57121,"poster_path":"/53hrZvxiV3HgG6pdhuMeErIc7Hg.jpg","production_companies":[{"name":"Universal Pictures","id":33},{"name":"China Film Co-Production Corporation","id":2269},{"name":"Relativity Media","id":7295},{"name":"Alphaville Films","id":11462},{"name":"Sommers Company, The","id":19643}],"production_countries":[{"iso_3166_1":"US","name":"United States of America"},{"iso_3166_1":"CN","name":"China"},{"iso_3166_1":"DE","name":"Germany"},{"iso_3166_1":"CA","name":"Canada"}],"release_date":"2008-07-31","revenue":401128639,"runtime":112,"spoken_languages":[{"iso_639_1":"en","name":"English"},{"iso_639_1":"zh","name":"普通话"},{"iso_639_1":"sa","name":""}],"status":"Released","tagline":"A New Evil Awakens.","title":"The Mummy: Tomb of the Dragon Emperor","video":false,"vote_average":5.1,"vote_count":515}
