{"adult":false,"backdrop_path":"/8txojKmEWBEwZfCMTdUPnt5Dl8S.jpg","belongs_to_collection":null,"budget":0,"genres":[{"id":18,"name":"Drama"}],"homepage":"","id":1556,"imdb_id":"tt0064068","original_language":"ja","original_title":"Bara no soretsu","overview":"In a Japanese version of \"Oedipus Rex,\" a gay son murders his mother and sleeps with his father.","popularity":0.000144,"poster_path":"/aMH1roZeCvKzhI4ffSlrlcqpNiE.jpg","production_companies":[{"name":"Art Theatre Guild","id":9181}],"production_countries":[{"iso_3166_1":"JP","name":"Japan"}],"release_date":"1969-01-01","revenue":0,"runtime":104,"spoken_languages":[{"iso_639_1":"ja","name":"日本語"}],"status":"Released","tagline":"","title":"Funeral Parade of Roses","video":false,"vote_average":7.4,"vote_count":4}
