{"adult":false,"backdrop_path":"/oT8RNPVSaZzEhimXcWihQxQPxKy.jpg","belongs_to_collection":null,"budget":12000000,"genres":[{"id":18,"name":"Drama"},{"id":28,"name":"Action"},{"id":53,"name":"Thriller"},{"id":80,"name":"Crime"}],"homepage":"","id":184,"imdb_id":"tt0119396","original_language":"en","original_title":"Jackie Brown","overview":"Jackie Brown is a flight attendant who gets caught in the middle of smuggling cash into the country for her gunrunner boss. When the cops try to use Jackie to get to her boss, she hatches a plan—with help from a bail bondsman—to keep the money for herself. Based on Elmore Leonard's novel “Rum Punch”.","popularity":1.350021,"poster_path":"/5AiK0vIBuhC6sXlDMLEyHOc8Laj.jpg","production_companies":[{"name":"Miramax Films","id":14}],"production_countries":[{"iso_3166_1":"US","name":"United States of America"}],"release_date":"1997-12-24","revenue":39673162,"runtime":154,"spoken_languages":[{"iso_639_1":"en","name":"English"}],"status":"Released","tagline":"Six players on the trail of a half a million in Cash. There's only one question... Who's playing who?","title":"Jackie Brown","video":false,"vote_average":6.9,"vote_count":358}
