{"adult":false,"backdrop_path":"/lrIuSWdC1LfKJZUnBX6axJxzZGe.jpg","belongs_to_collection":null,"budget":0,"genres":[{"id":53,"name":"Thriller"},{"id":9648,"name":"Mystery"}],"homepage":"","id":1092,"imdb_id":"tt0041959","original_language":"en","original_title":"The Third Man","overview":"An American pulp writer arrives in post-WWII Vienna only to find that the friend who waited for him is killed under mysterious circumstances. The ensuing mystery entangles him in his friend's involvement in the black market, with the multinational police, and with his Czech girlfriend.","popularity":1.348884,"poster_path":"/xsVmiQG7s2T0UIctSpDvpNv9CX5.jpg","production_companies":[{"name":"London Film Productions","id":659},{"name":"British Lion Film Corporation","id":660}],"production_countries":[{"iso_3166_1":"GB","name":"United Kingdom"}],"release_date":"1949-08-31","revenue":596349,"runtime":104,"spoken_languages":[{"iso_639_1":"en","name":"English"},{"iso_639_1":"ru","name":"Pусский"},{"iso_639_1":"de","name":"Deutsch"}],"status":"Released","tagline":"Hunted by men...Sought by WOMEN!","title":"The Third Man","video":false,"vote_average":7.6,"vote_count":79}
