{"adult":false,"backdrop_path":"/hyVHeKqCDwZdvgeFvAFZD2pDcFy.jpg","belongs_to_collection":{"id":182813,"name":"The Quick Stop Collection","poster_path":"/wH2coU0PquYClgxGJKpKpyvTS08.jpg","backdrop_path":null},"budget":10000000,"genres":[{"id":14,"name":"Fantasy"},{"id":35,"name":"Comedy"},{"id":12,"name":"Adventure"}],"homepage":"http://www.dogma-movie.com/","id":1832,"imdb_id":"tt0120655","original_language":"en","original_title":"Dogma","overview":"The latest battle in the eternal war between Good and Evil has come to New Jersey in the late, late 20th Century. Angels, demons, apostles and prophets (of a sort) walk among the cynics and innocents of America and duke it out for the fate of humankind.","popularity":1.747368,"poster_path":"/c4z6u46AyH3dflgVJLXHbo3lx0U.jpg","production_companies":[{"name":"Lions Gate","id":6644},{"name":"View Askew Productions","id":16934}],"production_countries":[{"iso_3166_1":"US","name":"United States of America"}],"release_date":"1999-11-12","revenue":30652890,"runtime":130,"spoken_languages":[{"iso_639_1":"en","name":"English"}],"status":"Released","tagline":"It can be Hell getting into Heaven","title":"Dogma","video":false,"vote_average":6.6,"vote_count":282}
