{"adult":false,"backdrop_path":"/jDzE7aMeuBXwVhAxb88GUtDyZPf.jpg","belongs_to_collection":{"id":117537,"name":"Teenage Mutant Ninja Turtles Animated Collection","poster_path":"/2RM5r117Fp7RDnl152RishAI8WW.jpg","backdrop_path":"/fgdycJqeFA20cBvCraNTC6jTPyd.jpg"},"budget":34000000,"genres":[{"id":35,"name":"Comedy"},{"id":12,"name":"Adventure"},{"id":14,"name":"Fantasy"},{"id":28,"name":"Action"},{"id":878,"name":"Science Fiction"},{"id":10751,"name":"Family"}],"homepage":"","id":1273,"imdb_id":"tt0453556","original_language":"en","original_title":"TMNT","overview":"The continued adventures of the four adolescent mutated turtles gifted in the art of the ninja, as they attempt to stop a mysterious evil that threatens to end the world","popularity":1.263735,"poster_path":"/4hGzZ2DAjdu6IjHT7dGfiVatHEu.jpg","production_companies":[{"name":"Warner Bros. Pictures","id":174},{"name":"The Weinstein Company","id":308},{"name":"Imagi Animation Studios","id":3463},{"name":"Mirage Studios","id":30900}],"production_countries":[{"iso_3166_1":"US","name":"United States of America"}],"release_date":"2007-03-22","revenue":95608995,"runtime":90,"spoken_languages":[{"iso_639_1":"en","name":"English"}],"status":"Released","tagline":"Raising Shell In 2007","title":"TMNT","video":false,"vote_average":6.0,"vote_count":131}
