{"adult":false,"backdrop_path":"/q1UG7bz3M0KTw6y1V4gdhcLOIm.jpg","belongs_to_collection":null,"budget":0,"genres":[{"id":18,"name":"Drama"},{"id":27,"name":"Horror"},{"id":35,"name":"Comedy"},{"id":878,"name":"Science Fiction"},{"id":10769,"name":"Foreign"}],"homepage":"","id":1720,"imdb_id":"tt0351461","original_language":"en","original_title":"Nói albínói","overview":"17 year old Noi drifts through life on a remote fjord in Iceland. In winter, the fjord is cut off from the outside world, surrounded by ominous mountains and buried under a shroud of snow. Noi dreams of escaping from this white-walled prison with Iris, a city girl who works in a local gas staion. But his clumsy attempts at escape spiral out of control.","popularity":0.37153,"poster_path":"/iQV5zJCKWqgctwgm6bKdbpbnL7H.jpg","production_companies":[],"production_countries":[{"iso_3166_1":"IS","name":"Iceland"}],"release_date":"2003-02-28","revenue":0,"runtime":90,"spoken_languages":[{"iso_639_1":"is","name":"Íslenska"}],"status":"Released","tagline":"","title":"Noi the Albino","video":false,"vote_average":5.8,"vote_count":8}
