{"adult":false,"backdrop_path":"/j6o3p8QHoqBux9tVX706V9jtzLg.jpg","belongs_to_collection":null,"budget":0,"genres":[{"id":99,"name":"Documentary"}],"homepage":"http://dogeatdog.michaelmoore.com/tbo.html","id":1774,"imdb_id":"tt0124295","original_language":"en","original_title":"The Big One","overview":"The Big One is an investigative documentary from director Michael Moore who goes around the country asking why big American corporations produce their product abroad where labor is cheaper while so many Americans are unemployed, loosing their jobs, and would happily be hired by such companies as Nike.","popularity":0.000151,"poster_path":"/aFLY07Lf4lCLj8sN5LUp5jyZyRj.jpg","production_companies":[{"name":"British Broadcasting Corporation (BBC)","id":3324},{"name":"Dog Eat Dog Films","id":26137},{"name":"Mayfair Entertainment International","id":34237}],"production_countries":[{"iso_3166_1":"GB","name":"United Kingdom"},{"iso_3166_1":"US","name":"United States of America"}],"release_date":"1997-09-06","revenue":720074,"runtime":91,"spoken_languages":[{"iso_639_1":"en","name":"English"}],"status":"Released","tagline":"","title":"The Big One","video":false,"vote_average":4.7,"vote_count":5}
