{"adult":false,"backdrop_path":"/y5rOSo0P5hbb7ZkN2lUPSRbVcg7.jpg","belongs_to_collection":null,"budget":0,"genres":[{"id":80,"name":"Crime"},{"id":18,"name":"Drama"},{"id":9648,"name":"Mystery"},{"id":53,"name":"Thriller"}],"homepage":"","id":1834,"imdb_id":"tt0037101","original_language":"en","original_title":"Murder, My Sweet","overview":"Detective Philip Marlowe (Dick Powell) is hired by hulking Moose Malloy (Mike Mazurki) to locate his old girlfriend that he lost track of while serving time in prison. With each lead he follows, Marlowe encounters lies, larceny, perjury, theft and a beautiful femme fatale (Claire Trevor). Based on Raymond Chandler's novel \"Farewell My Lovely\", which was also the film's title in the United Kingdom.","popularity":0.040662,"poster_path":"/joNTehPwWpcd3aIRDq97uVtlRMY.jpg","production_companies":[{"name":"RKO Radio Pictures","id":6}],"production_countries":[{"iso_3166_1":"US","name":"United States of America"}],"release_date":"1944-12-09","revenue":0,"runtime":95,"spoken_languages":[{"iso_639_1":"en","name":"English"}],"status":"Released","tagline":"An Original Philip Marlowe Mystery","title":"Murder, My Sweet","video":false,"vote_average":6.1,"vote_count":9}
