{"adult":false,"backdrop_path":"/s41Er80jGJf3tNkgYHxUCttjmwv.jpg","belongs_to_collection":{"id":17255,"name":"Resident Evil Collection","poster_path":"/bqnMPsZr9vhjJIwLxc3XzHkYORM.jpg","backdrop_path":"/y83tkkjfLSEFSjZfle814aJL2tL.jpg"},"budget":33000000,"genres":[{"id":27,"name":"Horror"},{"id":28,"name":"Action"},{"id":878,"name":"Science Fiction"}],"homepage":"","id":1576,"imdb_id":"tt0120804","original_language":"en","original_title":"Resident Evil","overview":"When a virus leaks from a top-secret facility, turning all resident researchers into ravenous zombies and their lab animals into mutated hounds from hell, the government sends in an elite military task force to contain the outbreak. Alice and Rain are charged with leading the mission. But they only have three hours before the pathogen becomes airborne and infects the world.","popularity":1.214049,"poster_path":"/fttmSgLEOdBNwQepW2lC6t0mbOm.jpg","production_companies":[{"name":"Impact Pictures","id":248},{"name":"Davis-Films","id":342},{"name":"New Legacy","id":939},{"name":"Constantin Film Produktion","id":5755}],"production_countries":[{"iso_3166_1":"FR","name":"France"},{"iso_3166_1":"DE","name":"Germany"},{"iso_3166_1":"GB","name":"United Kingdom"},{"iso_3166_1":"US","name":"United States of America"}],"release_date":"2002-03-15","revenue":102441078,"runtime":100,"spoken_languages":[{"iso_639_1":"en","name":"English"}],"status":"Released","tagline":"A secret experiment. A deadly virus. A fatal mistake.","title":"Resident Evil","video":false,"vote_average":6.3,"vote_count":729}
