{"adult":false,"backdrop_path":"/615clB1mQwCbxVgT8lPetlrqfFj.jpg","belongs_to_collection":null,"budget":25000000,"genres":[{"id":18,"name":"Drama"},{"id":28,"name":"Action"},{"id":53,"name":"Thriller"},{"id":80,"name":"Crime"}],"homepage":"","id":1441,"imdb_id":"tt0445946","original_language":"en","original_title":"The Contract","overview":"Attempting to recover from a recent family trauma by escaping into the woods for a peaceful hiking trip, an ex-lawman and his young son stumble across a dangerous contract killer in director Bruce Beresford's forest-bound thriller.","popularity":0.711443,"poster_path":"/a66bDag0gQrFWycqfKbImacUFbV.jpg","production_companies":[{"name":"Nu Image Entertainment","id":713},{"name":"3L Filmverleih","id":714}],"production_countries":[{"iso_3166_1":"BG","name":"Bulgaria"},{"iso_3166_1":"US","name":"United States of America"}],"release_date":"2006-10-09","revenue":0,"runtime":96,"spoken_languages":[{"iso_639_1":"en","name":"English"}],"status":"Released","tagline":"Every Killer Meets His Equal.","title":"The Contract","video":false,"vote_average":5.3,"vote_count":46}
