{"adult":false,"backdrop_path":"/uAVdwu4vEx0TwuC4ewp9RqplKEV.jpg","belongs_to_collection":{"id":8537,"name":"Superman Collection","poster_path":"/fgTdu62v1jjNDPh68V9TJZMgXbo.jpg","backdrop_path":"/la0EhOrgVAiY8sf3ILz3wgoaNXH.jpg"},"budget":270000000,"genres":[{"id":12,"name":"Adventure"},{"id":14,"name":"Fantasy"},{"id":28,"name":"Action"},{"id":878,"name":"Science Fiction"}],"homepage":"http://www.superman.com","id":1452,"imdb_id":"tt0348150","original_language":"en","original_title":"Superman Returns","overview":"Set 5 years after the end of Superman II, the film begins when Superman returns to discover his absence allowed Lex Luthor to walk free, and that those he was closest too felt abandoned and have moved on. Luthor plots his ultimate revenge that could see millions killed and change the face of the planet forever, as well as ridding himself of the Man Of Steel.","popularity":1.141334,"poster_path":"/mAZ9zR7I7TjWvL4Yw3HkchsTeGM.jpg","production_companies":[{"name":"DC Comics","id":429},{"name":"Legendary Pictures","id":923},{"name":"Warner Bros.","id":6194},{"name":"Bad Hat Harry Productions","id":9168}],"production_countries":[{"iso_3166_1":"US","name":"United States of America"}],"release_date":"2006-06-28","revenue":391081192,"runtime":154,"spoken_languages":[{"iso_639_1":"en","name":"English"}],"status":"Released","tagline":"","title":"Superman Returns","video":false,"vote_average":5.2,"vote_count":527}
