{"adult":false,"backdrop_path":"/qLM2azK2hY33fm0Xri50ATQn5dm.jpg","belongs_to_collection":null,"budget":33000,"genres":[{"id":14,"name":"Fantasy"},{"id":27,"name":"Horror"}],"homepage":"","id":1483,"imdb_id":"tt0101420","original_language":"en","original_title":"Begotten","overview":"Begotten is the creation myth brought to life, the story of no less than the violent death of God and the (re)birth of nature on a barren earth.","popularity":0.149009,"poster_path":"/a7QQYlzySbTpEr68jqaQMGjgMao.jpg","production_companies":[],"production_countries":[{"iso_3166_1":"US","name":"United States of America"}],"release_date":"1991-06-05","revenue":0,"runtime":78,"spoken_languages":[{"iso_639_1":"en","name":"English"}],"status":"Released","tagline":"","title":"Begotten","video":false,"vote_average":4.1,"vote_count":11}
