{"adult":false,"backdrop_path":"/fztlIPN1EAO2kFVdJhKaXjAgjhH.jpg","belongs_to_collection":null,"budget":14000000,"genres":[{"id":10749,"name":"Romance"},{"id":35,"name":"Comedy"}],"homepage":"","id":114,"imdb_id":"tt0100405","original_language":"en","original_title":"Pretty Woman","overview":"When millionaire wheeler-dealer Edward Lewis enters a business contract with Hollywood hooker Vivian Ward, he loses his heart in the bargain in this charming romantic comedy. After Edward hires Vivian as his date for a week and gives her a Cinderella makeover, she returns the favor by mellowing the hardnosed tycoon's outlook. Can the poor prostitute and the rich capitalist live happily ever after?","popularity":1.044341,"poster_path":"/4ufvm0uwtvilabyUP5Zo6QeraB2.jpg","production_companies":[{"name":"Touchstone Pictures","id":9195},{"name":"Silver Screen Partners IV","id":10282}],"production_countries":[{"iso_3166_1":"US","name":"United States of America"}],"release_date":"1990-03-23","revenue":463000000,"runtime":119,"spoken_languages":[{"iso_639_1":"it","name":"Italiano"},{"iso_639_1":"ja","name":"日本語"},{"iso_639_1":"en","name":"English"}],"status":"Released","tagline":"Who knew it was so much fun to be a hooker?","title":"Pretty Woman","video":false,"vote_average":6.6,"vote_count":508}
