{"adult":false,"backdrop_path":"/dbcgovXN099zROFpBQk5d0vJXj6.jpg","belongs_to_collection":null,"budget":0,"genres":[{"id":18,"name":"Drama"},{"id":53,"name":"Thriller"}],"homepage":"","id":1557,"imdb_id":"tt0126765","original_language":"de","original_title":"23","overview":"The movie's plot is based on the true story of a group of young computer hackers from Hannover, Germany. In the late 1980s the orphaned Karl Koch invests his heritage in a flat and a home computer. At first he dials up to bulletin boards to discuss conspiracy theories inspired by his favorite novel, R.A. Wilson's \"Illuminatus\", but soon he and his friend David start breaking into government and military computers. Pepe, one of Karl's rather criminal acquaintances senses that there is money in computer cracking - he travels to east Berlin and tries to contact the KGB.","popularity":0.253526,"poster_path":"/vBAV6Ax0tRlhbtENi6Opb0Fj7Nt.jpg","production_companies":[{"name":"Claussen + Wöbke Filmproduktion GmbH","id":161}],"production_countries":[{"iso_3166_1":"DE","name":"Germany"}],"release_date":"1998-07-02","revenue":0,"runtime":99,"spoken_languages":[{"iso_639_1":"ru","name":"Pусский"},{"iso_639_1":"de","name":"Deutsch"},{"iso_639_1":"en","name":"English"}],"status":"Released","tagline":"","title":"23","video":false,"vote_average":6.8,"vote_count":22}
