{"adult":false,"backdrop_path":"/tfmlcjPsVVrrbkTCKOPNgB2q13r.jpg","belongs_to_collection":null,"budget":0,"genres":[{"id":18,"name":"Drama"},{"id":14,"name":"Fantasy"},{"id":27,"name":"Horror"}],"homepage":"","id":1448,"imdb_id":"tt0120894","original_language":"en","original_title":"The Wisdom of Crocodiles","overview":"Vampire in London is searching for the ideal woman to 'redempt' him.","popularity":0.111773,"poster_path":"/dDSOm4wRRbC2tSvhPtPcLeVZjvf.jpg","production_companies":[{"name":"Film Foundry Partners","id":719},{"name":"Zenith Productions","id":721}],"production_countries":[{"iso_3166_1":"GB","name":"United Kingdom"}],"release_date":"1998-11-27","revenue":0,"runtime":98,"spoken_languages":[{"iso_639_1":"en","name":"English"}],"status":"Released","tagline":"","title":"Immortality","video":false,"vote_average":5.1,"vote_count":6}
