{"adult":false,"backdrop_path":"/wrI5n29GgneQvgFOd79V1FxTBHb.jpg","belongs_to_collection":{"id":304,"name":"Ocean's Collection","poster_path":"/CZs07c4vgMdPXqtVu7y8yhCdFx.jpg","backdrop_path":"/vxmFb03PyjycekffLqXqFibbCzx.jpg"},"budget":85000000,"genres":[{"id":53,"name":"Thriller"},{"id":80,"name":"Crime"}],"homepage":"http://www.warnerbros.co.uk/movies/oceans11/index.html","id":161,"imdb_id":"tt0240772","original_language":"en","original_title":"Ocean's Eleven","overview":"Less than 24 hours into his parole, charismatic thief Danny Ocean is already rolling out his next plan: In one night, Danny's hand-picked crew of specialists will attempt to steal more than $150 million from three Las Vegas casinos. But to score the cash, Danny risks his chances of reconciling with ex-wife, Tess.","popularity":2.295079,"poster_path":"/5gkZ8PL3JZXXgq398xWzaxVB1Sc.jpg","production_companies":[{"name":"Village Roadshow Pictures","id":79},{"name":"Section Eight","id":129},{"name":"NPV Entertainment","id":172},{"name":"Jerry Weintraub Productions","id":2596},{"name":"Warner Bros.","id":6194},{"name":"WV Films II","id":24939}],"production_countries":[{"iso_3166_1":"US","name":"United States of America"}],"release_date":"2001-12-06","revenue":450717150,"runtime":116,"spoken_languages":[{"iso_639_1":"it","name":"Italiano"},{"iso_639_1":"en","name":"English"}],"status":"Released","tagline":"Are you in or out?","title":"Ocean's Eleven","video":false,"vote_average":6.9,"vote_count":1989}
