{"adult":false,"backdrop_path":null,"belongs_to_collection":null,"budget":0,"genres":[{"id":28,"name":"Action"},{"id":35,"name":"Comedy"},{"id":99,"name":"Documentary"},{"id":18,"name":"Drama"},{"id":10749,"name":"Romance"},{"id":53,"name":"Thriller"}],"homepage":"","id":1862,"imdb_id":"tt0082059","original_language":"en","original_title":"Berlin Tunnel 21","overview":"No overview found.","popularity":0.0,"poster_path":"/pJtzlSvNODhq85MCLDxCkoqM1YI.jpg","production_companies":[],"production_countries":[{"iso_3166_1":"DE","name":"Germany"},{"iso_3166_1":"US","name":"United States of America"}],"release_date":"1981-01-01","revenue":0,"runtime":142,"spoken_languages":[{"iso_639_1":"de","name":"Deutsch"},{"iso_639_1":"en","name":"English"}],"status":"Released","tagline":"","title":"Berlin Tunnel 21","video":false,"vote_average":0.0,"vote_count":0}
