{"adult":false,"backdrop_path":"/eabV1BbZgghMJSOmjZ1EQ987Zuh.jpg","belongs_to_collection":null,"budget":75000000,"genres":[{"id":35,"name":"Comedy"},{"id":10749,"name":"Romance"}],"homepage":"","id":1824,"imdb_id":"tt0343660","original_language":"en","original_title":"50 First Dates","overview":"Henry is a player skilled at seducing women. But when this veterinarian meets Lucy, a girl with a quirky problem when it comes to total recall, he realizes it's possible to fall in love all over again…and again, and again. That's because the delightful Lucy has no short-term memory, so Henry must woo her day after day until he finally sweeps her off her feet.","popularity":1.202464,"poster_path":"/ztMUIJV2nDN0tJ24aW7pjMvTxVV.jpg","production_companies":[{"name":"Columbia Pictures Corporation","id":441},{"name":"Happy Madison Productions","id":2608},{"name":"Anonymous Content","id":10039},{"name":"Flower Films (II)","id":19813}],"production_countries":[{"iso_3166_1":"US","name":"United States of America"}],"release_date":"2004-02-13","revenue":196482882,"runtime":99,"spoken_languages":[{"iso_639_1":"en","name":"English"}],"status":"Released","tagline":"Imagine having to win over the girl of your dreams... every friggin' day.","title":"50 First Dates","video":false,"vote_average":6.5,"vote_count":691}
