{"adult":false,"backdrop_path":null,"belongs_to_collection":null,"budget":0,"genres":[{"id":35,"name":"Comedy"}],"homepage":"","id":1864,"imdb_id":"tt0065828","original_language":"en","original_title":"Hello-Goodbye","overview":"A car salesman journeys to France and encounters an apparently lonely woman. He immediately begins to successfully woo her only to learn that she is actually a baron's wife. Fortunately, the baron believes in open marriages and winds up hiring the Englishman to teach his son (from an earlier marriage) everything about automobiles. Meanwhile the car salesman finds himself falling seriously in love with the wife. The baron really doesn't mind as he himself is involved with another.","popularity":0.000405,"poster_path":"/4iC8WGLJRh2jgKZF2nHZ8YdGzP2.jpg","production_companies":[],"production_countries":[{"iso_3166_1":"GB","name":"United Kingdom"}],"release_date":"1970-10-16","revenue":0,"runtime":101,"spoken_languages":[{"iso_639_1":"en","name":"English"}],"status":"Released","tagline":"","title":"Hello-Goodbye","video":false,"vote_average":0.0,"vote_count":0}
