{"adult":false,"backdrop_path":"/7V7WTohnd0JtbIJgEbUHYQKsZQ8.jpg","belongs_to_collection":null,"budget":0,"genres":[{"id":10749,"name":"Romance"},{"id":18,"name":"Drama"}],"homepage":"","id":1549,"imdb_id":"tt0338977","original_language":"en","original_title":"L'esquive","overview":"The life of a band of teenager in a suburb near Paris. But instead of showing what would be the \"urban legend\" of this kind of poor suburb (violence, rapes...), Abdelatif Kechiche shows us what's the daily life of those guys: not much to do, not much dreams. Still, some of them have fun rehearsing for a play. Among those \"players\", Lydia, long time friend of Krimo... And Krimo, a bit shy, finds himself in love with this joyful girl.","popularity":0.00105,"poster_path":"/foY6i3HTlhKKSSdmjer4ypR5bjx.jpg","production_companies":[{"name":"CinéCinéma","id":6301},{"name":"Noé Productions","id":23433},{"name":"Lola Films","id":26466}],"production_countries":[{"iso_3166_1":"FR","name":"France"}],"release_date":"2003-11-25","revenue":0,"runtime":124,"spoken_languages":[{"iso_639_1":"fr","name":"Français"}],"status":"Released","tagline":"","title":"Games of Love and Chance","video":false,"vote_average":6.9,"vote_count":6}
