{"adult":false,"backdrop_path":"/b2lFQMEeukJYqQuQB7CQN0CJnks.jpg","belongs_to_collection":null,"budget":30000000,"genres":[{"id":14,"name":"Fantasy"},{"id":18,"name":"Drama"},{"id":35,"name":"Comedy"},{"id":10749,"name":"Romance"}],"homepage":"http://www.sonypictures.com/homevideo/strangerthanfiction/","id":1262,"imdb_id":"tt0420223","original_language":"en","original_title":"Stranger Than Fiction","overview":"Everybody knows that your life is a story. But what if a story was your life? Harold Crick is your average IRS agent: monotonous, boring, and repetitive. But one day this all changes when Harold begins to hear an author inside his head narrating his life. But when the narration reveals he is going to die, Harold must find the author and convince them to change the ending.","popularity":0.897748,"poster_path":"/mpgQcZn8cBUBD4JEQyI3zn1RTOA.jpg","production_companies":[{"name":"Mandate Pictures","id":771},{"name":"Three Strange Angels","id":1973}],"production_countries":[{"iso_3166_1":"US","name":"United States of America"}],"release_date":"2006-09-09","revenue":53653224,"runtime":113,"spoken_languages":[{"iso_639_1":"en","name":"English"}],"status":"Released","tagline":"Harold Crick isn't ready to go. Period.","title":"Stranger Than Fiction","video":false,"vote_average":7.0,"vote_count":224}
