{"adult":false,"backdrop_path":"/lPhhNFSmVEtKZbeV6CQreSJtIqy.jpg","belongs_to_collection":{"id":239766,"name":"The Klapisch Trilogy","poster_path":"/woD0gFHbZgwi9RpLL0uSQ56hnJA.jpg","backdrop_path":"/3ahNzWAv20FlJ0i2wrrgKPOjQCT.jpg"},"budget":5300000,"genres":[{"id":18,"name":"Drama"},{"id":35,"name":"Comedy"},{"id":10749,"name":"Romance"}],"homepage":"","id":1555,"imdb_id":"tt0283900","original_language":"fr","original_title":"L'Auberge Espagnole","overview":"A strait-laced French student moves into an apartment in Barcelona with a cast of six other characters from all over Europe. Together, they speak the international language of love and friendship.","popularity":0.416177,"poster_path":"/j8WacqRgpvsWU9oFSi0nfJf1pWt.jpg","production_companies":[{"name":"Mate Producciones S.A.","id":732}],"production_countries":[{"iso_3166_1":"FR","name":"France"}],"release_date":"2002-05-17","revenue":3897799,"runtime":122,"spoken_languages":[{"iso_639_1":"fr","name":"Français"}],"status":"Released","tagline":"","title":"The Spanish Apartment","video":false,"vote_average":6.9,"vote_count":75}
