{"adult":false,"backdrop_path":"/qXLXEvYSycdllvdKvmhFXLUcFhM.jpg","belongs_to_collection":null,"budget":45000000,"genres":[{"id":10402,"name":"Music"},{"id":18,"name":"Drama"},{"id":35,"name":"Comedy"},{"id":80,"name":"Crime"},{"id":28,"name":"Action"}],"homepage":"","id":1574,"imdb_id":"tt0299658","original_language":"en","original_title":"Chicago","overview":"Murderesses Velma Kelly (a chanteuse and tease who killed her husband and sister after finding them in bed together) and Roxie Hart (who killed her boyfriend when she discovered he wasn't going to make her a star) find themselves on death row together and fight for the fame that will keep them from the gallows in 1920s Chicago.","popularity":1.671239,"poster_path":"/18pCc2XZ5MO7wsywOYEbhoeuxNw.jpg","production_companies":[{"name":"Miramax Films","id":14},{"name":"Producers Circle","id":734},{"name":"Storyline Entertainment","id":8797}],"production_countries":[{"iso_3166_1":"US","name":"United States of America"}],"release_date":"2002-12-26","revenue":306776732,"runtime":113,"spoken_languages":[{"iso_639_1":"hu","name":"Magyar"},{"iso_639_1":"en","name":"English"}],"status":"Released","tagline":"If You Can't Be Famous, Be Infamous.","title":"Chicago","video":false,"vote_average":6.5,"vote_count":206}
