{"adult":false,"backdrop_path":"/hFJfEZIcaf7BYXePXPlRoDU5EgG.jpg","belongs_to_collection":null,"budget":0,"genres":[{"id":18,"name":"Drama"},{"id":27,"name":"Horror"},{"id":53,"name":"Thriller"},{"id":9648,"name":"Mystery"}],"homepage":"","id":1596,"imdb_id":"tt0462482","original_language":"en","original_title":"Population 436","overview":"A census-taker (Sisto) is sent to investigate why a certain small town has had the same population -- 436 residents -- for the last 100 years.","popularity":0.321111,"poster_path":"/hRF4N4rpeApmFi5vjYVFxdfW0m.jpg","production_companies":[{"name":"Pariah Entertainment Group","id":1271}],"production_countries":[{"iso_3166_1":"CA","name":"Canada"}],"release_date":"2006-09-05","revenue":0,"runtime":88,"spoken_languages":[{"iso_639_1":"en","name":"English"}],"status":"Released","tagline":"The residents of Rockwell Falls are dying for you to visit...","title":"Population 436","video":false,"vote_average":5.2,"vote_count":13}
