{"adult":false,"backdrop_path":"/njfZCkebZhYq9ckUc1S4MAVBq39.jpg","belongs_to_collection":null,"budget":0,"genres":[{"id":18,"name":"Drama"}],"homepage":"","id":1772,"imdb_id":"tt0101588","original_language":"en","original_title":"City of Hope","overview":"This gritty inner-city film by John Sayles follows various people living in a troubled New Jersey setting, most notably Nick Rinaldi (Vincent Spano), a disillusioned contractor who has been helped along his whole life by his wealthy father (Tony Lo Bianco). Other characters in this ensemble drama about urban conflict and corruption include Asteroid , an unstable homeless person, and Wynn (Joe Morton), an idealistic young politician.","popularity":2.5e-05,"poster_path":"/cVMP2A2x5kPQMghsCBKeqJOPDRy.jpg","production_companies":[],"production_countries":[{"iso_3166_1":"US","name":"United States of America"}],"release_date":"1991-10-11","revenue":0,"runtime":129,"spoken_languages":[{"iso_639_1":"en","name":"English"}],"status":"Released","tagline":"","title":"City of Hope","video":false,"vote_average":0.0,"vote_count":0}
