{"adult":false,"backdrop_path":"/dIXPijiNZ9JsMaFWD67bFwUtZdo.jpg","belongs_to_collection":{"id":131,"name":"Three Colors Collection","poster_path":"/diw724t2rabkmOAmM2Ffv2v4Zes.jpg","backdrop_path":"/AeHExfHIl70SZCea907KfEoSkfJ.jpg"},"budget":0,"genres":[{"id":18,"name":"Drama"},{"id":9648,"name":"Mystery"},{"id":10402,"name":"Music"}],"homepage":"","id":108,"imdb_id":"tt0108394","original_language":"en","original_title":"Trois couleurs : Bleu","overview":"A woman struggles to find a way to live her life after the death of her husband and child.","popularity":0.656799,"poster_path":"/fgZygqwT2yGGOlQa747dWGDvhRF.jpg","production_companies":[{"name":"France 3 Cinéma","id":591},{"name":"CED Productions","id":1610}],"production_countries":[{"iso_3166_1":"FR","name":"France"},{"iso_3166_1":"PL","name":"Poland"}],"release_date":"1993-01-10","revenue":0,"runtime":98,"spoken_languages":[{"iso_639_1":"fr","name":"Français"},{"iso_639_1":"pl","name":"Polski"}],"status":"Released","tagline":"","title":"Three Colors: Blue","video":false,"vote_average":7.7,"vote_count":63}
