{"adult":false,"backdrop_path":"/cOUnJk61xWbhosPMrMWZmvag1NS.jpg","belongs_to_collection":{"id":338708,"name":"Hulk Collection","poster_path":"/eHUoG1dDuHVzZBFpxHbdgcwYTVI.jpg","backdrop_path":"/sf1gh8BIA3la564d0pQnDjlvN0a.jpg"},"budget":150000000,"genres":[{"id":878,"name":"Science Fiction"},{"id":28,"name":"Action"},{"id":12,"name":"Adventure"}],"homepage":"","id":1724,"imdb_id":"tt0800080","original_language":"en","original_title":"The Incredible Hulk","overview":"Scientist Bruce Banner scours the planet for an antidote to the unbridled force of rage within him: the Hulk. But when the military masterminds who dream of exploiting his powers force him back to civilization, he finds himself coming face to face with a new, deadly foe.","popularity":2.793267,"poster_path":"/qTghl3lO8PhmIxkf8eN5WQQefHI.jpg","production_companies":[{"name":"Universal Pictures","id":33},{"name":"Marvel Studios","id":420},{"name":"Valhalla Motion Pictures","id":11533},{"name":"Marvel Enterprises","id":19551},{"name":"MVL Incredible Productions","id":25121}],"production_countries":[{"iso_3166_1":"US","name":"United States of America"}],"release_date":"2008-06-13","revenue":163712074,"runtime":114,"spoken_languages":[{"iso_639_1":"pt","name":"Português"},{"iso_639_1":"es","name":"Español"},{"iso_639_1":"en","name":"English"}],"status":"Released","tagline":"You'll like him when he's angry.","title":"The Incredible Hulk","video":false,"vote_average":6.1,"vote_count":1253}
