{"adult":false,"backdrop_path":"/1XV25Go7GnqBV9mIWwvmDtMcMKO.jpg","belongs_to_collection":{"id":232407,"name":"In 3 Tagen bist du tot Filmreihe","poster_path":"/3PSOq1Kne97mytmN7PPRR3UKryv.jpg","backdrop_path":"/AnPPsDnuwFgFm8ZfN3yXiq0VRti.jpg"},"budget":2000000,"genres":[{"id":27,"name":"Horror"},{"id":53,"name":"Thriller"},{"id":10769,"name":"Foreign"}],"homepage":"http://www.in3tagen.com/","id":1256,"imdb_id":"tt0808315","original_language":"de","original_title":"In 3 Tagen bist du tot","overview":"When Nina and her high school friends receive eerie text messages declaring that they will all die within three days, they dismiss it as a hokey prank -- until one by one, the pals start turning up dead in the alpine countryside. With the cops stymied, Nina and her remaining friends must scour their past for clues to identify the madman before he kills them all.","popularity":0.112735,"poster_path":"/2oxEoSoRJaZuDVsefHOYS5n7cTV.jpg","production_companies":[{"name":"Allegro-Film","id":404}],"production_countries":[{"iso_3166_1":"AT","name":"Austria"}],"release_date":"2006-07-21","revenue":0,"runtime":97,"spoken_languages":[{"iso_639_1":"de","name":"Deutsch"}],"status":"Released","tagline":"","title":"Dead in 3 days","video":false,"vote_average":4.3,"vote_count":2}
