{"adult":false,"backdrop_path":"/esCRA7XoKR95PmbzmcbrfhcXQNN.jpg","belongs_to_collection":null,"budget":1200000,"genres":[{"id":18,"name":"Drama"}],"homepage":"","id":1412,"imdb_id":"tt0098724","original_language":"en","original_title":"Sex, Lies, and Videotape","overview":"A sexually repressed woman's husband is having an affair with her sister. The arrival of a visitor with a rather unusual fetish changes everything.","popularity":0.404531,"poster_path":"/kOXATYKziiKmoMxgKA10JOO13JZ.jpg","production_companies":[{"name":"Miramax Films","id":14},{"name":"Outlaw Productions","id":889},{"name":"Virgin","id":1419}],"production_countries":[{"iso_3166_1":"US","name":"United States of America"}],"release_date":"1989-08-18","revenue":0,"runtime":100,"spoken_languages":[{"iso_639_1":"en","name":"English"}],"status":"Released","tagline":"","title":"Sex, Lies, and Videotape","video":false,"vote_average":6.2,"vote_count":31}
