{"adult":false,"backdrop_path":"/dG4BmM32XJmKiwopLDQmvXEhuHB.jpg","belongs_to_collection":{"id":119,"name":"The Lord of the Rings Collection","poster_path":"/p4UokEk2XnjjRTdXGe6DLYXlbI1.jpg","backdrop_path":"/bccR2CGTWVVSZAG0yqmy3DIvhTX.jpg"},"budget":79000000,"genres":[{"id":12,"name":"Adventure"},{"id":14,"name":"Fantasy"},{"id":28,"name":"Action"}],"homepage":"http://www.lordoftherings.net/","id":121,"imdb_id":"tt0167261","original_language":"en","original_title":"The Lord of the Rings: The Two Towers","overview":"Frodo and Sam are trekking to Mordor to destroy the One Ring of Power while Gimli, Legolas and Aragorn search for the orc-captured Merry and Pippin. All along, nefarious wizard Saruman awaits the Fellowship members at the Orthanc Tower in Isengard.","popularity":4.92724,"poster_path":"/5o5fv1dHG7vWoH2hmqwihVPBoBm.jpg","production_companies":[{"name":"WingNut Films","id":11},{"name":"New Line Cinema","id":12},{"name":"The Saul Zaentz Company","id":5237}],"production_countries":[{"iso_3166_1":"NZ","name":"New Zealand"},{"iso_3166_1":"US","name":"United States of America"}],"release_date":"2002-12-18","revenue":926287400,"runtime":179,"spoken_languages":[{"iso_639_1":"en","name":"English"}],"status":"Released","tagline":"A New Power Is Rising.","title":"The Lord of the Rings: The Two Towers","video":false,"vote_average":7.6,"vote_count":3595}
