{"adult":false,"backdrop_path":"/a66kRkzcR8e8rEqbFYmKchmbN1Z.jpg","belongs_to_collection":null,"budget":0,"genres":[{"id":35,"name":"Comedy"}],"homepage":"http://www.dieaufschneider-derfilm.de/","id":1263,"imdb_id":"tt0449080","original_language":"de","original_title":"Die Aufschneider","overview":"","popularity":0.000911,"poster_path":"/oRr1mrVMqlnoiMyUj42VlFCRiJ4.jpg","production_companies":[{"name":"3L Filmproduktion GmbH","id":702},{"name":"Razor Film Produktion GmbH","id":703}],"production_countries":[{"iso_3166_1":"DE","name":"Germany"}],"release_date":"2007-02-08","revenue":0,"runtime":92,"spoken_languages":[{"iso_639_1":"de","name":"Deutsch"}],"status":"Released","tagline":"","title":"Die Aufschneider","video":false,"vote_average":0.0,"vote_count":0}
