{"adult":false,"backdrop_path":"/twaR5fLsAQzqMVBXldwI5ABCFdd.jpg","belongs_to_collection":null,"budget":0,"genres":[{"id":18,"name":"Drama"}],"homepage":"","id":1591,"imdb_id":"tt0161860","original_language":"de","original_title":"Nirgendwo in Afrika","overview":"A Jewish woman named Jettel Redlich flees Nazi Germany with her daughter Regina, to join her husband, Walter, on a farm in Kenya. At first, Jettel refuses to adjust to her new circumstances, bringing with her a set of china dishes and an evening gown. While Regina adapts readily to this new world, forming a strong bond with her father's cook, an African named Owuor.","popularity":0.358046,"poster_path":"/qczbnkRh59p3thNOHMQ3Ko3EgEK.jpg","production_companies":[{"name":"MTM Cineteve","id":740},{"name":"Bavaria Film","id":1704},{"name":"Constantin Film Produktion","id":5755},{"name":"Media Cooperation One","id":24212}],"production_countries":[{"iso_3166_1":"DE","name":"Germany"}],"release_date":"2001-12-11","revenue":0,"runtime":140,"spoken_languages":[{"iso_639_1":"de","name":"Deutsch"},{"iso_639_1":"sw","name":"Kiswahili"},{"iso_639_1":"en","name":"English"}],"status":"Released","tagline":"One family's tale of a homeland lost... and a homeland found.","title":"Nowhere in Africa","video":false,"vote_average":5.8,"vote_count":7}
