{"adult":false,"backdrop_path":"/u4p68fTYXV7HyJuEbwYvZ8TNe3K.jpg","belongs_to_collection":null,"budget":36000000,"genres":[{"id":18,"name":"Drama"}],"homepage":"","id":1630,"imdb_id":"tt0117318","original_language":"en","original_title":"The People vs. Larry Flynt","overview":"Larry Flynt is the hedonistically obnoxious, but indomitable, publisher of Hustler magazine. The film recounts his struggle to make an honest living publishing his girlie magazine and how it changes into a battle to protect the freedom of speech for all people.","popularity":0.447718,"poster_path":"/9F1eO4vH7yseGQEovIkXOm3Hrtq.jpg","production_companies":[{"name":"Sony Pictures","id":34}],"production_countries":[{"iso_3166_1":"US","name":"United States of America"}],"release_date":"1996-10-13","revenue":20300385,"runtime":129,"spoken_languages":[{"iso_639_1":"en","name":"English"}],"status":"Released","tagline":"You may not like what he does, but are you prepared to give up his right to do it?","title":"The People vs. Larry Flynt","video":false,"vote_average":6.4,"vote_count":63}
