{"adult":false,"backdrop_path":"/3JEjEq7tiCfp2v93gghGoULpcd4.jpg","belongs_to_collection":null,"budget":500000,"genres":[{"id":18,"name":"Drama"},{"id":36,"name":"History"}],"homepage":"","id":1405,"imdb_id":"tt0015881","original_language":"en","original_title":"Greed","overview":"Greed is the classic 1924 silent film by Erich von Stroheim about a woman who wins the lottery thus becoming obsessed with money and ruining her marriage and the people around her. The film was originally 10 hours long and dramatically and realistically depicted word for word the Frank Norris novel McTeague. Only about 2 hours exist today as it is considered the 'Holy Grail' of lost films.","popularity":0.077414,"poster_path":"/cYy8vLywLzik1zpLDuD42ZNKdwS.jpg","production_companies":[{"name":"Metro-Goldwyn-Mayer (MGM)","id":8411}],"production_countries":[{"iso_3166_1":"US","name":"United States of America"}],"release_date":"1924-12-04","revenue":0,"runtime":140,"spoken_languages":[{"iso_639_1":"en","name":"English"}],"status":"Released","tagline":"","title":"Greed","video":false,"vote_average":4.0,"vote_count":3}
