{"adult":false,"backdrop_path":"/aJCEQFFXNcfg5YneJzTG15qzxF7.jpg","belongs_to_collection":{"id":1570,"name":"Die Hard Collection","poster_path":"/dQP1lu4tBtCiAMeCRcuTFpJiM7y.jpg","backdrop_path":"/5kHVblr87FUScuab1PVSsK692IL.jpg"},"budget":90000000,"genres":[{"id":28,"name":"Action"},{"id":53,"name":"Thriller"}],"homepage":"","id":1572,"imdb_id":"tt0112864","original_language":"en","original_title":"Die Hard: With a Vengeance","overview":"New York detective John McClane is back and kicking bad-guy butt in the third installment of this action-packed series, which finds him teaming with civilian Zeus Carver to prevent the loss of innocent lives. McClane thought he'd seen it all, until a genius named Simon engages McClane, his new \"partner\" -- and his beloved city -- in a deadly game that demands their concentration.","popularity":1.834757,"poster_path":"/q4ixsZm82c8GpwsQmjMuwVl5gM9.jpg","production_companies":[{"name":"Twentieth Century Fox Film Corporation","id":306},{"name":"Cinergi Pictures Entertainment","id":1504}],"production_countries":[{"iso_3166_1":"US","name":"United States of America"}],"release_date":"1995-05-15","revenue":361212499,"runtime":128,"spoken_languages":[{"iso_639_1":"en","name":"English"},{"iso_639_1":"de","name":"Deutsch"},{"iso_639_1":"ro","name":"Română"}],"status":"Released","tagline":"Think fast. Look alive. Die hard.","title":"Die Hard: With a Vengeance","video":false,"vote_average":6.6,"vote_count":1012}
