{"adult":false,"backdrop_path":"/dy5ThWXUuEHH60liT8oVSDqkSGB.jpg","belongs_to_collection":{"id":5039,"name":"Rambo Collection","poster_path":"/a61qhaM73Acotl98fAxj6ey7YzE.jpg","backdrop_path":"/Yt2ZxbJv2HM842B6FNMr59Vhyb.jpg"},"budget":44000000,"genres":[{"id":28,"name":"Action"},{"id":12,"name":"Adventure"},{"id":18,"name":"Drama"},{"id":53,"name":"Thriller"},{"id":10752,"name":"War"}],"homepage":"","id":1369,"imdb_id":"tt0089880","original_language":"en","original_title":"Rambo: First Blood Part II","overview":"Col. Troutman recruits ex-Green Beret John Rambo for a highly secret and dangerous mission. Teamed with freedom fighter Co Bao, Rambo goes deep into Vietnam to rescue POWs. Deserted by his own team, he's left in a hostile jungle to fight for his life, avenge the death of a woman and bring corrupt officials to justice.","popularity":2.226935,"poster_path":"/xYLmHi80zIlu3JDfJYfd1JY0Xl7.jpg","production_companies":[{"name":"TriStar Pictures","id":559},{"name":"Carolco Pictures","id":14723}],"production_countries":[{"iso_3166_1":"US","name":"United States of America"}],"release_date":"1985-05-21","revenue":300400432,"runtime":96,"spoken_languages":[{"iso_639_1":"en","name":"English"},{"iso_639_1":"vi","name":"Tiếng Việt"}],"status":"Released","tagline":"What most people call hell, he calls home.","title":"Rambo: First Blood Part II","video":false,"vote_average":6.2,"vote_count":266}
