{"adult":false,"backdrop_path":"/HiQeRDggI5EYLawYNHRJvB026S.jpg","belongs_to_collection":{"id":17255,"name":"Resident Evil Collection","poster_path":"/bqnMPsZr9vhjJIwLxc3XzHkYORM.jpg","backdrop_path":"/y83tkkjfLSEFSjZfle814aJL2tL.jpg"},"budget":45000000,"genres":[{"id":27,"name":"Horror"},{"id":28,"name":"Action"},{"id":878,"name":"Science Fiction"}],"homepage":"","id":1577,"imdb_id":"tt0318627","original_language":"en","original_title":"Resident Evil: Apocalypse","overview":"As the city is locked down under quarantine, Alice joins a small band of elite soldiers, enlisted to rescue the missing daughter of the creator of the mutating T-virus. It's a heart-pounding race against time as the group faces off against hordes of blood- thirsty zombies, stealthy Lickers, mutant canines and the most sinister foe yet.","popularity":0.852782,"poster_path":"/iSuDk6sbkbjnLfB5rftMlyiJfh4.jpg","production_companies":[{"name":"Impact Pictures","id":248},{"name":"Constantin Film Ltd.","id":53530}],"production_countries":[{"iso_3166_1":"CA","name":"Canada"},{"iso_3166_1":"FR","name":"France"},{"iso_3166_1":"DE","name":"Germany"},{"iso_3166_1":"GB","name":"United Kingdom"}],"release_date":"2004-09-10","revenue":129394835,"runtime":94,"spoken_languages":[{"iso_639_1":"en","name":"English"}],"status":"Released","tagline":"You're all going to die.","title":"Resident Evil: Apocalypse","video":false,"vote_average":6.1,"vote_count":497}
