{"adult":false,"backdrop_path":"/uBqa8nPu3HUtfSHtWqo7VhYG0Uc.jpg","belongs_to_collection":{"id":328073,"name":"The Net Collection","poster_path":null,"backdrop_path":null},"budget":22000000,"genres":[{"id":80,"name":"Crime"},{"id":18,"name":"Drama"},{"id":9648,"name":"Mystery"},{"id":53,"name":"Thriller"},{"id":28,"name":"Action"}],"homepage":"","id":1642,"imdb_id":"tt0113957","original_language":"en","original_title":"The Net","overview":"Angela Bennett is a freelance software engineer who lives in a world of computer technology. When a cyber friend asks Bennett to debug a CD-ROM game, she discovers a conspiracy that will turn her life upside down. Soon, her records have been erased, and she's been given a new identity and a police record. Her vacation is ruined as she struggles to determine why she's been deleted from society.","popularity":1.891864,"poster_path":"/gKDNaAFzT21cSVeKQop7d1uhoSp.jpg","production_companies":[{"name":"Columbia Pictures","id":5}],"production_countries":[{"iso_3166_1":"US","name":"United States of America"}],"release_date":"1995-07-28","revenue":110627965,"runtime":114,"spoken_languages":[{"iso_639_1":"en","name":"English"},{"iso_639_1":"es","name":"Español"}],"status":"Released","tagline":"Her driver's license. Her credit cards. Her bank accounts. Her identity. DELETED.","title":"The Net","video":false,"vote_average":5.7,"vote_count":126}
