{"adult":false,"backdrop_path":"/enr2mZM9DL7pPHDQGFdVy9IMG6Z.jpg","belongs_to_collection":null,"budget":45000000,"genres":[{"id":28,"name":"Action"},{"id":12,"name":"Adventure"},{"id":80,"name":"Crime"},{"id":53,"name":"Thriller"}],"homepage":"","id":1537,"imdb_id":"tt0264472","original_language":"en","original_title":"Changing Lanes","overview":"A rush-hour fender-bender on New York City's crowded FDR Drive, under most circumstances, wouldn't set off a chain reaction that could decimate two people's lives. But on this day, at this time, a minor collision will turn two complete strangers into vicious adversaries. Their means of destroying each other might be different, but their goals, ultimately, will be the same: Each will systematically try to dismantle the other's life in a reckless effort to reclaim something he has lost.","popularity":1.098404,"poster_path":"/dCTVH1kl3aIkUmWpMT5STLAwsPs.jpg","production_companies":[{"name":"Paramount Pictures","id":4}],"production_countries":[{"iso_3166_1":"US","name":"United States of America"}],"release_date":"2002-04-07","revenue":94935764,"runtime":89,"spoken_languages":[{"iso_639_1":"en","name":"English"}],"status":"Released","tagline":"An ambitious lawyer, a desperate father, they had no reason to meet, until today,","title":"Changing Lanes","video":false,"vote_average":5.4,"vote_count":92}
