{"adult":false,"backdrop_path":"/15TFBcfEPcFeUUMiMcFFejAzpRt.jpg","belongs_to_collection":null,"budget":1000000,"genres":[{"id":18,"name":"Drama"},{"id":10769,"name":"Foreign"}],"homepage":"","id":1279,"imdb_id":"tt0397619","original_language":"ko","original_title":"사마리아","overview":"Yeo-jin and Jae-yeong are two teenage girls who are trying to earn money for a trip to Europe. To reach this end, Jae-yeong is prostituting herself while Yeo-jin acts as her pimp, setting her up with the clients and staying on guard for the police. Things take a turn for the worse when Yeo-jin gets distracted from her duty and the police raid the motel where Jae-yeong is meeting with a client. To avoid getting caught, Jae-yeong jumps out of a window, fatally injuring herself.","popularity":0.503212,"poster_path":"/1fsOMSQb5w5I9qe4kmKueBAdMhp.jpg","production_companies":[{"name":"Kim Ki-Duk Film","id":684}],"production_countries":[{"iso_3166_1":"KR","name":"South Korea"}],"release_date":"2004-03-05","revenue":0,"runtime":95,"spoken_languages":[{"iso_639_1":"ko","name":"한국어/조선말"}],"status":"Released","tagline":"","title":"Samaritan Girl","video":false,"vote_average":7.5,"vote_count":11}
