{"adult":false,"backdrop_path":"/t9bySuObZWDH0JPMMt5kbdnhMh6.jpg","belongs_to_collection":null,"budget":0,"genres":[{"id":99,"name":"Documentary"}],"homepage":"http://www.sonypictures.com/classics/dogtown/","id":1282,"imdb_id":"tt0275309","original_language":"en","original_title":"Dogtown and Z-Boys","overview":"Dogtown and Z-Boys follows the evolution of skateboarding from the 60's and into the late 70's as skateboarding's california beach boy image is transformed into a low-riding surf oriented style.","popularity":0.160563,"poster_path":"/yS11joPn962PSp8iBsmcaZLWN4M.jpg","production_companies":[{"name":"Agi Orsi Productions","id":794},{"name":"Vans Off the Wall","id":795}],"production_countries":[{"iso_3166_1":"US","name":"United States of America"}],"release_date":"2001-01-18","revenue":0,"runtime":91,"spoken_languages":[{"iso_639_1":"en","name":"English"}],"status":"Released","tagline":"","title":"Dogtown and Z-Boys","video":false,"vote_average":6.8,"vote_count":18}
