{"adult":false,"backdrop_path":"/7NCvOxYuyfjSTbIKnEW9bvbK22P.jpg","belongs_to_collection":null,"budget":0,"genres":[{"id":18,"name":"Drama"}],"homepage":"","id":1162,"imdb_id":"tt0056241","original_language":"en","original_title":"The Miracle Worker","overview":"The story of Anne Sullivan's struggle to teach the blind and deaf Helen Keller how to communicate.","popularity":0.014378,"poster_path":"/1Rk8UwvOI1ZSlbfhrNBu4J0Zlb7.jpg","production_companies":[{"name":"Playfilm Productions","id":18138}],"production_countries":[{"iso_3166_1":"US","name":"United States of America"}],"release_date":"1962-01-01","revenue":0,"runtime":106,"spoken_languages":[{"iso_639_1":"en","name":"English"}],"status":"Released","tagline":"","title":"The Miracle Worker","video":false,"vote_average":6.6,"vote_count":9}
