{"adult":false,"backdrop_path":"/frUyzvTb0qzmvyDzl8TczBhsvMX.jpg","belongs_to_collection":null,"budget":0,"genres":[{"id":14,"name":"Fantasy"},{"id":878,"name":"Science Fiction"},{"id":12,"name":"Adventure"},{"id":10770,"name":"TV Movie"}],"homepage":"","id":1851,"imdb_id":"tt0077156","original_language":"en","original_title":"The Amazing Captain Nemo","overview":"Captain Nemo (José Ferrer) is found in suspended animation under the sea and revived by modern-day people in order to battle the King of Atlantis, who is under the control of a fiendish mad scientist (Burgess Meredith).","popularity":3e-06,"poster_path":"/bVaX9JRcL2QVDxEkBDHkmYrjvhn.jpg","production_companies":[{"name":"Warner Bros. Television","id":1957},{"name":"Irwin Allen Productions","id":14024}],"production_countries":[{"iso_3166_1":"US","name":"United States of America"}],"release_date":"1978-03-08","revenue":0,"runtime":98,"spoken_languages":[{"iso_639_1":"en","name":"English"}],"status":"Released","tagline":"His goal was Atlantis - but first he must conquer the menace of the depths!","title":"The Amazing Captain Nemo","video":false,"vote_average":0.0,"vote_count":0}
