{"adult":false,"backdrop_path":"/8YZ1bmn9Xbb89wu20GMVYgqjqO.jpg","belongs_to_collection":null,"budget":0,"genres":[{"id":35,"name":"Comedy"},{"id":18,"name":"Drama"}],"homepage":"","id":1546,"imdb_id":"tt0318761","original_language":"en","original_title":"Thumbsucker","overview":"Justin, a teenager boy, throws himself and everyone around him into chaos when he attempts to break free from his addiction to his thumb.","popularity":0.309117,"poster_path":"/8Kx2g2ri5qOAlwqqIG8NTDUT23X.jpg","production_companies":[],"production_countries":[{"iso_3166_1":"US","name":"United States of America"}],"release_date":"2005-01-23","revenue":1919197,"runtime":96,"spoken_languages":[{"iso_639_1":"en","name":"English"}],"status":"Released","tagline":"","title":"Thumbsucker","video":false,"vote_average":5.5,"vote_count":14}
