{"adult":false,"backdrop_path":"/yFQg8nKzAWGNNBg277bvHyWSCJu.jpg","belongs_to_collection":null,"budget":55000000,"genres":[{"id":18,"name":"Drama"}],"homepage":"http://www.sonypictures.com/homevideo/thepursuitofhappyness/","id":1402,"imdb_id":"tt0454921","original_language":"en","original_title":"The Pursuit of Happyness","overview":"Based on a true story about a man named Christopher Gardner, who has invested heavily in a device known as a \"Bone Density scanner\". However, the devices do not sell as they are just marginally better than the current technology at a much higher price. As Gardner tries to figure out how to sell them, his wife leaves him, he loses his house, his bank account, and credit cards. Forced to live out in the streets with his son, Gardner is now desperate to find a steady job; he takes on a job as a stockbroker, but before he can receive pay, he needs to go through 6 months of training, and to sell his devices.","popularity":1.762284,"poster_path":"/qTyZ6bRb36FjoDPszbWa6zVYzJZ.jpg","production_companies":[{"name":"Columbia Pictures Corporation","id":441},{"name":"Escape Artists","id":1423},{"name":"Relativity Media","id":7295},{"name":"Overbrook Entertainment","id":12485}],"production_countries":[{"iso_3166_1":"US","name":"United States of America"}],"release_date":"2006-12-14","revenue":305070744,"runtime":117,"spoken_languages":[{"iso_639_1":"en","name":"English"},{"iso_639_1":"cn","name":"广州话 / 廣州話"}],"status":"Released","tagline":"Inspired by True Events","title":"The Pursuit of Happyness","video":false,"vote_average":7.3,"vote_count":795}
