{"adult":false,"backdrop_path":"/iLpWNh7ur2sEJIX7NgbiJgdmdjJ.jpg","belongs_to_collection":null,"budget":12000000,"genres":[{"id":18,"name":"Drama"},{"id":10749,"name":"Romance"}],"homepage":"","id":1360,"imdb_id":"tt0120679","original_language":"en","original_title":"Frida","overview":"\"Frida\" chronicles the life Frida Kahlo shared unflinchingly and openly with Diego Rivera, as the young couple took the art world by storm. From her complex and enduring relationship with her mentor and husband to her illicit and controversial affair with Leon Trotsky, to her provocative and romantic entanglements with women, Frida Kahlo lived a bold and uncompromising life as a political, artistic, and sexual revolutionary","popularity":0.63735,"poster_path":"/zwkLXyeAKYGX6iKJemLlSSPmC22.jpg","production_companies":[{"name":"Miramax Films","id":14},{"name":"Lions Gate Films","id":35},{"name":"Ventanarosa Productions","id":689},{"name":"Handprint Entertainment","id":690}],"production_countries":[{"iso_3166_1":"MX","name":"Mexico"},{"iso_3166_1":"US","name":"United States of America"},{"iso_3166_1":"CA","name":"Canada"}],"release_date":"2002-08-29","revenue":56298474,"runtime":123,"spoken_languages":[{"iso_639_1":"fr","name":"Français"},{"iso_639_1":"ru","name":"Pусский"},{"iso_639_1":"en","name":"English"}],"status":"Released","tagline":"Prepare to be seduced","title":"Frida","video":false,"vote_average":7.0,"vote_count":79}
