{"adult":false,"backdrop_path":"/RjUgtRV9E9cNDuJCcdDngz9g34.jpg","belongs_to_collection":null,"budget":45000000,"genres":[{"id":28,"name":"Action"}],"homepage":"","id":1534,"imdb_id":"tt0446013","original_language":"en","original_title":"Pathfinder","overview":"A Viking boy is left behind after his clan battles a Native American tribe. Raised within the tribe, he ultimately becomes their savior in a fight against the Norsemen.","popularity":0.905491,"poster_path":"/1gN8kJYFjyAOL3cR1z6lnMkElfb.jpg","production_companies":[{"name":"Twentieth Century Fox Film Corporation","id":306},{"name":"Dune Entertainment","id":444},{"name":"Major Studio Partners","id":445},{"name":"Phoenix Pictures","id":11317}],"production_countries":[{"iso_3166_1":"US","name":"United States of America"}],"release_date":"2007-01-11","revenue":30822861,"runtime":99,"spoken_languages":[{"iso_639_1":"is","name":"Íslenska"},{"iso_639_1":"en","name":"English"}],"status":"Released","tagline":"Two Worlds, One War. The Ultimate Battle Begins.","title":"Pathfinder","video":false,"vote_average":5.8,"vote_count":54}
