{"adult":false,"backdrop_path":"/d2uienk9hFlQu4NFjVXW195CbJ4.jpg","belongs_to_collection":{"id":185516,"name":"Edgar Wallace Collection","poster_path":"/szuBNj2UBVBBOgMieFasNbW4ju5.jpg","backdrop_path":null},"budget":0,"genres":[{"id":80,"name":"Crime"},{"id":27,"name":"Horror"},{"id":9648,"name":"Mystery"},{"id":53,"name":"Thriller"}],"homepage":"","id":1663,"imdb_id":"tt0057718","original_language":"de","original_title":"Edgar Wallace - Der Zinker","overview":"Scotland Yard investigates a series of murders where the victims have died by snake venom poisoning.","popularity":0.000764,"poster_path":"/lHvaXMDSsn8t4BEzJCDPduKGxyE.jpg","production_companies":[{"name":"Rialto Film Preben-Philipsen","id":3602},{"name":"Les Films Jacques Willemetz","id":25106}],"production_countries":[{"iso_3166_1":"FR","name":"France"},{"iso_3166_1":"DE","name":"Germany"}],"release_date":"1963-04-26","revenue":0,"runtime":89,"spoken_languages":[{"iso_639_1":"de","name":"Deutsch"}],"status":"Released","tagline":"","title":"The Squeaker","video":false,"vote_average":4.0,"vote_count":2}
