{"adult":false,"backdrop_path":"/mGN0lH2phYfesyEVqP2xvGUaxAQ.jpg","belongs_to_collection":null,"budget":16000000,"genres":[{"id":53,"name":"Thriller"},{"id":80,"name":"Crime"},{"id":18,"name":"Drama"}],"homepage":"","id":101,"imdb_id":"tt0110413","original_language":"fr","original_title":"Léon","overview":"Leon, the top hit man in New York, has earned a rep as an effective \"cleaner\". But when his next-door neighbors are wiped out by a loose-cannon DEA agent, he becomes the unwilling custodian of 12-year-old Mathilda. Before long, Mathilda's thoughts turn to revenge, and she considers following in Leon's footsteps.","popularity":3.190513,"poster_path":"/gE8S02QUOhVnAmYu4tcrBlMTujz.jpg","production_companies":[{"name":"Gaumont","id":9}],"production_countries":[{"iso_3166_1":"FR","name":"France"},{"iso_3166_1":"US","name":"United States of America"}],"release_date":"1994-09-14","revenue":45284974,"runtime":110,"spoken_languages":[{"iso_639_1":"en","name":"English"}],"status":"Released","tagline":"If you want a job done well, hire a professional.","title":"Leon: The Professional","video":false,"vote_average":7.8,"vote_count":1443}
