{"adult":false,"backdrop_path":"/v5OybnvIhKWBkJFyMh5TNlpmID2.jpg","belongs_to_collection":null,"budget":0,"genres":[{"id":99,"name":"Documentary"}],"homepage":"","id":1776,"imdb_id":"tt0486358","original_language":"en","original_title":"Jesus Camp","overview":"A growing number of Evangelical Christians believe there is a revival underway in America that requires Christian youth to assume leadership roles in advocating the causes of their religious movement. Jesus Camp follows children at a Christian summer camp as they hone their \"prophetic gifts\" and are schooled in how to \"take back America for Christ.\" The film is a first-ever look into an intense training ground that recruits born-again Christian children to become an active part of America's political future.","popularity":0.000755,"poster_path":"/jNw27Zj3BwYtqGlbKSXYu69OCRV.jpg","production_companies":[],"production_countries":[{"iso_3166_1":"US","name":"United States of America"}],"release_date":"2006-09-15","revenue":0,"runtime":87,"spoken_languages":[{"iso_639_1":"en","name":"English"}],"status":"Released","tagline":"America is being born again.","title":"Jesus Camp","video":false,"vote_average":6.4,"vote_count":28}
