{"adult":false,"backdrop_path":"/yT0FxS7LogdVEJz3FcdzPetzDTK.jpg","belongs_to_collection":null,"budget":16000000,"genres":[{"id":53,"name":"Thriller"},{"id":878,"name":"Science Fiction"},{"id":9648,"name":"Mystery"}],"homepage":"","id":1090,"imdb_id":"tt0139809","original_language":"en","original_title":"The Thirteenth Floor","overview":"Computer scientist Hannon Fuller has discovered something extremely important. He's about to tell the discovery to his colleague, Douglas Hall, but knowing someone is after him, the old man leaves a letter in his computer generated parallel world that's just like the 30's with seemingly real people with real emotions.","popularity":1.616317,"poster_path":"/19XUd3YoAY2cwWJnutvq5VEtiIO.jpg","production_companies":[{"name":"Columbia Pictures","id":5},{"name":"Centropolis Film Productions","id":620}],"production_countries":[{"iso_3166_1":"US","name":"United States of America"}],"release_date":"1999-04-16","revenue":18564088,"runtime":100,"spoken_languages":[{"iso_639_1":"en","name":"English"}],"status":"Released","tagline":"You can go there even though it doesn't exist.","title":"The Thirteenth Floor","video":false,"vote_average":6.6,"vote_count":112}
