{"adult":false,"backdrop_path":"/nJ4s3d3OcNs5y7uEfYUKxNb0E0m.jpg","belongs_to_collection":null,"budget":0,"genres":[{"id":18,"name":"Drama"},{"id":53,"name":"Thriller"},{"id":80,"name":"Crime"},{"id":10749,"name":"Romance"}],"homepage":"http://www.millenniumfilms.com/lonelyhearts/","id":1252,"imdb_id":"tt0441774","original_language":"en","original_title":"Lonely Hearts","overview":"In the late 1940's, Martha Beck and Raymond Fernandez were America's notorious \"Lonely Hearts Killers\". Their lethal scam was simple; they would swindle and then viciously murder lovelorn war widows who would answer their personal ads in which Ray would describe himself as a sexy Latin Lover. Based on a true story.","popularity":0.58768,"poster_path":"/wxsyl5wjobtYhll3rf5nGuC4kBN.jpg","production_companies":[{"name":"Millennium Films","id":10254},{"name":"Emmett/Furla Films","id":10405}],"production_countries":[{"iso_3166_1":"US","name":"United States of America"}],"release_date":"2006-04-30","revenue":0,"runtime":108,"spoken_languages":[{"iso_639_1":"en","name":"English"}],"status":"Released","tagline":"","title":"Lonely Hearts","video":false,"vote_average":6.4,"vote_count":23}
