{"adult":false,"backdrop_path":"/oZhGYAc6LUM3OLYvQHNfIHfQiMm.jpg","belongs_to_collection":null,"budget":35000000,"genres":[{"id":80,"name":"Crime"},{"id":53,"name":"Thriller"}],"homepage":"","id":1598,"imdb_id":"tt0101540","original_language":"en","original_title":"Cape Fear","overview":"Sam Bowden is a small-town corporate attorney. Max Cady is a tattooed, cigar-smoking, bible-quoting, psychotic rapist. What do they have in common? Fourteen years, ago Sam was a public defender assigned to Max Cady's rape trial, and he made a serious error: he hid a document from his illiterate client that could have gotten him acquitted. Now, the cagey, bibliophile Cady has been released, and he intends to teach Sam Bowden and his family a thing or two about loss.","popularity":0.637659,"poster_path":"/4KvrvcqckdupXXO2YnANtyG7QLK.jpg","production_companies":[{"name":"Universal Pictures","id":33},{"name":"Amblin Entertainment","id":56},{"name":"Cappa Productions","id":691},{"name":"Tribeca Productions","id":11391}],"production_countries":[{"iso_3166_1":"US","name":"United States of America"}],"release_date":"1991-11-15","revenue":182300000,"runtime":128,"spoken_languages":[{"iso_639_1":"en","name":"English"}],"status":"Released","tagline":"There is nothing in the dark that isn't there in the light. Except fear.","title":"Cape Fear","video":false,"vote_average":6.6,"vote_count":127}
