{"adult":false,"backdrop_path":"/eS7oirgHKzJ4lg7wOnVg8YPxs73.jpg","belongs_to_collection":null,"budget":50000000,"genres":[{"id":878,"name":"Science Fiction"},{"id":53,"name":"Thriller"}],"homepage":"","id":1272,"imdb_id":"tt0448134","original_language":"en","original_title":"Sunshine","overview":"50 years from now the sun is dying and life on earth is threatened by arctic temperatures. Mankind puts together all its resources and sends a spaceship carrying a huge bomb designed to re-ignite the dying sun.","popularity":1.50752,"poster_path":"/upgi8oTlMthM9sweAyBoXqr8doZ.jpg","production_companies":[{"name":"DNA Films","id":284},{"name":"Ingenious Film Partners","id":289},{"name":"UK Film Council","id":2452},{"name":"Moving Picture Company (MPC)","id":20478}],"production_countries":[{"iso_3166_1":"GB","name":"United Kingdom"},{"iso_3166_1":"US","name":"United States of America"}],"release_date":"2007-04-05","revenue":32017803,"runtime":107,"spoken_languages":[{"iso_639_1":"en","name":"English"}],"status":"Released","tagline":"If the sun dies, so do we.","title":"Sunshine","video":false,"vote_average":6.8,"vote_count":321}
