{"adult":false,"backdrop_path":"/vYmJOrvjHl9trvRsmrmpYoQUCse.jpg","belongs_to_collection":null,"budget":0,"genres":[{"id":18,"name":"Drama"},{"id":27,"name":"Horror"},{"id":53,"name":"Thriller"}],"homepage":"","id":136,"imdb_id":"tt0022913","original_language":"en","original_title":"Freaks","overview":"A carnival barker displays a sideshow freak called the Feathered Hen and tells her story. Cleopatra, a trapeze artist with the carnival, is adored by a midget named Hans. Frieda, Hans' fiancée (also a midget), warns Hans that Cleopatra is only interested in him so that he will give her money. Cleopatra has an affair with Hercules, and when Frieda lets it slip that Hans is to come into an inheritance, Cleopatra and Hercules plan to get the money be having Cleopatra marry Hans. During the wedding reception, Cleopatra, although openly romantic with Hercules, is accepted by the freaks, but is revolted and mocks them. The freaks decide that they no longer need Hercules in their carnival and have a new career for Cleopatra all lined up, and make sure she doesn't 'chicken' out.","popularity":0.659473,"poster_path":"/zNqf4OWk19Qo5HzawFu40YpfgPr.jpg","production_companies":[{"name":"Metro-Goldwyn-Mayer (MGM)","id":8411}],"production_countries":[{"iso_3166_1":"US","name":"United States of America"}],"release_date":"1932-02-20","revenue":0,"runtime":64,"spoken_languages":[{"iso_639_1":"de","name":"Deutsch"},{"iso_639_1":"fr","name":"Français"},{"iso_639_1":"it","name":"Italiano"},{"iso_639_1":"es","name":"Español"},{"iso_639_1":"en","name":"English"}],"status":"Released","tagline":"The love story of a SIREN, a GIANT, and a DWARF!","title":"Freaks","video":false,"vote_average":7.7,"vote_count":45}
