{"adult":false,"backdrop_path":"/2kkyt0FLROrXt41IgSdE7goCFNQ.jpg","belongs_to_collection":{"id":1575,"name":"Rocky Collection","poster_path":"/57GTZXXq1r96F4yIciQEYbSvJQy.jpg","backdrop_path":"/rmfyTF8AVVZqdd5i7JsSfU4X3Lr.jpg"},"budget":1100000,"genres":[{"id":18,"name":"Drama"}],"homepage":"","id":1366,"imdb_id":"tt0075148","original_language":"en","original_title":"Rocky","overview":"When world heavyweight boxing champ Apollo Creed wants to give an unknown fighter a shot at the title as a publicity stunt, his handlers pick palooka Rocky Balboa, an uneducated collector for a Philadelphia loan shark.","popularity":1.532448,"poster_path":"/lmwGr6J5y6kngFNQuFV2y1yw4OB.jpg","production_companies":[{"name":"United Artists","id":60}],"production_countries":[{"iso_3166_1":"US","name":"United States of America"}],"release_date":"1976-11-21","revenue":117235147,"runtime":119,"spoken_languages":[{"iso_639_1":"en","name":"English"}],"status":"Released","tagline":"His whole life was a million-to-one shot.","title":"Rocky","video":false,"vote_average":7.0,"vote_count":530}
