{"adult":false,"backdrop_path":"/mkdsCdfl2AklKUmXYHbZyv3VDK9.jpg","belongs_to_collection":null,"budget":0,"genres":[{"id":35,"name":"Comedy"},{"id":80,"name":"Crime"}],"homepage":"","id":158,"imdb_id":"tt0119472","original_language":"de","original_title":"Knockin' On Heaven's Door","overview":"Knockin' On Heaven's Door is a story about two terminally ill cancer patients who befriend each other in a hospital and decide to have one last hurrah. Drunk from Tequila they steal a car and are off. The car they stole turns out to belong to some gangsters who start chasing them for not just the car but what’s in the trunk.","popularity":0.372493,"poster_path":"/r2geZ6lB01VskHUmrmzGosb0O94.jpg","production_companies":[{"name":"Buena Vista International (Germany) Filmproduktion GmbH (München)","id":106},{"name":"Mr. Brown Entertainment Filmproduction GmbH (Potsdam)","id":107}],"production_countries":[{"iso_3166_1":"BE","name":"Belgium"},{"iso_3166_1":"DE","name":"Germany"},{"iso_3166_1":"NL","name":"Netherlands"}],"release_date":"1997-02-20","revenue":0,"runtime":87,"spoken_languages":[{"iso_639_1":"de","name":"Deutsch"}],"status":"Released","tagline":"","title":"Knockin' On Heaven's Door","video":false,"vote_average":7.6,"vote_count":35}
