{"adult":false,"backdrop_path":"/z4Ausah3ytq9kX6ScjAE0jFkPdz.jpg","belongs_to_collection":null,"budget":11000000,"genres":[{"id":18,"name":"Drama"},{"id":35,"name":"Comedy"}],"homepage":"","id":1633,"imdb_id":"tt0101921","original_language":"en","original_title":"Fried Green Tomatoes","overview":"Amidst her own personality crisis, southern housewife Evelyn Couch meets Ninny, an outgoing old woman who tells her the story of Idgie Threadgoode and Ruth Jamison, two young women who experienced hardships and love in Whistle Stop, Alabama in the 1920s.","popularity":0.527338,"poster_path":"/sSylBczl0MOu59jKWsEWAKZUD6g.jpg","production_companies":[{"name":"Universal Pictures","id":33}],"production_countries":[{"iso_3166_1":"US","name":"United States of America"}],"release_date":"1991-12-27","revenue":80100000,"runtime":130,"spoken_languages":[{"iso_639_1":"en","name":"English"}],"status":"Released","tagline":"The secret of life? The secret's in the sauce.","title":"Fried Green Tomatoes","video":false,"vote_average":7.1,"vote_count":61}
