{"adult":false,"backdrop_path":"/y2zeVqgDEUVg0oUTLKtBvWqPv79.jpg","belongs_to_collection":null,"budget":24000000,"genres":[{"id":18,"name":"Drama"},{"id":10749,"name":"Romance"}],"homepage":"","id":1715,"imdb_id":"tt0124315","original_language":"en","original_title":"The Cider House Rules","overview":"Homer is an orphan who was never adopted, becoming the favorite of orphanage director Dr. Larch. Dr. Larch imparts his full medical knowledge on Homer, who becomes a skilled, albeit unlicensed, physician. But Homer yearns for a self-chosen life outside the orphanage. What will Homer learn about life and love in the cider house? What of the destiny that Dr. Larch has planned for him?","popularity":0.785893,"poster_path":"/lgRNj2qa6EWPqJQmtejkGKBZkvm.jpg","production_companies":[{"name":"Miramax Films","id":14},{"name":"FilmColony","id":1811}],"production_countries":[{"iso_3166_1":"US","name":"United States of America"}],"release_date":"1999-12-17","revenue":0,"runtime":126,"spoken_languages":[{"iso_639_1":"en","name":"English"}],"status":"Released","tagline":"A story about how far we must travel to find the place where we belong.","title":"The Cider House Rules","video":false,"vote_average":6.7,"vote_count":78}
