{"adult":false,"backdrop_path":"/oAq4pj4c6wrFDc6wOihb9BFkn7U.jpg","belongs_to_collection":null,"budget":0,"genres":[{"id":18,"name":"Drama"},{"id":10749,"name":"Romance"}],"homepage":"","id":1540,"imdb_id":"tt0381690","original_language":"en","original_title":"Vers le sud","overview":"A story of three female tourists who visit Haiti, in order to enjoy the sexual nature of the young men.","popularity":0.271308,"poster_path":"/uyl698OfXHAiM6X1eZgPI7lbmE9.jpg","production_companies":[{"name":"Haut et Court","id":726}],"production_countries":[{"iso_3166_1":"CA","name":"Canada"},{"iso_3166_1":"FR","name":"France"}],"release_date":"2005-09-07","revenue":0,"runtime":108,"spoken_languages":[{"iso_639_1":"fr","name":"Français"},{"iso_639_1":"en","name":"English"},{"iso_639_1":"ht","name":""}],"status":"Released","tagline":"","title":"Heading South","video":false,"vote_average":4.0,"vote_count":3}
