{"adult":false,"backdrop_path":"/ca925HbhdgTdjEs3VGg3SX0k86a.jpg","belongs_to_collection":{"id":91746,"name":"Bill & Ted's Most Excellent Collection","poster_path":"/e8ytcWY0r32q3RdNJDnv5KRh9hC.jpg","backdrop_path":"/m7KWyG7VwXoPbwr3DgeDqed8qU0.jpg"},"budget":10000000,"genres":[{"id":12,"name":"Adventure"},{"id":14,"name":"Fantasy"},{"id":35,"name":"Comedy"},{"id":878,"name":"Science Fiction"},{"id":10751,"name":"Family"}],"homepage":"http://www.billandted.org/","id":1648,"imdb_id":"tt0096928","original_language":"en","original_title":"Bill & Ted's Excellent Adventure","overview":"Bill and Ted have spent so much time forming their rock band, The Wyld Stallyns, that they're flunking history. When Ted's dad threatens to send him away to military school, Bill and Ted realize it could mean the most heinous end of The Stallyns! Luckily, a guide from the future, Rufus, has come to them with a most bodacious solution.","popularity":0.657883,"poster_path":"/b2yKJ1STPklVSRtso2Tg4TPXK7u.jpg","production_companies":[{"name":"Orion Pictures","id":41},{"name":"Nelson Entertainment","id":365},{"name":"De Laurentiis Entertainment Group (DEG)","id":484}],"production_countries":[{"iso_3166_1":"US","name":"United States of America"}],"release_date":"1989-02-17","revenue":40485039,"runtime":90,"spoken_languages":[{"iso_639_1":"en","name":"English"}],"status":"Released","tagline":"History is about to be rewritten by two guys who can't spell.","title":"Bill & Ted's Excellent Adventure","video":false,"vote_average":6.4,"vote_count":126}
