{"adult":false,"backdrop_path":null,"belongs_to_collection":null,"budget":0,"genres":[{"id":18,"name":"Drama"}],"homepage":"","id":1860,"imdb_id":"tt0096815","original_language":"en","original_title":"I skrzypce przestaly grac","overview":"No overview found.","popularity":0.0,"poster_path":null,"production_companies":[],"production_countries":[{"iso_3166_1":"GB","name":"United Kingdom"},{"iso_3166_1":"PL","name":"Poland"},{"iso_3166_1":"US","name":"United States of America"}],"release_date":"1988-01-01","revenue":0,"runtime":98,"spoken_languages":[{"iso_639_1":"de","name":"Deutsch"},{"iso_639_1":"en","name":"English"},{"iso_639_1":"pl","name":"Polski"}],"status":"Released","tagline":"","title":"I skrzypce przestaly grac","video":false,"vote_average":0.0,"vote_count":0}
