{"adult":false,"backdrop_path":"/sn9lznwTPUzKrbHAGUKHTylTggu.jpg","belongs_to_collection":{"id":1617,"name":"Erkan & Stefan","poster_path":null,"backdrop_path":null},"budget":0,"genres":[{"id":35,"name":"Comedy"}],"homepage":"","id":1615,"imdb_id":"tt0293124","original_language":"de","original_title":"Erkan & Stefan gegen die Mächte der Finsternis","overview":"A couple of slackers find an antique dagger and manage to free the gorgeous female warrior was imprisoned in it by an evil spell. An evil sorcerer is not happy by this turn of events and determines to possess both the blade and the warrior through a sacrificial ceremony. The two heroes manage to rescue the damsel in distress and defeat the wizard and his minions by employing skills mastered through hours of video game play.","popularity":0.000484,"poster_path":"/qqG1e4tzI5nygCDFrvhYWuu4nWE.jpg","production_companies":[],"production_countries":[{"iso_3166_1":"DE","name":"Germany"}],"release_date":"2002-06-20","revenue":4508104,"runtime":80,"spoken_languages":[{"iso_639_1":"de","name":"Deutsch"}],"status":"Released","tagline":"","title":"Erkan & Stefan 2","video":false,"vote_average":4.5,"vote_count":3}
