{"adult":false,"backdrop_path":"/pvXiRFxlw13bRjPsAddmseqN83j.jpg","belongs_to_collection":null,"budget":0,"genres":[{"id":18,"name":"Drama"},{"id":10769,"name":"Foreign"},{"id":53,"name":"Thriller"}],"homepage":"","id":1802,"imdb_id":"tt0112769","original_language":"en","original_title":"La Cérémonie","overview":"Sophie, a quiet and shy maid working for the upper-class family Lelievre, hides her illiteracy under the cloak of a perfect household and obedience. She finds a friend in the energetic and uncompromising postmaster Jeanne, who encourages her to stand up against her bourgeois employers. Things start to escalate as the Lelievres find out that Sophie can't read and has brought Jeanne into their house against their wish.","popularity":0.358322,"poster_path":"/joe5E1OExeDiX0Q3q1zwDbovlPS.jpg","production_companies":[{"name":"Prokino Filmproduktion","id":439},{"name":"Zweites Deutsches Fernsehen (ZDF)","id":4606},{"name":"Olga Film GmbH","id":7930},{"name":"MK2 Productions","id":9209}],"production_countries":[{"iso_3166_1":"FR","name":"France"},{"iso_3166_1":"DE","name":"Germany"}],"release_date":"1995-08-30","revenue":0,"runtime":111,"spoken_languages":[{"iso_639_1":"de","name":"Deutsch"},{"iso_639_1":"fr","name":"Français"}],"status":"Released","tagline":"","title":"La Cérémonie","video":false,"vote_average":6.5,"vote_count":11}
