{"adult":false,"backdrop_path":"/luHDb8lCciKrTMvHtfX3bipnTXe.jpg","belongs_to_collection":null,"budget":0,"genres":[{"id":18,"name":"Drama"},{"id":10749,"name":"Romance"}],"homepage":"","id":1364,"imdb_id":"tt0254455","original_language":"en","original_title":"Lucía y el sexo","overview":"Various lives converge on an isolated island, all connected by an author whose novel has become inextricably entwined with his own life.","popularity":1.406194,"poster_path":"/1sXh1xMe9KVqGvA5tBqG9DrYhzn.jpg","production_companies":[{"name":"Alicia Produce S L","id":693},{"name":"StudioCanal","id":694},{"name":"Televisión Española TVE","id":6780},{"name":"Canal+ España","id":9335},{"name":"Sociedad General de Cine (SOGECINE) S.A.","id":11954},{"name":"Sogepaq","id":11955}],"production_countries":[{"iso_3166_1":"ES","name":"Spain"},{"iso_3166_1":"FR","name":"France"}],"release_date":"2001-08-24","revenue":1558408,"runtime":128,"spoken_languages":[{"iso_639_1":"pl","name":"Polski"},{"iso_639_1":"es","name":"Español"},{"iso_639_1":"en","name":"English"}],"status":"Released","tagline":"","title":"Sex and Lucia","video":false,"vote_average":6.7,"vote_count":34}
