{"adult":false,"backdrop_path":"/vD573qxull6r3jpIRnibUbXNZKi.jpg","belongs_to_collection":null,"budget":0,"genres":[{"id":18,"name":"Drama"},{"id":10749,"name":"Romance"},{"id":80,"name":"Crime"}],"homepage":"http://www.cineclickasia.com/movie/binjip/index.htm","id":1280,"imdb_id":"tt0423866","original_language":"ko","original_title":"Bin-jip","overview":"A young man, whose only possession is a motorcycle, spends his time riding around the city looking for empty apartments. After finding one, he hangs out for a while, fixing himself something to eat, washing laundry or making small repairs in return. He always tries to leave before the owners get back but in one ostensibly empty mansion he meets the abused wife of a rich man and she escapes with him....","popularity":0.483713,"poster_path":"/wPlnP2xTCnQvXJAaEEm7C1bdhHT.jpg","production_companies":[{"name":"Kim Ki-Duk Film","id":684},{"name":"Cineclick Asia","id":685}],"production_countries":[{"iso_3166_1":"KR","name":"South Korea"},{"iso_3166_1":"JP","name":"Japan"}],"release_date":"2004-10-15","revenue":0,"runtime":88,"spoken_languages":[{"iso_639_1":"ko","name":"한국어/조선말"}],"status":"Released","tagline":"","title":"3-Iron","video":false,"vote_average":7.8,"vote_count":36}
