{"adult":false,"backdrop_path":"/lVbtHLawTsu3730dt8zyFF6pRAD.jpg","belongs_to_collection":null,"budget":40000000,"genres":[{"id":27,"name":"Horror"}],"homepage":"http://www.thereapingmovie.com","id":1683,"imdb_id":"tt0444682","original_language":"en","original_title":"The Reaping","overview":"Thousands of years ago there was a series of bizarre occurrences that many believed to have been the Ten Biblical Plagues. No one thought they could happen again. Until now.","popularity":0.55894,"poster_path":"/bWxjtfEplWKALS7RqEQhGhgphzC.jpg","production_companies":[{"name":"Village Roadshow Pictures","id":79},{"name":"Dark Castle Entertainment","id":1786},{"name":"Warner Bros.","id":6194},{"name":"Eyetronics","id":15763},{"name":"Chime Films","id":19965}],"production_countries":[{"iso_3166_1":"US","name":"United States of America"}],"release_date":"2007-04-05","revenue":62771059,"runtime":90,"spoken_languages":[{"iso_639_1":"es","name":"Español"},{"iso_639_1":"en","name":"English"}],"status":"Released","tagline":"Heaven or Hell. Good or Evil. Now or Never.","title":"The Reaping","video":false,"vote_average":5.5,"vote_count":58}
