{"adult":false,"backdrop_path":"/ue507qDmtiULJNQjwNz9943LAS2.jpg","belongs_to_collection":null,"budget":0,"genres":[{"id":10402,"name":"Music"},{"id":18,"name":"Drama"}],"homepage":"http://www.tfmdistribution.com/lamome/lamome.htm","id":1407,"imdb_id":"tt0450188","original_language":"fr","original_title":"La Môme","overview":"A swirling, impressionistic portrait of an artist who regretted nothing, writer-director Olivier Dahan's La Vie en Rose stars Marion Cotillard in a blazing performance as the legendary French icon Edith Piaf. From the mean streets of the Belleville district of Paris to the dazzling limelight of New York's most famous concert halls, Piaf's life was a constant battle to sing and survive, to live and love. Raised in her grandmother's brothel, Piaf was discovered in 1935 by nightclub owner Louis Leplee (Gerard Depardieu), who persuaded her to sing despite her extreme nervousness. Piaf became one of France's immortal icons, her voice one of the indelible signatures of the 20th Century.","popularity":0.707213,"poster_path":"/zVnIx9gR5pzv6UxSB6GOseeaA7M.jpg","production_companies":[{"name":"TF1 Films Production","id":3823}],"production_countries":[{"iso_3166_1":"FR","name":"France"}],"release_date":"2007-02-14","revenue":0,"runtime":140,"spoken_languages":[{"iso_639_1":"fr","name":"Français"}],"status":"Released","tagline":"The Extraordinary Story of Edith Piaf","title":"La Vie en Rose","video":false,"vote_average":7.1,"vote_count":81}
