{"adult":false,"backdrop_path":"/5haSVhHr0WljxhYXTtLixRXPtRC.jpg","belongs_to_collection":null,"budget":48000000,"genres":[{"id":10749,"name":"Romance"},{"id":35,"name":"Comedy"},{"id":80,"name":"Crime"}],"homepage":"","id":1389,"imdb_id":"tt0120780","original_language":"en","original_title":"Out of Sight","overview":"Meet Jack Foley, a smooth criminal who bends the law and is determined to make one last heist. Karen Sisco is a federal marshal who chooses all the right moves … and all the wrong guys. Now they're willing to risk it all to find out if there's more between them than just the law. Variety hails Out of Sight as \"a sly, sexy, vastly entertaining film.\"","popularity":0.884714,"poster_path":"/hSL2Ta4ErgAxPEOlkkxZmrTSAET.jpg","production_companies":[{"name":"Universal Pictures","id":33},{"name":"Jersey Films","id":216}],"production_countries":[{"iso_3166_1":"US","name":"United States of America"}],"release_date":"1998-06-26","revenue":77745568,"runtime":123,"spoken_languages":[{"iso_639_1":"en","name":"English"}],"status":"Released","tagline":"Opposites attract.","title":"Out of Sight","video":false,"vote_average":6.5,"vote_count":89}
