{"adult":false,"backdrop_path":"/wfPcfWmp60b6thU78nLVeVH0Njz.jpg","belongs_to_collection":null,"budget":5000000,"genres":[{"id":18,"name":"Drama"},{"id":10749,"name":"Romance"},{"id":10769,"name":"Foreign"}],"homepage":"","id":148,"imdb_id":"tt0430576","original_language":"en","original_title":"The Secret Life of Words","overview":"A touching story of a deaf girl who is sent to an oil rig to take care of a man who has been blinded in a terrible accident. The girl has a special ability to communicate with the men on board and especially with her patient as they share intimate moments together that will change their lives forever.","popularity":0.471069,"poster_path":"/rlJWRiW74PAIrozd2d6X7e61Rq9.jpg","production_companies":[{"name":"Hotshot Films","id":78}],"production_countries":[{"iso_3166_1":"ES","name":"Spain"}],"release_date":"2005-12-15","revenue":0,"runtime":112,"spoken_languages":[{"iso_639_1":"en","name":"English"}],"status":"Released","tagline":"","title":"The Secret Life of Words","video":false,"vote_average":7.2,"vote_count":10}
