{"adult":false,"backdrop_path":"/vxBbVbX9ki13EhbaBJX3f6fGuoj.jpg","belongs_to_collection":null,"budget":11000000,"genres":[{"id":28,"name":"Action"},{"id":35,"name":"Comedy"}],"homepage":"","id":1775,"imdb_id":"tt0109370","original_language":"en","original_title":"Canadian Bacon","overview":"Canadian Bacon is the only fictitious film from Director Michael Moore. This comedy is about an American president who decides to go to war to bring the public’s opinion of him up during election time. Canadian Bacon is actor John Candy’s last film.","popularity":0.22273,"poster_path":"/thSEq2QbcA7wIiF2pxsExbyDcY3.jpg","production_companies":[{"name":"PolyGram Filmed Entertainment","id":1382}],"production_countries":[{"iso_3166_1":"CA","name":"Canada"},{"iso_3166_1":"US","name":"United States of America"}],"release_date":"1995-06-08","revenue":178104,"runtime":91,"spoken_languages":[{"iso_639_1":"en","name":"English"}],"status":"Released","tagline":"I'll tell ya another thing, their beer sucks!","title":"Canadian Bacon","video":false,"vote_average":5.1,"vote_count":11}
