{"adult":false,"backdrop_path":"/43HsIo5PPMIs42tmtNmqiuJVSNR.jpg","belongs_to_collection":null,"budget":20000000,"genres":[{"id":53,"name":"Thriller"}],"homepage":"","id":1700,"imdb_id":"tt0100157","original_language":"en","original_title":"Misery","overview":"Novelist Paul Sheldon crashes his car on a snowy Colorado road. He is found by Annie Wilkes, the \"number one fan\" of Paul's heroine Misery Chastaine. Annie is also somewhat unstable, and Paul finds himself crippled, drugged and at her mercy.","popularity":0.69291,"poster_path":"/ff99EPAbI9qSEsCcSsK3UfqnYdy.jpg","production_companies":[{"name":"Columbia Pictures","id":5},{"name":"Castle Rock Entertainment","id":97},{"name":"Nelson Entertainment","id":365}],"production_countries":[{"iso_3166_1":"US","name":"United States of America"}],"release_date":"1990-11-29","revenue":61276872,"runtime":107,"spoken_languages":[{"iso_639_1":"en","name":"English"}],"status":"Released","tagline":"Paul Sheldon used to write for a living. Now, he's writing to stay alive.","title":"Misery","video":false,"vote_average":7.3,"vote_count":156}
