{"adult":false,"backdrop_path":"/fDuTrT0qJUgEJjexaZOce4kmO0V.jpg","belongs_to_collection":{"id":85943,"name":"Night at the Museum Collection","poster_path":"/1FOt56wB41Z6auT2vvhtHoOenUI.jpg","backdrop_path":"/fOmqiIXfJmeANciOTCN6WkKbwK.jpg"},"budget":110000000,"genres":[{"id":28,"name":"Action"},{"id":12,"name":"Adventure"},{"id":35,"name":"Comedy"},{"id":10751,"name":"Family"},{"id":14,"name":"Fantasy"}],"homepage":"","id":1593,"imdb_id":"tt0477347","original_language":"en","original_title":"Night at the Museum","overview":"Chaos reigns at the natural history museum when night watchman Larry Daley accidentally stirs up an ancient curse, awakening Attila the Hun, an army of gladiators, a Tyrannosaurus rex and other exhibits. Larry tries desperately to keep the museum under control, but he's fighting a losing battle until President Teddy Roosevelt comes to the rescue.","popularity":2.584545,"poster_path":"/NUbCSwy2EQ9Z6psUjPqr3WdVI2.jpg","production_companies":[{"name":"Ingenious Film Partners","id":289},{"name":"Twentieth Century Fox Film Corporation","id":306},{"name":"1492 Pictures","id":436},{"name":"21 Laps Entertainment","id":2575}],"production_countries":[{"iso_3166_1":"US","name":"United States of America"},{"iso_3166_1":"GB","name":"United Kingdom"}],"release_date":"2006-12-21","revenue":574480841,"runtime":108,"spoken_languages":[{"iso_639_1":"en","name":"English"},{"iso_639_1":"it","name":"Italiano"},{"iso_639_1":"he","name":"עִבְרִית"}],"status":"Released","tagline":"Where History Comes To Life","title":"Night at the Museum","video":false,"vote_average":6.0,"vote_count":809}
