{"adult":false,"backdrop_path":"/tjx7hSnFVLczB97aH4wmCxbmfKn.jpg","belongs_to_collection":null,"budget":0,"genres":[{"id":18,"name":"Drama"}],"homepage":"","id":1731,"imdb_id":"tt1012729","original_language":"en","original_title":"Helen","overview":"On the outside, Helen has it all – a loving family and a successful career – but when her suppressed mental illness resurfaces, the world crumbles around her. Crippled by depression, Helen finds solace through her friendship with Mathilda, a kindred spirit struggling with bipolar disorder.","popularity":0.353241,"poster_path":"/8aVMldUljAsAYYW2qgGv6ZbnlPP.jpg","production_companies":[{"name":"Egoli Tossell Film AG","id":2254},{"name":"Insight Film Studios","id":2865},{"name":"Helena Productions","id":19107},{"name":"Filmstiftung Nordrhein-Westfalen","id":27897}],"production_countries":[{"iso_3166_1":"CA","name":"Canada"},{"iso_3166_1":"DE","name":"Germany"},{"iso_3166_1":"GB","name":"United Kingdom"},{"iso_3166_1":"US","name":"United States of America"}],"release_date":"2009-01-06","revenue":0,"runtime":120,"spoken_languages":[{"iso_639_1":"en","name":"English"}],"status":"Released","tagline":"Recurence of mental illness cripples successful woman.","title":"Helen","video":false,"vote_average":5.3,"vote_count":4}
