{"adult":false,"backdrop_path":"/zgfq6IuG8BqH1Axk3JM2ev8asUl.jpg","belongs_to_collection":null,"budget":0,"genres":[{"id":18,"name":"Drama"},{"id":28,"name":"Action"},{"id":10769,"name":"Foreign"}],"homepage":"","id":1481,"imdb_id":"tt0110500","original_language":"en","original_title":"Metal Skin","overview":"No overview found.","popularity":0.000369,"poster_path":"/q6sQKXTzQVKLYXxXtkvaJq8husw.jpg","production_companies":[],"production_countries":[],"release_date":"1994-02-21","revenue":0,"runtime":115,"spoken_languages":[{"iso_639_1":"en","name":"English"}],"status":"Released","tagline":"","title":"Metal Skin","video":false,"vote_average":0.0,"vote_count":0}
