{"adult":false,"backdrop_path":"/eemh77goChLzIeuySOVNKf3pz58.jpg","belongs_to_collection":null,"budget":0,"genres":[{"id":99,"name":"Documentary"}],"homepage":"","id":1358,"imdb_id":"tt0103882","original_language":"en","original_title":"A Brief History of Time","overview":"A documentary film based on the life of scientist Steven Hawking. The film explores the intimate life of Steven Hawking through him, his friends and his family, as he goes through school, is diagnosed with a degenerative disease, and discovers revolutionary theories about time, black holes, and the origin of the universe. A visually interesting and at times funny film about a extraordinary life.","popularity":0.183109,"poster_path":"/245tFCzZLiE9Xo03EuZIU03zXEw.jpg","production_companies":[{"name":"Anglia Television","id":1391},{"name":"National Broadcasting Company","id":1392},{"name":"Tokyo Broadcasting System (TBS)","id":1393}],"production_countries":[{"iso_3166_1":"GB","name":"United Kingdom"}],"release_date":"1991-10-01","revenue":0,"runtime":80,"spoken_languages":[{"iso_639_1":"en","name":"English"}],"status":"Released","tagline":"","title":"A Brief History of Time","video":false,"vote_average":6.7,"vote_count":6}
