{"adult":false,"backdrop_path":"/5VeIIG45oeX32lPshD56zLHZ65p.jpg","belongs_to_collection":null,"budget":0,"genres":[{"id":18,"name":"Drama"},{"id":10402,"name":"Music"}],"homepage":"","id":1816,"imdb_id":"tt0088915","original_language":"en","original_title":"A Chorus Line","overview":"A group of dancers congregate on the stage of a Broadway theatre to audition for a new musical production directed by Zach (Michael Douglas). After the initial eliminations, seventeen hopefuls remain, among them Cassie (Alyson Reed), who once had a tempestuous romantic relationship with Zach. She is desperate enough for work to humble herself and audition for him; whether he's willing to let professionalism overcome his personal feelings about their past remains to be seen.As the film unfolds, the backstory of each of the dancers is revealed. Some are funny, some ironic, some heartbreaking. No matter what their background, however, they all have one thing in common - a passion for dance.","popularity":0.690273,"poster_path":"/c5arRQMNLQt4lShS6RRdSIOmy9W.jpg","production_companies":[{"name":"MGM Home Entertainment","id":6434}],"production_countries":[{"iso_3166_1":"US","name":"United States of America"}],"release_date":"1985-12-10","revenue":14202899,"runtime":113,"spoken_languages":[{"iso_639_1":"fr","name":"Français"},{"iso_639_1":"en","name":"English"}],"status":"Released","tagline":"","title":"A Chorus Line","video":false,"vote_average":6.3,"vote_count":8}
