{"adult":false,"backdrop_path":"/AhtlSh10L6hhkaAVF0Mz5OgHItg.jpg","belongs_to_collection":{"id":41649,"name":"The Party Collection","poster_path":"/r5O0QP7K0Tgyjgwq8Td7LALu7pa.jpg","backdrop_path":"/ei81wJg1P8OwRyhQkXWqmNJ1Y9F.jpg"},"budget":0,"genres":[{"id":10749,"name":"Romance"},{"id":35,"name":"Comedy"}],"homepage":"","id":166,"imdb_id":"tt0082100","original_language":"fr","original_title":"La Boum","overview":"Le Boum is the story of a 13-year-old French girl dealing with moving to a new city and school in Paris, while at the same time her parents are getting a divorce.","popularity":0.302755,"poster_path":"/uIzrs4htNetqzWC39WPA24cAcU2.jpg","production_companies":[{"name":"Gaumont","id":9},{"name":"Gaumont International","id":7961},{"name":"Production Marcel Dassault","id":28766}],"production_countries":[{"iso_3166_1":"FR","name":"France"}],"release_date":"1980-12-17","revenue":0,"runtime":110,"spoken_languages":[{"iso_639_1":"fr","name":"Français"}],"status":"Released","tagline":"","title":"La Boum","video":false,"vote_average":6.8,"vote_count":32}
