{"adult":false,"backdrop_path":"/bCPU0yzEEUsCL5uoNfyljbk5niZ.jpg","belongs_to_collection":null,"budget":0,"genres":[{"id":18,"name":"Drama"},{"id":10769,"name":"Foreign"},{"id":10749,"name":"Romance"}],"homepage":"http://www.viipillars.com/gloomysunday/index3.htm","id":1277,"imdb_id":"tt0155722","original_language":"en","original_title":"Ein Lied von Liebe und Tod – Gloomy Sunday","overview":"Budapest in the thirties. The restaurant owner Laszlo hires the pianist András to play in his restaurant. Both men fall in love with the beautiful waitress Ilona who inspires András to his only composition. His song of Gloomy Sunday is, at first, loved and then feared, for its melancholic melody triggers off a chain of suicides. The fragile balance of the erotic ménage à trois is sent off kilter when the German Hans goes and falls in love with Ilona as well.","popularity":0.319184,"poster_path":"/eXjWKx6cyD48hcI0fMODNkbmmzO.jpg","production_companies":[{"name":"Studio Hamburg Filmproduktion","id":680},{"name":"Dom Film GmbH","id":681}],"production_countries":[{"iso_3166_1":"DE","name":"Germany"},{"iso_3166_1":"HU","name":"Hungary"}],"release_date":"1999-10-21","revenue":585604,"runtime":112,"spoken_languages":[{"iso_639_1":"de","name":"Deutsch"},{"iso_639_1":"hu","name":"Magyar"},{"iso_639_1":"en","name":"English"}],"status":"Released","tagline":"","title":"Gloomy Sunday","video":false,"vote_average":7.3,"vote_count":6}
