{"adult":false,"backdrop_path":"/wzAdc4Yn1FBRJcKHG2BIvAukhGg.jpg","belongs_to_collection":null,"budget":0,"genres":[{"id":35,"name":"Comedy"},{"id":18,"name":"Drama"}],"homepage":"http://www.liegenlernen.de/","id":1558,"imdb_id":"tt0325734","original_language":"en","original_title":"Liegen lernen","overview":"No overview found.","popularity":0.00044,"poster_path":"/zYwUAXvLRZx9eiR89Wy5Mx2sXt7.jpg","production_companies":[{"name":"X-Filme Creative Pool","id":1972}],"production_countries":[{"iso_3166_1":"DE","name":"Germany"}],"release_date":"2003-07-02","revenue":0,"runtime":87,"spoken_languages":[{"iso_639_1":"de","name":"Deutsch"}],"status":"Released","tagline":"","title":"Liegen lernen","video":false,"vote_average":0.0,"vote_count":0}
