{"adult":false,"backdrop_path":"/mU1wbpRA25lJch7GE5QKn3Bp96a.jpg","belongs_to_collection":null,"budget":0,"genres":[{"id":80,"name":"Crime"},{"id":53,"name":"Thriller"}],"homepage":"","id":1485,"imdb_id":"tt0067128","original_language":"en","original_title":"Get Carter","overview":"Michael Caine is Jack Carter, a small-time hood working in London. When word reaches him of his brothers death, he travels to Newcastle to attend the funeral. Refusing to accept the police report of suicide, Carter seeks out his brother’s friends and acquaintances to learn who murdered his sibling and why.","popularity":0.578296,"poster_path":"/lRlUUFjaPfjx5NxhTLtp2sYYYlC.jpg","production_companies":[{"name":"Metro-Goldwyn-Mayer (MGM)","id":8411}],"production_countries":[{"iso_3166_1":"GB","name":"United Kingdom"}],"release_date":"1971-03-03","revenue":0,"runtime":112,"spoken_languages":[{"iso_639_1":"en","name":"English"}],"status":"Released","tagline":"What happens when a professional killer violates the code? Get Carter!","title":"Get Carter","video":false,"vote_average":7.0,"vote_count":21}
