{"adult":false,"backdrop_path":"/sZd49cgewKjLA3TAFXNF2nqJddC.jpg","belongs_to_collection":null,"budget":57000000,"genres":[{"id":18,"name":"Drama"},{"id":36,"name":"History"},{"id":10749,"name":"Romance"}],"homepage":"http://movies.uip.de/corellismandoline/","id":1722,"imdb_id":"tt0238112","original_language":"en","original_title":"Captain Corelli's Mandolin","overview":"When a Greek fisherman leaves to fight with the Greek army during WWII, his fiancee falls in love with the local Italian commander. The film is based on a novel about an Italian soldier's experiences during the Italian occupation of the Greek island of Cephalonia (Kefalonia), but Hollywood made it into a pure love story by removing much of the \"unpleasant\" stuff.","popularity":0.316313,"poster_path":"/kKDQgPvxf0hjjlnKPp3oGblDsZR.jpg","production_companies":[{"name":"Miramax Films","id":14},{"name":"Universal Pictures","id":33}],"production_countries":[{"iso_3166_1":"GB","name":"United Kingdom"},{"iso_3166_1":"US","name":"United States of America"},{"iso_3166_1":"FR","name":"France"}],"release_date":"2001-08-17","revenue":62112895,"runtime":131,"spoken_languages":[{"iso_639_1":"de","name":"Deutsch"},{"iso_639_1":"it","name":"Italiano"},{"iso_639_1":"el","name":"ελληνικά"},{"iso_639_1":"en","name":"English"}],"status":"Released","tagline":"","title":"Captain Corelli's Mandolin","video":false,"vote_average":5.6,"vote_count":39}
