{"adult":false,"backdrop_path":"/qZN4qtAQNZ2PplIkOs5PSAWZrXC.jpg","belongs_to_collection":null,"budget":0,"genres":[{"id":18,"name":"Drama"},{"id":14,"name":"Fantasy"}],"homepage":"http://www.thediscoveryofheaven.nl/","id":1373,"imdb_id":"tt0251052","original_language":"en","original_title":"The Discovery of Heaven","overview":"Disappointed with humanity, God wants to revoke his contract with humanity and wants to take back the stone tablets containing the ten commandments. To this end an angel is sent out to affect the personal lives of three humans so an appropriate child may be conceived.","popularity":0.003098,"poster_path":"/lYobbQHa08PpXB6GdCVdkoKNGXp.jpg","production_companies":[{"name":"Kanzaman S.A.","id":700}],"production_countries":[{"iso_3166_1":"GB","name":"United Kingdom"},{"iso_3166_1":"NL","name":"Netherlands"}],"release_date":"2001-10-01","revenue":0,"runtime":127,"spoken_languages":[{"iso_639_1":"en","name":"English"}],"status":"Released","tagline":"Coincidence doesn't exist, everything happens for a reason.","title":"The Discovery of Heaven","video":false,"vote_average":5.0,"vote_count":2}
