{"adult":false,"backdrop_path":"/nFvHW9MvE8NX3I69Lbe7flPTgFh.jpg","belongs_to_collection":{"id":138908,"name":"2 Days In... Collection","poster_path":null,"backdrop_path":null},"budget":0,"genres":[{"id":35,"name":"Comedy"},{"id":10749,"name":"Romance"}],"homepage":"","id":1845,"imdb_id":"tt0841044","original_language":"en","original_title":"2 Days In Paris","overview":"Adam Goldberg delivers \"an uproarious study in transatlantic culture panic\" as Jack, an anxious, hypochondriac-prone New Yorker vacationing throughout Europe with his breezy, free-spirited Parisian girlfriend, Marion. But when they make a two-day stop in Marion's hometown, the couple's romantic trip takes a turn as Jack is exposed to Marion's sexually perverse and emotionally unstable family.","popularity":0.366252,"poster_path":"/AiN3f2DNyHL6pPVDvGKSczx0pt0.jpg","production_companies":[{"name":"3L Filmproduktion GmbH","id":702},{"name":"Polaris Film Productions & Finance","id":764},{"name":"Tempête Sous Un Crâne Productions","id":765},{"name":"Focus Films","id":1268}],"production_countries":[{"iso_3166_1":"FR","name":"France"},{"iso_3166_1":"DE","name":"Germany"}],"release_date":"2007-02-09","revenue":19776159,"runtime":96,"spoken_languages":[{"iso_639_1":"fr","name":"Français"},{"iso_639_1":"en","name":"English"}],"status":"Released","tagline":"He knew Paris was for lovers, he just didn't think they were all hers.","title":"2 Days In Paris","video":false,"vote_average":6.1,"vote_count":27}
