{"adult":false,"backdrop_path":"/74J904knbahSF7csIEfmRtmdi0t.jpg","belongs_to_collection":{"id":1570,"name":"Die Hard Collection","poster_path":"/dQP1lu4tBtCiAMeCRcuTFpJiM7y.jpg","backdrop_path":"/5kHVblr87FUScuab1PVSsK692IL.jpg"},"budget":110000000,"genres":[{"id":28,"name":"Action"},{"id":53,"name":"Thriller"}],"homepage":"http://www.livefreeordiehard.com/","id":1571,"imdb_id":"tt0337978","original_language":"en","original_title":"Live Free or Die Hard","overview":"John McClane is back and badder than ever, and this time he's working for Homeland Security. He calls on the services of a young hacker in his bid to stop a ring of Internet terrorists intent on taking control of America's computer infrastructure.","popularity":2.647635,"poster_path":"/8czarUCdvqPnulkLX8mdXyrLk2D.jpg","production_companies":[{"name":"Ingenious Film Partners","id":289},{"name":"Twentieth Century Fox Film Corporation","id":306},{"name":"Dune Entertainment","id":444},{"name":"Cheyenne Enterprises","id":890},{"name":"Wintergreen Productions","id":11845}],"production_countries":[{"iso_3166_1":"US","name":"United States of America"}],"release_date":"2007-06-21","revenue":383531464,"runtime":128,"spoken_languages":[{"iso_639_1":"en","name":"English"},{"iso_639_1":"it","name":"Italiano"},{"iso_639_1":"fr","name":"Français"}],"status":"Released","tagline":"The old school cop is back!","title":"Live Free or Die Hard","video":false,"vote_average":6.3,"vote_count":1033}
