{"adult":false,"backdrop_path":"/mnpRKVSXBX6jb56nabvmGKA0Wig.jpg","belongs_to_collection":{"id":353758,"name":"Ghibli Collection","poster_path":"/5s6UloiwHxxFzdYWW1Xf0FSIGg9.jpg","backdrop_path":"/jF2uXv0clc6896aO1oqE8fZ49XN.jpg"},"budget":15000000,"genres":[{"id":14,"name":"Fantasy"},{"id":12,"name":"Adventure"},{"id":16,"name":"Animation"},{"id":10751,"name":"Family"}],"homepage":"","id":129,"imdb_id":"tt0245429","original_language":"ja","original_title":"千と千尋の神隠し","overview":"Spirited Away is an Oscar winning Japanese animated film about a ten year old girl who wanders away from her parents along a path that leads to a world ruled by strange and unusual monster-like animals. Her parents have been changed into pigs along with others inside a bathhouse full of these creatures. Will she ever see the world how it once was?","popularity":4.073121,"poster_path":"/dL11DBPcRhWWnJcFXl9A07MrqTI.jpg","production_companies":[{"name":"Walt Disney Pictures","id":2},{"name":"Tokuma Shoten","id":1779},{"name":"DENTSU Music And Entertainment","id":2752},{"name":"Nippon Television Network Corporation (NTV)","id":6755},{"name":"Studio Ghibli","id":10342},{"name":"Tohokushinsha Film","id":12387},{"name":"Buena Vista International","id":25646},{"name":"Mitsubishi Commercial Affairs","id":33024}],"production_countries":[{"iso_3166_1":"JP","name":"Japan"}],"release_date":"2001-07-20","revenue":274925095,"runtime":125,"spoken_languages":[{"iso_639_1":"ja","name":"日本語"}],"status":"Released","tagline":"The tunnel led Chihiro to a mysterious town...","title":"Spirited Away","video":false,"vote_average":8.0,"vote_count":1274}
