{"adult":false,"backdrop_path":"/yrPhUxZcTo68CFjsVCdHXYm8emP.jpg","belongs_to_collection":null,"budget":48000000,"genres":[{"id":18,"name":"Drama"},{"id":878,"name":"Science Fiction"}],"homepage":"http://www.k-pax.com/","id":167,"imdb_id":"tt0272152","original_language":"en","original_title":"K-PAX","overview":"Prot is a patient at a mental hospital who claims to be from a far away Planet. His psychiatrist tries to help him, only to begin to doubt his own explanations.","popularity":1.260368,"poster_path":"/pCZxl9Si7i46nduSqUSzFdHYiEO.jpg","production_companies":[{"name":"Intermedia Films","id":763},{"name":"Lawrence Gordon Productions","id":840},{"name":"Pathé Pictures International","id":1178},{"name":"IMF Internationale Medien und Film GmbH & Co. 3. Produktions KG","id":19116}],"production_countries":[{"iso_3166_1":"DE","name":"Germany"},{"iso_3166_1":"GB","name":"United Kingdom"},{"iso_3166_1":"US","name":"United States of America"}],"release_date":"2001-10-22","revenue":50315140,"runtime":120,"spoken_languages":[{"iso_639_1":"en","name":"English"}],"status":"Released","tagline":"Change the way you look at the world.","title":"K-PAX","video":false,"vote_average":6.8,"vote_count":178}
