{"adult":false,"backdrop_path":null,"belongs_to_collection":{"id":185516,"name":"Edgar Wallace Collection","poster_path":"/szuBNj2UBVBBOgMieFasNbW4ju5.jpg","backdrop_path":null},"budget":0,"genres":[{"id":80,"name":"Crime"}],"homepage":"","id":1670,"imdb_id":"tt0061795","original_language":"de","original_title":"Edgar Wallace - Der Hund von Blackwood Castle","overview":"Scotland Yard must discover why people are being murdered by a monstrous dog at Blackwood Castle.","popularity":0.000205,"poster_path":"/rBwQQq7FBC83zohXFLExZg1FSbM.jpg","production_companies":[{"name":"Rialto Film Preben-Philipsen","id":3602}],"production_countries":[{"iso_3166_1":"DE","name":"Germany"}],"release_date":"1968-01-18","revenue":0,"runtime":92,"spoken_languages":[{"iso_639_1":"de","name":"Deutsch"}],"status":"Released","tagline":"","title":"The Monster of Blackwood Castle","video":false,"vote_average":4.5,"vote_count":1}
