{"adult":false,"backdrop_path":"/lfPGHzAqPZGcpPYfkhZeQgAreHZ.jpg","belongs_to_collection":null,"budget":0,"genres":[{"id":18,"name":"Drama"},{"id":35,"name":"Comedy"}],"homepage":"","id":1661,"imdb_id":"tt0177507","original_language":"de","original_title":"Absolute Giganten","overview":"No overview found.","popularity":0.003372,"poster_path":"/r9PsrHr1EmpJEzpJO0uqUxgOSvq.jpg","production_companies":[{"name":"X-Filme","id":180}],"production_countries":[{"iso_3166_1":"DE","name":"Germany"}],"release_date":"1999-09-30","revenue":0,"runtime":80,"spoken_languages":[{"iso_639_1":"de","name":"Deutsch"}],"status":"Released","tagline":"","title":"Gigantics","video":false,"vote_average":7.0,"vote_count":9}
