{"adult":false,"backdrop_path":"/2oD7S3O16OJxq57OehXcx1mCk7p.jpg","belongs_to_collection":null,"budget":0,"genres":[{"id":18,"name":"Drama"},{"id":99,"name":"Documentary"},{"id":10769,"name":"Foreign"}],"homepage":"","id":1393,"imdb_id":"tt0432325","original_language":"mn","original_title":"Die Höhle des gelben Hundes","overview":"The little nomad girl, Nansal, finds a baby dog in the mongolian veld, who becomes her best friend - against all rejections of her parents. Only as the little dog, Zocher, saves the life of the youngest son, father and mother finally see his good soul. A story about a mongolian family of nomads - their traditional way of life and the rising call of the City.","popularity":0.133849,"poster_path":"/ekAYwaxY9OAZUhe3Ej9RHJk1CTB.jpg","production_companies":[{"name":"Telepool","id":823},{"name":"BKM Film","id":15268},{"name":"Lüthje & Schneider Filmproduktion","id":16051},{"name":"Hochschule für Fernsehen und Film München (HFF)","id":19677},{"name":"Schesch Filmproduktion","id":21338}],"production_countries":[{"iso_3166_1":"MN","name":"Mongolia"},{"iso_3166_1":"DE","name":"Germany"}],"release_date":"2005-07-27","revenue":0,"runtime":93,"spoken_languages":[{"iso_639_1":"mn","name":""}],"status":"Released","tagline":"","title":"The Cave of the Yellow Dog","video":false,"vote_average":6.9,"vote_count":7}
