{"adult":false,"backdrop_path":"/iCDLPw5TZoyOM6m1Pd0mTUZyhg1.jpg","belongs_to_collection":null,"budget":0,"genres":[{"id":18,"name":"Drama"},{"id":10769,"name":"Foreign"}],"homepage":"","id":1039,"imdb_id":"tt0141824","original_language":"en","original_title":"Die Siebtelbauern","overview":"In a small farming valley in Austria in the beginning of the 20th century a tyrannical farmer is found dead, and all the farmhands are relieved to be free of their tyrant. But the farmer was childless, so suddenly they all inherit the farm together. Now conflicts begin, as nobody is the boss and nobody has to obey.","popularity":0.000497,"poster_path":"/39UvdRSdETUixSeQ86KI996e7J8.jpg","production_companies":[{"name":"Bayerischer Rundfunk","id":162},{"name":"Dor Film Produktionsgesellschaft GmbH","id":608},{"name":"Österreichischer Rundfunk (ORF)","id":3391}],"production_countries":[{"iso_3166_1":"AT","name":"Austria"}],"release_date":"1998-06-19","revenue":0,"runtime":95,"spoken_languages":[{"iso_639_1":"de","name":"Deutsch"}],"status":"Released","tagline":"The rich get richer... and sometimes the poor get richer too.","title":"The Inheritors","video":false,"vote_average":6.9,"vote_count":4}
