{"adult":false,"backdrop_path":"/22ySCcLfUuxWGlYVnHT1tiKLUvb.jpg","belongs_to_collection":null,"budget":0,"genres":[{"id":35,"name":"Comedy"}],"homepage":"","id":1612,"imdb_id":"tt0225824","original_language":"en","original_title":"Fussball ist unser Leben","overview":"No overview found.","popularity":0.000213,"poster_path":"/t9DYS5j5YCLUWaqi9CtypFWzmqm.jpg","production_companies":[{"name":"Hofmann & Voges Entertainment","id":1105},{"name":"Novamedia","id":1106},{"name":"Seven Pictures","id":1107}],"production_countries":[{"iso_3166_1":"DE","name":"Germany"}],"release_date":"2000-02-10","revenue":0,"runtime":92,"spoken_languages":[{"iso_639_1":"de","name":"Deutsch"}],"status":"Released","tagline":"","title":"Fussball ist unser Leben","video":false,"vote_average":5.0,"vote_count":2}
