{"adult":false,"backdrop_path":"/ac0HwGJIU3GxjjGujlIjLJmAGPR.jpg","belongs_to_collection":{"id":8650,"name":"Transformers Collection","poster_path":"/2riFSDDaAenWplKVEcxQu4xnTn8.jpg","backdrop_path":"/aRWzGzuccWd0ck4oBOXtzHayzzZ.jpg"},"budget":150000000,"genres":[{"id":12,"name":"Adventure"},{"id":878,"name":"Science Fiction"},{"id":28,"name":"Action"}],"homepage":"http://www.transformersmovie.com/","id":1858,"imdb_id":"tt0418279","original_language":"en","original_title":"Transformers","overview":"Young teenager Sam Witwicky becomes involved in the ancient struggle between two extraterrestrial factions of transforming robots, the heroic Autobots and the evil Decepticons. Sam holds the clue to unimaginable power and the Decepticons will stop at nothing to retrieve it.","popularity":0.580122,"poster_path":"/bgSHbGEA1OM6qDs3Qba4VlSZsNG.jpg","production_companies":[{"name":"Paramount Pictures","id":4},{"name":"DreamWorks SKG","id":27},{"name":"Amblin Entertainment","id":56},{"name":"Di Bonaventura Pictures","id":435},{"name":"Hasbro","id":2598},{"name":"SprocketHeads","id":20011}],"production_countries":[{"iso_3166_1":"US","name":"United States of America"}],"release_date":"2007-07-02","revenue":709709780,"runtime":144,"spoken_languages":[{"iso_639_1":"es","name":"Español"},{"iso_639_1":"en","name":"English"}],"status":"Released","tagline":"Their war. Our world.","title":"Transformers","video":false,"vote_average":6.6,"vote_count":1848}
