{"adult":false,"backdrop_path":"/ky9wlRARSDYgHVWU39iXCappHLx.jpg","belongs_to_collection":{"id":1709,"name":"Planet of the Apes (Original) Collection","poster_path":"/n9nUdnx1awdQeHC6FTiNohr2fiT.jpg","backdrop_path":"/2BQc7pXBU7zWGWMJDQBDuV5X8ra.jpg"},"budget":2500000,"genres":[{"id":28,"name":"Action"},{"id":878,"name":"Science Fiction"}],"homepage":"","id":1687,"imdb_id":"tt0067065","original_language":"en","original_title":"Escape from the Planet of the Apes","overview":"The world is shocked by the appearance of two talking chimpanzees, who arrived mysteriously in a U.S. spacecraft. They become the toast of society; but one man believes them to be a threat to the human race.","popularity":0.903675,"poster_path":"/ctKDFrtD5WLnUPehQDDWt8lOkV6.jpg","production_companies":[{"name":"Twentieth Century Fox Film Corporation","id":306},{"name":"APJAC Productions","id":12943}],"production_countries":[{"iso_3166_1":"US","name":"United States of America"}],"release_date":"1971-05-20","revenue":12348905,"runtime":98,"spoken_languages":[{"iso_639_1":"en","name":"English"}],"status":"Released","tagline":"Meet baby Milo who has Washington terrified.","title":"Escape from the Planet of the Apes","video":false,"vote_average":5.9,"vote_count":63}
