{"adult":false,"backdrop_path":"/lACoWfQchkPVNiSpEfBrt6AkpLv.jpg","belongs_to_collection":{"id":41649,"name":"The Party Collection","poster_path":"/r5O0QP7K0Tgyjgwq8Td7LALu7pa.jpg","backdrop_path":"/ei81wJg1P8OwRyhQkXWqmNJ1Y9F.jpg"},"budget":0,"genres":[{"id":10749,"name":"Romance"},{"id":35,"name":"Comedy"}],"homepage":"","id":171,"imdb_id":"tt0083686","original_language":"fr","original_title":"La Boum 2","overview":"The second film from the Le Boum series about a young French teenage girl who after moving to a new city falls in love with a boy and is thinking of having sex with him because her girlfriends have already done it.","popularity":0.287469,"poster_path":"/k3b191MINkar3Lj1U7f5O7LVmw4.jpg","production_companies":[{"name":"Gaumont","id":9}],"production_countries":[{"iso_3166_1":"FR","name":"France"}],"release_date":"1982-12-08","revenue":0,"runtime":109,"spoken_languages":[{"iso_639_1":"fr","name":"Français"}],"status":"Released","tagline":"","title":"The Party 2","video":false,"vote_average":7.1,"vote_count":17}
