{"adult":false,"backdrop_path":"/7xNMV50JJxBeATjJYXaXN7MkmiI.jpg","belongs_to_collection":null,"budget":45000000,"genres":[{"id":35,"name":"Comedy"}],"homepage":"","id":1624,"imdb_id":"tt0119528","original_language":"en","original_title":"Liar Liar","overview":"Fletcher Reede is a fast-talking attorney and habitual liar. When his son Max blows out the candles on his fifth birthday he has just one wish - that his dad will stop lying for 24 hours. When Max's wish comes true, Fletcher discovers that his mouth has suddenly become his biggest liability.","popularity":1.515107,"poster_path":"/qd8VcWKrE4cNfInl9Osb8o8h9KP.jpg","production_companies":[{"name":"Imagine Entertainment","id":23},{"name":"Universal Pictures","id":33}],"production_countries":[{"iso_3166_1":"US","name":"United States of America"}],"release_date":"1997-03-21","revenue":181000000,"runtime":86,"spoken_languages":[{"iso_639_1":"en","name":"English"}],"status":"Released","tagline":"Trust me.","title":"Liar Liar","video":false,"vote_average":6.1,"vote_count":467}
