{"adult":false,"backdrop_path":"/bzwIzRBvio1m8c60hZRiBoUi8Ka.jpg","belongs_to_collection":null,"budget":0,"genres":[{"id":18,"name":"Drama"},{"id":28,"name":"Action"},{"id":53,"name":"Thriller"},{"id":80,"name":"Crime"},{"id":9648,"name":"Mystery"}],"homepage":"","id":1815,"imdb_id":"tt0077234","original_language":"en","original_title":"The Big Sleep","overview":"The classic Raymond Chandler tale retold with Mitchum taking over the Bogart role.","popularity":0.003095,"poster_path":"/h8TKoOJ6kLODhi2FrRhdHnfP9M0.jpg","production_companies":[{"name":"Incorporated Television Company","id":1155}],"production_countries":[{"iso_3166_1":"GB","name":"United Kingdom"},{"iso_3166_1":"US","name":"United States of America"}],"release_date":"1978-03-13","revenue":0,"runtime":100,"spoken_languages":[{"iso_639_1":"de","name":"Deutsch"},{"iso_639_1":"en","name":"English"}],"status":"Released","tagline":"","title":"The Big Sleep","video":false,"vote_average":6.3,"vote_count":6}
