{"adult":false,"backdrop_path":"/kzeR7BA0htJ7BeI6QEUX3PVp39s.jpg","belongs_to_collection":null,"budget":1350000,"genres":[{"id":35,"name":"Comedy"},{"id":80,"name":"Crime"}],"homepage":"http://www.universalstudiosentertainment.com/lock-stock-and-two-smoking-barrels/","id":100,"imdb_id":"tt0120735","original_language":"en","original_title":"Lock, Stock and Two Smoking Barrels","overview":"A fast paced comedy about a card sharp and his unwillingly enlisted friends, who need to make a lot of cash quick after losing a sketchy poker match. To do this they decide to pull a heist on a small-time gang who happen to be operating out of the flat next door. Lots of British humor, off the wall characters, and a line up of unbelievable scenes put director Guy Ritchie on the map.","popularity":0.632105,"poster_path":"/9WObtE3uqnVAt9hLSK0qtwh9Izd.jpg","production_companies":[{"name":"Handmade Films Ltd.","id":146},{"name":"Summit Entertainment","id":491},{"name":"PolyGram Filmed Entertainment","id":1382},{"name":"SKA Films","id":13419},{"name":"The Steve Tisch Company","id":21920}],"production_countries":[{"iso_3166_1":"GB","name":"United Kingdom"}],"release_date":"1998-03-05","revenue":3897569,"runtime":105,"spoken_languages":[{"iso_639_1":"en","name":"English"}],"status":"Released","tagline":"A Disgrace to Criminals Everywhere.","title":"Lock, Stock and Two Smoking Barrels","video":false,"vote_average":7.2,"vote_count":880}
