{"adult":false,"backdrop_path":"/dCexsXeqZBSJUsVszJwpq62766l.jpg","belongs_to_collection":null,"budget":0,"genres":[{"id":18,"name":"Drama"},{"id":53,"name":"Thriller"},{"id":80,"name":"Crime"}],"homepage":"","id":1093,"imdb_id":"tt0051378","original_language":"fr","original_title":"Ascenseur pour l'échafaud","overview":"The feature-film debut of famed director Louis Malle is an interesting, modern film noir with the classic theme of lovers plotting to kill the husband and make it look like suicide (reminiscent of The Postman Always Rings Twice). Jeanne Moreau gives an astonishing performance, perverse but naive as she leads her young lover down a path that can only lead to doom for both of them.","popularity":0.381413,"poster_path":"/uglqZOWWVViiydlc8o7xY8waNA5.jpg","production_companies":[{"name":"Nouvelles Éditions de Film","id":661}],"production_countries":[{"iso_3166_1":"FR","name":"France"}],"release_date":"1958-06-10","revenue":0,"runtime":88,"spoken_languages":[{"iso_639_1":"de","name":"Deutsch"},{"iso_639_1":"fr","name":"Français"}],"status":"Released","tagline":"Frantic for life and love - Frantic for excitement","title":"Elevator to the Gallows","video":false,"vote_average":7.2,"vote_count":21}
