{"adult":false,"backdrop_path":"/4r7ihWJaqCG2Tecf6cYCeVuqQNh.jpg","belongs_to_collection":null,"budget":0,"genres":[{"id":28,"name":"Action"},{"id":53,"name":"Thriller"}],"homepage":"http://www.mgm.com/title_title.do?title_star=BLOWNAWA","id":178,"imdb_id":"tt0109303","original_language":"en","original_title":"Blown Away","overview":"Blown Away tells the story of Jimmy Dove who works for the Boston bomb squad. Shortly after Dove leaves the force his partner is killed by a bomb that Dove thinks might have been made by someone he knows.","popularity":1.025198,"poster_path":"/elDZEW6wkGHTAwIUDrNMARNgxPY.jpg","production_companies":[{"name":"Metro-Goldwyn-Mayer (MGM)","id":8411}],"production_countries":[{"iso_3166_1":"US","name":"United States of America"}],"release_date":"1994-07-01","revenue":0,"runtime":121,"spoken_languages":[{"iso_639_1":"en","name":"English"}],"status":"Released","tagline":"5. 4. 3. 2. 1......Time's Up.","title":"Blown Away","video":false,"vote_average":5.7,"vote_count":29}
