{"adult":false,"backdrop_path":"/tWw7e5Sn7M0aKfhDGdf2qK1GdMc.jpg","belongs_to_collection":null,"budget":24000000,"genres":[{"id":18,"name":"Drama"},{"id":35,"name":"Comedy"}],"homepage":"","id":177,"imdb_id":"tt0101889","original_language":"en","original_title":"The Fisher King","overview":"Two troubled men face their terrible destinies and events of their past as they join together on a mission to find the Holy Grail and thus to save themselves.","popularity":0.560817,"poster_path":"/x93W5WrOOr3PCia1cANnWmAtUwQ.jpg","production_companies":[{"name":"TriStar Pictures","id":559}],"production_countries":[{"iso_3166_1":"US","name":"United States of America"}],"release_date":"1991-09-20","revenue":41895491,"runtime":137,"spoken_languages":[{"iso_639_1":"en","name":"English"}],"status":"Released","tagline":"A Modern Day Tale About The Search For Love, Sanity, Ethel Merman And The Holy Grail.","title":"The Fisher King","video":false,"vote_average":6.9,"vote_count":74}
