{"adult":false,"backdrop_path":"/vpErPLPSy28Bsg1zHQv4BMI8WB1.jpg","belongs_to_collection":null,"budget":98000000,"genres":[{"id":28,"name":"Action"},{"id":12,"name":"Adventure"}],"homepage":"","id":1408,"imdb_id":"tt0112760","original_language":"en","original_title":"Cutthroat Island","overview":"Morgan Adams and her slave, William Shaw, are on a quest to recover the three portions of a treasure map. Unfortunately, the final portion is held by her murderous uncle, Dawg. Her crew is skeptical of her leadership abilities, so she must complete her quest before they mutiny against her. This is made yet more difficult by the efforts of the British crown to end her pirate raids.","popularity":0.788088,"poster_path":"/ig7BmtFAR0yyWGO6aI2KdczRyO9.jpg","production_companies":[{"name":"Le Studio Canal+","id":183},{"name":"Laurence Mark Productions","id":415},{"name":"Metro-Goldwyn-Mayer (MGM)","id":8411},{"name":"Carolco Pictures","id":14723}],"production_countries":[{"iso_3166_1":"FR","name":"France"},{"iso_3166_1":"DE","name":"Germany"},{"iso_3166_1":"IT","name":"Italy"},{"iso_3166_1":"US","name":"United States of America"}],"release_date":"1995-12-22","revenue":18517322,"runtime":119,"spoken_languages":[{"iso_639_1":"la","name":"Latin"},{"iso_639_1":"en","name":"English"}],"status":"Released","tagline":"The Course Has Been Set. There Is No Turning Back. Prepare Your Weapons. Summon Your Courage. Discover the Adventure of a Lifetime!","title":"Cutthroat Island","video":false,"vote_average":6.5,"vote_count":37}
