{"adult":false,"backdrop_path":"/qzrOCLviAseY5WOmsgkNVIAHQea.jpg","belongs_to_collection":{"id":151,"name":"Star Trek: The Original Series Collection","poster_path":"/zcB8KxHA4EapOoZZPAvwgmE1iGK.jpg","backdrop_path":"/9BQj9hq0aK6yM9Tm2NJ28jg572y.jpg"},"budget":27000000,"genres":[{"id":878,"name":"Science Fiction"},{"id":28,"name":"Action"},{"id":12,"name":"Adventure"},{"id":53,"name":"Thriller"}],"homepage":"","id":174,"imdb_id":"tt0102975","original_language":"en","original_title":"Star Trek VI: The Undiscovered Country","overview":"The crews of the Enterprise and the Excelsior must stop a plot to prevent a peace treaty between the Klingon Empire and the Federation","popularity":1.005874,"poster_path":"/5PvIZAOFDe63M1oByFEFDoQobkc.jpg","production_companies":[{"name":"Paramount Pictures","id":4}],"production_countries":[{"iso_3166_1":"US","name":"United States of America"}],"release_date":"1991-12-05","revenue":96900000,"runtime":113,"spoken_languages":[{"iso_639_1":"en","name":"English"}],"status":"Released","tagline":"The battle for peace has begun.","title":"Star Trek VI: The Undiscovered Country","video":false,"vote_average":6.4,"vote_count":147}
