{"adult":false,"backdrop_path":"/p7WgP9egrM3hEogrhrLiHA8QD1r.jpg","belongs_to_collection":null,"budget":6000000,"genres":[{"id":18,"name":"Drama"}],"homepage":"","id":1523,"imdb_id":"tt0455590","original_language":"en","original_title":"The Last King of Scotland","overview":"Nicholas Garrigan, a young doctor from Scotland, decides it is time for an adventure after he finishes his formal education. He decides to try his luck in Uganda. He arrives during the downfall of president Obote. General Idi Amin comes to power and asks him to become his personal doctor. When will Nicholas realize Amin is not the friend of the nation, but a brutal dictator?","popularity":1.047207,"poster_path":"/rgJa3DRf8L2EnYKr5ZRMpuQn0s2.jpg","production_companies":[{"name":"Fox Searchlight Pictures","id":43},{"name":"Cowboy Films","id":245},{"name":"DNA Films","id":284},{"name":"Scottish Screen","id":698},{"name":"UK Film Council","id":2452},{"name":"Filmfour","id":6705},{"name":"Slate Films","id":20369},{"name":"Tatfilm","id":20370}],"production_countries":[{"iso_3166_1":"GB","name":"United Kingdom"},{"iso_3166_1":"DE","name":"Germany"},{"iso_3166_1":"US","name":"United States of America"}],"release_date":"2006-10-18","revenue":48027970,"runtime":121,"spoken_languages":[{"iso_639_1":"en","name":"English"},{"iso_639_1":"fr","name":"Français"},{"iso_639_1":"de","name":"Deutsch"},{"iso_639_1":"sw","name":"Kiswahili"}],"status":"Released","tagline":"Charming. Magnetic. Murderous.","title":"The Last King of Scotland","video":false,"vote_average":7.2,"vote_count":131}
