{"adult":false,"backdrop_path":"/vg08n0OYu7CF4rjZut3uOgbd8wB.jpg","belongs_to_collection":null,"budget":5000000,"genres":[{"id":80,"name":"Crime"},{"id":18,"name":"Drama"},{"id":10749,"name":"Romance"},{"id":53,"name":"Thriller"}],"homepage":"http://www.lamalaeducacion.com","id":140,"imdb_id":"tt0275491","original_language":"es","original_title":"La mala educación","overview":"This Pedro Almodóvar film explores the sexual misconduct in the Catholic Church in 1960’s Spain. The film is about two boys who are mistreated in a Catholic school and the struggles they face later in life with their sexual identity and hatred for priests.","popularity":1.274797,"poster_path":"/2wPhxmIveLgp8ClczFSHQhupF29.jpg","production_companies":[{"name":"Televisión Española TVE","id":6780},{"name":"Canal+ España","id":9335},{"name":"El Deseo S.A.","id":11736}],"production_countries":[{"iso_3166_1":"ES","name":"Spain"}],"release_date":"2004-03-19","revenue":40266982,"runtime":106,"spoken_languages":[{"iso_639_1":"es","name":"Español"}],"status":"Released","tagline":"","title":"Bad Education","video":false,"vote_average":7.1,"vote_count":48}
