{"adult":false,"backdrop_path":"/2TY7dpYtge3h3Ntwz0bqdsA2KEd.jpg","belongs_to_collection":null,"budget":5400000,"genres":[{"id":28,"name":"Action"},{"id":18,"name":"Drama"},{"id":37,"name":"Western"}],"homepage":"","id":1712,"imdb_id":"tt0049261","original_language":"en","original_title":"Giant","overview":"Sprawling epic covering the life of a Texas cattle rancher and his family and associates.","popularity":0.287192,"poster_path":"/elnqzdnrwZlNm45ES7SiTHgg0uv.jpg","production_companies":[{"name":"Warner Bros.","id":6194}],"production_countries":[{"iso_3166_1":"US","name":"United States of America"}],"release_date":"1956-10-10","revenue":35000000,"runtime":201,"spoken_languages":[{"iso_639_1":"es","name":"Español"},{"iso_639_1":"en","name":"English"}],"status":"Released","tagline":"The legendary epic that's as big as Texas.","title":"Giant","video":false,"vote_average":7.0,"vote_count":31}
