{"adult":false,"backdrop_path":"/iybE8hZgZDT0XFxFslH2X9TUMtk.jpg","belongs_to_collection":{"id":150156,"name":"City Slickers Collection","poster_path":"/nr8SERn6reF6Np6TdcpouBmNPKG.jpg","backdrop_path":"/t2D4ObqBUoPb5fuHuIVNHxgSNCI.jpg"},"budget":26000000,"genres":[{"id":28,"name":"Action"},{"id":12,"name":"Adventure"},{"id":35,"name":"Comedy"},{"id":18,"name":"Drama"},{"id":37,"name":"Western"}],"homepage":"","id":1406,"imdb_id":"tt0101587","original_language":"en","original_title":"City Slickers","overview":"New York meets the west in this comedy starring Billy Crystal. Three New York business men decide to take a 'Wild West' vacation that turns out to not be the relaxing vacation they had envisioned.","popularity":0.672234,"poster_path":"/9utnPWr4aaZma19owcEXBo3OLcu.jpg","production_companies":[{"name":"Columbia Pictures","id":5},{"name":"Castle Rock Entertainment","id":97}],"production_countries":[{"iso_3166_1":"US","name":"United States of America"}],"release_date":"1991-06-07","revenue":124033791,"runtime":112,"spoken_languages":[{"iso_639_1":"it","name":"Italiano"},{"iso_639_1":"en","name":"English"}],"status":"Released","tagline":"Yesterday They Were Businessmen. Today They're Cowboys. Tomorrow They'll Be Walking Funny.","title":"City Slickers","video":false,"vote_average":5.7,"vote_count":61}
