{"adult":false,"backdrop_path":"/jQhz5fwXZtxjgcBvCIVXsN8lHUL.jpg","belongs_to_collection":null,"budget":0,"genres":[{"id":12,"name":"Adventure"},{"id":18,"name":"Drama"},{"id":28,"name":"Action"},{"id":35,"name":"Comedy"}],"homepage":"","id":1059,"imdb_id":"tt0051808","original_language":"ja","original_title":"Kakushi-toride no san-akunin","overview":"Lured by gold, two greedy peasants escort a man and woman across enemy lines. However, they do not realize that their companions are actually a princess and her general.","popularity":0.400084,"poster_path":"/vQqQkQAvJvu3ztzW27GM38cHZAv.jpg","production_companies":[{"name":"Toho Company","id":882}],"production_countries":[{"iso_3166_1":"JP","name":"Japan"}],"release_date":"1958-12-28","revenue":0,"runtime":139,"spoken_languages":[{"iso_639_1":"ja","name":"日本語"}],"status":"Released","tagline":"","title":"The Hidden Fortress","video":false,"vote_average":7.1,"vote_count":22}
