{"adult":false,"backdrop_path":"/wl8aoVc425QxqWMr9WZyGNybLw9.jpg","belongs_to_collection":null,"budget":1400000,"genres":[{"id":18,"name":"Drama"},{"id":10402,"name":"Music"}],"homepage":"","id":1294,"imdb_id":"tt0461694","original_language":"en","original_title":"Vier Minuten","overview":"Jenny is young. Her life is over. She killed someone. And she would do it again. When an 80-year-old piano teacher discovers the girl’s secret, her brutality and her dreams, she decides to transform her pupil into the musical wunderkind she once was.","popularity":0.324439,"poster_path":"/7qMsdMX2WrQXJoftnm4qQyyBLMb.jpg","production_companies":[{"name":"Bayerischer Rundfunk (BR)","id":7333},{"name":"Südwestfunk (SWF)","id":14794}],"production_countries":[{"iso_3166_1":"DE","name":"Germany"}],"release_date":"2006-06-23","revenue":0,"runtime":112,"spoken_languages":[{"iso_639_1":"de","name":"Deutsch"}],"status":"Released","tagline":"","title":"Four Minutes","video":false,"vote_average":7.1,"vote_count":9}
