{"adult":false,"backdrop_path":"/3Ws5ePyLJDLamVzWnkCM6kPBbgh.jpg","belongs_to_collection":{"id":1582,"name":"Teenage Mutant Ninja Turtles Collection","poster_path":"/9TLc09TqYi0Ct3zmUeHGwVxLHhq.jpg","backdrop_path":"/7dusELv6x1ANRGorNvqbKhKIUPY.jpg"},"budget":21,"genres":[{"id":28,"name":"Action"},{"id":12,"name":"Adventure"},{"id":35,"name":"Comedy"},{"id":10751,"name":"Family"},{"id":14,"name":"Fantasy"},{"id":878,"name":"Science Fiction"}],"homepage":"","id":1499,"imdb_id":"tt0108308","original_language":"en","original_title":"Teenage Mutant Ninja Turtles III","overview":"The four turtles travel back in time to the days of the legendary and deadly samurai in ancient Japan, where they train to perfect the art of becoming one. The turtles also assist a small village in an uprising.","popularity":1.649879,"poster_path":"/bax6hItUe0XSeyO25J5V7hhgkkZ.jpg","production_companies":[{"name":"New Line Cinema","id":12},{"name":"Golden Harvest Pictures","id":969},{"name":"Clearwater Holdings Limited","id":53677}],"production_countries":[{"iso_3166_1":"HK","name":"Hong Kong"},{"iso_3166_1":"US","name":"United States of America"}],"release_date":"1993-03-17","revenue":42,"runtime":96,"spoken_languages":[{"iso_639_1":"en","name":"English"}],"status":"Released","tagline":"The Turtles Are Back....In Time.","title":"Teenage Mutant Ninja Turtles III","video":false,"vote_average":5.3,"vote_count":51}
