{"adult":false,"backdrop_path":"/2Dy2nVSIbEv46mLHPNMpzhZYf85.jpg","belongs_to_collection":null,"budget":4000000,"genres":[{"id":99,"name":"Documentary"}],"homepage":"http://www.bowlingforcolumbine.com/index.php","id":1430,"imdb_id":"tt0310793","original_language":"en","original_title":"Bowling for Columbine","overview":"Why do 11,000 people die in America each year at the hands of gun violence? Talking heads yelling from every TV camera blame everything from Satan to video games. But are we that much different from many other countries? What sets us apart? How have we become both the master and victim of such enormous amounts of violence? This is not a film about gun control. It is a film about the fearful heart and soul of the United States, and the 280 million Americans lucky enough to have the right to a constitutionally protected Uzi. From a look at the Columbine High School security camera tapes to the home of Oscar-winning NRA President Charlton Heston, from a young man who makes homemade napalm with The Anarchist's Cookbook to the murder of a six-year-old girl by another six-year-old, Bowling for Columbine is a journey through America, through our past, hoping to discover why our pursuit of happiness is so riddled with violence.","popularity":0.826506,"poster_path":"/eQLThQmmiCyEoGDr1MdNGYOjU0M.jpg","production_companies":[{"name":"Alliance Atlantis Communications","id":803},{"name":"TiMe Film- und TV-Produktions GmbH","id":11104},{"name":"Vif Babelsberger Filmproduktion GmbH & Co. Zweite KG","id":26136},{"name":"Dog Eat Dog Films","id":26137},{"name":"Iconolatry Productions Inc.","id":26138},{"name":"Salter Street Films International","id":26139},{"name":"United Broadcasting Inc.","id":26140}],"production_countries":[{"iso_3166_1":"US","name":"United States of America"}],"release_date":"2002-10-11","revenue":35564473,"runtime":120,"spoken_languages":[{"iso_639_1":"en","name":"English"}],"status":"Released","tagline":"One nation under the gun.","title":"Bowling for Columbine","video":false,"vote_average":6.8,"vote_count":114}
