{"adult":false,"backdrop_path":"/4ypwob4uxh0q1osOFq2Wh7zdopT.jpg","belongs_to_collection":null,"budget":15000000,"genres":[{"id":53,"name":"Thriller"},{"id":80,"name":"Crime"},{"id":18,"name":"Drama"}],"homepage":"","id":1632,"imdb_id":"tt0095647","original_language":"en","original_title":"Mississippi Burning","overview":"Two FBI agents investigating the murder of civil rights workers during the 60s seek to breach the conspiracy of silence in a small Southern town where segregation divides black and white. The younger agent trained in FBI school runs up against the small town ways of his former Sheriff partner.","popularity":0.739214,"poster_path":"/uSukdUQwx0l4rRuMXNqugR1tu4n.jpg","production_companies":[{"name":"Orion Pictures","id":41},{"name":"Metro-Goldwyn-Mayer (MGM)","id":8411}],"production_countries":[{"iso_3166_1":"US","name":"United States of America"}],"release_date":"1988-12-08","revenue":34604000,"runtime":128,"spoken_languages":[{"iso_639_1":"en","name":"English"}],"status":"Released","tagline":"","title":"Mississippi Burning","video":false,"vote_average":7.2,"vote_count":67}
