{"adult":false,"backdrop_path":"/yoEuph7WLzrHA0ZvGFZBCjkFCJK.jpg","belongs_to_collection":null,"budget":0,"genres":[{"id":18,"name":"Drama"},{"id":53,"name":"Thriller"}],"homepage":"","id":1568,"imdb_id":"tt0218871","original_language":"en","original_title":"Carne","overview":"A butcher in Paris takes his revenge after his daughter is brutally attacked.","popularity":5.5e-05,"poster_path":"/hw9jfCXAnqlTFIHzCc2LPEvN58G.jpg","production_companies":[],"production_countries":[{"iso_3166_1":"FR","name":"France"}],"release_date":"1991-11-10","revenue":0,"runtime":38,"spoken_languages":[{"iso_639_1":"fr","name":"Français"},{"iso_639_1":"de","name":"Deutsch"}],"status":"Released","tagline":"","title":"Carne","video":false,"vote_average":5.7,"vote_count":5}
