{"adult":false,"backdrop_path":"/m1J628N995gv4PaRKvIWLsjn7gQ.jpg","belongs_to_collection":null,"budget":100000,"genres":[{"id":9648,"name":"Mystery"},{"id":27,"name":"Horror"},{"id":18,"name":"Drama"}],"homepage":"","id":1842,"imdb_id":"tt0068837","original_language":"en","original_title":"The Legend of Boggy Creek","overview":"A documentary-style drama based on true accounts of the Fouke Monster in Arkansas. It focuses on the lives of back country people and their culture while detailing certain sightings of the monster. This title was a drive-in B movie favorite for it's time.","popularity":0.106809,"poster_path":"/s03MGZIuGTclq4PxQ4zZUmdW51p.jpg","production_companies":[{"name":"P & L","id":15583}],"production_countries":[{"iso_3166_1":"US","name":"United States of America"}],"release_date":"1972-08-01","revenue":22000000,"runtime":90,"spoken_languages":[{"iso_639_1":"en","name":"English"}],"status":"Released","tagline":"A True Story.","title":"The Legend of Boggy Creek","video":false,"vote_average":6.2,"vote_count":3}
