{"adult":false,"backdrop_path":"/v3YybW1jIMfR2yrolErXIog4fiv.jpg","belongs_to_collection":null,"budget":0,"genres":[{"id":80,"name":"Crime"},{"id":9648,"name":"Mystery"},{"id":18,"name":"Drama"}],"homepage":"","id":1846,"imdb_id":"tt0064638","original_language":"en","original_title":"Marlowe","overview":"Los Angeles private-eye Philip Marlowe is trying to locate the brother of his new client, a woman named Orfamay Quest. The trail leads to two men who deny any knowledge of the brother's existence. Both are soon killed by an ice pick, so Marlowe deduces that there's much more to this than a simple missing-person case. Marlowe's path crosses that of a blackmailed movie star, Mavis Wald, and her friend, exotic dancer Delores. A mobster sends karate expert Winslow Wong to bust up Marlowe's office and warn him off the case, while Lieutenant French also cautions the detective to stay out of the police's way.","popularity":0.098834,"poster_path":"/nFWq8iPs9Pjdod5Ch7Ucj5lHaVK.jpg","production_companies":[{"name":"Cherokee Productions","id":2418},{"name":"Katzka-Berne Productions","id":2419}],"production_countries":[{"iso_3166_1":"US","name":"United States of America"}],"release_date":"1969-09-19","revenue":0,"runtime":95,"spoken_languages":[{"iso_639_1":"en","name":"English"}],"status":"Released","tagline":"Marlowe is the Best Private Eye in the Business. Just Ask the People He Does Business With","title":"Marlowe","video":false,"vote_average":6.8,"vote_count":4}
