{"adult":false,"backdrop_path":"/macWcoz4KkoiovnvEr6tABh1yW3.jpg","belongs_to_collection":null,"budget":0,"genres":[{"id":18,"name":"Drama"},{"id":10769,"name":"Foreign"}],"homepage":"","id":127,"imdb_id":"tt0084549","original_language":"en","original_title":"Przypadek","overview":"Witek runs after a train. Three variations follow on how such a seemingly banal incident could influence the rest of Witek's life.","popularity":0.001332,"poster_path":"/vRBRbi8gpRuZxZIjrJwBoEamXYJ.jpg","production_companies":[{"name":"P.P. Film Polski","id":1587}],"production_countries":[{"iso_3166_1":"PL","name":"Poland"}],"release_date":"1987-01-10","revenue":0,"runtime":114,"spoken_languages":[{"iso_639_1":"pl","name":"Polski"}],"status":"Released","tagline":"","title":"Blind Chance","video":false,"vote_average":7.5,"vote_count":8}
