{"adult":false,"backdrop_path":"/6igFyNeELlwWnZSLADYiIh23i94.jpg","belongs_to_collection":null,"budget":0,"genres":[{"id":18,"name":"Drama"},{"id":27,"name":"Horror"}],"homepage":"","id":1836,"imdb_id":"tt0337961","original_language":"fr","original_title":"Dans ma Peau","overview":"Esther, a self-conscious young woman who works for a public relations firm. One night at a party with her friend Sandrine, Esther wanders into the backyard and stumbles, scratching her leg on a piece of scrap metal. She goes back to the party, and later realizes that her injury is much more severe than she had thought. There's a huge, ugly gouge all the way up her shin, and she's bleeding profusely. She goes to a doctor, who patches her up and tells her she might need a skin graft. But Esther becomes obsessed with the wound. She won't let it heal, sneaking away during work to cut herself. As her leg becomes an ugly scarred mass, she begins to notice a problem with her arm. Before long, she's alienated Vincent and jeopardized her job with her compulsive, self-destructive behavior. But she continues on her grotesque downward spiral.","popularity":0.11357,"poster_path":"/8NpTq2to71J1Z5dc4eB1s6kZBwa.jpg","production_companies":[],"production_countries":[{"iso_3166_1":"FR","name":"France"}],"release_date":"2002-12-04","revenue":0,"runtime":93,"spoken_languages":[{"iso_639_1":"fr","name":"Français"}],"status":"Released","tagline":"","title":"In My Skin","video":false,"vote_average":5.4,"vote_count":7}
