{"adult":false,"backdrop_path":"/s283QMcEo62j3Pbpm25ls0O8bEu.jpg","belongs_to_collection":null,"budget":0,"genres":[{"id":99,"name":"Documentary"},{"id":10402,"name":"Music"}],"homepage":"","id":135,"imdb_id":"tt0061589","original_language":"en","original_title":"Don’t Look Back","overview":"Don’t Look Back is a documentary of Bob Dylan’s 1965 tour of England. The film begins with the famous and some say best music video of all times \"Subterranean Homesick Blues.” The cameras follow Dylan as he experiments with the electric guitar for the first time.","popularity":0.000527,"poster_path":"/r5S7eiQ6ogKNMJhoRS6bHoCImBz.jpg","production_companies":[{"name":"Docurama","id":39}],"production_countries":[{"iso_3166_1":"GB","name":"United Kingdom"}],"release_date":"1967-05-17","revenue":0,"runtime":96,"spoken_languages":[{"iso_639_1":"en","name":"English"}],"status":"Released","tagline":"","title":"Don’t Look Back","video":false,"vote_average":6.6,"vote_count":10}
