{"adult":false,"backdrop_path":"/cnGsbxsXlCE6St39300eqwfoPi.jpg","belongs_to_collection":null,"budget":0,"genres":[{"id":18,"name":"Drama"},{"id":36,"name":"History"},{"id":10749,"name":"Romance"},{"id":10769,"name":"Foreign"}],"homepage":"","id":1829,"imdb_id":"tt0073114","original_language":"en","original_title":"L'Histoire d'Adèle H.","overview":"The story of beautiful Adèle Hugo, the second daughter of Victor Hugo, who is devastated by the accidental death of her elder sister. Hugo is living in exile on the island of Guernsey where Adèle meets and is seized by an obsessive and unrequited love for a British officer, Lt. Pinson. She follows him to Halifax, Nova Scotia, under the assumed name of Miss Lewly. While in Halifax, he rejects her, but she communicates to her parents that she has married him. Her father urges her to return home, but she destroys Pinson's hope of happiness by claiming to his actual fiancee's father, a judge, that Pinson is married to her. She follows him to Barbados, West Indies, where he is posted and assumes the name of Mrs. Pinson. By the time he catches up with Adèle, she does not acknowledge or recognize him. Returned to Paris, the Third Republic now established, she is placed in an asylum by her father. She dies in Paris in 1915, in her 85th year.","popularity":0.270425,"poster_path":"/zlchQiT8XHZc7ZeOKU3aEYcgA36.jpg","production_companies":[{"name":"Les Films du Carrosse","id":53},{"name":"Les Productions Artistes Associés","id":64},{"name":"Les Artistes Associés","id":15749}],"production_countries":[{"iso_3166_1":"FR","name":"France"}],"release_date":"1975-10-08","revenue":0,"runtime":97,"spoken_languages":[{"iso_639_1":"fr","name":"Français"}],"status":"Released","tagline":"","title":"The Story of Adele H","video":false,"vote_average":6.9,"vote_count":8}
