{"adult":false,"backdrop_path":"/eUUtmYxZvXoZvPcAPX5rwGsRn44.jpg","belongs_to_collection":null,"budget":0,"genres":[{"id":80,"name":"Crime"}],"homepage":"","id":1840,"imdb_id":"tt0039217","original_language":"en","original_title":"The Brasher Doubloon","overview":"Mrs. Elizabeth Bright Murdock hires Marlowe to find an old rare coin, the Brasher Doubloon, that belonged in her deceased husband's collection. Mrs. Murdock insists that her son's wife has stolen the coin. Marlowe begins investigating, but quickly finds himself entangled in a series of unexplained murders.","popularity":0.000143,"poster_path":"/96ljQ9JXX7rqdOJfKBUSeSUa8eg.jpg","production_companies":[{"name":"Twentieth Century Fox Film Corporation","id":306}],"production_countries":[{"iso_3166_1":"US","name":"United States of America"}],"release_date":"1947-02-06","revenue":0,"runtime":72,"spoken_languages":[{"iso_639_1":"en","name":"English"}],"status":"Released","tagline":"Some women can't stand cats ... with me it's men!","title":"The Brasher Doubloon","video":false,"vote_average":3.3,"vote_count":2}
