{"adult":false,"backdrop_path":"/hsCYpSIR3MuvGDjE449tqrKAIT0.jpg","belongs_to_collection":null,"budget":0,"genres":[{"id":18,"name":"Drama"},{"id":10769,"name":"Foreign"},{"id":53,"name":"Thriller"}],"homepage":"","id":1416,"imdb_id":"tt0341384","original_language":"ko","original_title":"해안선","overview":"An overzealous soldier mentally deteriorates after killing an innocent man he thought was a spy.","popularity":0.063787,"poster_path":"/ji3g52raY5k12bAlIbIkkEEtz4V.jpg","production_companies":[],"production_countries":[{"iso_3166_1":"KR","name":"South Korea"}],"release_date":"2002-11-22","revenue":0,"runtime":96,"spoken_languages":[{"iso_639_1":"ko","name":"한국어/조선말"}],"status":"Released","tagline":"","title":"The Coast Guard","video":false,"vote_average":7.1,"vote_count":9}
