{"adult":false,"backdrop_path":null,"belongs_to_collection":null,"budget":0,"genres":[{"id":35,"name":"Comedy"}],"homepage":"","id":1854,"imdb_id":"tt0069660","original_language":"en","original_title":"...But Johnny!","overview":"No overview found.","popularity":0.002025,"poster_path":null,"production_companies":[],"production_countries":[{"iso_3166_1":"DE","name":"Germany"}],"release_date":"1973-05-01","revenue":0,"runtime":95,"spoken_languages":[{"iso_639_1":"de","name":"Deutsch"}],"status":"Released","tagline":"","title":"...But Johnny!","video":false,"vote_average":0.0,"vote_count":0}
