{"adult":false,"backdrop_path":"/vlfYYFavD87DNnwuNBsOyf8xzOs.jpg","belongs_to_collection":{"id":399,"name":"Predator Collection","poster_path":"/6Z7lASptoiRVxiCFvZaFgH9qp7u.jpg","backdrop_path":"/e8ycFoI8vGoZSOY7KmxFzZA1dkE.jpg"},"budget":35000000,"genres":[{"id":878,"name":"Science Fiction"},{"id":28,"name":"Action"},{"id":53,"name":"Thriller"}],"homepage":"","id":169,"imdb_id":"tt0100403","original_language":"en","original_title":"Predator 2","overview":"Ten years after a band of mercenaries first battled a vicious alien, the invisible creature from another world has returned to Earth -- and this time, it's drawn to the gang-ruled and ravaged city of Los Angeles. When it starts murdering drug dealers, detective-lieutenant Mike Harrigan and his police force set out to capture the creature, ignoring warnings from a mysterious government agent to stay away.","popularity":1.97541,"poster_path":"/4cAQgbIPislEeBJahLO5BsqAUZN.jpg","production_companies":[{"name":"20th Century Fox","id":25},{"name":"Lawrence Gordon Productions","id":840},{"name":"Davis Entertainment","id":1302},{"name":"Silver Pictures","id":1885}],"production_countries":[{"iso_3166_1":"US","name":"United States of America"}],"release_date":"1990-11-20","revenue":57120318,"runtime":108,"spoken_languages":[{"iso_639_1":"en","name":"English"}],"status":"Released","tagline":"Silent. Invisible. Invincible. He's in town with a few days to kill.","title":"Predator 2","video":false,"vote_average":5.7,"vote_count":230}
