{"adult":false,"backdrop_path":"/FOmEfrxApibrmFdUrGnygZ6EY.jpg","belongs_to_collection":null,"budget":0,"genres":[{"id":14,"name":"Fantasy"},{"id":18,"name":"Drama"},{"id":99,"name":"Documentary"},{"id":878,"name":"Science Fiction"},{"id":10769,"name":"Foreign"}],"homepage":"","id":124,"imdb_id":"tt0086961","original_language":"en","original_title":"Bez Konca","overview":"Taking place in a 1982 Poland a translator loses her husband and becomes a victim of her own sorrow. She looks to sex, to her son, to law, and to hypnotism when she has nothing else in this time of martial law when Solidarity was banned.","popularity":2.7e-05,"poster_path":"/bHF39JWwYXlxzTXqkVXsiMjZpeb.jpg","production_companies":[],"production_countries":[{"iso_3166_1":"PL","name":"Poland"}],"release_date":"1985-06-17","revenue":0,"runtime":109,"spoken_languages":[{"iso_639_1":"pl","name":"Polski"},{"iso_639_1":"en","name":"English"}],"status":"Released","tagline":"","title":"No End","video":false,"vote_average":0.0,"vote_count":0}
