{"adult":false,"backdrop_path":"/nRwO52Bcj1wdU9BEGJ3yVn20Ej0.jpg","belongs_to_collection":null,"budget":0,"genres":[{"id":18,"name":"Drama"}],"homepage":"http://www.gespenster-der-film.de/","id":1115,"imdb_id":"tt0419773","original_language":"de","original_title":"Gespenster","overview":"Nina, an end-of-teenage orphan with mental problems, starts a new job as a garden cleaner when she meets Toni. They fell in love with each other, but soon Toni starts betraying Nina. In the meantime, Francoise is picked up at a psychic department of a Berlin hospital by her husband, Pierre. After seeing Nina, Francoise believes that she has found her kidnapped daughter Marie, but neither Toni nor Pierre believe her. Nina is unsure about what to think...","popularity":0.00049,"poster_path":"/gwxFMXY3sNUCxubfDghBty7ccOM.jpg","production_companies":[],"production_countries":[{"iso_3166_1":"DE","name":"Germany"}],"release_date":"2005-09-15","revenue":0,"runtime":85,"spoken_languages":[{"iso_639_1":"de","name":"Deutsch"},{"iso_639_1":"fr","name":"Français"}],"status":"Released","tagline":"","title":"Ghosts","video":false,"vote_average":7.3,"vote_count":2}
