{"adult":false,"backdrop_path":"/c5o7FN2vzI7xlU6IF1y64mgcH9E.jpg","belongs_to_collection":null,"budget":40000000,"genres":[{"id":18,"name":"Drama"},{"id":9648,"name":"Mystery"},{"id":53,"name":"Thriller"}],"homepage":"http://wwws.warnerbros.de/theprestige/","id":1124,"imdb_id":"tt0482571","original_language":"en","original_title":"The Prestige","overview":"A mysterious story of two magicians whose intense rivalry leads them on a life-long battle for supremacy -- full of obsession, deceit and jealousy with dangerous and deadly consequences.","popularity":3.054553,"poster_path":"/5MXyQfz8xUP3dIFPTubhTsbFY6N.jpg","production_companies":[{"name":"Newmarket Productions","id":666},{"name":"Warner Bros.","id":6194},{"name":"Touchstone Pictures","id":9195},{"name":"Syncopy","id":9996}],"production_countries":[{"iso_3166_1":"US","name":"United States of America"}],"release_date":"2006-10-19","revenue":109676311,"runtime":130,"spoken_languages":[{"iso_639_1":"en","name":"English"}],"status":"Released","tagline":"Are You Watching Closely?","title":"The Prestige","video":false,"vote_average":7.6,"vote_count":1570}
