{"adult":false,"backdrop_path":"/kA93JyJKPbS3my9pZVrr9V2jDeV.jpg","belongs_to_collection":{"id":131,"name":"Three Colors Collection","poster_path":"/diw724t2rabkmOAmM2Ffv2v4Zes.jpg","backdrop_path":"/AeHExfHIl70SZCea907KfEoSkfJ.jpg"},"budget":0,"genres":[{"id":35,"name":"Comedy"},{"id":18,"name":"Drama"},{"id":9648,"name":"Mystery"}],"homepage":"","id":109,"imdb_id":"tt0111507","original_language":"pl","original_title":"Trois couleurs : Blanc","overview":"Polish immigrant Karol Karol finds himself out of a marriage, a job and a country when his French wife, Dominique, divorces him after six months due to his impotence. Forced to leave France after losing the business they jointly owned, Karol enlists fellow Polish expatriate Mikolah to smuggle him back to their homeland.","popularity":0.392347,"poster_path":"/zkjEQR4UGYZQI4esXEmNsg1ic5K.jpg","production_companies":[{"name":"Le Studio Canal+","id":183},{"name":"France 3 Cinéma","id":591},{"name":"Eurimages","id":850}],"production_countries":[{"iso_3166_1":"FR","name":"France"},{"iso_3166_1":"PL","name":"Poland"}],"release_date":"1994-01-26","revenue":0,"runtime":91,"spoken_languages":[{"iso_639_1":"fr","name":"Français"},{"iso_639_1":"hu","name":"Magyar"},{"iso_639_1":"pl","name":"Polski"}],"status":"Released","tagline":"","title":"Three Colors: White","video":false,"vote_average":7.2,"vote_count":54}
