{"adult":false,"backdrop_path":"/ra6IUu6SoNOyQEkxG1tBlvt6Cjg.jpg","belongs_to_collection":null,"budget":0,"genres":[{"id":35,"name":"Comedy"},{"id":18,"name":"Drama"},{"id":10769,"name":"Foreign"}],"homepage":"","id":1050,"imdb_id":"tt0215369","original_language":"en","original_title":"Xizao","overview":"An aged father and his younger, mentally challenged son have been working hard every day to keep the bathhouse running for a motley group of regular customers. When his elder son, who left years ago to seek his fortune in the southern city of Shenzhen, abruptly returns one day, it once again puts under stress the long-broken father-son ties. Presented as a light-hearted comedy, Shower explores the value of family, friendship, and tradition.","popularity":0.001934,"poster_path":"/9a9csHTZRIMMnqx2z0H2kNvf6wa.jpg","production_companies":[{"name":"Imar Film Co., Ltd.","id":645}],"production_countries":[{"iso_3166_1":"CN","name":"China"}],"release_date":"1999-09-13","revenue":0,"runtime":92,"spoken_languages":[{"iso_639_1":"zh","name":"普通话"}],"status":"Released","tagline":"","title":"Shower","video":false,"vote_average":6.4,"vote_count":7}
