{"adult":false,"backdrop_path":"/agWPJf7Z2fahPpJ0ojVqWoRgY7K.jpg","belongs_to_collection":null,"budget":0,"genres":[{"id":18,"name":"Drama"},{"id":10769,"name":"Foreign"},{"id":10749,"name":"Romance"}],"homepage":"","id":1719,"imdb_id":"tt0058458","original_language":"en","original_title":"La Peau Douce","overview":"Pierre Lachenay is a well-known publisher and lecturer, married with Franca and father of Sabine, around 10. He meets an air hostess, Nicole. They start a love affair, which Pierre is hiding, but he cannot stand staying away from her.","popularity":0.255966,"poster_path":"/wnnZuoN7i7MqkO3rr81fFCaKyZ7.jpg","production_companies":[],"production_countries":[{"iso_3166_1":"FR","name":"France"}],"release_date":"1964-05-05","revenue":0,"runtime":119,"spoken_languages":[{"iso_639_1":"fr","name":"Français"}],"status":"Released","tagline":"","title":"The Soft Skin","video":false,"vote_average":5.4,"vote_count":7}
