{"adult":false,"backdrop_path":"/usLfxbW0hPIcx3Wd7dZE8gKX7Bp.jpg","belongs_to_collection":null,"budget":26000000,"genres":[{"id":18,"name":"Drama"},{"id":27,"name":"Horror"},{"id":878,"name":"Science Fiction"},{"id":53,"name":"Thriller"}],"homepage":"","id":1551,"imdb_id":"tt0099582","original_language":"en","original_title":"Flatliners","overview":"Five medical students want to find out if there is life after death. They plan to stop one of their hearts for a few seconds, thus simulating death, and then bring the person back to life. A science fiction thriller from the early 1990's with a star studded cast.","popularity":0.678333,"poster_path":"/3CoUzgCU8kR2UCXovrvfNAjvWkI.jpg","production_companies":[{"name":"Columbia Pictures Corporation","id":441},{"name":"Stonebridge Entertainment","id":5738}],"production_countries":[{"iso_3166_1":"US","name":"United States of America"}],"release_date":"1990-08-09","revenue":61308153,"runtime":115,"spoken_languages":[{"iso_639_1":"fr","name":"Français"},{"iso_639_1":"es","name":"Español"},{"iso_639_1":"en","name":"English"}],"status":"Released","tagline":"Some lines shouldn't be crossed.","title":"Flatliners","video":false,"vote_average":6.2,"vote_count":104}
