{"adult":false,"backdrop_path":"/z5J18ByLeOZ68iORfMXmxeFuwyL.jpg","belongs_to_collection":null,"budget":15000000,"genres":[{"id":18,"name":"Drama"}],"homepage":"http://www.dreamworks.com/ab/","id":14,"imdb_id":"tt0169547","original_language":"en","original_title":"American Beauty","overview":"Lester Burnham, a depressed suburban father in a mid-life crisis, decides to turn his hectic life around after developing an infatuation with his daughter's attractive friend.","popularity":2.736373,"poster_path":"/or1MP8BZIAjqWYxPdPX724ydKar.jpg","production_companies":[{"name":"DreamWorks SKG","id":27},{"name":"Jinks/Cohen Company","id":2721}],"production_countries":[{"iso_3166_1":"US","name":"United States of America"}],"release_date":"1999-09-14","revenue":356296601,"runtime":122,"spoken_languages":[{"iso_639_1":"en","name":"English"}],"status":"Released","tagline":"Look closer.","title":"American Beauty","video":false,"vote_average":7.4,"vote_count":939}
