{"adult":false,"backdrop_path":"/6WytIKEnAT6FX2xffQc4wo6WXcS.jpg","belongs_to_collection":{"id":103372,"name":"Mr. Bean Collection","poster_path":"/61Jcc1Gwc2KE7sIJ1HPqqdt67ji.jpg","backdrop_path":"/aIXcqHz5VKRLXHPsNo0dFoK7YP5.jpg"},"budget":18000000,"genres":[{"id":35,"name":"Comedy"}],"homepage":"","id":1281,"imdb_id":"tt0118689","original_language":"en","original_title":"Bean","overview":"Bean works as a caretaker at Britain's formidable Royal National Gallery, and his bosses want to fire him because he sleeps at work all the time, but can't because the chairman of the gallery's board defends him. They send him to USA, to the small Los Angeles art gallery instead, where he'll have to officiate at the opening of the greatest US picture ever (called \"Whistler's Mother\").","popularity":1.640486,"poster_path":"/36B69cweS9xaeQRj0qA4jnaGM6l.jpg","production_companies":[{"name":"Tiger Aspect Productions","id":686},{"name":"PolyGram Filmed Entertainment","id":1382},{"name":"Working Title Films","id":10163}],"production_countries":[{"iso_3166_1":"GB","name":"United Kingdom"},{"iso_3166_1":"US","name":"United States of America"}],"release_date":"1997-08-01","revenue":251212670,"runtime":85,"spoken_languages":[{"iso_639_1":"en","name":"English"}],"status":"Released","tagline":"One Man. One Masterpiece. One Very Big Mistake.","title":"Bean","video":false,"vote_average":6.4,"vote_count":147}
