{"adult":false,"backdrop_path":null,"belongs_to_collection":null,"budget":0,"genres":[{"id":12,"name":"Adventure"},{"id":35,"name":"Comedy"},{"id":27,"name":"Horror"},{"id":878,"name":"Science Fiction"}],"homepage":"http://www.flyingsaucerrocks.com/","id":1423,"imdb_id":"tt1344607","original_language":"en","original_title":"Flying Saucer Rock 'N' Roll","overview":"Flying Saucer Rock N Roll is the debut feature film from the father-son duo Eric and Joe Callero. The year is 1957 as a group of rockabilly and beatnik teens are visited by weed smoking Martian zombies who have come to take their earth women. Filmed with respect for classic horror films and full of laughs as the viewer is taken on an adventure like no other.","popularity":0.002827,"poster_path":"/gxFEX0ujPaKqZFSJjgQ64gQwt0l.jpg","production_companies":[],"production_countries":[{"iso_3166_1":"US","name":"United States of America"}],"release_date":"2006-03-18","revenue":6,"runtime":85,"spoken_languages":[{"iso_639_1":"en","name":"English"}],"status":"Released","tagline":"","title":"Flying Saucer Rock 'N' Roll","video":false,"vote_average":0.0,"vote_count":0}
