{"adult":false,"backdrop_path":"/eACEgECmmQjMKsReNRWTHvzpYlu.jpg","belongs_to_collection":null,"budget":0,"genres":[{"id":18,"name":"Drama"},{"id":10749,"name":"Romance"}],"homepage":"http://www.open-hearts.de/","id":102,"imdb_id":"tt0315543","original_language":"da","original_title":"Elsker dig for evigt","overview":"A strong film about the power of coincidences, love, and the unpredictability of fate. A remake of this Danish film is planned by American director Zack Braff in the coming year.","popularity":0.243533,"poster_path":"/oCs6eP76KDA42CAh1aSTta243NV.jpg","production_companies":[{"name":"Zentropa Entertainments","id":76}],"production_countries":[{"iso_3166_1":"DK","name":"Denmark"}],"release_date":"2002-09-06","revenue":0,"runtime":113,"spoken_languages":[{"iso_639_1":"da","name":"Dansk"}],"status":"Released","tagline":"","title":"Open Hearts","video":false,"vote_average":4.9,"vote_count":6}
