{"adult":false,"backdrop_path":"/vm5p1weN0PYdCGjeS7mlhZhMEyh.jpg","belongs_to_collection":null,"budget":0,"genres":[{"id":18,"name":"Drama"},{"id":35,"name":"Comedy"},{"id":10749,"name":"Romance"}],"homepage":"","id":1421,"imdb_id":"tt0076155","original_language":"en","original_title":"L'Homme qui aimait les femmes","overview":"At Bertrand Morane's burial there are many of the women that the 40-year-old engineer loved. In flashback Bertrand's life and love affairs are told by himself while writing an autobiographical novel.","popularity":0.095563,"poster_path":"/vx5PU9eNifB0izXcP9NdBujobBe.jpg","production_companies":[{"name":"Les Films du Carrosse","id":53},{"name":"Les Productions Artistes Associés","id":64}],"production_countries":[{"iso_3166_1":"FR","name":"France"}],"release_date":"1977-04-27","revenue":0,"runtime":119,"spoken_languages":[{"iso_639_1":"fr","name":"Français"}],"status":"Released","tagline":"","title":"The Man Who Loved Women","video":false,"vote_average":6.9,"vote_count":11}
