{"adult":false,"backdrop_path":"/hilAvXZyFhSo5akvH0QXHOZQdgD.jpg","belongs_to_collection":null,"budget":21000000,"genres":[{"id":80,"name":"Crime"},{"id":18,"name":"Drama"}],"homepage":"http://www.freedomwriters.com/","id":1646,"imdb_id":"tt0463998","original_language":"en","original_title":"Freedom Writers","overview":"A young teacher inspires her class of at-risk students to learn tolerance, apply themselves, and pursue education beyond high school.","popularity":0.575671,"poster_path":"/9optk05QeSNkwuJ6nNwafGb60fM.jpg","production_companies":[{"name":"Paramount Pictures","id":4},{"name":"Double Feature Films","id":215},{"name":"Jersey Films","id":216},{"name":"MTV Films","id":746},{"name":"Kernos Filmproduktionsgesellschaft & Company","id":20396}],"production_countries":[{"iso_3166_1":"DE","name":"Germany"},{"iso_3166_1":"US","name":"United States of America"}],"release_date":"2007-01-05","revenue":41170784,"runtime":123,"spoken_languages":[{"iso_639_1":"en","name":"English"}],"status":"Released","tagline":"Their story. Their world. Their future.","title":"Freedom Writers","video":false,"vote_average":7.6,"vote_count":69}
