{"adult":false,"backdrop_path":"/6RK0NV0CuyRZESciuDI9veRXEgf.jpg","belongs_to_collection":null,"budget":15000000,"genres":[{"id":35,"name":"Comedy"},{"id":80,"name":"Crime"}],"homepage":"http://www.biglebowskibluray.com/splash.php","id":115,"imdb_id":"tt0118715","original_language":"en","original_title":"The Big Lebowski","overview":"Jeffrey \"The Dude\" Lebowski, a Los Angeles slacker who only wants to bowl and drink white Russians, is mistaken for another Jeffrey Lebowski, a wheelchair-bound millionaire, and finds himself dragged into a strange series of events involving nihilists, adult film producers, ferrets, errant toes, and large sums of money.","popularity":2.322802,"poster_path":"/aHaVjVoXeNanfwUwQ92SG7tosFM.jpg","production_companies":[{"name":"PolyGram Filmed Entertainment","id":1382},{"name":"Working Title Films","id":10163}],"production_countries":[{"iso_3166_1":"GB","name":"United Kingdom"},{"iso_3166_1":"US","name":"United States of America"}],"release_date":"1998-03-06","revenue":27739163,"runtime":117,"spoken_languages":[{"iso_639_1":"en","name":"English"},{"iso_639_1":"he","name":"עִבְרִית"},{"iso_639_1":"es","name":"Español"},{"iso_639_1":"de","name":"Deutsch"}],"status":"Released","tagline":"They figured he was a lazy time wasting slacker. They were right.","title":"The Big Lebowski","video":false,"vote_average":7.5,"vote_count":1022}
