{"adult":false,"backdrop_path":"/kywkOlRpYtfVlar41R1s8lO46vD.jpg","belongs_to_collection":{"id":1570,"name":"Die Hard Collection","poster_path":"/dQP1lu4tBtCiAMeCRcuTFpJiM7y.jpg","backdrop_path":"/5kHVblr87FUScuab1PVSsK692IL.jpg"},"budget":70000000,"genres":[{"id":28,"name":"Action"},{"id":53,"name":"Thriller"}],"homepage":"","id":1573,"imdb_id":"tt0099423","original_language":"en","original_title":"Die Hard 2","overview":"John McClane is an off-duty cop gripped with a feeling of déjà vu when on a snowy Christmas Eve in the nation's capital, terrorists seize a major international airport, holding thousands of holiday travelers hostage. Renegade military commandos led by a murderous rogue officer plot to rescue a drug lord from justice and are prepared for every contingency except one: McClane's smart-mouthed heroics.","popularity":1.790713,"poster_path":"/zSgL998DXaljsCmwQuwDM8Ak4rV.jpg","production_companies":[{"name":"Twentieth Century Fox Film Corporation","id":306},{"name":"Gordon Company","id":1073},{"name":"Silver Pictures","id":1885}],"production_countries":[{"iso_3166_1":"US","name":"United States of America"}],"release_date":"1990-07-02","revenue":240031094,"runtime":124,"spoken_languages":[{"iso_639_1":"en","name":"English"},{"iso_639_1":"es","name":"Español"}],"status":"Released","tagline":"Die Harder","title":"Die Hard 2","video":false,"vote_average":6.3,"vote_count":904}
