{"adult":false,"backdrop_path":"/iSi3OJKSPNknaxSvjpOa6c38Xgn.jpg","belongs_to_collection":{"id":115838,"name":"Escape From ... Collection","poster_path":"/8Zih8QGPJNXUuws0fIZmjxjs2Su.jpg","backdrop_path":"/u3tHIjkTj8C2gHOTFmzZgEXOQxp.jpg"},"budget":6000000,"genres":[{"id":878,"name":"Science Fiction"},{"id":28,"name":"Action"}],"homepage":"http://www.theofficialjohncarpenter.com/pages/themovies/ny/ny.html","id":1103,"imdb_id":"tt0082340","original_language":"en","original_title":"Escape from New York","overview":"In 1997, the island of Manhattan has been walled off and turned into a giant maximum security prison within which the country's worst criminals are left to form their own anarchic society. However, when the President of the United States crash lands on the island, the authorities turn to a former soldier and current convict, Snake Plissken, to rescue him.","popularity":0.974797,"poster_path":"/3BrIoX5ycXBJP0SNThWVhHed4OU.jpg","production_companies":[{"name":"AVCO Embassy Pictures","id":494},{"name":"Goldcrest Films International","id":500},{"name":"International Film Investors","id":502},{"name":"City Film","id":664}],"production_countries":[{"iso_3166_1":"US","name":"United States of America"},{"iso_3166_1":"GB","name":"United Kingdom"}],"release_date":"1981-06-24","revenue":50000000,"runtime":99,"spoken_languages":[{"iso_639_1":"en","name":"English"}],"status":"Released","tagline":"1997. New York City is now a maximum security prison. Breaking out is impossible. Breaking in is insane.","title":"Escape from New York","video":false,"vote_average":6.4,"vote_count":187}
