{"adult":false,"backdrop_path":"/eIzvBmjdPvav1iTezZtStUgrXaj.jpg","belongs_to_collection":null,"budget":0,"genres":[{"id":18,"name":"Drama"},{"id":53,"name":"Thriller"},{"id":80,"name":"Crime"},{"id":9648,"name":"Mystery"},{"id":10749,"name":"Romance"}],"homepage":"","id":182,"imdb_id":"tt0452624","original_language":"en","original_title":"The Good German","overview":"An American journalist played by George Clooney arrives in Berlin just after the end of World War Two. He becomes involved in a murder mystery surrounding a dead GI who washes up at a lakeside mansion during the Potsdam negotiations between the Allied powers. Soon his investigation connects with his search for his married pre-war German lover played by Cate Blanchett.","popularity":0.593274,"poster_path":"/1YSdkeYztf6th6VmlVSJyY8nYfH.jpg","production_companies":[{"name":"Warner Bros. Pictures","id":174},{"name":"Section Eight Productions","id":14315}],"production_countries":[{"iso_3166_1":"US","name":"United States of America"}],"release_date":"2006-12-08","revenue":0,"runtime":105,"spoken_languages":[{"iso_639_1":"de","name":"Deutsch"},{"iso_639_1":"ru","name":"Pусский"},{"iso_639_1":"en","name":"English"}],"status":"Released","tagline":"If war is Hell, then what comes after?","title":"The Good German","video":false,"vote_average":5.3,"vote_count":21}
