{"adult":false,"backdrop_path":"/aE2TX22gHKncUoGKFBRhacXB66N.jpg","belongs_to_collection":{"id":43064,"name":"Speed Collection","poster_path":"/nK6q8iJYl39vVq8vmwR78CUDQp0.jpg","backdrop_path":"/75mSNcKIkfZSjXDgytC8UFe6vBl.jpg"},"budget":160000000,"genres":[{"id":28,"name":"Action"},{"id":12,"name":"Adventure"},{"id":53,"name":"Thriller"}],"homepage":"","id":1639,"imdb_id":"tt0120179","original_language":"en","original_title":"Speed 2: Cruise Control","overview":"Sandra Bullock and Jason Patric star as a young couple whose dream cruise turns to terror when a lunatic computer genius (Willem Dafoe) sets a new course for destruction.","popularity":1.020819,"poster_path":"/iHktqeAGoJpENiiuXfsXaHmhr7D.jpg","production_companies":[{"name":"Twentieth Century Fox Film Corporation","id":306},{"name":"Blue Tulip Productions","id":35304}],"production_countries":[{"iso_3166_1":"US","name":"United States of America"}],"release_date":"1997-06-12","revenue":164508066,"runtime":121,"spoken_languages":[{"iso_639_1":"pt","name":"Português"},{"iso_639_1":"en","name":"English"}],"status":"Released","tagline":"As the stakes get higher, the ride gets even faster.","title":"Speed 2: Cruise Control","video":false,"vote_average":4.4,"vote_count":129}
