{"adult":false,"backdrop_path":"/r9KKD6PRQKmZNr0SSAaDWGVHKDO.jpg","belongs_to_collection":null,"budget":0,"genres":[{"id":35,"name":"Comedy"},{"id":18,"name":"Drama"},{"id":10751,"name":"Family"}],"homepage":"","id":1552,"imdb_id":"tt0098067","original_language":"en","original_title":"Parenthood","overview":"The story of the Buckman family and friends, attempting to bring up their children. They suffer/enjoy all the events that occur: estranged relatives, the \"black sheep\" of the family, the eccentrics, the skeletons in the closet, and the rebellious teenagers.","popularity":0.418535,"poster_path":"/yHctYQeDL9AcuK79rY1dEgrcPVf.jpg","production_companies":[{"name":"Imagine Entertainment","id":23},{"name":"Universal Pictures","id":33}],"production_countries":[{"iso_3166_1":"US","name":"United States of America"}],"release_date":"1989-07-31","revenue":126297830,"runtime":124,"spoken_languages":[{"iso_639_1":"en","name":"English"}],"status":"Released","tagline":"A comedy about life, love and the gentle art of raising children.","title":"Parenthood","video":false,"vote_average":6.5,"vote_count":44}
