{"adult":false,"backdrop_path":"/wtwn4pSFZhm665cQIHFmBjmgMEC.jpg","belongs_to_collection":null,"budget":10000000,"genres":[{"id":878,"name":"Science Fiction"},{"id":16,"name":"Animation"}],"homepage":"http://www.bandaivisual.co.jp/akira/","id":149,"imdb_id":"tt0094625","original_language":"ja","original_title":"Akira","overview":"Childhood friends Tetsuo and Kaneda are pulled into the post-apocalyptic underworld of Neo-Tokyo and forced to fight for their very survival. Kaneda is a bike gang leader, and Tetsuo is a member of a tough motorcycle crew who becomes involved in a covert government project called Akira. But a bloody battle ensues when Kaneda sets out to save his friend.","popularity":0.734718,"poster_path":"/8Pt7hlu7fkc5IIR0VZ2kNGY8sT4.jpg","production_companies":[{"name":"Bandai Visual Company","id":528},{"name":"Toho Company","id":882},{"name":"Mainichi Broadcasting System (MBS)","id":3363},{"name":"Kodansha","id":6999},{"name":"Tokyo Movie Shinsha (TMS)","id":9155},{"name":"TMS Entertainment","id":10919},{"name":"Akira Committee Company Ltd.","id":10920},{"name":"Sumitomo Corporation","id":10921}],"production_countries":[{"iso_3166_1":"JP","name":"Japan"}],"release_date":"1988-07-16","revenue":0,"runtime":124,"spoken_languages":[{"iso_639_1":"ja","name":"日本語"}],"status":"Released","tagline":"Neo-Tokyo is about to E.X.P.L.O.D.E.","title":"Akira","video":false,"vote_average":7.8,"vote_count":271}
