{"adult":false,"backdrop_path":"/lSFjAP2d4YZA9mcP2A6hTMHPqTY.jpg","belongs_to_collection":null,"budget":126000000,"genres":[{"id":28,"name":"Action"},{"id":53,"name":"Thriller"},{"id":878,"name":"Science Fiction"},{"id":12,"name":"Adventure"}],"homepage":"http://www.theisland-themovie.com/","id":1635,"imdb_id":"tt0399201","original_language":"en","original_title":"The Island","overview":"Lincoln Six-Echo is a resident of a seemingly Utopian but contained facility in the year 2019. Like all of the inhabitants of this carefully controlled environment, Lincoln hopes to be chosen to go to the \"The Island\" - reportedly the last uncontaminated spot on the planet. But Lincoln soon discovers that everything about his existence is a lie. He and all of the other inhabitants of the facility are actually human clones. Lincoln makes a daring escape with a beautiful fellow resident named Jordan Two-Delta. Relentlessly pursued by the forces of the sinister institute that once housed them, Lincoln and Jordan engage in a race for their lives to literally meet their makers.","popularity":2.232306,"poster_path":"/erprD7GIkvZz2KM4Z35eyTJKZMI.jpg","production_companies":[{"name":"DreamWorks SKG","id":27},{"name":"Warner Bros.","id":6194},{"name":"Parkes/MacDonald Productions","id":11084}],"production_countries":[{"iso_3166_1":"US","name":"United States of America"}],"release_date":"2005-07-21","revenue":162949164,"runtime":136,"spoken_languages":[{"iso_639_1":"en","name":"English"}],"status":"Released","tagline":"Your time will come...","title":"The Island","video":false,"vote_average":6.4,"vote_count":594}
