{"adult":false,"backdrop_path":"/zJLoVr5kfBDnohgudYxwYed4DO4.jpg","belongs_to_collection":null,"budget":0,"genres":[{"id":18,"name":"Drama"},{"id":36,"name":"History"}],"homepage":"","id":1595,"imdb_id":"tt0382357","original_language":"en","original_title":"Land of Plenty","overview":"After living abroad, Lana returns to the United States, and finds that her uncle is a reclusive vagabond with psychic wounds from the Vietnam War.","popularity":0.308687,"poster_path":"/bGtFOtvHFaHJbFR5aIg6LCkawS8.jpg","production_companies":[{"name":"Emotion Pictures","id":741},{"name":"Reverse Angle International","id":742}],"production_countries":[{"iso_3166_1":"US","name":"United States of America"}],"release_date":"2004-09-10","revenue":0,"runtime":123,"spoken_languages":[{"iso_639_1":"en","name":"English"}],"status":"Released","tagline":"","title":"Land of Plenty","video":false,"vote_average":6.1,"vote_count":5}
