{"adult":false,"backdrop_path":"/npmNXZNo3uQvJghUfzXWUEm3J3J.jpg","belongs_to_collection":null,"budget":15000000,"genres":[{"id":18,"name":"Drama"},{"id":10749,"name":"Romance"}],"homepage":"http://www.foxsearchlight.com/NOAS/","id":1259,"imdb_id":"tt0465551","original_language":"en","original_title":"Notes on a Scandal","overview":"A veteran high school teacher befriends a younger art teacher, who is having an affair with one of her 15-year-old students. However, her intentions with this new \"friend\" also go well beyond platonic friendship.","popularity":0.356625,"poster_path":"/auGdbhh2LklmZV1LLLwQ5uvHiX4.jpg","production_companies":[{"name":"Fox Searchlight Pictures","id":43},{"name":"Scott Rudin Productions","id":258},{"name":"DNA Films","id":284},{"name":"BBC Films","id":288},{"name":"Ingenious Film Partners","id":289},{"name":"UK Film Council","id":2452}],"production_countries":[{"iso_3166_1":"GB","name":"United Kingdom"}],"release_date":"2006-12-25","revenue":49469904,"runtime":92,"spoken_languages":[{"iso_639_1":"en","name":"English"},{"iso_639_1":"fr","name":"Français"}],"status":"Released","tagline":"One woman's secret is another woman's power. One woman's fear is another woman's weapon. One woman's life is in another woman's hands....","title":"Notes on a Scandal","video":false,"vote_average":6.2,"vote_count":56}
