{"adult":false,"backdrop_path":null,"belongs_to_collection":null,"budget":0,"genres":[{"id":99,"name":"Documentary"}],"homepage":"","id":160,"imdb_id":"tt0000012","original_language":"fr","original_title":"L'arrivée d'un train en gare de La Ciotat","overview":"A group of people are standing along the platform of a railway station in La Ciotat, waiting for a train. One is seen coming, at some distance, and eventually stops at the platform. Doors of the railway-cars open and attendants help passengers off and on.  Popular legend has it that, when this film was shown, the first-night audience fled the café in terror, fearing being run over by the \"approaching\" train. This legend has since been identified as promotional embellishment, though there is evidence to suggest that people were astounded at the capabilities of the Lumières' cinématographe.","popularity":0.075455,"poster_path":"/iwxu3OVTNVy4wAQ8JbwsxYEW5Qr.jpg","production_companies":[{"name":"Société Lumière","id":44916}],"production_countries":[{"iso_3166_1":"FR","name":"France"}],"release_date":"1896-01-25","revenue":0,"runtime":1,"spoken_languages":[{"iso_639_1":"xx","name":"No Language"}],"status":"Released","tagline":"","title":"Arrival of a Train at La Ciotat","video":false,"vote_average":5.1,"vote_count":7}
