{"adult":false,"backdrop_path":"/8W6Xiy1KDMN2ztH2xEPQMVT2EjL.jpg","belongs_to_collection":null,"budget":0,"genres":[{"id":28,"name":"Action"},{"id":37,"name":"Western"}],"homepage":"","id":1673,"imdb_id":"tt0053729","original_language":"en","original_title":"Comanche Station","overview":"A man saves a woman who had been kidnapped by Comanches, then struggles to get both of them home alive.","popularity":0.126764,"poster_path":"/svTr7j4F6olSUiy1nF94PrsmTMM.jpg","production_companies":[{"name":"Columbia Pictures Corporation","id":441},{"name":"Ranown Pictures Corp.","id":16326}],"production_countries":[{"iso_3166_1":"US","name":"United States of America"}],"release_date":"1960-03-01","revenue":0,"runtime":73,"spoken_languages":[{"iso_639_1":"en","name":"English"}],"status":"Released","tagline":"The One-Man War Against The Comancheros!","title":"Comanche Station","video":false,"vote_average":5.5,"vote_count":5}
