{"adult":false,"backdrop_path":"/7ETUeqLjL62pPI3swYqqrpFIneL.jpg","belongs_to_collection":null,"budget":0,"genres":[{"id":28,"name":"Action"},{"id":18,"name":"Drama"},{"id":10749,"name":"Romance"},{"id":53,"name":"Thriller"}],"homepage":"","id":1058,"imdb_id":"tt0085276","original_language":"en","original_title":"Breathless","overview":"Jesse has to get out of Las Vegas quickly, and steals a car to drive to L.A. On the way he shoots a police man. When he makes it to L.A. he stays with Monica, a girl he has only known for a few days. As the film progresses, the police get closer to him, and the crimes escalate.","popularity":0.542683,"poster_path":"/nBpXuTyhcqx2semf39zGXZl65H3.jpg","production_companies":[{"name":"Orion Pictures","id":41},{"name":"Breathless Associates","id":651},{"name":"Miko Productions","id":652}],"production_countries":[{"iso_3166_1":"US","name":"United States of America"}],"release_date":"1983-05-13","revenue":0,"runtime":100,"spoken_languages":[{"iso_639_1":"en","name":"English"}],"status":"Released","tagline":"He's the last man on earth any woman needs - but every woman wants...","title":"Breathless","video":false,"vote_average":5.5,"vote_count":12}
