{"adult":false,"backdrop_path":null,"belongs_to_collection":null,"budget":0,"genres":[{"id":27,"name":"Horror"},{"id":53,"name":"Thriller"}],"homepage":"","id":1569,"imdb_id":"tt1540987","original_language":"en","original_title":"Pig","overview":"A young man journeys through a desert, where he is kidnapped by a sadistic stranger clad in a pig mask. The stranger proceeds to brutally torture the young man, who then finds himself escaping into his imagination, with fantasy and reality intersecting.","popularity":0.000252,"poster_path":"/mCoPQOR256CjgPz09a5PzhfWikb.jpg","production_companies":[],"production_countries":[{"iso_3166_1":"US","name":"United States of America"}],"release_date":"1999-01-01","revenue":0,"runtime":23,"spoken_languages":[{"iso_639_1":"en","name":"English"}],"status":"Released","tagline":"","title":"Pig","video":false,"vote_average":6.0,"vote_count":1}
