{"adult":false,"backdrop_path":"/cOlVGejT7hLh5oxuUc8vOBymylT.jpg","belongs_to_collection":null,"budget":350000,"genres":[{"id":99,"name":"Documentary"}],"homepage":"http://www.kids-with-cameras.org/bornintobrothels/","id":1392,"imdb_id":"tt0388789","original_language":"en","original_title":"Born into Brothels","overview":"The academy award winning documentary depicting the lives of child prostitutes in the red light district of Songachi, Calcutta. Director Zana Briski went to photograph the prostitutes when she met and became friends with their children. Briski began giving photography lessons to the children and became aware that their photography might be a way for them to lead better lives.","popularity":0.008577,"poster_path":"/bj4OGRPIP0RNUYytnvGzPRrtZ8h.jpg","production_companies":[],"production_countries":[{"iso_3166_1":"US","name":"United States of America"}],"release_date":"2004-12-08","revenue":3515061,"runtime":85,"spoken_languages":[{"iso_639_1":"en","name":"English"},{"iso_639_1":"bn","name":"বাংলা"}],"status":"Released","tagline":"","title":"Born into Brothels: Calcutta's Red Light Kids","video":false,"vote_average":6.9,"vote_count":10}
