{"adult":false,"backdrop_path":"/6UVbArg0lCikjDfkiLwE5ki9pPA.jpg","belongs_to_collection":null,"budget":4000000,"genres":[{"id":35,"name":"Comedy"},{"id":18,"name":"Drama"}],"homepage":"","id":1809,"imdb_id":"tt0292644","original_language":"en","original_title":"The Rules of Attraction","overview":"The incredibly spoiled and overprivileged students of Camden College are a backdrop for an unusual love triangle between a drug dealer, a virgin and a bisexual classmate.","popularity":0.479308,"poster_path":"/wZ8QnVrqicqIa4vlDC5nZ5rtoUK.jpg","production_companies":[{"name":"Kingsgate Films","id":770}],"production_countries":[{"iso_3166_1":"DE","name":"Germany"},{"iso_3166_1":"US","name":"United States of America"}],"release_date":"2002-10-11","revenue":0,"runtime":110,"spoken_languages":[{"iso_639_1":"de","name":"Deutsch"},{"iso_639_1":"en","name":"English"}],"status":"Released","tagline":"We all run on instinct.","title":"The Rules of Attraction","video":false,"vote_average":6.5,"vote_count":40}
