{"adult":false,"backdrop_path":"/orJqud7i98mjVfeRwcZ0HbaoR8B.jpg","belongs_to_collection":null,"budget":0,"genres":[{"id":35,"name":"Comedy"},{"id":18,"name":"Drama"},{"id":10749,"name":"Romance"}],"homepage":"","id":112,"imdb_id":"tt0243862","original_language":"da","original_title":"Italiensk for begyndere","overview":"This fifth Danish Dogme film is about six vulnerable individuals whose lives are interwoven. In a city suburb, a young minister arrives to take up duties at a local church. He is persuaded by his assistant to join an Italian night school class, and he soon becomes the centre of a group of people to whom fate has dealt quite serious blows. Gradually each one in the group manages to overcome his/her predicament and find a happy solution. This Dogma production was shown at the Berlinale in 2001 where it surprisingly won a silver medal.","popularity":0.507452,"poster_path":"/1xzjbCXgoNTuJPml2ZzYr5qTKWW.jpg","production_companies":[{"name":"Zentropa Entertainments","id":76}],"production_countries":[{"iso_3166_1":"DK","name":"Denmark"},{"iso_3166_1":"SE","name":"Sweden"}],"release_date":"2000-12-07","revenue":0,"runtime":112,"spoken_languages":[{"iso_639_1":"da","name":"Dansk"}],"status":"Released","tagline":"","title":"Italian for Beginners","video":false,"vote_average":6.8,"vote_count":8}
