{"adult":false,"backdrop_path":"/nNH43KDwtiXJIie6oviBIEwE8xd.jpg","belongs_to_collection":{"id":151,"name":"Star Trek: The Original Series Collection","poster_path":"/zcB8KxHA4EapOoZZPAvwgmE1iGK.jpg","backdrop_path":"/9BQj9hq0aK6yM9Tm2NJ28jg572y.jpg"},"budget":30000000,"genres":[{"id":878,"name":"Science Fiction"},{"id":28,"name":"Action"},{"id":12,"name":"Adventure"},{"id":53,"name":"Thriller"}],"homepage":"","id":172,"imdb_id":"tt0098382","original_language":"en","original_title":"Star Trek V: The Final Frontier","overview":"Capt. Kirk and his crew must deal with Mr. Spock's half brother who kidnaps three diplomats and hijacks the Enterprise in his obsessive search for God.","popularity":1.162401,"poster_path":"/pV68KIKhlMneCnnopBzDTYgqonC.jpg","production_companies":[{"name":"Paramount Pictures","id":4}],"production_countries":[{"iso_3166_1":"US","name":"United States of America"}],"release_date":"1989-06-09","revenue":70200000,"runtime":107,"spoken_languages":[{"iso_639_1":"en","name":"English"}],"status":"Released","tagline":"Adventure and imagination will meet at the final frontier.","title":"Star Trek V: The Final Frontier","video":false,"vote_average":5.3,"vote_count":131}
