{"adult":false,"backdrop_path":"/xqDfLC7XbiaVN5XxZBWOJCX0hU7.jpg","belongs_to_collection":null,"budget":839727,"genres":[{"id":18,"name":"Drama"}],"homepage":"","id":15,"imdb_id":"tt0033467","original_language":"en","original_title":"Citizen Kane","overview":"Following the death of a publishing tycoon, news reporters scramble to discover the meaning of his final utterance.","popularity":1.159314,"poster_path":"/n8wfFsQ5vtm6dM8vdgXb6OLv2GY.jpg","production_companies":[{"name":"Mercury Productions","id":11447}],"production_countries":[{"iso_3166_1":"US","name":"United States of America"}],"release_date":"1941-05-01","revenue":23217674,"runtime":119,"spoken_languages":[{"iso_639_1":"en","name":"English"}],"status":"Released","tagline":"It's Terrific!","title":"Citizen Kane","video":false,"vote_average":7.5,"vote_count":310}
