{"adult":false,"backdrop_path":"/jR1fH03X1pazeoBwLTk2bID89Iy.jpg","belongs_to_collection":null,"budget":0,"genres":[{"id":35,"name":"Comedy"},{"id":18,"name":"Drama"}],"homepage":"","id":1548,"imdb_id":"tt0162346","original_language":"en","original_title":"Ghost World","overview":"A quirky girl tries to figure out what to do now that she had graduated from high school, and forms a friendship with an eccentric 40-year-old record collector after playing a prank on him with her best friend.","popularity":0.608102,"poster_path":"/oDoEkXVw5iikwPy0bQ8u0m5E85i.jpg","production_companies":[{"name":"Jersey Films","id":216},{"name":"Granada Film Productions","id":247},{"name":"Capitol Films","id":826},{"name":"Mr. Mudd Production","id":2130},{"name":"United Artists Pictures","id":16685}],"production_countries":[{"iso_3166_1":"DE","name":"Germany"},{"iso_3166_1":"GB","name":"United Kingdom"},{"iso_3166_1":"US","name":"United States of America"}],"release_date":"2001-06-16","revenue":0,"runtime":111,"spoken_languages":[{"iso_639_1":"en","name":"English"}],"status":"Released","tagline":"Accentuate the negative.","title":"Ghost World","video":false,"vote_average":7.2,"vote_count":94}
