{"adult":false,"backdrop_path":"/ojsY0XyCSsJvm0n7YTwumQcvBqT.jpg","belongs_to_collection":null,"budget":40000000,"genres":[{"id":53,"name":"Thriller"},{"id":9648,"name":"Mystery"}],"homepage":"","id":1586,"imdb_id":"tt0363988","original_language":"en","original_title":"Secret Window","overview":"Mort Rainey, a writer just emerging from a painful divorce with his ex-wife, is stalked at his remote lake house by a psychotic stranger and would-be scribe who claims Rainey swiped his best story idea. But as Rainey endeavors to prove his innocence, he begins to question his own sanity.","popularity":1.374221,"poster_path":"/f5t7Df50xjniLlE80ty2dYsZBqI.jpg","production_companies":[{"name":"Columbia Pictures Corporation","id":441},{"name":"Pariah Entertainment Group","id":1271},{"name":"Grand Slam Productions","id":23651},{"name":"Mel's Cite du Cinema","id":54502}],"production_countries":[{"iso_3166_1":"US","name":"United States of America"}],"release_date":"2004-03-11","revenue":92913171,"runtime":96,"spoken_languages":[{"iso_639_1":"en","name":"English"}],"status":"Released","tagline":"The most important part of a story is the ending.","title":"Secret Window","video":false,"vote_average":6.3,"vote_count":242}
