{"adult":false,"backdrop_path":"/eHcNfColj7mybVXqNaMcgzVbrcY.jpg","belongs_to_collection":{"id":9743,"name":"The Hannibal Lecter Collection","poster_path":"/rIX6rRzskxOYFzpQi3QK4JlWQ97.jpg","backdrop_path":"/9kKfS2JZDDhxmxd1TCXEBGdYuoy.jpg"},"budget":50000000,"genres":[{"id":80,"name":"Crime"},{"id":18,"name":"Drama"},{"id":53,"name":"Thriller"}],"homepage":"http://hannibalrising.com/","id":1248,"imdb_id":"tt0367959","original_language":"en","original_title":"Hannibal Rising","overview":"This terrifying prequel attempts to trace the murderous roots of the cannibalistic killer. The film follows Lecter from his hard-scrabble Lithuanian childhood, where he witnesses the repulsive lengths to which hungry soldiers will go to satiate themselves, through his sojourn in France, where as a med student he hones his appetite for the kill.","popularity":0.298518,"poster_path":"/athS1NzNvBRBKsaGni3TEOKUO8N.jpg","production_companies":[{"name":"Ingenious Film Partners","id":289},{"name":"ETIC Films","id":2979},{"name":"Quinta Communications","id":6370},{"name":"Dino De Laurentiis Company","id":10308},{"name":"Zephyr Films","id":16923},{"name":"Young Hannibal Productions","id":20394},{"name":"Carthago Films S.a.r.l.","id":20395}],"production_countries":[{"iso_3166_1":"GB","name":"United Kingdom"},{"iso_3166_1":"CZ","name":"Czech Republic"},{"iso_3166_1":"FR","name":"France"},{"iso_3166_1":"IT","name":"Italy"}],"release_date":"2007-02-06","revenue":82169884,"runtime":121,"spoken_languages":[{"iso_639_1":"de","name":"Deutsch"},{"iso_639_1":"ru","name":"Pусский"},{"iso_639_1":"en","name":"English"}],"status":"Released","tagline":"It started with revenge.","title":"Hannibal Rising","video":false,"vote_average":5.9,"vote_count":293}
