{"adult":false,"backdrop_path":"/6fDqNg8g7NJXUmsF1Dm4Y3iTAZW.jpg","belongs_to_collection":null,"budget":3180000,"genres":[{"id":18,"name":"Drama"},{"id":10751,"name":"Family"},{"id":14,"name":"Fantasy"}],"homepage":"","id":1585,"imdb_id":"tt0038650","original_language":"en","original_title":"It's a Wonderful Life","overview":"George Bailey has spent his entire life giving of himself to the people of Bedford Falls. He has always longed to travel but never had the opportunity in order to prevent rich skinflint Mr. Potter from taking over the entire town. All that prevents him from doing so is George's modest building and loan company, which was founded by his generous father. But on Christmas Eve, George's Uncle Billy loses the business's $8,000 while intending to deposit it in the bank. Potter finds the misplaced money, hides it from Billy, and George's troubles begin.","popularity":0.702757,"poster_path":"/qZJ6d1SDsfoztmBfStwkBeTaOwG.jpg","production_companies":[{"name":"Liberty Films (II)","id":11770}],"production_countries":[{"iso_3166_1":"US","name":"United States of America"}],"release_date":"1946-12-30","revenue":6600000,"runtime":130,"spoken_languages":[{"iso_639_1":"en","name":"English"}],"status":"Released","tagline":"It's a wonderful laugh! It's a wonderful love!","title":"It's a Wonderful Life","video":false,"vote_average":7.3,"vote_count":306}
