{"adult":false,"backdrop_path":"/sjJyxlCsQRDfsanDUg8xiFT7xgS.jpg","belongs_to_collection":null,"budget":10000000,"genres":[{"id":35,"name":"Comedy"},{"id":80,"name":"Crime"}],"homepage":"","id":1542,"imdb_id":"tt0151804","original_language":"en","original_title":"Office Space","overview":"Peter is a drone for a software company well on his way to a nervous breakdown when a hypnosis mishap opens his eyes. He becomes so apathetic toward his job that he can't even muster up the energy to quit. His new no-work ethic is mistaken by a pair of corporate headhunters as \"middle-management potential,\" and he is promoted as his pals Michael and Samir are laid off. Frustrated in his attempts to be down-sized, Peter hatches a plot to embezzle the company.","popularity":0.496914,"poster_path":"/iO9aZzrfmMvm3IqkFiQyuuUMLh2.jpg","production_companies":[{"name":"Twentieth Century Fox Film Corporation","id":306},{"name":"Cubicle Inc.","id":7458}],"production_countries":[{"iso_3166_1":"US","name":"United States of America"}],"release_date":"1999-02-19","revenue":12827813,"runtime":89,"spoken_languages":[{"iso_639_1":"en","name":"English"}],"status":"Released","tagline":"Work sucks.","title":"Office Space","video":false,"vote_average":7.2,"vote_count":388}
