{"adult":false,"backdrop_path":"/7Q4TZRh194AzbzcZLBJ4DQyhKoy.jpg","belongs_to_collection":null,"budget":0,"genres":[{"id":35,"name":"Comedy"},{"id":18,"name":"Drama"}],"homepage":"","id":1723,"imdb_id":"tt0074554","original_language":"en","original_title":"The Front","overview":"A cashier poses as a writer for blacklisted talents to submit their work through, but the injustice around him pushes him to take a stand.","popularity":0.009387,"poster_path":"/y5ic1QfksdZDyo5ag3rVgjpdnyt.jpg","production_companies":[{"name":"Columbia Pictures Corporation","id":441},{"name":"Persky-Bright Productions","id":624},{"name":"Rollins-Joffe Productions","id":13954},{"name":"Devon/Persky-Bright","id":29119}],"production_countries":[{"iso_3166_1":"US","name":"United States of America"}],"release_date":"1976-09-17","revenue":0,"runtime":95,"spoken_languages":[{"iso_639_1":"en","name":"English"}],"status":"Released","tagline":"","title":"The Front","video":false,"vote_average":4.4,"vote_count":5}
