{"adult":false,"backdrop_path":"/9CawH3AyiENhC2qyIDBhTkDenrt.jpg","belongs_to_collection":null,"budget":14000000,"genres":[{"id":18,"name":"Drama"},{"id":10749,"name":"Romance"}],"homepage":"","id":1713,"imdb_id":"tt0102175","original_language":"en","original_title":"Jungle Fever","overview":"A successful and married black man contemplates having an affair with a white girl from work. He's quite rightly worried that the racial difference would make an already taboo relationship even worse.","popularity":0.309635,"poster_path":"/eSWv0PSnBqQbSBzce6iaDFkf6T9.jpg","production_companies":[{"name":"Universal Pictures","id":33}],"production_countries":[{"iso_3166_1":"US","name":"United States of America"}],"release_date":"1991-06-07","revenue":32482682,"runtime":132,"spoken_languages":[{"iso_639_1":"en","name":"English"}],"status":"Released","tagline":"","title":"Jungle Fever","video":false,"vote_average":5.4,"vote_count":10}
