{"adult":false,"backdrop_path":"/zf7L87ZS2cXjaRT5d3ibIUaJvoo.jpg","belongs_to_collection":{"id":86105,"name":"American Psycho Collection","poster_path":"/ko4O9lcRGYOZAF5Hh79Mfsgjpun.jpg","backdrop_path":null},"budget":7000000,"genres":[{"id":18,"name":"Drama"},{"id":80,"name":"Crime"}],"homepage":"","id":1359,"imdb_id":"tt0144084","original_language":"en","original_title":"American Psycho","overview":"A wealthy New York investment banking executive hides his alternate psychopathic ego from his co-workers and friends as he escalates deeper into his illogical, gratuitous fantasies.","popularity":1.612219,"poster_path":"/qXsylPM4Lr5397R3eHrfqHhTUNc.jpg","production_companies":[{"name":"Lions Gate","id":6644}],"production_countries":[{"iso_3166_1":"CA","name":"Canada"},{"iso_3166_1":"US","name":"United States of America"}],"release_date":"2000-04-14","revenue":34266564,"runtime":102,"spoken_languages":[{"iso_639_1":"en","name":"English"},{"iso_639_1":"es","name":"Español"},{"iso_639_1":"cn","name":"广州话 / 廣州話"}],"status":"Released","tagline":"I think my mask of sanity is about to slip.","title":"American Psycho","video":false,"vote_average":7.0,"vote_count":494}
