{"adult":false,"backdrop_path":"/BGawPkvK3eJ1xIj2s3MF7OaKH.jpg","belongs_to_collection":null,"budget":0,"genres":[{"id":18,"name":"Drama"},{"id":53,"name":"Thriller"},{"id":80,"name":"Crime"}],"homepage":"","id":1841,"imdb_id":"tt0039545","original_language":"en","original_title":"Lady in the Lake","overview":"Private detective Philip Marlowe is asked by a publishing executive, Adrienne Fromsett, to locate the wife of her boss, publisher Derace Kingsby. Earlier she had sent her husband a telegram saying she was heading to Mexico to marry Chris Lavery. However Kingsby had recently seen Lavery in the neighbouring Bay City. Marlowe pursues his investigation at the Kingsby's lakeside cottage.","popularity":0.000153,"poster_path":"/puFzXTmB1TG184xcF7kaO5sCi97.jpg","production_companies":[{"name":"Metro-Goldwyn-Mayer (MGM)","id":8411}],"production_countries":[{"iso_3166_1":"US","name":"United States of America"}],"release_date":"1947-01-23","revenue":0,"runtime":105,"spoken_languages":[{"iso_639_1":"en","name":"English"}],"status":"Released","tagline":"Another Sizzling Murder Mystery by RAYMOND CHANDLER!","title":"Lady in the Lake","video":false,"vote_average":3.1,"vote_count":4}
