{"adult":false,"backdrop_path":"/uprkH1mXqPZQXyl19VShgw9YMTf.jpg","belongs_to_collection":null,"budget":57000000,"genres":[{"id":18,"name":"Drama"},{"id":27,"name":"Horror"},{"id":53,"name":"Thriller"},{"id":9648,"name":"Mystery"}],"homepage":"","id":1813,"imdb_id":"tt0118971","original_language":"en","original_title":"The Devil's Advocate","overview":"A hotshot lawyer gets more than he bargained for when he learns his new boss is Lucifer himself.","popularity":1.539006,"poster_path":"/eSivb4EyOAyEum70mOSHtAWiUe3.jpg","production_companies":[{"name":"Warner Bros. Pictures","id":174},{"name":"Kopelson Entertainment","id":824},{"name":"New Regency Pictures","id":10104}],"production_countries":[{"iso_3166_1":"DE","name":"Germany"},{"iso_3166_1":"US","name":"United States of America"}],"release_date":"1997-10-17","revenue":60984028,"runtime":144,"spoken_languages":[{"iso_639_1":"de","name":"Deutsch"},{"iso_639_1":"fr","name":"Français"},{"iso_639_1":"it","name":"Italiano"},{"iso_639_1":"es","name":"Español"},{"iso_639_1":"zh","name":"普通话"},{"iso_639_1":"en","name":"English"}],"status":"Released","tagline":"Evil has its winning ways.","title":"The Devil's Advocate","video":false,"vote_average":6.9,"vote_count":394}
