{"adult":false,"backdrop_path":"/kmUp2Yb06o4qRY1VE1hDybiSCej.jpg","belongs_to_collection":null,"budget":0,"genres":[{"id":18,"name":"Drama"}],"homepage":"http://emmas-glueck.pandorafilmverleih.de/","id":1543,"imdb_id":"tt0424992","original_language":"de","original_title":"Emmas Glück","overview":"Upon being informed that he is fatally ill with cancer, Max, who works at a used car store, steals money which his boss has gained through illegal means. When fleeing from the scene of the crime Max crashes his car. He is pulled unconscious from the destroyed vehicle by a homely young woman, Emma, who lives alone on a farm where Max decides to stay in order to hide from the police and his boss.","popularity":0.001034,"poster_path":"/aW7KJ00BLPvmMTnucAJLODyp22V.jpg","production_companies":[],"production_countries":[{"iso_3166_1":"DE","name":"Germany"}],"release_date":"2006-07-16","revenue":3500000,"runtime":103,"spoken_languages":[{"iso_639_1":"de","name":"Deutsch"}],"status":"Released","tagline":"","title":"Emma's Bliss","video":false,"vote_average":6.7,"vote_count":5}
