{"adult":false,"backdrop_path":"/j2xuK1BqhIF8MUryGpjIKufnLvU.jpg","belongs_to_collection":null,"budget":22000000,"genres":[{"id":35,"name":"Comedy"},{"id":10749,"name":"Romance"}],"homepage":"","id":1599,"imdb_id":"tt0356721","original_language":"en","original_title":"I Heart Huckabees","overview":"A husband-and-wife team play detective, but not in the traditional sense. Instead, the happy duo helps others solve their existential issues, the kind that keep you up at night, wondering what it all means.","popularity":0.462301,"poster_path":"/ixBOn4knr5kN72ui1ZeWBBZLDOe.jpg","production_companies":[{"name":"Fox Searchlight Pictures","id":43},{"name":"Scott Rudin Productions","id":258},{"name":"Qwerty Films","id":892},{"name":"N1 European Film Produktions GmbH & Co. KG","id":8874},{"name":"Kanzeon","id":23488},{"name":"Huckabee's","id":23489}],"production_countries":[{"iso_3166_1":"DE","name":"Germany"},{"iso_3166_1":"US","name":"United States of America"}],"release_date":"2004-09-10","revenue":0,"runtime":106,"spoken_languages":[{"iso_639_1":"en","name":"English"}],"status":"Released","tagline":"An existential comedy","title":"I Heart Huckabees","video":false,"vote_average":6.2,"vote_count":57}
