{"adult":false,"backdrop_path":"/am5mEE7bEHJQZLFmuXP8ytMHB3v.jpg","belongs_to_collection":null,"budget":0,"genres":[{"id":35,"name":"Comedy"},{"id":10749,"name":"Romance"}],"homepage":"http://www.becauseisaidsomovie.com/index_intro.htm","id":1257,"imdb_id":"tt0490084","original_language":"en","original_title":"Because I Said So","overview":"In an effort to prevent family history from repeating itself, meddlesome mom Daphne Wilder attempts to set up her youngest daughter, Milly, with Mr. Right. Meanwhile, her other daughters try to keep their mom's good intentions under control.","popularity":0.798316,"poster_path":"/a7fBuvCoPPP5RQMZuPN25OT4rk9.jpg","production_companies":[{"name":"Universal Pictures","id":33}],"production_countries":[{"iso_3166_1":"US","name":"United States of America"}],"release_date":"2007-02-02","revenue":0,"runtime":102,"spoken_languages":[{"iso_639_1":"en","name":"English"}],"status":"Released","tagline":"She's just your normal, overprotective, overbearing, over-the-top mother.","title":"Because I Said So","video":false,"vote_average":5.8,"vote_count":55}
