{"adult":false,"backdrop_path":"/telHJ9h64caCf6ni8mWiYUkMPhW.jpg","belongs_to_collection":null,"budget":0,"genres":[{"id":35,"name":"Comedy"},{"id":18,"name":"Drama"},{"id":27,"name":"Horror"}],"homepage":"","id":1560,"imdb_id":"tt0100623","original_language":"en","original_title":"Singapore sling: O anthropos pou agapise ena ptoma","overview":"Singapore Sling is chasing after Laura, a romantic memory from his past. One night he finds himself in a mysterious villa, watching two women bury a body. He falls into their trap and, in an atmosphere of isolation and decadence, the trio act out insane pleasure games and a ritual of blood and murder.","popularity":0.39917,"poster_path":"/9Arf8w8SbOdY9zvXqGzIrRCRUDZ.jpg","production_companies":[{"name":"Cinekip","id":940},{"name":"Marni Film","id":941},{"name":"Greek Film Center","id":7254}],"production_countries":[{"iso_3166_1":"GR","name":"Greece"}],"release_date":"1990-09-13","revenue":0,"runtime":115,"spoken_languages":[{"iso_639_1":"el","name":"ελληνικά"}],"status":"Released","tagline":"Trapped in a Deadly Game of Torture and Murder!","title":"Singapore Sling","video":false,"vote_average":7.4,"vote_count":5}
