{"adult":false,"backdrop_path":"/b1cfBhhorGYNPbMVT6C9cHwxRr8.jpg","belongs_to_collection":null,"budget":40000000,"genres":[{"id":53,"name":"Thriller"},{"id":80,"name":"Crime"},{"id":18,"name":"Drama"}],"homepage":"","id":1645,"imdb_id":"tt0117913","original_language":"en","original_title":"A Time to Kill","overview":"A young lawyer defends a black man accused of murdering two men who raped his 10-year-old daughter, sparking a rebirth of the KKK.","popularity":0.771891,"poster_path":"/sCHK5jHhRcrXZvZDekZXvRkDOHc.jpg","production_companies":[{"name":"Regency Enterprises","id":508},{"name":"Warner Bros.","id":6194}],"production_countries":[{"iso_3166_1":"US","name":"United States of America"}],"release_date":"1996-07-24","revenue":152266007,"runtime":149,"spoken_languages":[{"iso_639_1":"en","name":"English"}],"status":"Released","tagline":"Experience a time you'll never forget.","title":"A Time to Kill","video":false,"vote_average":6.8,"vote_count":133}
