{"adult":false,"backdrop_path":"/s4SmtlX13p1E2laSQqmVZQ8sYbe.jpg","belongs_to_collection":null,"budget":26000000,"genres":[{"id":28,"name":"Action"},{"id":12,"name":"Adventure"},{"id":35,"name":"Comedy"}],"homepage":"","id":134,"imdb_id":"tt0190590","original_language":"en","original_title":"O Brother, Where Art Thou?","overview":"In the deep south during the 1930s, three escaped convicts search for hidden treasure while a relentless lawman pursues them. On their journey they come across many comical characters and incredible situations. Based upon Homer's 'Odyssey'.","popularity":1.373393,"poster_path":"/eIqSzq6j3yuxNmifiUOh6iTpG9N.jpg","production_companies":[{"name":"Universal Pictures","id":33},{"name":"Studio Canal","id":5870},{"name":"Touchstone Pictures","id":9195}],"production_countries":[{"iso_3166_1":"FR","name":"France"},{"iso_3166_1":"GB","name":"United Kingdom"},{"iso_3166_1":"US","name":"United States of America"}],"release_date":"2000-12-21","revenue":71000000,"runtime":106,"spoken_languages":[{"iso_639_1":"en","name":"English"}],"status":"Released","tagline":"They have a plan...but not a clue.","title":"O Brother, Where Art Thou?","video":false,"vote_average":7.1,"vote_count":376}
