{"adult":false,"backdrop_path":"/ykxNnIEgZ1Md5pPEAEMmy2QvhPF.jpg","belongs_to_collection":{"id":239766,"name":"The Klapisch Trilogy","poster_path":"/woD0gFHbZgwi9RpLL0uSQ56hnJA.jpg","backdrop_path":"/3ahNzWAv20FlJ0i2wrrgKPOjQCT.jpg"},"budget":13000000,"genres":[{"id":35,"name":"Comedy"},{"id":18,"name":"Drama"},{"id":10749,"name":"Romance"}],"homepage":"","id":1826,"imdb_id":"tt0409184","original_language":"en","original_title":"Les Poupées Russes","overview":"Five years after their summer together in Barcelona, Xavier, William, Wendy, Martine and Isabelle reunite.","popularity":0.252424,"poster_path":"/dST7pIdTTXvu1k7HzlpAG5SIxe9.jpg","production_companies":[{"name":"StudioCanal","id":694},{"name":"TPS Cinéma","id":884},{"name":"Lunar Films","id":2568},{"name":"Canal+","id":5358},{"name":"Ce Qui Me Meut Motion Pictures","id":10572},{"name":"France 2 Cinéma","id":15671}],"production_countries":[{"iso_3166_1":"FR","name":"France"},{"iso_3166_1":"GB","name":"United Kingdom"}],"release_date":"2005-06-15","revenue":23727301,"runtime":129,"spoken_languages":[{"iso_639_1":"fr","name":"Français"}],"status":"Released","tagline":"","title":"Russian Dolls","video":false,"vote_average":6.4,"vote_count":55}
