{"adult":false,"backdrop_path":"/40gCaXoyT75wuLbz1t5BwpLm0w4.jpg","belongs_to_collection":null,"budget":15000000,"genres":[{"id":18,"name":"Drama"},{"id":53,"name":"Thriller"},{"id":80,"name":"Crime"},{"id":10749,"name":"Romance"}],"homepage":"http://www.matchpoint.dreamworks.com/main.html","id":116,"imdb_id":"tt0416320","original_language":"en","original_title":"Match Point","overview":"Match Point is Woody Allen’s satire of the British High Society and the ambition of a young tennis instructor to enter into it. Yet when he must decide between two women - one assuring him his place in high society, and the other that would bring him far from it - palms start to sweat and a dark psychological match in his head begins.","popularity":1.260607,"poster_path":"/80iHkrFzNxbSxlfMaLaNkGFRK2r.jpg","production_companies":[{"name":"DreamWorks","id":7}],"production_countries":[{"iso_3166_1":"GB","name":"United Kingdom"},{"iso_3166_1":"LU","name":"Luxembourg"},{"iso_3166_1":"US","name":"United States of America"}],"release_date":"2005-05-12","revenue":85306374,"runtime":124,"spoken_languages":[{"iso_639_1":"en","name":"English"}],"status":"Released","tagline":"Passion Temptation Obsession","title":"Match Point","video":false,"vote_average":7.1,"vote_count":297}
