{"adult":false,"backdrop_path":"/dB2rATwfCbsPGfRLIoluBnKdVHb.jpg","belongs_to_collection":{"id":353758,"name":"Ghibli Collection","poster_path":"/5s6UloiwHxxFzdYWW1Xf0FSIGg9.jpg","backdrop_path":"/jF2uXv0clc6896aO1oqE8fZ49XN.jpg"},"budget":26500000,"genres":[{"id":12,"name":"Adventure"},{"id":14,"name":"Fantasy"},{"id":16,"name":"Animation"}],"homepage":"","id":128,"imdb_id":"tt0119698","original_language":"ja","original_title":"もののけ姫","overview":"Ashitaka, a prince of the disappearing Ainu tribe, is cursed by a demonized boar god and must journey to the west to find a cure. Along the way, he encounters San, a young human woman fighting to protect the forest, and Lady Eboshi, who is trying to destroy it. Ashitaka must find a way to bring balance to this conflict.","popularity":1.752358,"poster_path":"/gzlJkVfWV5VEG5xK25cvFGJgkDz.jpg","production_companies":[{"name":"Miramax Films","id":14},{"name":"Studio Ghibli","id":10342}],"production_countries":[{"iso_3166_1":"JP","name":"Japan"}],"release_date":"1997-07-12","revenue":159375308,"runtime":134,"spoken_languages":[{"iso_639_1":"ja","name":"日本語"}],"status":"Released","tagline":"The Fate Of The World Rests On The Courage Of One Warrior.","title":"Princess Mononoke","video":false,"vote_average":8.0,"vote_count":637}
