{"adult":false,"backdrop_path":"/lshpN0UfiHqan1G9HalSUQVTJdJ.jpg","belongs_to_collection":{"id":86578,"name":"Hostel Collection","poster_path":"/2jLQFRlH8CC9cptcANY5cEtC1q8.jpg","backdrop_path":"/rXf4gEh8m3ZcK9KHkxT78Kscxee.jpg"},"budget":10200000,"genres":[{"id":27,"name":"Horror"}],"homepage":"","id":1691,"imdb_id":"tt0498353","original_language":"en","original_title":"Hostel: Part II","overview":"4 beautiful college students are tricked into entering a hostel where the 'hosts' like to torture, rape and murder. Following a geographical tour of Slovakia, three women are lured into a hostel by a handsome young man who sells them to the twisted masters, who tie them up and bring upon an unthinkable world of pain","popularity":1.24945,"poster_path":"/fRRjGgHCh6dWvRn1wSbv2VMO6JL.jpg","production_companies":[{"name":"Lions Gate Films","id":35},{"name":"Next Entertainment","id":1633},{"name":"Screen Gems","id":3287}],"production_countries":[{"iso_3166_1":"US","name":"United States of America"}],"release_date":"2007-06-08","revenue":35246833,"runtime":93,"spoken_languages":[{"iso_639_1":"pl","name":"Polski"},{"iso_639_1":"en","name":"English"}],"status":"Released","tagline":"","title":"Hostel: Part II","video":false,"vote_average":5.6,"vote_count":112}
