{"adult":false,"backdrop_path":null,"belongs_to_collection":null,"budget":0,"genres":[{"id":18,"name":"Drama"}],"homepage":"","id":126,"imdb_id":"tt0082631","original_language":"en","original_title":"Krótki dzień pracy","overview":"A polish film by Oscar nominated director Krzysztof Kieślowski. His most famous films are ‘Three Colors’ and ‘The Decalogue’ and this one.","popularity":0.021215,"poster_path":"/2SzD3cpPQyayMJxgynHjA7cLh6b.jpg","production_companies":[],"production_countries":[],"release_date":"1981-08-06","revenue":0,"runtime":73,"spoken_languages":[{"iso_639_1":"pl","name":"Polski"}],"status":"Released","tagline":"","title":"Short Working Day","video":false,"vote_average":0.0,"vote_count":0}
