{"adult":false,"backdrop_path":"/2RgHMTnLOOK6maWDOUWfLWHwB1Y.jpg","belongs_to_collection":null,"budget":0,"genres":[{"id":28,"name":"Action"},{"id":12,"name":"Adventure"},{"id":35,"name":"Comedy"}],"homepage":"","id":1732,"imdb_id":"tt0079753","original_language":"en","original_title":"The Prisoner of Zenda","overview":"Anthony Hope's classic tale gets a decidedly 'un-classic' treatment at the hands of Peter Sellers. Following the story somewhat, friends of the new King Rudolph of Ruritania fear for his life, and switch him with a look-a-like London cabby. Throw in two(!) lovely blondes, treachery, and a battle for life and honour, and enjoy life at its zaniest.","popularity":2e-06,"poster_path":"/lKXA0ByAq9k1rcLRp76NPeinRsC.jpg","production_companies":[],"production_countries":[{"iso_3166_1":"GB","name":"United Kingdom"}],"release_date":"1979-12-21","revenue":0,"runtime":108,"spoken_languages":[{"iso_639_1":"de","name":"Deutsch"},{"iso_639_1":"en","name":"English"},{"iso_639_1":"es","name":"Español"}],"status":"Released","tagline":"","title":"The Prisoner of Zenda","video":false,"vote_average":5.9,"vote_count":6}
