{"adult":false,"backdrop_path":"/1hCngs2CrxCZaPTwvxT9le7lJbO.jpg","belongs_to_collection":{"id":1575,"name":"Rocky Collection","poster_path":"/57GTZXXq1r96F4yIciQEYbSvJQy.jpg","backdrop_path":"/rmfyTF8AVVZqdd5i7JsSfU4X3Lr.jpg"},"budget":24000000,"genres":[{"id":18,"name":"Drama"}],"homepage":"http://www.rocky.com/","id":1246,"imdb_id":"tt0479143","original_language":"en","original_title":"Rocky Balboa","overview":"When he loses a highly publicized virtual boxing match to ex-champ Rocky Balboa, reigning heavyweight titleholder Mason Dixon retaliates by challenging the Itallian Stallion to a nationally televised, 10-round exhibition bout. To the surprise of his son and friends, Rocky agrees to come out of retirement and face an opponent who's faster, stronger and thirty years his junior.","popularity":1.269119,"poster_path":"/usZMPGxyRsyOpX5nuqHFxH3qlMh.jpg","production_companies":[{"name":"MGM","id":5899}],"production_countries":[{"iso_3166_1":"US","name":"United States of America"}],"release_date":"2006-12-20","revenue":155721132,"runtime":102,"spoken_languages":[{"iso_639_1":"es","name":"Español"},{"iso_639_1":"en","name":"English"}],"status":"Released","tagline":"Never give up. And never stop believing.","title":"Rocky Balboa","video":false,"vote_average":6.3,"vote_count":264}
