{"adult":false,"backdrop_path":"/nCZGEteVNXNzL3dH5Q4T41yxAfI.jpg","belongs_to_collection":{"id":1709,"name":"Planet of the Apes (Original) Collection","poster_path":"/n9nUdnx1awdQeHC6FTiNohr2fiT.jpg","backdrop_path":"/2BQc7pXBU7zWGWMJDQBDuV5X8ra.jpg"},"budget":3000000,"genres":[{"id":12,"name":"Adventure"},{"id":878,"name":"Science Fiction"},{"id":9648,"name":"Mystery"}],"homepage":"","id":1685,"imdb_id":"tt0065462","original_language":"en","original_title":"Beneath the Planet of the Apes","overview":"Astronaut Brent is sent to rescue Taylor but crash lands on the Planet of the Apes, just like Taylor did in the original film. Taylor has disappeared into the Forbidden Zone so Brent and Nova try to follow and find him. He discovers a cult of humans that fear the Apes' latest military movements and finds himself in the middle. Tension mounts to a climactic battle between ape and man deep in the bowels of the planet.","popularity":1.307099,"poster_path":"/pWXyweaAoFoprRHm9Ft33JakiQB.jpg","production_companies":[{"name":"Twentieth Century Fox Film Corporation","id":306},{"name":"APJAC Productions","id":12943}],"production_countries":[{"iso_3166_1":"US","name":"United States of America"}],"release_date":"1970-05-26","revenue":18999718,"runtime":95,"spoken_languages":[{"iso_639_1":"en","name":"English"}],"status":"Released","tagline":"An army of civilized apes...A fortress of radiation-crazed super humans...Earth's final battle is about to begin - Beneath the atomic rubble of what was once the city of New York!","title":"Beneath the Planet of the Apes","video":false,"vote_average":6.0,"vote_count":80}
