{"adult":false,"backdrop_path":"/14Jb0vOZKxbkyx5h0cQ8uj0sD3V.jpg","belongs_to_collection":null,"budget":13000000,"genres":[{"id":53,"name":"Thriller"},{"id":18,"name":"Drama"}],"homepage":"","id":1817,"imdb_id":"tt0183649","original_language":"en","original_title":"Phone Booth","overview":"A slick New York publicist who picks up a ringing receiver in a phone booth is told that if he hangs up, he'll be killed... and the little red light from a laser rifle sight is proof that the caller isn't kidding.","popularity":0.891267,"poster_path":"/xIaUpPok8WFnr79EAvgtGsIaJzV.jpg","production_companies":[{"name":"Fox 2000 Pictures","id":711}],"production_countries":[{"iso_3166_1":"US","name":"United States of America"}],"release_date":"2002-09-09","revenue":97837138,"runtime":81,"spoken_languages":[{"iso_639_1":"pl","name":"Polski"},{"iso_639_1":"en","name":"English"}],"status":"Released","tagline":"No options. No lies. No fear. No deals. Just keep talking.","title":"Phone Booth","video":false,"vote_average":6.4,"vote_count":280}
