{"adult":false,"backdrop_path":"/nB4AFmR90eCI4rCDYFYKzBZ2GMx.jpg","belongs_to_collection":null,"budget":300000,"genres":[{"id":35,"name":"Comedy"},{"id":18,"name":"Drama"}],"homepage":"http://www.piecesofaprilmovie.com/","id":1550,"imdb_id":"tt0311648","original_language":"en","original_title":"Pieces of April","overview":"Quirky and rebellious April Burns lives with her boyfriend in a low-rent New York City apartment miles away from her emotionally distant family. But when she discovers that her mother has a fatal form of breast cancer, she invites the clan to her place for Thanksgiving. While her father struggles to drive her family into the city, April -- an inexperienced cook -- runs into kitchen trouble and must ask a neighbor for help.","popularity":0.134521,"poster_path":"/ccDS002s5Aavb1qCjlx379jmHXu.jpg","production_companies":[{"name":"Kalkaska Productions","id":728},{"name":"IFC Productions","id":26468}],"production_countries":[{"iso_3166_1":"US","name":"United States of America"}],"release_date":"2003-01-19","revenue":0,"runtime":81,"spoken_languages":[{"iso_639_1":"zh","name":"普通话"},{"iso_639_1":"en","name":"English"}],"status":"Released","tagline":"She's the one in every family.","title":"Pieces of April","video":false,"vote_average":5.7,"vote_count":14}
