{"adult":false,"backdrop_path":"/zEGr2la1HklkSpn2TmmxsczNZOs.jpg","belongs_to_collection":null,"budget":15400000,"genres":[{"id":18,"name":"Drama"},{"id":53,"name":"Thriller"},{"id":9648,"name":"Mystery"}],"homepage":"","id":1782,"imdb_id":"tt0940580","original_language":"en","original_title":"Afterwards","overview":"Newly divorced lawyer Nathan Del Amico is shaken up after he meets a doctor who claims that he can sense when select people are about to die. Though he doesn't believe the doctor, events in Nathan's life slowly make him think he's not long for this world.","popularity":0.358816,"poster_path":"/chEHelGhgOX3LXbR6Vt7JVgY8bV.jpg","production_companies":[{"name":"Christal Films","id":749}],"production_countries":[{"iso_3166_1":"CA","name":"Canada"},{"iso_3166_1":"DE","name":"Germany"},{"iso_3166_1":"FR","name":"France"}],"release_date":"2008-10-01","revenue":0,"runtime":107,"spoken_languages":[{"iso_639_1":"fr","name":"Français"},{"iso_639_1":"en","name":"English"}],"status":"Released","tagline":"","title":"Afterwards","video":false,"vote_average":6.1,"vote_count":10}
