{"adult":false,"backdrop_path":null,"belongs_to_collection":null,"budget":0,"genres":[{"id":16,"name":"Animation"}],"homepage":"http://fairytales4you.net/","id":1438,"imdb_id":"tt0940833","original_language":"en","original_title":"Regoch","overview":"No overview found.","popularity":0.006592,"poster_path":null,"production_companies":[],"production_countries":[],"release_date":"2006-11-20","revenue":0,"runtime":23,"spoken_languages":[{"iso_639_1":"de","name":"Deutsch"},{"iso_639_1":"en","name":"English"},{"iso_639_1":"hr","name":"Hrvatski"}],"status":"Released","tagline":"","title":"Regoch","video":false,"vote_average":0.0,"vote_count":0}
