{"adult":false,"backdrop_path":null,"belongs_to_collection":null,"budget":0,"genres":[{"id":28,"name":"Action"}],"homepage":"","id":1489,"imdb_id":"tt0990406","original_language":"en","original_title":"Gears of War","overview":"No overview found.","popularity":5e-05,"poster_path":null,"production_companies":[{"name":"Temple Hill Productions","id":722}],"production_countries":[{"iso_3166_1":"US","name":"United States of America"}],"release_date":"","revenue":0,"runtime":0,"spoken_languages":[{"iso_639_1":"en","name":"English"}],"status":"Planned","tagline":"","title":"Gears of War","video":false,"vote_average":0.0,"vote_count":0}
