{"adult":false,"backdrop_path":"/yTZKBx66njeBNXFM1A26Rm49AWL.jpg","belongs_to_collection":{"id":91746,"name":"Bill & Ted's Most Excellent Collection","poster_path":"/e8ytcWY0r32q3RdNJDnv5KRh9hC.jpg","backdrop_path":"/m7KWyG7VwXoPbwr3DgeDqed8qU0.jpg"},"budget":0,"genres":[{"id":12,"name":"Adventure"},{"id":14,"name":"Fantasy"},{"id":35,"name":"Comedy"},{"id":878,"name":"Science Fiction"},{"id":10751,"name":"Family"}],"homepage":"","id":1649,"imdb_id":"tt0101452","original_language":"en","original_title":"Bill & Ted's Bogus Journey","overview":"Attention all righteous dudes and babes! Keanu Reeves and Alex Winter are back and better than ever with a most triumphant sequel to Bill And Ted's Excellent Adventure! Everything's excellent for everyone's favourite surf-speaking dudes. With their own apartment, a pair of bodacious princess babes and a spot on the upcoming battle of the bands, life couldn't be any better. But all that goes down the tubes when Bill and Ted's evil robot twins kill the San Dimas duo and then take over their lives.","popularity":0.278534,"poster_path":"/8JrQsGEO6WyM1KBpUxLqLiKa8vW.jpg","production_companies":[{"name":"Orion Pictures","id":41},{"name":"Nelson Entertainment","id":365},{"name":"Metro-Goldwyn-Mayer (MGM)","id":8411}],"production_countries":[{"iso_3166_1":"US","name":"United States of America"}],"release_date":"1991-07-19","revenue":0,"runtime":94,"spoken_languages":[{"iso_639_1":"en","name":"English"}],"status":"Released","tagline":"Once... they made history. Now... they are history.","title":"Bill & Ted's Bogus Journey","video":false,"vote_average":5.6,"vote_count":89}
