{"adult":false,"backdrop_path":"/6qYptQG2ynJANbyjjYOt4fpHfxF.jpg","belongs_to_collection":{"id":1575,"name":"Rocky Collection","poster_path":"/57GTZXXq1r96F4yIciQEYbSvJQy.jpg","backdrop_path":"/rmfyTF8AVVZqdd5i7JsSfU4X3Lr.jpg"},"budget":17000000,"genres":[{"id":18,"name":"Drama"}],"homepage":"","id":1371,"imdb_id":"tt0084602","original_language":"en","original_title":"Rocky III","overview":"Now the world champion, Rocky Balboa is living in luxury and only fighting opponents who pose no threat to him in the ring. His lifestyle of wealth and idleness is shaken when a powerful young fighter known as Clubber Lang challenges him to a bout. After taking a pounding from Lang, the humbled champ turns to former bitter rival Apollo Creed to help him regain his form for a rematch with Lang.","popularity":0.849531,"poster_path":"/7PM9662AGMsQR9BLlNV8aLgCY1k.jpg","production_companies":[{"name":"United Artists","id":60}],"production_countries":[{"iso_3166_1":"US","name":"United States of America"}],"release_date":"1982-05-28","revenue":124000000,"runtime":99,"spoken_languages":[{"iso_639_1":"en","name":"English"}],"status":"Released","tagline":"His life is happy, his fights have seemed easy. Now a young upstart is going to make him prove just how far he can still go...","title":"Rocky III","video":false,"vote_average":6.4,"vote_count":258}
