{"adult":false,"backdrop_path":"/5MeySykF4EkCvTUcRhOc7jJUtZO.jpg","belongs_to_collection":null,"budget":8000000,"genres":[{"id":18,"name":"Drama"},{"id":28,"name":"Action"},{"id":36,"name":"History"},{"id":10769,"name":"Foreign"}],"homepage":"","id":1436,"imdb_id":"tt0275083","original_language":"ko","original_title":"무사","overview":"In 1375, China was in chaos between Yuan Dynasty and Ming Dynasty. Coryo (an ancient kingdom of Korea then) sent a delegation of many diplomats, soldiers and a silent slave to make peace with the new Chinese government. However, this delegation got charged as spies and sent in exile to a remote desert.","popularity":0.389428,"poster_path":"/5mlJbhh9SIVNG8KAxsnNYTMMHeg.jpg","production_companies":[{"name":"Intz.com","id":709},{"name":"KTB Network","id":710}],"production_countries":[{"iso_3166_1":"CN","name":"China"},{"iso_3166_1":"KR","name":"South Korea"}],"release_date":"2001-09-07","revenue":0,"runtime":155,"spoken_languages":[{"iso_639_1":"ko","name":"한국어/조선말"},{"iso_639_1":"zh","name":"普通话"}],"status":"Released","tagline":"","title":"The Warrior","video":false,"vote_average":6.3,"vote_count":8}
