{"adult":false,"backdrop_path":"/kOpCxzuN84AgK9QlXNoAwikebKC.jpg","belongs_to_collection":null,"budget":0,"genres":[{"id":35,"name":"Comedy"},{"id":18,"name":"Drama"},{"id":10769,"name":"Foreign"}],"homepage":"","id":1629,"imdb_id":"tt0061473","original_language":"fr","original_title":"La chinoise","overview":"A small group of French students are studying Mao, trying to find out their position in the world and how to change the world to a Maoistic community using terrorism.","popularity":0.005925,"poster_path":"/43obwnwFkFf6gYyVuWbr7OYY7E2.jpg","production_companies":[],"production_countries":[{"iso_3166_1":"FR","name":"France"}],"release_date":"1967-08-30","revenue":0,"runtime":96,"spoken_languages":[{"iso_639_1":"fr","name":"Français"}],"status":"Released","tagline":"","title":"La Chinoise","video":false,"vote_average":6.5,"vote_count":6}
