{"adult":false,"backdrop_path":"/mqMGZIMKg2tGEkcuSduAxWAL7UF.jpg","belongs_to_collection":{"id":178106,"name":"Darko Collection","poster_path":"/4Oj6ctBucsLvkbKsQMDaDXXR5cu.jpg","backdrop_path":"/hja7IzXp6how8eD1WHriI386TGY.jpg"},"budget":6000000,"genres":[{"id":14,"name":"Fantasy"},{"id":18,"name":"Drama"},{"id":9648,"name":"Mystery"}],"homepage":"","id":141,"imdb_id":"tt0246578","original_language":"en","original_title":"Donnie Darko","overview":"A troubled teenager is plagued by visions of a large bunny rabbit that manipulates him to commit a series of crimes, after narrowly escaping a bizarre accident.","popularity":2.263105,"poster_path":"/dGcIsUfeatHYqgp9gX6KOcYT427.jpg","production_companies":[{"name":"Pandora Cinema","id":185},{"name":"Flower Films","id":2214},{"name":"Adam Fields Productions","id":3334}],"production_countries":[{"iso_3166_1":"US","name":"United States of America"}],"release_date":"2001-10-26","revenue":1270522,"runtime":113,"spoken_languages":[{"iso_639_1":"en","name":"English"}],"status":"Released","tagline":"Dark. Darker. Darko.","title":"Donnie Darko","video":false,"vote_average":7.4,"vote_count":903}
