{"adult":false,"backdrop_path":"/fw55RO25n7cd6l19qB3mwwy4kbV.jpg","belongs_to_collection":null,"budget":0,"genres":[{"id":18,"name":"Drama"},{"id":10769,"name":"Foreign"}],"homepage":"","id":1561,"imdb_id":"tt0061996","original_language":"fr","original_title":"Mouchette","overview":"Mouchette is a young teenager living in the tough country. Her mother is about to die, and her father does not take care of her. Mouchette remains silent in the face of the humiliations she undergoes. One night in the woods, she meets Arsene, a poacher. He thinks he has just killed Mathieu, the rural policeman, and attempts to use Mouchette to build an alibi.","popularity":0.000885,"poster_path":"/uY8ZOuAeNm5HWNC8SZAPQb4cUcW.jpg","production_companies":[{"name":"Argos Films","id":6116},{"name":"Parc Film","id":14680}],"production_countries":[{"iso_3166_1":"FR","name":"France"}],"release_date":"1967-03-28","revenue":0,"runtime":81,"spoken_languages":[{"iso_639_1":"fr","name":"Français"}],"status":"Released","tagline":"","title":"Mouchette","video":false,"vote_average":5.9,"vote_count":8}
