{"adult":false,"backdrop_path":"/2JTylhhJLErHdEvj1zSXXmVIWih.jpg","belongs_to_collection":null,"budget":40000000,"genres":[{"id":18,"name":"Drama"}],"homepage":"http://movies.uip.de/ray/","id":1677,"imdb_id":"tt0350258","original_language":"en","original_title":"Ray","overview":"Born on a sharecropping plantation in Northern Florida, Ray Charles went blind at seven. Inspired by a fiercely independent mom who insisted he make his own way, He found his calling and his gift behind a piano keyboard. Touring across the Southern musical circuit, the soulful singer gained a reputation and then exploded with worldwide fame when he pioneered couping gospel and country together.","popularity":0.50529,"poster_path":"/9hJxDqu3LugA3lQhpEWuvgXJKil.jpg","production_companies":[{"name":"Universal Pictures","id":33}],"production_countries":[{"iso_3166_1":"US","name":"United States of America"}],"release_date":"2004-10-11","revenue":124731534,"runtime":152,"spoken_languages":[{"iso_639_1":"en","name":"English"}],"status":"Released","tagline":"The extraordinary life story of Ray Charles. A man who fought harder and went farther than anyone thought possible.","title":"Ray","video":false,"vote_average":7.1,"vote_count":120}
