{"adult":false,"backdrop_path":"/3qvtPTzdeV5cJFBpJO56KFAkF4d.jpg","belongs_to_collection":null,"budget":85000000,"genres":[{"id":18,"name":"Drama"},{"id":53,"name":"Thriller"},{"id":36,"name":"History"}],"homepage":"http://www.thegoodshepherdmovie.com/","id":1247,"imdb_id":"tt0343737","original_language":"en","original_title":"The Good Shepherd","overview":"Edward Wilson, the only witness to his father's suicide and member of the Skull and Bones Society while a student at Yale, is a morally upright young man who values honor and discretion, qualities that help him to be recruited for a career in the newly founded OSS. His dedication to his work does not come without a price though, leading him to sacrifice his ideals and eventually his family.","popularity":0.957335,"poster_path":"/s2RYkRXrjUIyOlmzym37kpLTKRz.jpg","production_companies":[{"name":"Universal Pictures","id":33},{"name":"American Zoetrope","id":70}],"production_countries":[{"iso_3166_1":"US","name":"United States of America"}],"release_date":"2006-12-11","revenue":59908565,"runtime":167,"spoken_languages":[{"iso_639_1":"en","name":"English"},{"iso_639_1":"ru","name":"Pусский"},{"iso_639_1":"es","name":"Español"},{"iso_639_1":"de","name":"Deutsch"},{"iso_639_1":"ln","name":""}],"status":"Released","tagline":"The untold story of the most powerful covert agency in the world.","title":"The Good Shepherd","video":false,"vote_average":5.6,"vote_count":101}
