{"adult":false,"backdrop_path":"/nL5wZvZjAi11kP9HSWYIdyiGhN8.jpg","belongs_to_collection":{"id":131,"name":"Three Colors Collection","poster_path":"/diw724t2rabkmOAmM2Ffv2v4Zes.jpg","backdrop_path":"/AeHExfHIl70SZCea907KfEoSkfJ.jpg"},"budget":0,"genres":[{"id":18,"name":"Drama"},{"id":9648,"name":"Mystery"},{"id":10749,"name":"Romance"}],"homepage":"","id":110,"imdb_id":"tt0111495","original_language":"en","original_title":"Trois couleurs : Rouge","overview":"Red This is the third film from the trilogy by Kieślowski. “Red” meaning brotherliness. Here Kieślowski masterly tells strange coincidentally linked stories in the most packed work.","popularity":1.043879,"poster_path":"/klFrlf8XmwmIVvy9NcPNBQMyxps.jpg","production_companies":[{"name":"Zespół Filmowy TOR","id":38},{"name":"Le Studio Canal+","id":183},{"name":"France 3 Cinéma","id":591},{"name":"Télévision Suisse-Romande","id":1245}],"production_countries":[{"iso_3166_1":"FR","name":"France"},{"iso_3166_1":"PL","name":"Poland"},{"iso_3166_1":"CH","name":"Switzerland"}],"release_date":"1994-05-27","revenue":0,"runtime":99,"spoken_languages":[{"iso_639_1":"fr","name":"Français"},{"iso_639_1":"hu","name":"Magyar"}],"status":"Released","tagline":"","title":"Three Colors: Red","video":false,"vote_average":7.9,"vote_count":56}
