{"adult":false,"backdrop_path":"/cY91KmRgdACq3wFGrrqMvF84xQe.jpg","belongs_to_collection":null,"budget":0,"genres":[{"id":28,"name":"Action"},{"id":35,"name":"Comedy"},{"id":18,"name":"Drama"}],"homepage":"","id":1554,"imdb_id":"tt0090967","original_language":"en","original_title":"Down by Law","overview":"The story of three men from completely different tracks who all meet in a Louisiana prison cell and eventually begin an awkward journey together. A refreshing black comedy from cult director Jim Jarmusch.","popularity":0.83679,"poster_path":"/2wvS4ctu3bDPB7Ele3SABwXnAuS.jpg","production_companies":[{"name":"Island Pictures","id":3492},{"name":"Black Snake","id":21612},{"name":"Grokenberger Film Produktion","id":42043}],"production_countries":[{"iso_3166_1":"DE","name":"Germany"},{"iso_3166_1":"US","name":"United States of America"}],"release_date":"1986-05-01","revenue":0,"runtime":107,"spoken_languages":[{"iso_639_1":"it","name":"Italiano"},{"iso_639_1":"en","name":"English"}],"status":"Released","tagline":"It's not where you start - It's where you start again.","title":"Down by Law","video":false,"vote_average":7.4,"vote_count":27}
