{"adult":false,"backdrop_path":"/5tc7kIF9MXLwSDyW61sj4jTvBxX.jpg","belongs_to_collection":{"id":5039,"name":"Rambo Collection","poster_path":"/a61qhaM73Acotl98fAxj6ey7YzE.jpg","backdrop_path":"/Yt2ZxbJv2HM842B6FNMr59Vhyb.jpg"},"budget":15000000,"genres":[{"id":28,"name":"Action"},{"id":12,"name":"Adventure"},{"id":53,"name":"Thriller"},{"id":10752,"name":"War"}],"homepage":"","id":1368,"imdb_id":"tt0083944","original_language":"en","original_title":"First Blood","overview":"When former Green Beret John Rambo is harassed by local law enforcement and arrested for vagrancy, the Vietnam vet snaps, runs for the hills and rat-a-tat-tats his way into the action-movie hall of fame. Hounded by a relentless sheriff, Rambo employs heavy-handed guerilla tactics to shake the cops off his tail.","popularity":2.107217,"poster_path":"/xl5W9LHaXQG63LmLiNg90qpes2W.jpg","production_companies":[{"name":"Orion Pictures","id":41}],"production_countries":[{"iso_3166_1":"US","name":"United States of America"}],"release_date":"1982-10-22","revenue":125212904,"runtime":93,"spoken_languages":[{"iso_639_1":"en","name":"English"}],"status":"Released","tagline":"This time he's fighting for his life.","title":"First Blood","video":false,"vote_average":6.8,"vote_count":429}
