{"adult":false,"backdrop_path":"/3TTlDks9jbQePIa9DqgKRqXGkG3.jpg","belongs_to_collection":{"id":259398,"name":"Teenage Apocalypse Trilogy","poster_path":null,"backdrop_path":"/3pzDZR85GPgdC6b4HwHqzqeEDfB.jpg"},"budget":0,"genres":[{"id":878,"name":"Science Fiction"},{"id":18,"name":"Drama"},{"id":35,"name":"Comedy"}],"homepage":"","id":1811,"imdb_id":"tt0119809","original_language":"en","original_title":"Nowhere","overview":"The third film in a trilogy by writer-director Gregg Araki. Described as \"90210 on acid\", the film tells the story of a day in the lives of a group of high school kids Los Angeles and the strange lives they lead.","popularity":0.12077,"poster_path":"/pF6MKCdME7Z2hvMkqY5vokRe408.jpg","production_companies":[{"name":"Desperate Pictures","id":1474},{"name":"UGC Images","id":1475}],"production_countries":[{"iso_3166_1":"FR","name":"France"},{"iso_3166_1":"US","name":"United States of America"}],"release_date":"1997-05-09","revenue":27354,"runtime":82,"spoken_languages":[{"iso_639_1":"en","name":"English"}],"status":"Released","tagline":"Let the love feast begin.","title":"Nowhere","video":false,"vote_average":5.4,"vote_count":8}
