{"adult":false,"backdrop_path":"/bM8xMnxdsR0iJt3pdF4Ncus4KV8.jpg","belongs_to_collection":{"id":1733,"name":"The Mummy Collection","poster_path":"/jKVaPlvPfsmekiOaFqCKuGwle5M.jpg","backdrop_path":"/1BeKi6IytbfQlQocJSvP2k6sO1a.jpg"},"budget":98000000,"genres":[{"id":28,"name":"Action"},{"id":12,"name":"Adventure"},{"id":18,"name":"Drama"},{"id":14,"name":"Fantasy"},{"id":27,"name":"Horror"},{"id":53,"name":"Thriller"}],"homepage":"","id":1734,"imdb_id":"tt0209163","original_language":"en","original_title":"The Mummy Returns","overview":"Rick and Evelyn O'Connell, along with their 8 year old son Alex, discover the key to the legendary Scorpion King's might, the fabled Bracelet of Anubis. Unfortunately, a newly resurrected Imhotep has designs on the bracelet as well, and isn't above kidnapping its new bearer, Alex, to gain control of Anubis' otherworldly army.","popularity":2.196727,"poster_path":"/hioiYUZVIuYIhagDGhIAjyNEUu0.jpg","production_companies":[{"name":"Universal Pictures","id":33},{"name":"Alphaville Films","id":11462},{"name":"Imhotep Productions","id":20242}],"production_countries":[{"iso_3166_1":"US","name":"United States of America"}],"release_date":"2001-04-28","revenue":433013274,"runtime":130,"spoken_languages":[{"iso_639_1":"en","name":"English"},{"iso_639_1":"ar","name":"العربية"}],"status":"Released","tagline":"The most powerful force on earth is about to be unleashed by the two people who should know better.","title":"The Mummy Returns","video":false,"vote_average":5.8,"vote_count":921}
