{"adult":false,"backdrop_path":"/qNy8VuhzxGkwnYDOLufnaj4jEmW.jpg","belongs_to_collection":null,"budget":0,"genres":[{"id":80,"name":"Crime"}],"homepage":"","id":1848,"imdb_id":"tt0145400","original_language":"en","original_title":"Poodle Springs","overview":"Private eye Philip Marlowe and his bride move to a desert town, where he uncovers a land scheme.","popularity":0.000297,"poster_path":"/dFQmczRAC94nv9rXiQ0kuKjWGpF.jpg","production_companies":[{"name":"Mirage Enterprises","id":932},{"name":"Home Box Office (HBO)","id":3268},{"name":"Avnet/Kerner Productions","id":34998}],"production_countries":[{"iso_3166_1":"US","name":"United States of America"}],"release_date":"1998-07-25","revenue":0,"runtime":92,"spoken_languages":[{"iso_639_1":"en","name":"English"}],"status":"Released","tagline":"Sex. Murder. Marlowe. This town has everything.","title":"Poodle Springs","video":false,"vote_average":5.5,"vote_count":1}
