{"adult":false,"backdrop_path":"/hwO0HeMdV9mEuu1yUQweEhcUU3W.jpg","belongs_to_collection":null,"budget":0,"genres":[{"id":99,"name":"Documentary"},{"id":36,"name":"History"}],"homepage":"","id":1779,"imdb_id":"tt0098213","original_language":"en","original_title":"Roger & Me","overview":"A documentary about the closure of General Motors' plant at Flint, Michigan, which resulted in the loss of 30,000 jobs. Details the attempts of filmmaker Michael Moore to get an interview with GM CEO Roger Smith.","popularity":9e-06,"poster_path":"/ibZb8F869oN4z3oxTLrpvXqdyfL.jpg","production_companies":[{"name":"Warner Bros.","id":6194},{"name":"Dog Eat Dog Films","id":26137}],"production_countries":[{"iso_3166_1":"US","name":"United States of America"}],"release_date":"1989-09-01","revenue":0,"runtime":91,"spoken_languages":[{"iso_639_1":"en","name":"English"}],"status":"Released","tagline":"","title":"Roger & Me","video":false,"vote_average":6.8,"vote_count":19}
