{"adult":false,"backdrop_path":"/wcvg2Zj3Y4NmP6ZTFsLeSWXWKjF.jpg","belongs_to_collection":null,"budget":3000000,"genres":[{"id":18,"name":"Drama"},{"id":80,"name":"Crime"}],"homepage":"","id":1807,"imdb_id":"tt0363589","original_language":"en","original_title":"Elephant","overview":"Several ordinary high school students go through their daily routine as two others prepare for something more malevolent. The film chronicles the events surrounding a school shooting.","popularity":0.730115,"poster_path":"/AgSWtbb8zMtTyjHFP12QeRbQGD5.jpg","production_companies":[{"name":"HBO Films","id":7429},{"name":"Fearmakers Studios","id":7430}],"production_countries":[{"iso_3166_1":"US","name":"United States of America"}],"release_date":"2003-05-18","revenue":10012022,"runtime":81,"spoken_languages":[{"iso_639_1":"en","name":"English"}],"status":"Released","tagline":"An ordinary high school day. Except that it's not.","title":"Elephant","video":false,"vote_average":7.0,"vote_count":75}
