{"adult":false,"backdrop_path":"/ctOEhQiFIHWkiaYp7b0ibSTe5IL.jpg","belongs_to_collection":null,"budget":55000000,"genres":[{"id":35,"name":"Comedy"},{"id":18,"name":"Drama"},{"id":10749,"name":"Romance"}],"homepage":"","id":13,"imdb_id":"tt0109830","original_language":"en","original_title":"Forrest Gump","overview":"A man with a low IQ has accomplished great things in his life and been present during significant historic events - in each case, far exceeding what anyone imagined he could do. Yet, despite all the things he has attained, his one true love eludes him. 'Forrest Gump' is the story of a man who rose above his challenges, and who proved that determination, courage, and love are more important than ability.","popularity":3.359079,"poster_path":"/y3EsNpMFwvpcucLmx4HiiRRhCXV.jpg","production_companies":[{"name":"Paramount Pictures","id":4}],"production_countries":[{"iso_3166_1":"US","name":"United States of America"}],"release_date":"1994-06-22","revenue":677945399,"runtime":142,"spoken_languages":[{"iso_639_1":"en","name":"English"}],"status":"Released","tagline":"The world will never be the same, once you've seen it through the eyes of Forrest Gump.","title":"Forrest Gump","video":false,"vote_average":7.9,"vote_count":2917}
