{"adult":false,"backdrop_path":"/zbxN1hDvVR06Jq1ucABcnQqsDvH.jpg","belongs_to_collection":null,"budget":0,"genres":[{"id":18,"name":"Drama"}],"homepage":"","id":1665,"imdb_id":"tt0403217","original_language":"en","original_title":"Last Days","overview":"The life and struggles of a notorious rock musician seeping into a pit of loneliness whose everyday life involves friends and family seeking financial aid and favors, inspired by rock music legend Kurt Cobain and his final hours.","popularity":0.174709,"poster_path":"/u2yk0z5sWepWMHHkdZlFikAz3b0.jpg","production_companies":[{"name":"HBO Films","id":7429},{"name":"Picturehouse Entertainment","id":11486},{"name":"Pie Films Inc.","id":13507}],"production_countries":[{"iso_3166_1":"US","name":"United States of America"}],"release_date":"2005-05-13","revenue":1928985,"runtime":96,"spoken_languages":[{"iso_639_1":"en","name":"English"}],"status":"Released","tagline":"Rock and roll will never die.","title":"Last Days","video":false,"vote_average":4.9,"vote_count":20}
