{"adult":false,"backdrop_path":"/13DIK3beAoroeJSdrcYm66s6hal.jpg","belongs_to_collection":{"id":17235,"name":"Hellboy Collection","poster_path":"/81B1OdGY7f3TVN06eKra25vHzYk.jpg","backdrop_path":"/i6WF7cYiogl8g5ryZDbZBw8RNVN.jpg"},"budget":66000000,"genres":[{"id":14,"name":"Fantasy"},{"id":28,"name":"Action"},{"id":878,"name":"Science Fiction"}],"homepage":"http://www.sonypictures.com/homevideo/hellboy/","id":1487,"imdb_id":"tt0167190","original_language":"en","original_title":"Hellboy","overview":"In the final days of World War II, the Nazis attempt to use black magic to aid their dying cause. The Allies raid the camp where the ceremony is taking place, but not before a demon - Hellboy - has already been conjured. Joining the Allied forces, Hellboy eventually grows to adulthood, serving the cause of good rather than evil.","popularity":2.286316,"poster_path":"/3fAWzI9MUosggdGMu7EaDhn44m6.jpg","production_companies":[{"name":"Revolution Studios","id":497},{"name":"Dark Horse Entertainment","id":552},{"name":"Lawrence Gordon Productions","id":840},{"name":"Starlite Films","id":21497}],"production_countries":[{"iso_3166_1":"US","name":"United States of America"}],"release_date":"2004-04-02","revenue":99318987,"runtime":122,"spoken_languages":[{"iso_639_1":"ru","name":"Pусский"},{"iso_639_1":"en","name":"English"}],"status":"Released","tagline":"From the Dark Side to Our Side.","title":"Hellboy","video":false,"vote_average":6.2,"vote_count":611}
