{"adult":false,"backdrop_path":"/uF9Pn5ZogD4QOonU0nIiTMKYOMm.jpg","belongs_to_collection":null,"budget":5000000,"genres":[{"id":18,"name":"Drama"},{"id":14,"name":"Fantasy"}],"homepage":"http://www.miramax.com/movie/heavenly-creatures","id":1024,"imdb_id":"tt0110005","original_language":"en","original_title":"Heavenly Creatures","overview":"Based on the true story of Juliet Hulme and Pauline Parker, two close friends who share a love of fantasy and literature, who conspire to kill Pauline's mother when she tries to end the girls' intense and obsessive relationship.","popularity":0.508053,"poster_path":"/5ek49TUeqStPmKwNdxrCSUAdXNe.jpg","production_companies":[{"name":"WingNut Films","id":11},{"name":"Miramax Films","id":14},{"name":"New Zealand Film Commission","id":294},{"name":"Fontana Productions","id":2306}],"production_countries":[{"iso_3166_1":"NZ","name":"New Zealand"}],"release_date":"1994-09-02","revenue":3049135,"runtime":99,"spoken_languages":[{"iso_639_1":"en","name":"English"}],"status":"Released","tagline":"From a secret world no one could see...came a crime no one could believe.","title":"Heavenly Creatures","video":false,"vote_average":6.7,"vote_count":55}
