{"adult":false,"backdrop_path":"/whEGHbuyCwXq8afNTAALdgfdRYE.jpg","belongs_to_collection":{"id":221541,"name":"Godzilla Collection","poster_path":"/nncQXO299wkUWsjQUtpvRmSyFgP.jpg","backdrop_path":"/8k47vHM7YtLTH10ZOB5m07fPMMc.jpg"},"budget":1000000,"genres":[{"id":53,"name":"Thriller"},{"id":27,"name":"Horror"},{"id":878,"name":"Science Fiction"}],"homepage":"","id":1678,"imdb_id":"tt0047034","original_language":"ja","original_title":"ゴジラ","overview":"Japan is thrown into a panic after several ships explode and are sunk near Odo Island. An expedition to the island led by paleontologist Professor Kyohei Yemani soon discover something more devastating than imagined in the form of a 164 foot tall monster whom the natives call Gojira. Now the monster begins a rampage that threatens to destroy not only Japan, but the rest of the world as well.","popularity":0.32649,"poster_path":"/qGTJmSFytUDBtbJ7jFSYdQF1lNM.jpg","production_companies":[{"name":"Toho Film (Eiga) Co. Ltd.","id":622}],"production_countries":[{"iso_3166_1":"JP","name":"Japan"}],"release_date":"1954-11-03","revenue":0,"runtime":96,"spoken_languages":[{"iso_639_1":"ja","name":"日本語"}],"status":"Released","tagline":"It's Alive!","title":"Godzilla","video":false,"vote_average":5.9,"vote_count":33}
