{"adult":false,"backdrop_path":null,"belongs_to_collection":null,"budget":0,"genres":[{"id":99,"name":"Documentary"}],"homepage":"","id":1564,"imdb_id":"tt0045673","original_language":"en","original_title":"Daybreak Express","overview":"Commuting through New York City.","popularity":0.000144,"poster_path":"/xlRQt4LAut82VTjkvAd0TQo6dRh.jpg","production_companies":[],"production_countries":[{"iso_3166_1":"US","name":"United States of America"}],"release_date":"1953-01-01","revenue":0,"runtime":5,"spoken_languages":[{"iso_639_1":"en","name":"English"}],"status":"Released","tagline":"","title":"Daybreak Express","video":false,"vote_average":5.3,"vote_count":2}
