{"adult":false,"backdrop_path":"/brm75bRffmi2SlsUmsHUxUVI1Hg.jpg","belongs_to_collection":null,"budget":0,"genres":[{"id":80,"name":"Crime"},{"id":18,"name":"Drama"},{"id":9648,"name":"Mystery"}],"homepage":"","id":1847,"imdb_id":"tt0070334","original_language":"en","original_title":"The Long Goodbye","overview":"Detective Philip Marlowe tries to help a friend who is accused of murdering his wife.","popularity":0.447097,"poster_path":"/8EcJsNOIp4Z75b6jsOqsYZOZnRd.jpg","production_companies":[{"name":"Lions Gate Films","id":35},{"name":"E-K-Corporation","id":18339}],"production_countries":[{"iso_3166_1":"US","name":"United States of America"}],"release_date":"1973-03-07","revenue":0,"runtime":113,"spoken_languages":[{"iso_639_1":"de","name":"Deutsch"},{"iso_639_1":"fr","name":"Français"},{"iso_639_1":"en","name":"English"}],"status":"Released","tagline":"Nothing says goodbye like a bullet....","title":"The Long Goodbye","video":false,"vote_average":7.0,"vote_count":26}
