{"adult":false,"backdrop_path":null,"belongs_to_collection":null,"budget":0,"genres":[{"id":36,"name":"History"},{"id":18,"name":"Drama"}],"homepage":"","id":1849,"imdb_id":"tt0057362","original_language":"en","original_title":"Nine Hours to Rama","overview":"José Ferrer and Horst Buchholz star in this fictionalised account of events leading up to the assassination of Indian spiritual leader and independence campaigner Mahatma Gandhi.","popularity":0.000148,"poster_path":"/7bOYh7WduqG3C0y3vWlg8sek34z.jpg","production_companies":[{"name":"Red Lion","id":2409},{"name":"Twentieth Century-Fox Productions","id":11865}],"production_countries":[{"iso_3166_1":"GB","name":"United Kingdom"},{"iso_3166_1":"US","name":"United States of America"}],"release_date":"1963-04-30","revenue":0,"runtime":119,"spoken_languages":[{"iso_639_1":"en","name":"English"}],"status":"Released","tagline":"The murder that changed the lives of millions!","title":"Nine Hours to Rama","video":false,"vote_average":0.0,"vote_count":0}
