{"adult":false,"backdrop_path":"/kd4z5FJOVjCvuTSGmf8SH3JarC9.jpg","belongs_to_collection":null,"budget":35000000,"genres":[{"id":18,"name":"Drama"},{"id":36,"name":"History"}],"homepage":"","id":1689,"imdb_id":"tt0107426","original_language":"en","original_title":"Little Buddha","overview":"Little Buddha is a movie about the life of Siddhartha starring Keanu Reeves and Bridget Fonda and directed by Bernardo Bertolucci.","popularity":0.829575,"poster_path":"/lXbIlZEisZs2V44YGA6yr4PBHZs.jpg","production_companies":[{"name":"Miramax Films","id":14}],"production_countries":[{"iso_3166_1":"FR","name":"France"},{"iso_3166_1":"IT","name":"Italy"},{"iso_3166_1":"LI","name":"Liechtenstein"},{"iso_3166_1":"GB","name":"United Kingdom"}],"release_date":"1993-12-01","revenue":4858139,"runtime":140,"spoken_languages":[{"iso_639_1":"en","name":"English"}],"status":"Released","tagline":"","title":"Little Buddha","video":false,"vote_average":6.0,"vote_count":17}
