{"adult":false,"backdrop_path":"/uvbjTLZSxGehXWDo1ENyVuBrYie.jpg","belongs_to_collection":{"id":1575,"name":"Rocky Collection","poster_path":"/57GTZXXq1r96F4yIciQEYbSvJQy.jpg","backdrop_path":"/rmfyTF8AVVZqdd5i7JsSfU4X3Lr.jpg"},"budget":31000000,"genres":[{"id":18,"name":"Drama"}],"homepage":"","id":1374,"imdb_id":"tt0089927","original_language":"en","original_title":"Rocky IV","overview":"Rocky must come out of retirement to battle a gargantuan Soviet fighter named Drago, who brutally punished Rocky's friend and former rival, Apollo Creed. Seeking revenge in the name of his fallen comrade and his country, Rocky agrees to fight Drago in Moscow on Christmas, and the bout changes both fighters -- and the world.","popularity":1.3888,"poster_path":"/1aKKCOiFp4QQnEbRYb6jHHmEQk.jpg","production_companies":[{"name":"United Artists","id":60}],"production_countries":[{"iso_3166_1":"US","name":"United States of America"}],"release_date":"1985-11-21","revenue":300473716,"runtime":91,"spoken_languages":[{"iso_639_1":"en","name":"English"}],"status":"Released","tagline":"He's facing the ultimate challenge. And fighting for his life.","title":"Rocky IV","video":false,"vote_average":6.6,"vote_count":293}
