{"adult":false,"backdrop_path":"/wWXpqD4DpYu8YYJXbdhc1xGvkN0.jpg","belongs_to_collection":null,"budget":48000000,"genres":[{"id":14,"name":"Fantasy"},{"id":35,"name":"Comedy"},{"id":10749,"name":"Romance"}],"homepage":"","id":1636,"imdb_id":"tt0230030","original_language":"en","original_title":"Bedazzled","overview":"Elliot Richardson, suicidal techno geek, is given seven wishes to turn his life around when he meets up with a very seductive Satan. The catch: his soul. Some of his wishes include a 7 foot basketball star, a rock star, and a hamburger. But, as could be expected, the Devil must put her own little twist on each his fantasies.","popularity":1.200643,"poster_path":"/bgDOE1eyvi786a8vKV8rDwrAH6U.jpg","production_companies":[{"name":"20th Century Fox","id":25},{"name":"Regency Enterprises","id":508}],"production_countries":[{"iso_3166_1":"US","name":"United States of America"}],"release_date":"2000-10-19","revenue":90383208,"runtime":93,"spoken_languages":[{"iso_639_1":"en","name":"English"},{"iso_639_1":"ru","name":"Pусский"},{"iso_639_1":"es","name":"Español"}],"status":"Released","tagline":"Meet the Devil. She's giving Elliott seven wishes. But not a chance in Hell.","title":"Bedazzled","video":false,"vote_average":5.3,"vote_count":162}
