{"adult":false,"backdrop_path":"/hjmJKAVoZ3n2KWbKgasbfdugwhu.jpg","belongs_to_collection":null,"budget":1300000,"genres":[{"id":80,"name":"Crime"},{"id":18,"name":"Drama"}],"homepage":"","id":103,"imdb_id":"tt0075314","original_language":"en","original_title":"Taxi Driver","overview":"Robert De Niro stars as Travis Bickle in this oppressive psychodrama about a Vietnam veteran who rebels against the decadence and immorality of big city life in New York while working the nightshift as a taxi driver.","popularity":1.51522,"poster_path":"/yxq4pk1xGmro8tQABuQIrWrvdaE.jpg","production_companies":[{"name":"Columbia Pictures Corporation","id":441},{"name":"Italo/Judeo Productions","id":46059},{"name":"Bill/Phillips","id":46060}],"production_countries":[{"iso_3166_1":"US","name":"United States of America"}],"release_date":"1976-02-08","revenue":28262574,"runtime":113,"spoken_languages":[{"iso_639_1":"en","name":"English"},{"iso_639_1":"es","name":"Español"}],"status":"Released","tagline":"On every street in every city, there's a nobody who dreams of being a somebody.","title":"Taxi Driver","video":false,"vote_average":7.5,"vote_count":597}
