{"adult":false,"backdrop_path":"/whhU7492W0fcZE73r1HNhfyc5uV.jpg","belongs_to_collection":null,"budget":65000000,"genres":[{"id":18,"name":"Drama"},{"id":80,"name":"Crime"},{"id":53,"name":"Thriller"}],"homepage":"http://movies.uip.de/collateral/home.html","id":1538,"imdb_id":"tt0369339","original_language":"en","original_title":"Collateral","overview":"A cab driver finds himself the hostage of an engaging contract killer as he makes his rounds from hit to hit during one night in LA. He must find a way to save both himself and one last victim.","popularity":1.246223,"poster_path":"/mttymFexawuVYOlka8R3SVUeBn4.jpg","production_companies":[{"name":"Paramount Pictures","id":4},{"name":"DreamWorks SKG","id":27},{"name":"Parkes/MacDonald Productions","id":11084},{"name":"Edge City","id":11463}],"production_countries":[{"iso_3166_1":"US","name":"United States of America"}],"release_date":"2004-08-05","revenue":217764291,"runtime":120,"spoken_languages":[{"iso_639_1":"es","name":"Español"},{"iso_639_1":"en","name":"English"}],"status":"Released","tagline":"It started like any other night.","title":"Collateral","video":false,"vote_average":6.6,"vote_count":444}
