{"adult":false,"backdrop_path":"/za2VGJy9h5glkjAveF1z5S9eV1Z.jpg","belongs_to_collection":null,"budget":55000000,"genres":[{"id":35,"name":"Comedy"}],"homepage":"","id":1792,"imdb_id":"tt0338466","original_language":"en","original_title":"Stuck on You","overview":"In Martha's Vineyard, Mass., conjoined twins Walt (Greg Kinnear) and Bob Tenor (Matt Damon) make the best of their handicap by being the fastest grill cooks in town. While outgoing Walt hopes to one day become a famous actor, shy Bob prefers to stay out of the spotlight. When a fading Hollywood actress, Cher (Cher), decides to get her show \"Honey and the Beaze\" cancelled, she hires Walt -- and his brotherly appendage -- as her costars. But their addition surprisingly achieves the opposite.","popularity":0.293723,"poster_path":"/8ar9RJsLL7JSWwvE020D9aATAge.jpg","production_companies":[{"name":"20th Century Fox","id":25},{"name":"Conundrum Entertainment","id":1156}],"production_countries":[{"iso_3166_1":"US","name":"United States of America"}],"release_date":"2003-12-10","revenue":33828318,"runtime":118,"spoken_languages":[{"iso_639_1":"en","name":"English"}],"status":"Released","tagline":"Whatever happens to the boys, one thing is certain. Nothing will ever come between them.","title":"Stuck on You","video":false,"vote_average":4.9,"vote_count":55}
