{"adult":false,"backdrop_path":"/8nvayG5l0urcjvvpszoECDqLWzD.jpg","belongs_to_collection":null,"budget":27000000,"genres":[{"id":18,"name":"Drama"},{"id":53,"name":"Thriller"},{"id":80,"name":"Crime"},{"id":9648,"name":"Mystery"}],"homepage":"http://www.slevin-movie.com/","id":186,"imdb_id":"tt0425210","original_language":"en","original_title":"Lucky Number Slevin","overview":"Slevin is mistakenly put in the middle of a personal war between the city’s biggest criminal bosses. Under constant watch, Slevin must try not to get killed by an infamous assassin and come up with an idea of how to get out of his current dilemma. A film with many twists and turns.","popularity":2.401982,"poster_path":"/jtKq0EtothAzWlnRBBWGCA8uFuu.jpg","production_companies":[{"name":"The Weinstein Company","id":308},{"name":"FilmEngine","id":816},{"name":"Capitol Films","id":826},{"name":"Ascendant Pictures","id":1204},{"name":"VIP Medienfonds 4","id":2116},{"name":"The Complex Studio","id":21962}],"production_countries":[{"iso_3166_1":"DE","name":"Germany"},{"iso_3166_1":"US","name":"United States of America"}],"release_date":"2006-04-07","revenue":56308881,"runtime":110,"spoken_languages":[{"iso_639_1":"en","name":"English"}],"status":"Released","tagline":"Wrong Time. Wrong Place. Wrong Number.","title":"Lucky Number Slevin","video":false,"vote_average":7.2,"vote_count":479}
