{"adult":false,"backdrop_path":"/ihkQywNs6Si24WssdmT1rNHuAYy.jpg","belongs_to_collection":null,"budget":15000000,"genres":[{"id":53,"name":"Thriller"},{"id":18,"name":"Drama"},{"id":9648,"name":"Mystery"}],"homepage":"http://www.mulhollanddrive.com/","id":1018,"imdb_id":"tt0166924","original_language":"en","original_title":"Mulholland Drive","overview":"After a car wreck on the winding Mulholland Drive renders a woman amnesic, she and a perky Hollywood-hopeful search for clues and answers across Los Angeles in a twisting venture beyond dreams and reality.","popularity":1.351457,"poster_path":"/fMC8JBWx2VjsJ53JopAcFjqmlYv.jpg","production_companies":[{"name":"Asymmetrical Productions","id":373},{"name":"Les Films Alain Sarde","id":635},{"name":"Babbo Inc.","id":636},{"name":"The Picture Factory","id":637},{"name":"Canal+","id":5358}],"production_countries":[{"iso_3166_1":"FR","name":"France"},{"iso_3166_1":"US","name":"United States of America"}],"release_date":"2001-05-16","revenue":20117339,"runtime":147,"spoken_languages":[{"iso_639_1":"es","name":"Español"},{"iso_639_1":"en","name":"English"}],"status":"Released","tagline":"An actress longing to be a star. A woman searching for herself. Both worlds will collide...on Mulholland Drive","title":"Mulholland Drive","video":false,"vote_average":7.2,"vote_count":337}
