{"adult":false,"backdrop_path":"/uEkVmznbztmNHvxc0qlIX0TKArz.jpg","belongs_to_collection":null,"budget":80000000,"genres":[{"id":28,"name":"Action"}],"homepage":"http://www.theinterpretermovie.com/","id":179,"imdb_id":"tt0373926","original_language":"en","original_title":"The Interpreter","overview":"A thriller about an interpreter who has overheard plans of an assassination at United Nations headquarters. An American Secret Service agent is sent to investigate as Silvia Broome, the interpreter, is in danger of being killed by the assassins.","popularity":1.78586,"poster_path":"/iQ3pa4t2B0oLBU2Ny6GRBabhV7e.jpg","production_companies":[{"name":"Universal Pictures","id":33},{"name":"StudioCanal","id":694},{"name":"Mirage Enterprises","id":932},{"name":"Working Title Films","id":10163},{"name":"Misher Films","id":11581},{"name":"Motion Picture JOTA Produktions","id":20194}],"production_countries":[{"iso_3166_1":"FR","name":"France"},{"iso_3166_1":"DE","name":"Germany"},{"iso_3166_1":"GB","name":"United Kingdom"},{"iso_3166_1":"US","name":"United States of America"}],"release_date":"2005-04-04","revenue":162944923,"runtime":128,"spoken_languages":[{"iso_639_1":"fr","name":"Français"},{"iso_639_1":"pt","name":"Português"},{"iso_639_1":"en","name":"English"}],"status":"Released","tagline":"The truth needs no translation.","title":"The Interpreter","video":false,"vote_average":6.2,"vote_count":100}
