{"adult":false,"backdrop_path":"/hOxFHGn5wEn824GkswqXrcJpnMG.jpg","belongs_to_collection":null,"budget":55000000,"genres":[{"id":18,"name":"Drama"},{"id":53,"name":"Thriller"}],"homepage":"http://www.sonypictures.com/homevideo/allthekingsmen/","id":1717,"imdb_id":"tt0405676","original_language":"en","original_title":"All the King's Men","overview":"The story of an idealist's rise to power in the world of Louisiana politics and the corruption that leads to his ultimate downfall. Based on the1946 Pulitzer Prize-winning novel written by Robert Penn Warren.","popularity":0.718695,"poster_path":"/rnmq4QBAWhxULd12PhlCFa1RjHa.jpg","production_companies":[{"name":"Columbia Pictures Corporation","id":441},{"name":"Rising Star","id":1208},{"name":"Relativity Media","id":7295},{"name":"Phoenix Pictures","id":11317},{"name":"VIP 4 Medienfonds","id":23238}],"production_countries":[{"iso_3166_1":"US","name":"United States of America"}],"release_date":"2006-09-10","revenue":9450897,"runtime":125,"spoken_languages":[{"iso_639_1":"en","name":"English"}],"status":"Released","tagline":"Some people will do anything to gain power. Some will do anything to keep it.","title":"All the King's Men","video":false,"vote_average":5.5,"vote_count":33}
