{"adult":false,"backdrop_path":"/ouPAQD01ZOsdsZTNgxJ0J3mo6qK.jpg","belongs_to_collection":{"id":221539,"name":"Dracula (Universal Series)","poster_path":"/srgkikGqQD32mhaq8wT6Qz2eLcD.jpg","backdrop_path":"/sdbStuQ5qEPZqqWUlNlBd0dPtBT.jpg"},"budget":355000,"genres":[{"id":27,"name":"Horror"}],"homepage":"","id":138,"imdb_id":"tt0021814","original_language":"en","original_title":"Dracula","overview":"The legend of vampire Count Dracula begins here with this original 1931 Dracula film from Bela Lugosi.","popularity":0.488887,"poster_path":"/gS9Q2hmiIIWB7rW5HOSpHkGbQi7.jpg","production_companies":[{"name":"Universal Pictures","id":33}],"production_countries":[{"iso_3166_1":"US","name":"United States of America"}],"release_date":"1931-02-12","revenue":1012189,"runtime":72,"spoken_languages":[{"iso_639_1":"hu","name":"Magyar"},{"iso_639_1":"en","name":"English"}],"status":"Released","tagline":"The story of the strangest passion the world has ever known!","title":"Dracula","video":false,"vote_average":6.9,"vote_count":39}
