{"adult":false,"backdrop_path":"/ebSNXivx0TexRWlIPHexnvVlE3G.jpg","belongs_to_collection":null,"budget":0,"genres":[{"id":80,"name":"Crime"},{"id":18,"name":"Drama"}],"homepage":"","id":1773,"imdb_id":"tt0022626","original_language":"en","original_title":"American Madness","overview":"American Madness is a film from director Frank Capra from 1932. Set during the depression the film depicts a bank trustee involved in a robbery scandal.","popularity":0.001276,"poster_path":"/e2VX1hW4e2NVdhSkPCRpHVOFLMp.jpg","production_companies":[{"name":"Columbia Pictures Corporation","id":441}],"production_countries":[{"iso_3166_1":"US","name":"United States of America"}],"release_date":"1932-08-04","revenue":0,"runtime":73,"spoken_languages":[{"iso_639_1":"de","name":"Deutsch"},{"iso_639_1":"en","name":"English"}],"status":"Released","tagline":"","title":"American Madness","video":false,"vote_average":2.3,"vote_count":3}
