{"adult":false,"backdrop_path":"/3jIGlkoNHVbGSZM8ZJ3JYZP8PRX.jpg","belongs_to_collection":null,"budget":1227401,"genres":[{"id":9648,"name":"Mystery"},{"id":18,"name":"Drama"}],"homepage":"","id":1411,"imdb_id":"tt0102757","original_language":"en","original_title":"The Rapture","overview":"A lonely telephone operator leading an empty, amoral life finds God — only to have her faith continually tested in ways beyond what she could ever have imagined.","popularity":0.001368,"poster_path":"/biyzLhlT9BM7n9QybALordcqgSM.jpg","production_companies":[{"name":"New Line Cinema","id":12}],"production_countries":[{"iso_3166_1":"US","name":"United States of America"}],"release_date":"1991-10-04","revenue":1277401,"runtime":100,"spoken_languages":[{"iso_639_1":"en","name":"English"}],"status":"Released","tagline":"\"It goes places movies seldom dare to go.\"","title":"The Rapture","video":false,"vote_average":6.5,"vote_count":3}
