{"adult":false,"backdrop_path":"/uDSTtZoeJWNRVM2049tTAKVxBxb.jpg","belongs_to_collection":null,"budget":0,"genres":[{"id":99,"name":"Documentary"},{"id":18,"name":"Drama"}],"homepage":"","id":1658,"imdb_id":"tt0466634","original_language":"en","original_title":"2 oder 3 Dinge, die ich von ihm weiß","overview":"What would your family reminiscences about dad sound like if he had been an early supporter of Hitler’s, a leader of the notorious SA and the Third Reich’s minister in charge of Slovakia, including its Final Solution? Executed as a war criminal in 1947, Hanns Ludin left behind a grieving widow and six young children, the youngest of whom became a filmmaker. It's a fascinating, maddening, sometimes even humorous look at what the director calls \"a typical German story.\" (Film Forum)","popularity":0.000433,"poster_path":"/hHAQ04PJyXux7n6JefEXvEILhFT.jpg","production_companies":[],"production_countries":[{"iso_3166_1":"CZ","name":"Czech Republic"},{"iso_3166_1":"DE","name":"Germany"},{"iso_3166_1":"ZA","name":"South Africa"}],"release_date":"2005-04-07","revenue":0,"runtime":85,"spoken_languages":[{"iso_639_1":"de","name":"Deutsch"}],"status":"Released","tagline":"","title":"2 or 3 Things I Know About Him","video":false,"vote_average":0.0,"vote_count":0}
