{"adult":false,"backdrop_path":"/5nVbwT4uhW35kc607MLWAhs3aTV.jpg","belongs_to_collection":{"id":221541,"name":"Godzilla Collection","poster_path":"/nncQXO299wkUWsjQUtpvRmSyFgP.jpg","backdrop_path":"/8k47vHM7YtLTH10ZOB5m07fPMMc.jpg"},"budget":0,"genres":[{"id":28,"name":"Action"},{"id":10769,"name":"Foreign"},{"id":27,"name":"Horror"},{"id":878,"name":"Science Fiction"}],"homepage":"","id":1679,"imdb_id":"tt0048127","original_language":"ja","original_title":"Gojira no Gyakushū","overview":"In a hastily produced sequel to the classic \"Gojira\", two pilots race back to Japan to inform the government that two giants monsters are on the loose. Soon, the two monsters arrive in Osaka where they resume their battle.","popularity":0.179047,"poster_path":"/hz7qYQiYqxItCDgYGW4Q8GqLEGS.jpg","production_companies":[{"name":"Warner Bros. Pictures","id":174},{"name":"Toho Film (Eiga) Co. Ltd.","id":622}],"production_countries":[{"iso_3166_1":"JP","name":"Japan"}],"release_date":"1955-04-24","revenue":0,"runtime":82,"spoken_languages":[{"iso_639_1":"ja","name":"日本語"}],"status":"Released","tagline":"","title":"Godzilla Raids Again","video":false,"vote_average":5.8,"vote_count":6}
