{"adult":false,"backdrop_path":"/hRAt1qSRPVCLO5Ob4TfH5wKiXXn.jpg","belongs_to_collection":null,"budget":0,"genres":[{"id":35,"name":"Comedy"},{"id":18,"name":"Drama"}],"homepage":"","id":1740,"imdb_id":"tt0300237","original_language":"de","original_title":"Nackt","overview":"Nackt is the story of three couples, one of which just broke up, one that seems to be about to and one perfectly okay. They are all friends and from time to time they gather to talk about everything.One time they gather for dinner at the second couple's \"mansion\" - the husband became rich with his business. We see each couple as they prepare themselves for the party and learn a lot about their relationships.At the dinner they get to talking about recognizing each other's peer with closed eyes and decide to try it (thus the title \"Nackt\"=naked in German).","popularity":0.016632,"poster_path":"/aSsVLOHIeDjb6HqrJp11WrxYLzs.jpg","production_companies":[{"name":"Fanes Film","id":330},{"name":"Constantin Film Produktion","id":5755},{"name":"Megaherz TV Fernsehproduktion GmbH","id":26766}],"production_countries":[{"iso_3166_1":"DE","name":"Germany"}],"release_date":"2002-09-02","revenue":0,"runtime":100,"spoken_languages":[{"iso_639_1":"de","name":"Deutsch"}],"status":"Released","tagline":"","title":"Naked","video":false,"vote_average":4.3,"vote_count":2}
