{"adult":false,"backdrop_path":"/30Ey6s4eAn8968g0rIMY8vLqxTo.jpg","belongs_to_collection":null,"budget":25000000,"genres":[{"id":28,"name":"Action"},{"id":18,"name":"Drama"}],"homepage":"","id":1825,"imdb_id":"tt0093692","original_language":"en","original_title":"Over the Top","overview":"Sylvester Stallone stars as hard-luck big-rig trucker Lincoln Hawk and takes us under the glaring Las Vegas lights for all the boisterous action of the World Armwrestling Championship. Relying on wits and willpower, Hawk tries to rebuild his life by capturing the first-place prize money - and the love of the son he abandoned years earlier into the keeping of his his rich, ruthless father-in-law.","popularity":0.713545,"poster_path":"/rnAxGFrFaHemdjjFDQDtjOzV8z5.jpg","production_companies":[{"name":"Cannon Group","id":1444},{"name":"Golan-Globus","id":1445},{"name":"Warner Bros.","id":6194}],"production_countries":[{"iso_3166_1":"US","name":"United States of America"}],"release_date":"1987-02-13","revenue":16057580,"runtime":93,"spoken_languages":[{"iso_639_1":"en","name":"English"}],"status":"Released","tagline":"Some fight for money... Some fight for glory... He's fighting for his son's love.","title":"Over the Top","video":false,"vote_average":5.9,"vote_count":95}
