{"adult":false,"backdrop_path":"/1His1LcRq6tekJCDd2ns6mmRLDS.jpg","belongs_to_collection":null,"budget":60000,"genres":[{"id":35,"name":"Comedy"},{"id":878,"name":"Science Fiction"}],"homepage":"","id":1410,"imdb_id":"tt0069945","original_language":"en","original_title":"Dark Star","overview":"A low-budget, sci-fi satire that focuses on a group of scientists whose mission is to destroy unstable planets. 20 years into their mission, they have battle their alien mascot, that resembles a beach ball, as well as a \"sensitive\" and intelligent bombing device that starts to question the meaning of its existence.","popularity":0.458552,"poster_path":"/eeoSwN8l0mj1gEzRzmXvoAUXxDh.jpg","production_companies":[{"name":"University of Southern California","id":1901},{"name":"Jack H. Harris Enterprises","id":8441}],"production_countries":[{"iso_3166_1":"US","name":"United States of America"}],"release_date":"1974-04-01","revenue":0,"runtime":83,"spoken_languages":[{"iso_639_1":"en","name":"English"}],"status":"Released","tagline":"What Do You Say To A Talking Bomb? All Systems Snafu!!!","title":"Dark Star","video":false,"vote_average":5.4,"vote_count":22}
