{"adult":false,"backdrop_path":"/a5FrfkLdI98DgOzI2QkZ2RfLWX0.jpg","belongs_to_collection":null,"budget":6000000,"genres":[{"id":18,"name":"Drama"},{"id":10749,"name":"Romance"}],"homepage":"http://www.paramountvantage.com/virginsuicides/html_3/","id":1443,"imdb_id":"tt0159097","original_language":"en","original_title":"The Virgin Suicides","overview":"A group of male friends become obsessed with five mysterious sisters who are sheltered by their strict, religious parents.","popularity":0.534051,"poster_path":"/r3ngI5C6tmnQeQ1cFKnVj8TJI4R.jpg","production_companies":[{"name":"American Zoetrope","id":70}],"production_countries":[{"iso_3166_1":"US","name":"United States of America"}],"release_date":"1999-04-21","revenue":10409377,"runtime":97,"spoken_languages":[{"iso_639_1":"en","name":"English"}],"status":"Released","tagline":"Beautiful, mysterious, haunting, invariably fatal. Just like life.","title":"The Virgin Suicides","video":false,"vote_average":6.9,"vote_count":194}
