{"adult":false,"backdrop_path":"/pkCC3myn5QuoLzplTlvZLB0w2AU.jpg","belongs_to_collection":null,"budget":0,"genres":[{"id":27,"name":"Horror"},{"id":53,"name":"Thriller"},{"id":9648,"name":"Mystery"}],"homepage":"http://www.whatisannwyn.co.uk/","id":17,"imdb_id":"tt0411267","original_language":"en","original_title":"The Dark","overview":"Adèle and her daughter Sarah are traveling on the Welsh coastline to see her husband James when Sarah disappears. A different but similar looking girl appears who says she died in a past time. Adèle tries to discover what happened to her daughter as she is tormented by Celtic mythology from the past.","popularity":0.374791,"poster_path":"/8fzjzQhLXl1afshhsE5Y3MGuco4.jpg","production_companies":[{"name":"Constantin Film","id":47},{"name":"Impact Pictures","id":248},{"name":"Isle of Man Film","id":2268},{"name":"UK Film Council","id":2452}],"production_countries":[{"iso_3166_1":"DE","name":"Germany"},{"iso_3166_1":"GB","name":"United Kingdom"}],"release_date":"2006-04-11","revenue":0,"runtime":87,"spoken_languages":[{"iso_639_1":"cy","name":"Cymraeg"},{"iso_639_1":"en","name":"English"}],"status":"Released","tagline":"One of the living for one of the dead.","title":"The Dark","video":false,"vote_average":5.3,"vote_count":16}
