{"adult":false,"backdrop_path":"/puYobUf9YpcC2HYuzUBrFretYzQ.jpg","belongs_to_collection":null,"budget":0,"genres":[{"id":18,"name":"Drama"},{"id":53,"name":"Thriller"}],"homepage":"","id":1254,"imdb_id":"tt0485241","original_language":"en","original_title":"Je vais bien, ne t'en fais pas","overview":"Back from a holiday in Spain, Lili, 19, finds that Loïc, her twin brother, has left the house following a row with their father. She disapproves of her parents' apparently light attitude and is particularly shocked by her father's reluctance to even talk about the event. Lili desperately waits for a phone call from Loïc but her brother shows no sign of life. It is not long before Lili falls into depression and her condition quickly deteriorates. She won't eat anymore and is about to die when, at long last, a postcard written and sent by Loïc brings her back to life...","popularity":0.479897,"poster_path":"/2zP8xLMzzF59hLgEONSJ5GIKw99.jpg","production_companies":[{"name":"Fin Août Productions","id":942}],"production_countries":[{"iso_3166_1":"FR","name":"France"}],"release_date":"2006-09-06","revenue":0,"runtime":96,"spoken_languages":[{"iso_639_1":"fr","name":"Français"}],"status":"Released","tagline":"","title":"Don't Worry, I'm Fine","video":false,"vote_average":6.8,"vote_count":37}
