{"adult":false,"backdrop_path":"/gE1DHa82NZVb9B2Lx2cLNz43Iwd.jpg","belongs_to_collection":null,"budget":0,"genres":[{"id":18,"name":"Drama"},{"id":53,"name":"Thriller"}],"homepage":"","id":1710,"imdb_id":"tt0112722","original_language":"en","original_title":"Copycat","overview":"An agoraphobic psychologist and a female detective must work together to take down a serial killer who copies serial killers from the past.","popularity":0.606906,"poster_path":"/80czeJGSoik22fhtUM9WzyjUU4r.jpg","production_companies":[{"name":"Warner Bros. Pictures","id":174},{"name":"Regency Enterprises","id":508}],"production_countries":[{"iso_3166_1":"US","name":"United States of America"}],"release_date":"1995-10-27","revenue":0,"runtime":124,"spoken_languages":[{"iso_639_1":"de","name":"Deutsch"},{"iso_639_1":"en","name":"English"}],"status":"Released","tagline":"One man is copying the most notorious killers in history one at a time. Together, two women must stop him from killing again. Or they're next.","title":"Copycat","video":false,"vote_average":6.7,"vote_count":36}
