{"adult":false,"backdrop_path":"/xygXuP4OHdGeKOmcXbcwZfNFtDt.jpg","belongs_to_collection":null,"budget":0,"genres":[{"id":80,"name":"Crime"},{"id":9648,"name":"Mystery"},{"id":53,"name":"Thriller"}],"homepage":"","id":1835,"imdb_id":"tt0072973","original_language":"en","original_title":"Farewell, My Lovely","overview":"Robert Mitchum's first take as Raymond Chandler's detective Philip Marlowe.","popularity":0.097415,"poster_path":"/kqEXKX5I3YwOZ4goYBh3GtWdSFv.jpg","production_companies":[{"name":"ITC Entertainment","id":1584},{"name":"E.K.","id":3537}],"production_countries":[{"iso_3166_1":"US","name":"United States of America"}],"release_date":"1975-08-08","revenue":0,"runtime":95,"spoken_languages":[{"iso_639_1":"en","name":"English"}],"status":"Released","tagline":"I need another drink... I need a lot of life insurance... I need a vacation.... and all I've got is a coat, a hat, and a gun!","title":"Farewell, My Lovely","video":false,"vote_average":6.8,"vote_count":5}
