{"adult":false,"backdrop_path":"/27jCSXHcYa7l6dlbmXjeYEqfcmH.jpg","belongs_to_collection":null,"budget":0,"genres":[],"homepage":"","id":1437,"imdb_id":"tt0388679","original_language":"de","original_title":"Abgefahren","overview":"Mia is dreaming of one day being the youngest driver in the Dakar Rally. She's pretty and loves the challenge. One day she gets to know the driving instructor Sherin, an exotic beauty of mid-twenties. She takes Mia to a secret car race out of town.","popularity":0.012174,"poster_path":"/mHZUHrBy1K0A6Kexpx7iUwglfim.jpg","production_companies":[],"production_countries":[{"iso_3166_1":"DE","name":"Germany"}],"release_date":"2004-03-31","revenue":0,"runtime":86,"spoken_languages":[{"iso_639_1":"de","name":"Deutsch"}],"status":"Released","tagline":"","title":"Abgefahren","video":false,"vote_average":0.0,"vote_count":0}
