{"adult":false,"backdrop_path":"/8cKl5MQCGalIFDh4rHZawdAEc1W.jpg","belongs_to_collection":null,"budget":0,"genres":[{"id":35,"name":"Comedy"}],"homepage":"","id":1609,"imdb_id":"tt0238660","original_language":"en","original_title":"There's Only One Jimmy Grimble","overview":"Jimmy Grimble is a shy Manchester school boy. At school he is constantly being bullied by the other kids, and at home he has to face his mother's new boyfriend. However, through football, and some special boots, he manages to gain the confidence to succeed and leads his school football team towards the final of the local schools cup.","popularity":0.060804,"poster_path":"/kPXi6FjTLhM7aoHjdz7FWrqiWS6.jpg","production_companies":[],"production_countries":[{"iso_3166_1":"GB","name":"United Kingdom"}],"release_date":"2000-08-25","revenue":0,"runtime":106,"spoken_languages":[{"iso_639_1":"en","name":"English"}],"status":"Released","tagline":"","title":"There's Only One Jimmy Grimble","video":false,"vote_average":7.0,"vote_count":2}
