{"adult":false,"backdrop_path":"/aGIK4imB1m22m2irWpwgN3MZigx.jpg","belongs_to_collection":null,"budget":0,"genres":[{"id":878,"name":"Science Fiction"}],"homepage":"","id":1714,"imdb_id":"tt0060390","original_language":"en","original_title":"Fahrenheit 451","overview":"In the future, an oppressive government maintains control of public opinion by outlawing literature and maintaining a group of enforcers known as \"firemen\" to perform the necessary book burnings. This is the premise of Ray Bradbury's acclaimed science-fiction novel Fahrenheit 451, which became the source material for French director François Truffaut's English-language debut. While some liberties are taken with the description of the world, the narrative remains the same, as fireman Montag (Oskar Werner) begins to question the morality of his vocation. Curious about the world of books, he soon falls in love with a beautiful young member of a pro-literature underground -- and with literature itself.","popularity":0.701646,"poster_path":"/iTYQCnry5qQPXtIIt462imDuzw3.jpg","production_companies":[{"name":"Anglo Enterprises","id":10326},{"name":"Vineyard Film Ltd.","id":10327}],"production_countries":[{"iso_3166_1":"FR","name":"France"},{"iso_3166_1":"GB","name":"United Kingdom"}],"release_date":"1966-09-14","revenue":0,"runtime":112,"spoken_languages":[{"iso_639_1":"fr","name":"Français"},{"iso_639_1":"en","name":"English"}],"status":"Released","tagline":"Aflame with the excitement and emotions of tomorrow!","title":"Fahrenheit 451","video":false,"vote_average":6.7,"vote_count":46}
