{"adult":false,"backdrop_path":null,"belongs_to_collection":null,"budget":0,"genres":[{"id":18,"name":"Drama"},{"id":35,"name":"Comedy"},{"id":10769,"name":"Foreign"}],"homepage":"","id":1488,"imdb_id":"tt0461804","original_language":"en","original_title":"Lü cao di","overview":"Bilike has never seen a ping-pong ball before. He and his family live without electricity and running water in a solitary tent home among the vast steppe grasslands. The magnificent landscape here has changed little since the days of Genghis Kahn. But life in the middle of nowhere can be exciting for a young boy. The smallest of details become big events for curious Bilike and his best friends Erguotou and Dawa. The mystery of the small white ball floating in the creek leads to questions about the world around them, as well as innocent mischief.","popularity":0.000956,"poster_path":"/cAp4rjRpYCaQqhYiKvYvN8aRDCA.jpg","production_companies":[{"name":"TV Productions LTD And Beijing Hop Culture Co","id":727}],"production_countries":[{"iso_3166_1":"CN","name":"China"}],"release_date":"2005-06-11","revenue":0,"runtime":102,"spoken_languages":[{"iso_639_1":"zh","name":"普通话"}],"status":"Released","tagline":"","title":"Mongolian ping-pong","video":false,"vote_average":0.0,"vote_count":0}
