{"adult":false,"backdrop_path":"/xw2w6c9RMJSsHDkrz5QB96jGFrm.jpg","belongs_to_collection":null,"budget":0,"genres":[{"id":18,"name":"Drama"}],"homepage":"","id":1608,"imdb_id":"tt0114917","original_language":"en","original_title":"When Saturday Comes","overview":"A working class drama about a young would-be soccer player trying to better himself and break his ne'er-do-well father's family jinx.","popularity":0.009368,"poster_path":"/dbGW26e5T8Uki9z37gTZ5iuXXSz.jpg","production_companies":[{"name":"Pint O'Bitter Productions","id":1213},{"name":"Guild","id":1214}],"production_countries":[{"iso_3166_1":"GB","name":"United Kingdom"}],"release_date":"1996-03-01","revenue":0,"runtime":95,"spoken_languages":[{"iso_639_1":"de","name":"Deutsch"},{"iso_639_1":"en","name":"English"}],"status":"Released","tagline":"","title":"When Saturday Comes","video":false,"vote_average":3.3,"vote_count":2}
