{"adult":false,"backdrop_path":"/l3NzcsMp2anTV6pjOb5xwVCCbmy.jpg","belongs_to_collection":{"id":8385,"name":"Aki Kaurismäki's Finland trilogy","poster_path":null,"backdrop_path":null},"budget":1380000,"genres":[{"id":80,"name":"Crime"},{"id":18,"name":"Drama"}],"homepage":"http://lichter-der-vorstadt.pandorafilmverleih.de/","id":1379,"imdb_id":"tt0458242","original_language":"en","original_title":"Laitakaupungin valot","overview":"Koistenin is a sad sack, a man without affect or friends. He's a night-watchman in Helsinki with ideas of starting his own business, but nothing to go with those intentions. He sometimes talks a bit with a woman who runs a snack trailer near his work. Out of the blue, a young sophisticated blonde woman attaches herself to Koistenin. He thinks of her as his girlfriend, he takes her on her rounds.","popularity":0.188213,"poster_path":"/xJlm8eieXY9ciNPSUsSDFaOCq4M.jpg","production_companies":[{"name":"Sputnik Oy","id":706}],"production_countries":[{"iso_3166_1":"FI","name":"Finland"}],"release_date":"2006-02-03","revenue":1615018,"runtime":78,"spoken_languages":[{"iso_639_1":"fi","name":"suomi"},{"iso_639_1":"ru","name":"Pусский"}],"status":"Released","tagline":"","title":"Lights in the Dusk","video":false,"vote_average":6.0,"vote_count":4}
