{"adult":false,"backdrop_path":"/mok7oKVBLMbRuVGoAAKnVyf6CoD.jpg","belongs_to_collection":null,"budget":4500000,"genres":[{"id":14,"name":"Fantasy"},{"id":18,"name":"Drama"},{"id":27,"name":"Horror"},{"id":53,"name":"Thriller"},{"id":878,"name":"Science Fiction"}],"homepage":"","id":1433,"imdb_id":"tt0256009","original_language":"es","original_title":"El espinazo del diablo","overview":"After losing his father, 10-year-old Carlos arrives at the Santa Lucia School, which shelters orphans of the Republican militia and politicians, and is taken in by the steely headmistress, Carmen, and the kindly professor, Casares. Soon after his arrival, Carlos has a run-in with the violent caretaker, Jacinto. Gradually, Carlos uncovers the secrets of the school, including the youthful ghost that wanders the grounds.","popularity":0.708767,"poster_path":"/71s9aoweG5nbG7T0BwUOwimC1gr.jpg","production_companies":[{"name":"Producciones Anhelo","id":1102},{"name":"Canal+ España","id":9335},{"name":"Tequila Gang","id":11628},{"name":"El Deseo S.A.","id":11736},{"name":"Sogepaq","id":11955}],"production_countries":[{"iso_3166_1":"MX","name":"Mexico"},{"iso_3166_1":"ES","name":"Spain"}],"release_date":"2001-04-20","revenue":6459020,"runtime":106,"spoken_languages":[{"iso_639_1":"es","name":"Español"}],"status":"Released","tagline":"The living will always be more dangerous than the dead.","title":"The Devil's Backbone","video":false,"vote_average":7.0,"vote_count":46}
