{"adult":false,"backdrop_path":"/jDOv2D1xHmAHOEVS8rRP9WpP6PO.jpg","belongs_to_collection":{"id":2248,"name":"Torrente Collection","poster_path":"/crCyDVyXc4kVyO2a0Tk5fposzm8.jpg","backdrop_path":null},"budget":0,"genres":[{"id":35,"name":"Comedy"},{"id":80,"name":"Crime"}],"homepage":"","id":1283,"imdb_id":"tt0120868","original_language":"es","original_title":"Torrente: El brazo tonto de la ley","overview":"Torrente, The Stupid Arm of The Law by Santiago Segura stars Javier Cámara as a corrupt, poor, delusional, sexist, egocentric, drunk and right-winged Madrid cop named Torrente. This over the top comedy shows Torrente on his search for heroin drug dealers and the outrageous characters he passes on his way. A cult film and one of the funniest Spanish films was the most successful box-office film.","popularity":0.043002,"poster_path":"/mLSGLT03jd3G4svLFEYOKY3O82W.jpg","production_companies":[{"name":"CARTEL S.A.","id":1026},{"name":"Rocabruno S.A.","id":1027}],"production_countries":[{"iso_3166_1":"ES","name":"Spain"}],"release_date":"1998-03-13","revenue":0,"runtime":97,"spoken_languages":[{"iso_639_1":"es","name":"Español"}],"status":"Released","tagline":"","title":"Torrente, the Dumb Arm of the Law","video":false,"vote_average":6.1,"vote_count":16}
