{"adult":false,"backdrop_path":"/fcZDxvCD4Pg7lO2RwHNS0DC1B3m.jpg","belongs_to_collection":{"id":141290,"name":"The Lord of the Rings Animated Collection","poster_path":"/pQuazFOlGRdn2Lb3oWFJYPeASOc.jpg","backdrop_path":"/uUG532EWfyhtKDzsA0sLb1PsHhL.jpg"},"budget":3000000,"genres":[{"id":12,"name":"Adventure"},{"id":16,"name":"Animation"},{"id":10751,"name":"Family"}],"homepage":"","id":1362,"imdb_id":"tt0077687","original_language":"en","original_title":"The Hobbit","overview":"Bilbo Baggins the Hobbit was just minding his own business, when his occasional visitor Gandalf the Wizard drops in one night. One by one, a whole group of dwarves drop in, and before he knows it, Bilbo has joined their quest to reclaim their kingdom, taken from them by the evil dragon Smaug. The only problem is that Gandalf has told the dwarves that Bilbo is an expert burglar, but he isn't...","popularity":0.405344,"poster_path":"/zBkbXJVdXxUrlZGcKhx1VwIBH9V.jpg","production_companies":[{"name":"Rankin/Bass Productions","id":688}],"production_countries":[{"iso_3166_1":"US","name":"United States of America"}],"release_date":"1977-11-27","revenue":0,"runtime":77,"spoken_languages":[{"iso_639_1":"en","name":"English"}],"status":"Released","tagline":"","title":"The Hobbit","video":false,"vote_average":5.7,"vote_count":28}
