{"adult":false,"backdrop_path":"/jxWA2lDLidicmmDymnxlz53zAb9.jpg","belongs_to_collection":null,"budget":150000000,"genres":[{"id":16,"name":"Animation"},{"id":35,"name":"Comedy"},{"id":10751,"name":"Family"}],"homepage":"","id":1267,"imdb_id":"tt0396555","original_language":"en","original_title":"Meet the Robinsons","overview":"In this animated adventure, brilliant preteen inventor Lewis creates a memory scanner to retrieve his earliest recollections and find out why his mother gave him up for adoption. But when the villainous Bowler Hat Guy steals the machine, Lewis is ready to give up on his quest until the mysterious Wilbur Robinson shows up on the scene, whisking Lewis to the future to find the scanner and his mom.","popularity":1.435753,"poster_path":"/oe7w9SxGmpSW1dlz5QaVVKWBEVz.jpg","production_companies":[{"name":"Walt Disney Pictures","id":2},{"name":"Walt Disney Animation Studios","id":6125}],"production_countries":[{"iso_3166_1":"US","name":"United States of America"}],"release_date":"2007-03-28","revenue":169332978,"runtime":95,"spoken_languages":[{"iso_639_1":"en","name":"English"}],"status":"Released","tagline":"Think your family's weird?","title":"Meet the Robinsons","video":false,"vote_average":6.5,"vote_count":268}
