{"adult":false,"backdrop_path":"/jUfk0M6RQEJngy89afkAqxlASeI.jpg","belongs_to_collection":{"id":344396,"name":"20.000 Meilen unter dem Meer - Filmreihe","poster_path":null,"backdrop_path":null},"budget":5000000,"genres":[{"id":12,"name":"Adventure"},{"id":878,"name":"Science Fiction"},{"id":18,"name":"Drama"}],"homepage":"","id":173,"imdb_id":"tt0046672","original_language":"en","original_title":"20,000 Leagues Under the Sea","overview":"A ship sent to investigate a wave of mysterious sinkings encounters the advanced submarine, the Nautilus, commanded by Captain Nemo.","popularity":0.6662,"poster_path":"/zANct2xGMgj6qZbCBetYfeOaFP.jpg","production_companies":[{"name":"Walt Disney Productions","id":3166}],"production_countries":[{"iso_3166_1":"US","name":"United States of America"}],"release_date":"1954-12-23","revenue":28200000,"runtime":127,"spoken_languages":[{"iso_639_1":"en","name":"English"}],"status":"Released","tagline":"The mightiest motion picture of them all!","title":"20,000 Leagues Under the Sea","video":false,"vote_average":6.3,"vote_count":41}
