{"adult":false,"backdrop_path":"/ruJXGmvv7sbz6KDpdOhaxRDKi6m.jpg","belongs_to_collection":null,"budget":0,"genres":[{"id":35,"name":"Comedy"},{"id":18,"name":"Drama"}],"homepage":"","id":1736,"imdb_id":"tt0805613","original_language":"en","original_title":"Shoppen","overview":"Eine fast bombensichere Methode, Single zu bleiben, heißt \"Speed-Dating\". 18 Menschen nehmen an solch einem Kennenlern-Event teil. Neun Männer und neun Frauen sitzen sich gegenüber, um sich unter Zeitdruck optimal zu verkaufen und einen Partner zu finden. Sie suchen ein Date - und haben sonst nichts gemein. Man redet über Allergien, Cappuccino, Konsumverhalten, Linienbusse und Designerkleidung: Die Liste hanebüchener Verlegenheitsthemen ist lang. Doch noch hat keiner der einsamen Herzen die Hoffnung auf Romantik aufgegeben.","popularity":0.000609,"poster_path":"/dbBiYUJqKjUTN2luM2kc8lg8X7Y.jpg","production_companies":[],"production_countries":[{"iso_3166_1":"DE","name":"Germany"}],"release_date":"2007-05-02","revenue":0,"runtime":91,"spoken_languages":[{"iso_639_1":"de","name":"Deutsch"}],"status":"Released","tagline":"","title":"Shoppen","video":false,"vote_average":6.1,"vote_count":4}
