{"adult":false,"backdrop_path":null,"belongs_to_collection":null,"budget":0,"genres":[{"id":28,"name":"Action"},{"id":18,"name":"Drama"},{"id":53,"name":"Thriller"}],"homepage":"","id":1711,"imdb_id":"tt0131502","original_language":"en","original_title":"No Code of Conduct","overview":"A cop (Charlie Sheen), his partner (Dacascos), and his father (Martin Sheen) uncover a plot by city elders to smuggle drugs from Mexico into Phoenix, Arizona.","popularity":0.093517,"poster_path":"/foUu0q9wyoK0h3d9mgGkXjdlXZf.jpg","production_companies":[],"production_countries":[{"iso_3166_1":"US","name":"United States of America"}],"release_date":"1999-03-19","revenue":0,"runtime":93,"spoken_languages":[{"iso_639_1":"fr","name":"Français"},{"iso_639_1":"en","name":"English"}],"status":"Released","tagline":"","title":"No Code of Conduct","video":false,"vote_average":0.0,"vote_count":0}
