{"adult":false,"backdrop_path":"/xzkuNJxaXaNxWnSAWpWxvrwRxEh.jpg","belongs_to_collection":null,"budget":0,"genres":[{"id":18,"name":"Drama"},{"id":10749,"name":"Romance"}],"homepage":"","id":1253,"imdb_id":"tt0443456","original_language":"en","original_title":"Breaking and Entering","overview":"Set in a blighted, inner-city neighbourhood of London, Breaking and Entering examines an affair which unfolds between a successful British landscape architect and Amira, a Bosnian woman – the mother of a troubled teen son – who was widowed by the war in Bosnia and Herzegovina.","popularity":0.318326,"poster_path":"/tH4pFx2e8oxTKTn1DrZv8eqJACn.jpg","production_companies":[{"name":"Miramax Films","id":14},{"name":"Mirage Enterprises","id":932}],"production_countries":[{"iso_3166_1":"GB","name":"United Kingdom"},{"iso_3166_1":"US","name":"United States of America"}],"release_date":"2006-12-15","revenue":8044360,"runtime":129,"spoken_languages":[{"iso_639_1":"en","name":"English"}],"status":"Released","tagline":"","title":"Breaking and Entering","video":false,"vote_average":6.5,"vote_count":17}
