{"adult":false,"backdrop_path":"/qBPsdNP23qqHUE7niOgKSPNnUSO.jpg","belongs_to_collection":null,"budget":63000000,"genres":[{"id":18,"name":"Drama"},{"id":36,"name":"History"},{"id":53,"name":"Thriller"}],"homepage":"","id":1852,"imdb_id":"tt0469641","original_language":"en","original_title":"World Trade Center","overview":"On September, 11th 2001, after the terrorist attack to the World Trade Center, the building collapses over the rescue team from the Port Authority Police Department. Will Jimeno and his sergeant John McLoughlin are found alive trapped under the wreckage while the rescue teams fight to save them.","popularity":0.937617,"poster_path":"/hYbKIxMGqm0YaxGBYW52NbkYNAx.jpg","production_companies":[{"name":"Paramount Pictures","id":4},{"name":"Double Feature Films","id":215},{"name":"Intermedia Films","id":763},{"name":"Kernos Filmproduktionsgesellschaft & Company","id":20396}],"production_countries":[{"iso_3166_1":"US","name":"United States of America"}],"release_date":"2006-08-09","revenue":162945894,"runtime":128,"spoken_languages":[{"iso_639_1":"en","name":"English"}],"status":"Released","tagline":"The World Saw Evil That Day. Two Men Saw Something Else.","title":"World Trade Center","video":false,"vote_average":5.7,"vote_count":111}
