{"adult":false,"backdrop_path":"/8HqSxB9VLJkbRXRdlocbLq9wxwY.jpg","belongs_to_collection":{"id":141290,"name":"The Lord of the Rings Animated Collection","poster_path":"/pQuazFOlGRdn2Lb3oWFJYPeASOc.jpg","backdrop_path":"/uUG532EWfyhtKDzsA0sLb1PsHhL.jpg"},"budget":4000000,"genres":[{"id":18,"name":"Drama"},{"id":16,"name":"Animation"},{"id":12,"name":"Adventure"}],"homepage":"","id":123,"imdb_id":"tt0077869","original_language":"en","original_title":"The Lord of the Rings","overview":"An animated fantasy film from 1978 based on the first half of J.R.R Tolkien’s Lord of the Rings novel. The film was mainly filmed using rotoscoping, meaning it was filmed in live action sequences with real actors and then each frame was individually animated.","popularity":0.632266,"poster_path":"/1l3WpoF7TX9pOprX4XepCXjQXUV.jpg","production_companies":[{"name":"Fantasy Films","id":286}],"production_countries":[{"iso_3166_1":"US","name":"United States of America"}],"release_date":"1978-11-15","revenue":0,"runtime":132,"spoken_languages":[{"iso_639_1":"en","name":"English"}],"status":"Released","tagline":"J.R.R. Tolkien's The Lord of the Rings","title":"The Lord of the Rings","video":false,"vote_average":5.9,"vote_count":54}
