{"adult":false,"backdrop_path":"/haHULz59jdG4OVmqHjZ01z7HEit.jpg","belongs_to_collection":null,"budget":2500000,"genres":[{"id":35,"name":"Comedy"},{"id":18,"name":"Drama"},{"id":10749,"name":"Romance"}],"homepage":"","id":164,"imdb_id":"tt0054698","original_language":"en","original_title":"Breakfast at Tiffany's","overview":"Fortune hunter Holly Golightly finds herself captivated by aspiring writer Paul Varjak, who's moved into her building on a wealthy woman's dime. As romance blooms between Paul and Holly, Doc Golightly shows up on the scene, revealing Holly's past.","popularity":0.767853,"poster_path":"/c95lbDwL5WT8PV9DZsdSvRtXKNA.jpg","production_companies":[{"name":"Jurow-Shepherd","id":11355}],"production_countries":[{"iso_3166_1":"US","name":"United States of America"}],"release_date":"1961-10-05","revenue":9500000,"runtime":110,"spoken_languages":[{"iso_639_1":"pt","name":"Português"},{"iso_639_1":"en","name":"English"}],"status":"Released","tagline":"Audrey Hepburn plays that daring, darling Holly Golightly to a new high in entertainment delight!","title":"Breakfast at Tiffany's","video":false,"vote_average":7.2,"vote_count":279}
