{"adult":false,"backdrop_path":"/azmsl7UwTRtMeBvBkAWydWNxdTm.jpg","belongs_to_collection":{"id":1709,"name":"Planet of the Apes (Original) Collection","poster_path":"/n9nUdnx1awdQeHC6FTiNohr2fiT.jpg","backdrop_path":"/2BQc7pXBU7zWGWMJDQBDuV5X8ra.jpg"},"budget":1700000,"genres":[{"id":28,"name":"Action"},{"id":878,"name":"Science Fiction"}],"homepage":"","id":1705,"imdb_id":"tt0069768","original_language":"en","original_title":"Battle for the Planet of the Apes","overview":"The fifth and final episode in the Planet of the Apes series. After the collapse of human civilization, a community of intelligent apes led by Caesar lives in harmony with a group of humans. Gorilla General Aldo tries to cause an ape civil war and a community of human mutants who live beneath a destroyed city try to conquer those whom they perceive as enemies. All leading to the finale.","popularity":1.00627,"poster_path":"/jCxeJhN5yGWH7veXCGNrBT93L3R.jpg","production_companies":[{"name":"Twentieth Century Fox Film Corporation","id":306},{"name":"Apjac International","id":22542}],"production_countries":[{"iso_3166_1":"US","name":"United States of America"}],"release_date":"1973-06-14","revenue":8844595,"runtime":93,"spoken_languages":[{"iso_639_1":"en","name":"English"}],"status":"Released","tagline":"The final chapter in the incredible Apes saga. The most suspenseful showdown ever filmed as two civilizations battle for the right to inherit what's left of the earth!","title":"Battle for the Planet of the Apes","video":false,"vote_average":5.2,"vote_count":55}
