{"adult":false,"backdrop_path":"/5zpVFIkIrtGyBjBFeMFuQ416LLc.jpg","belongs_to_collection":null,"budget":19000000,"genres":[{"id":14,"name":"Fantasy"},{"id":18,"name":"Drama"},{"id":10752,"name":"War"}],"homepage":"http://www.panslabyrinth.com","id":1417,"imdb_id":"tt0457430","original_language":"es","original_title":"El laberinto del fauno","overview":"Living with her tyrannical stepfather in a new home with her pregnant mother, 10-year-old Ofelia feels alone until she explores a decaying labyrinth guarded by a mysterious faun who claims to know her destiny. If she wishes to return to her real father, Ofelia must complete three terrifying tasks.","popularity":2.529947,"poster_path":"/t0TDsqbCTgSi0AL7k4baZrOYYhi.jpg","production_companies":[{"name":"Estudios Picasso","id":2029},{"name":"Telecinco Cinema","id":2674},{"name":"Esperanto Filmoj","id":7470},{"name":"Picturehouse Entertainment","id":11486},{"name":"Tequila Gang","id":11628},{"name":"Warner Bros. Pictures de España","id":11652},{"name":"Sententia Entertainment","id":12231}],"production_countries":[{"iso_3166_1":"MX","name":"Mexico"},{"iso_3166_1":"ES","name":"Spain"}],"release_date":"2006-05-27","revenue":83258226,"runtime":118,"spoken_languages":[{"iso_639_1":"es","name":"Español"}],"status":"Released","tagline":"What happens when make-believe believes it's real?","title":"Pan's Labyrinth","video":false,"vote_average":7.4,"vote_count":905}
