{"adult":false,"backdrop_path":"/xrNxii0VbLJ3XYaIH3ETlqRU0VP.jpg","belongs_to_collection":null,"budget":1,"genres":[{"id":99,"name":"Documentary"}],"homepage":"http://icarusfilms.com/cat97/t-z/the_way_.html","id":1388,"imdb_id":"tt0094300","original_language":"en","original_title":"Der Lauf der Dinge","overview":"Artists Peter Fischli and David Weiss create the ultimate Rube Goldberg machine with a complex imaginative devices that trigger each other for 30 minutes in a domino effect. The film was creating in an empty warehouse and with objects probably found at a junkyard as the creative contraptions fly, burn, roll, walk, melt, pop, push and fall in an endless science project that will mesmerize the mind.","popularity":0.0,"poster_path":"/fFr3uRHQjm2fZat5NNi9kAhehaQ.jpg","production_companies":[],"production_countries":[{"iso_3166_1":"CH","name":"Switzerland"}],"release_date":"1987-01-01","revenue":0,"runtime":30,"spoken_languages":[{"iso_639_1":"de","name":"Deutsch"}],"status":"Released","tagline":"","title":"The Way Things Go","video":false,"vote_average":4.3,"vote_count":2}
