{"adult":false,"backdrop_path":"/uAgGu97PosJjcX8suTIXyNx69me.jpg","belongs_to_collection":null,"budget":28000000,"genres":[{"id":18,"name":"Drama"},{"id":53,"name":"Thriller"}],"homepage":"","id":1770,"imdb_id":"tt0117039","original_language":"en","original_title":"Michael Collins","overview":"Michael Collins plays a crucial role in the establishment of the Irish Free State in the 1920s, but becomes vilified by those hoping to create a completely independent Irish republic.","popularity":0.267283,"poster_path":"/kToN6lKO4NGoVoMcdPFWzPadrkg.jpg","production_companies":[{"name":"Warner Bros. Pictures","id":174},{"name":"Geffen Pictures","id":360}],"production_countries":[{"iso_3166_1":"IE","name":"Ireland"},{"iso_3166_1":"GB","name":"United Kingdom"}],"release_date":"1996-10-25","revenue":16900000,"runtime":132,"spoken_languages":[{"iso_639_1":"en","name":"English"}],"status":"Released","tagline":"Ireland, 1916. His Dreams Inspired Hope. His Words Ignited Passion. His Courage Forged A Nation's Destiny.","title":"Michael Collins","video":false,"vote_average":6.4,"vote_count":21}
