{"adult":false,"backdrop_path":"/nnGVs8a61QHXU4LAoSXZzhA1f8Y.jpg","belongs_to_collection":null,"budget":0,"genres":[{"id":18,"name":"Drama"},{"id":53,"name":"Thriller"},{"id":80,"name":"Crime"}],"homepage":"http://www.hollywoodlandmovie.com/","id":1249,"imdb_id":"tt0427969","original_language":"en","original_title":"Hollywoodland","overview":"The complicated life and controversial suicide of George Reeves is investigated by a fictional private detective who finds that there are reasons to suspect that Reeves may not have killed himself after all. The detective also finds that there is a little of George Reeves in himself, and maybe, each of us.","popularity":0.249803,"poster_path":"/92MIHjyOpmJMnf79DGtPEXGQhuG.jpg","production_companies":[{"name":"Focus Features","id":10146}],"production_countries":[{"iso_3166_1":"US","name":"United States of America"}],"release_date":"2006-08-31","revenue":16803753,"runtime":126,"spoken_languages":[{"iso_639_1":"en","name":"English"}],"status":"Released","tagline":"Living in Hollywood can make you famous. Dying in Hollywood can make you a legend.","title":"Hollywoodland","video":false,"vote_average":5.9,"vote_count":19}
