{"adult":false,"backdrop_path":"/aV2VdQMOEuOHALR9pR4P4LBQZAQ.jpg","belongs_to_collection":null,"budget":0,"genres":[{"id":99,"name":"Documentary"},{"id":10769,"name":"Foreign"},{"id":18,"name":"Drama"},{"id":10751,"name":"Family"}],"homepage":"http://www.kamelfilm.de/","id":1114,"imdb_id":"tt0373861","original_language":"en","original_title":"Die Geschichte vom weinenden Kamel","overview":"When a Mongolian nomadic family's newest camel colt is rejected by its mother, a musician is needed for a ritual to change her mind.","popularity":0.160188,"poster_path":"/5CXTFjJvdZvdqoFJ2Y6nW6k2Zyv.jpg","production_companies":[{"name":"Hochschule für Fernsehen und Film (HFF)","id":665}],"production_countries":[{"iso_3166_1":"MN","name":"Mongolia"}],"release_date":"2003-06-29","revenue":0,"runtime":91,"spoken_languages":[{"iso_639_1":"mn","name":""}],"status":"Released","tagline":"","title":"The Story of the Weeping Camel","video":false,"vote_average":6.1,"vote_count":5}
