{"adult":false,"backdrop_path":"/99bJXtJGz0qATboAKvLtlQeF5qy.jpg","belongs_to_collection":null,"budget":0,"genres":[{"id":18,"name":"Drama"},{"id":9648,"name":"Mystery"},{"id":53,"name":"Thriller"}],"homepage":"","id":1424,"imdb_id":"tt0368089","original_language":"en","original_title":"November","overview":"Sophie Jacobs is going through the most difficult time of her life. Now, she just has to find out if it's real.","popularity":0.342529,"poster_path":"/wPrzz6xWBERqg8QBwALCno57qeZ.jpg","production_companies":[{"name":"IFC Productions","id":26468}],"production_countries":[{"iso_3166_1":"US","name":"United States of America"}],"release_date":"2005-07-22","revenue":0,"runtime":73,"spoken_languages":[{"iso_639_1":"en","name":"English"}],"status":"Released","tagline":"","title":"November","video":false,"vote_average":5.8,"vote_count":4}
