{"adult":false,"backdrop_path":"/ogP5mxjOQpsn0bTZairpBSnPuNS.jpg","belongs_to_collection":null,"budget":5000000,"genres":[{"id":18,"name":"Drama"},{"id":10749,"name":"Romance"}],"homepage":"","id":1391,"imdb_id":"tt0245574","original_language":"es","original_title":"Y tu mamá también","overview":"In Mexico, two teenage boys and an attractive older woman embark on a road trip and learn a thing or two about life, friendship, sex, and each other.","popularity":0.690873,"poster_path":"/iwQLkEJGpKsuhRSpv3MkbKgPWcZ.jpg","production_companies":[{"name":"Bésame Mucho Pictures","id":1101},{"name":"Producciones Anhelo","id":1102}],"production_countries":[{"iso_3166_1":"MX","name":"Mexico"}],"release_date":"2001-06-08","revenue":0,"runtime":106,"spoken_languages":[{"iso_639_1":"es","name":"Español"}],"status":"Released","tagline":"Life has its ways of teaching. Life has its ways to confuse us. Life has its ways to move us. Life has its ways to amaze. Life has its ways to hurt us. Life has its ways to heal. Life has its ways to inspire.","title":"Y tu mamá también","video":false,"vote_average":7.0,"vote_count":72}
