{"adult":false,"backdrop_path":"/3P3va4aqxmffjHV2HULkt5Yt2Si.jpg","belongs_to_collection":null,"budget":25000000,"genres":[{"id":35,"name":"Comedy"},{"id":18,"name":"Drama"}],"homepage":"","id":1831,"imdb_id":"tt0156841","original_language":"en","original_title":"The Next Best Thing","overview":"A comedy-drama about best friends - one a straight woman, Abbie, the other a gay man, Robert - who decide to have a child together. Five years later, Abbie falls in love with a straight man and wants to move away with her and Robert's little boy Sam, and a nasty custody battle ensues.","popularity":0.54551,"poster_path":"/lx4PY9duYxjlGUNEZWhvoIurOko.jpg","production_companies":[{"name":"Paramount Pictures","id":4},{"name":"Lakeshore Entertainment","id":126}],"production_countries":[{"iso_3166_1":"US","name":"United States of America"}],"release_date":"2000-03-03","revenue":24362772,"runtime":108,"spoken_languages":[{"iso_639_1":"en","name":"English"}],"status":"Released","tagline":"Best Friends Make The Best Mistakes","title":"The Next Best Thing","video":false,"vote_average":3.6,"vote_count":7}
