{"adult":false,"backdrop_path":"/1ACYBwluDmZta476idVBwaB7o1W.jpg","belongs_to_collection":{"id":265709,"name":"00 Schneider Filmreihe","poster_path":"/20Ik4axObKdCQOhHE2Hj8E9f7oK.jpg","backdrop_path":null},"budget":0,"genres":[{"id":35,"name":"Comedy"},{"id":80,"name":"Crime"}],"homepage":"","id":1652,"imdb_id":"tt0109000","original_language":"en","original_title":"00 Schneider - Jagd auf Nihil Baxter","overview":"The funny clown Bratislav Metulskie is found dead in circus \"Apollo\". The retired commissioner 00 Schneider is asked to assume control of the case. Schneider and his aged sidekick Körschgen investigate to find the murderer.","popularity":0.000215,"poster_path":"/2FBgfxKMWmHF4HsUmzdv00sKQdk.jpg","production_companies":[{"name":"Senator Film Produktion","id":191}],"production_countries":[{"iso_3166_1":"DE","name":"Germany"}],"release_date":"1994-12-21","revenue":0,"runtime":92,"spoken_languages":[{"iso_639_1":"de","name":"Deutsch"}],"status":"Released","tagline":"Verbrechen lohnt sich wieder","title":"00 Schneider - Jagd auf Nihil Baxter","video":false,"vote_average":6.6,"vote_count":6}
