{"adult":false,"backdrop_path":null,"belongs_to_collection":null,"budget":0,"genres":[{"id":99,"name":"Documentary"}],"homepage":"","id":133,"imdb_id":"tt0054205","original_language":"en","original_title":"Primary","overview":"Primary is a documentary film about the primary elections between John F. Kennedy and Hubert Humphrey in 1960. Primary is the first documentary to use light equipment in order to follow their subjects in a more intimate filmmaking style. This unconventional way of filming created a new look for documentary films where the camera’s lens was right in the middle of what ever drama was occuring.","popularity":0.000144,"poster_path":"/2DusXjVP1jqBoegG9leHFGklp4f.jpg","production_companies":[{"name":"Drew Associates","id":2401},{"name":"Time","id":2402}],"production_countries":[],"release_date":"1960-01-01","revenue":0,"runtime":60,"spoken_languages":[{"iso_639_1":"en","name":"English"}],"status":"Released","tagline":"","title":"Primary","video":false,"vote_average":0.0,"vote_count":0}
