{"adult":false,"backdrop_path":"/aRMZOhLj6IjnmDnRGjblXYMOPxR.jpg","belongs_to_collection":null,"budget":22000000,"genres":[{"id":18,"name":"Drama"},{"id":80,"name":"Crime"}],"homepage":"","id":1607,"imdb_id":"tt0106489","original_language":"en","original_title":"A Bronx Tale","overview":"Robert De Niro made his directorial debut with this expanded adaptation of Chazz Palminteri's one-character play. DeNiro's role of Lorenzo Anello, an Italian-America bus driver, is secondary to the part of his son Calogero, played by young Francis Capra. The top dog in Calogero's Bronx neighborhood is flashy \"wiseguy\" Sonny (Chazz Palminteri). When the boy witnesses Sonny commit a murder, he honor","popularity":0.728088,"poster_path":"/wlYIwDwk53R4h0uMnpK1NAhHqdg.jpg","production_companies":[{"name":"HBO Films","id":7429},{"name":"Savoy Pictures","id":11308}],"production_countries":[{"iso_3166_1":"US","name":"United States of America"}],"release_date":"1993-09-14","revenue":17266971,"runtime":121,"spoken_languages":[{"iso_639_1":"en","name":"English"},{"iso_639_1":"it","name":"Italiano"}],"status":"Released","tagline":"One man lives in the neighborhood, another man owns it.","title":"A Bronx Tale","video":false,"vote_average":7.2,"vote_count":120}
