{"adult":false,"backdrop_path":"/wVenkckJo117tSjIFsulg46r024.jpg","belongs_to_collection":null,"budget":0,"genres":[{"id":12,"name":"Adventure"},{"id":28,"name":"Action"},{"id":35,"name":"Comedy"}],"homepage":"","id":1721,"imdb_id":"tt0069095","original_language":"it","original_title":"Più forte, ragazzi!","overview":"The \"Trinity\" crew makes another modern era film. Plata and Salud are pilots ditching aircraft for insurance money. They wind up crashing for real in the jungles of South America. The plot involves \"Mr. Big\", who is buying the diamonds from the miners for much too little, and has thugs who keep the price down. Of course, Plata and Salud side with the miners","popularity":1.596776,"poster_path":"/hfra5i11GjZf0pdwseA2OUDZkR5.jpg","production_companies":[{"name":"Tiger Film","id":10509},{"name":"Delta","id":12063}],"production_countries":[{"iso_3166_1":"IT","name":"Italy"}],"release_date":"1972-12-22","revenue":0,"runtime":106,"spoken_languages":[{"iso_639_1":"hu","name":"Magyar"},{"iso_639_1":"it","name":"Italiano"}],"status":"Released","tagline":"","title":"All the Way Boys","video":false,"vote_average":6.4,"vote_count":21}
