{"adult":false,"backdrop_path":"/ivr7JiwjfLdUaEL48X1dcvQ2eaT.jpg","belongs_to_collection":null,"budget":70000000,"genres":[{"id":18,"name":"Drama"}],"homepage":"http://www.dreamgirlsmovie.com/","id":1125,"imdb_id":"tt0443489","original_language":"en","original_title":"Dreamgirls","overview":"Three young women - Deena Jones, Effie White, and Lorrell Robinson - desire to become pop stars and get their wish when they're picked to be backup singers for the legendary James \"Thunder\" Early. Then they're set free for leads, but Curtis Taylor and Effie's brother C.C. decide for Deena to be lead which upsets Effie.","popularity":0.605823,"poster_path":"/jrtyk21qp9oVHveellwoyp825q2.jpg","production_companies":[{"name":"DreamWorks SKG","id":27},{"name":"Warner Bros. Pictures","id":174}],"production_countries":[{"iso_3166_1":"US","name":"United States of America"}],"release_date":"2006-12-25","revenue":103365956,"runtime":134,"spoken_languages":[{"iso_639_1":"en","name":"English"}],"status":"Released","tagline":"One Dream Will Change Everything","title":"Dreamgirls","video":false,"vote_average":6.3,"vote_count":64}
