{"adult":false,"backdrop_path":"/kTQ2Wkx9QY781DgRep6z74cq8dv.jpg","belongs_to_collection":null,"budget":0,"genres":[{"id":35,"name":"Comedy"},{"id":18,"name":"Drama"}],"homepage":"http://www.vollidiot-derfilm.de/","id":1419,"imdb_id":"tt0890888","original_language":"de","original_title":"Vollidiot","overview":"Based on Tommy Jaud's bestselling novel, this comedy focuses on a dispassionate clerk and his set-backs in life. 29-year-old Simon works in a phone shop, but his thoughts just circle around finding a new girl-friend after being left by his last one year ago. While his Croatian cleaner tries to procure him, his efforts to chat up women in clubs also fail. However, he finds the woman of his dreams (and mother of their future children) in his most hated coffee shop, although not having a clue how to win her heart...","popularity":0.004404,"poster_path":"/41EsLkSWhpCJ0hNGo5A2L0WsZ6C.jpg","production_companies":[{"name":"Senator Film Produktion","id":191},{"name":"Goldkind Filmproduktion","id":21248},{"name":"Europool","id":29008}],"production_countries":[{"iso_3166_1":"DE","name":"Germany"}],"release_date":"2007-04-11","revenue":0,"runtime":102,"spoken_languages":[{"iso_639_1":"de","name":"Deutsch"}],"status":"Released","tagline":"","title":"Vollidiot","video":false,"vote_average":4.3,"vote_count":10}
