{"adult":false,"backdrop_path":"/4BMel8xxSed1pCkPSGc9R3jsUtC.jpg","belongs_to_collection":null,"budget":14000000,"genres":[{"id":18,"name":"Drama"},{"id":10749,"name":"Romance"}],"homepage":"http://www.brokebackmountain.com","id":142,"imdb_id":"tt0388795","original_language":"en","original_title":"Brokeback Mountain","overview":"Brokeback Mountain is an Ang Lee film about two modern day cowboys who meet on a shepherding job in the summer of ’63. The two share a raw and powerful summer together that turns into a life long relationship conflicting with the lives they are supposed to live.","popularity":1.520243,"poster_path":"/z2DqVxj17aW6xpimRlCLfhKSfUm.jpg","production_companies":[{"name":"River Road Entertainment","id":1246},{"name":"Alberta Film Entertainment","id":3997},{"name":"Focus Features","id":10146},{"name":"Good Machine","id":10565}],"production_countries":[{"iso_3166_1":"CA","name":"Canada"},{"iso_3166_1":"US","name":"United States of America"}],"release_date":"2005-09-02","revenue":178043761,"runtime":134,"spoken_languages":[{"iso_639_1":"en","name":"English"}],"status":"Released","tagline":"Love is a force of nature.","title":"Brokeback Mountain","video":false,"vote_average":7.0,"vote_count":372}
