{"adult":false,"backdrop_path":"/tveK3GHZ3ZH08E2FmV1Pj7L68Eo.jpg","belongs_to_collection":{"id":8412,"name":"Anatomy Collection","poster_path":null,"backdrop_path":null},"budget":0,"genres":[{"id":27,"name":"Horror"},{"id":53,"name":"Thriller"},{"id":10769,"name":"Foreign"}],"homepage":"","id":1699,"imdb_id":"tt0312358","original_language":"en","original_title":"Anatomy 2","overview":"The doctor and soccer player in the leisure time Jo Hauser decides to move to Berlin and be an intern in a famous clinic, expecting to increase his knowledge and expertize, and help his handicap brother Willi Hauser. He joins a secret fraternity of doctors, under the leadership of Prof. Muller-LaRousse, who is researching the use of bionic muscles in human beings without any ethics or respect to the laws. The team is also volunteer to the experiences, and is under investigation of Paula Henning. When Jo gets close to a Filipino nurse, and becomes addicted in the drugs used in experience, he realizes the truth hidden in the methods used by the secret society in the development of science.","popularity":0.467868,"poster_path":"/gVuhB9oQzY6DuVJUZBGMkIEQgK.jpg","production_companies":[{"name":"Claussen + Wöbke Filmproduktion GmbH","id":161}],"production_countries":[{"iso_3166_1":"DE","name":"Germany"}],"release_date":"2003-11-23","revenue":0,"runtime":101,"spoken_languages":[{"iso_639_1":"de","name":"Deutsch"},{"iso_639_1":"en","name":"English"}],"status":"Released","tagline":"A new experiment in terror...","title":"Anatomy 2","video":false,"vote_average":4.8,"vote_count":5}
