{"adult":false,"backdrop_path":"/cPr5sLYNT7w9jzHRGtUpsj5tiMj.jpg","belongs_to_collection":null,"budget":21500000,"genres":[{"id":18,"name":"Drama"},{"id":53,"name":"Thriller"},{"id":9648,"name":"Mystery"}],"homepage":"","id":1073,"imdb_id":"tt0137363","original_language":"en","original_title":"Arlington Road","overview":"Threats from sinister foreign nationals aren't the only thing to fear. Bedraggled college professor Michael Faraday has been vexed (and increasingly paranoid) since his wife's accidental death in a botched FBI operation. But all that takes a backseat when a seemingly all-American couple set up house next door.","popularity":0.755942,"poster_path":"/jMwDRI4qu5FrSAzf7BfNveuRVf9.jpg","production_companies":[{"name":"Lakeshore Entertainment","id":126},{"name":"Screen Gems","id":3287},{"name":"Arlington Road Productions Corporation","id":22512},{"name":"Gorai / Samuelson Productions","id":22513},{"name":"Samuelson Productions","id":22514}],"production_countries":[{"iso_3166_1":"US","name":"United States of America"}],"release_date":"1999-07-09","revenue":0,"runtime":117,"spoken_languages":[{"iso_639_1":"en","name":"English"}],"status":"Released","tagline":"Your Paranoia Is Real.","title":"Arlington Road","video":false,"vote_average":6.7,"vote_count":45}
