{"adult":false,"backdrop_path":"/zC9aNreN9ECI61EHbQwYPAe1QHv.jpg","belongs_to_collection":null,"budget":1250000,"genres":[{"id":18,"name":"Drama"},{"id":10752,"name":"War"}],"homepage":"","id":143,"imdb_id":"tt0020629","original_language":"en","original_title":"All Quiet on the Western Front","overview":"A young soldier faces profound disillusionment in the soul-destroying horror of World War I. Together with several other young German soldiers, he experiences the horrors of war, such evil of which he had not conceived of when signing up to fight. They eventually become sad, tormented, and confused of their purpose.","popularity":0.396662,"poster_path":"/9gn5ce3B2vOpk9pOGeUjmFecIo5.jpg","production_companies":[{"name":"Universal Pictures Corporation","id":42}],"production_countries":[{"iso_3166_1":"US","name":"United States of America"}],"release_date":"1930-04-21","revenue":0,"runtime":133,"spoken_languages":[{"iso_639_1":"de","name":"Deutsch"},{"iso_639_1":"fr","name":"Français"},{"iso_639_1":"la","name":"Latin"},{"iso_639_1":"en","name":"English"}],"status":"Released","tagline":"They left for war as boys never to return as men.","title":"All Quiet on the Western Front","video":false,"vote_average":6.6,"vote_count":36}
