{"adult":false,"backdrop_path":"/o6HqI6mXGChncwSTpdqp7vMD6pM.jpg","belongs_to_collection":null,"budget":0,"genres":[{"id":28,"name":"Action"},{"id":12,"name":"Adventure"},{"id":35,"name":"Comedy"},{"id":10749,"name":"Romance"}],"homepage":"","id":1727,"imdb_id":"tt0099141","original_language":"en","original_title":"Bird on a Wire","overview":"A FBI informant has kept his new identity secret for 15 years, now an old flame has recognised him and the bad guys are back for revenge.","popularity":0.742238,"poster_path":"/tvQOyGckGgP6JOmUm5ypN9HHoHx.jpg","production_companies":[{"name":"Universal Pictures","id":33},{"name":"Interscope Communications","id":10201},{"name":"The Badham-Cohen Group","id":12646}],"production_countries":[{"iso_3166_1":"US","name":"United States of America"}],"release_date":"1990-05-18","revenue":0,"runtime":111,"spoken_languages":[{"iso_639_1":"en","name":"English"}],"status":"Released","tagline":"He's every woman's dream and one woman's nightmare","title":"Bird on a Wire","video":false,"vote_average":5.1,"vote_count":53}
