{"adult":false,"backdrop_path":"/mXyTOWWOWH1LjIqFVZDqzzv9azg.jpg","belongs_to_collection":null,"budget":0,"genres":[{"id":18,"name":"Drama"},{"id":53,"name":"Thriller"},{"id":80,"name":"Crime"},{"id":9648,"name":"Mystery"}],"homepage":"","id":1052,"imdb_id":"tt0060176","original_language":"en","original_title":"Blowup","overview":"A successful mod photographer in London whose world is bounded by fashion, pop music, marijuana, and easy sex, feels his life is boring and despairing. But in the course of a single day he accidentally captures on film the commission of a murder. The fact that he has photographed a murder does not occur to him until he studies and then blows up his negatives, uncovering details, blowing up smaller and smaller elements, and finally putting the puzzle together.","popularity":0.868031,"poster_path":"/slML8aEQue2sAZZ4dqnaHqnYeyQ.jpg","production_companies":[{"name":"Bridge Films","id":650}],"production_countries":[{"iso_3166_1":"GB","name":"United Kingdom"}],"release_date":"1966-12-18","revenue":0,"runtime":111,"spoken_languages":[{"iso_639_1":"en","name":"English"}],"status":"Released","tagline":"Michelangelo Antonioni's first British film","title":"Blow-Up","video":false,"vote_average":6.7,"vote_count":45}
