{"adult":false,"backdrop_path":"/5HnRYBsrL05A2EDOPExZQZO4XNR.jpg","belongs_to_collection":null,"budget":0,"genres":[{"id":37,"name":"Western"}],"homepage":"","id":1790,"imdb_id":"tt0064409","original_language":"en","original_title":"Heaven with a Gun","overview":"Glenn Ford plays Jim Killian, a preacher who arrives in a town divided between cattlemen and sheep herders. But Killian isn't just any preacher. He is a former fast gun who has set upon a different path.","popularity":0.00021,"poster_path":"/BPBYqRfuJbZU4d23QcDeSB5FJf.jpg","production_companies":[{"name":"King Brothers Productions","id":3760}],"production_countries":[{"iso_3166_1":"US","name":"United States of America"}],"release_date":"1969-05-20","revenue":0,"runtime":98,"spoken_languages":[{"iso_639_1":"en","name":"English"}],"status":"Released","tagline":"Jim Killian killed like an artist. This is the story of his masterpiece.","title":"Heaven with a Gun","video":false,"vote_average":6.5,"vote_count":2}
