{"adult":false,"backdrop_path":"/ucrJQXbAeFu9M7dAUtU3PKNWM4R.jpg","belongs_to_collection":{"id":185682,"name":"The Adventures of Antoine Doinel","poster_path":"/66hyq0YtgBjrfT2kB1YJu33UDcy.jpg","backdrop_path":"/hT6f042PKqsMjt0t8vPEE7yocKj.jpg"},"budget":0,"genres":[{"id":18,"name":"Drama"}],"homepage":"","id":147,"imdb_id":"tt0053198","original_language":"fr","original_title":"Les quatre cents coups","overview":"Intensely touching story of a misunderstood young adolescent who left without attention, delves into a life of petty crime.","popularity":1.075824,"poster_path":"/nKVXTcCtOc3Zuu4yCEDMOUyeXfH.jpg","production_companies":[{"name":"Les Films du Carrosse","id":53},{"name":"Sédif Productions","id":10897}],"production_countries":[{"iso_3166_1":"FR","name":"France"}],"release_date":"1959-05-04","revenue":0,"runtime":99,"spoken_languages":[{"iso_639_1":"fr","name":"Français"},{"iso_639_1":"en","name":"English"}],"status":"Released","tagline":"Angel faces hell-bent for violence.","title":"The 400 Blows","video":false,"vote_average":7.7,"vote_count":68}
