{"adult":false,"backdrop_path":"/n2vIGWw4ezslXjlP0VNxkp9wqwU.jpg","belongs_to_collection":{"id":137697,"name":"Finding Nemo Collection","poster_path":"/dzs7PHZnJPCJoNnX03aswviXprM.jpg","backdrop_path":"/2hC8HHRUvwRljYKIcQDMyMbLlxz.jpg"},"budget":94000000,"genres":[{"id":35,"name":"Comedy"},{"id":10751,"name":"Family"},{"id":16,"name":"Animation"},{"id":12,"name":"Adventure"}],"homepage":"","id":12,"imdb_id":"tt0266543","original_language":"en","original_title":"Finding Nemo","overview":"A tale which follows the comedic and eventful journeys of two fish, the fretful Marlin and his young son Nemo, who are separated from each other in the Great Barrier Reef when Nemo is unexpectedly taken from his home and thrust into a fish tank in a dentist's office overlooking Sydney Harbor. Buoyed by the companionship of a friendly but forgetful fish named Dory, the overly cautious Marlin embarks on a dangerous trek and finds himself the unlikely hero of an epic journey to rescue his son.","popularity":3.275664,"poster_path":"/zjqInUwldOBa0q07fOyohYCWxWX.jpg","production_companies":[{"name":"Walt Disney Pictures","id":2},{"name":"Pixar Animation Studios","id":3},{"name":"Disney Enterprises","id":26151}],"production_countries":[{"iso_3166_1":"US","name":"United States of America"}],"release_date":"2003-05-30","revenue":864625978,"runtime":100,"spoken_languages":[{"iso_639_1":"en","name":"English"}],"status":"Released","tagline":"There are 3.7 trillion fish in the ocean, they're looking for one.","title":"Finding Nemo","video":false,"vote_average":7.2,"vote_count":2552}
