{"adult":false,"backdrop_path":"/iJP2ogeM5YpZyUOkmCiZ5UXWyBf.jpg","belongs_to_collection":null,"budget":4000000,"genres":[{"id":18,"name":"Drama"}],"homepage":"http://www.lost-in-translation.com/","id":153,"imdb_id":"tt0335266","original_language":"en","original_title":"Lost in Translation","overview":"Two lost souls visiting Tokyo -- the young, neglected wife of a photographer and a washed-up movie star shooting a TV commercial -- find an odd solace and pensive freedom to be real in each other's company, away from their lives in America.","popularity":2.285948,"poster_path":"/5T8VvuFTdaawKLJk34i69Utaw7o.jpg","production_companies":[{"name":"American Zoetrope","id":70}],"production_countries":[{"iso_3166_1":"JP","name":"Japan"},{"iso_3166_1":"US","name":"United States of America"}],"release_date":"2003-09-18","revenue":9,"runtime":102,"spoken_languages":[{"iso_639_1":"ja","name":"日本語"},{"iso_639_1":"en","name":"English"}],"status":"Released","tagline":"Everyone wants to be found.","title":"Lost in Translation","video":false,"vote_average":7.1,"vote_count":574}
