{"adult":false,"backdrop_path":"/jNT1hPH6GuJaZ0KFobAOXOv2X7E.jpg","belongs_to_collection":null,"budget":0,"genres":[{"id":35,"name":"Comedy"},{"id":37,"name":"Western"}],"homepage":"","id":1659,"imdb_id":"tt0108317","original_language":"en","original_title":"Texas - Doc Snyder hält die Welt in Atem","overview":"No overview found.","popularity":0.000212,"poster_path":"/dijP16u288nHOAHre6D4i09VrOH.jpg","production_companies":[],"production_countries":[{"iso_3166_1":"DE","name":"Germany"}],"release_date":"1993-01-01","revenue":0,"runtime":89,"spoken_languages":[{"iso_639_1":"de","name":"Deutsch"}],"status":"Released","tagline":"","title":"Texas - Doc Snyder hält die Welt in Atem","video":false,"vote_average":6.1,"vote_count":4}
