{"adult":false,"backdrop_path":"/a8xpxCnvqKyshdrDNFGs6oy4r8N.jpg","belongs_to_collection":null,"budget":15000000,"genres":[{"id":18,"name":"Drama"},{"id":10749,"name":"Romance"}],"homepage":"","id":1278,"imdb_id":"tt0309987","original_language":"en","original_title":"The Dreamers","overview":"A young American studying in Paris in 1968 strikes up a friendship with a French brother and sister. Set against the background of the '68 Paris student riots.","popularity":1.280953,"poster_path":"/7ABcfmXQZeCXl5sNrDuLS1URMPN.jpg","production_companies":[{"name":"Peninsula Films","id":682},{"name":"Recorded Picture Company (RPC)","id":11561},{"name":"Fiction Films","id":20783}],"production_countries":[{"iso_3166_1":"FR","name":"France"},{"iso_3166_1":"IT","name":"Italy"},{"iso_3166_1":"GB","name":"United Kingdom"}],"release_date":"2003-12-09","revenue":15121165,"runtime":115,"spoken_languages":[{"iso_639_1":"fr","name":"Français"},{"iso_639_1":"en","name":"English"}],"status":"Released","tagline":"","title":"The Dreamers","video":false,"vote_average":7.3,"vote_count":140}
