{"adult":false,"backdrop_path":"/j9LDQUC3UXX1xjY0X4GB85m8flu.jpg","belongs_to_collection":{"id":2248,"name":"Torrente Collection","poster_path":"/crCyDVyXc4kVyO2a0Tk5fposzm8.jpg","backdrop_path":null},"budget":0,"genres":[{"id":35,"name":"Comedy"},{"id":80,"name":"Crime"}],"homepage":"","id":1285,"imdb_id":"tt0444505","original_language":"es","original_title":"Torrente 3: El protector","overview":"El protector is the third Torrente film from director Santiago Segura. The adventures continue for Torrente, the corrupt, poor, delusional, sexist, egocentric, drunk and right-winged Madrid cop.","popularity":0.090745,"poster_path":"/1FkDIzde4LZqCbe6MBUcz12p3nu.jpg","production_companies":[{"name":"Amiguetes Entertainment S.L.","id":1024}],"production_countries":[{"iso_3166_1":"ES","name":"Spain"}],"release_date":"2005-09-30","revenue":0,"runtime":91,"spoken_languages":[{"iso_639_1":"es","name":"Español"}],"status":"Released","tagline":"","title":"Torrente 3: El protector","video":false,"vote_average":4.0,"vote_count":10}
