{"adult":false,"backdrop_path":"/A7XeFOpYLldBYaxPZxCAbm05e04.jpg","belongs_to_collection":null,"budget":0,"genres":[{"id":18,"name":"Drama"},{"id":53,"name":"Thriller"}],"homepage":"","id":1567,"imdb_id":"tt0157016","original_language":"en","original_title":"Seul contre tous","overview":"The Butcher (known from Noe's short film Carne) has done some time in jail after beating up the guy who tried to seduce his teenage mentally-handicapped daughter. Now he wants to start a new life. He leaves his daughter in an institution and moves to Lille suburbs with his mistress. She promised him a new butcher shop. She lied. The butcher decides to go back to Paris and find his daughter.","popularity":0.326662,"poster_path":"/6VsYFr7gsNfGMyiji4tyObEvxzD.jpg","production_companies":[{"name":"Canal Plus","id":104},{"name":"Les Cinémas de la Zone","id":1157},{"name":"Love Streams Productions","id":1158}],"production_countries":[{"iso_3166_1":"FR","name":"France"}],"release_date":"1999-02-17","revenue":0,"runtime":93,"spoken_languages":[{"iso_639_1":"fr","name":"Français"}],"status":"Released","tagline":"In the bowels of France","title":"I Stand Alone","video":false,"vote_average":7.5,"vote_count":18}
