{"adult":false,"backdrop_path":"/3qFFHnFkULFJPY3ZRvRD0U2r6b8.jpg","belongs_to_collection":null,"budget":0,"genres":[{"id":18,"name":"Drama"}],"homepage":"","id":1631,"imdb_id":"tt0135024","original_language":"fr","original_title":"Une Vraie Jeune Fille","overview":"Bored and restless, Alice spends much of her time lusting after Jim, a local sawmill worker. When not lusting after him, Alice fills the hours with such pursuits as writing her name on a mirror with vaginal secretions and wandering the fields with her underwear around her ankles. And, in true teenaged tradition, she spends a lot of time writing in her diary.","popularity":0.660975,"poster_path":"/39AriYTuZbwsMrTMc72mkO8dbVh.jpg","production_companies":[{"name":"CB Films","id":243},{"name":"Centre National de la Cinématographie (CNC)","id":18367},{"name":"Les Films de la Boétie","id":18477},{"name":"Artédis","id":25899}],"production_countries":[{"iso_3166_1":"FR","name":"France"}],"release_date":"1976-01-01","revenue":0,"runtime":93,"spoken_languages":[{"iso_639_1":"fr","name":"Français"}],"status":"Released","tagline":"A surreal voyage into adolescent sexuality.","title":"A Real Young Lady","video":false,"vote_average":6.1,"vote_count":7}
