{"adult":false,"backdrop_path":"/chJKYldpfDY9F9sJPwGfeeuHdYc.jpg","belongs_to_collection":null,"budget":0,"genres":[{"id":18,"name":"Drama"},{"id":10749,"name":"Romance"}],"homepage":"","id":1628,"imdb_id":"tt0055032","original_language":"en","original_title":"Jules et Jim","overview":"In Paris, before WWI, two friends, Jules (Austrian) and Jim (French) fall in love with the same woman, Catherine. But Catherine loves and marries Jules. After the war, when they meet again in Germany, Catherine starts to love Jim... This is the story of three people in love, a love which does not affect their friendship, and about how their relationship evolves with the years.","popularity":0.162199,"poster_path":"/jP2ttnz3qPiFZtpYMmUsUuWdGCh.jpg","production_companies":[{"name":"Les Films du Carrosse","id":53},{"name":"Sédif Productions (as S.E.D.I.F.)","id":22657}],"production_countries":[{"iso_3166_1":"FR","name":"France"}],"release_date":"1962-01-23","revenue":0,"runtime":110,"spoken_languages":[{"iso_639_1":"de","name":"Deutsch"},{"iso_639_1":"fr","name":"Français"},{"iso_639_1":"en","name":"English"}],"status":"Released","tagline":"","title":"Jules and Jim","video":false,"vote_average":7.7,"vote_count":28}
