{"adult":false,"backdrop_path":"/iQ8BBi7swg7nG58Ciytb12TBf0N.jpg","belongs_to_collection":null,"budget":0,"genres":[{"id":18,"name":"Drama"},{"id":10749,"name":"Romance"},{"id":10752,"name":"War"}],"homepage":"","id":1716,"imdb_id":"tt0080610","original_language":"fr","original_title":"Le Dernier Métro","overview":"In occupied Paris, an actress married to a Jewish theater owner must keep him hidden from the Nazis while doing both of their jobs.","popularity":0.34718,"poster_path":"/fXEF4HAUjAuHsl0Npyqcafh52x3.jpg","production_companies":[{"name":"Les Films du Carrosse","id":53},{"name":"TF1 Films Production","id":3823},{"name":"Société Française de Production (SFP)","id":6849},{"name":"Sédif Productions","id":10897}],"production_countries":[{"iso_3166_1":"FR","name":"France"}],"release_date":"1980-09-17","revenue":0,"runtime":131,"spoken_languages":[{"iso_639_1":"fr","name":"Français"}],"status":"Released","tagline":"A story of love and conflict.","title":"The Last Metro","video":false,"vote_average":7.7,"vote_count":19}
