{"adult":false,"backdrop_path":"/dTUH9xO3w6vQjcN2ictxgpnAhKm.jpg","belongs_to_collection":null,"budget":14600000,"genres":[{"id":10749,"name":"Romance"},{"id":14,"name":"Fantasy"},{"id":18,"name":"Drama"},{"id":35,"name":"Comedy"}],"homepage":"","id":137,"imdb_id":"tt0107048","original_language":"en","original_title":"Groundhog Day","overview":"A narcissistic TV weatherman, along with his attractive-but-distant producer and mawkish cameraman, is sent to report on Groundhog Day in the small town of Punxsutawney, where he finds himself repeating the same day over and over.","popularity":1.399069,"poster_path":"/vXjVd0Vu0MXRZnga7wEnHIIhO5B.jpg","production_companies":[{"name":"Columbia Pictures","id":5}],"production_countries":[{"iso_3166_1":"US","name":"United States of America"}],"release_date":"1993-02-11","revenue":70906973,"runtime":101,"spoken_languages":[{"iso_639_1":"en","name":"English"},{"iso_639_1":"fr","name":"Français"},{"iso_639_1":"it","name":"Italiano"}],"status":"Released","tagline":"He's having the worst day of his life... over, and over...","title":"Groundhog Day","video":false,"vote_average":7.0,"vote_count":638}
