{"adult":false,"backdrop_path":"/qg8ty4SzeO1jtmw3QZp2uCCQFo.jpg","belongs_to_collection":null,"budget":0,"genres":[{"id":18,"name":"Drama"}],"homepage":"","id":1838,"imdb_id":"tt0425235","original_language":"da","original_title":"Drømmen","overview":"A drama about a boy who's inspired by Dr. Martin Luther King Jr. and challenges repressive school authority in 1969 Denmark.","popularity":0.025359,"poster_path":"/wyY8Q1jAfMDEcim6OAP1zNZQysj.jpg","production_companies":[{"name":"Zentropa Entertainments","id":76}],"production_countries":[{"iso_3166_1":"DK","name":"Denmark"}],"release_date":"2006-03-24","revenue":0,"runtime":105,"spoken_languages":[{"iso_639_1":"da","name":"Dansk"}],"status":"Released","tagline":"","title":"We Shall Overcome","video":false,"vote_average":6.1,"vote_count":4}
