{"adult":false,"backdrop_path":"/6dY5XxW2GZmdcQXF3d8ahq42zGm.jpg","belongs_to_collection":null,"budget":0,"genres":[{"id":35,"name":"Comedy"},{"id":18,"name":"Drama"}],"homepage":"http://www.sonyclassics.com/junebug/","id":1444,"imdb_id":"tt0418773","original_language":"en","original_title":"Junebug","overview":"On the way to meet with an independent artist in the South, newlywed art dealer Madeleine (Embeth Davidtz) is convinced by her husband, George (Alessandro Nivola), that they should stop to meet his family in North Carolina. Madeleine's affluent lifestyle clashes with the family, but she befriends George's wide-eyed and pregnant sister-in-law, Ashley (Amy Adams), who is nearing her due date. Through the family, Madeleine gains greater insight into George's character.","popularity":0.684191,"poster_path":"/cAhzGafG60mIWy2cPtN1MkjSXGL.jpg","production_companies":[],"production_countries":[],"release_date":"2005-08-03","revenue":0,"runtime":106,"spoken_languages":[{"iso_639_1":"en","name":"English"}],"status":"Released","tagline":"","title":"Junebug","video":false,"vote_average":6.9,"vote_count":17}
