{"adult":false,"backdrop_path":"/q0fWiFPHQy42g41mxNxci2QxTIW.jpg","belongs_to_collection":null,"budget":2000000,"genres":[{"id":10749,"name":"Romance"},{"id":18,"name":"Drama"},{"id":35,"name":"Comedy"}],"homepage":"http://www.shortbusthemovie.com","id":1378,"imdb_id":"tt0367027","original_language":"en","original_title":"Shortbus","overview":"Shortbus revolves around a sexually diverse ensemble of emotionally challenged characters trying desperately to connect in New York City. The characters converge in a weekly Brooklyn artistic/sexual salon loosely inspired by various underground NYC gatherings that took place in the early 2000's. The film includes a variety of explicit scenes containing non-simulated sexual intercourse with visible penetration and male ejaculation.","popularity":0.765341,"poster_path":"/ywC3kqOJvu719kIeZruIvG9LqMW.jpg","production_companies":[{"name":"Fortissimo Films","id":1615},{"name":"Process Productions","id":1616},{"name":"Q Television","id":1617}],"production_countries":[{"iso_3166_1":"US","name":"United States of America"}],"release_date":"2006-05-20","revenue":5179037,"runtime":101,"spoken_languages":[{"iso_639_1":"en","name":"English"}],"status":"Released","tagline":"","title":"Shortbus","video":false,"vote_average":6.0,"vote_count":35}
