{"adult":false,"backdrop_path":"/3iXmO0ko2IR5gRYIsv18WCHGeYI.jpg","belongs_to_collection":null,"budget":0,"genres":[{"id":12,"name":"Adventure"},{"id":28,"name":"Action"},{"id":878,"name":"Science Fiction"}],"homepage":"","id":1680,"imdb_id":"tt0056142","original_language":"en","original_title":"Kingu Kongu tai Gojira","overview":"After a 7 year hiatus, Godzilla returned to the screen to take on King Kong in the 3rd film in the Godzilla franchise. A pharmaceutical company captures King Kong and brings him to Japan, where he escapes from captivity and battles a recently revived Godzilla.","popularity":0.070723,"poster_path":"/pyf3DWaSCy8nLHgUijCME8CkIIt.jpg","production_companies":[{"name":"Toho Company","id":882},{"name":"RKO General Pictures","id":46976}],"production_countries":[{"iso_3166_1":"JP","name":"Japan"}],"release_date":"1962-08-11","revenue":0,"runtime":98,"spoken_languages":[{"iso_639_1":"ja","name":"日本語"}],"status":"Released","tagline":"The motion picture screen beckons you to adventure that thrills the emotions with shock and terror!","title":"King Kong vs. Godzilla","video":false,"vote_average":5.8,"vote_count":11}
