{"adult":false,"backdrop_path":"/xx9DyVNmehDJPrYGsy9AJgYzAtd.jpg","belongs_to_collection":{"id":1575,"name":"Rocky Collection","poster_path":"/57GTZXXq1r96F4yIciQEYbSvJQy.jpg","backdrop_path":"/rmfyTF8AVVZqdd5i7JsSfU4X3Lr.jpg"},"budget":7000000,"genres":[{"id":18,"name":"Drama"}],"homepage":"","id":1367,"imdb_id":"tt0079817","original_language":"en","original_title":"Rocky II","overview":"After Rocky goes the distance with champ Apollo Creed, both try to put the fight behind them and move on. Rocky settles down with Adrian but can't put his life together outside the ring, while Creed seeks a rematch to restore his reputation. Soon enough, the \"Master of Disaster\" and the \"Italian Stallion\" are set on a collision course for a climactic battle that is brutal and unforgettable.","popularity":1.286722,"poster_path":"/nFtDSJ2ebN54jdWrrF391mJzMhL.jpg","production_companies":[{"name":"United Artists","id":60}],"production_countries":[{"iso_3166_1":"US","name":"United States of America"}],"release_date":"1979-06-15","revenue":200182160,"runtime":119,"spoken_languages":[{"iso_639_1":"en","name":"English"}],"status":"Released","tagline":"Once he fought for a dream. Now he's fighting for love!","title":"Rocky II","video":false,"vote_average":6.7,"vote_count":264}
