{"adult":false,"backdrop_path":"/xSt5mRs6gsAkDvPtXHxn2Gu56Zw.jpg","belongs_to_collection":null,"budget":0,"genres":[{"id":18,"name":"Drama"}],"homepage":"","id":1589,"imdb_id":"tt0337631","original_language":"en","original_title":"The Boys and Girl from County Clare","overview":"Two feuding brothers and their respective Ceilidh bands compete at a music festival. Set in 1960's Ireland.","popularity":0.000296,"poster_path":"/d4thtPY5ffkOP7ZA0rSOfmOOPf5.jpg","production_companies":[],"production_countries":[],"release_date":"2003-09-12","revenue":0,"runtime":88,"spoken_languages":[{"iso_639_1":"en","name":"English"}],"status":"Released","tagline":"","title":"The Boys and Girl from County Clare","video":false,"vote_average":6.5,"vote_count":1}
