{"adult":false,"backdrop_path":"/5RAqAsGehjveRczMAtkEttLrv22.jpg","belongs_to_collection":{"id":141290,"name":"The Lord of the Rings Animated Collection","poster_path":"/pQuazFOlGRdn2Lb3oWFJYPeASOc.jpg","backdrop_path":"/uUG532EWfyhtKDzsA0sLb1PsHhL.jpg"},"budget":0,"genres":[{"id":14,"name":"Fantasy"},{"id":16,"name":"Animation"},{"id":10751,"name":"Family"}],"homepage":"","id":1361,"imdb_id":"tt0079802","original_language":"en","original_title":"The Return of the King","overview":"Two Hobbits struggle to destroy the Ring in Mount Doom while their friends desperately fight evil Lord Sauron's forces in a final battle.","popularity":0.215689,"poster_path":"/rmjhiMrx6cqwsrg4tqYuIBk5SkY.jpg","production_companies":[{"name":"Rankin/Bass Productions","id":688}],"production_countries":[{"iso_3166_1":"US","name":"United States of America"}],"release_date":"1980-05-11","revenue":0,"runtime":98,"spoken_languages":[{"iso_639_1":"en","name":"English"}],"status":"Released","tagline":"","title":"The Return of the King","video":false,"vote_average":6.0,"vote_count":2}
