{"adult":false,"backdrop_path":null,"belongs_to_collection":null,"budget":0,"genres":[{"id":27,"name":"Horror"}],"homepage":"","id":95946,"imdb_id":"tt0070508","original_language":"en","original_title":"El pantano de los cuervos","overview":"Dr. Frosta dumps body parts and corpses in the marsh, where they rise up again for vengeance.","popularity":0.0,"poster_path":"/7214wJmc4RbeSzNIvskCftBvkCn.jpg","production_companies":[{"name":"All American Films","id":9297},{"name":"Mundial Films","id":9298}],"production_countries":[{"iso_3166_1":"ES","name":"Spain"},{"iso_3166_1":"EC","name":"Ecuador"}],"release_date":"1974-04-29","revenue":0,"runtime":87,"spoken_languages":[{"iso_639_1":"es","name":"Español"}],"status":"Released","tagline":"","title":"The Swamp of the Ravens","video":false,"vote_average":0.0,"vote_count":0}
