{"adult":false,"backdrop_path":null,"belongs_to_collection":null,"budget":0,"genres":[{"id":37,"name":"Western"}],"homepage":"","id":95998,"imdb_id":"tt0068845","original_language":"en","original_title":"I bandoleros della dodicesima ora","overview":"After stealing money transported in a train, Sacramento, Big Jim and Tequila arribe to \"La Paz\" town. They rent a room there in order to hide the money but Sacramento and Big Jim, while Tequila is sleeping, run away with the money. Tequila follow them...","popularity":0.000405,"poster_path":"/4KdMKX9qwlYZnXtuZUoKEvUV9Ax.jpg","production_companies":[],"production_countries":[{"iso_3166_1":"IT","name":"Italy"},{"iso_3166_1":"ES","name":"Spain"}],"release_date":"1972-12-23","revenue":0,"runtime":90,"spoken_languages":[{"iso_639_1":"it","name":"Italiano"}],"status":"Released","tagline":"","title":"Now They Call Him Sacramento","video":false,"vote_average":0.0,"vote_count":0}
