{"adult":false,"backdrop_path":null,"belongs_to_collection":null,"budget":0,"genres":[{"id":18,"name":"Drama"},{"id":9648,"name":"Mystery"}],"homepage":"","id":95124,"imdb_id":"tt0033955","original_language":"en","original_title":"Nine Lives Are Not Enough","overview":"A brash reporter (Ronald Reagan) wins the heiress (Joan Perry) after proving her husband's suicide was murder.","popularity":0.000143,"poster_path":"/oo26aaX4eKioJGFJdADTdNeTQAi.jpg","production_companies":[{"name":"Warner Bros Pictures","id":4209}],"production_countries":[{"iso_3166_1":"US","name":"United States of America"}],"release_date":"1941-09-20","revenue":0,"runtime":63,"spoken_languages":[{"iso_639_1":"en","name":"English"}],"status":"Released","tagline":"","title":"Nine Lives Are Not Enough","video":false,"vote_average":0.0,"vote_count":0}
