{"adult":false,"backdrop_path":null,"belongs_to_collection":null,"budget":0,"genres":[{"id":18,"name":"Drama"},{"id":10749,"name":"Romance"},{"id":9648,"name":"Mystery"}],"homepage":"","id":95048,"imdb_id":"tt0244684","original_language":"en","original_title":"No One Sleeps","overview":"San Francisco is preparing for the premiere of a new staging of the Puccini opera, Turandot. The passionate story of the Chinese princess Turandot, and the mysterious three riddles which are the key to her heart, are on the lips of opera buffs throughout the city. At the same time, a serial killer is haunting the gay bars of the city and is killing HIV positive long-term survivors. Stefan, a young gay East German medical student, arrives in the city for a medical congress and is following the trail of his dead father, a once high ranking AIDS researcher in the East. Stefan is investigating whether the HIV virus was an incremental result of secret human experiments that were conducted in US prisons in the seventies - a thesis of the Berlin professor Jakob Segal, which was spread by state agents of former East Germany. Secret lists involving these biological experiments are rumored to have surfaced in San Francisco.","popularity":0.000299,"poster_path":"/1aDvMJ6AWQktJT9Ph1TeUmLLyH5.jpg","production_companies":[],"production_countries":[],"release_date":"2001-05-25","revenue":0,"runtime":108,"spoken_languages":[],"status":"Released","tagline":"","title":"No One Sleeps","video":false,"vote_average":4.3,"vote_count":2}
