{"adult":false,"backdrop_path":"/fE4Orxoq41OJfDAIR0zskhdYGwy.jpg","belongs_to_collection":null,"budget":0,"genres":[{"id":10402,"name":"Music"}],"homepage":"","id":95279,"imdb_id":"tt0810393","original_language":"it","original_title":"Gackt Live Tour 2005 DIABOLOS -Aien no Shi to Seiya no Namida","overview":null,"popularity":0.000644,"poster_path":"/vSLK8GFFJjr64G2uaSBWhw2nP6v.jpg","production_companies":[],"production_countries":[],"release_date":"2006-03-29","revenue":0,"runtime":0,"spoken_languages":[],"status":"Released","tagline":"","title":"Gackt Live Tour 2005 DIABOLOS -Aien no Shi to Seiya no Namida","video":false,"vote_average":5.0,"vote_count":2}
