{"adult":false,"backdrop_path":null,"belongs_to_collection":null,"budget":0,"genres":[{"id":18,"name":"Drama"}],"homepage":"","id":95561,"imdb_id":"tt0151395","original_language":"en","original_title":"The Love Cult","overview":"A magician/hypnotist gets the idea that he can make more money (and have a better time) by starting a sex cult than by continuing his magic act, so he becomes Brother Eros whose motto is \"Love is all that counts.\"","popularity":0.000152,"poster_path":"/uxlIlVtFPKwFHxphPbewAQr28iG.jpg","production_companies":[{"name":"Arcanum Productions","id":44748}],"production_countries":[{"iso_3166_1":"US","name":"United States of America"}],"release_date":"1966-01-01","revenue":0,"runtime":65,"spoken_languages":[{"iso_639_1":"en","name":"English"}],"status":"Released","tagline":"Here's a major motion picture that tells the inside story of phony religious groups that used the DEVIL for a preacher!","title":"The Love Cult","video":false,"vote_average":0.0,"vote_count":0}
