{"adult":false,"backdrop_path":null,"belongs_to_collection":null,"budget":0,"genres":[{"id":18,"name":"Drama"},{"id":10749,"name":"Romance"},{"id":10769,"name":"Foreign"}],"homepage":"","id":95954,"imdb_id":"tt0063646","original_language":"en","original_title":"La permission","overview":"A black American soldier is demoted for fraternizing with a white girl in France.","popularity":0.000144,"poster_path":"/iwJkaIfnVNt1vglTL6tzF9tpVZw.jpg","production_companies":[],"production_countries":[],"release_date":"1968-07-08","revenue":0,"runtime":87,"spoken_languages":[],"status":"Released","tagline":"","title":"The Story of a Three-Day Pass","video":false,"vote_average":0.0,"vote_count":0}
