{"adult":false,"backdrop_path":null,"belongs_to_collection":null,"budget":2000,"genres":[{"id":53,"name":"Thriller"},{"id":18,"name":"Drama"}],"homepage":"http://www.broken-movie.co.uk","id":95277,"imdb_id":"tt1869318","original_language":"en","original_title":"BROKEN","overview":"A troubled man responsible for a series of violent attacks on criminals calls a radio show to provoke the nation to stand up to crime and fight back.","popularity":0.002341,"poster_path":"/h59RtPrAEE5jZJNCwRgZrizTNAP.jpg","production_companies":[],"production_countries":[{"iso_3166_1":"GB","name":"United Kingdom"}],"release_date":"2012-02-26","revenue":0,"runtime":64,"spoken_languages":[{"iso_639_1":"en","name":"English"}],"status":"Released","tagline":"A Broken Society... A Broken System... A Broken Mind... He is Coming... For Everyone","title":"BROKEN","video":false,"vote_average":4.8,"vote_count":2}
