{"adult":false,"backdrop_path":null,"belongs_to_collection":null,"budget":0,"genres":[],"homepage":"","id":95613,"imdb_id":"tt0099226","original_language":"en","original_title":"Las cartas de Alou","overview":"A group of Africans clandestinely reaches the coast of southern Spain. Among them is Alou, a 28 years old Senegalese. As all his belongings are stolen while in Almería, he has no choice but to engage in street vending. His only pleasure are the letters he writes to his family to tell the vicissitudes of his Spanish adventure.","popularity":0.027,"poster_path":"/dMQmvXuqQA58X9pIDslsqBiBkbJ.jpg","production_companies":[],"production_countries":[],"release_date":"1990-10-05","revenue":0,"runtime":100,"spoken_languages":[{"iso_639_1":"es","name":"Español"}],"status":"Released","tagline":"","title":"Letters from Alou","video":false,"vote_average":0.0,"vote_count":0}
