{"adult":true,"backdrop_path":null,"belongs_to_collection":null,"budget":0,"genres":[{"id":35,"name":"Comedy"}],"homepage":"","id":95013,"imdb_id":"tt0065920","original_language":"en","original_title":"The Joys of Jezebel","overview":"Satan lets Jezebel return to earth to deliver the soul of a blonde virgin named Rachel by taking over her body. However, Jezebel gets more than she bargained for.","popularity":1e-06,"poster_path":"/chdWOT2Q2Top76BnF56VvtcE3WH.jpg","production_companies":[],"production_countries":[{"iso_3166_1":"US","name":"United States of America"}],"release_date":"1970-01-01","revenue":0,"runtime":75,"spoken_languages":[{"iso_639_1":"en","name":"English"}],"status":"Released","tagline":"","title":"The Joys of Jezebel","video":false,"vote_average":0.0,"vote_count":0}
