{"adult":false,"backdrop_path":"/inorwBAE0jqH6NICenOn5HbFz2z.jpg","belongs_to_collection":null,"budget":0,"genres":[],"homepage":"","id":95275,"imdb_id":"tt0472589","original_language":"de","original_title":"Durchfahrtsland","overview":null,"popularity":0.00043,"poster_path":null,"production_companies":[],"production_countries":[],"release_date":"2005-09-15","revenue":0,"runtime":91,"spoken_languages":[],"status":"Released","tagline":"","title":"Durchfahrtsland","video":false,"vote_average":0.0,"vote_count":0}
