{"adult":false,"backdrop_path":"/4U6MNJ7Aq8dA80KlqvCkFFN0dWQ.jpg","belongs_to_collection":null,"budget":0,"genres":[{"id":99,"name":"Documentary"},{"id":80,"name":"Crime"}],"homepage":"","id":95006,"imdb_id":"tt0157894","original_language":"en","original_title":"The Killing of America","overview":"A documentary of the decline of America. It features a lot a great footage (most exclusive to this film) from race riots to serial killers and much-much more.","popularity":0.002025,"poster_path":"/7v2a6u8rVhSTMYiVkkPNkotKaUV.jpg","production_companies":[],"production_countries":[],"release_date":"1982-01-01","revenue":0,"runtime":90,"spoken_languages":[],"status":"Released","tagline":"","title":"The Killing of America","video":false,"vote_average":7.0,"vote_count":1}
