{"adult":false,"backdrop_path":null,"belongs_to_collection":null,"budget":0,"genres":[{"id":35,"name":"Comedy"},{"id":14,"name":"Fantasy"}],"homepage":"","id":95669,"imdb_id":"tt0243210","original_language":"en","original_title":"On the Nose","overview":"Brendan is a janitor at a university who has a fondness for gambling, especially betting on horse races. However, he doesn't have much skill at it, and poorly considered bets have drained the bank account he'd set aside for his daughter's education. Brendan's wife has made Brendan promise to give up gambling, but when their daughter announces she's just been accepted to Trinity College in Ireland, Brendan has to come up with the tuition money, and fast. While doing his sweeping at work, Brendan makes a remarkable discovery - the preserved head of an aboriginal tribesman who, under proper conditions, can pick the winners in horse races.","popularity":0.003261,"poster_path":"/qRHHEqfAsUcWfYJloSSjb52HQVG.jpg","production_companies":[],"production_countries":[{"iso_3166_1":"IE","name":"Ireland"}],"release_date":"2001-10-23","revenue":0,"runtime":104,"spoken_languages":[{"iso_639_1":"en","name":"English"}],"status":"Released","tagline":"","title":"On the Nose","video":false,"vote_average":6.5,"vote_count":1}
