{"adult":false,"backdrop_path":null,"belongs_to_collection":null,"budget":0,"genres":[],"homepage":"","id":95873,"imdb_id":"tt0092629","original_language":"en","original_title":"The Beiderbecke Tapes","overview":"Trevor Chaplin teaches woodwork and likes to listen to jazz. Jill Swinburne teaches English and wants to help save the planet. They live together and just want a quiet life. Then they meet John the barman who died but is much better now. John gave them a tape which led to meeting Dave the wimp. They find out about The Peoples Front For The Liberation of west Yorkshire. The man with no name called Mr Peterson came to see them. He was followed by the six men in grey suits. Jill goes to see The Oldest Suffragette In Town. Trevor and Jill go on a trip to Amsterdam with their class from \"San Quentin High\". Trevor and Jill meet The Honourable Order of Elks who are \"looking for a bit of action\".","popularity":0.0,"poster_path":"/rhvLa90FQbMgmwsLXfsrubh50L.jpg","production_companies":[],"production_countries":[],"release_date":"1987-12-13","revenue":0,"runtime":151,"spoken_languages":[],"status":"Released","tagline":"","title":"The Beiderbecke Tapes","video":false,"vote_average":0.0,"vote_count":0}
