{"adult":false,"backdrop_path":"/nYHqCqcEtqpzyREuc3WDN8yuTbE.jpg","belongs_to_collection":null,"budget":0,"genres":[{"id":28,"name":"Action"},{"id":37,"name":"Western"}],"homepage":"","id":95019,"imdb_id":"tt0060416","original_language":"en","original_title":"Un fiume di dollari","overview":"After the Civil War ends, two soldiers return home with a cache of stolen money. They are caught by Union troops. One escapes, but the other is sent to prison for five years. When he gets out and goes home, he finds that his wife has died in poverty because his partner kept all the money, and is now a major power in the area with an army of deadly gunmen to back him up.","popularity":0.000143,"poster_path":"/JXRQ8tUojrBOeONKoLPAbMdjYx.jpg","production_companies":[{"name":"Dino de Laurentiis Cinematografica","id":1216},{"name":"C.B. Films S.A.","id":2101}],"production_countries":[{"iso_3166_1":"IT","name":"Italy"}],"release_date":"1966-09-09","revenue":0,"runtime":0,"spoken_languages":[{"iso_639_1":"it","name":"Italiano"}],"status":"Released","tagline":"The man who had five years to think about killing... his best friend! Finally they meet...","title":"The Hills Run Red","video":false,"vote_average":5.8,"vote_count":3}
