{"adult":false,"backdrop_path":"/6GWfrOO6uKRfYrF0LrBapVltjc1.jpg","belongs_to_collection":null,"budget":0,"genres":[{"id":99,"name":"Documentary"}],"homepage":"","id":95026,"imdb_id":"tt0134616","original_language":"en","original_title":"Dialogue with a Woman Departed","overview":"A documentary about the film-maker's wife and co-worker, Peggy Lawson, who died in 1971.","popularity":0.000405,"poster_path":"/1Y5an37qzE5EndM23M5psXqD8n1.jpg","production_companies":[],"production_countries":[],"release_date":"1982-02-19","revenue":0,"runtime":225,"spoken_languages":[],"status":"Released","tagline":"","title":"Dialogue with a Woman Departed","video":false,"vote_average":0.0,"vote_count":0}
