{"adult":false,"backdrop_path":"/m0H2WmJNGRkE3CMD1IQQd7McWXY.jpg","belongs_to_collection":null,"budget":0,"genres":[{"id":10749,"name":"Romance"},{"id":80,"name":"Crime"}],"homepage":"","id":95854,"imdb_id":"tt0024475","original_language":"en","original_title":"The Prizefighter and the Lady","overview":"An ex-sailor turned boxer finds romance and gets a shot at the heavyweight title.","popularity":0.000485,"poster_path":"/4vpm9Dx802TiHoFkp5O5VLdd4JI.jpg","production_companies":[{"name":"Metro-Goldwyn-Mayer (MGM)","id":8411}],"production_countries":[{"iso_3166_1":"US","name":"United States of America"}],"release_date":"1933-11-10","revenue":0,"runtime":102,"spoken_languages":[{"iso_639_1":"en","name":"English"}],"status":"Released","tagline":"Girls!  There's a new passion in your life!","title":"The Prizefighter and the Lady","video":false,"vote_average":0.0,"vote_count":1}
