{"adult":false,"backdrop_path":"/Ap1kCkscPkACHwhSh6mzae6puWb.jpg","belongs_to_collection":null,"budget":0,"genres":[{"id":14,"name":"Fantasy"},{"id":53,"name":"Thriller"},{"id":10749,"name":"Romance"}],"homepage":"","id":95174,"imdb_id":"tt1611845","original_language":"en","original_title":"Wai Nei Chung Ching","overview":"A young 20-year-old-woman named Wing (Lan Wei) visits her grandfather's laboratory in Hong Kong. By accident, Wing opens a chamber and resurrects a woman about her age. Wing then discovers the woman awaken is her mother Gigi (Janice Man), who was cryogenically frozen shortly after becoming involved in a fatal car accident some 20 years ago. Gigi, on the other hand, must also come to grips with her daughter being the same age as her and also her favorite actor Leslie Cheung having long passed away.  The newly acquainted mother and daughter duo then set out to find Gigi's boyfriend Kit (Aarif Lee) who is also Wing's biological father. When they find Kit, they learn that he's not the same man as he was twenty years ago and, in fact, a middle-aged homeless man who lives under a bridge ...","popularity":0.002364,"poster_path":"/ebQh9XcUh27yf0MQd3BEn3yEJbz.jpg","production_companies":[],"production_countries":[{"iso_3166_1":"HK","name":"Hong Kong"}],"release_date":"2010-09-02","revenue":0,"runtime":92,"spoken_languages":[{"iso_639_1":"cn","name":"广州话 / 廣州話"}],"status":"Released","tagline":"","title":"Frozen","video":false,"vote_average":6.0,"vote_count":1}
