{"adult":false,"backdrop_path":"/t6aPW4hXYOcx9htNkdGX9FZXt8.jpg","belongs_to_collection":null,"budget":0,"genres":[],"homepage":null,"id":95196,"imdb_id":"tt0056873","original_language":"fr","original_title":"Blague dans le coin","overview":null,"popularity":0.000218,"poster_path":"/ptEk9uPlBNMuvSpkkfnzNZn6JSC.jpg","production_companies":[],"production_countries":[{"iso_3166_1":"FR","name":"France"}],"release_date":"1963-11-13","revenue":0,"runtime":0,"spoken_languages":[{"iso_639_1":"fr","name":"Français"}],"status":"Released","tagline":null,"title":"Blague dans le coin","video":false,"vote_average":0.0,"vote_count":0}
