{"adult":false,"backdrop_path":null,"belongs_to_collection":null,"budget":0,"genres":[{"id":18,"name":"Drama"}],"homepage":"","id":95292,"imdb_id":"tt0022924","original_language":"fr","original_title":"Les gaîtés de l'escadron","overview":null,"popularity":0.000144,"poster_path":"/fHfDStcbKQh39xLqMQV74GR6u9q.jpg","production_companies":[],"production_countries":[{"iso_3166_1":"FR","name":"France"}],"release_date":"1932-09-18","revenue":0,"runtime":0,"spoken_languages":[{"iso_639_1":"fr","name":"Français"}],"status":"Released","tagline":"","title":"Fun in Barracks","video":false,"vote_average":0.0,"vote_count":0}
