{"adult":false,"backdrop_path":null,"belongs_to_collection":null,"budget":0,"genres":[],"homepage":"","id":95979,"imdb_id":"tt0996363","original_language":"es","original_title":"El brassier de Emma","overview":"It was the year of 1962 when I turned 12 and my breasts began to grow. Cecilia, my sister, went to study in Paris, I was left alone with my parents and their problems. I discovered that the breasts made men and women crazy, while mine began to draw the attention of my friends without adults realizing that I needed a bra.","popularity":0.001194,"poster_path":"/f75rmmNtAHec626z5WJOIGXS9Fw.jpg","production_companies":[],"production_countries":[],"release_date":"2007-03-29","revenue":0,"runtime":98,"spoken_languages":[{"iso_639_1":"es","name":"Español"}],"status":"Released","tagline":"","title":"El brassier de Emma","video":false,"vote_average":9.5,"vote_count":1}
