{"adult":false,"backdrop_path":null,"belongs_to_collection":null,"budget":0,"genres":[{"id":18,"name":"Drama"}],"homepage":"","id":95220,"imdb_id":"tt0052205","original_language":"en","original_title":"The Small World of Sammy Lee","overview":"The compère of a seedy strip club struggles to keep one step ahead of the bookies to whom he owes money.","popularity":0.000152,"poster_path":"/9n0VYy7xqlSbBOaJbAotJeZzuP8.jpg","production_companies":[{"name":"Elgin Films","id":58766}],"production_countries":[{"iso_3166_1":"GB","name":"United Kingdom"}],"release_date":"1963-04-20","revenue":0,"runtime":107,"spoken_languages":[{"iso_639_1":"en","name":"English"}],"status":"Released","tagline":"Soho...Where Love Comes Cheap...Money Comes Hard...And Life is a Girl With a Suitcase a Thousand Miles From Home.","title":"The Small World of Sammy Lee","video":false,"vote_average":0.0,"vote_count":0}
