{"adult":false,"backdrop_path":"/d6lBFHDoiL86yFZulhFwuNgV2TZ.jpg","belongs_to_collection":null,"budget":0,"genres":[{"id":35,"name":"Comedy"},{"id":10751,"name":"Family"}],"homepage":"http://nickpress-bigtimerush-bigtimemovie.com/index.html","id":95754,"imdb_id":"tt2165641","original_language":"en","original_title":"Big Time Movie","overview":"In Big Time Movie, the guys must tap their inner spy as their adventure finds them driving exotic cars and jumping out of helicopters, while trying to make it to their first world tour concert on time. Hot on their trail are evil henchmen named Maxwell, British secret agents and Swedish spies as well as billionaire businessman, Sir Atticus Moon who wants back his precious device code named: “The Beetle,” an anti-gravitational device with enormous power.  Once they learn they’re carrying this precious cargo, the guys get pulled into a madcap mission throughout London, which threatens the onset of their world tour.  With the help of teen spy Penny Lane, the guys set out to save Penny’s father MI6 Agent Simon Lane and stop Sir Atticus Moon’s plot to use “The Beetle” to gain world domination (Nickpress).","popularity":0.066538,"poster_path":"/rLZYGB4peOiwb0EWaMRGqRFOty8.jpg","production_companies":[{"name":"Nickelodeon Network","id":5371},{"name":"Pacific Bay Entertainment","id":16442}],"production_countries":[{"iso_3166_1":"US","name":"United States of America"}],"release_date":"2012-03-10","revenue":0,"runtime":68,"spoken_languages":[{"iso_639_1":"fr","name":"Français"},{"iso_639_1":"en","name":"English"}],"status":"Released","tagline":"","title":"Big Time Movie","video":false,"vote_average":6.1,"vote_count":5}
