{"adult":false,"backdrop_path":null,"belongs_to_collection":null,"budget":85,"genres":[{"id":12,"name":"Adventure"}],"homepage":"","id":95773,"imdb_id":"tt1303776","original_language":"en","original_title":"One Man's Treasure","overview":"Elder Johnson (Darin Southam) is a hard working, by-the-book missionary who is near the end of his service but has yet to see any fruit from his labors. His companion, the laid-back elder Sarath (Charan Prabhakar), has had lots of baptisms, even though obedience isn't his strongest attribute. A chance discovery of an old journal leads the Elders (and the other missionaries in the area) on a treasure hunt. Relying on each others strengths, they strive to solve the clues, which lead them to an unexpected reward!","popularity":0.001213,"poster_path":"/9BJ3pefEgsnswPPlDDaL0vmem3V.jpg","production_companies":[],"production_countries":[{"iso_3166_1":"US","name":"United States of America"}],"release_date":"2009-01-01","revenue":0,"runtime":0,"spoken_languages":[{"iso_639_1":"en","name":"English"}],"status":"Released","tagline":"","title":"One Man's Treasure","video":false,"vote_average":0.0,"vote_count":0}
