{"adult":false,"backdrop_path":null,"belongs_to_collection":null,"budget":0,"genres":[{"id":53,"name":"Thriller"},{"id":18,"name":"Drama"},{"id":27,"name":"Horror"},{"id":10749,"name":"Romance"}],"homepage":"","id":95730,"imdb_id":"tt0100031","original_language":"en","original_title":"Lisa","overview":"Because her overprotective mother (Cheryl Ladd) won't allow her to date, 14-year-old Lisa (Staci Keanan) creates a rich fantasy life. She calls random men and seduces them anonymously. But now she may have picked the wrong man. Richard (D.W. Moffett) is Lisa's most charming target yet, but he's also the Candlelight Killer, who murders beautiful young women. Jeffrey Tambor co-stars in this seductive thriller.","popularity":0.06662,"poster_path":"/hctgBJRSTKQipmvbovmKMQPvC7j.jpg","production_companies":[],"production_countries":[],"release_date":"1990-04-20","revenue":0,"runtime":95,"spoken_languages":[{"iso_639_1":"en","name":"English"}],"status":"Released","tagline":"Someone Out There Is Lisa's Fantasy. Pray She Never Meets Him.","title":"Lisa","video":false,"vote_average":5.0,"vote_count":1}
