{"adult":false,"backdrop_path":null,"belongs_to_collection":null,"budget":0,"genres":[{"id":37,"name":"Western"}],"homepage":"","id":95407,"imdb_id":"tt0061864","original_language":"en","original_title":"Killer, adiós","overview":"Jess Vrain returns to town at the request of a former friend to find that everything has changed. Not only has his ex-girlfriend become a refined lady but someone is killing people with the only clue being a rare Winchester rifle.","popularity":0.000148,"poster_path":"/8n74wjyzk2FLoB2MLkymG5cr6DX.jpg","production_companies":[{"name":"Copercines, Cooperativa Cinematográfica","id":1500},{"name":"Concord Film","id":10450}],"production_countries":[{"iso_3166_1":"IT","name":"Italy"},{"iso_3166_1":"ES","name":"Spain"}],"release_date":"1968-02-08","revenue":0,"runtime":102,"spoken_languages":[{"iso_639_1":"it","name":"Italiano"}],"status":"Released","tagline":"","title":"Killer Goodbye","video":false,"vote_average":0.0,"vote_count":0}
