{"adult":false,"backdrop_path":"/4e9nCZj0o5LLH3RsL7LHLE1HTJV.jpg","belongs_to_collection":null,"budget":0,"genres":[{"id":80,"name":"Crime"},{"id":53,"name":"Thriller"}],"homepage":null,"id":95267,"imdb_id":"tt0056248","original_language":"fr","original_title":"Le monte-charge","overview":null,"popularity":0.000144,"poster_path":"/lkFhmhF0QxZnCAYnpi3UnGiX3ik.jpg","production_companies":[],"production_countries":[],"release_date":"1962-05-04","revenue":0,"runtime":0,"spoken_languages":[],"status":"Released","tagline":null,"title":"Le monte-charge","video":false,"vote_average":9.0,"vote_count":1}
