{"adult":false,"backdrop_path":null,"belongs_to_collection":null,"budget":0,"genres":[],"homepage":"","id":95316,"imdb_id":"tt0034004","original_language":"en","original_title":"The Parson of Panamint","overview":"No Overview","popularity":0.000143,"poster_path":"/iX2rj8uILtL2QgalqsGj5nSaqFW.jpg","production_companies":[],"production_countries":[],"release_date":"1941-07-25","revenue":0,"runtime":84,"spoken_languages":[],"status":"Released","tagline":"","title":"The Parson of Panamint","video":false,"vote_average":0.0,"vote_count":0}
