{"adult":false,"backdrop_path":"/ddSTDd2syNPvK78SDWA4yXmGty4.jpg","belongs_to_collection":null,"budget":0,"genres":[],"homepage":"","id":95360,"imdb_id":"tt0159755","original_language":"en","original_title":"Should Sailors Marry?","overview":"No Overview","popularity":0.000143,"poster_path":"/n1J49i5Fyp7j8PJ5zbUlslx0qxR.jpg","production_companies":[],"production_countries":[],"release_date":"1925-11-08","revenue":0,"runtime":22,"spoken_languages":[],"status":"Released","tagline":"","title":"Should Sailors Marry?","video":false,"vote_average":4.5,"vote_count":1}
