{"adult":false,"backdrop_path":"/odEAA8lAd1U606r0k5zBCcrXfzv.jpg","belongs_to_collection":null,"budget":0,"genres":[{"id":35,"name":"Comedy"},{"id":878,"name":"Science Fiction"},{"id":10770,"name":"TV Movie"}],"homepage":"","id":95832,"imdb_id":"tt0068270","original_language":"en","original_title":"Between Time and Timbuktu","overview":"A poet-astronaut is shot through an area of space called the Chronosynclastic Infundibulum. He is duplicated into infinite copies of himself, each of whom finds himself in a bizarre situations on a different world. (These scenarios are all derived from the novels and short stories of 'Kurt Vonnegut Jr.', including Cat's Cradle, Welcome to the Monkey House, 'Harrison Bergeron', and 'Happy Birthday, Wanda June'","popularity":0.000356,"poster_path":"/pNKPxIUjywRW6D97BtutpykBtrn.jpg","production_companies":[],"production_countries":[{"iso_3166_1":"US","name":"United States of America"}],"release_date":"1972-01-01","revenue":0,"runtime":90,"spoken_languages":[{"iso_639_1":"en","name":"English"}],"status":"Released","tagline":"Between Time and Timbuktu: A Space Fantasy","title":"Between Time and Timbuktu","video":false,"vote_average":0.0,"vote_count":0}
