{"adult":false,"backdrop_path":null,"belongs_to_collection":null,"budget":0,"genres":[{"id":27,"name":"Horror"},{"id":28,"name":"Action"},{"id":10769,"name":"Foreign"}],"homepage":"","id":95195,"imdb_id":"tt1616537","original_language":"en","original_title":"Joshikôsei zonbi","overview":"A series of murders and gossip about ‘the cut-throat woman’ hits the streets. Although her friend has been missing, a high school girl, Misaki, does not believe in the rumours. However, things take a big turn when she receives a phone call from Yoko saying that the cut-throat woman is trying to kill her. As Misaki goes out searching for Yoko, she encounters a swarm of zombies. In a desperate struggle against the zombies, a jingle of a bell echoes through the air… The zombies are exterminated in the blink of an eye, and from the darkness appears Airin, a zombie hunter dressed in a high school girl uniform.","popularity":0.001001,"poster_path":"/dqGhRbYJu60W7uLwkMgJGNbI1Pt.jpg","production_companies":[],"production_countries":[{"iso_3166_1":"JP","name":"Japan"}],"release_date":"2010-03-20","revenue":0,"runtime":87,"spoken_languages":[{"iso_639_1":"ja","name":"日本語"}],"status":"Released","tagline":"","title":"High School Girl Zombie","video":false,"vote_average":0.0,"vote_count":0}
