{"adult":false,"backdrop_path":null,"belongs_to_collection":null,"budget":0,"genres":[],"homepage":"","id":95242,"imdb_id":"tt0186650","original_language":"en","original_title":"Umirayushchii lebed","overview":"When Viktor meets Gizella one day beside the lake, he takes an interest in her and begins to call on her regularly. The one passion in the life of Gizella, who is unable to speak, is dancing. When Viktor deceives her and she finds him with another woman, she moves away and begins a career as a ballerina. Later, as she is on tour performing “The Dying Swan”, the artist Glinskiy attends her performance. Glinskiy, whose own obsession is to depict death in his art, becomes fascinated by Gizella, and he is determined to use her as a model for a special project.","popularity":0.00015,"poster_path":"/4lNJxispwIV5K8v7vYQvBfIPfax.jpg","production_companies":[],"production_countries":[],"release_date":"1917-01-17","revenue":0,"runtime":49,"spoken_languages":[],"status":"Released","tagline":"","title":"The Dying Swan","video":false,"vote_average":7.5,"vote_count":2}
