{"adult":false,"backdrop_path":null,"belongs_to_collection":null,"budget":0,"genres":[{"id":18,"name":"Drama"}],"homepage":"","id":96011,"imdb_id":"tt0491811","original_language":"en","original_title":"Touch the Top of the World","overview":"The story of the first blind man ever to reach the summit of Mount Everest","popularity":0.0,"poster_path":"/v3VrTNTpVndny5L3pU9L9K0RsIU.jpg","production_companies":[],"production_countries":[],"release_date":"","revenue":0,"runtime":89,"spoken_languages":[],"status":"Released","tagline":"","title":"Touch the Top of the World","video":false,"vote_average":0.0,"vote_count":0}
