{"adult":false,"backdrop_path":null,"belongs_to_collection":null,"budget":0,"genres":[],"homepage":"","id":95700,"imdb_id":"tt0111181","original_language":"en","original_title":"Sicario","overview":"Jairo is a teenager living in a marginal world, in a neighborhood full of drugs and assaults. Tired of poverty and his family hell, he is forced to resort to violence. He thinks his only way out of misery through the world of crime, so he decides to participate in an assault to get money with which to regain their dignity.","popularity":0.000145,"poster_path":"/dm0lEiShwEE4IlLLV4KXLFB3S0z.jpg","production_companies":[],"production_countries":[],"release_date":"1994-07-20","revenue":0,"runtime":105,"spoken_languages":[],"status":"Released","tagline":"","title":"Sicario","video":false,"vote_average":6.5,"vote_count":1}
