{"adult":false,"backdrop_path":null,"belongs_to_collection":null,"budget":0,"genres":[{"id":27,"name":"Horror"},{"id":10769,"name":"Foreign"}],"homepage":"","id":95008,"imdb_id":"tt0070655","original_language":"en","original_title":"Scream and Die!","overview":"A young model and her petty thief boyfriend find their way through the English fog to a backwoods manor in hopes of looting it. What they find instead is murder, and when the model attempts to find the house again, her efforts come to naught.","popularity":0.001367,"poster_path":"/ofrMRmCVUEb7jCmxJfFw9L7rffh.jpg","production_companies":[],"production_countries":[{"iso_3166_1":"GB","name":"United Kingdom"}],"release_date":"1974-10-03","revenue":0,"runtime":103,"spoken_languages":[{"iso_639_1":"en","name":"English"}],"status":"Released","tagline":"Are You Planning an Affair? We Can Give You 7 Good Reasons Not to Have Your Next Affair at \"The House That Vanished\"-And They're All DEAD!! 1. George 2. Marsha 3. Ted 4. Linda 5. Ronnie 6. Alice 7. Larry","title":"The House That Vanished","video":false,"vote_average":0.0,"vote_count":0}
