{"adult":false,"backdrop_path":null,"belongs_to_collection":null,"budget":0,"genres":[{"id":53,"name":"Thriller"},{"id":27,"name":"Horror"}],"homepage":"","id":95010,"imdb_id":"tt0125316","original_language":"en","original_title":"The Kiss of Her Flesh","overview":"A weapons expert who murdered his unfaithful stripper wife and her lover goes on a killing spree, bumping off exotic dancers and hookers, while plotting the demise of his wife's swinging bisexual sister and her kinky boyfriend.","popularity":0.000153,"poster_path":"/9amtsUoNOTFPtgfikDG6NsHhENC.jpg","production_companies":[],"production_countries":[{"iso_3166_1":"US","name":"United States of America"}],"release_date":"1968-12-31","revenue":0,"runtime":0,"spoken_languages":[{"iso_639_1":"en","name":"English"}],"status":"Released","tagline":"The story of hot-blooded Maria... who always gets her man, after man, after man!","title":"The Kiss of Her Flesh","video":false,"vote_average":6.0,"vote_count":1}
