{"adult":false,"backdrop_path":null,"belongs_to_collection":null,"budget":0,"genres":[{"id":18,"name":"Drama"},{"id":10752,"name":"War"}],"homepage":"","id":95963,"imdb_id":"tt0114888","original_language":"en","original_title":"The Walking Dead","overview":"Five young marines on a suicide mission in Vietnam, struggle for survival in a jungle minefield. The mean streets of home did not prepare them for this.","popularity":0.000239,"poster_path":"/lP0YJPbtshhFHGVSgiQojuiC1im.jpg","production_companies":[{"name":"Savoy Pictures","id":11308},{"name":"Price Entertainment","id":23808},{"name":"Jackson/McHenry Company,The","id":37350}],"production_countries":[{"iso_3166_1":"US","name":"United States of America"}],"release_date":"1995-02-24","revenue":0,"runtime":88,"spoken_languages":[{"iso_639_1":"en","name":"English"}],"status":"Released","tagline":"Surviving the streets was just a rehearsal.","title":"The Walking Dead","video":false,"vote_average":5.3,"vote_count":2}
