{"adult":false,"backdrop_path":null,"belongs_to_collection":null,"budget":0,"genres":[{"id":18,"name":"Drama"}],"homepage":"","id":95312,"imdb_id":"tt0042729","original_language":"fr","original_title":"Meurtres","overview":null,"popularity":0.000153,"poster_path":"/1ohxSmmNYcPHZkSsLaHkY22TO12.jpg","production_companies":[],"production_countries":[{"iso_3166_1":"FR","name":"France"}],"release_date":"1950-10-10","revenue":0,"runtime":120,"spoken_languages":[{"iso_639_1":"fr","name":"Français"}],"status":"Released","tagline":"","title":"Three Sinners","video":false,"vote_average":0.0,"vote_count":0}
