{"adult":false,"backdrop_path":null,"belongs_to_collection":{"id":8936,"name":"Bridget Jones Collection","poster_path":"/fB3BE3TL85Wh7dxNJf226IYQCp.jpg","backdrop_path":"/jiS4x140miaEH524CAFTvuxrcZ1.jpg"},"budget":0,"genres":[{"id":35,"name":"Comedy"},{"id":10749,"name":"Romance"}],"homepage":"","id":95610,"imdb_id":"tt1473832","original_language":"en","original_title":"Bridget Jones's Baby","overview":"The continuing adventures of British publishing executive Bridget Jones as she enters her 40s.","popularity":0.0,"poster_path":null,"production_companies":[],"production_countries":[{"iso_3166_1":"GB","name":"United Kingdom"}],"release_date":"","revenue":0,"runtime":0,"spoken_languages":[{"iso_639_1":"en","name":"English"}],"status":"Planned","tagline":"","title":"Bridget Jones's Baby","video":false,"vote_average":0.0,"vote_count":0}
