{"adult":false,"backdrop_path":null,"belongs_to_collection":null,"budget":0,"genres":[],"homepage":"","id":95870,"imdb_id":"tt0086668","original_language":"en","original_title":"The Beiderbecke Affair","overview":"Trevor Chaplin teaches woodwork and likes to listen to jazz. Jill Swinburne teaches English and wants to help save the planet. Trevor tries to buy some jazz records but this leads to meeting a \"dazzlingly beautiful platinum blond\", a suspicious detective sergeant and a strange pair of men running a junior football team. Big Al and Little Norm agree to help Trevor and Jill with their school supplies problems. Jill decides to stand as a local councillor. A tale of \"Black Economies\", council corruption and many strange characters all set to a background of Bix Beiderbecke.","popularity":0.000107,"poster_path":"/zlubHA4W04c13QGPpNWnWM3kvYF.jpg","production_companies":[],"production_countries":[],"release_date":"1985-01-06","revenue":0,"runtime":320,"spoken_languages":[],"status":"Released","tagline":"","title":"The Beiderbecke Affair","video":false,"vote_average":0.0,"vote_count":0}
