{"adult":false,"backdrop_path":null,"belongs_to_collection":null,"budget":0,"genres":[{"id":99,"name":"Documentary"}],"homepage":"http://www.theprovidenceeffect.com","id":95109,"imdb_id":"tt1423455","original_language":"en","original_title":"The Providence Effect","overview":"The remarkable story of a K through 12 school on Chicago's impoverished, high crime West Side, that has been sending 100% of graduating seniors to four year colleges and universities for 30 years. More than half of them are accepted by tier one schools and the class of 2008 was awarded more than $4.5 million in college scholarships. Providence St. Mel is a school that has completely escaped America's educational crisis. Written by Rollin Binzer","popularity":0.000886,"poster_path":"/AjLpwXQWrA7cNxTtJ7piEn192ts.jpg","production_companies":[{"name":"Dinosaurs of the Future","id":22115}],"production_countries":[{"iso_3166_1":"US","name":"United States of America"}],"release_date":"2009-09-25","revenue":0,"runtime":92,"spoken_languages":[{"iso_639_1":"en","name":"English"}],"status":"Released","tagline":"","title":"The Providence Effect","video":false,"vote_average":0.0,"vote_count":0}
