{"adult":false,"backdrop_path":"/pYS2wXM6Uo2fvKh8XvzRQGJ4BYm.jpg","belongs_to_collection":null,"budget":0,"genres":[{"id":35,"name":"Comedy"}],"homepage":"","id":95224,"imdb_id":"tt0042318","original_language":"fr","original_title":"Casimir","overview":"In spite of his failures as a peddler, Casimir guaranteed his fiance that this time the vacuum cleaners will work for good. But he's still unsuccessful until he go to the appartment of Paul-Andre, a painter who was engaged by correspondence to a rich south-American woman. That's exactly when she arrive armed with a gun infuriated after she had received a rupture letter from the man she had never seen. She mistakenly took Casimir as her painter lover. Casimir his ready to flee until he learned she owned many hotels, a thousand rooms in fact. \"A thousand rooms, a thousand vacuum cleaners\", he suddenly think.","popularity":0.000191,"poster_path":"/rhO8hvVRktDafF1g8QzV1ya5Xgy.jpg","production_companies":[],"production_countries":[{"iso_3166_1":"FR","name":"France"}],"release_date":"1950-04-19","revenue":0,"runtime":87,"spoken_languages":[{"iso_639_1":"fr","name":"Français"}],"status":"Released","tagline":"","title":"Three Feet in a Bed","video":false,"vote_average":0.0,"vote_count":0}
