{"adult":false,"backdrop_path":null,"belongs_to_collection":null,"budget":0,"genres":[],"homepage":"","id":95812,"imdb_id":"tt0060874","original_language":"en","original_title":"L'Uomo che viene da Canyon City","overview":"Red and Carraucho, after escaping from jail, reach the border to Mexico and are hired by Morgan, a rich silvermine owner. Disgusted by the latter's cruelty, especially against the local peones, the two support a revolt organized with the aid of Mrs. Vivian, wife of the ruthless tyrant.","popularity":0.000143,"poster_path":"/ZRT6Iwp2cnJx6BJfnD5rGY1FCv.jpg","production_companies":[],"production_countries":[{"iso_3166_1":"IT","name":"Italy"},{"iso_3166_1":"ES","name":"Spain"}],"release_date":"1965-10-15","revenue":0,"runtime":99,"spoken_languages":[{"iso_639_1":"es","name":"Español"}],"status":"Released","tagline":"","title":"Man from Canyon City","video":false,"vote_average":0.0,"vote_count":0}
