{"adult":true,"backdrop_path":null,"belongs_to_collection":null,"budget":0,"genres":[{"id":99,"name":"Documentary"}],"homepage":"http://www.taskovskifilms.com/film/mustafas-sweet-dreams","id":95389,"imdb_id":"tt2243429","original_language":"en","original_title":"Mustafa's Sweet Dreams","overview":"The small Turkish town of Gaziantep. 16-year-old Mustafa is one of many young boys who study the complex art of making baklava, the Turkish desert renowned across the world. Under the strict eye of the master Baklava makers, Mustafa’s life is one of hard work and dedication to his chosen craft. But Mustafa dreams of  a life beyond the confines of the workshop. He still wants to be a baklava master: he just wants to do it on his terms. Soon, against the advice of his friends and family, Mustafa makes a move towards the big city. Will his dreams be realised or will they crumble before him?\r A film about the impetuousness of youth and the importance of reaching for the stars, Angelos Abazoglou’s innnovative documentary is a moving and joyful coming-of-age tale which will speak to anyone who has ever wanted to fullfill their dreams.","popularity":0.001714,"poster_path":"/71pBp2aC1mgxgbHG4z7UTGdk4Gz.jpg","production_companies":[],"production_countries":[{"iso_3166_1":"GR","name":"Greece"},{"iso_3166_1":"QA","name":"Qatar"},{"iso_3166_1":"FR","name":"France"}],"release_date":"2012-03-01","revenue":0,"runtime":80,"spoken_languages":[{"iso_639_1":"tr","name":"Türkçe"}],"status":"Released","tagline":"The story of Mustafa who dreams of becoming a baklava master in Istanbul.","title":"Mustafa's Sweet Dreams","video":false,"vote_average":10.0,"vote_count":1}
