{"adult":false,"backdrop_path":null,"belongs_to_collection":null,"budget":0,"genres":[],"homepage":"","id":95959,"imdb_id":"tt0063709","original_language":"en","original_title":"The Touchables","overview":"They're on the way...","popularity":0.000212,"poster_path":"/ecab2AnhHyfOGTpb2vbrmnL81aQ.jpg","production_companies":[],"production_countries":[],"release_date":"1969-02-27","revenue":0,"runtime":97,"spoken_languages":[],"status":"Released","tagline":"","title":"The Touchables","video":false,"vote_average":0.0,"vote_count":0}
