{"adult":false,"backdrop_path":null,"belongs_to_collection":null,"budget":0,"genres":[{"id":99,"name":"Documentary"}],"homepage":"","id":95309,"imdb_id":"tt0239245","original_language":"en","original_title":"Authentiques","overview":"Le documentaire a suivi le groupe de rap durant un an (en 1998) depuis les répétitions au studio Pee Wee à Aubervilliers, du début de leur tournée à La Réunion, en passant par Lorient, Nantes, Lyon, Bordeaux, Nancy, jusqu'au Zénith de Paris. Le documentaire revient également sur les problèmes de Joeystarr avec la justice, sur la vie au sein du groupe, sur les problèmes avec les médias, ... Joeystarr et Kool Shen, en interviews croisées et intimes, reviennent sur les faits marquants de toute cette aventure. Ils parlent de leurs rapports communs, de leur \"vie de couple\", de l'émergence de leurs collectifs, B.O.S.S. (début de l'émission Skyboss sur Skyrock) et IV My People, du possible futur ou bien de la fin d'NTM","popularity":0.000168,"poster_path":"/mBuY5TqBln1b6pLxqCL5VfQrqKG.jpg","production_companies":[],"production_countries":[{"iso_3166_1":"FR","name":"France"}],"release_date":"2000-02-21","revenue":0,"runtime":0,"spoken_languages":[{"iso_639_1":"fr","name":"Français"}],"status":"Released","tagline":"","title":"Authentiques","video":false,"vote_average":0.0,"vote_count":0}
