{"adult":false,"backdrop_path":"/pbkhdxERQUguVd0RlzZHUZmpu4Z.jpg","belongs_to_collection":null,"budget":0,"genres":[],"homepage":null,"id":95639,"imdb_id":"tt0051914","original_language":"de","original_title":"Der Maulkorb","overview":null,"popularity":0.000218,"poster_path":"/498wTyW7KFBvorbLG5VU5o7LwYq.jpg","production_companies":[],"production_countries":[],"release_date":"1958-09-17","revenue":0,"runtime":0,"spoken_languages":[{"iso_639_1":"de","name":"Deutsch"}],"status":"Released","tagline":null,"title":"Der Maulkorb","video":false,"vote_average":0.0,"vote_count":0}
