{"adult":false,"backdrop_path":null,"belongs_to_collection":null,"budget":0,"genres":[],"homepage":"","id":95120,"imdb_id":"tt0034068","original_language":"en","original_title":"Private Nurse","overview":"No Overview","popularity":0.00015,"poster_path":"/20un0daqHKYCWjoxI4fhycwSZTE.jpg","production_companies":[],"production_countries":[],"release_date":"1941-08-22","revenue":0,"runtime":0,"spoken_languages":[],"status":"Released","tagline":"","title":"Private Nurse","video":false,"vote_average":0.0,"vote_count":0}
