{"adult":false,"backdrop_path":null,"belongs_to_collection":null,"budget":0,"genres":[{"id":18,"name":"Drama"}],"homepage":"","id":95372,"imdb_id":"tt0195402","original_language":"en","original_title":"Wanjia denghuo","overview":"This tale of familial warfare and sacrifice takes place in hard-pressed Shanghai at the end of the 1940s. Hu Zhiqing can barely support his wife and children, and his situation is worsened by the unexpected arrival of his mother, brother and sister-in-law. When he is fired by his unscrupulous boss, the whole family becomes embroiled in one emotional/economic struggle after another.","popularity":0.000145,"poster_path":"/2xL9NwvMLC8wXEkMnzmvPdl5Wy5.jpg","production_companies":[],"production_countries":[{"iso_3166_1":"CN","name":"China"}],"release_date":"1948-01-01","revenue":0,"runtime":114,"spoken_languages":[{"iso_639_1":"zh","name":"普通话"}],"status":"Released","tagline":"","title":"The Lights of Ten Thousand Homes","video":false,"vote_average":0.0,"vote_count":0}
