{"adult":false,"backdrop_path":"/yrJGaUjyg21WpWqnCPA1j4kJBQA.jpg","belongs_to_collection":null,"budget":0,"genres":[],"homepage":"","id":95584,"imdb_id":"","original_language":"en","original_title":"Alice In Chains - Rock Am Ring","overview":"Professionally filmed video footage of ALICE IN CHAINS' performance at the Rock Am Ring festival on June 5, 2010 in Nürburgring, Germany  Them Bones  Dam That River  Rain When I Die  Check My Brain  Again  Lesson Learned  Acid Bubble  We Die Young  Encore:  Man in the Box  Would?  Rooster","popularity":0.001004,"poster_path":"/bGp6toldw6uUJIG0CCRjytkYhye.jpg","production_companies":[],"production_countries":[],"release_date":"2010-06-05","revenue":0,"runtime":0,"spoken_languages":[],"status":"Released","tagline":"","title":"Alice In Chains - Rock Am Ring","video":false,"vote_average":0.0,"vote_count":0}
