{"adult":false,"backdrop_path":"/6Z68rO4sogNfV8zsMwoxTM1GEED.jpg","belongs_to_collection":null,"budget":0,"genres":[{"id":12,"name":"Adventure"}],"homepage":"","id":95029,"imdb_id":"tt0053903","original_language":"en","original_title":"The Hellfire Club","overview":"Years after fleeing his ancestral home with his mother, Jason returns home to claim his birthright, only to find his way blocked by his evil cousin Thomas. In order to reclaim his title, Jason must do battle with his cousin, who calls upon the members of the deadly Hellfire Club to stop him.","popularity":0.000148,"poster_path":"/94GJm7vrEnib3uQnPd9mHkoVA6E.jpg","production_companies":[{"name":"New World Productions","id":45641}],"production_countries":[{"iso_3166_1":"GB","name":"United Kingdom"}],"release_date":"1961-02-03","revenue":0,"runtime":90,"spoken_languages":[{"iso_639_1":"en","name":"English"}],"status":"Released","tagline":"A body was the membership card...","title":"The Hellfire Club","video":false,"vote_average":0.0,"vote_count":0}
