{"adult":false,"backdrop_path":"/nnCu3lQI9NW5kMI2HaQbIA9sVaw.jpg","belongs_to_collection":null,"budget":0,"genres":[{"id":27,"name":"Horror"},{"id":878,"name":"Science Fiction"}],"homepage":"","id":95547,"imdb_id":"tt1733732","original_language":"en","original_title":"Triassic Attack","overview":"A Native American owner of a kitschy roadside museum accidentally brings to life three dinosaur fossils. Now really annoyed, the giant dinos wreak havoc on the small town and the local university.","popularity":0.351713,"poster_path":"/gmJuBFAc7bbRamtdQq31nYAWscR.jpg","production_companies":[{"name":"Syfy","id":6677},{"name":"UFO International Productions","id":7188}],"production_countries":[{"iso_3166_1":"US","name":"United States of America"}],"release_date":"2010-11-27","revenue":0,"runtime":84,"spoken_languages":[{"iso_639_1":"en","name":"English"}],"status":"Released","tagline":"","title":"Triassic Attack","video":false,"vote_average":3.3,"vote_count":3}
