{"adult":false,"backdrop_path":null,"belongs_to_collection":null,"budget":0,"genres":[{"id":18,"name":"Drama"},{"id":10749,"name":"Romance"}],"homepage":"","id":95733,"imdb_id":"tt0084318","original_language":"en","original_title":"Melanie","overview":"A backwoods, illiterate young woman from Arkansas battles to regain custody of her son from her estranged husband who feels she is an unfit mother. In the process, she falls in love with a struggling musician who helps her cause.","popularity":0.002025,"poster_path":"/hEFjq5EMdx0rK5n3KuFN77z9Gsc.jpg","production_companies":[],"production_countries":[],"release_date":"1982-02-12","revenue":0,"runtime":95,"spoken_languages":[],"status":"Released","tagline":"She had to fight for what most women take for granted","title":"Melanie","video":false,"vote_average":6.8,"vote_count":2}
