{"adult":false,"backdrop_path":"/b9BCzV2Q6OFfqV40d3b14djF42.jpg","belongs_to_collection":null,"budget":0,"genres":[],"homepage":"","id":95910,"imdb_id":"tt1048159","original_language":"en","original_title":"Haengbok","overview":"Happiness  is a 2007 South Korean film, directed by Heo Jin-ho and starring Hwang Jung-min and Im Su-jeong. It is a love story about two people who meet while battling serious illnesses.","popularity":0.001005,"poster_path":"/vPoefMetO3QmQMYJzfbOCVEbIaI.jpg","production_companies":[],"production_countries":[{"iso_3166_1":"KR","name":"South Korea"}],"release_date":"2007-10-03","revenue":0,"runtime":124,"spoken_languages":[{"iso_639_1":"ko","name":"한국어/조선말"}],"status":"Released","tagline":"","title":"Happiness","video":false,"vote_average":7.0,"vote_count":2}
