{"adult":false,"backdrop_path":"/n3x6VWFLzNfgIl1fySJVlt2wAdA.jpg","belongs_to_collection":null,"budget":0,"genres":[{"id":35,"name":"Comedy"}],"homepage":"","id":95294,"imdb_id":"tt0185200","original_language":"fr","original_title":"Le bon roi Dagobert","overview":"Mr. Pelletan's rascal son Bébert son got another F for playing in class. His punishment is an essay on the Merovingian king Dagobert. All they know is he had eight wives and reunited Francia. The ignorant knave's irreverent imagination turns that into a harem and a ludicrous war without armies, loaded with anachronisms, in a race against rival king Charibert for the crown of Reims. The king's right hand, archbishop Eloi, the later patrons saint of carpentry, is portrayed as an inventor.","popularity":0.003734,"poster_path":"/cG755Y6fHOZYDDqxhF5oZmzMIHw.jpg","production_companies":[],"production_countries":[{"iso_3166_1":"FR","name":"France"}],"release_date":"1963-11-20","revenue":0,"runtime":95,"spoken_languages":[{"iso_639_1":"fr","name":"Français"}],"status":"Released","tagline":"","title":"Good King Dagobert","video":false,"vote_average":0.0,"vote_count":0}
