{"adult":false,"backdrop_path":null,"belongs_to_collection":null,"budget":0,"genres":[],"homepage":"","id":95680,"imdb_id":"","original_language":"en","original_title":"Visual Inspirations","overview":"Vision, our most important and complex sense, is one of the slowest to develop and can take 12 months until the baby fully develops his or her visual ability. From the award-winning Baby First team comes VISUAL INSPIRATIONS, which explores the beauty of art in a way that adjusts to the pace of your child s development in three progressive steps: black & white, discovering colors, and universe of colors. Your child will thrill to the sights and sounds of this easy-to-understand DVD, starting him/her on a lifelong journey of the magic of vision.  VISUAL INSPIRATIONS features segments from:  Rainbow Horse\r Sandman\r Black & White\r Harry the Bunny\r Picture Pad\r Arty Party\r Color Symphony","popularity":0.000574,"poster_path":"/dSqDEAmApy2z1LuxQAIpj1KH9v4.jpg","production_companies":[],"production_countries":[],"release_date":"2007-09-25","revenue":0,"runtime":45,"spoken_languages":[],"status":"Released","tagline":"","title":"Visual Inspirations","video":false,"vote_average":0.0,"vote_count":0}
