{"adult":false,"backdrop_path":null,"belongs_to_collection":null,"budget":0,"genres":[],"homepage":"","id":95967,"imdb_id":"tt0033914","original_language":"en","original_title":"Mob Town","overview":"Wayward youths (The Dead End Kids, Little Tough Guys) get out of trouble thanks to a policeman (Dick Foran).","popularity":0.000153,"poster_path":"/xd7VAtIrtJb1cBrfpTUUpps9VdZ.jpg","production_companies":[{"name":"Universal Pictures","id":33}],"production_countries":[{"iso_3166_1":"US","name":"United States of America"}],"release_date":"1941-10-03","revenue":0,"runtime":60,"spoken_languages":[{"iso_639_1":"en","name":"English"}],"status":"Released","tagline":"","title":"Mob Town","video":false,"vote_average":0.0,"vote_count":0}
