{"adult":false,"backdrop_path":null,"belongs_to_collection":null,"budget":6,"genres":[{"id":35,"name":"Comedy"}],"homepage":"","id":95607,"imdb_id":"tt0428287","original_language":"fr","original_title":"C'est pas moi, c'est l'autre","overview":"A bungling robber steals and resells for next to nothing a seemingly worthless piece of art that had 50 00$ belonging to a member of the Marseillaise Mafia hidden its framework. Dressed as a priest in an effort to hide from the dangerous threats, he is then mistaken by two police officers for Claude Laurin, a police investigator who they think is undercover.","popularity":0.000493,"poster_path":"/6ay07p0AwDoXFEi7KEY3Lc4A6Xh.jpg","production_companies":[{"name":"Screen People International","id":43695},{"name":"Accolade Films","id":43696},{"name":"Istar","id":43697}],"production_countries":[{"iso_3166_1":"CA","name":"Canada"},{"iso_3166_1":"FR","name":"France"}],"release_date":"2004-12-24","revenue":0,"runtime":92,"spoken_languages":[],"status":"Released","tagline":"","title":"The Cop, the Criminal and the Clown","video":false,"vote_average":6.5,"vote_count":1}
