{"adult":false,"backdrop_path":null,"belongs_to_collection":null,"budget":0,"genres":[{"id":27,"name":"Horror"}],"homepage":"","id":95040,"imdb_id":"tt1704147","original_language":"en","original_title":"The Mutilation Man","overview":"An unknown man makes his way into a quiet neighborhood bringing nothing but torture and pain along side him. The police are on the hunt for someone with no identity, the only evidence of his existence is the mess he leaves behind. When he enters the home of Roy and Jessica, they have no idea what's in store for them. As the story unravels you find that there may be more motive behind the mans actions than either of them could ever imagine.","popularity":0.001585,"poster_path":"/4TTKoUGGULvxHD5jZVgkBtlUB81.jpg","production_companies":[],"production_countries":[],"release_date":"2011-12-06","revenue":0,"runtime":81,"spoken_languages":[],"status":"Released","tagline":"The only evidence of his existence is the mess he leaves behind.","title":"The Mutilation Man","video":false,"vote_average":5.5,"vote_count":1}
