{"adult":false,"backdrop_path":"/axb1oyTqLnzpB3591E6OsEdoo1e.jpg","belongs_to_collection":null,"budget":0,"genres":[{"id":27,"name":"Horror"}],"homepage":"","id":95091,"imdb_id":"tt0062193","original_language":"en","original_title":"Dr. Terror's Gallery of Horrors","overview":"John Carradine narrates five horror tales, each with a comically predictable surprise ending. In the first, \"The Witches Clock\", The Farrells have purchased an old mansion in Salem Massachusetts, and are warned by the town doctor of the history of witches in the community. The second story, \"King of the Vampires\" deals with a slight-figured killer, called the King of the Vampires by Scotland Yard. The third, \"Monster Raid,\" is about a man turned zombie when he OD's on his experimental drug. \"Spark of Life\" deals with a doctor Mendell obsessed with the experiments of a thrown-out professor named Erich von Frankenstein. \"Count Alucard\" is a variation on the Dracula story, with the Count acquiring the deed to Carfax Abbey from Harker, as vampiresses and dead bodies start turning up.","popularity":0.000144,"poster_path":"/d1TLZDgiQvUSAezszKqIrYld934.jpg","production_companies":[],"production_countries":[{"iso_3166_1":"US","name":"United States of America"}],"release_date":"1967-01-01","revenue":0,"runtime":83,"spoken_languages":[{"iso_639_1":"en","name":"English"}],"status":"Released","tagline":"So shocking it will sliver your liver!","title":"Dr. Terror's Gallery of Horrors","video":false,"vote_average":0.0,"vote_count":0}
