{"adult":false,"backdrop_path":null,"belongs_to_collection":null,"budget":0,"genres":[],"homepage":null,"id":95232,"imdb_id":"tt0211343","original_language":"fr","original_title":"Du mou dans la gâchette","overview":null,"popularity":0.000148,"poster_path":"/2PlkTXhuZvLkcvVdSRP5hjlX60c.jpg","production_companies":[],"production_countries":[{"iso_3166_1":"FR","name":"France"}],"release_date":"1967-08-30","revenue":0,"runtime":null,"spoken_languages":[{"iso_639_1":"fr","name":"Français"}],"status":"Released","tagline":null,"title":"Du mou dans la gâchette","video":false,"vote_average":0.0,"vote_count":0}
