{"adult":false,"backdrop_path":"/nddJm66nJ3o7afL0TjzBSAYG7gN.jpg","belongs_to_collection":null,"budget":0,"genres":[{"id":99,"name":"Documentary"}],"homepage":"http://www.dwf-film.com/","id":95948,"imdb_id":"tt0867599","original_language":"en","original_title":"Divided We Fall: Americans In The Aftermath","overview":"When a turbaned Sikh man is brutally murdered in the aftermath of September 11, 2001, a college student journeys across America to discover who counts as \"one of us\" in a world divided into \"us\" and \"them.\" Armed with only a camera, Valarie Kaur encounters hundreds of stories never before told - stories of fear and unspeakable loss, but also of resilience and hope - until she finally finds the heart of America, halfway around the world, in the words of a widow. Weaving expert analysis into a personal journey and cross-country road trip, the film confronts the forces dividing a nation.","popularity":0.0,"poster_path":"/lMxCup6lB3HmCEMYTIlAxiFnHuN.jpg","production_companies":[],"production_countries":[],"release_date":"","revenue":0,"runtime":110,"spoken_languages":[],"status":"Released","tagline":"","title":"Divided We Fall: Americans In The Aftermath","video":false,"vote_average":0.0,"vote_count":0}
