{"adult":false,"backdrop_path":"/AiAALCMWvMGjk0buy6yaFfwddKH.jpg","belongs_to_collection":null,"budget":0,"genres":[{"id":18,"name":"Drama"}],"homepage":"","id":95574,"imdb_id":"tt0023581","original_language":"en","original_title":"They Call It Sin","overview":"An innocent young chorus girl fights the advances of her lecherous producer.","popularity":0.000143,"poster_path":"/yxu74ioQJWpwI8mCG4eUTpaeKtS.jpg","production_companies":[{"name":"First National Pictures","id":3245},{"name":"Warner Bros.","id":6194},{"name":"The Vitaphone Corporation","id":9329}],"production_countries":[{"iso_3166_1":"US","name":"United States of America"}],"release_date":"1932-11-05","revenue":0,"runtime":69,"spoken_languages":[{"iso_639_1":"en","name":"English"}],"status":"Released","tagline":"","title":"They Call It Sin","video":false,"vote_average":0.0,"vote_count":0}
