{"adult":false,"backdrop_path":null,"belongs_to_collection":null,"budget":0,"genres":[],"homepage":"","id":95988,"imdb_id":"tt0280984","original_language":"en","original_title":"Los asesinos del karate","overview":"Superhero wrestler Neutron battles a gang of robotic assassins who use their hands and feet as deadly weapons.","popularity":0.000144,"poster_path":"/qaMXCKLGticEVhWX7SXsS3ZsRku.jpg","production_companies":[],"production_countries":[],"release_date":"1965-08-06","revenue":0,"runtime":85,"spoken_languages":[{"iso_639_1":"es","name":"Español"}],"status":"Released","tagline":"","title":"Neutron Battles the Karate Assassins","video":false,"vote_average":0.0,"vote_count":0}
