{"adult":false,"backdrop_path":null,"belongs_to_collection":null,"budget":0,"genres":[{"id":53,"name":"Thriller"},{"id":27,"name":"Horror"},{"id":9648,"name":"Mystery"}],"homepage":"","id":95105,"imdb_id":"tt0069494","original_language":"en","original_title":"What Became of Jack and Jill?","overview":"Two young people plot to get their hands on grannie's money, but rather than simply pushing her down the stairs they hatch an elaborate plot to convince her that radical youth have taken over England are planning to do away with \"oldies\" like her.","popularity":0.031275,"poster_path":"/cY5AyQzBJyfwfcu0HZhJKvShkqu.jpg","production_companies":[],"production_countries":[{"iso_3166_1":"US","name":"United States of America"}],"release_date":"1972-06-16","revenue":0,"runtime":93,"spoken_languages":[{"iso_639_1":"en","name":"English"}],"status":"Released","tagline":"To Grandmother's House They Go-- For Love In The Attic, And Death Down Below.","title":"What Became of Jack and Jill?","video":false,"vote_average":4.0,"vote_count":2}
