{"adult":false,"backdrop_path":null,"belongs_to_collection":null,"budget":0,"genres":[{"id":18,"name":"Drama"},{"id":28,"name":"Action"},{"id":10769,"name":"Foreign"}],"homepage":"","id":95696,"imdb_id":"tt0379463","original_language":"en","original_title":"Punto y Raya","overview":"\"Punto y raya\" is the story of a young Colombian recruit who, while patrolling his country's border, is befriended by a Venezuelan adversary, and the tragic consequences of their relationship.","popularity":0.001328,"poster_path":"/zHhmEB5FQey2PmBI6URL3uHagsb.jpg","production_companies":[],"production_countries":[],"release_date":"2004-12-15","revenue":0,"runtime":105,"spoken_languages":[{"iso_639_1":"es","name":"Español"}],"status":"Released","tagline":"","title":"A Dot and a Line","video":false,"vote_average":4.3,"vote_count":3}
