{"adult":false,"backdrop_path":null,"belongs_to_collection":null,"budget":0,"genres":[{"id":27,"name":"Horror"}],"homepage":"","id":95481,"imdb_id":"tt1753750","original_language":"en","original_title":"Easter Bunny Bloodbath","overview":"In 1967, Peter McKay watched as his father decapitated his sister on Easter morning. Peter never celebrated the holiday again... until now - today - in 1987. In an isolated cabin deep in the woods, Peter and his five friends will fall prey to a killer with a bloody ax to grind. A killer dressed as the Easter Bunny.","popularity":0.001505,"poster_path":"/6i5j1fDwAGlooLqeb0HnvRsBI66.jpg","production_companies":[],"production_countries":[],"release_date":"2010-01-01","revenue":0,"runtime":80,"spoken_languages":[],"status":"Released","tagline":"He's not just hunting eggs... he's hunting YOU.","title":"Easter Bunny Bloodbath","video":false,"vote_average":4.0,"vote_count":1}
