{"adult":true,"backdrop_path":null,"belongs_to_collection":null,"budget":0,"genres":[],"homepage":"","id":95228,"imdb_id":"","original_language":"en","original_title":"Voluptuous Vixens","overview":"Taylor is sick of reading articles that Big breasted Babes are out of style. Taylor and her girlfriends know that there are so many fun things to do with these big titties and they are out to prove it. Vicky Vette gets it in the ass after whining about losing jobs because of the stick insect craze. Later Ava Devine and Devon Michaels prove to a reporter that Big Tits are the best, by putting on a hot lesbo act for him. Not entitely convinced Ava fucks the shit out of him until he has to admit that Hooters rule! Taylor finds her boyfriend in the bedroom reading some skin mags and wants to get her point across that there's so many kinky things to do with a set of DD's. Billy Glide fucks her silly and later Taylor and best friend Tanya get hot and horny in the shower together. Lots of Action, lots of hot chicks with big tits!","popularity":0.000286,"poster_path":"/Ab4MyII0hSrSq5fTVZqlGdK7iZ2.jpg","production_companies":[],"production_countries":[],"release_date":"2004-02-02","revenue":0,"runtime":0,"spoken_languages":[{"iso_639_1":"en","name":"English"}],"status":"Released","tagline":"","title":"Voluptuous Vixens","video":false,"vote_average":0.0,"vote_count":0}
