{"adult":false,"backdrop_path":null,"belongs_to_collection":null,"budget":0,"genres":[],"homepage":"","id":95182,"imdb_id":"tt0488896","original_language":"en","original_title":"Predators at War","overview":"“Table manners are out. Follow Africa's five mega-predators as they struggle for survival in a cruel season of deprivation on South Africa's Mala Mala Reserve”  To survive they must compete for the same resources using every physical and psychological weapon in their respective arsenals. Who will emerge as top predator? What will it take to survive?  Enter their minds, see through their eyes, and prepare to experience the battle for survival as never before in this stunningly filmed operation into the eat or be eaten world of Predators at War.  Award-winning wildlife photographer and former game warden Kim Wolhuter is ‘embedded’ with Africa’s five super-predators as drought ravages the once lush Mala Mala Private Game Reserve.  Now, as territories shrink, and the usual ‘rules of engagement’ explode into conflict, predator is pitted against predator in an all-out war for the area’s dwindling resources.","popularity":0.00047,"poster_path":"/32Siw6m6FQUJ4uBTobb0AWTWoJu.jpg","production_companies":[],"production_countries":[{"iso_3166_1":"US","name":"United States of America"}],"release_date":"2005-01-01","revenue":0,"runtime":96,"spoken_languages":[{"iso_639_1":"en","name":"English"}],"status":"Released","tagline":"","title":"Predators at War","video":false,"vote_average":0.0,"vote_count":0}
