{"adult":false,"backdrop_path":"/3fU7dqHNocPy210WZVG67reItPw.jpg","belongs_to_collection":null,"budget":0,"genres":[{"id":35,"name":"Comedy"},{"id":10769,"name":"Foreign"}],"homepage":"","id":95687,"imdb_id":"tt1965247","original_language":"en","original_title":"Tony Robinson's Cunning Night Out","overview":"It had to happen. Having spent years of his working life uttering the phrase \"I have a cunning plan...\" Tony Robinson started to believe it. His magnificent ruse – to tour the UK with a one-man show which will make you laugh, cry, sing along and retch but will also answer the question uppermost on everybody's minds: -  How did a man who made his name as a stinking, turnip-loving simpleton crawling through the trenches with Rowan Atkinson in Blackadder, hit the big time by grubbing around in the mud, alongside men with dubious fashion sense in Time Team, before achieving superstar status by rolling up his trousers to wade through urine in The Worst Jobs in History?","popularity":0.000574,"poster_path":"/jE3vUVyzyxi3OUiLdpbAZL41YsF.jpg","production_companies":[],"production_countries":[],"release_date":"2007-10-17","revenue":0,"runtime":93,"spoken_languages":[],"status":"Released","tagline":"","title":"Tony Robinson's Cunning Night Out","video":false,"vote_average":0.0,"vote_count":0}
