{"adult":false,"backdrop_path":null,"belongs_to_collection":null,"budget":0,"genres":[],"homepage":"","id":95751,"imdb_id":"tt1664687","original_language":"en","original_title":"María","overview":"Maria is a young girl of about 16 years old that lives wiht Efraín's family since her mother's death. Her father remarried and being a ship captain, decided to leave her with a relative that could give her a stable family life. She has lived protected and enamored by Efraín, the family's eldest son. He shares the same feelings for her and also keeps them to himself. At the age of 11, Efraín leaves to study in the Capital. When he returns 6 years later, delcares his love to her. But this love starts suffering because of a series of events. Maria becomes ill and starts having a series of epileptic attacks. This does not affect Efrain's pure love for her. But his gather has other plans for him.","popularity":0.001217,"poster_path":"/sm9nqm3MEndy2VHVerYVcCzc7PL.jpg","production_companies":[],"production_countries":[],"release_date":"2010-10-28","revenue":0,"runtime":88,"spoken_languages":[{"iso_639_1":"es","name":"Español"}],"status":"Released","tagline":"","title":"María","video":false,"vote_average":0.0,"vote_count":0}
