{"adult":false,"backdrop_path":null,"belongs_to_collection":null,"budget":0,"genres":[{"id":14,"name":"Fantasy"},{"id":35,"name":"Comedy"},{"id":878,"name":"Science Fiction"}],"homepage":"","id":95647,"imdb_id":"tt0175203","original_language":"en","original_title":"La balsa de piedra","overview":"An inexplicable crack in the Pyrenees Mountains provokes excitement and scientific curiosity. As the geological fracture deepens and widens, the European community begins to disassociate itself from the calamity, and panic ensues among tourists and residents attempting to escape. When Spain and Portugal physically separate from the continent, the detached Iberian peninsula aimlessly floats off to sea, becoming home to a group of god-like humans.","popularity":0.007338,"poster_path":"/hoIc8RMNqPRxgAhNzmUI3s3Ju9R.jpg","production_companies":[{"name":"Sogecine","id":692},{"name":"MGS Film","id":8677},{"name":"Lusomundo","id":54592}],"production_countries":[{"iso_3166_1":"NL","name":"Netherlands"},{"iso_3166_1":"PT","name":"Portugal"},{"iso_3166_1":"ES","name":"Spain"}],"release_date":"2002-09-19","revenue":0,"runtime":117,"spoken_languages":[{"iso_639_1":"pt","name":"Português"},{"iso_639_1":"es","name":"Español"}],"status":"Released","tagline":"","title":"The Stone Raft","video":false,"vote_average":5.5,"vote_count":1}
