{"adult":false,"backdrop_path":"/jEuCKOfpxvqsteyuV5CmBWNwLeR.jpg","belongs_to_collection":null,"budget":0,"genres":[],"homepage":null,"id":95184,"imdb_id":"tt0175468","original_language":"fr","original_title":"Barnabé","overview":null,"popularity":0.000143,"poster_path":"/zTRHGmRJEeAqUHw2MRNxCMX2w3B.jpg","production_companies":[],"production_countries":[],"release_date":"1938-05-14","revenue":0,"runtime":0,"spoken_languages":[],"status":"Released","tagline":null,"title":"Barnabé","video":false,"vote_average":0.0,"vote_count":0}
