{"adult":false,"backdrop_path":null,"belongs_to_collection":null,"budget":0,"genres":[{"id":35,"name":"Comedy"}],"homepage":"","id":95362,"imdb_id":"tt0248877","original_language":"en","original_title":"Hop to It!","overview":"Two nutty bellhops raise havoc at a posh hotel.","popularity":0.000143,"poster_path":"/gMAGdVBbqhWymMwmKBnwVUcsFgk.jpg","production_companies":[],"production_countries":[],"release_date":"1925-07-01","revenue":0,"runtime":23,"spoken_languages":[],"status":"Released","tagline":"","title":"Hop to It!","video":false,"vote_average":5.5,"vote_count":1}
