{"adult":false,"backdrop_path":null,"belongs_to_collection":null,"budget":0,"genres":[{"id":10402,"name":"Music"}],"homepage":"","id":95261,"imdb_id":"tt2050624","original_language":"en","original_title":"Stravinsky et les Ballets Russes","overview":"Two ballets - The Firebird and The Rite of Spring. Music by Igor Stravinsky.","popularity":0.000715,"poster_path":"/lyV5OewedSmBM6RwaWIj72u7nPF.jpg","production_companies":[],"production_countries":[],"release_date":"2009-01-01","revenue":0,"runtime":0,"spoken_languages":[],"status":"Released","tagline":"","title":"Stravinsky et les Ballets Russes","video":false,"vote_average":0.0,"vote_count":0}
