{"adult":false,"backdrop_path":null,"belongs_to_collection":null,"budget":0,"genres":[],"homepage":"","id":95626,"imdb_id":"tt0153219","original_language":"en","original_title":"Tourist Trap","overview":"A group of French tourist's dream trip to Los Angeles turns into a nightmare when their Parisian tour guide goes bankrupt and abandons them.","popularity":0.000152,"poster_path":"/yZ5mOdX6p6kFiGPlyl5mn06oMHq.jpg","production_companies":[],"production_countries":[],"release_date":"1998-04-05","revenue":0,"runtime":89,"spoken_languages":[{"iso_639_1":"en","name":"English"}],"status":"Released","tagline":"","title":"Tourist Trap","video":false,"vote_average":0.0,"vote_count":0}
