{"adult":false,"backdrop_path":"/qjjQ5kz0nq4soufcsy5HzzufZHs.jpg","belongs_to_collection":null,"budget":0,"genres":[{"id":10749,"name":"Romance"}],"homepage":"","id":95671,"imdb_id":"tt1319560","original_language":"en","original_title":"Carmen","overview":"Georges Bizet's Carmen, filmed at the Royal Opera House in Covent Garden, London, and conducted by Antonio Pappano, tells the tragic story of a soldier who falls for the sultry Carmen and abandons his career and family to be with her.","popularity":0.000574,"poster_path":"/8D0oOlGhNuVYlQxdfmHU5mG7v2o.jpg","production_companies":[],"production_countries":[],"release_date":"2007-12-26","revenue":0,"runtime":152,"spoken_languages":[],"status":"Released","tagline":"Conducted by Antonio Pappano in Covent Garden, London","title":"Carmen","video":false,"vote_average":4.8,"vote_count":2}
