{"adult":false,"backdrop_path":null,"belongs_to_collection":null,"budget":0,"genres":[{"id":10749,"name":"Romance"},{"id":35,"name":"Comedy"}],"homepage":"","id":95401,"imdb_id":"tt2193161","original_language":"en","original_title":"My Cactus Heart","overview":"MyCactusHeart is a 2012 Filipino romantic comedy film starring Maja Salvador and Matteo Guidicelli and introducing Xian Lim. It was released nationwide on January 25, 2012.","popularity":0.001674,"poster_path":"/xYR7f8Tpx9WwP1j5oUq2MQN7p0a.jpg","production_companies":[],"production_countries":[],"release_date":"2012-01-25","revenue":0,"runtime":0,"spoken_languages":[],"status":"Released","tagline":"","title":"My Cactus Heart","video":false,"vote_average":0.0,"vote_count":0}
