{"adult":false,"backdrop_path":null,"belongs_to_collection":null,"budget":0,"genres":[],"homepage":"","id":95108,"imdb_id":"tt0067987","original_language":"en","original_title":"Wild Honey","overview":"Country girl comes to the big city, gets into all kinds of trouble.","popularity":0.000405,"poster_path":"/mfVOxkeKnInExDLMeREqlnLZ9Xv.jpg","production_companies":[],"production_countries":[],"release_date":"1972-03-22","revenue":0,"runtime":95,"spoken_languages":[],"status":"Released","tagline":"Who says love has to last? It just has to be good.","title":"Wild Honey","video":false,"vote_average":0.0,"vote_count":0}
