{"adult":false,"backdrop_path":null,"belongs_to_collection":null,"budget":0,"genres":[],"homepage":"","id":95364,"imdb_id":"tt0140405","original_language":"fr","original_title":"Le mystère Saint-Val","overview":null,"popularity":0.000143,"poster_path":"/bNxCKVl5YvsBhQkl106bK1Yzt1U.jpg","production_companies":[],"production_countries":[{"iso_3166_1":"FR","name":"France"}],"release_date":"1945-09-19","revenue":0,"runtime":0,"spoken_languages":[{"iso_639_1":"fr","name":"Français"}],"status":"Released","tagline":"","title":"St. Val's Mystery","video":false,"vote_average":0.0,"vote_count":0}
