{"adult":false,"backdrop_path":"/wAyi9K3wWgLBtXPIAVpGeF24vwt.jpg","belongs_to_collection":null,"budget":0,"genres":[{"id":28,"name":"Action"},{"id":53,"name":"Thriller"}],"homepage":"","id":95140,"imdb_id":"tt0321997","original_language":"en","original_title":"Detention","overview":"A heroic high school teacher leads a band of students trapped in school by violent drug-runners.","popularity":0.00291,"poster_path":"/rzZEZuHXEdlcEaTwFpzsfz7bQZs.jpg","production_companies":[{"name":"Nu Image Films","id":925}],"production_countries":[{"iso_3166_1":"CA","name":"Canada"}],"release_date":"2003-07-05","revenue":0,"runtime":98,"spoken_languages":[{"iso_639_1":"fr","name":"Français"},{"iso_639_1":"en","name":"English"}],"status":"Released","tagline":"","title":"Detention","video":false,"vote_average":0.0,"vote_count":0}
