{"adult":true,"backdrop_path":null,"belongs_to_collection":null,"budget":0,"genres":[],"homepage":"","id":95231,"imdb_id":"","original_language":"en","original_title":"Voluptuous Vixens 2","overview":"There was a HUGE boom in the early '90's for big boob babes. Taylor returns in this heavily requested sequel to the first \"Voluptious Vixens\" title as a big-boobed temptress taunting writers in the porn industry for doubting the present popularity of the Glam-Mams of the '90's. She literally gives up her ass this time in a scorching anal scene to convince a reporter that not only can you do more sexually with big knockers, the girls who sport them are hotter than tit-less wonders!","popularity":0.000429,"poster_path":"/e0KZ3YXgf0PN5JhZXULrQEYFn04.jpg","production_companies":[],"production_countries":[],"release_date":"2004-11-01","revenue":0,"runtime":0,"spoken_languages":[],"status":"Released","tagline":"","title":"Voluptuous Vixens 2","video":false,"vote_average":0.0,"vote_count":0}
