{"adult":false,"backdrop_path":null,"belongs_to_collection":null,"budget":2600,"genres":[],"homepage":null,"id":95749,"imdb_id":"tt0978604","original_language":"fi","original_title":"Graffiti meissä","overview":null,"popularity":0.000435,"poster_path":null,"production_companies":[],"production_countries":[{"iso_3166_1":"FI","name":"Finland"}],"release_date":"2006-06-25","revenue":0,"runtime":0,"spoken_languages":[{"iso_639_1":"fi","name":"suomi"}],"status":"Released","tagline":null,"title":"Graffiti meissä","video":false,"vote_average":0.0,"vote_count":0}
