{"adult":false,"backdrop_path":null,"belongs_to_collection":null,"budget":0,"genres":[],"homepage":"","id":95663,"imdb_id":"tt0210681","original_language":"en","original_title":"Final Run","overview":"The Grand Royale is a new high-tech passenger train with a computerized engine. On its maiden voyage, it suffers a severe technical failure, killing the controller and gradually increasing its already high speed, at the rate of 2 more miles per minute. With heavily populated areas ahead and the risk of a deadly derailment, every minute counts and once again, it's up to Lucky singer to save the 200 passengers on board.","popularity":0.000225,"poster_path":null,"production_companies":[],"production_countries":[],"release_date":"1999-10-10","revenue":0,"runtime":89,"spoken_languages":[],"status":"Released","tagline":"","title":"Final Run","video":false,"vote_average":4.5,"vote_count":1}
