{"adult":false,"backdrop_path":null,"belongs_to_collection":null,"budget":0,"genres":[{"id":10751,"name":"Family"}],"homepage":"","id":95783,"imdb_id":"tt0305825","original_language":"es","original_title":"Merlin and the Dragons","overview":"A young King Arthur is awoken from his sleep by bad dreams, about a boy who is made king because he pulls a sword from a stone. He goes to Merlin to seek his counsel, and Merlin begins a story of his own, about a young boy with strange abilities and visions. The boy, called Emrys, is feared in his village called of as a demon. Eventually, King Vortigern comes and forces his village to build a tower for him. However, the tower crumbles. His wizards advise him to find a demon boy and spill his blood upon the ground. However, when the boy is brought before Vortigern, he predicts that there is a pool of water beneath the foundations of the castle that weaken it. The workers find a pool of water and two strange stones, from which two beasts emerge, a white and a red dragon.","popularity":8.2e-05,"poster_path":"/3HRkQ2yDMgWAU2odIzx8kstLBhK.jpg","production_companies":[],"production_countries":[],"release_date":"1991-11-09","revenue":0,"runtime":37,"spoken_languages":[{"iso_639_1":"en","name":"English"}],"status":"Released","tagline":"","title":"Merlin and the Dragons","video":false,"vote_average":0.0,"vote_count":0}
