{"adult":false,"backdrop_path":"/4FPQXDUzakkoJEpaz4iU9ytiUzi.jpg","belongs_to_collection":null,"budget":0,"genres":[{"id":28,"name":"Action"},{"id":18,"name":"Drama"}],"homepage":"","id":95576,"imdb_id":"tt1644655","original_language":"en","original_title":"Nintama Rantarô","overview":"The film stars Seishiro Kato as Rantaro who is sent to a ninja training school by his parents. During the summer, their teacher is invaded by a group of rival ninjas culminating in a race to ring a bell on top of a mountain.","popularity":0.014445,"poster_path":"/dd5VcpqV4arccGyBZpzpYNcoaIN.jpg","production_companies":[],"production_countries":[],"release_date":"2011-07-23","revenue":0,"runtime":99,"spoken_languages":[],"status":"Released","tagline":"","title":"Ninja Kids!!!","video":false,"vote_average":7.2,"vote_count":3}
