{"adult":false,"backdrop_path":null,"belongs_to_collection":null,"budget":0,"genres":[],"homepage":"","id":95781,"imdb_id":"tt0045036","original_language":"en","original_title":"Plume au vent","overview":"Carlos, veterinary, poet, musician in his spare time and a  fun-minded Don Juan,pretends to be his friend Fernando who has inherited a pharmacy in Madrid. There he meets an old girl friend that attracts him.","popularity":0.000152,"poster_path":"/sRTFBiPVPkILl5wfzCFnoDv7VVj.jpg","production_companies":[],"production_countries":[],"release_date":"1952-10-17","revenue":0,"runtime":85,"spoken_languages":[{"iso_639_1":"es","name":"Español"}],"status":"Released","tagline":"","title":"Plume au vent","video":false,"vote_average":0.0,"vote_count":0}
