{"adult":false,"backdrop_path":null,"belongs_to_collection":null,"budget":0,"genres":[],"homepage":"","id":95536,"imdb_id":"tt0364093","original_language":"en","original_title":"Um Filme Falado","overview":"A meditation on civilization. July, 2001: friends wave as a cruise ship departs Lisbon for Mediterranean ports and the Indian Ocean. On board and on day trips in Marseilles, Pompeii, Athens, Istanbul, and Cairo, a professor tells her young daughter about myth, history, religion, and wars. Men approach her; she's cool, on her way to her husband in Bombay. After Cairo, for two evenings divided by a stop in Aden, the captain charms three successful, famous (and childless) women, who talk with wit and intellect, each understanding the others' native tongue, a European union. The captain asks mother and child to join them. He gives the girl a gift. Helena sings. Life can be sweet.","popularity":0.000477,"poster_path":"/vIko8ZUUnDUeu6ERF6ndJX0LOoh.jpg","production_companies":[],"production_countries":[],"release_date":"2003-08-31","revenue":0,"runtime":96,"spoken_languages":[],"status":"Released","tagline":"","title":"A Talking Picture","video":false,"vote_average":7.0,"vote_count":1}
