{"adult":false,"backdrop_path":null,"belongs_to_collection":null,"budget":0,"genres":[],"homepage":"","id":95867,"imdb_id":"tt1712542","original_language":"en","original_title":"La république des enfants","overview":"In West Africa, there's a small country every adult abandoned. The children get organized and the Children's Republic becomes a stable and prosperous country. But the children can no longer grow up.","popularity":0.001148,"poster_path":"/omdw3DS6roWqeSHVpM46tI92TWv.jpg","production_companies":[],"production_countries":[{"iso_3166_1":"PT","name":"Portugal"},{"iso_3166_1":"FR","name":"France"}],"release_date":"2011-01-01","revenue":0,"runtime":75,"spoken_languages":[{"iso_639_1":"en","name":"English"}],"status":"Released","tagline":"","title":"The Children's Republic","video":false,"vote_average":9.5,"vote_count":1}
