{"adult":false,"backdrop_path":null,"belongs_to_collection":null,"budget":0,"genres":[{"id":37,"name":"Western"}],"homepage":"","id":95403,"imdb_id":"tt0060430","original_language":"es","original_title":"Las siete magníficas","overview":"Seven women are the only survivors of an Apache attack on a wagon train. They must cross the desert on foot to escape the Indians who are hunting them.","popularity":0.000218,"poster_path":"/TgEdGNUmmUzfSPVFlMlPmJmsB6.jpg","production_companies":[],"production_countries":[],"release_date":"1967-03-01","revenue":0,"runtime":104,"spoken_languages":[{"iso_639_1":"es","name":"Español"}],"status":"Released","tagline":"","title":"Seven Vengeful Women","video":false,"vote_average":0.0,"vote_count":0}
