{"adult":false,"backdrop_path":null,"belongs_to_collection":null,"budget":0,"genres":[],"homepage":"","id":95336,"imdb_id":"tt0088301","original_language":"en","original_title":"Truckin' Buddy McCoy","overview":"Buddy McCoy (Terrence Knox) and out of work trucker, has been spending all of his time partying and raising hell, a round of good luck in a contest puts Buddy's butt in a brand new Mack truck so buddy takes his partying ways on the road! His misadventures lead him cross country raising hell. Often Buddy would get into a brawl that resulted in some guy putting a boot to Buddy's face, and Buddy would then have to - ever so politely - remove it with his fist! Women he would pick up  might try to overstay there welcome.. trying to stick around for more than one night and Buddy, - ever so gently - would have to let them down and be on his way to the next.  On a journey to try and find himself.. Buddy certainly has \"ONE HELL OF A TIME\"!","popularity":0.002633,"poster_path":"/a4e4kvh9CLcYxtc1nTrVcuRSvAX.jpg","production_companies":[],"production_countries":[],"release_date":"1984-01-01","revenue":0,"runtime":96,"spoken_languages":[],"status":"Released","tagline":"Fast Wheels...Sexy Women...Big Trouble...Big Fun!","title":"Truckin' Buddy McCoy","video":false,"vote_average":0.0,"vote_count":0}
