{"adult":false,"backdrop_path":null,"belongs_to_collection":null,"budget":0,"genres":[{"id":53,"name":"Thriller"},{"id":35,"name":"Comedy"},{"id":80,"name":"Crime"}],"homepage":"","id":95627,"imdb_id":"tt0120680","original_language":"en","original_title":"Frogs for Snakes","overview":"A group of unemployed theater actors survive by working as illegal money collectors. The loan shark they are working for owns an Off-Broadway theater. As he decided to play \"American Buffalo\" there, a bloody battle for the favorite roles begin.","popularity":0.00114,"poster_path":"/zHt1LIyMRlb100X50AblxXsqhEq.jpg","production_companies":[{"name":"Shooting Gallery","id":1596},{"name":"Rain film","id":40757}],"production_countries":[{"iso_3166_1":"US","name":"United States of America"}],"release_date":"1998-08-14","revenue":0,"runtime":108,"spoken_languages":[{"iso_639_1":"en","name":"English"}],"status":"Released","tagline":"They collect for the mob. But they'd rather act. Expect killer performances.","title":"Frogs for Snakes","video":false,"vote_average":0.0,"vote_count":0}
