{"adult":false,"backdrop_path":null,"belongs_to_collection":null,"budget":0,"genres":[{"id":10770,"name":"TV Movie"},{"id":53,"name":"Thriller"}],"homepage":"","id":95107,"imdb_id":"tt0066552","original_language":"en","original_title":"Weekend of Terror","overview":"Three nuns on a weekend trip are held hostage by escaped convicts.","popularity":0.025096,"poster_path":"/olGP4YBWRNaOJP6TCFIQm8eOBYN.jpg","production_companies":[],"production_countries":[],"release_date":"1970-12-08","revenue":0,"runtime":74,"spoken_languages":[],"status":"Released","tagline":"","title":"Weekend of Terror","video":false,"vote_average":0.0,"vote_count":0}
