{"adult":false,"backdrop_path":"/mDTJku4OylBKui5DDwll7nOtJrD.jpg","belongs_to_collection":null,"budget":0,"genres":[{"id":37,"name":"Western"}],"homepage":"","id":95958,"imdb_id":"tt0049848","original_language":"en","original_title":"The Three Outlaws","overview":"Ready to quit their life of crime, the three \"most-wanted\" outlaws in the West---Butch Cassidy, Sundance Kid and Bill Carver ---perform their final job by robbing and stealing a train and fleeing across the border. In a South American town they begin their life of respectability by purchasing a ranch and depositing their stolen fortune in the local bank, and throwing a big fiesta to entertain the locals, including Colonel Aguilar and his beautiful daughter Rita.","popularity":0.000152,"poster_path":"/tJXzXWdnTZecM256TDxfp8zrrn3.jpg","production_companies":[],"production_countries":[],"release_date":"1956-05-13","revenue":0,"runtime":74,"spoken_languages":[{"iso_639_1":"en","name":"English"}],"status":"Released","tagline":"","title":"The Three Outlaws","video":false,"vote_average":0.0,"vote_count":0}
