{"adult":false,"backdrop_path":"/24eg5UuPMf6Vn7iod4i7RB3Wbe8.jpg","belongs_to_collection":null,"budget":0,"genres":[],"homepage":"","id":95994,"imdb_id":"tt0099449","original_language":"en","original_title":"Don Juan, mi querido fantasma","overview":"Seville, November 1, 1990. Tenorio goes out of his grave, as every year. Similarly, Juan Marquina, a great actor, makes the general rehearsal of a musical version of the play. Since that moment, two worlds come together in a circle of adventures, facing both Don Juans, helped by four beautiful women with decisive influence on their destinies.","popularity":0.000182,"poster_path":"/aSbysOK4oues6az6gbMLjDRk6Do.jpg","production_companies":[],"production_countries":[],"release_date":"1991-07-12","revenue":0,"runtime":100,"spoken_languages":[{"iso_639_1":"es","name":"Español"}],"status":"Released","tagline":"","title":"Don Juan, My Dear Ghost","video":false,"vote_average":0.0,"vote_count":0}
