{"adult":false,"backdrop_path":"/qZzUxwL6X0FkeH6ixrkj2rqld2I.jpg","belongs_to_collection":null,"budget":0,"genres":[{"id":10402,"name":"Music"}],"homepage":"","id":95055,"imdb_id":"","original_language":"en","original_title":"Dire Straits: Live in Sydney","overview":"In 1985, Dire Straits embarked on a world tour of unprecedented proportions. Promoting their hit album Brothers in Arms, the tour included a thirteen-night residence at Wembley Arena (featuring Eric Clapton helping out) and a brief jaunt at Live Aid (featuring Sting), before winding up in Australia in the Spring of 86. They ended with a 21-night stand at Sydney's Entertainment Center, packing the place every night, and wrapping it all up with one final show on April 26th. Featuring the one-off calypso version of \"So Far Away\" and an impromtu version of the Australian folk anthem \"Walktzing Matilda\" (with the whole stadium providing the vocals), it is truly a show for the ages.  This show represents a band at their very finest, a band that has perfected the art of transitioning from structured verse/chorus parts to solos and back, bringing the audience along on an emotional and gorgeous journey for each and every song.","popularity":0.002025,"poster_path":"/h4dVBk4ZIksIPQy8G9HLj0JAjhL.jpg","production_companies":[],"production_countries":[],"release_date":"1986-04-26","revenue":0,"runtime":150,"spoken_languages":[{"iso_639_1":"en","name":"English"}],"status":"Released","tagline":"","title":"Dire Straits: Live in Sydney","video":false,"vote_average":0.0,"vote_count":0}
