{"adult":false,"backdrop_path":null,"belongs_to_collection":null,"budget":0,"genres":[{"id":16,"name":"Animation"},{"id":878,"name":"Science Fiction"}],"homepage":"","id":95814,"imdb_id":"tt0259499","original_language":"en","original_title":"Перевал","overview":"A starship crashed on an uninhabited planet and its crew had to abandon it. Years later the survivors and their children try to return to the ship and send a distress signal. But for that they must go through a very dangerous mountain passage.","popularity":0.106139,"poster_path":"/mc1FP17S1a5r8ZKFTEDFojI55wt.jpg","production_companies":[],"production_countries":[],"release_date":"1988-01-01","revenue":0,"runtime":30,"spoken_languages":[{"iso_639_1":"ru","name":"Pусский"}],"status":"Released","tagline":"","title":"The Pass","video":false,"vote_average":4.3,"vote_count":2}
