{"adult":false,"backdrop_path":"/4tvktAD8dBZjy9FeQdvkYOgZk8T.jpg","belongs_to_collection":null,"budget":0,"genres":[{"id":10749,"name":"Romance"},{"id":35,"name":"Comedy"}],"homepage":"","id":95820,"imdb_id":"tt0107448","original_language":"en","original_title":"Love Bites","overview":"Story about a vampire who falls in love with a woman and tries to \"re-humanize\" himself in order to be with her.","popularity":0.000195,"poster_path":"/iwbaEyXOYllauj5MZpmwlWarKip.jpg","production_companies":[],"production_countries":[],"release_date":"1993-01-01","revenue":0,"runtime":98,"spoken_languages":[{"iso_639_1":"en","name":"English"}],"status":"Released","tagline":"","title":"Love Bites","video":false,"vote_average":5.3,"vote_count":2}
