{"adult":false,"backdrop_path":null,"belongs_to_collection":null,"budget":0,"genres":[],"homepage":"","id":95649,"imdb_id":"tt0328308","original_language":"en","original_title":"Ramses","overview":"A documentary about Dutch singer Ramses Shaffy","popularity":0.000304,"poster_path":"/e334dzgnASm15TyQz4FYoVxc7Db.jpg","production_companies":[],"production_countries":[],"release_date":"2002-10-17","revenue":0,"runtime":0,"spoken_languages":[],"status":"Released","tagline":"","title":"Ramses","video":false,"vote_average":7.0,"vote_count":1}
