{"adult":false,"backdrop_path":"/4gu9GzOxU9jCdmDeyD2wwa2Suj6.jpg","belongs_to_collection":null,"budget":0,"genres":[{"id":18,"name":"Drama"},{"id":28,"name":"Action"}],"homepage":"","id":95508,"imdb_id":"tt0057238","original_language":"ja","original_title":"狂熱の季節","overview":"A juvenile delinquent gets out of the pen and immediately embarks on a rampage of untethered anger, most of it directed at the girlfriend of the journalist who helped send him up.","popularity":0.000143,"poster_path":"/neWw9vIS5gkCyr5IQpMgGEQnA3Z.jpg","production_companies":[{"name":"Nikkatsu","id":955}],"production_countries":[{"iso_3166_1":"JP","name":"Japan"}],"release_date":"1960-09-03","revenue":0,"runtime":75,"spoken_languages":[{"iso_639_1":"ja","name":"日本語"}],"status":"Released","tagline":"","title":"The Warped Ones","video":false,"vote_average":0.0,"vote_count":0}
