{"adult":false,"backdrop_path":null,"belongs_to_collection":null,"budget":0,"genres":[{"id":99,"name":"Documentary"}],"homepage":null,"id":95218,"imdb_id":"tt2229099","original_language":"de","original_title":"Being ... Putin","overview":null,"popularity":0.001721,"poster_path":"/tOHldJ6sNAfN53K46QlPBeBmKr2.jpg","production_companies":[],"production_countries":[{"iso_3166_1":"FR","name":"France"}],"release_date":"2012-02-28","revenue":0,"runtime":0,"spoken_languages":[],"status":"Released","tagline":null,"title":"Being ... Putin","video":false,"vote_average":6.0,"vote_count":1}
