{"adult":false,"backdrop_path":null,"belongs_to_collection":null,"budget":0,"genres":[],"homepage":"","id":95858,"imdb_id":"tt0039848","original_language":"en","original_title":"The Son of Rusty","overview":"The fourth film in Columbia's \"Rusty\" series is a lecture against spreading gossip. A young army veteran comes to town, and Danny and his friends learn that he had spent time in a military stockade for an infraction of a regulation. Danny's friends spread the story all over town. The seriousness of the minor infraction grows with each telling. As a sidebar, Rusty finds a mate and becomes a father.","popularity":0.00015,"poster_path":"/g53iWabBql5v3jynFq6wRB7x8Hz.jpg","production_companies":[],"production_countries":[],"release_date":"1947-08-07","revenue":0,"runtime":0,"spoken_languages":[],"status":"Released","tagline":"","title":"The Son of Rusty","video":false,"vote_average":0.0,"vote_count":0}
