{"adult":false,"backdrop_path":null,"belongs_to_collection":null,"budget":0,"genres":[],"homepage":"","id":95313,"imdb_id":"tt0151132","original_language":"fr","original_title":"Jim la houlette","overview":null,"popularity":0.000143,"poster_path":"/2nH2uuQGcaCFptvNkYatRn92GDT.jpg","production_companies":[],"production_countries":[{"iso_3166_1":"FR","name":"France"}],"release_date":"1935-11-01","revenue":0,"runtime":0,"spoken_languages":[{"iso_639_1":"fr","name":"Français"}],"status":"Released","tagline":"","title":"Jim la houlette","video":false,"vote_average":0.0,"vote_count":0}
