{"adult":false,"backdrop_path":null,"belongs_to_collection":null,"budget":0,"genres":[{"id":10402,"name":"Music"},{"id":99,"name":"Documentary"}],"homepage":"http://www.hell-cat.com/artists/album/459/Give_Em_The_Boot_A_Film_By_Tim_Armstrong","id":95150,"imdb_id":"tt0479047","original_language":"en","original_title":"Give 'Em The Boot","overview":"Featuring eighty-two minutes of extremely rare, never-before-seen international concert performance footage of bands such as Rancid, Joe Strummer and the Mescaleros, Dropkick Murphys, The Slackers, Roger Miret and the Disasters and Tiger Army - to name just a few, the GIVE 'EM THE BOOT DVD is a gritty look into the underworld of Hellcat Records through the eyes of founder Tim Armstrong and a hoard of his Hellcat family members! Highlights include performances and extra footage from tours such as the Rancid/ NOFX tour, the first Lars Frederiksen And The Bastards tour, various headline tours and both Hellcat Records’ Punks VS. Psychos Tours.","popularity":0.000431,"poster_path":"/cAMYiQW3snzxQVuq6MJjgqxZ0DH.jpg","production_companies":[],"production_countries":[],"release_date":"2005-08-02","revenue":0,"runtime":90,"spoken_languages":[],"status":"Released","tagline":"A Film By Tim Armstrong","title":"Give 'Em The Boot","video":false,"vote_average":0.0,"vote_count":0}
