{"adult":false,"backdrop_path":null,"belongs_to_collection":null,"budget":0,"genres":[],"homepage":"","id":95950,"imdb_id":"tt0202002","original_language":"en","original_title":"Da e kou","overview":"The violent tale of an undercover agent's mission to topple a Chinese opium ring that is headed by a ruthless kingpin known only as \"The Tongfather.\"","popularity":0.000405,"poster_path":"/oFjJQE8IKNKo2wDz43VmBDBPVje.jpg","production_companies":[],"production_countries":[],"release_date":"1974-05-10","revenue":0,"runtime":92,"spoken_languages":[{"iso_639_1":"zh","name":"普通话"}],"status":"Released","tagline":"","title":"The Tongfather","video":false,"vote_average":0.0,"vote_count":0}
