{"adult":false,"backdrop_path":null,"belongs_to_collection":null,"budget":3000000,"genres":[{"id":18,"name":"Drama"}],"homepage":"","id":95466,"imdb_id":"tt0279037","original_language":"en","original_title":"Heart of America","overview":"Starring Jurgen Prochnow ('The Replacement Killers' 'Air Force One' and Patrick Muldoon 'Stigmata' 'Starship Troopers'), 'Heart of America' is a powerhouse of a contemporary drama and essential viewing for anyone who was captivated by Michael Moore's 'Bowling For Columbine'.  It is the last day of high school and the unthinkable is about to happen.  Distraught at the constant abuse and bullying they have been subjected to, two students have made a suicide pact. But before they take their own lives, they are determined to cause chaos and murder amongst their fellow students.","popularity":0.001112,"poster_path":"/kkiK7rGEml2EZZH39UI8FOtmfZs.jpg","production_companies":[],"production_countries":[],"release_date":"2002-09-05","revenue":0,"runtime":87,"spoken_languages":[{"iso_639_1":"en","name":"English"}],"status":"Released","tagline":"When pushed too far the VICTIMS of violence seek REVENGE!","title":"Heart of America","video":false,"vote_average":1.0,"vote_count":1}
