{"adult":false,"backdrop_path":"/g0E9PgEcXN8WRrYhUnUPCXpfHiU.jpg","belongs_to_collection":null,"budget":0,"genres":[{"id":35,"name":"Comedy"},{"id":80,"name":"Crime"},{"id":18,"name":"Drama"}],"homepage":"","id":95131,"imdb_id":"tt0033726","original_language":"en","original_title":"Honky Tonk","overview":"Fast-talking con-man and grifter Candy Johnson rises to be the corrupt boss of Yellow Creek, but his wife's alcoholic father tries to set things right.","popularity":0.000246,"poster_path":"/2nopCUSCRgN73AUFnY1xsWHt77j.jpg","production_companies":[{"name":"Metro-Goldwyn-Mayer (MGM)","id":8411}],"production_countries":[{"iso_3166_1":"US","name":"United States of America"}],"release_date":"1941-10-01","revenue":0,"runtime":105,"spoken_languages":[{"iso_639_1":"en","name":"English"}],"status":"Released","tagline":"Another \"Boom Town\" but better !","title":"Honky Tonk","video":false,"vote_average":6.5,"vote_count":1}
