{"adult":false,"backdrop_path":"/5aPG3Rqb0cNnhqzb5z3q9X0HhTM.jpg","belongs_to_collection":null,"budget":10,"genres":[{"id":27,"name":"Horror"}],"homepage":"","id":95480,"imdb_id":"tt1099199","original_language":"en","original_title":"Flesh, TX","overview":"In the middle of nowhere lives a crazed and disturbed inbred family, the Barleys.\r When Donna Parker (Eleni Krimitsos) and her daughter Tabitha Parker (Jada Kline) stop for gas, little do they know what really goes on in Flexh, TX.\r Once Tabitha disappears from the gas station, Donna summons the help of the local sheriff (Dale Denton) who is not all he is cracked up to be.\r Donna becomes convinced that somehow this crazy town is connected. After she encounters Sugar Barley (Kathleen Benner) the local town prostitute, the hunt to find her daughter is on.\r She must hope she does not come across the Barley house on the edge of town. No human should ever have to see what happens in the Barley house on Flesh, TX....pop.666","popularity":0.000865,"poster_path":"/GwxHOQrH1E0D2eWz9y8KA1L80a.jpg","production_companies":[],"production_countries":[{"iso_3166_1":"US","name":"United States of America"}],"release_date":"2009-09-29","revenue":0,"runtime":92,"spoken_languages":[{"iso_639_1":"en","name":"English"}],"status":"Released","tagline":"Beware of small towns not on the map......","title":"Flesh, TX","video":false,"vote_average":0.0,"vote_count":0}
