{"adult":false,"backdrop_path":"/9Wq8DelvcW7pR1O5kN6OXYH81E6.jpg","belongs_to_collection":null,"budget":0,"genres":[],"homepage":"","id":95031,"imdb_id":"tt0074142","original_language":"en","original_title":"El Anacoreta","overview":"","popularity":0.000405,"poster_path":"/4E4432WS0TdRNknpxAYOu8ESmip.jpg","production_companies":[],"production_countries":[{"iso_3166_1":"ES","name":"Spain"},{"iso_3166_1":"FR","name":"France"}],"release_date":"1977-01-01","revenue":0,"runtime":108,"spoken_languages":[{"iso_639_1":"es","name":"Español"}],"status":"Released","tagline":"","title":"El Anacoreta","video":false,"vote_average":8.0,"vote_count":1}
