{"adult":false,"backdrop_path":"/nu0kT8GQipF4c65GGJE4CljkRvQ.jpg","belongs_to_collection":null,"budget":0,"genres":[{"id":10402,"name":"Music"},{"id":18,"name":"Drama"}],"homepage":"","id":95179,"imdb_id":"tt2250170","original_language":"ko","original_title":"Mr. 아이돌","overview":"","popularity":0.00334,"poster_path":"/g2BzT8i7UZLcksPFoJhtUMCxeXr.jpg","production_companies":[],"production_countries":[{"iso_3166_1":"KR","name":"South Korea"}],"release_date":"2011-11-03","revenue":0,"runtime":113,"spoken_languages":[{"iso_639_1":"ko","name":"한국어/조선말"}],"status":"Released","tagline":"","title":"Mr. Idol","video":false,"vote_average":0.0,"vote_count":0}
