{"adult":false,"backdrop_path":null,"belongs_to_collection":null,"budget":0,"genres":[],"homepage":"","id":95759,"imdb_id":"tt0022034","original_language":"en","original_title":"Der Kongress tanzt","overview":"Vienna glove-sales-lady Christl falls in love to Czar Alexander. Metternich tries to use this to keep him out of the conferences of the Vienna Congress from 1815.","popularity":0.000248,"poster_path":"/4wO2w0PdLN4PKtTlHd6YoDNSmk1.jpg","production_companies":[],"production_countries":[],"release_date":"1931-09-29","revenue":0,"runtime":85,"spoken_languages":[{"iso_639_1":"de","name":"Deutsch"}],"status":"Released","tagline":"","title":"The Congress Dances","video":false,"vote_average":0.0,"vote_count":1}
