{"adult":false,"backdrop_path":null,"belongs_to_collection":null,"budget":0,"genres":[],"homepage":"","id":95310,"imdb_id":"tt0171159","original_language":"fr","original_title":"Le cavalier Lafleur","overview":null,"popularity":0.000143,"poster_path":"/4TQ09GUIoef5elNjcdgfFR1KRp0.jpg","production_companies":[],"production_countries":[{"iso_3166_1":"FR","name":"France"}],"release_date":"1934-12-20","revenue":0,"runtime":0,"spoken_languages":[{"iso_639_1":"fr","name":"Français"}],"status":"Released","tagline":"","title":"Le cavalier Lafleur","video":false,"vote_average":0.0,"vote_count":0}
