{"adult":false,"backdrop_path":"/mk3AtHnoDDsA14VQ5eCMFjQZWle.jpg","belongs_to_collection":null,"budget":0,"genres":[{"id":35,"name":"Comedy"}],"homepage":"","id":95186,"imdb_id":"tt0053635","original_language":"fr","original_title":"Le baron de l'écluse","overview":"The lucky Baron wins a boat in a card game and takes off with his former lover to find new adventures. Adverse circumstances land them in a small town, where the Baron's seafaring companion leaves for more attractive scenery offered by a wealthy local man. Meanwhile, there is a certain charming cafe owner that the Baron finds irresistible -- at least for awhile.","popularity":0.000154,"poster_path":"/1P2e4ayVi0pZyOHtAjChDDwc9jT.jpg","production_companies":[],"production_countries":[{"iso_3166_1":"FR","name":"France"}],"release_date":"1960-04-13","revenue":0,"runtime":90,"spoken_languages":[{"iso_639_1":"fr","name":"Français"}],"status":"Released","tagline":"","title":"Le baron de l'écluse","video":false,"vote_average":6.5,"vote_count":1}
