{"adult":false,"backdrop_path":null,"belongs_to_collection":null,"budget":0,"genres":[{"id":18,"name":"Drama"}],"homepage":"","id":95608,"imdb_id":"tt0460890","original_language":"en","original_title":"The Only Living Boy in New York","overview":"A twisted coming-of-age tale in which a young man learns that his overbearing father is having an affair. The son tries to stop it, only to be seduced by the older woman as well.","popularity":0.002675,"poster_path":null,"production_companies":[{"name":"Bona Fide Productions","id":2570}],"production_countries":[{"iso_3166_1":"US","name":"United States of America"}],"release_date":"2013-01-01","revenue":0,"runtime":0,"spoken_languages":[{"iso_639_1":"en","name":"English"}],"status":"In Production","tagline":"","title":"The Only Living Boy in New York","video":false,"vote_average":0.0,"vote_count":0}
