{"adult":false,"backdrop_path":null,"belongs_to_collection":null,"budget":0,"genres":[{"id":18,"name":"Drama"},{"id":10749,"name":"Romance"},{"id":10769,"name":"Foreign"},{"id":16,"name":"Animation"}],"homepage":"","id":95728,"imdb_id":"tt0377923","original_language":"en","original_title":"Lian zhi feng jing","overview":"Maan has recently lost her lover, Sam, a painter who died tragically of an incurable disease. Before his death, he was remembering a beautiful landscape from the days when he was still a boy living in Qingdao in China. Maan goes to Qingdao to find this landscape. There, she meets Lit (Liu Ye), a postman who will help her to find that place. A relationship grows between Maan and Lit but she can't forget the love she had for Sam.","popularity":0.000323,"poster_path":"/kdDJ0kKhXGvqNg5gHfIIGTkczf3.jpg","production_companies":[],"production_countries":[],"release_date":"2003-10-16","revenue":0,"runtime":100,"spoken_languages":[{"iso_639_1":"cn","name":"广州话 / 廣州話"}],"status":"Released","tagline":"","title":"The Floating Landscape","video":false,"vote_average":0.0,"vote_count":0}
