{"adult":false,"backdrop_path":null,"belongs_to_collection":null,"budget":0,"genres":[],"homepage":"","id":95793,"imdb_id":"tt0069887","original_language":"en","original_title":"El clan de los inmorales","overview":"The story concerns a mob family, headed by gambling czar Jose Ferrer. When one of family's hit men (Helmut Berger) fails to come up to expectations, Ferrer orders the man's execution.","popularity":2e-06,"poster_path":"/bmC0TQrdljwuIoO1fZQoMHLFiNb.jpg","production_companies":[],"production_countries":[{"iso_3166_1":"ES","name":"Spain"}],"release_date":"1975-05-05","revenue":0,"runtime":95,"spoken_languages":[{"iso_639_1":"es","name":"Español"}],"status":"Released","tagline":"","title":"Order to Assassinate","video":false,"vote_average":0.0,"vote_count":0}
