{"adult":false,"backdrop_path":null,"belongs_to_collection":null,"budget":0,"genres":[{"id":878,"name":"Science Fiction"}],"homepage":"http://www.rapidheart.com/archives/285","id":95757,"imdb_id":"tt2136682","original_language":"en","original_title":"1313: UFO Invasion","overview":"ADAM is a graduate student in theoretical astronomy and working on his dissertation. He’s always been interested in what’s ‘out there’ and he finds a perfect opportunity to both work and play…..in Roswell, New Mexico.","popularity":0.017348,"poster_path":"/fGW4zqmc7P2EeVqdEyeTy3bxM6e.jpg","production_companies":[],"production_countries":[{"iso_3166_1":"US","name":"United States of America"}],"release_date":"2012-04-03","revenue":0,"runtime":72,"spoken_languages":[{"iso_639_1":"en","name":"English"}],"status":"Post Production","tagline":"","title":"1313: UFO Invasion","video":false,"vote_average":0.0,"vote_count":0}
