{"adult":false,"backdrop_path":"/lXAIiYzVuyhkDU5U1Qd2DBZKFeU.jpg","belongs_to_collection":null,"budget":0,"genres":[{"id":27,"name":"Horror"}],"homepage":"","id":95098,"imdb_id":"tt0318765","original_language":"es","original_title":"El viento","overview":"After the funeral of his daughter Ema, Frank Osorio travels for the first time to Buenos Aires to tell his granddaughter Alina about her mother's death. But Frank has to big secrets: the first one is about the identity of Alina's father and the second one is related to a crime.","popularity":0.000434,"poster_path":"/zTXZ23fJeed162me9Dr6kP1Ce3s.jpg","production_companies":[],"production_countries":[{"iso_3166_1":"AR","name":"Argentina"},{"iso_3166_1":"ES","name":"Spain"}],"release_date":"2005-08-04","revenue":0,"runtime":92,"spoken_languages":[{"iso_639_1":"es","name":"Español"}],"status":"Released","tagline":"","title":"The Wind","video":false,"vote_average":0.0,"vote_count":0}
