{"adult":false,"backdrop_path":null,"belongs_to_collection":null,"budget":0,"genres":[],"homepage":null,"id":95270,"imdb_id":"tt0183075","original_language":"fr","original_title":"Ferdinand le noceur","overview":null,"popularity":0.000143,"poster_path":"/fov3zXUWrlMlsoxZS2EFN8bIzKY.jpg","production_companies":[],"production_countries":[{"iso_3166_1":"FR","name":"France"}],"release_date":"1935-02-22","revenue":0,"runtime":0,"spoken_languages":[{"iso_639_1":"fr","name":"Français"}],"status":"Released","tagline":null,"title":"Ferdinand le noceur","video":false,"vote_average":0.0,"vote_count":0}
