{"adult":false,"backdrop_path":null,"belongs_to_collection":null,"budget":0,"genres":[{"id":10402,"name":"Music"}],"homepage":"","id":95472,"imdb_id":"","original_language":"en","original_title":"Kings of Leon: Live at O2 World, Hamburg","overview":"Broadcasted by MTV World Stage. Kings of Leon performing live at O2 World, Hamburg, on December 8th, 2010. Setlist: 1. Crawl  2. Molly's Chambers  3. Radioactive  4. Fans  5. Mary  6. Wasted Time  7. The Immortals  8. Notion  9. The End  10. No Money  11. Four Kicks  12. Pyro  13. On Call  14. Birthday (Premiere: First time ever)  15. Back Down South  16. Manhattan  17. Knocked Up  18. Use Somebody  19. Closer  20. Sex on Fire  21. Black Thumbnail","popularity":0.001147,"poster_path":"/4vHY09AF4uWNXMFLaFRgoGOnsSF.jpg","production_companies":[],"production_countries":[],"release_date":"2010-12-08","revenue":0,"runtime":0,"spoken_languages":[],"status":"Released","tagline":"","title":"Kings of Leon: Live at O2 World, Hamburg","video":false,"vote_average":0.0,"vote_count":0}
