{"adult":false,"backdrop_path":"/e2guIktX8irKY3HqcxCztqRJblg.jpg","belongs_to_collection":null,"budget":0,"genres":[{"id":35,"name":"Comedy"}],"homepage":"http://gaybyfilm.com","id":95571,"imdb_id":"tt2106739","original_language":"en","original_title":"Gayby","overview":"Jenn and Matt are best friends from college who are now in their thirties. Single by choice, Jenn spends her days teaching hot yoga and running errands for her boss. Matt suffers from comic-book writer's block and can't get over his ex-boyfriend. They decide to fulfill a youthful promise to have a child together... the old fashioned way. Can they navigate the serious and unexpected snags they hit as they attempt to get their careers and dating lives back on track in preparation for parenthood? 'Gayby' is an irreverent comedy about friendship growing older, sex, loneliness, and the family you choose.","popularity":0.05571,"poster_path":"/kif0M8G7mwNkOSDvljNIMEsqxGV.jpg","production_companies":[],"production_countries":[{"iso_3166_1":"US","name":"United States of America"}],"release_date":"2012-10-12","revenue":0,"runtime":89,"spoken_languages":[{"iso_639_1":"en","name":"English"}],"status":"Released","tagline":"Sex with your best friend has never been this reproductive.","title":"Gayby","video":false,"vote_average":5.5,"vote_count":10}
