{"adult":false,"backdrop_path":null,"belongs_to_collection":null,"budget":0,"genres":[{"id":80,"name":"Crime"},{"id":18,"name":"Drama"}],"homepage":"","id":95354,"imdb_id":"tt0094323","original_language":"en","original_title":"The Wild Pair","overview":"A strait-laced FBI agent and a hulking, big-hearted narcotics cop team up to track down a drug lord associated with a militant hate group.","popularity":0.002025,"poster_path":"/2qwRJCPwhftaHzjBtRSEdkMpsMB.jpg","production_companies":[],"production_countries":[],"release_date":"1987-12-11","revenue":0,"runtime":88,"spoken_languages":[],"status":"Released","tagline":"It's going to take two heroes to beat these odds!","title":"The Wild Pair","video":false,"vote_average":0.0,"vote_count":0}
