{"adult":false,"backdrop_path":null,"belongs_to_collection":null,"budget":0,"genres":[],"homepage":"","id":95731,"imdb_id":"tt1018809","original_language":"en","original_title":"Ye. leung heun","overview":"The Pye-Dog, produced by Teddy Robin and written and directed by Derek Kwok, contained all the necessary ingredients for a story of friendship and camaraderie between a man and a boy. Both orphans, they bond together through school, but a secret one of them has of his true intentions threaten that established friendship, with a questioning of loyalties.","popularity":0.000838,"poster_path":"/6OCjTh9riRU20OlwlSxS014DUyq.jpg","production_companies":[],"production_countries":[],"release_date":"2007-03-29","revenue":0,"runtime":90,"spoken_languages":[{"iso_639_1":"cn","name":"广州话 / 廣州話"}],"status":"Released","tagline":"","title":"The Pye-Dog","video":false,"vote_average":0.0,"vote_count":0}
