{"adult":false,"backdrop_path":null,"belongs_to_collection":null,"budget":10000000,"genres":[{"id":35,"name":"Comedy"},{"id":18,"name":"Drama"}],"homepage":"","id":95136,"imdb_id":"tt0123003","original_language":"en","original_title":"The Dress Code","overview":"Bruno is the story of a unique young boy genius, Bruno (Alex D. Linz), whose expression of his own individuality leads his family and community along an emotional journey. By the time he reaches his final destination, Bruno's story becomes a fable of the importance of each person's uniqueness and originality.","popularity":0.011318,"poster_path":"/pkvkpL2cqhCh0cR5Lae8BlCsQPK.jpg","production_companies":[{"name":"J&M Entertainment","id":12474},{"name":"Original Voices Inc.","id":12475}],"production_countries":[{"iso_3166_1":"US","name":"United States of America"}],"release_date":"2000-12-01","revenue":0,"runtime":108,"spoken_languages":[{"iso_639_1":"en","name":"English"}],"status":"Released","tagline":"The comedy that is long on originality and short on pants.","title":"The Dress Code","video":false,"vote_average":7.3,"vote_count":4}
