{"adult":false,"backdrop_path":"/fn3zitapDHfGypjCVwQl8smXSH8.jpg","belongs_to_collection":null,"budget":0,"genres":[{"id":18,"name":"Drama"},{"id":9648,"name":"Mystery"}],"homepage":"","id":95862,"imdb_id":"tt0022264","original_language":"en","original_title":"The Phantom of Paris","overview":"Bibi is a world class escape artist, but he cannot escape the false murder charge that is placed on him. Max has killed Bourrelier before he was removed from the will so that he will be rich when he marries Cecile. Together with Vera, they put the blame on Bibi, who is a romantic rival to Max, and he is sentenced to death. But Bibi escapes before his execution and hides in Herman's secret cellar. When he learns that Max is dying, Bibi goes to his house for his confession, but Max dies before it is told to anyone else. So Bibi, has just one chance, and he goes to Dr. Gorin who will make him look like Max so that he can clear his name and put the blame where it belongs - on Max, even in death.","popularity":0.000143,"poster_path":"/A1yGtoTd56pU2hTxBRxXBawU9S7.jpg","production_companies":[{"name":"Metro-Goldwyn-Mayer (MGM)","id":8411}],"production_countries":[{"iso_3166_1":"US","name":"United States of America"}],"release_date":"1931-09-12","revenue":0,"runtime":74,"spoken_languages":[{"iso_639_1":"en","name":"English"}],"status":"Released","tagline":"","title":"The Phantom of Paris","video":false,"vote_average":0.0,"vote_count":1}
