{"adult":false,"backdrop_path":null,"belongs_to_collection":null,"budget":0,"genres":[],"homepage":"","id":95745,"imdb_id":"tt0384570","original_language":"en","original_title":"The Survivors Club","overview":"After being raped by a serial killer, Jillian Hayes, Carol Rosen and Meg Pesaturo found \"The Survivors Club\", and they use the press to force the police and justice to arrest the rapist. Eddie Como is arrested, based on DNA evidences, and while going to court for trial, he is murdered by a sniper and the three women switch position from victims to suspects. Detective Roan Griffin, who is traumatized by the brutal murder of his beloved wife by the manipulative killer David Price, joins the investigation with detective Fitz Fitzpatrick trying to solve the case.","popularity":0.000527,"poster_path":null,"production_companies":[],"production_countries":[],"release_date":"2004-03-07","revenue":0,"runtime":85,"spoken_languages":[{"iso_639_1":"en","name":"English"}],"status":"Released","tagline":"","title":"The Survivors Club","video":false,"vote_average":0.0,"vote_count":0}
