{"adult":false,"backdrop_path":null,"belongs_to_collection":null,"budget":0,"genres":[{"id":28,"name":"Action"},{"id":18,"name":"Drama"}],"homepage":"","id":95334,"imdb_id":"tt0087350","original_language":"en","original_title":"Goma-2","overview":"After a gang of thugs brands a hard working truck driver a traitor and murders his bride,  He retaliates by being even more violent than his attackers.","popularity":0.05,"poster_path":"/4loFQgghyR5hurw9o2dVzBy1PaG.jpg","production_companies":[{"name":"Golden Sun","id":6089},{"name":"Producciones Esme S.A.","id":29196}],"production_countries":[{"iso_3166_1":"MX","name":"Mexico"},{"iso_3166_1":"ES","name":"Spain"}],"release_date":"1984-05-10","revenue":0,"runtime":95,"spoken_languages":[{"iso_639_1":"en","name":"English"}],"status":"Released","tagline":"","title":"Killing Machine","video":false,"vote_average":0.0,"vote_count":0}
