{"adult":false,"backdrop_path":"/h91O7ZYNpwB64XlIydIZbbQONTj.jpg","belongs_to_collection":null,"budget":0,"genres":[{"id":99,"name":"Documentary"}],"homepage":"","id":95756,"imdb_id":"tt2054815","original_language":"en","original_title":"The Antics Roadshow","overview":"The Antics Roadshow is a celebration of the pranksters, hoaxers, jokers, activists and stunt merchants who use public space for their own unauthorised ends.  This film brings together a wide range of individuals with all sorts of motivations, who have all hijacked the public arena to make a noise, be it for comedic, artistic or political ends, and have all done so using a variety of illicit and eccentric methods, which the audience should probably not try at home.","popularity":0.001832,"poster_path":"/o0QtrzuXFSaIB5ZyP3Thz3pWWmw.jpg","production_companies":[],"production_countries":[],"release_date":"2011-08-13","revenue":0,"runtime":48,"spoken_languages":[{"iso_639_1":"en","name":"English"}],"status":"Released","tagline":"","title":"The Antics Roadshow","video":false,"vote_average":6.0,"vote_count":1}
