{"adult":false,"backdrop_path":"/vBOpF5YFqEDTGcgRatZXUJBADQb.jpg","belongs_to_collection":null,"budget":0,"genres":[],"homepage":"","id":96018,"imdb_id":"","original_language":"en","original_title":"Memory Almost Full","overview":"This film features never-before-released footage from McCartney's \"secret show\" at the Electric Ballroom in London in June, 2007. The video portion of the package includes live performances of material from \"Memory Almost Full\" including \"Dance Tonight,\" \"Nod Your Head,\" \"House of Wax\" and \"Only Mama Knows,\" as well as a live performance of \"Drive My Car.\"","popularity":0.000574,"poster_path":"/3uWUgoBIUxTBq7d2XDwOr2m1N5t.jpg","production_companies":[],"production_countries":[],"release_date":"2007-06-04","revenue":0,"runtime":15,"spoken_languages":[],"status":"Released","tagline":"","title":"Memory Almost Full","video":false,"vote_average":0.0,"vote_count":0}
