{"adult":false,"backdrop_path":"/ybRamDVuyOeQjSMgExfVxxXsXtr.jpg","belongs_to_collection":null,"budget":0,"genres":[{"id":53,"name":"Thriller"},{"id":18,"name":"Drama"}],"homepage":"","id":95807,"imdb_id":"tt1942951","original_language":"en","original_title":"Ricochet","overview":"Two homicide detectives find their careers - and lives - on the line when they get caught up in a case of murder and betrayal in high-society Savannah.","popularity":0.060293,"poster_path":"/zNhPFBsJxnvbWOYXwCAQicU5Cl7.jpg","production_companies":[],"production_countries":[],"release_date":"2011-11-30","revenue":0,"runtime":90,"spoken_languages":[{"iso_639_1":"en","name":"English"}],"status":"Released","tagline":"","title":"Ricochet","video":false,"vote_average":4.5,"vote_count":2}
