{"adult":false,"backdrop_path":null,"belongs_to_collection":null,"budget":0,"genres":[],"homepage":"","id":95068,"imdb_id":"tt0168960","original_language":"en","original_title":"Cien Años de Perdón","overview":"In the wake of a banking crisis, four middle class friends throw a 'white glove' hold up, only to find out that their bank has already gone bankrupt.","popularity":0.000144,"poster_path":"/9Pv3NQzQgzQ0XCjhnLAvsfFHSD2.jpg","production_companies":[],"production_countries":[{"iso_3166_1":"US","name":"United States of America"},{"iso_3166_1":"VE","name":"Venezuela"},{"iso_3166_1":"DE","name":"Germany"}],"release_date":"1998-06-19","revenue":0,"runtime":100,"spoken_languages":[{"iso_639_1":"es","name":"Español"}],"status":"Released","tagline":"","title":"Little Thieves, Big Thieves","video":false,"vote_average":6.5,"vote_count":1}
