{"adult":false,"backdrop_path":null,"belongs_to_collection":null,"budget":0,"genres":[{"id":12,"name":"Adventure"},{"id":35,"name":"Comedy"}],"homepage":"","id":95346,"imdb_id":"tt0034286","original_language":"en","original_title":"Three Girls About Town","overview":"Faith and Hope Banner, sisters, are \"convention hostesses\" in a hotel. A body is discovered next door as the magician's convention is leaving and the mortician's convention is arriving, and the sisters, with help from manager Wilburforce Puddle, try to hide it. Complicating matters, Hope's boyfriend, Tommy, is a newspaper reporter in the hotel covering some labor negotiations.","popularity":0.000157,"poster_path":"/8P92QPqZHhpVTsgW3yTGS7uQ3EA.jpg","production_companies":[{"name":"Columbia Pictures Corporation","id":441}],"production_countries":[{"iso_3166_1":"US","name":"United States of America"}],"release_date":"1941-10-23","revenue":0,"runtime":75,"spoken_languages":[{"iso_639_1":"en","name":"English"}],"status":"Released","tagline":"","title":"Three Girls About Town","video":false,"vote_average":0.0,"vote_count":0}
