{"adult":false,"backdrop_path":null,"belongs_to_collection":null,"budget":0,"genres":[],"homepage":"","id":95307,"imdb_id":"tt0423397","original_language":"en","original_title":"Tout un hiver sans feu","overview":"Six months after losing their five years old daughter in a fire in the barn of their little farm, Jean and his wife Laure are facing troubles in their relationship and financial problems. Laure grieves the loss of their daughter and blames herself for her absence and Jean for his negligence for the fire; Jean is trying to rise from the ashes and somehow rebuild his life; and the insurance company refuses to pay the prize for the accident. Jean asks for a job in a mill to a friend to make money and support the psychiatric treatment of Laure. In his new job, he meets and becomes friend of the Kosovo refugee's siblings Kastriot and Labinota, while the Laure's sister Valérie separates them. Jean feels the passion of love and sense of life in his relationship with Labinota, who had her life destroyed with the war.","popularity":0.000448,"poster_path":"/iHlSCOdFkljKl1UpreQflZawVs8.jpg","production_companies":[],"production_countries":[],"release_date":"2006-01-01","revenue":0,"runtime":88,"spoken_languages":[{"iso_639_1":"fr","name":"Français"}],"status":"Released","tagline":"","title":"One long winter without fire","video":false,"vote_average":7.5,"vote_count":2}
