{"adult":false,"backdrop_path":null,"belongs_to_collection":null,"budget":0,"genres":[{"id":80,"name":"Crime"},{"id":10749,"name":"Romance"},{"id":18,"name":"Drama"}],"homepage":"","id":95940,"imdb_id":"tt0026006","original_language":"en","original_title":"The Women in His Life","overview":"Although immensely successful as a criminal lawyer, Kent \"Barry\" Barringer womanizes, drinks heavily and is unable to feel love for anyone because, even after ten years, he is still bitter about his ex-wife's desertion. Through his clever but morally dubious trial techniques, Barry also shows disdain for the law, but appreciates the challenge of a \"good\" case.","popularity":0.00015,"poster_path":null,"production_companies":[{"name":"Metro-Goldwyn-Mayer (MGM)","id":8411}],"production_countries":[{"iso_3166_1":"US","name":"United States of America"}],"release_date":"1933-12-08","revenue":0,"runtime":75,"spoken_languages":[{"iso_639_1":"en","name":"English"}],"status":"Released","tagline":"","title":"The Women in His Life","video":false,"vote_average":0.0,"vote_count":0}
