{"adult":false,"backdrop_path":null,"belongs_to_collection":null,"budget":0,"genres":[],"homepage":"","id":95206,"imdb_id":"tt0110295","original_language":"en","original_title":"Lady in Waiting","overview":"A divorced cop investigating the sadistic murders of high-class prostitutes discovers that the prime suspect is his ex-wife's new boyfriend...","popularity":0.000168,"poster_path":"/tUpRsmCR6oq9OdzybaeTsiGzg3x.jpg","production_companies":[],"production_countries":[],"release_date":"1994-12-07","revenue":0,"runtime":84,"spoken_languages":[],"status":"Released","tagline":"She Provided a Deadly Service To The Rich And Famous.","title":"Lady in Waiting","video":false,"vote_average":4.5,"vote_count":1}
