{"adult":false,"backdrop_path":null,"belongs_to_collection":null,"budget":0,"genres":[],"homepage":"http://www.elchicoquemiente.com/","id":95090,"imdb_id":"tt1858745","original_language":"en","original_title":"El Chico Que Miente","overview":"A 13-year old KID starts a journey along the Venezuelan coast and, in order to survive, he captivates people by constantly reinventing his own story in the mudslide. His true past, however, will gradually become clearer. Ten years ago the mudslide took his mother, now he thinks he can find her. He has a difficult road ahead of him, but there is also a world yet to be discovered.","popularity":0.001291,"poster_path":"/m9zlhPGCSFoerbGIlZSaFECnLRI.jpg","production_companies":[],"production_countries":[],"release_date":"2011-01-28","revenue":0,"runtime":99,"spoken_languages":[],"status":"Released","tagline":"","title":"El Chico Que Miente","video":false,"vote_average":7.0,"vote_count":1}
