{"adult":false,"backdrop_path":"/3ZYXACk483OYTam8U340bUBDmu7.jpg","belongs_to_collection":null,"budget":0,"genres":[{"id":10749,"name":"Romance"},{"id":35,"name":"Comedy"},{"id":18,"name":"Drama"}],"homepage":"","id":95724,"imdb_id":"tt0023180","original_language":"en","original_title":"Man Wanted","overview":"A female executive falls in love with her male secretary.","popularity":0.000248,"poster_path":"/sQTq7Dt44HKmvatRZ79GX42GK1m.jpg","production_companies":[{"name":"Warner Bros.","id":6194}],"production_countries":[{"iso_3166_1":"US","name":"United States of America"}],"release_date":"1932-04-23","revenue":0,"runtime":62,"spoken_languages":[{"iso_639_1":"en","name":"English"}],"status":"Released","tagline":"","title":"Man Wanted","video":false,"vote_average":0.0,"vote_count":0}
