{"adult":false,"backdrop_path":null,"belongs_to_collection":null,"budget":0,"genres":[],"homepage":"","id":95588,"imdb_id":"","original_language":"en","original_title":"Brännvin & Fågelholkar","overview":"Historien bygger bygger på en av tidernas mest älskade klassiker; \"Söderkåkar\" av Gideon Wahlberg. Det är en klassisk förvecklingsfars med hembiträden, grosshandlare och stiliga poliskonstaplar - och naturligtvis kärleksproblem.","popularity":0.05,"poster_path":null,"production_companies":[],"production_countries":[],"release_date":"","revenue":0,"runtime":120,"spoken_languages":[],"status":"Released","tagline":"","title":"Brännvin & Fågelholkar","video":false,"vote_average":0.0,"vote_count":0}
