{"adult":false,"backdrop_path":"/x2wpPHPpsafxfm565loaeUozxFT.jpg","belongs_to_collection":null,"budget":0,"genres":[{"id":28,"name":"Action"},{"id":37,"name":"Western"}],"homepage":"","id":95060,"imdb_id":"tt0051629","original_language":"en","original_title":"Fort Massacre","overview":"A cavalry troop finds itself under constant attack by Indians.","popularity":0.000243,"poster_path":"/x1FX7x06b9zLRLUDy2vxWT2aYmK.jpg","production_companies":[{"name":"The Mirisch Corporation","id":219}],"production_countries":[{"iso_3166_1":"US","name":"United States of America"}],"release_date":"1958-05-01","revenue":0,"runtime":80,"spoken_languages":[{"iso_639_1":"de","name":"Deutsch"},{"iso_639_1":"en","name":"English"}],"status":"Released","tagline":"","title":"Fort Massacre","video":false,"vote_average":4.0,"vote_count":1}
