{"adult":false,"backdrop_path":null,"belongs_to_collection":null,"budget":0,"genres":[],"homepage":"","id":95991,"imdb_id":"tt0044041","original_language":"es","original_title":"El sistema Pelegrín","overview":"Hector Pelegrin, an unsuccessful insurance agent is admitted to the prestigious school Ferran as a gym teacher. The only problem is that he completely lacks the necessary skills for the job. He organizes a game between the football team at his school and another center, a historic rival, resulting in a surprise full of humorous criticism to our society. Pelegrin tries to convince everyone that football is just a sport","popularity":0.000143,"poster_path":"/iMdBAq0pmadHgPi6xndybKAPjYU.jpg","production_companies":[],"production_countries":[{"iso_3166_1":"ES","name":"Spain"}],"release_date":"1952-03-04","revenue":0,"runtime":96,"spoken_languages":[{"iso_639_1":"es","name":"Español"}],"status":"Released","tagline":"","title":"El sistema Pelegrín","video":false,"vote_average":0.0,"vote_count":0}
