{"adult":true,"backdrop_path":null,"belongs_to_collection":null,"budget":0,"genres":[{"id":18,"name":"Drama"},{"id":28,"name":"Action"}],"homepage":"","id":95718,"imdb_id":"","original_language":"en","original_title":"The Decoy","overview":"Let's Talk About Sex Spy Harder Sin City Ultra presents Missy as \"The Decoy.\" In a torrid tale of sexual espionage fatal attractions, cheating hearts and promises in the dark Where wild sex and beautiful strangers are the drug and getting caught was the last thing on your mind! Be careful what you wish for you might just get it in the end.","popularity":0.0,"poster_path":"/3FqBRmYyZjStorCOH8TR54esbsM.jpg","production_companies":[],"production_countries":[],"release_date":"","revenue":0,"runtime":0,"spoken_languages":[],"status":"","tagline":"Let's Talk About Sex...","title":"The Decoy","video":false,"vote_average":0.0,"vote_count":0}
