{"adult":false,"backdrop_path":null,"belongs_to_collection":null,"budget":0,"genres":[],"homepage":"","id":95371,"imdb_id":"tt0159057","original_language":"fr","original_title":"Le Tunnel","overview":"An engineer is hired to plan and oversee the construction of a undersea tunnel between Europe and the US. However, certain interests don't want to see the tunnel built and use every means at their disposal, including sabotage and murder, to stop its construction.","popularity":0.000143,"poster_path":"/u3P5K2mLbM6s0mJNpmCOO3mbR60.jpg","production_companies":[],"production_countries":[{"iso_3166_1":"FR","name":"France"},{"iso_3166_1":"DE","name":"Germany"}],"release_date":"1933-12-15","revenue":0,"runtime":71,"spoken_languages":[{"iso_639_1":"fr","name":"Français"}],"status":"Released","tagline":"","title":"The Tunnel","video":false,"vote_average":0.0,"vote_count":0}
