{"adult":false,"backdrop_path":"/1RgYLBugkAFpoGCeoF7pzOuOHfa.jpg","belongs_to_collection":null,"budget":0,"genres":[{"id":10402,"name":"Music"}],"homepage":"","id":95057,"imdb_id":"","original_language":"en","original_title":"Dire Straits: Live at Wembley","overview":"Registration of the concert on 10th July 1985, at Wembley Stadium, London, UK","popularity":0.0,"poster_path":"/3vqBS8dryB2C5Jv8jwCMOMcC6QL.jpg","production_companies":[],"production_countries":[],"release_date":"1985-07-10","revenue":0,"runtime":79,"spoken_languages":[],"status":"Released","tagline":"","title":"Dire Straits: Live at Wembley","video":false,"vote_average":0.0,"vote_count":0}
