{"adult":true,"backdrop_path":null,"belongs_to_collection":null,"budget":0,"genres":[],"homepage":"http://www.tokyo-hot.com/e/k0294_saori_watanuki_rd_e.html","id":95941,"imdb_id":"","original_language":"en","original_title":"Go Hunting  --  Saori Watanuki","overview":".","popularity":0.000857,"poster_path":null,"production_companies":[],"production_countries":[],"release_date":"2009-11-19","revenue":0,"runtime":56,"spoken_languages":[{"iso_639_1":"ja","name":"日本語"}],"status":"Released","tagline":"","title":"Go Hunting  --  Saori Watanuki","video":false,"vote_average":0.0,"vote_count":0}
