{"adult":false,"backdrop_path":null,"belongs_to_collection":null,"budget":0,"genres":[],"homepage":"","id":95126,"imdb_id":"tt0033551","original_language":"en","original_title":"Down in San Diego","overview":"No Overview","popularity":0.000143,"poster_path":"/rNVs0Pbev0TzqNkbUYJJjSLgRd5.jpg","production_companies":[],"production_countries":[],"release_date":"1941-08-01","revenue":0,"runtime":70,"spoken_languages":[],"status":"Released","tagline":"","title":"Down in San Diego","video":false,"vote_average":0.0,"vote_count":0}
