{"adult":false,"backdrop_path":"/hVs3L1G1hVkkajnPavYmMgGJuuJ.jpg","belongs_to_collection":null,"budget":0,"genres":[{"id":9648,"name":"Mystery"},{"id":18,"name":"Drama"},{"id":27,"name":"Horror"}],"homepage":"","id":95404,"imdb_id":"tt0062898","original_language":"en","original_title":"Doctor Faustus","overview":"Faustus is a scholar at the University of Wittenberg when he earns his doctorate degree. His insatiable appetite for knowledge and power leads him to employ necromancy to conjure Mephistopheles out of hell. He bargains away his soul to Lucifer in exchange for living 24 years during which Mephistopheles will be his slave. Faustus signs the pact in his own blood and Mephistopheles reveals the works of the devil to Faustus.","popularity":0.000144,"poster_path":"/meCEUNF4uEq2Isp8pz2ey64eAm7.jpg","production_companies":[{"name":"Venfilms","id":45711},{"name":"Nassau Films","id":45712},{"name":"Oxford University Screen Productions","id":45713}],"production_countries":[{"iso_3166_1":"GB","name":"United Kingdom"}],"release_date":"1967-10-10","revenue":0,"runtime":93,"spoken_languages":[{"iso_639_1":"en","name":"English"}],"status":"Released","tagline":"The story of a scientist who sells his soul to the devil","title":"Doctor Faustus","video":false,"vote_average":4.3,"vote_count":2}
