{"adult":true,"backdrop_path":null,"belongs_to_collection":null,"budget":0,"genres":[],"homepage":"","id":95559,"imdb_id":"tt0183393","original_language":"en","original_title":"The Last Step Down","overview":"A naive country girl new to the big city gets involved in the underground sex scene.","popularity":0.00585,"poster_path":"/oGuxyvub2NPA8uzsQbT9VtM8MYp.jpg","production_companies":[],"production_countries":[],"release_date":"1970-01-01","revenue":0,"runtime":0,"spoken_languages":[],"status":"Released","tagline":"","title":"The Last Step Down","video":false,"vote_average":2.0,"vote_count":1}
