{"adult":false,"backdrop_path":null,"belongs_to_collection":null,"budget":1000000,"genres":[{"id":27,"name":"Horror"}],"homepage":"","id":95694,"imdb_id":"tt1015460","original_language":"en","original_title":"Frat House Massacre","overview":"Set in the late 70s, this gritty and twisted film taps the physical and mental underpinnings of the meaning of the word \"brother\" in a way reminiscent of the best of late 70s grindhouse and early 80s slashers.","popularity":0.000715,"poster_path":"/ri87ag1M8aZwYjnp7XcDSerI8hx.jpg","production_companies":[{"name":"Screamkings Productions","id":19453}],"production_countries":[{"iso_3166_1":"US","name":"United States of America"}],"release_date":"2008-08-09","revenue":0,"runtime":116,"spoken_languages":[{"iso_639_1":"en","name":"English"}],"status":"Released","tagline":"Rush Week at this college just got a lot more dangerous.","title":"Frat House Massacre","video":false,"vote_average":0.0,"vote_count":0}
