{"adult":false,"backdrop_path":"/6jDtGQHjieRWxKhSa5jCHyfaggD.jpg","belongs_to_collection":null,"budget":0,"genres":[{"id":10749,"name":"Romance"},{"id":10751,"name":"Family"}],"homepage":"","id":95264,"imdb_id":"","original_language":"en","original_title":"What !f","overview":"What !f  is the first film to showcase the progression and limitless boundaries of off-road riding. Featuring today’s best riders showcasing their talents in front of some of the best cinematographers around, this film will not disappoint. From the tight trees of the East, to the wide-open terrain of the West, the athletes of What !f prove again and again that no terrain is out of reach.","popularity":0.002172,"poster_path":"/AvUNp9I9AIgCOE47sGwGAdT5m7e.jpg","production_companies":[],"production_countries":[],"release_date":"2011-08-09","revenue":0,"runtime":42,"spoken_languages":[],"status":"Released","tagline":"","title":"What if","video":false,"vote_average":6.5,"vote_count":1}
