{"adult":false,"backdrop_path":null,"belongs_to_collection":null,"budget":0,"genres":[{"id":28,"name":"Action"},{"id":18,"name":"Drama"}],"homepage":"","id":95337,"imdb_id":"tt0260440","original_language":"en","original_title":"Trucker's Woman","overview":"A young man takes up truck-driving to investigate his trucker father's suspicious death.","popularity":0.000405,"poster_path":"/zpAB6yHNYHFUF7GDzv1blCshoTF.jpg","production_companies":[],"production_countries":[],"release_date":"1975-05-01","revenue":0,"runtime":81,"spoken_languages":[{"iso_639_1":"en","name":"English"}],"status":"Released","tagline":"He's a gear-jammin', hell-fightin, tender lovin'... TRUCKIN' MAN!","title":"Trucker's Woman","video":false,"vote_average":0.0,"vote_count":0}
