{"adult":false,"backdrop_path":null,"belongs_to_collection":null,"budget":0,"genres":[{"id":28,"name":"Action"},{"id":12,"name":"Adventure"},{"id":10751,"name":"Family"}],"homepage":"","id":95939,"imdb_id":"tt0100812","original_language":"en","original_title":"Treasure","overview":"Adventure is afoot in the small coastal town of Emerald Cove. Dave Shipper (John Weisbarth) is all set to enjoy a quiet summer, but the arrival of his cousin Jon (Frank Jimison) throws a wrench in his plans. Rather by chance, they happen upon an old map that sets them on a quest, along with Dave's friend Freddy (Freddy Rible), to seek out a legendary treasure said to be buried deep inside the ocean cliffs. With the help of an old local fisherman (\"Smokey\" Tom Hodgins), the boys compile clues that unravel a 30-year-old murder mystery and lead them closer to their prize. They quickly draw the attention of a bumbling crew of malicious treasure-hunters and a mysterious pickaxe-wielding \"digger\", all intent on capturing the gold for themselves.","popularity":2e-06,"poster_path":"/hwIckloWo21o0OlXAsApt7fuPcO.jpg","production_companies":[],"production_countries":[],"release_date":"1990-01-01","revenue":0,"runtime":87,"spoken_languages":[{"iso_639_1":"en","name":"English"}],"status":"Released","tagline":"","title":"Treasure","video":false,"vote_average":4.3,"vote_count":2}
