{"adult":false,"backdrop_path":null,"belongs_to_collection":null,"budget":0,"genres":[{"id":18,"name":"Drama"}],"homepage":"","id":95863,"imdb_id":"tt0105070","original_language":"en","original_title":"The Other Woman","overview":"A ambitious reporter investigating a murder case becomes intrigued with a mysterious woman whom she suspects is having an affair with her husband.","popularity":0.0,"poster_path":"/eiXrW9jLuNwMVFnRAYPnfCwAZq9.jpg","production_companies":[],"production_countries":[],"release_date":"1992-08-05","revenue":0,"runtime":90,"spoken_languages":[],"status":"Released","tagline":"","title":"The Other Woman","video":false,"vote_average":0.0,"vote_count":0}
