{"adult":false,"backdrop_path":null,"belongs_to_collection":null,"budget":0,"genres":[{"id":35,"name":"Comedy"},{"id":18,"name":"Drama"},{"id":10749,"name":"Romance"}],"homepage":"","id":95324,"imdb_id":"tt0080550","original_language":"en","original_title":"Coast To Coast","overview":"Madie is a neurotic, wealthy woman who escapes from a New York state mental hospital where her unwholesome husband had her committed to avoid the trial of a expensive divorce. Madie hitches a ride back to California with a certain Charles Callahan, a debt-ridden truck driver. Madie and Charles eventually fall in love while evading an assortment of bad guys including a pair of thugs hired by Madie's husband to prevent her from returning to California, and a repo man sent to reclaim Charles' truck","popularity":0.0,"poster_path":"/ArYmwI5VI1o6lJpvdXHK6CcwNT3.jpg","production_companies":[],"production_countries":[],"release_date":"1980-10-03","revenue":0,"runtime":95,"spoken_languages":[],"status":"Released","tagline":"Either way, love will win in the end.","title":"Coast To Coast","video":false,"vote_average":0.0,"vote_count":0}
