{"adult":false,"backdrop_path":null,"belongs_to_collection":null,"budget":9000,"genres":[{"id":35,"name":"Comedy"}],"homepage":"","id":95397,"imdb_id":"tt1434437","original_language":"en","original_title":"No Plans for the Weekend","overview":"There are two Hollywoods: One brings laughter & entertainment to millions, the other is the site of endless toil in service of the industry. \"No Plans for the Weekend\" is the story of Bud, a lovable socially challenged newbie to Hollywood who, though out of his league in many ways, is driven to realize his dream of creating \"tight\" music videos. Working in the heart of L.A.'s music video industry Bud is in awe, not only by the glitz and glamor but also by the outrageous personalities he works for and with at Music Video Productions. At Music Video Productions, a.k.a. MVP, Bud is going to learn what it takes to succeed in La-La-Land.","popularity":0.000913,"poster_path":null,"production_companies":[],"production_countries":[],"release_date":"2009-04-29","revenue":0,"runtime":22,"spoken_languages":[],"status":"Released","tagline":"Bud better be smarter than he looks.","title":"No Plans for the Weekend","video":false,"vote_average":0.0,"vote_count":0}
