{"adult":false,"backdrop_path":null,"belongs_to_collection":null,"budget":0,"genres":[{"id":28,"name":"Action"},{"id":53,"name":"Thriller"},{"id":80,"name":"Crime"},{"id":10749,"name":"Romance"}],"homepage":"","id":95152,"imdb_id":"tt0095496","original_language":"en","original_title":"Last Rites","overview":"A catholic priest offers protection to a woman who is being hunted by gangsters.","popularity":0.069404,"poster_path":"/4aaFOEr0s1pqKw5ZvQ1Xu9oGwSY.jpg","production_companies":[],"production_countries":[{"iso_3166_1":"US","name":"United States of America"}],"release_date":"1988-11-18","revenue":0,"runtime":103,"spoken_languages":[{"iso_639_1":"en","name":"English"}],"status":"Released","tagline":"","title":"Last Rites","video":false,"vote_average":0.0,"vote_count":0}
