{"adult":false,"backdrop_path":"/wjbFYD2h1lC8NW4GwaK1sGcri6e.jpg","belongs_to_collection":null,"budget":0,"genres":[{"id":18,"name":"Drama"},{"id":36,"name":"History"},{"id":10752,"name":"War"}],"homepage":"","id":95431,"imdb_id":"tt0065457","original_language":"ru","original_title":"Beg","overview":"The film is about a group of people who in other times wouldn't have anything in common, some of them innocent bystanders, some moral criminals. But nothing is straightforward and simple. From Russia \"the run\" continues to Constantinople, to Paris, back to Russia. Some of them have understood that they can`t live outside Russia and go back maybe to be happy, maybe not, some go back to face sure death for their crimes, some don`t go back and know that are going to miss homeland forever, some are comfortably well off (are they?) in exile. Sentimental without syrup, tragic and comical at the same time.","popularity":2e-06,"poster_path":"/v0Sy5iLMxJHtnOcOchy35kvYLdJ.jpg","production_companies":[],"production_countries":[{"iso_3166_1":"RU","name":"Russia"}],"release_date":"1970-01-01","revenue":0,"runtime":196,"spoken_languages":[{"iso_639_1":"ru","name":"Pусский"}],"status":"Released","tagline":"","title":"The Flight","video":false,"vote_average":5.3,"vote_count":2}
