{"adult":false,"backdrop_path":null,"belongs_to_collection":null,"budget":0,"genres":[],"homepage":"","id":95636,"imdb_id":"tt0110976","original_language":"en","original_title":"The Return of Tommy Tricker","overview":"Welcome to the world of stamps with Tommy Tricker and friends as they learn the magic of travelling through time and space for the mere price of the postage. Though of course, nothing is as easy as it seems as they soon learn when they try to rescue Charles Merriweather, a stamp traveller frozen in time since his last attempt at stamp- travelling, 65 years ago. But Charles turns out to be a girl, his sister Molly! And she is rapidly turning into an old woman. To find a cure, Tommy takes off in a race against the time that leads him and Molly to the exotic and magical South Pacific islands.","popularity":0.000152,"poster_path":"/zcj6oyjKD2sItjjslHLc0DkylrG.jpg","production_companies":[],"production_countries":[],"release_date":"1994-01-01","revenue":92605,"runtime":97,"spoken_languages":[{"iso_639_1":"en","name":"English"}],"status":"Released","tagline":"","title":"The Return of Tommy Tricker","video":false,"vote_average":6.5,"vote_count":1}
