{"adult":false,"backdrop_path":null,"belongs_to_collection":null,"budget":0,"genres":[],"homepage":"","id":95871,"imdb_id":"tt0094421","original_language":"en","original_title":"The Beiderbecke Connection","overview":"Trevor Chaplin teaches woodwork and likes to listen to jazz. Jill Chapman teaches English and wants to help save the planet. They live together and just want a quiet life. Since their last adventure in ('Beiderbecke Tapes, The (1987) (TV)' ), Jill and Trevor have a child - Firstborn. Big Al asks them to put up a friend of his and, of course, they agree. But when Ivan arrives, they find he speaks no English but thinks that \"Bix is cool\".","popularity":0.00675,"poster_path":"/1ZmhzDIW3GFMJhHSc6TFMeZyCMD.jpg","production_companies":[],"production_countries":[],"release_date":"1988-11-27","revenue":0,"runtime":201,"spoken_languages":[],"status":"Released","tagline":"","title":"The Beiderbecke Connection","video":false,"vote_average":0.0,"vote_count":0}
