{"adult":false,"backdrop_path":"/5K9w7fp24gtw6B8bTP3Yy4Mv6Vb.jpg","belongs_to_collection":null,"budget":0,"genres":[{"id":18,"name":"Drama"}],"homepage":"","id":95775,"imdb_id":"tt1900908","original_language":"en","original_title":"Klip","overview":"Jasna is a teenage girl living in the poor suburbs in the south of Belgrade, Serbia. She likes to record everything around her using a mobile phone camera. She is making videos of herself, her school friends, family and Djole - the boy of her dreams. Her family is a mess: father is terminally ill and mother is barely coping. That's why she is spending more and more time hanging out with her school friends, partying and drinking. At one of the parties, she finally starts a conversation with Djole and later they develop an intense sexual relationship. When he realizes that she will do anything to be close to him, Djole starts using her as a sexual object. Jasna starts to experiment with drugs and to skip school. Her life is getting out of control and she needs Djole to accept and reciprocate her affections.","popularity":0.798333,"poster_path":"/3M3DxYqW3hgL9GeTqEs8LViIZeT.jpg","production_companies":[{"name":"Film House Bas Celik","id":1653}],"production_countries":[{"iso_3166_1":"CS","name":"Serbia and Montenegro"}],"release_date":"2012-01-27","revenue":0,"runtime":100,"spoken_languages":[{"iso_639_1":"sr","name":"Srpski"}],"status":"Released","tagline":"","title":"Clip","video":false,"vote_average":5.2,"vote_count":10}
