{"adult":false,"backdrop_path":null,"belongs_to_collection":null,"budget":0,"genres":[{"id":10749,"name":"Romance"},{"id":37,"name":"Western"}],"homepage":"","id":95715,"imdb_id":"tt0033370","original_language":"en","original_title":"Badlands Of Dakota","overview":"Up-and-coming Universal leading man Robert Stack made his western-movie debut in Badlands of Dakota. Set in the Dakotas during the days of the Great Gold Boom, the story finds brothers Jim and Bob Holliday (Stack and Broderick Crawford) dukeing it out over the affections of pretty Anne Grayson (Ann Rutherford). While all this is going on, Wild Bill Hickok (Richard Dix) does his best to neutralize the local criminal element-and to fend off the romantic overtures of boisterous Calamity Jane (Frances Farmer).","popularity":0.000145,"poster_path":"/rKRqBD6y6cfoIs32dFNpu0MDa65.jpg","production_companies":[{"name":"Universal Pictures","id":33}],"production_countries":[{"iso_3166_1":"US","name":"United States of America"}],"release_date":"1941-09-15","revenue":0,"runtime":74,"spoken_languages":[{"iso_639_1":"en","name":"English"}],"status":"Released","tagline":"Thundering Down from the Black Hills...Come the Boldest, Blackest Days of the West! Deadwood City -- a Roaring Capitol of an Empire of Lawlessness -- Where Life Was Cheap -- Love Priceless!","title":"Badlands Of Dakota","video":false,"vote_average":0.0,"vote_count":0}
