{"adult":false,"backdrop_path":"/hozjHg8EAzUTOTbLmC2tOJeppBh.jpg","belongs_to_collection":null,"budget":0,"genres":[{"id":18,"name":"Drama"}],"homepage":"","id":95402,"imdb_id":"tt0053017","original_language":"en","original_title":"Lonelyhearts","overview":"Eager to land a journalistic position, Adam White goes to work as an advice-giving newspaper columnist. His editor, Shrike, takes pleasure in browbeating his alcoholic wife Florence for her past adultery, and assigning his employees journalistic jobs for which they have little aptitude or interest. Shrike goads Adam into meeting one of his correspondents, Fay Doyle, a teary, self-pitying woman who makes a play for him. Adam is torn between his loyalty to the newspaper and his girl Justy.","popularity":0.000173,"poster_path":"/mYJZUzOR0vJZDUnsEIc7jA32L3j.jpg","production_companies":[{"name":"United Artists","id":60},{"name":"Dore Schary Productions","id":12274}],"production_countries":[{"iso_3166_1":"US","name":"United States of America"}],"release_date":"1958-01-01","revenue":0,"runtime":100,"spoken_languages":[{"iso_639_1":"en","name":"English"}],"status":"Released","tagline":"\"SOME WIVES CHEAT BECAUSE THEIR HUSBANDS DO...AND SOME BECAUSE THEY'RE JUST NO GOOD!\"","title":"Lonelyhearts","video":false,"vote_average":0.0,"vote_count":0}
