{"adult":false,"backdrop_path":null,"belongs_to_collection":null,"budget":0,"genres":[{"id":28,"name":"Action"},{"id":53,"name":"Thriller"},{"id":80,"name":"Crime"}],"homepage":"","id":95887,"imdb_id":"tt0097898","original_language":"en","original_title":"Mob War","overview":"When the New York City police disrupt a big cocaine deal, the TV news reporters find John Falcone, a local mobster, nearby. They ask some tough questions, and Falcone decides he needs a public relations man to help burnish his image. He hires Todd Barrett, and he keeps Barrett in line with generous helpings of cocaine. Meanwhile, Falcone's unorthodox, violent, and sadistic methods get him cross-wise with Don Ricci, the boss. A mob war may break out. When Todd's wife is endangered, can the flack attack back at the racketeers?","popularity":0.002025,"poster_path":"/bGlVeDwPNDfz6QmYWI7E3VO7tH0.jpg","production_companies":[],"production_countries":[],"release_date":"1989-10-11","revenue":0,"runtime":96,"spoken_languages":[],"status":"Released","tagline":"Forget what you've heard. Forget what you've read. Forget what you've seen. In New York, this is the way it really is.","title":"Mob War","video":false,"vote_average":4.5,"vote_count":1}
