{"adult":false,"backdrop_path":null,"belongs_to_collection":null,"budget":0,"genres":[],"homepage":"","id":95339,"imdb_id":"tt0940640","original_language":"en","original_title":"Second City: The First Family of Comedy","overview":"With its revolutionary improvisation acting techniques and staggering roster of talent who got their starts on its stages, Second City's influence on popular culture cannot be overstated. Although hardly definitive, this three-part retrospective is a welcome and entertaining primer to this comedy institution.","popularity":0.000882,"poster_path":"/obN69ZuVKmI4frhUlJsT3FMCQcn.jpg","production_companies":[],"production_countries":[{"iso_3166_1":"CA","name":"Canada"}],"release_date":"2006-08-25","revenue":0,"runtime":128,"spoken_languages":[{"iso_639_1":"en","name":"English"}],"status":"Released","tagline":"","title":"Second City: The First Family of Comedy","video":false,"vote_average":0.0,"vote_count":0}
