{"adult":false,"backdrop_path":"/iCzN3HnYeK7LsoEF4x1WIUsV0Fl.jpg","belongs_to_collection":null,"budget":0,"genres":[{"id":10402,"name":"Music"}],"homepage":"http://www.celticwoman.com/celtic-woman-believe-album/","id":95517,"imdb_id":"tt2200999","original_language":"en","original_title":"Celtic Woman - Believe","overview":"Performers in Believe are three vocalists Chloë Agnew, Lisa Kelly, Lisa Lambe, and fiddler Máiréad Nesbitt  All songs on this album are re-releases from their previous albums. Their only new song, entitled 'Princess Toyotomi', is featured in the film of the same name. This is the first album where nine members (both current and previous) appear together.  Another album of the same title was released on January 24, 2012 Both this album and DVD (live performance from the Fox Theatre, Atlanta, Georgia) feature new music from Agnew, Kelly, Lambe and Nesbitt. The performance was broadcast on PBS stations in December 2011 Some of the songs performed but not available on the CD are A Tribute To Broadway, sung by Agnew, Lambe and Kelly, and Mná na hÉireann, played by Nesbitt. European and North American dates for the 2012 Believe tour have already been set, but Lisa Kelly will not join this tour due to her pregnancy, and will be replaced by Susan McFadden.","popularity":0.00255,"poster_path":"/mSeBX6Lh9rBcMtAPwDpTnHozysp.jpg","production_companies":[{"name":"Manhattan Project","id":2478}],"production_countries":[{"iso_3166_1":"IE","name":"Ireland"}],"release_date":"2012-01-24","revenue":0,"runtime":80,"spoken_languages":[{"iso_639_1":"ga","name":"Gaeilge"},{"iso_639_1":"en","name":"English"},{"iso_639_1":"la","name":"Latin"}],"status":"Released","tagline":"","title":"Celtic Woman Believe","video":false,"vote_average":4.5,"vote_count":2}
