{"adult":false,"backdrop_path":null,"belongs_to_collection":null,"budget":0,"genres":[{"id":99,"name":"Documentary"}],"homepage":"","id":95461,"imdb_id":"tt0982935","original_language":"en","original_title":"Strictly Background","overview":"For decades, film and television audiences have watched their favorite stars with little thought or concern for the people standing behind them. All of that is about to change as \"Strictly Background\" explores the charm and determination of some of Hollywood's hardest working actors, professional \"extras.\" Turning industry convention on its head, this humorous & heartfelt documentary follows ten background actors as they navigate their way on and off the set. Both a behind-the-scenes look at Hollywood and a character-driven film, \"Strictly Background\" is a dynamic exploration into the pursuit of stardom and the real life struggle to stand out. Written by Hunter Woo","popularity":0.000609,"poster_path":"/9Rcdk5wHx8cvDIi6JgStRsN6Nii.jpg","production_companies":[],"production_countries":[],"release_date":"2007-03-23","revenue":0,"runtime":0,"spoken_languages":[],"status":"Released","tagline":"","title":"Strictly Background","video":false,"vote_average":7.0,"vote_count":1}
