{"adult":false,"backdrop_path":null,"belongs_to_collection":null,"budget":0,"genres":[],"homepage":"","id":95189,"imdb_id":"","original_language":"en","original_title":"Desert Lions","overview":"Many years ago, lions thrived in the Namib Desert along the Skeleton Coast, while they are not destroyed people. Six years ago, an independent biologist Flip Stander found their small population, the remainder in the nearby mountains, and began to study them. Eventually their numbers increased, and they began to return to the desert. But to the lions continued to live here, Flip has to convince local residents that these lions are more alive than dead.","popularity":0.000429,"poster_path":"/yhsR8sB3Exi4rToAhKjtCowJy5k.jpg","production_companies":[],"production_countries":[{"iso_3166_1":"GB","name":"United Kingdom"},{"iso_3166_1":"US","name":"United States of America"},{"iso_3166_1":"JP","name":"Japan"},{"iso_3166_1":"CA","name":"Canada"}],"release_date":"2006-03-05","revenue":0,"runtime":49,"spoken_languages":[],"status":"Released","tagline":"","title":"Desert Lions","video":false,"vote_average":0.0,"vote_count":0}
