{"adult":false,"backdrop_path":null,"belongs_to_collection":null,"budget":0,"genres":[],"homepage":"","id":95314,"imdb_id":"tt0182671","original_language":"fr","original_title":"L'acrobate","overview":null,"popularity":0.000144,"poster_path":"/gVRIUKwTn20DXThEjG2JAGljABM.jpg","production_companies":[],"production_countries":[{"iso_3166_1":"FR","name":"France"}],"release_date":"1951-02-02","revenue":0,"runtime":0,"spoken_languages":[{"iso_639_1":"fr","name":"Français"}],"status":"Released","tagline":"","title":"L'acrobate","video":false,"vote_average":0.0,"vote_count":0}
