{"adult":true,"backdrop_path":null,"belongs_to_collection":null,"budget":0,"genres":[],"homepage":"","id":95436,"imdb_id":"","original_language":"en","original_title":"Their Cups Runneth Over 2","overview":"Four Big boob sex stars heat things up in five pulse-pounding jumbo jug scenes of dripping wet XXX!","popularity":0.0,"poster_path":"/hB6LOh0QlH7AYUe4o8HA7o9jfoB.jpg","production_companies":[],"production_countries":[],"release_date":"","revenue":0,"runtime":0,"spoken_languages":[],"status":"","tagline":"","title":"Their Cups Runneth Over 2","video":false,"vote_average":0.0,"vote_count":0}
