{"adult":false,"backdrop_path":null,"belongs_to_collection":null,"budget":0,"genres":[{"id":28,"name":"Action"},{"id":35,"name":"Comedy"},{"id":53,"name":"Thriller"}],"homepage":"","id":95984,"imdb_id":"tt0277119","original_language":"en","original_title":"Mabudachi","overview":"It is 1980. Sadatomo is at a secondary school in a small town. His parents barely take any notice of him. The strict teacher Kobayashi has hung up a 'humanity index' in the classroom, divided into the categories 'delinquents', 'scum' and 'people'. In each category he has hung name-cards of pupils. One day Kobayashi finds out that Sadatomo and his friends have stolen some things from a shop for fun. Their fathers are informed and as punishment, the children have to write a 'self-critical' essay of no less than thirty pages. For the first time, Sadatomo is beaten by his father. Shocked, he writes a piece entitled 'I am an onion', in which the teacher thinks he can detect a first sign of humanity. That is the start of a confusing situation in which it gets hard to distinguish lies, truth, justified self-criticism and opportunist wheeler dealing, even for the boys.","popularity":0.000318,"poster_path":"/v32j2qIDGr1ofJ5KUT5h6HSGggp.jpg","production_companies":[],"production_countries":[],"release_date":"2001-02-01","revenue":0,"runtime":98,"spoken_languages":[{"iso_639_1":"ja","name":"日本語"}],"status":"Released","tagline":"","title":"Bad Company","video":false,"vote_average":0.0,"vote_count":0}
