{"adult":false,"backdrop_path":null,"belongs_to_collection":null,"budget":0,"genres":[{"id":35,"name":"Comedy"},{"id":10749,"name":"Romance"}],"homepage":"","id":95440,"imdb_id":"tt0400611","original_language":"en","original_title":"Love Chronicles","overview":"A disc jockey invites a relationship therapist as an on-air guest. They explore LA relationship struggles through three different callers' unbelievable stories, and in the process the DJ discovers his own love issues.","popularity":0.000313,"poster_path":"/qLo8u9DHWJAhHdqjjA0Du2m8DzJ.jpg","production_companies":[],"production_countries":[],"release_date":"2003-01-01","revenue":0,"runtime":78,"spoken_languages":[{"iso_639_1":"en","name":"English"}],"status":"Released","tagline":"","title":"Love Chronicles","video":false,"vote_average":0.0,"vote_count":0}
