{"adult":false,"backdrop_path":null,"belongs_to_collection":null,"budget":0,"genres":[{"id":18,"name":"Drama"}],"homepage":"","id":95943,"imdb_id":"tt0025725","original_language":"en","original_title":"The Road to Ruin","overview":"A young girl gets involved with a crowd that smokes marijuana, drinks and has sex. She winds up an alcoholic, pregnant drug addict and is forced to get an abortion.","popularity":0.00015,"poster_path":"/j2Ng5IhbKiHNrC0v5QIEwtZZsAQ.jpg","production_companies":[],"production_countries":[{"iso_3166_1":"US","name":"United States of America"}],"release_date":"1934-05-14","revenue":0,"runtime":62,"spoken_languages":[{"iso_639_1":"en","name":"English"}],"status":"Released","tagline":"An innocent girl! A life destroyed!","title":"The Road to Ruin","video":false,"vote_average":0.0,"vote_count":0}
