{"adult":false,"backdrop_path":null,"belongs_to_collection":null,"budget":0,"genres":[],"homepage":null,"id":95611,"imdb_id":"","original_language":"sv","original_title":"Mora Träsk på Cirkus","overview":"Mora Träsk in Concert","popularity":0.000431,"poster_path":"/rzgzvqc95zv7BIqC7MZlu39vzeu.jpg","production_companies":[],"production_countries":[],"release_date":"2004-10-12","revenue":0,"runtime":0,"spoken_languages":[],"status":"Released","tagline":null,"title":"Mora Träsk på Cirkus","video":false,"vote_average":0.0,"vote_count":0}
