{"adult":false,"backdrop_path":"/l59OHXlmuiiRG8mroO8IYyFJavL.jpg","belongs_to_collection":null,"budget":0,"genres":[{"id":12,"name":"Adventure"}],"homepage":"","id":95103,"imdb_id":"tt0078925","original_language":"en","original_title":"Il cacciatore di squali","overview":"A crusty recluse on a Caribbean island who is dedicated to destroying sharks gets involved in a hunt for buried treasure.","popularity":0.000405,"poster_path":"/oEzvTjywq114t6n0vDJcxwMZ2r3.jpg","production_companies":[],"production_countries":[],"release_date":"1979-12-24","revenue":0,"runtime":97,"spoken_languages":[],"status":"Released","tagline":"","title":"The Shark Hunter","video":false,"vote_average":4.0,"vote_count":1}
