{"adult":false,"backdrop_path":"/7Qy8oKCNvcTauId4sHtw142I3WI.jpg","belongs_to_collection":null,"budget":0,"genres":[{"id":18,"name":"Drama"}],"homepage":"","id":95018,"imdb_id":"tt0124707","original_language":"en","original_title":"The Hard Road","overview":"A cautionary tale. At 17, Sherman Oaks high schooler Pam Banner has a baby out of wedlock. The baby is adopted, but Pam's too embarrassed to go back to school, so her dad gets her a job as the receptionist for a talent agent. A rock star takes her to a party, seduces and abandons her; that starts a spiral of partying, free love, and drug use. Pam becomes friends with Jeannie, a hooker who supports Jimmy, a useless druggie. Soon the three of them are living together, and Jimmy seems appealing to Pam. She's missing work more and more often, Jeannie wants out of the life, Jimmy is going through withdrawal, and Pam is in the middle of a maelstrom. Is there any exit for Pam?","popularity":0.0,"poster_path":"/pbt0ZVxQHtH4iX7jAYgNxJi2gno.jpg","production_companies":[],"production_countries":[],"release_date":"1970-01-01","revenue":0,"runtime":0,"spoken_languages":[],"status":"Released","tagline":"","title":"The Hard Road","video":false,"vote_average":7.0,"vote_count":1}
