{"adult":false,"backdrop_path":null,"belongs_to_collection":null,"budget":0,"genres":[{"id":99,"name":"Documentary"}],"homepage":"","id":95758,"imdb_id":"tt0800191","original_language":"en","original_title":"The Sci-Fi Boys","overview":"Legendary all-stars of cinema bring to life the evolution of science-fiction and special effects films from the wild and funny days of B-movies to blockbusters that have captured the world's imagination. This is the story of the Sci-Fi Boys, who started out as kids making amateur movies inspired by Forrest J Ackerman's FAMOUS MONSTERS magazine and grew up to take Hollywood by storm, inventing the art and technology for filming anything the mind can dream.","popularity":0.000791,"poster_path":"/fzEBMaUhnKUR74eGWto66clyCup.jpg","production_companies":[],"production_countries":[],"release_date":"2006-04-27","revenue":0,"runtime":80,"spoken_languages":[{"iso_639_1":"en","name":"English"}],"status":"Released","tagline":"","title":"The Sci-Fi Boys","video":false,"vote_average":6.0,"vote_count":1}
