{"adult":false,"backdrop_path":"/5cB7LVwiZx1e3fMqjU2ltU6nUXq.jpg","belongs_to_collection":null,"budget":0,"genres":[{"id":53,"name":"Thriller"}],"homepage":"http://www.charliecasanovathemovie.com/","id":96012,"imdb_id":"tt1740091","original_language":"en","original_title":"Charlie Casanova","overview":"After running over a woman and speeding off, an upper class man allows a deck of cards decide his fate as his behaviour grows increasingly erratic.","popularity":0.001437,"poster_path":"/lnrCoQzpCl6Fe5ohG1yYriJVoG.jpg","production_companies":[],"production_countries":[{"iso_3166_1":"IE","name":"Ireland"}],"release_date":"2010-12-06","revenue":0,"runtime":94,"spoken_languages":[{"iso_639_1":"en","name":"English"}],"status":"Released","tagline":"","title":"Charlie Casanova","video":false,"vote_average":0.0,"vote_count":0}
