{"adult":false,"backdrop_path":null,"belongs_to_collection":null,"budget":0,"genres":[],"homepage":"","id":95173,"imdb_id":"tt0034018","original_language":"fr","original_title":"Les petits riens","overview":null,"popularity":0.000143,"poster_path":"/iifshCgPZs6lgulBEQERSAOIpV5.jpg","production_companies":[],"production_countries":[],"release_date":"1942-12-16","revenue":0,"runtime":88,"spoken_languages":[],"status":"Released","tagline":"","title":"Small Kidneys","video":false,"vote_average":0.0,"vote_count":0}
