{"adult":false,"backdrop_path":null,"belongs_to_collection":null,"budget":0,"genres":[{"id":12,"name":"Adventure"},{"id":27,"name":"Horror"},{"id":28,"name":"Action"},{"id":53,"name":"Thriller"},{"id":878,"name":"Science Fiction"}],"homepage":"","id":95609,"imdb_id":"tt0401742","original_language":"it","original_title":"Raptor Island","overview":"A team of terrorist-fighting Naval officers in the South China Sea finds their struggle against the enemy taking a backseat to the fight of their lives when an horde of creatures thought to be extinct for millions of years descend upon them in an action-packed tale of man-versus-monster starring Steven Bauer and Lorenzo Lamas.","popularity":0.096719,"poster_path":"/5HQYeHvBwpuG3AmaNHD1y6W0t0Z.jpg","production_companies":[],"production_countries":[{"iso_3166_1":"US","name":"United States of America"}],"release_date":"2004-04-21","revenue":0,"runtime":89,"spoken_languages":[{"iso_639_1":"en","name":"English"}],"status":"Released","tagline":"","title":"Raptor Island","video":false,"vote_average":0.0,"vote_count":0}
