{"adult":true,"backdrop_path":null,"belongs_to_collection":null,"budget":0,"genres":[],"homepage":"","id":95720,"imdb_id":"","original_language":"en","original_title":"Busty Cops On Patrol","overview":"Award winning director, William H., returns with a collection of voluptuous law enforcement officers in elaborate vignette scenarios. Enjoy the humorous and sexy escapades of these cuvy cops!","popularity":0.0,"poster_path":"/67BBIfN4r1lqXm15ntgBblAe0Mn.jpg","production_companies":[],"production_countries":[],"release_date":"","revenue":0,"runtime":0,"spoken_languages":[],"status":"","tagline":"","title":"Busty Cops On Patrol","video":false,"vote_average":0.0,"vote_count":0}
