{"adult":false,"backdrop_path":null,"belongs_to_collection":null,"budget":0,"genres":[{"id":35,"name":"Comedy"}],"homepage":"","id":95078,"imdb_id":"tt0086853","original_language":"en","original_title":"Adios Miami","overview":"It is a black comedy that expresses the contradictions, passions and miseries of a Venezuelan man who has climbed the social ladder on the basis of the easy wealth, devoid of the concept of effort and shows a way of being Venezuelan. The glitz, and the schizophrenia characterize the character.  Oswaldo is tired of enduring the tedium of his wife and lives a passionate affair with a television star. For him, the center of his life is the money to buy anything and anyone.","popularity":1e-06,"poster_path":"/5MJhWpJ6D7fwbRabHkwGyhZ22bm.jpg","production_companies":[],"production_countries":[],"release_date":"1984-01-01","revenue":0,"runtime":103,"spoken_languages":[{"iso_639_1":"es","name":"Español"}],"status":"Released","tagline":"","title":"Adios Miami","video":false,"vote_average":6.5,"vote_count":1}
