{"adult":false,"backdrop_path":null,"belongs_to_collection":null,"budget":0,"genres":[{"id":99,"name":"Documentary"}],"homepage":"","id":95585,"imdb_id":"tt1270707","original_language":"en","original_title":"Z32","overview":"A former Israeli soldier participated in a mission of retribution in which two Palestinian policemen were killed. He seeks forgiveness for what he did. His girlfriend does not think it is so simple and raises questions that he is not yet able to cope with. The soldier willingly testifies before the camera as long as his identity is not revealed. The filmmaker, while seeking a solution to protect the identity of the soldier, questions his own political and artistic conduct.","popularity":0.000862,"poster_path":"/fSdV5CVTiZVIQVq8UUcgrTY960e.jpg","production_companies":[],"production_countries":[{"iso_3166_1":"IL","name":"Israel"},{"iso_3166_1":"FR","name":"France"}],"release_date":"2009-02-18","revenue":0,"runtime":81,"spoken_languages":[{"iso_639_1":"he","name":"עִבְרִית"}],"status":"Released","tagline":"An Israeli soldier describes his participation in covert revenge operations against Palestinians","title":"Z32","video":false,"vote_average":0.0,"vote_count":0}
