{"adult":false,"backdrop_path":null,"belongs_to_collection":null,"budget":0,"genres":[],"homepage":"","id":95865,"imdb_id":"tt0123829","original_language":"en","original_title":"Explozia","overview":"A group of firefighters discover explosives on an abandoned ship which threatens the local city","popularity":0.000405,"poster_path":"/7jr850iDDl9xdqpsn48SiUe1m9g.jpg","production_companies":[],"production_countries":[],"release_date":"1973-01-01","revenue":0,"runtime":0,"spoken_languages":[],"status":"Released","tagline":"","title":"The Poseidon Explosion","video":false,"vote_average":0.0,"vote_count":0}
