{"adult":false,"backdrop_path":null,"belongs_to_collection":null,"budget":0,"genres":[{"id":18,"name":"Drama"},{"id":28,"name":"Action"}],"homepage":"","id":95028,"imdb_id":"tt0065815","original_language":"en","original_title":"The Hard Ride","overview":"While in Vietnam, a GI promises his dying buddy that he'll take care of his motorcycle, \"Baby\", when he gets back home. After his discharge, he meets up with his dead friend's girlfriend, gets the bike, and then runs into trouble from some other bikers who don't like the idea of his having the motorcycle or the girl.","popularity":0.0108,"poster_path":"/a2xs2i4AfHZdwNyBPTzdkmeKsGY.jpg","production_companies":[{"name":"American International Pictures (AIP)","id":9266},{"name":"Burwalt Productions","id":27957}],"production_countries":[{"iso_3166_1":"US","name":"United States of America"}],"release_date":"1971-04-22","revenue":0,"runtime":93,"spoken_languages":[{"iso_639_1":"en","name":"English"}],"status":"Released","tagline":"Some machines are more than most men can handle!","title":"The Hard Ride","video":false,"vote_average":0.0,"vote_count":0}
