{"adult":false,"backdrop_path":null,"belongs_to_collection":null,"budget":0,"genres":[{"id":18,"name":"Drama"},{"id":10749,"name":"Romance"}],"homepage":"","id":95046,"imdb_id":"tt0033150","original_language":"en","original_title":"They Knew What They Wanted","overview":"When visiting San Francisco, Tony Patucci, a ageing winegrower from the Napa Valley, sees waitress Amy Peters and falls in love. Returning home, he persuades his foreman Joe, an incorrigible womanizer, to write her a letter in Tony's name. Tony's courtship by mail culminates with a proposal, and when she requests a picture of him, he sends one of Joe. Amy accepts and goes to Napa to be married. Although horrified to discover that her prospective husband is the portly Tony, she decides to go through with the marriage. However, while Tony is in bed after an accident, Amy and Joe has an affair.\r Two months later, as Tony plans the wedding, she discovers that she is pregnant. Upon learning this, Tony pummels Joe, who leaves the vineyards. but forgives Amy, and insists that they still be married, But she is unable to forgive herself, so she leaves with the priest who's come to marry them, while Tony looks on, hoping that she will return one day.","popularity":0.000145,"poster_path":"/5q9gpYPSpJKox3oCCY5xI5i4y7Y.jpg","production_companies":[{"name":"RKO Radio Pictures","id":6}],"production_countries":[{"iso_3166_1":"US","name":"United States of America"}],"release_date":"1940-10-19","revenue":0,"runtime":96,"spoken_languages":[{"iso_639_1":"en","name":"English"}],"status":"Released","tagline":"","title":"They Knew What They Wanted","video":false,"vote_average":5.5,"vote_count":1}
