{"adult":false,"backdrop_path":null,"belongs_to_collection":null,"budget":0,"genres":[{"id":10751,"name":"Family"}],"homepage":"","id":95500,"imdb_id":"tt0124928","original_language":"en","original_title":"Wienerbarnet","overview":"Vi befinder os i en lille Heurigen-Café i Wien. Den unger sanger Fritz Hertzgruber (Max Hansen Sen.) stifter bekendtskab med en ung dansk forfatter, Jesper Ellekilde (Jens Asby), og de to unge mennesker bliver straks venner. Fritz har nemlig som \"Wienerbarn\" været i Danmark og er nu et ivrigt medlem af Wienerbørnenes egen klub. Aftenen efter finder finder klubbens årlige lodtrækning om en rejse til Danmark sted, og Fritz bliver den heldige - omend af omveje. Fritz og Jesper følges ad til Danmark, hvor Fritz glæder sig voldsomt til gensynet med sine plejeforældre, komponisten Emilius Andersen (Richard Christensen) og hans kone (Helga Frier). De var de sødeste mennesker overfor deres Wienerbarn, og deres hjem står i Fritz' hukommelse som indbegrebet af idyl og harmoni.","popularity":0.000143,"poster_path":"/g1v1d9CuQHSSMW6BhiHF4hnLX3y.jpg","production_companies":[],"production_countries":[{"iso_3166_1":"DK","name":"Denmark"}],"release_date":"1941-10-31","revenue":0,"runtime":83,"spoken_languages":[{"iso_639_1":"da","name":"Dansk"}],"status":"Released","tagline":"Vi befinder os i en lille Heurigen-Café i Wien.","title":"Wienerbarnet","video":false,"vote_average":0.0,"vote_count":0}
