{"adult":false,"backdrop_path":null,"belongs_to_collection":null,"budget":0,"genres":[{"id":99,"name":"Documentary"}],"homepage":"","id":95682,"imdb_id":"tt0236447","original_language":"en","original_title":"Long Night's Journey Into Day","overview":"This documentary tells four stories of Apartheid in South Africa, as seen through the eyes of the Truth and Reconciliation commission","popularity":0.000174,"poster_path":"/t9qnhcengitxfefj4EpDKYjtkQe.jpg","production_companies":[],"production_countries":[],"release_date":"2000-01-29","revenue":0,"runtime":94,"spoken_languages":[],"status":"Released","tagline":"Looking into a dark past for a bright future.","title":"Long Night's Journey Into Day","video":false,"vote_average":0.0,"vote_count":0}
