{"adult":false,"backdrop_path":"/cZ1y6GHNR7E7ItXPcfL3GifRoKe.jpg","belongs_to_collection":null,"budget":2,"genres":[{"id":18,"name":"Drama"},{"id":10749,"name":"Romance"}],"homepage":"","id":95919,"imdb_id":"tt2202471","original_language":"en","original_title":"LOVE","overview":"Eight people try to end their loneliness by searching for that one person to love, who can make their life complete.","popularity":0.001721,"poster_path":"/AakbgOCxp6oXw1EN5pB72MSq9JD.jpg","production_companies":[],"production_countries":[{"iso_3166_1":"TW","name":"Taiwan"},{"iso_3166_1":"CN","name":"China"}],"release_date":"2012-02-17","revenue":0,"runtime":120,"spoken_languages":[],"status":"Released","tagline":"Valentine's Day 2012","title":"Love","video":false,"vote_average":5.7,"vote_count":11}
