{"adult":false,"backdrop_path":null,"belongs_to_collection":null,"budget":0,"genres":[],"homepage":"","id":95093,"imdb_id":"tt0082440","original_language":"en","original_title":"Gas","overview":"Susan Anspach stars in this comedy as a news reporter who investigates a story about stolen milk causing milk and gas prices to rise. During the course of her investigation, other people become involved, culminating in a multiple car chase.","popularity":0.000405,"poster_path":"/wafBUmbHGjWdhsCVbLuvt2XEj1S.jpg","production_companies":[],"production_countries":[],"release_date":"1981-07-01","revenue":0,"runtime":94,"spoken_languages":[],"status":"Released","tagline":"The comedy that pumps the fun into summer.","title":"Gas","video":false,"vote_average":0.0,"vote_count":0}
