{"adult":false,"backdrop_path":"/zh7a4K8ifVEb5U4oAaQxveK5Cd4.jpg","belongs_to_collection":null,"budget":0,"genres":[{"id":35,"name":"Comedy"}],"homepage":"","id":95035,"imdb_id":"tt0167454","original_language":"en","original_title":"Three Businessmen","overview":"An American art dealer (Miguel Sandoval), who specializes in southwestern topaz, arrives by train in Liverpool. Similarly, a very proper British art dealer (Alex Cox), who specializes in African art, arrives in the same hotel. The two meet in the hotel's abandoned restaurant and decide to set off in finding an evening meal, which becomes problematic immediately when the Brit reveals he is vegetarian. While following their pursuit of a mutually acceptable meal, the main point of the film is their discourse en route to their various attempts at an eatery.","popularity":0.000143,"poster_path":"/maPWPCVt7pGOeojHLnYzqgmjAkH.jpg","production_companies":[],"production_countries":[],"release_date":"1998-10-14","revenue":0,"runtime":80,"spoken_languages":[],"status":"Released","tagline":"A Comedy About Serious Things","title":"Three Businessmen","video":false,"vote_average":0.0,"vote_count":0}
