{"adult":false,"backdrop_path":"/EQoEWvdt5Lrby9wjIe6ggKgvUK.jpg","belongs_to_collection":{"id":248275,"name":"WWE Pay-Per-View 2000","poster_path":"/3P6uke5QfQU7GuwHauRZ0g0KEju.jpg","backdrop_path":"/82zOmQD6vhAVrvJknvoNRmUQB33.jpg"},"budget":0,"genres":[{"id":28,"name":"Action"},{"id":18,"name":"Drama"}],"homepage":"http://www.wwe.com/shows/royalrumble/history/2000","id":95061,"imdb_id":"tt0261260","original_language":"en","original_title":"WWE Royal Rumble 2000","overview":"Royal Rumble (2000) was the thirteenth annual Royal Rumble PPV. It was presented by MCI's 1-800-COLLECT. It took place on January 23, 2000 at Madison Square Garden in New York, New York.  The main event was the Royal Rumble match, which grants the winner a title shot at Wrestlemania. Featured matches on the undercard included a street fight match between Triple H and Cactus Jack for the WWF Championship, a Triple Threat match for the WWF Intercontinental Championship, and The New Age Outlaws versus The Acolytes for the WWF Tag Team Championship.  This Royal Rumble was the first WWF pay-per-view event to air on terrestrial television in the United Kingdom, as Channel 4 had acquired the rights to broadcast World Wrestling Federation programming that year.","popularity":0.000179,"poster_path":"/oqCNaV43MQMVCR36L0VQ79E4Eyb.jpg","production_companies":[{"name":"World Wrestling Entertainment (WWE)","id":7588}],"production_countries":[{"iso_3166_1":"US","name":"United States of America"}],"release_date":"2000-01-23","revenue":0,"runtime":180,"spoken_languages":[{"iso_639_1":"en","name":"English"}],"status":"Released","tagline":"The Road to WrestleMania Begins","title":"WWE Royal Rumble 2000","video":false,"vote_average":4.3,"vote_count":2}
