{"adult":false,"backdrop_path":null,"belongs_to_collection":null,"budget":0,"genres":[],"homepage":"","id":95983,"imdb_id":"tt0033333","original_language":"en","original_title":"Un alto en el camino","overview":"Film based on the work of 'El pastor poeta'. The film tells the story of a farmer who, attracted by a popular singer (Lola Flores), leaves everything to go with her. After a few months, disillusioned of a life and a world that is not his own, he returns home for a pardon ...","popularity":0.00015,"poster_path":"/fvVbETMEWMT1uPEHQobiwdwGsPl.jpg","production_companies":[],"production_countries":[],"release_date":"1941-11-17","revenue":0,"runtime":98,"spoken_languages":[{"iso_639_1":"es","name":"Español"}],"status":"Released","tagline":"","title":"Un alto en el camino","video":false,"vote_average":0.0,"vote_count":0}
