{"adult":false,"backdrop_path":null,"belongs_to_collection":null,"budget":0,"genres":[],"homepage":"","id":95450,"imdb_id":"tt0185752","original_language":"fr","original_title":"Le Voyage A Biarritz","overview":null,"popularity":0.000218,"poster_path":"/7sct39dJDohQBp5vZVmo03DAXJZ.jpg","production_companies":[],"production_countries":[{"iso_3166_1":"FR","name":"France"}],"release_date":"1963-03-15","revenue":0,"runtime":94,"spoken_languages":[{"iso_639_1":"fr","name":"Français"}],"status":"Released","tagline":"","title":"The Trip to Biarritz","video":false,"vote_average":0.0,"vote_count":0}
