{"adult":false,"backdrop_path":null,"belongs_to_collection":null,"budget":0,"genres":[],"homepage":"","id":96003,"imdb_id":"tt2081213","original_language":"en","original_title":"City of Dreamers","overview":"Moving to Brighton in an attempt to fulfill her dreams of becoming a musician, Rose befriends an amiable homeless man and a charming young bartender.","popularity":0.001578,"poster_path":"/vorK7Dpsl95Tn5NZ4tb7wHWmpOZ.jpg","production_companies":[],"production_countries":[],"release_date":"2011-12-21","revenue":0,"runtime":120,"spoken_languages":[],"status":"Released","tagline":"","title":"City of Dreamers","video":false,"vote_average":0.0,"vote_count":0}
