{"adult":false,"backdrop_path":null,"belongs_to_collection":null,"budget":0,"genres":[],"homepage":"","id":95533,"imdb_id":"tt0342866","original_language":"en","original_title":"Où gît votre sourire enfoui?","overview":"Undaunted by a commission to make a film about his mentors and aesthetic exemplars, the filmmaking team of Jean-Marie Straub and Danièle Huillet, Costa records with great sensitivity and insight the exacting process by which the two re-edit their film SICILIA!, discussing and arguing over each cut and its effect. Incorporating comments about the influence of figures as diverse as Chaplin and Eisenstein, about the ethical and aesthetic implications of film technique and such matters as rhythm, sound mixing, and acting, WHERE LIES YOUR HIDDEN SMILE? becomes a tour de force, immersing us in the mysteries of cinema as practiced by some of its greatest creators. Costa calls the film both his first comedy and his first love story.","popularity":0.000304,"poster_path":"/3jJ0AGkttAMA08MngyzJDaQnACB.jpg","production_companies":[],"production_countries":[],"release_date":"2001-09-05","revenue":0,"runtime":0,"spoken_languages":[],"status":"Released","tagline":"","title":"Where Does Your Hidden Smile Lie?","video":false,"vote_average":0.0,"vote_count":0}
