{"adult":false,"backdrop_path":"/wyRiCnWIEK69xhqz0aanMne0wg3.jpg","belongs_to_collection":null,"budget":0,"genres":[{"id":53,"name":"Thriller"},{"id":9648,"name":"Mystery"}],"homepage":"","id":95986,"imdb_id":"tt1485147","original_language":"en","original_title":"Wer hat Angst vorm schwarzen Mann?","overview":"A child death in a small german town dismay its inhabitants, who start to think that the death is related with an old leyend.","popularity":0.001171,"poster_path":"/slNb64ilwcHTFCWxTgIJkdd8bpS.jpg","production_companies":[{"name":"ORF","id":1491},{"name":"ProSieben Television","id":7227}],"production_countries":[{"iso_3166_1":"AT","name":"Austria"}],"release_date":"2009-10-11","revenue":0,"runtime":91,"spoken_languages":[{"iso_639_1":"de","name":"Deutsch"}],"status":"Released","tagline":"","title":"Wer hat Angst vorm schwarzen Mann?","video":false,"vote_average":0.0,"vote_count":0}
