{"adult":false,"backdrop_path":null,"belongs_to_collection":null,"budget":0,"genres":[{"id":27,"name":"Horror"}],"homepage":"","id":95381,"imdb_id":"tt0097673","original_language":"en","original_title":"Kitchen Sink","overview":"From the bowels of the kitchen sink, comes a dark and tender love… An original and full-blooded short film that combines humour with surrealism and leads the viewer towards the fantasy of horror.","popularity":0.002025,"poster_path":"/ek4ysVgl997xAmqtYl1qSpLrSUS.jpg","production_companies":[],"production_countries":[{"iso_3166_1":"NZ","name":"New Zealand"}],"release_date":"1989-01-01","revenue":0,"runtime":14,"spoken_languages":[{"iso_639_1":"en","name":"English"}],"status":"Released","tagline":"","title":"Kitchen Sink","video":false,"vote_average":5.6,"vote_count":4}
