{"adult":false,"backdrop_path":null,"belongs_to_collection":null,"budget":0,"genres":[],"homepage":"","id":95361,"imdb_id":"tt1701993","original_language":"en","original_title":"Han jia","overview":"An ordinary village in Northern China, the last day of the winter vacation. Four idle, aimless adolescents gather at Zhou Zhixin's home, a friend who lives with his father, brother and nephew. Like most contemporary teenagers, these youths want to enjoy their last day of holiday and simply hang out in this place where nothing ever seems likely to happen. Their conversations are desultory and they sometimes seem to argue for argument's sake. One of them, Laowu, talks frankly with his girlfriend about how teenage love might affect their studies, while Laobao questions school's value and relevance to real life.","popularity":0.001271,"poster_path":"/bYl1omvqH4fFEFh2M40wucMNY6f.jpg","production_companies":[],"production_countries":[{"iso_3166_1":"CN","name":"China"}],"release_date":"2010-08-11","revenue":0,"runtime":91,"spoken_languages":[{"iso_639_1":"zh","name":"普通话"}],"status":"Released","tagline":"","title":"Winter Vacation","video":false,"vote_average":0.0,"vote_count":0}
