{"adult":false,"backdrop_path":null,"belongs_to_collection":null,"budget":0,"genres":[],"homepage":null,"id":95234,"imdb_id":"tt0054834","original_language":"fr","original_title":"Dynamite Jack","overview":null,"popularity":0.000143,"poster_path":"/l9TNlmFB44vpiwkEI8fKHpwbmwo.jpg","production_companies":[],"production_countries":[{"iso_3166_1":"FR","name":"France"}],"release_date":"1961-11-03","revenue":0,"runtime":null,"spoken_languages":[{"iso_639_1":"fr","name":"Français"}],"status":"Released","tagline":null,"title":"Dynamite Jack","video":false,"vote_average":0.0,"vote_count":0}
