{"adult":true,"backdrop_path":null,"belongs_to_collection":null,"budget":0,"genres":[],"homepage":"","id":95295,"imdb_id":"tt0409160","original_language":"en","original_title":"Please Cum Inside Me 13","overview":".","popularity":0.000329,"poster_path":"/gUAb6m8V8gYaROo7k6G5wOCHChB.jpg","production_companies":[],"production_countries":[],"release_date":"2003-01-01","revenue":0,"runtime":135,"spoken_languages":[{"iso_639_1":"en","name":"English"}],"status":"Released","tagline":"","title":"Please Cum Inside Me 13","video":false,"vote_average":0.0,"vote_count":0}
