{"adult":true,"backdrop_path":null,"belongs_to_collection":null,"budget":0,"genres":[],"homepage":"","id":95906,"imdb_id":"tt1799536","original_language":"en","original_title":"Girl Talk","overview":"Mick Blue us secretly in love with the beautiful Kayden Kross, his roommate. One night she kicks Mick and his buddies out of the house so she can party with her hot girlfriends and have a 'ladies night'. Mick, desperate for her sexual attention, gets talked into crashing Kayden's little naughty party by dressing up as a girl. Horny stud, Scott nails, decides to dress up with Mick and sneak in. All insanity breaks loose as the boys get busy with one girl after another. Kayden catches Scott doing it hard with Loni Evans while Manuel Ferrara, the pizza guy, gets nasty with one of the sexy, hot chicks, too. Room by room, the girls turn their party into a wild, fun-filled sex-travaganza! Kayden makes Mick's lewd fantasies come true when she realizes he's the man to fulfill all her lusty desires.","popularity":0.0,"poster_path":"/qb4GdaxrFqtyhaoZVwUVWBU6ryG.jpg","production_companies":[],"production_countries":[],"release_date":"","revenue":0,"runtime":0,"spoken_languages":[],"status":"","tagline":"","title":"Girl Talk","video":false,"vote_average":0.0,"vote_count":0}
