{"adult":false,"backdrop_path":null,"belongs_to_collection":null,"budget":0,"genres":[{"id":27,"name":"Horror"},{"id":35,"name":"Comedy"}],"homepage":"","id":95993,"imdb_id":"tt0315465","original_language":"en","original_title":"Demon Slayer","overview":"Some places are born evil. Five troubled teens are destined to find it.","popularity":0.000286,"poster_path":"/u7W8r5I0Xvvp9xN4Ka12TwJ8MC9.jpg","production_companies":[],"production_countries":[],"release_date":"2003-02-20","revenue":0,"runtime":84,"spoken_languages":[],"status":"Released","tagline":"Some places are born evil. Five troubled teens are destined to find it.","title":"Demon Slayer","video":false,"vote_average":0.0,"vote_count":0}
