{"adult":false,"backdrop_path":null,"belongs_to_collection":null,"budget":0,"genres":[{"id":35,"name":"Comedy"},{"id":18,"name":"Drama"},{"id":10749,"name":"Romance"}],"homepage":"","id":95614,"imdb_id":"tt0107518","original_language":"en","original_title":"Mario, Maria e Mario","overview":"Mario and Maria Boschi, a 30-year-old couple with small children, are hit by a crisis: husband and wife cannot agree on a party name. A colleague, also named Mario, makes an impressive speech, and Maria find herself increasingly attracted to him. She feels able to relate to him like she could to her husband in the old days. They spend the night together, and she falls ill. When she is asked by her husband to leave the house, she realizes that there may be a difference between real love and a vague need for understanding.","popularity":0.000296,"poster_path":"/uJJ0a7B3DzC2NTKlVGMGSCRARTW.jpg","production_companies":[],"production_countries":[],"release_date":"1993-11-05","revenue":0,"runtime":102,"spoken_languages":[{"iso_639_1":"it","name":"Italiano"}],"status":"Released","tagline":"","title":"Mario, Maria and Mario","video":false,"vote_average":0.0,"vote_count":0}
