{"adult":false,"backdrop_path":null,"belongs_to_collection":null,"budget":0,"genres":[],"homepage":"","id":95570,"imdb_id":"","original_language":"en","original_title":"The Easter Promise","overview":"Two children follow the events that lead Jesus from his joyous entry into Jerusalem to his betrayal, death, and ressurection.  Jerem's dream has always been to be a great soldier for a king. His family tells him a man named Jesus is the real King. But when he sees Jesus enter Jerusalem on a donkey, he thinks he has been tricked.  Disheartened, he runs off and meets with two Pharisees who promise to enlist him as a soldier to tell people that Jesus is a hoax. In a hard lesson about appearances and judging, Jerem learns that Jesus is a true King. But, is he too late? Has he helped the Pharisees condemn Jesus to death? Originally created by the Christian Broadcasting Network as a fully animated video, this exciting new Easter book features artwork from the video and re-telling of the same story.","popularity":0.000144,"poster_path":"/4fCmjyzISRQyngQdkLtTLFzv6ZM.jpg","production_companies":[],"production_countries":[],"release_date":"1995-03-13","revenue":0,"runtime":0,"spoken_languages":[],"status":"Released","tagline":"Two children follow the events that lead Jesus from his joyous entry into Jerusalem to his betrayal, death, and ressurection.","title":"The Easter Promise","video":false,"vote_average":0.0,"vote_count":0}
