{"adult":false,"backdrop_path":"/pxogU6vr9aDuhwyTaZEUCiQKSo9.jpg","belongs_to_collection":null,"budget":0,"genres":[{"id":10402,"name":"Music"}],"homepage":"","id":95351,"imdb_id":"","original_language":"en","original_title":"MARC ANTHONY VIÑA DEL MAR 2012","overview":"Life performance of the artist at vina del mar 2012","popularity":0.001748,"poster_path":"/r2VNWB0k0imm9mlSXhBLy6NbmDJ.jpg","production_companies":[],"production_countries":[{"iso_3166_1":"CL","name":"Chile"}],"release_date":"2012-02-23","revenue":0,"runtime":87,"spoken_languages":[{"iso_639_1":"es","name":"Español"}],"status":"Released","tagline":"","title":"MARC ANTHONY VIÑA DEL MAR 2012","video":false,"vote_average":5.3,"vote_count":2}
