{"adult":false,"backdrop_path":null,"belongs_to_collection":null,"budget":0,"genres":[],"homepage":"","id":95799,"imdb_id":"tt0068513","original_language":"en","original_title":"La duda","overview":"Don Rodrigo, who lives in America, returns to Spain at the death of his son. Once here he discovers he has two granddaughters, though only one is a fruit of his son's marriage as the other is daughter of his son with a mistress.","popularity":1.2e-05,"poster_path":"/tocepXbW6tmJBD6V9H96MW5X3gb.jpg","production_companies":[],"production_countries":[],"release_date":"1972-09-07","revenue":0,"runtime":92,"spoken_languages":[{"iso_639_1":"es","name":"Español"}],"status":"Released","tagline":"","title":"La duda","video":false,"vote_average":0.0,"vote_count":0}
