{"adult":false,"backdrop_path":"/rFhIiMZ3euvvlxZgucMkbirvDoh.jpg","belongs_to_collection":null,"budget":0,"genres":[{"id":10402,"name":"Music"},{"id":18,"name":"Drama"}],"homepage":"","id":95269,"imdb_id":"tt0079090","original_language":"pl","original_title":"Dyrygent","overview":"A violinist in a provincial Polish orchestra, whose husband is the director of the ensemble, on a visit to the US ties up with the world- renowned symphony conductor. As it turns out he was once in love with violinist's mother. The conductor, a slightly unstable hypochondriac, returns to Poland to lead the provincial orchestra. He also tries to revive old love affair using the violinist as a surrogate of her mother. Her husband is resentful of the conductor for both personal and professional reasons.","popularity":2e-06,"poster_path":"/jGCdowFQYoagmhxGOnMtCURcbeS.jpg","production_companies":[{"name":"Zespól Filmowy \"X\"","id":6804},{"name":"Film Polski","id":12838},{"name":"Polish Corporation for Film Production","id":47534}],"production_countries":[{"iso_3166_1":"PL","name":"Poland"}],"release_date":"1980-02-27","revenue":0,"runtime":101,"spoken_languages":[{"iso_639_1":"en","name":"English"},{"iso_639_1":"pl","name":"Polski"}],"status":"Released","tagline":"","title":"The Conductor","video":false,"vote_average":0.0,"vote_count":0}
