{"adult":false,"backdrop_path":null,"belongs_to_collection":null,"budget":0,"genres":[{"id":99,"name":"Documentary"}],"homepage":"","id":95020,"imdb_id":"tt0213681","original_language":"en","original_title":"The Gods of Times Square","overview":"Long before New York Mayor Rudy Giuliani launched his campaign to clean up the city, Times Square was the stage for a slew of religious zealots and fanatics, all preaching their brand of fire and brimstone to anyone who would listen. Filmed between 1993 and 1998, Richard Sandler's documentary gives viewers a glimpse into the not-so-distant past, when 42nd Street was the shared pulpit of the most colorful assortment of ministry imaginable.","popularity":1.6e-05,"poster_path":"/x47gZXqxADDFgPGHTlWmXqBoD97.jpg","production_companies":[],"production_countries":[],"release_date":"","revenue":0,"runtime":0,"spoken_languages":[],"status":"Released","tagline":"","title":"The Gods of Times Square","video":false,"vote_average":0.0,"vote_count":0}
