{"adult":false,"backdrop_path":"/zt89sf8OX2Mt9YvQdoMg3iUTeqk.jpg","belongs_to_collection":{"id":148065,"name":"Doraemon Collection","poster_path":"/69oxxREwOQBa5QISbH2gvBCyds2.jpg","backdrop_path":"/rc6OFcSasL5YxBRPUQVwxmVF6h5.jpg"},"budget":0,"genres":[{"id":16,"name":"Animation"},{"id":12,"name":"Adventure"},{"id":10751,"name":"Family"}],"homepage":"http://doraeiga.com/2009/","id":95935,"imdb_id":"tt1264885","original_language":"ja","original_title":"映画ドラえもん 新・のび太の宇宙開拓史","overview":"While Nobita is sleeping, he suddenly feels the floor is trembling, like there would be an earthquake in his room. A little rabbit from an alternate universe named Chamii opens the door between the dimensions using a hammer and gets inside Nobita's room through the floor. Nobita wakes up and Doraemon hears somebody steal food from the fridge in the kitchen. It is Chamii, who gets caught by Doraemon and Nobita. She shows them the passageway through Nobita's floor into the spaceship. After they enter the spaceship, they see Koya Koya Planet. They meet a boy named Roppuru.","popularity":0.013406,"poster_path":"/hb07LQaDNRpOzNHfoodTUsRNz0G.jpg","production_companies":[{"name":"Toho Film (Eiga) Co. Ltd.","id":622}],"production_countries":[{"iso_3166_1":"JP","name":"Japan"}],"release_date":"2009-03-07","revenue":0,"runtime":0,"spoken_languages":[{"iso_639_1":"ja","name":"日本語"}],"status":"Released","tagline":"","title":"Doraemon: The New Record of Nobita, Spaceblazer","video":false,"vote_average":6.4,"vote_count":4}
