{"adult":false,"backdrop_path":null,"belongs_to_collection":null,"budget":0,"genres":[{"id":10769,"name":"Foreign"}],"homepage":"","id":95388,"imdb_id":"tt1483749","original_language":"en","original_title":"Blow Horn","overview":"The movie is filmed as if it were a Mandala, Sanskrit term which designates the symbolic circular diagrams characteristic of Hindu and Buddhist thought. Performer and co-writer is the Jinpa Gyamtso Lama, born in Terrassa, a monk since 1989 and director of several Tibetan Buddhist centers in Spain. The camera accompanies a group of friends who emerge from their retreat to take a trip to India. There, the seemingly unalterable everyday life show not being an impediment to personal searches.","popularity":0.00115,"poster_path":"/xAzzYQliKE9xZV7pJXH5Ldisycj.jpg","production_companies":[],"production_countries":[],"release_date":"2010-09-17","revenue":0,"runtime":79,"spoken_languages":[{"iso_639_1":"es","name":"Español"}],"status":"Released","tagline":"","title":"Blow Horn","video":false,"vote_average":0.0,"vote_count":0}
