{"adult":false,"backdrop_path":null,"belongs_to_collection":null,"budget":0,"genres":[{"id":37,"name":"Western"},{"id":28,"name":"Action"},{"id":10402,"name":"Music"}],"homepage":"","id":95017,"imdb_id":"tt0041420","original_language":"en","original_title":"The Golden Stallion","overview":"Diamonds are being smuggled across the border from Mexico in a specially made shoe of a palomino mare. One of the smugglers is killed when the mare runs off. The sheriff blames Trigger for the death. To keep his horse from being destroyed, Roy confesses and goes to jail. The smugglers buy Trigger and put him to work smuggling diamonds. The mare, who had earlier heard a trist with Trigger, foals Trigger, Jr. who Roy, finally out of jail, uses to help capture the smugglers.","popularity":0.00015,"poster_path":"/vYvNYwmZA1BmUWJIGs5vSr1jLC3.jpg","production_companies":[],"production_countries":[],"release_date":"1949-11-15","revenue":0,"runtime":67,"spoken_languages":[{"iso_639_1":"en","name":"English"}],"status":"Released","tagline":"","title":"The Golden Stallion","video":false,"vote_average":0.0,"vote_count":0}
