{"adult":false,"backdrop_path":"/maFgMR2epGQ99L4dIMTJJQsYZeD.jpg","belongs_to_collection":null,"budget":0,"genres":[{"id":35,"name":"Comedy"},{"id":18,"name":"Drama"},{"id":10752,"name":"War"}],"homepage":"","id":95468,"imdb_id":"tt1764508","original_language":"en","original_title":"Na Wewe","overview":"Oscar Nominated Short Film. 1994 or thereabouts. There is a civil war on in Burundi. A genocidal conflict opposing Hutus and Tutsis... We are witnesses to one of those sadly frequent episodes : the attack by the rebels of a minibus transporting ordinary passengers. A Kalashnikov bursts out. The bus stops, the passengers get off. There follows a \"selection\" separating Hutus and Tutsis. But who is a Hutu, who is a Tutsi? Na Wewe means You Too in Kirundi.","popularity":0.002425,"poster_path":"/dAlJZnqvGAFctMaTplHu30nHKcv.jpg","production_companies":[],"production_countries":[],"release_date":"2010-04-25","revenue":0,"runtime":19,"spoken_languages":[{"iso_639_1":"fr","name":"Français"}],"status":"Released","tagline":"","title":"Na Wewe","video":false,"vote_average":6.0,"vote_count":1}
