{"adult":false,"backdrop_path":"/zj7T6zEtnLIvARQWRNlnW50Y9K4.jpg","belongs_to_collection":null,"budget":0,"genres":[{"id":35,"name":"Comedy"}],"homepage":"","id":95868,"imdb_id":"","original_language":"en","original_title":"Ken Dodd - Live Laughter Tour","overview":"Ken Dodd - the King of Comedy - captured live on this superb, hilarious DVD! Filmed During His 1996 100,000 mile nationwide Laughter Tour of British theatres.","popularity":0.000109,"poster_path":"/9hs1YJsiiOOvSKhVGPONI4KQsXN.jpg","production_companies":[],"production_countries":[],"release_date":"","revenue":0,"runtime":101,"spoken_languages":[],"status":"Released","tagline":"","title":"Ken Dodd - Live Laughter Tour","video":false,"vote_average":0.0,"vote_count":0}
