{"adult":false,"backdrop_path":null,"belongs_to_collection":null,"budget":0,"genres":[],"homepage":"","id":95503,"imdb_id":"tt0060082","original_language":"ja","original_title":"愛の渇き","overview":"Koreyoshi Kurahara adapted a novel by Yukio Mishima for Thirst for Love (Ai no kawaki), a tense psychological drama about a young woman who is widowed after marrying into a wealthy family, and becomes sexually involved with her father-in-law, while harboring a destructive obsession with the family gardener. Kurahara’s atmospheric style is a perfect match for Mishima’s brooding sensuality.","popularity":0.000148,"poster_path":"/vBSuzxYsn518CxiOp0AYocwIa4V.jpg","production_companies":[],"production_countries":[],"release_date":"1967-02-18","revenue":0,"runtime":105,"spoken_languages":[{"iso_639_1":"ja","name":"日本語"}],"status":"Released","tagline":"","title":"Thirst for Love","video":false,"vote_average":0.0,"vote_count":0}
