{"adult":false,"backdrop_path":null,"belongs_to_collection":null,"budget":0,"genres":[],"homepage":"","id":95114,"imdb_id":"tt0093135","original_language":"en","original_title":"Halloween Night","overview":"Strange things are happening in Tommy's seemingly perfect town... a bloody pitchfork is found beside a mutilated corpse... dark chanting permeates the night chill... a deranged man warns of murder and madness... graves are robbed... and an ancient evil is about to be unleashed on the most devilish day - and night - of all: Halloween.  Enter into a world of black secrets, revenge, and death. Spine-chilling suspense, shocking revelations, and the ultimate terror of all are about to be revealed... when the sun goes down and the wind begins to howl. It is the season of the witch... and the night of the devil. It is the unspeakable fear of HALLOWEEN NIGHT!","popularity":4.9e-05,"poster_path":"/uZwOO0DGuqqnzBlunknz8A52xZL.jpg","production_companies":[],"production_countries":[],"release_date":"1988-07-30","revenue":0,"runtime":87,"spoken_languages":[],"status":"Released","tagline":"When the terror begins!","title":"Halloween Night","video":false,"vote_average":6.0,"vote_count":1}
