{"adult":false,"backdrop_path":null,"belongs_to_collection":null,"budget":0,"genres":[],"homepage":"","id":95432,"imdb_id":"tt1632641","original_language":"en","original_title":"The Legend of Beaver Dam","overview":"When a ghost story around the campfire awakens an evil monster, it's up to nerdy Danny Zigwitz to be the hero and save his fellow campers from a bloody massacre. Crank up the volume and get ready to scream along to this musical gore-fest in the woods. Heads will rock'n'roll!","popularity":0.001143,"poster_path":"/pGR6aUzGPlC2iPDrMC4Xy42zWdO.jpg","production_companies":[],"production_countries":[],"release_date":"2010-09-09","revenue":0,"runtime":12,"spoken_languages":[],"status":"Released","tagline":"A Musical with Guts.","title":"The Legend of Beaver Dam","video":false,"vote_average":7.0,"vote_count":1}
