{"adult":false,"backdrop_path":null,"belongs_to_collection":null,"budget":0,"genres":[],"homepage":"","id":95240,"imdb_id":"tt0461769","original_language":"en","original_title":"Eri Eri rema sabakutani","overview":"A.D. 2015: A virus has been spreading in many cities worldwide. It is a suicidal disease and the virus is infected by pictures. People, once infected, come down with the disease, which leads to death. They have no way of fighting against this infection filled with fear and despair. The media calls the disease \"the Lemming Syndrome\".","popularity":0.000447,"poster_path":"/aMs4NYGyOZEfqr7iGGhTu7lUrgR.jpg","production_companies":[],"production_countries":[],"release_date":"2005-05-18","revenue":0,"runtime":107,"spoken_languages":[{"iso_639_1":"ja","name":"日本語"}],"status":"Released","tagline":"","title":"My God, My God, Why Hast Thou Forsaken Me?","video":false,"vote_average":8.8,"vote_count":2}
