{"adult":false,"backdrop_path":"/5J8b4ejwaN3cMaShVcqcTHxHWoK.jpg","belongs_to_collection":null,"budget":0,"genres":[{"id":10402,"name":"Music"}],"homepage":"http://celticthunder.ie/","id":95739,"imdb_id":"","original_language":"en","original_title":"Celtic Thunder: Voyage","overview":"VOYAGE continues to pay homage to the musical culture of Ireland, while exploring the musical journey each soloist has undertaken since the beginning of Celtic Thunder four years ago. This time the ensemble including Keith Harkin, Ryan Kelly, Neil Byrne, George Donaldson and Emmet Cahill welcome 13-year-old Daniel Furlong to the fold as a guest artist on this recording. The group performances highlight the diversity of Irish music and song; from the powerful rendition of \"Dulaman\" to the love song \"Maid of Culmore,\" the collection also features a rousing performance of \"Galway Girl\" and beloved Irish party song \"My Irish Molly-O.\"","popularity":0.001434,"poster_path":"/hnqGNNiFqeYum1kjERV4O0WzQrh.jpg","production_companies":[],"production_countries":[],"release_date":"2011-08-11","revenue":0,"runtime":60,"spoken_languages":[],"status":"Released","tagline":"","title":"Celtic Thunder: Voyage","video":false,"vote_average":0.0,"vote_count":0}
