{"adult":false,"backdrop_path":null,"belongs_to_collection":null,"budget":0,"genres":[],"homepage":"","id":95586,"imdb_id":"","original_language":"en","original_title":"Helmet: Chapel Hill, NC, 1990","overview":"Helmet: Chapel Hill, NC, 1990","popularity":0.0,"poster_path":null,"production_companies":[],"production_countries":[],"release_date":"","revenue":0,"runtime":43,"spoken_languages":[],"status":"","tagline":"","title":"Helmet: Chapel Hill, NC, 1990","video":false,"vote_average":0.0,"vote_count":0}
