{"adult":false,"backdrop_path":"/3QotIt2eavqi3ix4D2yEEA7NkHo.jpg","belongs_to_collection":null,"budget":0,"genres":[],"homepage":"","id":95835,"imdb_id":"tt0065992","original_language":"de","original_title":"Un par de asesinos","overview":"A pair of outlaws are on the hunt for some loot they know is missing from a robbery. Outsmarting and killing anyone who tries to foil their plans.","popularity":0.00675,"poster_path":"/jg2Lu0fvonnhrIkwPctP4m34tVt.jpg","production_companies":[],"production_countries":[],"release_date":"1970-09-11","revenue":0,"runtime":0,"spoken_languages":[{"iso_639_1":"de","name":"Deutsch"}],"status":"Released","tagline":"","title":"Sartana Kills Them All","video":false,"vote_average":0.0,"vote_count":0}
