{"adult":false,"backdrop_path":null,"belongs_to_collection":null,"budget":0,"genres":[{"id":18,"name":"Drama"},{"id":36,"name":"History"},{"id":99,"name":"Documentary"},{"id":10769,"name":"Foreign"}],"homepage":"","id":95742,"imdb_id":"tt1674131","original_language":"en","original_title":"An African Election","overview":"Filmmaker Jarreth Merz directs this eye-opening documentary about the 2008 presidential elections in Ghana, chronicling the start-to-finish drama of campaigning in a nation that's long served as a measure of the continent's political stability.","popularity":0.001695,"poster_path":"/iP4gFTwDocReKcjlKd5xjd5QxcB.jpg","production_companies":[],"production_countries":[],"release_date":"2011-11-25","revenue":0,"runtime":89,"spoken_languages":[{"iso_639_1":"ak","name":""},{"iso_639_1":"en","name":"English"}],"status":"Released","tagline":"","title":"An African Election","video":false,"vote_average":0.0,"vote_count":0}
