{"adult":false,"backdrop_path":null,"belongs_to_collection":null,"budget":0,"genres":[],"homepage":"","id":95297,"imdb_id":"","original_language":"de","original_title":"Wörthersee Tour 2008","overview":"We condensed hours and hours of footage, all shot by Steven Campbell, and hand-picked 70 minutes of the best for this film, while retaining that \"uncut &amp; unedited\" feel. This film is a break away from our usual style: Unlike our usual releases, get a chance to study these cars with longer shots and less cuts.","popularity":0.000717,"poster_path":"/x4FYhprbY59BQ41pxnWiS9MLcm2.jpg","production_companies":[],"production_countries":[],"release_date":"2008-04-06","revenue":0,"runtime":0,"spoken_languages":[],"status":"Released","tagline":"","title":"Wörthersee Tour 2008","video":false,"vote_average":6.0,"vote_count":1}
