{"adult":false,"backdrop_path":null,"belongs_to_collection":null,"budget":0,"genres":[{"id":18,"name":"Drama"}],"homepage":"","id":95378,"imdb_id":"tt0052031","original_language":"en","original_title":"L'opéra-mouffe","overview":"Impressions of the rue Mouffetard, Paris 5, through the eyes of a pregnant woman.","popularity":0.000144,"poster_path":"/9MthI5qD2jF6nF9gnIAhuEmOJnp.jpg","production_companies":[{"name":"Ciné Tamaris","id":14683}],"production_countries":[{"iso_3166_1":"FR","name":"France"}],"release_date":"1958-01-01","revenue":0,"runtime":16,"spoken_languages":[{"iso_639_1":"fr","name":"Français"}],"status":"Released","tagline":"","title":"Diary of a Pregnant Woman","video":false,"vote_average":0.0,"vote_count":0}
