{"adult":false,"backdrop_path":null,"belongs_to_collection":null,"budget":0,"genres":[],"homepage":"","id":95801,"imdb_id":"tt0439646","original_language":"en","original_title":"Jewboy","overview":"A young orthodox man searches for his place within his family and the rest of the world.","popularity":0.000429,"poster_path":"/3jYC6tIrUXflejWtIoWbzI4Yn9a.jpg","production_companies":[],"production_countries":[],"release_date":"2006-04-27","revenue":0,"runtime":52,"spoken_languages":[{"iso_639_1":"en","name":"English"}],"status":"Released","tagline":"","title":"Jewboy","video":false,"vote_average":0.0,"vote_count":0}
