{"adult":false,"backdrop_path":null,"belongs_to_collection":null,"budget":0,"genres":[],"homepage":"","id":95978,"imdb_id":"tt1302169","original_language":"en","original_title":"Desperate Hours: An Amber Alert","overview":"A man kidnaps two girls in Oregon triggering the Amber Alert system throughout many surrounding states.","popularity":0.001332,"poster_path":"/2IXOMv2FKHGYDs4MEcdtso9i69z.jpg","production_companies":[],"production_countries":[],"release_date":"2009-01-25","revenue":0,"runtime":90,"spoken_languages":[],"status":"Released","tagline":"","title":"Desperate Hours: An Amber Alert","video":false,"vote_average":0.0,"vote_count":0}
