{"adult":false,"backdrop_path":null,"belongs_to_collection":null,"budget":0,"genres":[],"homepage":"","id":95995,"imdb_id":"tt0474536","original_language":"en","original_title":"Ar meno un quejío","overview":"Luna, an amateur producer, meet Chico Ocaña after a concert and becomes fascinated with him. Both are well suited and decide to take foward an ambitious plan: to make a documental about \"flamenco\".","popularity":0.000431,"poster_path":"/cu7AnoNHsMCOvw4qRAfus1WoN1o.jpg","production_companies":[],"production_countries":[],"release_date":"2005-08-04","revenue":0,"runtime":90,"spoken_languages":[],"status":"Released","tagline":"","title":"If Only a Lament","video":false,"vote_average":0.0,"vote_count":0}
