{"adult":false,"backdrop_path":"/zHnJtTO0y78J0WzBURg7UjqJRv7.jpg","belongs_to_collection":null,"budget":0,"genres":[{"id":18,"name":"Drama"}],"homepage":"","id":95169,"imdb_id":"tt0018909","original_language":"en","original_title":"Four Sons","overview":"A family saga in which three of a Bavarian widow's sons go to war for Germany and the fourth goes to America, Germany's eventual opponent.","popularity":0.000248,"poster_path":"/hUl7sqeviPzTjSpLLpXzFxCERGo.jpg","production_companies":[{"name":"Fox Film Corporation","id":5488}],"production_countries":[{"iso_3166_1":"US","name":"United States of America"}],"release_date":"1928-02-13","revenue":0,"runtime":100,"spoken_languages":[{"iso_639_1":"en","name":"English"}],"status":"Released","tagline":"BIG AS THE HEART OF HUMANITY!","title":"Four Sons","video":false,"vote_average":7.0,"vote_count":1}
