{"adult":false,"backdrop_path":"/6i7uYbe9ZfL3a8Q0kQJqbZ15Phx.jpg","belongs_to_collection":null,"budget":500000,"genres":[{"id":53,"name":"Thriller"}],"homepage":"http://fourthefilm.com/","id":95921,"imdb_id":"tt1645074","original_language":"en","original_title":"Four","overview":"The plan: Kidnap your wife's lover. Take him to a remote warehouse. Hurt him a little. Scare him a lot. Keep your hands clean - hire a detective for the dirty work. Simple? There's no such thing as simple.","popularity":0.003919,"poster_path":"/d4FaZj221l0vG7qGYJk97CTRqrB.jpg","production_companies":[],"production_countries":[{"iso_3166_1":"GB","name":"United Kingdom"}],"release_date":"2011-10-21","revenue":0,"runtime":85,"spoken_languages":[],"status":"Released","tagline":"There's no such thing as a simple plan.","title":"Four","video":false,"vote_average":0.0,"vote_count":0}
