{"adult":false,"backdrop_path":"/cyJp6m5Bh70Kz7gCVGwYVfOdUOl.jpg","belongs_to_collection":null,"budget":0,"genres":[{"id":80,"name":"Crime"},{"id":18,"name":"Drama"}],"homepage":"","id":95949,"imdb_id":"tt0044083","original_language":"en","original_title":"The Strip","overview":"Drummer Stanley Maxton moves to Los Angeles with dreams of opening his own club, but falls in with a gangster and a nightclub dancer and ends up accused of murder.","popularity":0.000264,"poster_path":"/6uVeDIAHCsqKT3hwhnYyIegGyX1.jpg","production_companies":[{"name":"Metro-Goldwyn-Mayer (MGM)","id":8411}],"production_countries":[{"iso_3166_1":"US","name":"United States of America"}],"release_date":"1951-08-01","revenue":0,"runtime":85,"spoken_languages":[{"iso_639_1":"en","name":"English"}],"status":"Released","tagline":"M-G-M's musical melodrama of the Dancer and the Drummer!","title":"The Strip","video":false,"vote_average":5.5,"vote_count":1}
