{"adult":false,"backdrop_path":null,"belongs_to_collection":null,"budget":0,"genres":[{"id":35,"name":"Comedy"},{"id":10749,"name":"Romance"}],"homepage":"","id":95320,"imdb_id":"tt0033348","original_language":"en","original_title":"Appointment for Love","overview":"Charming Andre Cassil woos physician Jane Alexander and the two impulsively get married. The honeymoon ends very quickly when Jane voices her progressive views on marriage which include the two having separate apartments. Andre then tries to make his wife jealous in order to lure her into his bedroom.","popularity":0.000145,"poster_path":"/gpO3FalY4e82XS1WU8KOVFiM4bT.jpg","production_companies":[{"name":"Universal Pictures","id":33}],"production_countries":[{"iso_3166_1":"US","name":"United States of America"}],"release_date":"1941-10-31","revenue":0,"runtime":89,"spoken_languages":[{"iso_639_1":"en","name":"English"}],"status":"Released","tagline":"","title":"Appointment for Love","video":false,"vote_average":0.0,"vote_count":0}
