{"adult":false,"backdrop_path":"/A20pLwnb0ie7Lzok3qFWlpI9Yzz.jpg","belongs_to_collection":null,"budget":0,"genres":[{"id":18,"name":"Drama"}],"homepage":"","id":95675,"imdb_id":"tt1650028","original_language":"en","original_title":"Wreckers","overview":"A married couple move back to his childhood village to start a family but a surprise visit from the husband's brother ignites sibling rivalry and exposes the lies embedded in the couple's relationship.","popularity":0.004404,"poster_path":"/p2YGRGOXng29aPSdGs8REceqxkr.jpg","production_companies":[],"production_countries":[],"release_date":"2011-12-16","revenue":0,"runtime":85,"spoken_languages":[],"status":"Released","tagline":"","title":"Wreckers","video":false,"vote_average":6.8,"vote_count":5}
