{"adult":true,"backdrop_path":null,"belongs_to_collection":null,"budget":0,"genres":[],"homepage":"","id":95898,"imdb_id":"tt0401590","original_language":"en","original_title":"Loaded","overview":"Detectives Roth and Simms are on the trail of a cold-blooded killer. Their only lead is a beautiful young witness, Heather, that everyone seems to want dead. They've got 48 hours to solve the case, but there is just one problem: they have to take the witness with them on their pursuit.","popularity":0.00029,"poster_path":"/4UjJDOBDkgZGurnnvJnLYNW0oFo.jpg","production_companies":[{"name":"Digital Playground","id":6112}],"production_countries":[],"release_date":"2004-03-02","revenue":0,"runtime":108,"spoken_languages":[],"status":"Released","tagline":"Two police detectives try to protect a young woman who witnessed a murder committed by a vicious gangster.","title":"Loaded","video":false,"vote_average":10.0,"vote_count":1}
