{"adult":false,"backdrop_path":null,"belongs_to_collection":null,"budget":0,"genres":[{"id":10402,"name":"Music"},{"id":10751,"name":"Family"}],"homepage":"","id":95023,"imdb_id":"tt0087300","original_language":"en","original_title":"The Frog Prince","overview":"A young British girl journeys to Paris to go to college, and is determined to find the man of her dreams and fall madly in love. However, things don't work out quite the way she planned.","popularity":0.0,"poster_path":null,"production_companies":[],"production_countries":[],"release_date":"","revenue":26,"runtime":100,"spoken_languages":[],"status":"Released","tagline":"","title":"The Frog Prince","video":false,"vote_average":0.0,"vote_count":0}
