{"adult":false,"backdrop_path":null,"belongs_to_collection":null,"budget":0,"genres":[{"id":18,"name":"Drama"}],"homepage":"","id":95997,"imdb_id":"tt0299535","original_language":"en","original_title":"Big Shot: Confessions of a Campus Bookie","overview":"Moyher's good boy Benny Silman from Brooklyn becomes an economics student at Arizona State University for the sun and sexy girls- and the proximity of gambling paradise Las Vegas. Benny aces his studies, being a mathematical genius, but the one who earns money from him at sports is bookie Troy, who however recruits him as subcontractor, making a few thousand for himself. The next year Benny starts for himself, with a few dozen student vassals, and makes a hundredfold.","popularity":0.000435,"poster_path":"/rhZbzI3DNMMbe93Voy27LoJKhk1.jpg","production_companies":[],"production_countries":[],"release_date":"2002-03-31","revenue":0,"runtime":88,"spoken_languages":[],"status":"Released","tagline":"","title":"Big Shot: Confessions of a Campus Bookie","video":false,"vote_average":0.0,"vote_count":0}
