{"adult":false,"backdrop_path":"/uwdX4BAYu7XyMIRbSD6VmjvMCjt.jpg","belongs_to_collection":null,"budget":0,"genres":[{"id":18,"name":"Drama"},{"id":10769,"name":"Foreign"},{"id":27,"name":"Horror"}],"homepage":"","id":95043,"imdb_id":"tt0095012","original_language":"en","original_title":"Diabeł","overview":"Hitting an off-the-charts level of subversive allegory, Zulawski’s second feature is a blood-splattered rampage through a war-charred 1790s Poland that turns the historical epic inside out, and dances on its carcass. Immediately banned in the director’s Communist Poland for over a decade and a half, The Devil writhes with nonstop demonic energy as it follows an nobleman who, after escaping from prison, swandives into insanity and mass murder. Returning home to his once-rich family — one now reduced to savages — and manipulated by a black-cloaked Satanic stranger at the center of a web of political treachery, the nobleman eventually enacts a Hamlet-like pyrrhic revenge on just about everyone in sight. But The Devil’s most spectacularly intense violence is all emotional, with near-constant outbursts of grief, and desperation of a seizure-like intensity that is downright mesmerizing. — The Cinefamily","popularity":0.002633,"poster_path":"/xG8PZj7Q0blHrH5h9DTSzPSOmBf.jpg","production_companies":[],"production_countries":[],"release_date":"1972-01-01","revenue":0,"runtime":119,"spoken_languages":[{"iso_639_1":"pl","name":"Polski"}],"status":"Released","tagline":"","title":"The Devil","video":false,"vote_average":5.7,"vote_count":3}
