{"adult":false,"backdrop_path":null,"belongs_to_collection":null,"budget":0,"genres":[{"id":35,"name":"Comedy"},{"id":10402,"name":"Music"},{"id":10749,"name":"Romance"}],"homepage":"","id":95358,"imdb_id":"tt0058479","original_language":"en","original_title":"The Pleasure Seekers","overview":"Three American lovelies room together in Madrid and all manage to get themselves into seemingly unhappy relationships with fellows.","popularity":0.000153,"poster_path":"/BEi9VBuweuKEe65ZLVcO1l7LhC.jpg","production_companies":[{"name":"Twentieth Century Fox Film Corporation","id":306}],"production_countries":[{"iso_3166_1":"US","name":"United States of America"}],"release_date":"1964-12-25","revenue":0,"runtime":107,"spoken_languages":[{"iso_639_1":"en","name":"English"}],"status":"Released","tagline":"","title":"The Pleasure Seekers","video":false,"vote_average":5.5,"vote_count":1}
