{"adult":false,"backdrop_path":"/rrLMEnJdIHwxp1ZrxoQ50p42sCb.jpg","belongs_to_collection":null,"budget":0,"genres":[{"id":18,"name":"Drama"}],"homepage":"http://boosterfilm.com","id":95573,"imdb_id":"tt1955031","original_language":"en","original_title":"Booster","overview":"When Simon’s brother is arrested for armed robbery, he is asked to commit a string of similar crimes in an attempt to get his brother acquitted. Caught between loyalty to his brother and his own will, Simon is forced to examine his life.","popularity":0.002156,"poster_path":"/chBsY1JICDam7dszd2CNaTVPWba.jpg","production_companies":[],"production_countries":[],"release_date":"2012-10-12","revenue":0,"runtime":75,"spoken_languages":[],"status":"Released","tagline":"","title":"Booster","video":false,"vote_average":0.0,"vote_count":0}
