{"adult":false,"backdrop_path":"/a74zOpWn6mEJOnFIjVhJ7lDgBFo.jpg","belongs_to_collection":null,"budget":0,"genres":[{"id":35,"name":"Comedy"}],"homepage":"","id":95563,"imdb_id":"tt0125430","original_language":"en","original_title":"The Naughty Stewardesses","overview":"The Naughty Stewardesses follows the typical pattern of a Roger Corman \"nurse\" film (very popular at the time), only with stewardesses. The plot follows the exploits of four sexy flight attendants, and each of them disrobes in front of the camera and/or engage in intercourse at one point. There's raunchy action with a captain and a lass aboard his plane (in which a small child looks on to get a first hand sex ed class), and a wild party where a nude dude is actually a cake (he gets slobbered by one of the stewardesses!).","popularity":0.029616,"poster_path":"/uHbWQNszTog1Cw7U5zZbwb5pi7W.jpg","production_companies":[],"production_countries":[],"release_date":"1975-01-29","revenue":0,"runtime":0,"spoken_languages":[],"status":"Released","tagline":"Fly first class!","title":"The Naughty Stewardesses","video":false,"vote_average":4.5,"vote_count":1}
