{"adult":false,"backdrop_path":null,"belongs_to_collection":null,"budget":0,"genres":[],"homepage":"","id":95598,"imdb_id":"tt0475659","original_language":"en","original_title":"Mia Sarah","overview":"In the half-light of a an old stately home, Samuel Davila and his grandfather Paul, once a revered writer, create schemes to repel the latest in a long line of psychologists come to cure the grandson of his severe agoraphobia: some delicious biscuits with added spice, a refreshing glass of water with added laxative","popularity":0.000591,"poster_path":"/uD8nk1ZNJKg2lRqlJHF29DbNrYK.jpg","production_companies":[],"production_countries":[],"release_date":"2006-12-15","revenue":0,"runtime":103,"spoken_languages":[{"iso_639_1":"es","name":"Español"}],"status":"Released","tagline":"","title":"Mia Sarah","video":false,"vote_average":0.0,"vote_count":0}
