{"adult":false,"backdrop_path":null,"belongs_to_collection":null,"budget":0,"genres":[{"id":18,"name":"Drama"},{"id":28,"name":"Action"},{"id":37,"name":"Western"}],"homepage":"","id":95764,"imdb_id":"tt0016461","original_language":"en","original_title":"Tumbleweeds","overview":"It's 1889 and the Cherokee Strip is about to be opened to settlers. After cowboy Dan Carver helps move the Box K cattle off the strip he meets Molly Lassiter. Attracted to her he decides to try to file on the Box K ranch for her. But when he returns to the strip to check for stray cattle, he is arrested as a Sooner and is now unable to participate in the land rush.","popularity":0.000143,"poster_path":"/fPYYDmaI6pQ9YZ46iS5qkEzkwbC.jpg","production_companies":[],"production_countries":[],"release_date":"1925-12-27","revenue":0,"runtime":78,"spoken_languages":[],"status":"Released","tagline":"","title":"Tumbleweeds","video":false,"vote_average":3.8,"vote_count":2}
