{"adult":false,"backdrop_path":"/vL59xXeUhVA78Y6n2pR4403o7aT.jpg","belongs_to_collection":null,"budget":0,"genres":[{"id":18,"name":"Drama"},{"id":53,"name":"Thriller"},{"id":80,"name":"Crime"}],"homepage":"","id":95516,"imdb_id":"tt1598873","original_language":"en","original_title":"Cleanskin","overview":"While working undercover as a bodyguard to arms dealer Harry, former-soldier-turned-secret-service-agent Ewan survives a bloody shootout with balaclava-clad Ash, a member of an Islamic terrorist cell who steals Harry's briefcase full of Semtex explosives and escapes with a minor injury. Ewan's spymasters, Charlotte McQueen and her boss, Scott Catesby, inform Ewan that he must hunt down the cell members and retrieve the briefcase.","popularity":1.037923,"poster_path":"/5WG0QSJ547bdyZhYe9bRTYvBLIn.jpg","production_companies":[{"name":"UK Film Studio","id":15195}],"production_countries":[{"iso_3166_1":"GB","name":"United Kingdom"}],"release_date":"2012-03-09","revenue":0,"runtime":108,"spoken_languages":[{"iso_639_1":"en","name":"English"}],"status":"Released","tagline":"Fight Fire With Fire","title":"Cleanskin","video":false,"vote_average":5.2,"vote_count":53}
