{"adult":false,"backdrop_path":null,"belongs_to_collection":null,"budget":0,"genres":[{"id":9648,"name":"Mystery"}],"homepage":"","id":95390,"imdb_id":"tt0823477","original_language":"es","original_title":"Jane Doe: Ties That Bind","overview":"DNA evidence and camera footage places a corrupt CEO as the prime suspect in the murder of a company whistle-blower, but Jane Doe believes the real killer may be a twin sibling.","popularity":0.001236,"poster_path":"/oIKUigLXGy8qEBLGltAXtyPYAPy.jpg","production_companies":[{"name":"Larry Levinson Productions","id":3282},{"name":"Alpine Medien Productions","id":3693},{"name":"RHI","id":6739}],"production_countries":[],"release_date":"2007-03-17","revenue":0,"runtime":0,"spoken_languages":[{"iso_639_1":"en","name":"English"}],"status":"Released","tagline":"","title":"Jane Doe: Ties That Bind","video":false,"vote_average":0.0,"vote_count":0}
