{"adult":false,"backdrop_path":null,"belongs_to_collection":null,"budget":0,"genres":[{"id":10751,"name":"Family"}],"homepage":"","id":95499,"imdb_id":"tt0123317","original_language":"en","original_title":"Vores Lille By","overview":"Vores lille by er en ganske almindelig samling af huse et tilfældigt sted i Danmark beboet af ganske almindelige mennesker. Ingenting af betydning er sket indenfor de sidste 100 år eller deromkring, byen sover sin Tornerosesøvn med ansigtet vendt mod fjorden og ryggen mod det lave land, da alle tiders uvejr trækker ubemærket hen over dem, såsom tordenbyger og sommerskyer højt, højt oppe. Til denne by ankommer en dag en landstryger som er ret ualmindelig, Laust (Carl Ottosen) kalder han sig han har ikke ligefrem tænkt sig at blive hængende i byen, men er kun tilfældigt drevet denne her vej under sin lange søgen efter et sted og nogle mennesker han kan knytte sin skæbne til.","popularity":0.000148,"poster_path":"/u3vxiVLoTfmXMdhFV7bTwjoNgrY.jpg","production_companies":[],"production_countries":[{"iso_3166_1":"DK","name":"Denmark"}],"release_date":"1954-11-08","revenue":0,"runtime":79,"spoken_languages":[{"iso_639_1":"da","name":"Dansk"}],"status":"Released","tagline":"Vores lille by er en ganske almindelig samling af huse et tilfældigt sted i Danmark beboet af ganske almindelige mennesker.","title":"Vores Lille By","video":false,"vote_average":0.0,"vote_count":0}
