{"adult":false,"backdrop_path":"/7IBr5kUP23VyaIU6RsAoZ4XXTlB.jpg","belongs_to_collection":null,"budget":0,"genres":[],"homepage":"","id":95348,"imdb_id":"tt0020198","original_language":"en","original_title":"The Mysterious Island","overview":"On a volcanic island near the kingdom of Hetvia rules Count Dakkar, a benevolent leader and scientist who has eliminated class distinction among the island's inhabitants. Dakkar, his daughter Sonia and her fiance, engineer Nicolai Roget have designed a submarine which Roget pilots on its initial voyage just before the island is overrun by Baron Falon, despotic ruler of Hetvia. Falon sets out after Roget in a second submarine and the two craft, diving to the ocean's floor, discover a strange land populated by dragons, giant squid and an eerie undiscovered humanoid race.","popularity":0.00015,"poster_path":"/qNBCCKBKb1ZF6OUvbwWtmHWzjEo.jpg","production_companies":[],"production_countries":[],"release_date":"1929-01-01","revenue":0,"runtime":95,"spoken_languages":[],"status":"Released","tagline":"","title":"The Mysterious Island","video":false,"vote_average":0.0,"vote_count":0}
