{"adult":true,"backdrop_path":null,"belongs_to_collection":null,"budget":0,"genres":[],"homepage":"","id":95914,"imdb_id":"tt0401691","original_language":"en","original_title":"No Limits","overview":"Everything was just fine in Adrian's life. She was happily married with a good career and a fantastic home. She led a safe, secure, predictable, boring, mind-numbing existence. So her husband decided to stir things up a little but something went horribly wrong. From the acclaimed director of Rush and Devon Stripped comes a supercharged, erotic thriller that will grab you until long after the last frame!  This is the only Michael Bellesfield video. Adult stars also making their debut in this video: Jenna D'Amato, Kristin Taylor.","popularity":0.0,"poster_path":"/ZyTsJvcEprJUMXdZlLPxZJj91H.jpg","production_companies":[],"production_countries":[],"release_date":"","revenue":0,"runtime":0,"spoken_languages":[],"status":"","tagline":"","title":"No Limits","video":false,"vote_average":0.0,"vote_count":0}
