{"adult":true,"backdrop_path":null,"belongs_to_collection":null,"budget":0,"genres":[],"homepage":"","id":95542,"imdb_id":"","original_language":"en","original_title":"Very Sexy - Ameri Ichinose","overview":".","popularity":0.002144,"poster_path":null,"production_companies":[],"production_countries":[],"release_date":"2011-07-16","revenue":0,"runtime":40,"spoken_languages":[{"iso_639_1":"ja","name":"日本語"}],"status":"Released","tagline":"","title":"Very Sexy - Ameri Ichinose","video":false,"vote_average":0.0,"vote_count":0}
