{"adult":false,"backdrop_path":null,"belongs_to_collection":null,"budget":0,"genres":[{"id":878,"name":"Science Fiction"}],"homepage":"","id":95603,"imdb_id":"tt0094050","original_language":"en","original_title":"Stranded","overview":"A young woman and her grandmother living in an isolated farmhouse are kidnapped by aliens.","popularity":0.003038,"poster_path":"/80ZcSQorztcCOdrfVXRhdg4r6Qs.jpg","production_companies":[{"name":"New Line Home Video","id":12314}],"production_countries":[{"iso_3166_1":"US","name":"United States of America"}],"release_date":"1987-11-20","revenue":0,"runtime":80,"spoken_languages":[{"iso_639_1":"en","name":"English"}],"status":"Released","tagline":"The world they found was worse than the one they left behind.","title":"Stranded","video":false,"vote_average":6.0,"vote_count":1}
