{"adult":false,"backdrop_path":null,"belongs_to_collection":null,"budget":0,"genres":[{"id":99,"name":"Documentary"}],"homepage":"http://www.taskovskifilms.com/film/work-hard-play-hard","id":95827,"imdb_id":"tt2084148","original_language":"en","original_title":"Work Hard Play Hard","overview":"A film about non-territorial office space, multi-mobile knowledge workers, Blackberries and Miles&amp;More. A road movie discovering the working world of tomorrow. This documentary will take you on a journey through the post-industrial knowledge and services workshops, our supposed future working place. In this new world work will be handled more liberally. Time clocks cease to exist. Attention is not compulsory any more. The resource “human“ comes into focus. The film closely follows the high-tech work force – people who are highly mobile and passionate to make their work their purpose in life. Further episodes resume this topic and lead into the world of modern office architecture and into the world of Human Resource Management.","popularity":0.001878,"poster_path":"/38OHBpg9z7hIUJEBgHNj9a6occK.jpg","production_companies":[{"name":"Zweites Deutsches Fernsehen (ZDF)","id":4606}],"production_countries":[{"iso_3166_1":"DE","name":"Germany"}],"release_date":"2012-04-12","revenue":0,"runtime":90,"spoken_languages":[{"iso_639_1":"de","name":"Deutsch"},{"iso_639_1":"fr","name":"Français"}],"status":"Released","tagline":"","title":"Work Hard Play Hard","video":false,"vote_average":7.3,"vote_count":6}
