{"adult":false,"backdrop_path":null,"belongs_to_collection":null,"budget":0,"genres":[{"id":18,"name":"Drama"},{"id":28,"name":"Action"}],"homepage":"","id":95565,"imdb_id":"tt0074941","original_language":"en","original_title":"The Muthers","overview":"A band of female pirates go undercover at a prison camp on a coffee plantation to rescue their leader's sister.","popularity":2e-06,"poster_path":"/ybdReTvNEo2MLUWunKmzktJNBcb.jpg","production_companies":[{"name":"Dimension Pictures","id":4997}],"production_countries":[{"iso_3166_1":"PH","name":"Philippines"}],"release_date":"1976-11-01","revenue":0,"runtime":101,"spoken_languages":[{"iso_639_1":"en","name":"English"}],"status":"Released","tagline":"Out of the steaming slave markets come the ravaging sea-savages...the Muthers!","title":"The Muthers","video":false,"vote_average":0.0,"vote_count":0}
