{"adult":true,"backdrop_path":"/z5GNYQq5aJegt9v6s3xnjk8e9wJ.jpg","belongs_to_collection":null,"budget":10000,"genres":[],"homepage":"","id":95904,"imdb_id":"tt2273317","original_language":"en","original_title":"Jailhouse Heat 3D","overview":"For the first time ever, using the same epic camera techniques of \"Avatar\" comes 3D filmmaking like you've never experienced before. Get inside the mind of an obsessed, jilted lover, creating a lusty adult film to deal with his erupting sexual needs and fantasies of kinky prison sex. Wet tight holes are rammed and drilled, like sexy Jenna Haze, Jayden Jaymes and Sienna West, ready to be filled with creamy eruptions from deep pumpers Evan Stone and Marco Banderas. Perverted pleasures and salacious punishments rule locked up inside a sexual pleasure cell of exploding desire.","popularity":0.001572,"poster_path":"/7XTsRVOoyJ8BomAY8fzVZKpcZNV.jpg","production_companies":[{"name":"Digital Playground","id":6112}],"production_countries":[{"iso_3166_1":"US","name":"United States of America"}],"release_date":"2011-12-11","revenue":0,"runtime":100,"spoken_languages":[{"iso_639_1":"en","name":"English"}],"status":"Released","tagline":"Insatiable Stoya in her first Double Penetration scene! Bad Girls 5 explodes with hard pounding lust as Stoya and com-pany reveal their naughty nympho obsessions. They go where good girls fear to tread, ready to take on the big boys.","title":"Jailhouse Heat 3D","video":false,"vote_average":0.0,"vote_count":0}
