{"adult":false,"backdrop_path":"/jNuToWIKfRzBTC87qZ8oBzrftgI.jpg","belongs_to_collection":null,"budget":0,"genres":[{"id":18,"name":"Drama"},{"id":10749,"name":"Romance"}],"homepage":"","id":95548,"imdb_id":"tt0058930","original_language":"en","original_title":"Baby the Rain Must Fall","overview":"Henry Thomas is out on parole in a small Texan town and, in the evenings, he is the lead singer in a band. He is being pressured by his foster mother to give up his singing and go back to school. His wife, Georgette, and young daughter unexpectedly come to town to live with him. However Henry's hot temper leads him into knife fights, and jeopardizes his parole. Written by Will Gilbert","popularity":0.001517,"poster_path":"/6ORscmSdfPsTCfOi2xwZm19JSml.jpg","production_companies":[{"name":"Columbia Pictures Corporation","id":441},{"name":"Solar Productions","id":599}],"production_countries":[{"iso_3166_1":"US","name":"United States of America"}],"release_date":"1965-01-12","revenue":0,"runtime":100,"spoken_languages":[{"iso_639_1":"en","name":"English"}],"status":"Rumored","tagline":"DON'T CALL HIM NO DAMN GOOD ...NOT IN FRONT OF HER!","title":"Baby the Rain Must Fall","video":false,"vote_average":5.3,"vote_count":2}
