{"adult":false,"backdrop_path":null,"belongs_to_collection":null,"budget":0,"genres":[{"id":27,"name":"Horror"}],"homepage":"","id":95002,"imdb_id":"tt0137706","original_language":"en","original_title":"The Girl With Hungry Eyes","overview":"The girls who played both sides of the fence!","popularity":0.000144,"poster_path":"/i6SGrPHLwGl6Th8PdMgwDda0t3L.jpg","production_companies":[],"production_countries":[],"release_date":"1966-09-19","revenue":0,"runtime":85,"spoken_languages":[{"iso_639_1":"en","name":"English"}],"status":"Released","tagline":"","title":"The Girl With Hungry Eyes","video":false,"vote_average":0.0,"vote_count":0}
