{"adult":false,"backdrop_path":null,"belongs_to_collection":null,"budget":0,"genres":[{"id":18,"name":"Drama"},{"id":80,"name":"Crime"}],"homepage":"","id":95143,"imdb_id":"tt0170260","original_language":"en","original_title":"Morgan's Ferry","overview":"Three escaped convicts hide out in the home a reclusive woman as they wait to catch a ferry.","popularity":0.000218,"poster_path":"/v537ZYppZummpQdDuzVJmOLxSRa.jpg","production_companies":[],"production_countries":[],"release_date":"1999-02-01","revenue":0,"runtime":91,"spoken_languages":[],"status":"Released","tagline":"The only way to escape his past","title":"Morgan's Ferry","video":false,"vote_average":4.5,"vote_count":2}
