{"adult":true,"backdrop_path":"/A18ZnTE5jEz5Lm75rctcKfErIkc.jpg","belongs_to_collection":null,"budget":0,"genres":[],"homepage":"http://www.girlfriendsfilms.com/index/component/virtuemart/?page=shop.product_details&category_id=30&product_id=356","id":95623,"imdb_id":"tt2304811","original_language":"en","original_title":"Me And My Girlfriend","overview":"Simply the most realistic sex in lesbian adult video!","popularity":0.001738,"poster_path":"/uSOgVyP2hdfm6GE0KLdJIHGn609.jpg","production_companies":[{"name":"Girlfriends Films","id":6978}],"production_countries":[{"iso_3166_1":"US","name":"United States of America"}],"release_date":"2012-03-02","revenue":0,"runtime":128,"spoken_languages":[{"iso_639_1":"en","name":"English"}],"status":"Released","tagline":"","title":"Me And My Girlfriend","video":false,"vote_average":0.0,"vote_count":0}
