{"adult":false,"backdrop_path":"/aKlXXC0XsNtUg04T6yggjX10WRg.jpg","belongs_to_collection":null,"budget":0,"genres":[{"id":35,"name":"Comedy"}],"homepage":"","id":95162,"imdb_id":"tt0046030","original_language":"fr","original_title":"Mam'zelle Nitouche","overview":"Celestin works as an organist at a girl's school. By day, Celestin is the meek and mild target of the girls' incessant practical jokes. By night, however, he is the celebrated composer of popular operas -- and the romantic vis-à-vis of a celebrated stage star. When schoolgirl Denise stumbles onto Celestin's secret, she threatens to tell all -- but only if Celestin refuses to escort her to the opening night of his latest opera. As a result, Denise falls in love with a handsome young soldier, while Celestin is accidentally shipped off to an army camp. A series of silly coincidences brings happiness to all concerned by fade-out time.","popularity":0.000214,"poster_path":"/zO4yHCFk1zvhlTQ4uVMtkspcRZE.jpg","production_companies":[{"name":"Paris Films Productions","id":386},{"name":"Rizzoli Films","id":1131},{"name":"Panitalia","id":7045}],"production_countries":[{"iso_3166_1":"FR","name":"France"}],"release_date":"1954-04-21","revenue":0,"runtime":90,"spoken_languages":[{"iso_639_1":"fr","name":"Français"}],"status":"Released","tagline":"","title":"Oh No, Mam'zelle","video":false,"vote_average":5.5,"vote_count":1}
