{"adult":false,"backdrop_path":"/2nzE2xwaP906s8eLUol7l87Rg5X.jpg","belongs_to_collection":null,"budget":0,"genres":[{"id":10749,"name":"Romance"}],"homepage":"","id":95164,"imdb_id":"tt0456821","original_language":"ja","original_title":"About Love","overview":"Three stories are told, respectively set in Tokyo, Taipei, and Shanghai. The first two stories are about a Japanese person and a Taiwanese person. The last one is set in Shanghai with a story about a Japanese man and a Chinese woman. Some of the characters can speak Japanese and some of them Mandarin. Each story encompasses an experience of a foreigner, either from Japan ,Taiwan or China, with a native of the opposite country.","popularity":0.00043,"poster_path":"/z5wSkFXTjArztw6K6KDLYOBbBVu.jpg","production_companies":[],"production_countries":[{"iso_3166_1":"JP","name":"Japan"},{"iso_3166_1":"TW","name":"Taiwan"},{"iso_3166_1":"CN","name":"China"}],"release_date":"2005-04-12","revenue":0,"runtime":102,"spoken_languages":[{"iso_639_1":"ja","name":"日本語"},{"iso_639_1":"zh","name":"普通话"}],"status":"Released","tagline":"","title":"About Love","video":false,"vote_average":4.5,"vote_count":2}
