{"adult":true,"backdrop_path":null,"belongs_to_collection":{"id":258218,"name":"Catwalk","poster_path":null,"backdrop_path":null},"budget":0,"genres":[],"homepage":"","id":95254,"imdb_id":"","original_language":"en","original_title":"キャットウォーク ポイズン5: マゾ美少女のごっくん生中ファック","overview":"A delicate Asian flower that loves to play with toys for the camera, suck, fuck, and even dabble in some double dicking!","popularity":0.001429,"poster_path":"/aRxG01SOUlbvvHAypc44KKrWZLD.jpg","production_companies":[],"production_countries":[],"release_date":"2011-07-15","revenue":0,"runtime":79,"spoken_languages":[{"iso_639_1":"ja","name":"日本語"}],"status":"Released","tagline":"","title":"Catwalk Poison Vol 5 (Megumi Shino)","video":false,"vote_average":0.0,"vote_count":0}
