{"adult":false,"backdrop_path":"/yOopPPTy4ULxKIyKodKtAgn7aVM.jpg","belongs_to_collection":null,"budget":0,"genres":[{"id":10402,"name":"Music"}],"homepage":"","id":95685,"imdb_id":"","original_language":"en","original_title":"Primus: Hallucino-Genetics","overview":"The first concert dvd from Primus launches their new spin-off label, Frizzle Fry, Inc. Filmed at the last US show in June, 2004 at the Aragon Ballroom in Chicago, this dvd captures the band at their live peak. The Hallucino-Genetics Tour this past summer culminated a year of hugely successful live performances for the original lineup of the band.","popularity":0.000429,"poster_path":"/3E6HvOas3zlvpI23TEkS2PSpcqA.jpg","production_companies":[],"production_countries":[],"release_date":"2004-11-16","revenue":0,"runtime":155,"spoken_languages":[],"status":"Released","tagline":"","title":"Primus: Hallucino-Genetics","video":false,"vote_average":4.0,"vote_count":2}
