{"adult":false,"backdrop_path":"/cok87FFzslnyF8ySBbZXSoqjQRQ.jpg","belongs_to_collection":null,"budget":0,"genres":[{"id":37,"name":"Western"},{"id":28,"name":"Action"},{"id":10749,"name":"Romance"}],"homepage":"","id":95838,"imdb_id":"tt0059114","original_language":"de","original_title":"Un dollaro bucato","overview":"Two brothers part company only to be reunited when one is hired to stop a thief who turns out to be his sibling.","popularity":0.00015,"poster_path":"/8aUBySaI7i4F2Um7vfNPI0aIDLD.jpg","production_companies":[],"production_countries":[{"iso_3166_1":"IT","name":"Italy"},{"iso_3166_1":"FR","name":"France"}],"release_date":"1965-08-08","revenue":0,"runtime":99,"spoken_languages":[{"iso_639_1":"it","name":"Italiano"}],"status":"Released","tagline":"","title":"Blood for a Silver Dollar","video":false,"vote_average":0.0,"vote_count":0}
