{"adult":false,"backdrop_path":"/qk1hNRYWAIJdCql0QEXkIAiERzZ.jpg","belongs_to_collection":null,"budget":0,"genres":[{"id":18,"name":"Drama"},{"id":80,"name":"Crime"},{"id":10749,"name":"Romance"}],"homepage":"","id":95549,"imdb_id":"tt0038728","original_language":"fr","original_title":"Martin Roumagnac","overview":null,"popularity":0.000145,"poster_path":"/ebAacrSj20wBhOFh8pTMDF77ko7.jpg","production_companies":[],"production_countries":[{"iso_3166_1":"FR","name":"France"}],"release_date":"1946-12-18","revenue":0,"runtime":0,"spoken_languages":[{"iso_639_1":"fr","name":"Français"}],"status":"Released","tagline":"","title":"Martin Roumagnac","video":false,"vote_average":0.0,"vote_count":0}
