{"adult":true,"backdrop_path":null,"belongs_to_collection":null,"budget":0,"genres":[],"homepage":"","id":95235,"imdb_id":"","original_language":"en","original_title":"Big Mommy Boobs 4","overview":"It's time for some big mommy boobs and boy do we have some jumbo jugs for you. This 2-disc set features some of the bustiest MILFs in the biz including Ava Lauren, Amber Lynn Bach, Devon Lee, Donna Doll, Abby Rode, and Lauren Vaughn. Their titties are jiggling.. their nipples are wiggling.. and these busty MILFs just can't wait to get laid!","popularity":0.0,"poster_path":"/zQx2qknEuE1Ffe5qnagl1ptJUYP.jpg","production_companies":[],"production_countries":[],"release_date":"","revenue":0,"runtime":0,"spoken_languages":[],"status":"","tagline":"","title":"Big Mommy Boobs 4","video":false,"vote_average":0.0,"vote_count":0}
