{"adult":false,"backdrop_path":null,"belongs_to_collection":null,"budget":0,"genres":[],"homepage":"","id":95318,"imdb_id":"","original_language":"fr","original_title":"Christophe Guybet : Pourquoi pas ce soir?","overview":null,"popularity":0.000574,"poster_path":"/tK2j0kNobGCGTupreQoKpN7Rquk.jpg","production_companies":[],"production_countries":[{"iso_3166_1":"FR","name":"France"}],"release_date":"2006-11-08","revenue":0,"runtime":0,"spoken_languages":[{"iso_639_1":"fr","name":"Français"}],"status":"Released","tagline":"","title":"Christophe Guybet : Pourquoi pas ce soir?","video":false,"vote_average":6.5,"vote_count":1}
