{"adult":false,"backdrop_path":"/3EltmpWgQdJzTOLE9PP4McJFqve.jpg","belongs_to_collection":null,"budget":0,"genres":[{"id":18,"name":"Drama"},{"id":10749,"name":"Romance"}],"homepage":"","id":95134,"imdb_id":"tt0012952","original_language":"en","original_title":"Blood and Sand","overview":"Juan is the son of a poor widow in Seville. Against his mother's wishes he pursues a career as toreador. He rapidly gains national prominence, and takes his childhood sweetheart Carmen as his bride. He meets the Marquis' daughter Dona Sol, and finds himself in the awkward position of being in love with two women, which threatens the stability of his family and his position in society. He finds interesting parallels in the life of the infamous bandit Plumitas when they eventually meet by chance.","popularity":0.000143,"poster_path":"/op0LsbucryeyRXE848l5QPA0miA.jpg","production_companies":[{"name":"Paramount Pictures","id":4},{"name":"Famous Players-Lasky Corporation","id":29729}],"production_countries":[{"iso_3166_1":"US","name":"United States of America"}],"release_date":"1922-08-05","revenue":0,"runtime":80,"spoken_languages":[{"iso_639_1":"de","name":"Deutsch"}],"status":"Released","tagline":"","title":"Blood and Sand","video":false,"vote_average":0.0,"vote_count":0}
