{"adult":false,"backdrop_path":null,"belongs_to_collection":null,"budget":0,"genres":[],"homepage":"","id":95243,"imdb_id":"tt0075386","original_language":"en","original_title":"Vertical Features Remake","overview":"Vertical Features Remake is a film by Peter Greenaway. It portrays the work of a fictional Institute of Reclamation and Restoration as they attempt to assemble raw footage taken by ornithologist Tulse Luper into a short film, in accordance with his notes and structuralist film theory. The footage consists mostly of vertical landscape features, such as trees and posts, shot in the English landscape. It contains four restoration attempts, each with a documentary-like introduction:","popularity":1.7e-05,"poster_path":"/3MVWQOX562qWugDAi43234i8nYt.jpg","production_companies":[],"production_countries":[],"release_date":"1979-04-21","revenue":0,"runtime":45,"spoken_languages":[{"iso_639_1":"en","name":"English"}],"status":"Released","tagline":"","title":"Vertical Features Remake","video":false,"vote_average":10.0,"vote_count":1}
