{"adult":false,"backdrop_path":null,"belongs_to_collection":null,"budget":0,"genres":[{"id":18,"name":"Drama"},{"id":28,"name":"Action"},{"id":10769,"name":"Foreign"}],"homepage":"","id":95012,"imdb_id":"tt0044753","original_language":"en","original_title":"The Iron Mistress","overview":"Barely historical presentation of the life of Jim Bowie. Here he goes to New Orleans to sell lumber but falls in love with Judalon. To match his rivals he must become sophisticated and does so. By the time he sells the mill, starts a plantation and tries to wed Jedualon the woman has wed playboy Phillipe. Along the way to true wisdom he designs a special knife made from part of a meteorite.","popularity":0.000189,"poster_path":"/pXndUtPJoIttBxOaTtMwPpR5GBo.jpg","production_companies":[{"name":"Warner Bros.","id":6194}],"production_countries":[{"iso_3166_1":"US","name":"United States of America"}],"release_date":"1952-11-19","revenue":0,"runtime":110,"spoken_languages":[{"iso_639_1":"en","name":"English"}],"status":"Released","tagline":"JIM BOWIE...a man with his name on a knife - and a woman with a weapon all her own!","title":"The Iron Mistress","video":false,"vote_average":0.0,"vote_count":0}
