{"adult":false,"backdrop_path":"/1sQXh0LVJb5UI2a6Gj9zKwp3Z1r.jpg","belongs_to_collection":null,"budget":0,"genres":[{"id":10749,"name":"Romance"},{"id":10751,"name":"Family"}],"homepage":"","id":96019,"imdb_id":"tt0058641","original_language":"en","original_title":"Tengo 17 años","overview":"A young girl decide to escape from home because her stepmother doesn´t like her. She finds a modest family that welcomes her as a family member. She learns how to live in lowliness and fall in love with David.","popularity":0.000144,"poster_path":"/x1LGcVSIupwNoiMWKk7oJpL0zL0.jpg","production_companies":[],"production_countries":[],"release_date":"1964-01-01","revenue":0,"runtime":111,"spoken_languages":[],"status":"Released","tagline":"","title":"Tengo 17 años","video":false,"vote_average":0.0,"vote_count":0}
