{"adult":false,"backdrop_path":"/dwrZkTlz7GQVGeIkm2uhwBBUtsc.jpg","belongs_to_collection":null,"budget":0,"genres":[{"id":18,"name":"Drama"},{"id":878,"name":"Science Fiction"}],"homepage":"","id":95190,"imdb_id":"tt0313116","original_language":"en","original_title":"Phenomenon II","overview":"George Malley lives in a small town and is well-liked. One day he sees a strange flash of light in the sky and his life is radically changed. George has mysteriously become highly intelligent.","popularity":0.000304,"poster_path":"/iOtOBs68WyG4SYeg0lKwiiCtTIi.jpg","production_companies":[{"name":"ABC Productions","id":3668}],"production_countries":[{"iso_3166_1":"US","name":"United States of America"}],"release_date":"2003-11-01","revenue":0,"runtime":120,"spoken_languages":[{"iso_639_1":"en","name":"English"}],"status":"Released","tagline":"","title":"Phenomenon II","video":false,"vote_average":5.8,"vote_count":3}
