{"adult":false,"backdrop_path":"/3HYKjlq2hLcfqYcjHH4rc8bpLSn.jpg","belongs_to_collection":{"id":45355,"name":"Kevin Smith: Silent Bob Speaks!","poster_path":"/ucUCJgbhOAwXkncRR9bQAf3w2DL.jpg","backdrop_path":"/6MPnOaO8zGbOcMwkF0zFbDn3FVr.jpg"},"budget":0,"genres":[{"id":35,"name":"Comedy"}],"homepage":"http://www.epixhd.com/kevin-smith-burn-in-hell/","id":95511,"imdb_id":"tt2072141","original_language":"en","original_title":"Kevin Smith: Burn in Hell","overview":"In this hour and a half special, writer/director/comedian/podcaster Kevin Smith conducts a riotous and outrageous Q&A session about the aftermath of his latest film, Red State. Topics include such misadventures as his pissing off the entire movie blogger community at the Sundance Film Festival and being followed around the country by the highly devout, and highly angered, Phelps Family.","popularity":0.001738,"poster_path":"/5HkrsjvlpXPVDWxPqHSCZqUeblp.jpg","production_companies":[],"production_countries":[],"release_date":"2012-02-11","revenue":0,"runtime":89,"spoken_languages":[],"status":"Released","tagline":"","title":"Kevin Smith: Burn in Hell","video":false,"vote_average":5.0,"vote_count":2}
