{"adult":false,"backdrop_path":null,"belongs_to_collection":null,"budget":0,"genres":[{"id":10402,"name":"Music"}],"homepage":null,"id":95271,"imdb_id":"","original_language":"it","original_title":"Dir En Grey: 1999.12.18 Osakajo Hall","overview":null,"popularity":0.000143,"poster_path":"/jPwE6hkwkq7se3vtiLB4dUz9hDA.jpg","production_companies":[],"production_countries":[],"release_date":"2000-03-17","revenue":0,"runtime":0,"spoken_languages":[],"status":"Released","tagline":null,"title":"Dir En Grey: 1999.12.18 Osakajo Hall","video":false,"vote_average":3.8,"vote_count":2}
