{"adult":false,"backdrop_path":null,"belongs_to_collection":null,"budget":0,"genres":[],"homepage":"","id":95762,"imdb_id":"tt0160994","original_language":"en","original_title":"Tonari no Yae-chan","overview":"Keitaro (Obinata Den) is a law student and Yaeko (Aizome Yumeko) is a high school girl. They are neighbors, and their friendship is starting to develop into something more romantic. Then, Yaeko's sister Kyouko (Okada Yoshiko) has a breakup with her husband and returns home. Kyouko is clearly interested in Keitaro and Yae becomes anxious.","popularity":0.000143,"poster_path":"/5Szg37eZoLXMgx4Awlu0rlrBkw5.jpg","production_companies":[{"name":"Shôchiku Eiga","id":5070}],"production_countries":[{"iso_3166_1":"JP","name":"Japan"}],"release_date":"1934-06-28","revenue":0,"runtime":76,"spoken_languages":[{"iso_639_1":"ja","name":"日本語"}],"status":"Released","tagline":"","title":"Our Neighbor, Miss Yae","video":false,"vote_average":0.0,"vote_count":0}
