{"adult":false,"backdrop_path":null,"belongs_to_collection":null,"budget":0,"genres":[{"id":18,"name":"Drama"}],"homepage":"","id":95767,"imdb_id":"tt0058935","original_language":"en","original_title":"Ballad in Blue","overview":"","popularity":0.000152,"poster_path":"/5WZ9NJvrcojMvns0FmxM83NPgEX.jpg","production_companies":[],"production_countries":[{"iso_3166_1":"US","name":"United States of America"}],"release_date":"1966-09-07","revenue":0,"runtime":89,"spoken_languages":[{"iso_639_1":"en","name":"English"}],"status":"Released","tagline":"","title":"Ballad in Blue","video":false,"vote_average":0.0,"vote_count":0}
