{"adult":false,"backdrop_path":null,"belongs_to_collection":null,"budget":0,"genres":[],"homepage":"","id":95435,"imdb_id":"tt1842468","original_language":"en","original_title":"Sexy Wives Sindrome","overview":"A doctor at a clinic where erotic role-playing is used to save troubled marriages gets turned on by his patients' sizzling fantasies.","popularity":0.0134,"poster_path":"/5aiMIDmzpyyDllqJDqRvZiZ6y2n.jpg","production_companies":[],"production_countries":[],"release_date":"2011-02-05","revenue":0,"runtime":78,"spoken_languages":[],"status":"Released","tagline":"","title":"Sexy Wives Sindrome","video":false,"vote_average":0.0,"vote_count":0}
