{"adult":false,"backdrop_path":null,"belongs_to_collection":null,"budget":0,"genres":[{"id":18,"name":"Drama"},{"id":28,"name":"Action"},{"id":12,"name":"Adventure"}],"homepage":"","id":95562,"imdb_id":"tt0061916","original_language":"en","original_title":"The Long Duel","overview":"To protest against British oppression and tyranny a tribal leader becomes a bandit.","popularity":0.000146,"poster_path":"/rn8qwMapCjeBFyzPnmvnZTRyU4x.jpg","production_companies":[],"production_countries":[{"iso_3166_1":"GB","name":"United Kingdom"}],"release_date":"1967-10-12","revenue":0,"runtime":115,"spoken_languages":[{"iso_639_1":"hi","name":"हिन्दी"},{"iso_639_1":"en","name":"English"}],"status":"Released","tagline":"","title":"The Long Duel","video":false,"vote_average":4.5,"vote_count":2}
