{"adult":false,"backdrop_path":"/nZxTCxDp6FHHvBt2fdjzGLkoOcm.jpg","belongs_to_collection":null,"budget":0,"genres":[{"id":99,"name":"Documentary"}],"homepage":"http://www.brooklyncastle.com/","id":95808,"imdb_id":"tt1800266","original_language":"en","original_title":"Brooklyn Castle","overview":"Brooklyn Castle is a documentary about I.S. 318 – an inner-city school where more than 65 percent of students are from homes with incomes below the federal poverty level – that also happens to have the best, most winning junior high school chess team in the country. (If Albert Einstein, who was rated 1800, were to join the team, he’d only rank fifth best.) Chess has transformed the school from one cited in 2003 as a “school in need of improvement” to one of New York City’s best. But a series of recession-driven public school budget cuts now threaten to undermine those hard-won successes.","popularity":0.015051,"poster_path":"/oVAgwODMnrAVEUDAYKs7Uz4F5fb.jpg","production_companies":[],"production_countries":[],"release_date":"2012-10-19","revenue":0,"runtime":101,"spoken_languages":[],"status":"Released","tagline":"","title":"Brooklyn Castle","video":false,"vote_average":7.3,"vote_count":4}
