{"adult":false,"backdrop_path":null,"belongs_to_collection":null,"budget":0,"genres":[],"homepage":"","id":95852,"imdb_id":"tt0062448","original_language":"en","original_title":"The Violent Ones","overview":"When a girl in a town that's populated by Hispanics is attacked, the only thing she says before falling into a coma is that her attacker is an outsider, a Caucasian. So the sheriff arrests the only outsiders there are. All he can do is hope that one of them will admit to being the attacker or that the girl can wake up long enough to identify him. But at the same time her father is preparing a lynch mob.","popularity":0.000152,"poster_path":"/ptVAPP8r6jdUvFKuiHo5D1AajHo.jpg","production_companies":[],"production_countries":[],"release_date":"1967-10-01","revenue":0,"runtime":0,"spoken_languages":[{"iso_639_1":"en","name":"English"}],"status":"Released","tagline":"","title":"The Violent Ones","video":false,"vote_average":0.0,"vote_count":0}
