{"adult":false,"backdrop_path":null,"belongs_to_collection":null,"budget":0,"genres":[{"id":18,"name":"Drama"},{"id":10769,"name":"Foreign"}],"homepage":"","id":95538,"imdb_id":"tt1424361","original_language":"en","original_title":"Morrer Como Um Homem","overview":"A transvestite tries to erase any past history of herself as a male. Struggling with a young male lover and a problematic son.","popularity":0.000886,"poster_path":"/j4Brn5bAYYT1MINwR3AkVO2nZIA.jpg","production_companies":[{"name":"Rosa Filmes","id":16421}],"production_countries":[],"release_date":"2009-05-22","revenue":0,"runtime":133,"spoken_languages":[{"iso_639_1":"en","name":"English"},{"iso_639_1":"pt","name":"Português"},{"iso_639_1":"de","name":"Deutsch"}],"status":"Released","tagline":"","title":"To Die Like a Man","video":false,"vote_average":4.0,"vote_count":1}
