{"adult":false,"backdrop_path":"/p6HYFR4ByJGKLAFcULPFSprN60Q.jpg","belongs_to_collection":null,"budget":0,"genres":[{"id":10402,"name":"Music"}],"homepage":"","id":95601,"imdb_id":"","original_language":"en","original_title":"PJ Harvey - Live Eurockeennes 2004","overview":"PJ Harvey - Live Eurockeennes 2004","popularity":0.0,"poster_path":"/lkM3J3yGGMStufJjNozbExh5Cxt.jpg","production_companies":[],"production_countries":[],"release_date":"","revenue":0,"runtime":69,"spoken_languages":[],"status":"Released","tagline":"","title":"PJ Harvey - Live Eurockeennes 2004","video":false,"vote_average":0.0,"vote_count":0}
