{"adult":false,"backdrop_path":null,"belongs_to_collection":null,"budget":0,"genres":[{"id":35,"name":"Comedy"}],"homepage":"","id":95332,"imdb_id":"tt1199561","original_language":"en","original_title":"2 Million Stupid Women","overview":"A handful of insults and fighting best friends, not quite the Birthday presents every girl hopes for. Melissa s not every girl. She is determined to collect insults from all of her past boyfriends before her birthday night is over. But her journey to rid herself of her bad hook-up karma leads to some pretty strange situations, and by the nights end she might just learn a thing or two about relationships. Will things start looking up for the insulted party girl, or will she be stuck with bad karma for another year?","popularity":0.000861,"poster_path":"/dDNMjMLnomhfhrwlyYd4H96IO3T.jpg","production_companies":[],"production_countries":[],"release_date":"2009-02-27","revenue":0,"runtime":102,"spoken_languages":[],"status":"Released","tagline":"","title":"2 Million Stupid Women","video":false,"vote_average":0.0,"vote_count":0}
