{"adult":false,"backdrop_path":"/lWcI30CBJfotI5wcrWEU2MYIGCc.jpg","belongs_to_collection":null,"budget":0,"genres":[],"homepage":"","id":95469,"imdb_id":"tt0844344","original_language":"fr","original_title":"My Baby Is Missing","overview":"Jenna Davis, a single working mother, wakes up at home to discover she's delivered a stillborn baby girl. Is the child a victim of a cunning prenatal nurse who no one remembers seeing or is she the victim of her mother's own fractured psyche?","popularity":0.001344,"poster_path":"/bFAbApS1xdTr3940gwkJRI1Eltw.jpg","production_companies":[],"production_countries":[],"release_date":"2007-03-04","revenue":0,"runtime":90,"spoken_languages":[{"iso_639_1":"en","name":"English"}],"status":"Released","tagline":"","title":"My Baby Is Missing","video":false,"vote_average":4.5,"vote_count":1}
