{"adult":false,"backdrop_path":null,"belongs_to_collection":null,"budget":0,"genres":[{"id":35,"name":"Comedy"}],"homepage":"","id":95526,"imdb_id":"tt0270059","original_language":"en","original_title":"Waiting","overview":"Young Sean McNutt (Will Keenan) -- a slacker waiter who works at a Mafia-run Italian eatery with carping customers and thieving busboys -- is shaken out of his rut when his pretty girlfriend (Hannah Dalton) dumps him for a slimy yuppie. But Sean's plan to get his life back on track hits more than a few snags in this zany indie comedy featuring cameos by porn legend Ron Jeremy and Troma Studios schlockmeister Lloyd Kaufman.","popularity":0.000305,"poster_path":"/7JOF1rU3RaIEUv0fucAk92MpABB.jpg","production_companies":[],"production_countries":[],"release_date":"2001-07-13","revenue":0,"runtime":80,"spoken_languages":[],"status":"Released","tagline":"","title":"Waiting","video":false,"vote_average":5.7,"vote_count":3}
