{"adult":false,"backdrop_path":null,"belongs_to_collection":null,"budget":0,"genres":[{"id":28,"name":"Action"},{"id":35,"name":"Comedy"}],"homepage":"","id":95094,"imdb_id":"tt0076475","original_language":"en","original_title":"No. 1 of the Secret Service","overview":"No. 1 is fearless, irrestible, and licensed to kill. No. 1 is assigned to capture a madman killing international financiers. Before getting the bad guy, No. 1 encounters mercenaries from the evil organization K.R.A.S.H. (Killing, Rape, Arson, Slaughter, and Hit).","popularity":0.004275,"poster_path":"/6MKKk0QaTLBMfkXoMkD42XW4iUD.jpg","production_companies":[{"name":"Lindsay Shonteff Film Productions Limited","id":28671}],"production_countries":[{"iso_3166_1":"GB","name":"United Kingdom"}],"release_date":"1970-10-31","revenue":0,"runtime":91,"spoken_languages":[{"iso_639_1":"en","name":"English"}],"status":"Released","tagline":"...the ultimate weapon.","title":"No. 1 of the Secret Service","video":false,"vote_average":0.0,"vote_count":0}
