{"adult":false,"backdrop_path":"/lHheZbAbE7pdZ5CqQ2kcQ62BUdE.jpg","belongs_to_collection":null,"budget":0,"genres":[{"id":18,"name":"Drama"}],"homepage":"","id":95448,"imdb_id":"tt1781843","original_language":"fr","original_title":"L'Exercice de l'etat","overview":"Transport Minister Bertrand Saint-Jean is awoken in the middle of the night by his head of staff. A bus has gone off the road into a gully. He has no choice but to go to the scene of the accident. Thus begins the odyssey of a politician in a world that is increasingly more complex and hostile. Speed, power struggles, chaos, economic crisis... Everything follows in quick succession and clashes. Emergencies follow on each other's heels. What sacrifices are men prepared to make? Just how long will they hold up in a state that devours those that work for it?","popularity":0.371776,"poster_path":"/eJs69hnh5EPhxljyxQ0E1H7FCAl.jpg","production_companies":[{"name":"Archipel 35","id":2695}],"production_countries":[{"iso_3166_1":"FR","name":"France"}],"release_date":"2011-10-26","revenue":0,"runtime":115,"spoken_languages":[{"iso_639_1":"de","name":"Deutsch"},{"iso_639_1":"fr","name":"Français"}],"status":"Released","tagline":"","title":"The Minister","video":false,"vote_average":5.5,"vote_count":16}
