{"adult":false,"backdrop_path":"/43YunrbSZrGD4yCHaD8uZVuHWbN.jpg","belongs_to_collection":null,"budget":0,"genres":[{"id":12,"name":"Adventure"},{"id":18,"name":"Drama"},{"id":28,"name":"Action"},{"id":10751,"name":"Family"}],"homepage":"http://www.frontierboys.com","id":95524,"imdb_id":"tt1613056","original_language":"en","original_title":"The Frontier Boys","overview":"The story of four high school boys whose undefeated basketball season and friendship are threatened after a drive-by shooting leaves one of them in a coma and one of them with a secret. Brent Fencett, Jed Bracken, and T.J. Lewis are star players on the Charlevoix High School Basketball team; Jackson Carlson is their most obnoxious fan. They are unbeaten on the court and inseparable off it - until Brent gets caught up in his older brother's mixed up life. The consequences of Brent's choice leave T.J. in the hospital, and Brent's soul in turmoil. Written by Frontier Boys","popularity":0.001954,"poster_path":"/tv1QabPm8EJL9t4JzggOWmj4HMZ.jpg","production_companies":[{"name":"Frontier Boys","id":37472},{"name":"Grooters Productions","id":37473}],"production_countries":[{"iso_3166_1":"US","name":"United States of America"}],"release_date":"2011-02-18","revenue":0,"runtime":113,"spoken_languages":[{"iso_639_1":"en","name":"English"}],"status":"Released","tagline":"","title":"The Frontier Boys","video":false,"vote_average":5.0,"vote_count":1}
