{"adult":false,"backdrop_path":null,"belongs_to_collection":null,"budget":0,"genres":[{"id":18,"name":"Drama"},{"id":35,"name":"Comedy"},{"id":80,"name":"Crime"},{"id":10769,"name":"Foreign"}],"homepage":"","id":95459,"imdb_id":"tt0040309","original_language":"en","original_title":"Easy Money","overview":"A win on the football pools in postwar Britain changes lives. A happy family is turned into an unhappy argumentative lot until it is discovered the coupon apparently didn't get posted. A mild-mannered clerk worries about how to tell his overbearing boss he is quitting. A double-bass player finds life without the orchestra lacks something. The lure of the big money even turns some people into criminals, as when a coupon checker is tempted by his night-club singer girlfriend to cheat the company. Written by Jeremy Perkins","popularity":0.000143,"poster_path":"/afbU7RMGkTHrANp5l7M0T1KgMx0.jpg","production_companies":[],"production_countries":[],"release_date":"1948-01-20","revenue":0,"runtime":0,"spoken_languages":[],"status":"Released","tagline":"","title":"Easy Money","video":false,"vote_average":0.0,"vote_count":0}
