{"adult":false,"backdrop_path":null,"belongs_to_collection":null,"budget":0,"genres":[],"homepage":"","id":95104,"imdb_id":"tt0063192","original_language":"en","original_title":"Kommando Sinai","overview":"At the start of the 1967 Six-Day War (June 5-10) between Israel and the surrounding Arab nations, a team of eight Israeli commandos, with their female boat captain in tow, are sent on a suicide mission deep into the Sinai to destroy an important Arab radar station at Sharm El Sheikh to pave way for the main invading Israeli forces.","popularity":0.000144,"poster_path":"/cKMjSUYE4Dx7cWo8YkeK5GIjm78.jpg","production_companies":[],"production_countries":[],"release_date":"1968-11-24","revenue":0,"runtime":97,"spoken_languages":[],"status":"Released","tagline":"","title":"Sinai Commados","video":false,"vote_average":0.0,"vote_count":0}
