{"adult":false,"backdrop_path":"/o8f0Asdksj8nSGdqiOVeLhJEQsH.jpg","belongs_to_collection":null,"budget":0,"genres":[{"id":35,"name":"Comedy"},{"id":80,"name":"Crime"}],"homepage":"","id":95755,"imdb_id":"tt1272886","original_language":"en","original_title":"Small Apartments","overview":"When a clumsy deadbeat accidentally kills his landlord, he must do everything in his power to hide the body, only to find that the distractions of lust, the death of his beloved brother, and a crew of misfit characters force him on a journey where a fortune awaits him.","popularity":0.336796,"poster_path":"/zPXoMYSOcRKVHSkAMhf1Ztx6WAh.jpg","production_companies":[],"production_countries":[{"iso_3166_1":"US","name":"United States of America"}],"release_date":"2012-03-10","revenue":0,"runtime":94,"spoken_languages":[{"iso_639_1":"de","name":"Deutsch"},{"iso_639_1":"ru","name":"Pусский"},{"iso_639_1":"en","name":"English"}],"status":"Released","tagline":"A man is surrounded by strange events and odd neighbors in this adaptation of Chris Millis' novel.","title":"Small Apartments","video":false,"vote_average":5.1,"vote_count":15}
