{"adult":false,"backdrop_path":"/7rMDbqmaYx0AcmH0EBTbgpGVaUs.jpg","belongs_to_collection":null,"budget":0,"genres":[],"homepage":"","id":95509,"imdb_id":"","original_language":"en","original_title":"Carmela Gros Vagner Rreunion At The Zappa","overview":"Carmela Gros Vagner Rreunion At The Zappa","popularity":0.001714,"poster_path":"/ej1Tv5vIWEXFat3J2KhfzsKONir.jpg","production_companies":[],"production_countries":[],"release_date":"2012-02-23","revenue":0,"runtime":0,"spoken_languages":[],"status":"Released","tagline":"","title":"Carmela Gros Vagner Rreunion At The Zappa","video":false,"vote_average":0.0,"vote_count":0}
