{"adult":false,"backdrop_path":null,"belongs_to_collection":null,"budget":0,"genres":[{"id":35,"name":"Comedy"}],"homepage":"","id":95442,"imdb_id":"tt0071606","original_language":"nl","original_title":"Help! De dokter verzuipt","overview":"Comedy about a small town doctor.","popularity":0.0,"poster_path":"/7ZbdIq3StuLw8dT8H1ksb6vlMxr.jpg","production_companies":[],"production_countries":[{"iso_3166_1":"NL","name":"Netherlands"}],"release_date":"1974-02-28","revenue":0,"runtime":94,"spoken_languages":[{"iso_639_1":"nl","name":"Nederlands"}],"status":"Released","tagline":"","title":"Help! The Doctor Is Drowning","video":false,"vote_average":0.0,"vote_count":0}
