{"adult":false,"backdrop_path":"/35Ca8f79B03yKToDnF3zw8dynrD.jpg","belongs_to_collection":null,"budget":4300,"genres":[{"id":878,"name":"Science Fiction"},{"id":35,"name":"Comedy"},{"id":10749,"name":"Romance"}],"homepage":"http://blog.naver.com/50punk","id":95916,"imdb_id":"tt1855232","original_language":"ko","original_title":"Eillieon bikini","overview":"Young-Gun is a virgin who always tries to do the right thing. He wanders around the city every night as protector of the people. Nobody asked Young-Gun to do this and he doesn't get paid, but he risks his life for the common good and also picks up trash along the way. One evening, he hears a woman screaming. After fighting with mysterious men, Young-Gun saves her and takes her back to his house. Young-Gun has a crush on her, but she is an alien who has been sent to Earth to increase her species. Before dawn, she has to find the best sperm and become fertilized with the sperm. Young-Gun has taken a vow of chastity until marriage, so he can't give the alien what she wants. Throughout the long night the beautiful alien tries to get his sperm... Can the thirty something virgin Young-Gun overcome tempation from the alien? Can Young-Gun save Planet Earth?","popularity":0.014796,"poster_path":"/cyiWsQncU9aGJqQwsWdPR1VNznn.jpg","production_companies":[],"production_countries":[{"iso_3166_1":"KR","name":"South Korea"}],"release_date":"2011-08-25","revenue":0,"runtime":75,"spoken_languages":[{"iso_639_1":"ko","name":"한국어/조선말"}],"status":"Released","tagline":"","title":"Invasion of Alien Bikini","video":false,"vote_average":3.5,"vote_count":3}
