{"adult":false,"backdrop_path":null,"belongs_to_collection":null,"budget":0,"genres":[{"id":27,"name":"Horror"}],"homepage":"","id":95551,"imdb_id":"tt0068504","original_language":"en","original_title":"The Mansion of Madness","overview":"The inmates of an insane asylum take over the institution, imprison the doctors and staff, and then put into play their own ideas of how the place should be run.","popularity":0.00029,"poster_path":"/mpNZ6wrICo9dnfqG7Kd0PyShDZn.jpg","production_companies":[{"name":"Producciones Prisma","id":31343}],"production_countries":[{"iso_3166_1":"MX","name":"Mexico"}],"release_date":"1973-08-10","revenue":0,"runtime":99,"spoken_languages":[{"iso_639_1":"es","name":"Español"},{"iso_639_1":"en","name":"English"}],"status":"Released","tagline":"The Newest Edgar Allan Poe Horror Thriller!","title":"The Mansion of Madness","video":false,"vote_average":0.0,"vote_count":0}
