{"adult":false,"backdrop_path":null,"belongs_to_collection":null,"budget":0,"genres":[{"id":99,"name":"Documentary"}],"homepage":"","id":95741,"imdb_id":"tt0298917","original_language":"en","original_title":"How's Your News?","overview":"A Documentary chronicling the travels of a team of reporters and crew across America in a hand painted RV. Each of the reporters have a disability ranging from Down's Syndrome to spastic cerebal palsy and their own style for gathering news. The basic approach is \"man on the street\" reporting and the interactions are sometimes hysterical, sometimes confusing but always honest.","popularity":0.000287,"poster_path":"/ceJXAHZBegBxxpC5rUXzVjyJqIF.jpg","production_companies":[],"production_countries":[],"release_date":"2002-01-01","revenue":0,"runtime":0,"spoken_languages":[],"status":"Released","tagline":"","title":"How's Your News?","video":false,"vote_average":0.0,"vote_count":0}
