{"adult":false,"backdrop_path":null,"belongs_to_collection":null,"budget":0,"genres":[{"id":18,"name":"Drama"},{"id":10769,"name":"Foreign"}],"homepage":"","id":96010,"imdb_id":"tt0799991","original_language":"en","original_title":"Cum mi-am petrecut sfarsitul lumii","overview":"Bucharest 1989 - the last year of Ceausecu's dictatorship. Eva lives with her parents and her 7 year old brother, Lalalilu. One day at school, Eva and her boyfriend accidentally break a bust of Ceausescu. They are forced to confess their crime before a disciplinary committee and Eva is expelled from school and transferred to a reformatory establishment. There she meets Andrei, and decides to escape Romania with him. Lalalilu becomes convinced that Ceausescu is the main reason for Eva's decision to leave. So with his friends from school he devises a plan to kill the dictator.","popularity":0.144923,"poster_path":"/gHdA0x95bTIKV7irGT1ABj15D8h.jpg","production_companies":[],"production_countries":[{"iso_3166_1":"RO","name":"Romania"}],"release_date":"2006-09-15","revenue":0,"runtime":106,"spoken_languages":[{"iso_639_1":"ro","name":"Română"}],"status":"Released","tagline":"","title":"The Way I Spent the End of the World","video":false,"vote_average":3.8,"vote_count":2}
