{"adult":false,"backdrop_path":null,"belongs_to_collection":null,"budget":0,"genres":[{"id":35,"name":"Comedy"},{"id":10751,"name":"Family"}],"homepage":"","id":95492,"imdb_id":"tt0044194","original_language":"da","original_title":"Vores fjerde far","overview":"Filmen er en fortsættelse af Hold fingrene fra mor.\r Dansk folkekomedie fra 1951. Berthe Quistgaard og Helge Kjærulff-Schmidt har hovedrollerne i dette dejlige kærlighedsspil. Lulu Vänner\r står for at skulle gifte sig for fjerde gang. Hun er mor til fire med tre forskellige mænd, men måske er fjerde gang lykkens gang. Selvom\r børnene godt kan lide Lulus tilkommende, John Carstensen, er de ikke vilde med tanken om giftermål.","popularity":0.000152,"poster_path":"/keOY99yvyRn3MmVHS4LfY7QnQgk.jpg","production_companies":[{"name":"Palladium","id":7575}],"production_countries":[{"iso_3166_1":"DK","name":"Denmark"}],"release_date":"1951-09-13","revenue":0,"runtime":91,"spoken_languages":[{"iso_639_1":"da","name":"Dansk"}],"status":"Released","tagline":"Dansk folkekomedie fra 1951. Berthe Quistgaard og Helge Kjærulff-Schmidt har hovedrollerne i dette dejlige kærlighedsspil.","title":"Vores fjerde far","video":false,"vote_average":0.0,"vote_count":0}
