{"adult":false,"backdrop_path":null,"belongs_to_collection":null,"budget":0,"genres":[],"homepage":"","id":95554,"imdb_id":"tt0023848","original_language":"en","original_title":"Broadway to Hollywood","overview":"No Overview","popularity":0.000143,"poster_path":null,"production_companies":[],"production_countries":[],"release_date":"1933-09-15","revenue":0,"runtime":0,"spoken_languages":[],"status":"Released","tagline":"","title":"Broadway to Hollywood","video":false,"vote_average":0.0,"vote_count":0}
