{"adult":false,"backdrop_path":null,"belongs_to_collection":null,"budget":0,"genres":[{"id":18,"name":"Drama"},{"id":28,"name":"Action"}],"homepage":"","id":95557,"imdb_id":"tt0054103","original_language":"en","original_title":"The Music Box Kid","overview":"A young gangster in 1920's New York quickly rises through the ranks of the mob, then sets up his own murder-for-hire organization. When he starts kidnapping other mobsters for ransom, the New York gangs band together for revenge.","popularity":0.000152,"poster_path":"/y2NnA9sTaFC9KDXQOpvaaLVMoCw.jpg","production_companies":[{"name":"Robert E. Kent Productions","id":11735}],"production_countries":[{"iso_3166_1":"US","name":"United States of America"}],"release_date":"1960-06-01","revenue":0,"runtime":75,"spoken_languages":[{"iso_639_1":"en","name":"English"}],"status":"Released","tagline":"","title":"The Music Box Kid","video":false,"vote_average":0.0,"vote_count":0}
