{"adult":false,"backdrop_path":"/ueGAc78c2S2vA9EWBdtV16XDXVd.jpg","belongs_to_collection":null,"budget":0,"genres":[{"id":35,"name":"Comedy"}],"homepage":"","id":95504,"imdb_id":"tt0040342","original_language":"en","original_title":"Family Honeymoon","overview":"Grant Jordan, bachelor botany professor, marries Katie, a widow with three kids, despite the machinations of Grant's former girlfriend Minna. But on the wedding day, Aunt Jo, who was to babysit, breaks a leg; so the kids come along on the honeymoon.","popularity":0.000165,"poster_path":"/nUhPC6pOssrBSR7sqQMLHUNj18T.jpg","production_companies":[{"name":"Universal Pictures","id":33}],"production_countries":[{"iso_3166_1":"US","name":"United States of America"}],"release_date":"1948-12-06","revenue":0,"runtime":90,"spoken_languages":[{"iso_639_1":"en","name":"English"}],"status":"Released","tagline":"","title":"Family Honeymoon","video":false,"vote_average":6.0,"vote_count":1}
