{"adult":false,"backdrop_path":null,"belongs_to_collection":null,"budget":0,"genres":[],"homepage":null,"id":95183,"imdb_id":"tt0139865","original_language":"fr","original_title":"L'assassin est dans l'annuaire","overview":null,"popularity":0.000143,"poster_path":"/qoQpTP6xVMG9STJ9lKMeBUdytLy.jpg","production_companies":[],"production_countries":[],"release_date":"1962-03-02","revenue":0,"runtime":null,"spoken_languages":[],"status":"Released","tagline":null,"title":"L'assassin est dans l'annuaire","video":false,"vote_average":0.0,"vote_count":0}
