{"adult":false,"backdrop_path":null,"belongs_to_collection":null,"budget":0,"genres":[],"homepage":"","id":96025,"imdb_id":"tt0069921","original_language":"en","original_title":"Las correrías del Vizconde Arnau","overview":"The actual Viscount Arnau wants to acquire the power and fame that had their ancestors. For this reason decided to hav many children, preferably males, to revive the Empire.","popularity":0.000405,"poster_path":"/fQs1UAv4d63MOxrvyRLwdNnAOv8.jpg","production_companies":[],"production_countries":[],"release_date":"1974-08-26","revenue":0,"runtime":100,"spoken_languages":[{"iso_639_1":"es","name":"Español"}],"status":"Released","tagline":"","title":"Las correrías del Vizconde Arnau","video":false,"vote_average":0.0,"vote_count":0}
