{"adult":false,"backdrop_path":"/bupgILBwnBRQxTOQ3PqNbyGsVgI.jpg","belongs_to_collection":null,"budget":0,"genres":[{"id":28,"name":"Action"},{"id":14,"name":"Fantasy"},{"id":10769,"name":"Foreign"}],"homepage":"","id":95990,"imdb_id":"tt0080621","original_language":"en","original_title":"Di san lei da dou","overview":"Actors David Chaing and Alexander Fu Sheng join director Chang Cheh and the rest of the Five Deadly Venoms crew for a supernatural martial arts epic that takes the action to another plane of reality entirely. When a fallen angel descends to the Earth on a mission to storm the underworld, a love shared between angels and humans offers telling testament to the power of a lucky ghost. In the battle that follows, both the living and the dead will discover that a war waged in hell could have consequences that resound forever","popularity":0.0,"poster_path":"/ltxsqG5OqDUzTmIxU1Jvb3fgZkm.jpg","production_companies":[{"name":"Shaw Brothers","id":5798}],"production_countries":[{"iso_3166_1":"HK","name":"Hong Kong"}],"release_date":"1980-01-18","revenue":0,"runtime":98,"spoken_languages":[],"status":"Released","tagline":"","title":"Heaven and Hell","video":false,"vote_average":5.5,"vote_count":1}
