{"adult":false,"backdrop_path":null,"belongs_to_collection":null,"budget":0,"genres":[],"homepage":"","id":95099,"imdb_id":"tt0481598","original_language":"en","original_title":"Pathogen","overview":"An infection which appears to be caused by a bacteria in the water turns out to be more. A fourteen-year-old student, Dannie, feels the real cause is linked to her recurring dreams. When the infection reaches an epidemic level. it becomes clear that this infection not only kills, but restores the body to a minimally functioning state where the infected become the \"living-dead\". This unique twist on the classic zombie theme, centers around the highly-intuitive Dannie Jacobs and a group of four other middle school students who try to save their friends, their town and themselves in spite of the odds against them. While they are desperately trying to find an answer before it's too late, they meet researcher Sue who may hold the key to the infection and Dannie's dreams.","popularity":0.000429,"poster_path":"/hH34ll0ILE2xezppxoQShnhUbz9.jpg","production_companies":[],"production_countries":[],"release_date":"2006-03-25","revenue":0,"runtime":68,"spoken_languages":[],"status":"Released","tagline":"Do you know what happens when you drink the water?","title":"Pathogen","video":false,"vote_average":6.5,"vote_count":1}
