{"adult":false,"backdrop_path":"/wU72O947vfe16FoEV9TaE7zjTj5.jpg","belongs_to_collection":null,"budget":0,"genres":[{"id":18,"name":"Drama"},{"id":35,"name":"Comedy"},{"id":10749,"name":"Romance"}],"homepage":"","id":95661,"imdb_id":"tt0167833","original_language":"fr","original_title":"Les collègues","overview":"This is the story of a small Marseilles football club on the verge of extinction that ends up in an amateur tournament organised during the World Cup (inevitably referred to as \"La Mondialette\"). It's their opportunity to save the club. The team, made up of temperamental hotheads, will have to dodge all kinds of low blows.","popularity":0.000144,"poster_path":"/fKC6hZRfWzc6fjyEgo5e0aOtGBd.jpg","production_companies":[],"production_countries":[{"iso_3166_1":"FR","name":"France"}],"release_date":"1999-02-17","revenue":0,"runtime":93,"spoken_languages":[{"iso_639_1":"fr","name":"Français"}],"status":"Released","tagline":"","title":"Les collègues","video":false,"vote_average":6.3,"vote_count":3}
