{"adult":false,"backdrop_path":null,"belongs_to_collection":null,"budget":0,"genres":[{"id":18,"name":"Drama"},{"id":27,"name":"Horror"}],"homepage":"","id":95514,"imdb_id":"tt0109324","original_language":"en","original_title":"Boy Meets Girl","overview":"A woman picks a man up in a bar and takes him back to her place. He thinks he is going to get laid, she has over plans. She proceeds to drug him and incarcerate him in a chair in her basement before torturing him, physically and phycologically. It starts as an S&M excercise and goes to somewhere much much darker.","popularity":0.000286,"poster_path":"/bSnoYHQV5omaUBcPtFuJb1nxryV.jpg","production_companies":[],"production_countries":[],"release_date":"2003-10-11","revenue":0,"runtime":93,"spoken_languages":[],"status":"Released","tagline":"Too controversial to release","title":"Boy Meets Girl","video":false,"vote_average":0.5,"vote_count":1}
