{"adult":true,"backdrop_path":"/xnci9gBnmjIcl93TG5nH6BAHKjC.jpg","belongs_to_collection":{"id":95634,"name":"Cheer Squad Sleepover Series","poster_path":"/oXM5QDKjsghXWwnOIatYOKKn1UJ.jpg","backdrop_path":null},"budget":0,"genres":[],"homepage":"http://www.girlfriendsfilms.com/index/component/virtuemart/?page=shop.product_details&category_id=34&product_id=357","id":95632,"imdb_id":"tt2306501","original_language":"en","original_title":"Cheer Squad Sleepovers Episode 1","overview":"In the name of team spirit Samantha Ryan seduces cheerleader Bree Daniels igniting uncontrollable passion. At the hotel the cheerleaders and their chaperones have their own way of loosening up after the competition. Hayden Hawkens and Hayden Winters are the only girls on the squad without boyfriends and become closer in more ways than one. By day they cheer the home team...By night they live their fantasies.","popularity":0.002604,"poster_path":"/oXM5QDKjsghXWwnOIatYOKKn1UJ.jpg","production_companies":[{"name":"Girlfriends Films","id":6978}],"production_countries":[{"iso_3166_1":"US","name":"United States of America"}],"release_date":"2012-03-16","revenue":0,"runtime":185,"spoken_languages":[{"iso_639_1":"en","name":"English"}],"status":"Released","tagline":"Just Looking For Something To Cheer About","title":"Cheer Squad Sleepovers Episode 1","video":false,"vote_average":0.0,"vote_count":0}
