{"adult":false,"backdrop_path":null,"belongs_to_collection":null,"budget":0,"genres":[],"homepage":"","id":95795,"imdb_id":"tt0096111","original_language":"en","original_title":"Sinatra","overview":"Antonio Castro, Sinatra, is a fighter of life working in an old cabaret in Barcelona imitating Frank Sinatra, accompanied in his show by Groucho Marx, Marlene Dietrich and Lola Flores. But one day, the sky  dresses in gray for him. His wife, who works as a waitress in the same place, decides to leave him for a black man.","popularity":0.0,"poster_path":"/cx4zeFDIqljNUTPjzbCuoRTQMku.jpg","production_companies":[],"production_countries":[],"release_date":"1988-05-13","revenue":0,"runtime":112,"spoken_languages":[{"iso_639_1":"es","name":"Español"}],"status":"Released","tagline":"","title":"Sinatra","video":false,"vote_average":0.0,"vote_count":0}
