{"adult":false,"backdrop_path":"/fGON3FYhLR0A1t42jnjPeHdSZuo.jpg","belongs_to_collection":null,"budget":0,"genres":[],"homepage":"","id":95187,"imdb_id":"tt0149843","original_language":"fr","original_title":"Berlingot et compagnie","overview":null,"popularity":0.000143,"poster_path":"/dyw9VNpUK3vnyrDZ06PykjibyEK.jpg","production_companies":[],"production_countries":[{"iso_3166_1":"FR","name":"France"}],"release_date":"1939-04-27","revenue":0,"runtime":0,"spoken_languages":[{"iso_639_1":"fr","name":"Français"}],"status":"Released","tagline":"","title":"Berlingot and Company","video":false,"vote_average":0.0,"vote_count":0}
