{"adult":false,"backdrop_path":"/dd2YwAT5AF17FrsmG9NLOiq1lIP.jpg","belongs_to_collection":null,"budget":0,"genres":[{"id":37,"name":"Western"}],"homepage":"","id":95845,"imdb_id":"tt0063233","original_language":"de","original_title":"Lo voglio morto","overview":"Clayton's sister is raped and murdered. Time for lethal revenge!","popularity":0.000228,"poster_path":"/8p9MXwYUuWsv0rhpYTDPWYv627w.jpg","production_companies":[],"production_countries":[{"iso_3166_1":"IT","name":"Italy"},{"iso_3166_1":"ES","name":"Spain"}],"release_date":"1968-01-01","revenue":0,"runtime":0,"spoken_languages":[{"iso_639_1":"en","name":"English"}],"status":"Released","tagline":"","title":"I Want Him Dead","video":false,"vote_average":0.0,"vote_count":0}
