{"adult":false,"backdrop_path":null,"belongs_to_collection":null,"budget":0,"genres":[{"id":18,"name":"Drama"}],"homepage":"","id":95030,"imdb_id":"tt0125750","original_language":"en","original_title":"The Flaming Teenage","overview":"A small town boy heads for the lights of the big city and discovers the delights of hard liquor and fast women. Ere long, he becomes an addict, a dope peddler and a shop-lifter to obtain money for drugs.","popularity":0.000174,"poster_path":"/2IWwLjM2ej603xLFBrpBae8boDQ.jpg","production_companies":[],"production_countries":[],"release_date":"1956-10-01","revenue":0,"runtime":55,"spoken_languages":[{"iso_639_1":"en","name":"English"}],"status":"Released","tagline":"From Hell to Eternity!","title":"The Flaming Teenage","video":false,"vote_average":0.0,"vote_count":0}
