{"adult":false,"backdrop_path":"/lfBt6egXlYLheJyUozAtgMG8V2W.jpg","belongs_to_collection":null,"budget":0,"genres":[],"homepage":"","id":95127,"imdb_id":"","original_language":"en","original_title":"Parade of Fun!","overview":"There is a parade of fun to be had with your favorite characters! Fly to a new destination with The Cat in the Hat Knows a Lot About That! Help Duck and his WordFriends make words come alive in WordWorld. Explore, compare and contrast with Sid the Science Kid, and dance to the beat of a new drum with the inquisitive little boy, Pocoyo!","popularity":0.000172,"poster_path":"/AebvJGNCJ78LbtyieBkXV8AYYXj.jpg","production_companies":[],"production_countries":[],"release_date":"","revenue":0,"runtime":65,"spoken_languages":[],"status":"Released","tagline":"","title":"Parade of Fun!","video":false,"vote_average":8.0,"vote_count":1}
