{"adult":false,"backdrop_path":null,"belongs_to_collection":null,"budget":0,"genres":[{"id":18,"name":"Drama"},{"id":36,"name":"History"}],"homepage":"","id":95580,"imdb_id":"tt0097127","original_language":"en","original_title":"Cross of Fire","overview":"An explosive true story of romance, murder and revenge set in the turbulent 1920's, creates a unique event that draws upon the past to comment on the present. John Heard, Mel Harris, David Morse, George Dzunda, Donald Muffat, Kim Hunter and Lloyd Bridges start in this powerful account of the rise and fall of Ku Klux Klan Grand Dragon D.C. Stephenson. The film is based on the true story of the Klan's activities in Indianapolis.","popularity":1.7e-05,"poster_path":"/qUeL2zBQme7FLcrDOnw3zDBmB2r.jpg","production_companies":[],"production_countries":[],"release_date":"1989-11-05","revenue":0,"runtime":200,"spoken_languages":[],"status":"Released","tagline":"Murder was forgivable. Betraying the Klan was not.","title":"Cross of Fire","video":false,"vote_average":4.5,"vote_count":2}
