{"adult":false,"backdrop_path":"/gvrVxQvrzx99FA7lnnq05yEZqe1.jpg","belongs_to_collection":null,"budget":0,"genres":[{"id":53,"name":"Thriller"},{"id":878,"name":"Science Fiction"}],"homepage":"","id":95523,"imdb_id":"tt1071242","original_language":"en","original_title":"The War of the Worlds: Live on Stage!","overview":"In 1978 Jeff Wayne composed and produced one of the most groundbreaking and best-selling musical works of all time. In 2006 after much anticipation Jeff Wayne’s Musical Version of The War of The Worlds was brought to the stage for the first time, playing to sold-out arenas across the UK.  The War of The Worlds Live is a spectacular mix of live music, theatre, multi-media and visual arts on a grand scale. It combines the brilliance of the original performers including Jeff Wayne, Justin Hayward, Chris Thompson and even the late Richard Burton (‘In Sight and Sound’) along with a brand new cast, the 10-piece Black Smoke Band, the 48-piece ULLAdubULLA Strings and an unforgettable fully operating 30ft Martian Fighting Machine!","popularity":0.000456,"poster_path":"/26sVUJqS2Z8VjL70wpGvJcOe4E2.jpg","production_companies":[],"production_countries":[],"release_date":"2006-01-01","revenue":0,"runtime":30,"spoken_languages":[],"status":"Released","tagline":"","title":"The War of the Worlds: Live on Stage!","video":false,"vote_average":6.0,"vote_count":3}
