{"adult":false,"backdrop_path":"/8iebtdjkdBYy4huJOl2pnLvNDRq.jpg","belongs_to_collection":null,"budget":0,"genres":[{"id":18,"name":"Drama"},{"id":35,"name":"Comedy"},{"id":10749,"name":"Romance"}],"homepage":"","id":95273,"imdb_id":"tt0038959","original_language":"en","original_title":"So Goes My Love","overview":"Jane Budden, a country girl goes to the big city, determined to find and marry a wealthy man. Instead, she meets and marries Herman Maxim, a struggling inventor","popularity":0.00015,"poster_path":"/jRyMSmG8WYeZUoU1lt9ycNvsZuv.jpg","production_companies":[{"name":"Universal Pictures","id":33}],"production_countries":[{"iso_3166_1":"US","name":"United States of America"}],"release_date":"1946-05-01","revenue":0,"runtime":88,"spoken_languages":[{"iso_639_1":"en","name":"English"}],"status":"Released","tagline":"They've got the World by the Heart!","title":"So Goes My Love","video":false,"vote_average":7.0,"vote_count":1}
