{"adult":false,"backdrop_path":"/yawKNouMTYA9ECKoZ8k1bFoGKCP.jpg","belongs_to_collection":null,"budget":0,"genres":[{"id":12,"name":"Adventure"},{"id":28,"name":"Action"},{"id":37,"name":"Western"}],"homepage":"","id":95410,"imdb_id":"tt0061081","original_language":"en","original_title":"The Texican","overview":"Wanted north of the border, Jess Carlin resides safely in Mexico. Then he hears his brother was killed in a gunfight with another man. Knowning his brother never carried a gun he heads north to find his brother's killer. After battling bounty hunters he arrives in Rimrock, a town controlled by Luke Starr. Starr is the man he wants but he unable to find any evidence until he is given an item found by his brother's body.","popularity":0.000189,"poster_path":"/jFzLPYiYEGPgatR5hDFeUVbEhR.jpg","production_companies":[],"production_countries":[],"release_date":"1966-11-01","revenue":0,"runtime":81,"spoken_languages":[{"iso_639_1":"en","name":"English"}],"status":"Released","tagline":"","title":"The Texican","video":false,"vote_average":5.0,"vote_count":1}
