{"adult":false,"backdrop_path":"/yCeNPJC1RmKHC9LdMFKYVPnSHp7.jpg","belongs_to_collection":null,"budget":0,"genres":[{"id":35,"name":"Comedy"},{"id":9648,"name":"Mystery"}],"homepage":"","id":95455,"imdb_id":"tt0050519","original_language":"fr","original_title":"L'Homme à l'imperméable","overview":"In the absence of his wife, a clarinet player is induced by a friend to meet a call girl, but arrived after a crime. Perceived by some people leaving the scene of the crime covered by his raincoat, he became the only suspect for the police. His only hope is to discover the murderer before is name is mentionned publicly, specially in front of his wife.","popularity":0.000219,"poster_path":"/i3Np8q9MhhrnLJTKPuQcxKdm7m1.jpg","production_companies":[],"production_countries":[{"iso_3166_1":"FR","name":"France"},{"iso_3166_1":"IT","name":"Italy"}],"release_date":"1957-02-22","revenue":0,"runtime":106,"spoken_languages":[{"iso_639_1":"fr","name":"Français"}],"status":"Released","tagline":"","title":"The Man in the Raincoat","video":false,"vote_average":0.0,"vote_count":0}
