{"adult":true,"backdrop_path":null,"belongs_to_collection":null,"budget":0,"genres":[],"homepage":"","id":95237,"imdb_id":"tt2092467","original_language":"en","original_title":"The Escort","overview":"Theresa (Stormy Daniels) and Sam (Marcus London) have been married for almost ten years and lately things haven't been as they once were. He seems distant and she suspects there is someone else. At the nudging of her best friends (India Summer and Raylene), Theresa hires a beautiful escort (Andy San Dimas) to tempt her husband and test his faithfulness. But even her wildest suspicions could not prepare Theresa for the outcome of this decision. Follow award-winning writer/director Stormy Daniels on this twisted tale of torrid affairs, deceit, and of course Wicked sex!","popularity":0.001433,"poster_path":"/vn6azIfNbKcAvq9b4tTur9tT7wE.jpg","production_companies":[{"name":"Wicked Pictures","id":7840}],"production_countries":[{"iso_3166_1":"US","name":"United States of America"}],"release_date":"2011-10-19","revenue":0,"runtime":0,"spoken_languages":[{"iso_639_1":"en","name":"English"}],"status":"Released","tagline":"","title":"The Escort","video":false,"vote_average":0.0,"vote_count":0}
