{"adult":false,"backdrop_path":null,"belongs_to_collection":null,"budget":0,"genres":[{"id":18,"name":"Drama"},{"id":28,"name":"Action"}],"homepage":"","id":95353,"imdb_id":"tt0097426","original_language":"en","original_title":"Ghetto Blaster","overview":"When Travis, middle-aged, working class man, returns home to visit his parents, he quickly learns that his hood is rife with criminal activity and gang warfare. Quickly, Travis finds himself thrust into a position to defend his family and neighbors from the punks who terrorize them on a daily basis. Good thing he has a military training, enabling the man to become a one-man vigilante unit against the forces of evil in his town.","popularity":7e-06,"poster_path":"/wb914kVKi8mZPjsexMkiIQzvgOI.jpg","production_companies":[],"production_countries":[],"release_date":"1989-01-01","revenue":0,"runtime":82,"spoken_languages":[{"iso_639_1":"en","name":"English"}],"status":"Released","tagline":"He's just getting started.","title":"Ghetto Blaster","video":false,"vote_average":0.0,"vote_count":0}
