{"adult":false,"backdrop_path":null,"belongs_to_collection":null,"budget":0,"genres":[{"id":18,"name":"Drama"}],"homepage":"","id":95011,"imdb_id":"tt0443564","original_language":"en","original_title":"Laura Smiles","overview":"\"Laura Smiles\" is an alarmingly effective portrait of a woman's mental breakdown.  We are introduced to \"Laura\" at her happiest time, in a warm, loving relationship with her fiancé (a very appealing Kip Pardue) in the city, literally the love of her life. In flashbacks, we then see the sweet development of this relationship out of order as these moments become brightly lit and colored memories that desperately intrude on her later in life, as she becomes consumed with guilt and remorse over his fate.  These feelings start to overwhelm her current life as a wife and mother. As something inconsequential in what she calls her \"suburban drudgery\" triggers the past -- in the supermarket, cooking, cleaning, at a school play-- she acts out increasingly aberrantly to counteract the feelings they generate, especially when she can no longer distinguish past from present from dreams, recalling Blanche Du Bois.","popularity":0.000591,"poster_path":"/pgTrb9ERnB2PGTQabAMv8dt7Zke.jpg","production_companies":[],"production_countries":[{"iso_3166_1":"US","name":"United States of America"}],"release_date":"2006-09-22","revenue":0,"runtime":98,"spoken_languages":[{"iso_639_1":"en","name":"English"}],"status":"","tagline":"She lives in the present ... she loves in the past","title":"Laura Smiles","video":false,"vote_average":0.0,"vote_count":0}
