{"adult":false,"backdrop_path":"/iR7Wh1bEFBmHVVuPJWrhx9z91W2.jpg","belongs_to_collection":null,"budget":0,"genres":[{"id":18,"name":"Drama"},{"id":28,"name":"Action"},{"id":99,"name":"Documentary"}],"homepage":"","id":95373,"imdb_id":"tt1419769","original_language":"en","original_title":"Drunk in Public","overview":"A documentary chronicling 17 years of Mark David Allen's alcohol abuse.","popularity":0.276342,"poster_path":"/9N622kTUgbyfApAMHZ7Jul39I2C.jpg","production_companies":[],"production_countries":[],"release_date":"2011-01-01","revenue":0,"runtime":83,"spoken_languages":[],"status":"Released","tagline":"Mark David Allen has been arrested over 500 times.","title":"Drunk in Public","video":false,"vote_average":4.5,"vote_count":2}
