{"adult":false,"backdrop_path":null,"belongs_to_collection":null,"budget":0,"genres":[{"id":18,"name":"Drama"},{"id":10749,"name":"Romance"},{"id":10769,"name":"Foreign"},{"id":35,"name":"Comedy"}],"homepage":"","id":95077,"imdb_id":"tt0068443","original_language":"en","original_title":"Dagmars Heta Trosor","overview":"Known to her clients as Dagmar, she's a classy Swedish call girl in Copenhagen. After two years, she's ready quit, and we follow her on what she hopes is her last day in the trade. She wakes at 9 AM, gets her first call and a marriage proposal, checks in with her doctor, pays final visits to various clients, arranges to lease her flat, passes on her black book to a colleague, tries to beg off on an impromptu session with Japanese businessmen, has a quick conversation with her brother, and makes a couple of charitable contributions. All the while, her eyes on the clock, there's the threat of her pimp finding out about her plans. If she pulls it off, what awaits?","popularity":0.000405,"poster_path":"/xKQdyoDOMJqmTODaon0xO0AutOc.jpg","production_companies":[],"production_countries":[{"iso_3166_1":"US","name":"United States of America"},{"iso_3166_1":"DK","name":"Denmark"},{"iso_3166_1":"SE","name":"Sweden"}],"release_date":"1971-10-01","revenue":0,"runtime":85,"spoken_languages":[{"iso_639_1":"en","name":"English"}],"status":"Released","tagline":"It's a pleasure doing business with… DAGMAR'S HOT PANTS INC.","title":"Dagmar's Hot Pants, Inc.","video":false,"vote_average":0.0,"vote_count":0}
