{"adult":false,"backdrop_path":null,"belongs_to_collection":null,"budget":0,"genres":[],"homepage":null,"id":95454,"imdb_id":"tt0143170","original_language":"fr","original_title":"La cavalcade des heures","overview":null,"popularity":0.000143,"poster_path":"/ofNovqCLa96jx64f6WsvPtMtJzl.jpg","production_companies":[],"production_countries":[{"iso_3166_1":"FR","name":"France"}],"release_date":"1943-11-10","revenue":0,"runtime":0,"spoken_languages":[{"iso_639_1":"fr","name":"Français"}],"status":"Released","tagline":null,"title":"La cavalcade des heures","video":false,"vote_average":0.0,"vote_count":0}
