{"adult":true,"backdrop_path":null,"belongs_to_collection":null,"budget":0,"genres":[],"homepage":"http://madonna-av.com/works/-/detail/=/cid=juc489/","id":95686,"imdb_id":"","original_language":"en","original_title":"現役美熟女アナウンサーの東北弁丸出し本番ニュース！","overview":".","popularity":0.001286,"poster_path":"/An7NpQ28UFxTC2STzyImThZ8YtE.jpg","production_companies":[],"production_countries":[],"release_date":"2011-02-25","revenue":0,"runtime":120,"spoken_languages":[{"iso_639_1":"ja","name":"日本語"}],"status":"Released","tagline":"","title":"A Real Active Announcer, Immoral Insulted","video":false,"vote_average":0.0,"vote_count":0}
