{"adult":false,"backdrop_path":"/fViNWkg165x0ezxwwrMIDBhoyu1.jpg","belongs_to_collection":null,"budget":0,"genres":[{"id":12,"name":"Adventure"},{"id":10749,"name":"Romance"},{"id":28,"name":"Action"},{"id":18,"name":"Drama"}],"homepage":"","id":95363,"imdb_id":"tt0055182","original_language":"fr","original_title":"Le miracle des loups","overview":"Charles le Temeraire asks in marriage Jeanne de Beauvais, daughter of King Louis XI, wishing to get her valuable lands in dowry. The King is wise to this, and since his daughter does not feel inclined to accept, he refuses. Charles sets up a plan to abduct the prince, in a way that the suspicions will fall upon Robert de Neuville, a noble enamoured of the princess. Robert manages to free her from the castle where she was being kept. Charles keeps setting traps, and managing people to perjure against Jeanne, and the King himself. Finally, Jeanne escapes alive from a pack of wolves, who set watching the lady alone in the snow covered woods, instead of attacking her. Charles does yet accuse her of being a witch - wishing to have her dead rather than being the wife of Robert... Robert will be her champion in a Judgement of God. Will the 'miracle of the wolfs' repeat itself, or fearless Charles defeat Robert in the sword duel?","popularity":0.000204,"poster_path":"/fobHzkvMZCwg53TdGxPgIZTJZMr.jpg","production_companies":[],"production_countries":[{"iso_3166_1":"FR","name":"France"}],"release_date":"1961-09-06","revenue":0,"runtime":100,"spoken_languages":[{"iso_639_1":"fr","name":"Français"}],"status":"Released","tagline":"","title":"Blood on His Sword","video":false,"vote_average":4.0,"vote_count":2}
