{"adult":false,"backdrop_path":"/7STpCHnLk7O7SvUDqKJ2YzQOuGq.jpg","belongs_to_collection":null,"budget":0,"genres":[{"id":18,"name":"Drama"},{"id":10769,"name":"Foreign"}],"homepage":"","id":95597,"imdb_id":"tt0060758","original_language":"en","original_title":"La noire de…","overview":"Eager to find a better life abroad, a Senegalese woman becomes a mere governess to a family in southern France, suffering from discrimination and marginalization.","popularity":0.000144,"poster_path":"/g1QU7mIZEYuj1EhMm6ZHzcDtS4y.jpg","production_companies":[{"name":"New Yorker Films","id":5448}],"production_countries":[{"iso_3166_1":"SN","name":"Senegal"},{"iso_3166_1":"FR","name":"France"}],"release_date":"1966-01-01","revenue":0,"runtime":65,"spoken_languages":[{"iso_639_1":"fr","name":"Français"}],"status":"Released","tagline":"","title":"Black Girl","video":false,"vote_average":6.0,"vote_count":1}
