{"adult":false,"backdrop_path":null,"belongs_to_collection":null,"budget":0,"genres":[{"id":35,"name":"Comedy"}],"homepage":"","id":95546,"imdb_id":"tt0056290","original_language":"fr","original_title":"Nous irons à Deauville","overview":"","popularity":0.000558,"poster_path":"/jPptf8s8Ux6Nhl72FuAmZSg9D0C.jpg","production_companies":[{"name":"Hoche Productions","id":1737},{"name":"Les Films Odéon","id":5424}],"production_countries":[{"iso_3166_1":"FR","name":"France"}],"release_date":"1962-12-24","revenue":0,"runtime":91,"spoken_languages":[{"iso_639_1":"fr","name":"Français"}],"status":"Released","tagline":"Voir Deauville et mourir... de Rire!","title":"We Will Go to Deauville","video":false,"vote_average":4.0,"vote_count":1}
