{"adult":false,"backdrop_path":null,"belongs_to_collection":null,"budget":0,"genres":[],"homepage":"","id":95367,"imdb_id":"tt0033759","original_language":"en","original_title":"International Squadron","overview":"No Overview","popularity":0.000143,"poster_path":"/9v8b3CjvN9MWZ4a4Mj7XqE7hcGG.jpg","production_companies":[],"production_countries":[],"release_date":"1941-08-13","revenue":0,"runtime":0,"spoken_languages":[],"status":"Released","tagline":"","title":"International Squadron","video":false,"vote_average":0.0,"vote_count":0}
