{"adult":false,"backdrop_path":"/imtdiWri9pixlkdd97E8epy5GoJ.jpg","belongs_to_collection":null,"budget":0,"genres":[{"id":18,"name":"Drama"},{"id":10751,"name":"Family"}],"homepage":"","id":96005,"imdb_id":"tt2062714","original_language":"en","original_title":"Wymyk","overview":"Alfred and Jerzy take part in a brutal incident: during a train ride, a couple of hooligans harass a young woman. Jerzy stands in her defense. Alfred hesitates and becomes a helpless bystander as his younger brother is thrown off the moving train. 'Courage' is about people whose lives get disturbed by a violent act, which forces them to reveal who they really are.","popularity":0.001623,"poster_path":"/fvs6rSPRhDF0d6UgYZdCTQyfQqQ.jpg","production_companies":[],"production_countries":[],"release_date":"2011-11-18","revenue":0,"runtime":85,"spoken_languages":[],"status":"Released","tagline":"","title":"Courage","video":false,"vote_average":6.5,"vote_count":1}
