{"adult":false,"backdrop_path":null,"belongs_to_collection":null,"budget":0,"genres":[{"id":18,"name":"Drama"},{"id":10749,"name":"Romance"}],"homepage":"","id":95743,"imdb_id":"tt0109828","original_language":"en","original_title":"Foreign Student","overview":"A French football playing exchange student falls in love.","popularity":0.000145,"poster_path":"/4sObGxR5CNh42qi7Jjv0I8ygF8G.jpg","production_companies":[],"production_countries":[],"release_date":"1994-07-29","revenue":0,"runtime":90,"spoken_languages":[{"iso_639_1":"en","name":"English"}],"status":"Released","tagline":"","title":"Foreign Student","video":false,"vote_average":0.0,"vote_count":0}
