{"adult":false,"backdrop_path":"/1X65wKZxa2Hp8lKNZ61w51JIyax.jpg","belongs_to_collection":null,"budget":0,"genres":[{"id":35,"name":"Comedy"}],"homepage":"","id":95359,"imdb_id":"tt0051074","original_language":"en","original_title":"This Could Be The Night","overview":"To earn extra money, a prim schoolteacher takes a second job as secretary to the uncouth owner of a boisterous nightclub. Released in 1957, starring Jean Simmons, Paul Douglas, Anthony Franciosa, Joan Blondell, Julie Wilson, Rafael Campos, Neile Adams, ZaSu Pitts and J. Carrol Naish.","popularity":0.000239,"poster_path":"/a6GzZAiGb4KDC7fjgWeePTr49bo.jpg","production_companies":[{"name":"Metro-Goldwyn-Mayer (MGM)","id":8411}],"production_countries":[{"iso_3166_1":"US","name":"United States of America"}],"release_date":"1957-05-14","revenue":0,"runtime":103,"spoken_languages":[{"iso_639_1":"en","name":"English"}],"status":"Released","tagline":"","title":"This Could Be The Night","video":false,"vote_average":0.0,"vote_count":0}
