{"adult":false,"backdrop_path":null,"belongs_to_collection":null,"budget":0,"genres":[],"homepage":"","id":96016,"imdb_id":"tt0055172","original_language":"en","original_title":"Mi noche de bodas","overview":"Afther their wedding ceremony, Fernanda and Cosme Martínez go to a luxury hotel to consummate. They receive there some gifts and they find one fabulous diamant bracalet with a note for Fernanda  thanking her for unfforgetable nights. Cosme feel jelause and Fernanda offended and during their wedding night they go from one place to another to find out the misunderstanding.","popularity":0.000144,"poster_path":"/hweDIGX2hM9cZA6ZfxYgixjcZmI.jpg","production_companies":[],"production_countries":[],"release_date":"1961-06-05","revenue":0,"runtime":85,"spoken_languages":[{"iso_639_1":"es","name":"Español"}],"status":"Released","tagline":"","title":"Mi noche de bodas","video":false,"vote_average":0.0,"vote_count":0}
