{"adult":false,"backdrop_path":null,"belongs_to_collection":null,"budget":0,"genres":[],"homepage":"","id":95653,"imdb_id":"tt0052264","original_language":"fr","original_title":"Sénéchal le magnifique","overview":null,"popularity":0.000144,"poster_path":"/7MFAu0dkgWj68OvZfXHwE5xwW7l.jpg","production_companies":[],"production_countries":[{"iso_3166_1":"FR","name":"France"}],"release_date":"1957-05-24","revenue":0,"runtime":0,"spoken_languages":[{"iso_639_1":"fr","name":"Français"}],"status":"Released","tagline":"","title":"Sénéchal the Magnificent","video":false,"vote_average":0.0,"vote_count":0}
