{"adult":false,"backdrop_path":null,"belongs_to_collection":null,"budget":0,"genres":[{"id":28,"name":"Action"},{"id":80,"name":"Crime"},{"id":53,"name":"Thriller"}],"homepage":"","id":95964,"imdb_id":"tt0149372","original_language":"en","original_title":"The White Raven","overview":"A journalist gets pulled into an intrigue by his editor that involves a story that he received a Pulitzer for years before. It seems that the second largest diamond ever mined was used during World War II to buy a Jewish woman freedom from a prison camp. Only trouble is it disappeared after the war and now everyone is after it, including the Russians, former Nazis, gangsters, and the original owner. Somehow, the story that the journalist originally wrote about a camp survivor is believed to have leads to the diamond.","popularity":0.000189,"poster_path":"/6a7CWdpAUHHvWpohKQFS8OdYFm4.jpg","production_companies":[{"name":"Cabin Fever Entertainment","id":21304},{"name":"Neptune Visa Corporation","id":40420},{"name":"Hermes Filmstudios","id":40421}],"production_countries":[{"iso_3166_1":"US","name":"United States of America"}],"release_date":"1998-12-18","revenue":0,"runtime":92,"spoken_languages":[{"iso_639_1":"en","name":"English"}],"status":"Released","tagline":"","title":"The White Raven","video":false,"vote_average":0.0,"vote_count":0}
