{"adult":false,"backdrop_path":null,"belongs_to_collection":null,"budget":0,"genres":[],"homepage":null,"id":95278,"imdb_id":"","original_language":"de","original_title":"Arnold Schwarzenegger Der Aufstieg","overview":null,"popularity":0.0,"poster_path":null,"production_companies":[],"production_countries":[],"release_date":"","revenue":0,"runtime":0,"spoken_languages":[{"iso_639_1":"de","name":"Deutsch"}],"status":"","tagline":null,"title":"Arnold Schwarzenegger Der Aufstieg","video":false,"vote_average":0.0,"vote_count":0}
