{"adult":false,"backdrop_path":null,"belongs_to_collection":null,"budget":0,"genres":[],"homepage":"","id":95606,"imdb_id":"tt0257077","original_language":"en","original_title":"Andy Warhol Screen Tests","overview":"A four-part short film series in which Andy Warhol experiments with the medium.","popularity":0.000144,"poster_path":"/56GF6nVEyrdebClko9U4vrKdzZK.jpg","production_companies":[],"production_countries":[],"release_date":"1965-11-28","revenue":0,"runtime":0,"spoken_languages":[],"status":"Released","tagline":"","title":"Andy Warhol Screen Tests","video":false,"vote_average":0.0,"vote_count":0}
