{"adult":false,"backdrop_path":"/ntkKc6BkdXztK3nosFpy9F8nkXf.jpg","belongs_to_collection":null,"budget":0,"genres":[{"id":35,"name":"Comedy"},{"id":10749,"name":"Romance"}],"homepage":"","id":95744,"imdb_id":"tt1847629","original_language":"en","original_title":"La montaña rusa","overview":"Three childhood friends meet again many years later, a woman and two men. A triangle. In one corner, sex, in another, love, and in the middle ... the protagonist in a mess. Romantic and sentimental comedy about sex, love and its many complicated combinations.","popularity":0.002113,"poster_path":"/m5Gfovs3agdVYidF7qTHOiOKEkl.jpg","production_companies":[{"name":"Enrique Cerezo Producciones Cinematográficas S.A.","id":8521}],"production_countries":[{"iso_3166_1":"ES","name":"Spain"}],"release_date":"2012-03-15","revenue":0,"runtime":110,"spoken_languages":[{"iso_639_1":"es","name":"Español"}],"status":"Released","tagline":"","title":"La montaña rusa","video":false,"vote_average":0.0,"vote_count":0}
