{"adult":false,"backdrop_path":null,"belongs_to_collection":null,"budget":0,"genres":[],"homepage":"","id":95096,"imdb_id":"tt0076555","original_language":"en","original_title":"Poliziotto sprint","overview":"Maurizio Merli stars as a hot-shot police driver who has more guts than brains, often landing him in hot water with his middle-aged mentor, who was once a legendary police interceptor responsible for numerous large scale arrests.","popularity":0.010125,"poster_path":"/8G7nIPG65zsnqTEQFYrV16VlIhR.jpg","production_companies":[],"production_countries":[],"release_date":"1977-10-19","revenue":0,"runtime":96,"spoken_languages":[],"status":"Released","tagline":"Truckloads of explosive action!","title":"Highway Racer","video":false,"vote_average":8.0,"vote_count":1}
