{"adult":false,"backdrop_path":"/oOwKSRgtn5g2kgFYGKj0aDrF17i.jpg","belongs_to_collection":null,"budget":0,"genres":[{"id":10749,"name":"Romance"},{"id":35,"name":"Comedy"},{"id":18,"name":"Drama"},{"id":14,"name":"Fantasy"}],"homepage":"","id":95866,"imdb_id":"tt0008443","original_language":"en","original_title":"The Poor Little Rich Girl","overview":"Gwen's family is rich, but her parents ignore her and most of the servants push her around, so she is lonely and unhappy. Her father is concerned only with making money, and her mother cares only about her social position. But one day a servant's irresponsibility creates a crisis that causes everyone to rethink what is important to them.","popularity":0.00015,"poster_path":"/5ciPNT4J9AtHB1zBs5Z9CH6Iuks.jpg","production_companies":[{"name":"Artcraft Pictures Corporation","id":13400}],"production_countries":[{"iso_3166_1":"US","name":"United States of America"}],"release_date":"1917-03-05","revenue":0,"runtime":78,"spoken_languages":[{"iso_639_1":"en","name":"English"}],"status":"Released","tagline":"","title":"The Poor Little Rich Girl","video":false,"vote_average":3.9,"vote_count":4}
