{"adult":false,"backdrop_path":"/zK0gxYzs5seHp02s1vxFvA4cwUM.jpg","belongs_to_collection":null,"budget":0,"genres":[{"id":18,"name":"Drama"},{"id":10769,"name":"Foreign"}],"homepage":"","id":95520,"imdb_id":"tt1674713","original_language":"en","original_title":"Las marimbas del infierno","overview":"Don Alfonso is a deliveryman. He also plays marimbas, the traditional Guatemalan instrument. He is used to play a folkloric musical show in one of the fancy hotel of Guatemala City. He faces the population's lack of interest for his instrument, considered like out of date and old fashioned. Black is pioneer of the Heavy Metal Guatemalan underground stage. He also is also a doctor in the public hospital but nobody wants to be treated by him because of his long hair and his tattoos. When Don Alfonso and Black meet each other and decide to combine their talents and create a brand new project called Marimbas from Hell, they could never have imagined all the reactions they would provoke among the population.","popularity":0.001004,"poster_path":"/xMMItXiXCvQIDBREjolFvnIbM05.jpg","production_companies":[{"name":"Les Films du Requin","id":14271},{"name":"Melindrosa Films","id":14272}],"production_countries":[{"iso_3166_1":"GT","name":"Guatemala"},{"iso_3166_1":"MX","name":"Mexico"},{"iso_3166_1":"FR","name":"France"}],"release_date":"2010-04-29","revenue":0,"runtime":74,"spoken_languages":[{"iso_639_1":"es","name":"Español"}],"status":"Released","tagline":"","title":"Marimbas from Hell","video":false,"vote_average":0.5,"vote_count":1}
