{"adult":false,"backdrop_path":"/kZ9Hqwxd91wCMHYeGB0fnMoi5ha.jpg","belongs_to_collection":null,"budget":0,"genres":[{"id":37,"name":"Western"}],"homepage":"","id":95977,"imdb_id":"tt0044872","original_language":"en","original_title":"The Man Behind The Gun","overview":"This 1952 western stars Randolph Scott as an army investigator who poses as a schoolteacher while working undercover to expose a group of secessionists. Also starring Patrice Wymore, Roy Roberts, Alan Hale Jr., Lina Romay, Morris Ankrum, Dick Wesson and Philip Carey.","popularity":0.000144,"poster_path":"/B90CiLDPHKfV1sICCeOPDb7N0C.jpg","production_companies":[{"name":"Warner Bros.","id":6194}],"production_countries":[{"iso_3166_1":"US","name":"United States of America"}],"release_date":"1953-01-31","revenue":0,"runtime":82,"spoken_languages":[{"iso_639_1":"en","name":"English"}],"status":"Released","tagline":"An Easy-Going Gent with Deadly Guns...and a Reputation to Match!","title":"The Man Behind The Gun","video":false,"vote_average":0.0,"vote_count":0}
