{"adult":false,"backdrop_path":"/dsZAxek7PJB4Q9QygTGpwKtlc85.jpg","belongs_to_collection":null,"budget":0,"genres":[],"homepage":"","id":95053,"imdb_id":"tt0032289","original_language":"en","original_title":"Buck Benny Rides Again","overview":"Radio star Jack Benny, intending to stay in New York for the summer, is forced by the needling of rival Fred Allen to prove his boasts about roughing it on his (fictitious) Nevada ranch. Meanwhile, singer Joan Cameron, whom Jack's fallen for and offended, is maneuvered by her sisters to the same Nevada town. Jack's losing battle to prove his manhood to Joan means broad slapstick burlesque of Western cliches.","popularity":0.000143,"poster_path":"/2gNUotPVXicHCoqdmyle87oI4ls.jpg","production_companies":[],"production_countries":[],"release_date":"1940-05-31","revenue":0,"runtime":82,"spoken_languages":[{"iso_639_1":"en","name":"English"}],"status":"Released","tagline":"","title":"Buck Benny Rides Again","video":false,"vote_average":0.0,"vote_count":0}
