{"adult":false,"backdrop_path":"/kM50L3bc7TRb6xHLl8HGmNsEQiA.jpg","belongs_to_collection":null,"budget":0,"genres":[],"homepage":"","id":95621,"imdb_id":"tt0197958","original_language":"en","original_title":"Tocaia no Asfalto","overview":"The psychology and life of Brazilian hitmen, common in the Northeast part of the country. In this particular case, the story revolves around a young and idealistic politician from Salvador, whom the enemies are eager to eliminate.","popularity":0.00015,"poster_path":"/1Ht6cpxPD4IilHEpma0p3uAhA1y.jpg","production_companies":[],"production_countries":[],"release_date":"1962-03-13","revenue":0,"runtime":101,"spoken_languages":[],"status":"Released","tagline":"","title":"Tocaia no Asfalto","video":false,"vote_average":0.0,"vote_count":0}
