{"adult":false,"backdrop_path":"/oXe8G4FyiKBID1k4n6oG7e1Miqs.jpg","belongs_to_collection":null,"budget":0,"genres":[{"id":18,"name":"Drama"}],"homepage":"http://www.springday.co.kr","id":95453,"imdb_id":"tt0295192","original_language":"ko","original_title":"Bomnaleun ganda","overview":"One Fine Spring Day is a Korean feature film released by Sidus and Applause Films in 2001. Directed by Heo Jin-ho (of Christmas in August), it is a portrait of a love affair from its blossoming in spring to its decline in the following spring.","popularity":0.001097,"poster_path":"/uenTxXNY3B97UuKgWOqrEasKzkl.jpg","production_companies":[],"production_countries":[{"iso_3166_1":"KR","name":"South Korea"},{"iso_3166_1":"JP","name":"Japan"},{"iso_3166_1":"HK","name":"Hong Kong"}],"release_date":"2001-09-28","revenue":0,"runtime":106,"spoken_languages":[{"iso_639_1":"ko","name":"한국어/조선말"}],"status":"Released","tagline":"","title":"One Fine Spring Day","video":false,"vote_average":7.3,"vote_count":3}
