{"adult":false,"backdrop_path":null,"belongs_to_collection":null,"budget":0,"genres":[{"id":35,"name":"Comedy"}],"homepage":"","id":95160,"imdb_id":"tt0005864","original_language":"en","original_title":"Stick Around","overview":"A paperhanger and his helper arrive at a sanitarium to do a job. The chubby paperhanger leaves most of the work to his thin assistant, who tries gamely but usually makes a mess. Various patients at the asylum interrupt and complicate the work, and, to the dismay of the lazy boss, a nurse is attracted to the helper. Amidst all the paste, ladders, brushes, and the images of circus and jungle animals on the wallpaper, is there any way this job gets done to the satisfaction of the sanitarium's director?","popularity":0.00015,"poster_path":"/y96ioYcm3g6eTS4V22Nb1peOa5.jpg","production_companies":[],"production_countries":[],"release_date":"1925-03-01","revenue":0,"runtime":24,"spoken_languages":[{"iso_639_1":"en","name":"English"}],"status":"Released","tagline":"","title":"Stick Around","video":false,"vote_average":5.5,"vote_count":1}
