{"adult":false,"backdrop_path":"/17KUd5C4vsb3YmrddbZYMfcEdsV.jpg","belongs_to_collection":null,"budget":0,"genres":[{"id":37,"name":"Western"}],"homepage":"","id":95864,"imdb_id":"tt0061313","original_language":"de","original_title":"10.000 dollari per un massacro","overview":"Django is hunting the bandit Manuel, because there's a price on his head. But when he meets Manuel, he joins his gang instead for a robbery.","popularity":0.056105,"poster_path":"/eQnqTaF8xMNQl2zT95CsQIH7hsW.jpg","production_companies":[{"name":"Flora Film","id":1501},{"name":"Zenith Cinematografica","id":10549}],"production_countries":[{"iso_3166_1":"IT","name":"Italy"}],"release_date":"1967-03-03","revenue":0,"runtime":0,"spoken_languages":[{"iso_639_1":"it","name":"Italiano"}],"status":"Released","tagline":"","title":"10,000 Dollars for a Massacre","video":false,"vote_average":5.3,"vote_count":2}
