{"adult":false,"backdrop_path":"/vAId79N85QzzQmZm4xYu7j6HAhs.jpg","belongs_to_collection":null,"budget":0,"genres":[{"id":18,"name":"Drama"}],"homepage":"","id":95578,"imdb_id":"tt0403004","original_language":"en","original_title":"Evel Knievel","overview":"Legendary daredevil Robbie \"Evel\" Knievel (George Eads) is profiled in this action-packed biopic helmed by John Badham. Long before extreme sports became ubiquitous, the hard-living exhibitionist vaulted his motorcycle over steep canyons, crates of venomous snakes and snarling cougars. But as Knievel amassed wealth and world records (along with 35 broken bones), his taste for liquor and ladies equaled his appetite for adventure.","popularity":0.000431,"poster_path":"/5rrSDkoJBwMroGozyvGsuq3Rpfm.jpg","production_companies":[{"name":"Icon Productions","id":152},{"name":"ApolloMedia Distribution","id":16850},{"name":"ApolloProScreen Filmproduktion","id":19528}],"production_countries":[{"iso_3166_1":"CA","name":"Canada"},{"iso_3166_1":"US","name":"United States of America"}],"release_date":"2004-07-30","revenue":0,"runtime":91,"spoken_languages":[{"iso_639_1":"en","name":"English"}],"status":"Released","tagline":"Live hard. Ride fast. Regret nothing.","title":"Evel Knievel","video":false,"vote_average":6.0,"vote_count":1}
