{"adult":false,"backdrop_path":null,"belongs_to_collection":null,"budget":0,"genres":[],"homepage":"","id":95027,"imdb_id":"tt0044795","original_language":"en","original_title":"The Kid from Broken Gun","overview":"Charles Starrett makes his final appearance as The Durango Kid, this time as Steve Reynolds, a postal inspector who has gone underground to catch the bad guys. His longtime sidekick, Smiley Burnette appears as an itinerant optometrist who is hardly in the plot line of the film. Jock Mahoney plays Jack Mahoney, an eastern educated dude who has come back home. The Durango Kid teaches Jack how to draw and fire a six-gun, and the two ultimately work together to bring the outlaws to justice.","popularity":0.0,"poster_path":"/oAJKrNcSJ6Lrmk5ztoUyWJgtB7L.jpg","production_companies":[],"production_countries":[],"release_date":"","revenue":0,"runtime":0,"spoken_languages":[],"status":"Released","tagline":"","title":"The Kid from Broken Gun","video":false,"vote_average":0.0,"vote_count":0}
