{"adult":false,"backdrop_path":"/t0AWidk4159Vpz3dVQCEEgp5zZU.jpg","belongs_to_collection":null,"budget":0,"genres":[{"id":10402,"name":"Music"}],"homepage":"http://www.bonjovi.com","id":95539,"imdb_id":"tt1550296","original_language":"en","original_title":"Bon Jovi: Live on VH1 Unplugged","overview":"Bon Jovi perform an acoustic set, including songs from their 2007 album, “Lost Highway.”","popularity":0.184711,"poster_path":"/fG7SbTyt1rYCrhbY00bfqISioBy.jpg","production_companies":[],"production_countries":[],"release_date":"2007-06-25","revenue":0,"runtime":0,"spoken_languages":[{"iso_639_1":"en","name":"English"}],"status":"Released","tagline":"","title":"Bon Jovi: Live on VH1 Unplugged","video":false,"vote_average":0.0,"vote_count":0}
