{"adult":false,"backdrop_path":"/ylwuDD0hno9Jhv3Po9CaOufEXQt.jpg","belongs_to_collection":null,"budget":100000,"genres":[{"id":16,"name":"Animation"},{"id":28,"name":"Action"}],"homepage":"","id":95414,"imdb_id":"tt0034247","original_language":"en","original_title":"Superman: The Mad Scientist","overview":"The Man of Steel fights a mad scientist who is destroying Metropolis with an energy cannon.","popularity":0.000351,"poster_path":"/m7HCrFvztxBd8EK1ynoNCVqili3.jpg","production_companies":[],"production_countries":[{"iso_3166_1":"US","name":"United States of America"}],"release_date":"1941-09-26","revenue":0,"runtime":10,"spoken_languages":[{"iso_639_1":"en","name":"English"}],"status":"Released","tagline":"","title":"Superman: The Mad Scientist","video":false,"vote_average":6.0,"vote_count":1}
