{"adult":false,"backdrop_path":"/6qb5Lwc5VEVzPP58OtVamrZTiL8.jpg","belongs_to_collection":null,"budget":0,"genres":[],"homepage":"","id":96022,"imdb_id":"tt0302303","original_language":"en","original_title":"Being Mick","overview":"For everyone who's always envied the life of the legendary Rolling Stones frontman, this behind-the-scenes documentary lets you in on Mick Jagger's private life, with family home movies and interviews, and also follows him recording and performing songs from his solo Goddess in the Doorway\" album. Special appearances by Bono, Pete Townshend, Wyclef Jean, Lenny Kravitz, and others are featured.","popularity":0.000304,"poster_path":"/duw4mysfUAMBzuWXXgKOPfJIj9Z.jpg","production_companies":[],"production_countries":[],"release_date":"2001-11-22","revenue":0,"runtime":114,"spoken_languages":[],"status":"Released","tagline":"You Would if You Could","title":"Being Mick","video":false,"vote_average":0.0,"vote_count":0}
