{"adult":false,"backdrop_path":null,"belongs_to_collection":null,"budget":0,"genres":[],"homepage":"","id":95015,"imdb_id":"tt0027700","original_language":"en","original_title":"The Green Pastures","overview":"God, heaven, and several Old Testament stories, including the Creation and Noah's Ark, are described supposedly using the perspective of rural, black Americans.","popularity":0.000261,"poster_path":"/5GUcVwZGixw5woUphI1HenfmJQ6.jpg","production_companies":[],"production_countries":[{"iso_3166_1":"US","name":"United States of America"}],"release_date":"1936-07-16","revenue":0,"runtime":93,"spoken_languages":[{"iso_639_1":"en","name":"English"}],"status":"Released","tagline":"","title":"The Green Pastures","video":false,"vote_average":0.0,"vote_count":0}
