{"adult":false,"backdrop_path":null,"belongs_to_collection":null,"budget":0,"genres":[{"id":27,"name":"Horror"}],"homepage":"","id":95113,"imdb_id":"tt0062132","original_language":"en","original_title":"Placer sangriento","overview":"A masked killer prowls the beaches of Argentina, injecting beautiful girls with heroin, and then using weird organ music to make them his zombie slaves.","popularity":0.000152,"poster_path":"/hBNPzYqCVTso9foBcXLFxV5vXf6.jpg","production_companies":[{"name":"Cinematográfica Pelimex","id":4940}],"production_countries":[{"iso_3166_1":"AR","name":"Argentina"}],"release_date":"1967-11-22","revenue":0,"runtime":78,"spoken_languages":[{"iso_639_1":"es","name":"Español"}],"status":"Released","tagline":"A cult of the living dead","title":"Feast of Flesh","video":false,"vote_average":0.0,"vote_count":0}
