{"adult":false,"backdrop_path":null,"belongs_to_collection":null,"budget":0,"genres":[],"homepage":"","id":95541,"imdb_id":"tt0033876","original_language":"en","original_title":"Man at Large","overview":"No Overview","popularity":0.000143,"poster_path":"/koCePOm6Wcj0iNOE5EBJufMpnQ1.jpg","production_companies":[],"production_countries":[],"release_date":"1941-09-26","revenue":0,"runtime":0,"spoken_languages":[],"status":"Released","tagline":"","title":"Man at Large","video":false,"vote_average":0.0,"vote_count":0}
