{"adult":false,"backdrop_path":"/gDNX6KBL1KREqfP0ndnyT8tiZ8n.jpg","belongs_to_collection":null,"budget":0,"genres":[{"id":10749,"name":"Romance"},{"id":18,"name":"Drama"}],"homepage":"","id":95956,"imdb_id":"tt0017449","original_language":"en","original_title":"The Temptress","overview":"In a masked ball in Paris, Manuel Robledo, a young Argentinian architect, meets Elena, the Marquess of Torre Blanca. Later, the young woman is rightly accused causing the misfortune and loss of wealth of Fontenoy, a man who fell for her charms. To escape social criticism, the Marquis of Torre Blanca transfers his residence to Argentina. There, Elena meets again Manuel, when he is building a river's dam. Manos Duras, a thug, harasses Elena, and when Manuel intervenes, he defies him to a whip duel. The duel is long and vicious, both men suffering many cuts on their faces and naked chests, but in the end, the thug is vanquished and humiliated. Manos Duras sets up an ambush to murder Manuel, but the Marquis of Torre Blanca is killed instead. Now, there only two men in love for Elena, the eternal temptress","popularity":0.000148,"poster_path":"/tqvA5krcq864FpbFuluu4Ij1zbU.jpg","production_companies":[{"name":"Metro-Goldwyn-Mayer (MGM)","id":8411}],"production_countries":[{"iso_3166_1":"US","name":"United States of America"}],"release_date":"1926-10-03","revenue":0,"runtime":117,"spoken_languages":[{"iso_639_1":"en","name":"English"}],"status":"Released","tagline":"","title":"The Temptress","video":false,"vote_average":0.0,"vote_count":0}
