{"adult":false,"backdrop_path":null,"belongs_to_collection":null,"budget":0,"genres":[],"homepage":"","id":95942,"imdb_id":"tt0034222","original_language":"en","original_title":"South of Tahiti","overview":"No Overview","popularity":0.000248,"poster_path":"/j87gJfiGWDmLTd2izQJchy668ND.jpg","production_companies":[],"production_countries":[],"release_date":"1941-10-17","revenue":0,"runtime":0,"spoken_languages":[],"status":"Released","tagline":"","title":"South of Tahiti","video":false,"vote_average":0.0,"vote_count":0}
