{"adult":false,"backdrop_path":"/dTdRvUm9YBamefVJl1AG3krXDvi.jpg","belongs_to_collection":null,"budget":0,"genres":[{"id":18,"name":"Drama"},{"id":28,"name":"Action"},{"id":53,"name":"Thriller"},{"id":80,"name":"Crime"},{"id":10769,"name":"Foreign"}],"homepage":"","id":95482,"imdb_id":"tt0126838","original_language":"en","original_title":"초록물고기","overview":"Mak Dong has just been released from the army and is on his way home, when he helps out a woman on the train. A couple of guys are hassling her, and he steps in gets his ass kicked and gets booted off the train. She calls him, because she collected his luggage and they agree to meet. It turns out she is a mobster's girlfriend and she gets him a job with the gang. Meanwhile his real family consists of 3 brothers, one is a wife beating detective, the second is severely handicapped and happy while the third sells eggs. He is still getting his ass kicked on a regular basis but the mob boss Bae Tse-Yong, takes him into the family and allows his to call him \"Big Brother\". Apparently this is a big thing among Korean mobsters. Now he's got two families and can't seem to handle either of them but one of them is going to be the death of him.","popularity":0.003776,"poster_path":"/c2I43OQtNswohCavhNuXTaXnMqD.jpg","production_companies":[],"production_countries":[],"release_date":"1997-02-07","revenue":0,"runtime":111,"spoken_languages":[{"iso_639_1":"ko","name":"한국어/조선말"}],"status":"Released","tagline":"","title":"Green Fish","video":false,"vote_average":5.6,"vote_count":4}
