{"adult":false,"backdrop_path":"/bzmV9AJgLKy9y7G6GRjPZ9YYFvu.jpg","belongs_to_collection":null,"budget":0,"genres":[{"id":18,"name":"Drama"},{"id":35,"name":"Comedy"}],"homepage":"http://www.usagi-drop.com/","id":95853,"imdb_id":"tt1672214","original_language":"ja","original_title":"うさぎドロップ","overview":"Daikichi learns that his recently deceased grandfather has an illegitimate daughter with an unknown mother. The girl's name is Rin and she is just 6 years old. Everybody in Daikichi's family looks at the girl as an embarrassment and wants no part of her. Daikichi, annoyed by his family's attitude, decides to raise Rin by himself. Even though Daikichi himself has no experience raising a child and is still single. The movie is based on Yumi Unita's popular manga series \"Usagi Drop\".","popularity":0.059277,"poster_path":"/crSy7w0qUjJY6KBnAiE8rJCYQFP.jpg","production_companies":[{"name":"Showgate","id":17392}],"production_countries":[{"iso_3166_1":"JP","name":"Japan"}],"release_date":"2011-08-20","revenue":0,"runtime":114,"spoken_languages":[{"iso_639_1":"ja","name":"日本語"}],"status":"Released","tagline":"","title":"Bunny Drop","video":false,"vote_average":6.1,"vote_count":4}
