{"adult":false,"backdrop_path":"/eAgq3jrcmtAFZzE3UtZlJcSNNV7.jpg","belongs_to_collection":null,"budget":0,"genres":[{"id":99,"name":"Documentary"}],"homepage":"","id":95383,"imdb_id":"tt2258233","original_language":"en","original_title":"$ellebrity","overview":"Fame today is more than an obsession. Fame has become what millions of us follow, believe in and seemingly what we care about most - as well as a billion dollar-a-year industry. But what does our intense fascination with celebrity say about us? And how much is too high a price to pay for our own curiosity run rampant?  \"$ELLEBRITY\" is a candid dialogue about the tone and texture of celebrity, past, present and future; an  examination of our pop culture; and an honest look at the quality of our media consumption.","popularity":0.092304,"poster_path":"/8aA51sgy3q8ocnICU9ZcS5QAlWe.jpg","production_companies":[{"name":"Run Rampant","id":37637}],"production_countries":[{"iso_3166_1":"US","name":"United States of America"}],"release_date":"2013-01-11","revenue":0,"runtime":89,"spoken_languages":[{"iso_639_1":"en","name":"English"}],"status":"Released","tagline":"","title":"$ellebrity","video":false,"vote_average":5.3,"vote_count":4}
