{"adult":false,"backdrop_path":null,"belongs_to_collection":null,"budget":0,"genres":[{"id":28,"name":"Action"},{"id":18,"name":"Drama"}],"homepage":"","id":95690,"imdb_id":"tt0379264","original_language":"en","original_title":"El Don","overview":"From absolute poverty to absolute power! \"El Don\" is the saga of a common man with uncommonly fierce ambition who rises to rule an empire of unspeakable evil only to discover that the love he thought he had forgotten still rules what is left of his heart.","popularity":0.000493,"poster_path":"/sPGFg1gjGyDk3SRCJvGORQWpFG5.jpg","production_companies":[],"production_countries":[{"iso_3166_1":"VE","name":"Venezuela"}],"release_date":"2006-01-01","revenue":0,"runtime":120,"spoken_languages":[{"iso_639_1":"es","name":"Español"}],"status":"Released","tagline":"","title":"El Don","video":false,"vote_average":0.0,"vote_count":0}
