{"adult":false,"backdrop_path":null,"belongs_to_collection":null,"budget":0,"genres":[{"id":80,"name":"Crime"},{"id":36,"name":"History"},{"id":18,"name":"Drama"},{"id":10770,"name":"TV Movie"}],"homepage":"","id":95892,"imdb_id":"tt0070189","original_language":"en","original_title":"Honor Thy Father","overview":"Joseph Bologna stars as Bill Bonanno in this made-for-television adaptation of the controversial bestseller from Gay Talese, chronicling the rise of New York's infamous Bonanno organized crime family. When his father disappears in 1964 and Bill is compelled to take over the \"empire,\" other mafiosi attempt to take what's theirs. Brenda Vaccaro and Richard S. Castellano fill out the impressive cast of this gripping crime tale.","popularity":0.000405,"poster_path":"/16IKoTfr0gpMzm11prNRF99BlFT.jpg","production_companies":[{"name":"Metromedia Producers Corporation (MPC)","id":15068},{"name":"Halcyon Productions","id":59221}],"production_countries":[],"release_date":"1973-03-01","revenue":0,"runtime":97,"spoken_languages":[],"status":"Released","tagline":"The rise and fall of an organized crime family.","title":"Honor Thy Father","video":false,"vote_average":4.0,"vote_count":2}
