{"adult":false,"backdrop_path":null,"belongs_to_collection":null,"budget":0,"genres":[{"id":28,"name":"Action"},{"id":80,"name":"Crime"}],"homepage":"","id":95429,"imdb_id":"tt0107912","original_language":"en","original_title":"Quick","overview":"A female assassin named \"Quick\" is hired to bring in a Mafia accountant, who is under police protection. Double crossed by the mafia, she takes her hostage to California to retrieve $3M that he took before running. The mafia and Quick's untrustworthy boyfriend are on the trail.","popularity":0.000284,"poster_path":"/lDTimwg70vXazn6CApwlu8M2lwc.jpg","production_companies":[{"name":"Promark Entertainment Group","id":25690},{"name":"Academy Entertainment","id":35425}],"production_countries":[{"iso_3166_1":"US","name":"United States of America"}],"release_date":"1993-09-30","revenue":0,"runtime":94,"spoken_languages":[{"iso_639_1":"en","name":"English"}],"status":"Released","tagline":"She's Quick. You're dead.","title":"Quick","video":false,"vote_average":5.0,"vote_count":1}
