{"adult":false,"backdrop_path":null,"belongs_to_collection":null,"budget":0,"genres":[{"id":18,"name":"Drama"},{"id":53,"name":"Thriller"}],"homepage":"","id":95590,"imdb_id":"tt0101510","original_language":"en","original_title":"Bright Angel","overview":"Road-movie from Montana to Wyoming. A gullible, innocent young man (Mulroney) assists a versatile girl (Taylor) on her long quest to get her brother out of jail.","popularity":0.070958,"poster_path":"/jkbln5oSKhnfB2KiNQQm1veiNWJ.jpg","production_companies":[{"name":"Hemdale Film","id":3952}],"production_countries":[{"iso_3166_1":"US","name":"United States of America"}],"release_date":"1991-06-14","revenue":0,"runtime":93,"spoken_languages":[{"iso_639_1":"en","name":"English"}],"status":"Released","tagline":"Don't fall for someone who's got more troubles than you.","title":"Bright Angel","video":false,"vote_average":0.0,"vote_count":0}
