{"adult":false,"backdrop_path":"/YM35m9rBx5StatSsY4UIyEGqP8.jpg","belongs_to_collection":null,"budget":0,"genres":[],"homepage":"","id":95507,"imdb_id":"","original_language":"en","original_title":"Mashina - Live 2003","overview":"Mashina - Live 2003","popularity":0.000286,"poster_path":"/7YA3TeNEbyzvOU9SlJKSTkadiDq.jpg","production_companies":[],"production_countries":[],"release_date":"2004-02-19","revenue":0,"runtime":0,"spoken_languages":[],"status":"Released","tagline":"","title":"Mashina - Live 2003","video":false,"vote_average":0.0,"vote_count":0}
