{"adult":false,"backdrop_path":null,"belongs_to_collection":null,"budget":0,"genres":[],"homepage":"","id":95895,"imdb_id":"","original_language":"en","original_title":"Final Blow","overview":"This movie will tell a family story of working as a rookie secretary for an upright politician, going through rooting out all sorts of corruption and at the same time living a life as a father.","popularity":0.0,"poster_path":"/15XimltxiZJ0hU5myEpFMdOIJo.jpg","production_companies":[],"production_countries":[],"release_date":"","revenue":0,"runtime":100,"spoken_languages":[],"status":"","tagline":"","title":"Final Blow","video":false,"vote_average":0.0,"vote_count":0}
