{"adult":false,"backdrop_path":null,"belongs_to_collection":null,"budget":0,"genres":[],"homepage":"","id":95769,"imdb_id":"tt0132909","original_language":"en","original_title":"The Crooked Trail","overview":"After Jim Blake saves Harve Tarlton's life, they become partners in a gold mining claim. After a while Harve reverts to his outlaw way of life. Everyone but Jim seems to know that Harve is bad but Jim merely thinks he needs a chance to go straight. But Jim's wife Helen has a plan to expose Harve as the outlaw he is.","popularity":0.00015,"poster_path":"/5SWJWFie47SNcqoCqigA0G7CEIi.jpg","production_companies":[],"production_countries":[],"release_date":"1936-07-25","revenue":0,"runtime":60,"spoken_languages":[],"status":"Released","tagline":"","title":"The Crooked Trail","video":false,"vote_average":0.0,"vote_count":0}
