{"adult":false,"backdrop_path":"/9x36dV4zNZtfyS2RqwCJLqaMfoy.jpg","belongs_to_collection":null,"budget":0,"genres":[{"id":9648,"name":"Mystery"}],"homepage":"","id":95612,"imdb_id":"tt0054131","original_language":"fr","original_title":"Toi... le venin","overview":"Picked up by a beautiful motorist, jobless hitchhiker Pierre (Hossein) is subsequently romanced by the girl. Immediately thereafter, however, she dumps him, attempting to run him over as a final insult. Memorizing her license number, Pierre pursues the enigmatic motorist. Arriving at her home, Pierre is met by two young ladies (Marina Vlady and Odelle Versois), either one of whom might be the woman he's looking for.","popularity":0.000144,"poster_path":"/7a3dgfENXu6BQY2c4lxjxl26A3i.jpg","production_companies":[{"name":"Champs-Élysées Productions","id":13437},{"name":"Filmauro (II)","id":16147}],"production_countries":[{"iso_3166_1":"FR","name":"France"},{"iso_3166_1":"IT","name":"Italy"}],"release_date":"1959-03-27","revenue":0,"runtime":92,"spoken_languages":[{"iso_639_1":"fr","name":"Français"}],"status":"Released","tagline":"A new and very STARTLING approach to mystery on the screen.","title":"Blonde in a White Car","video":false,"vote_average":0.0,"vote_count":0}
