{"adult":false,"backdrop_path":null,"belongs_to_collection":null,"budget":0,"genres":[{"id":35,"name":"Comedy"},{"id":18,"name":"Drama"}],"homepage":"","id":95004,"imdb_id":"tt0021931","original_language":"en","original_title":"The Guardsman","overview":"An acclaimed actor and his equally acclaimed actress wife, who have been married for less than a year, are already showing signs of strain in their marriage. The actor believes his wife is capable of infidelity and sets out to prove this is so. Disguising himself as the kind of man he believes she fancies (a Russian military officer), the actor woos his wife while she believes him (her husband, that is) to be out of town. The actress shows every sign of succumbing to the \"Russian's\" advances, yet the husband can never quite put the stamp of certainty on her behavior. The truth eventually reveals itself...or does it?","popularity":0.000159,"poster_path":"/wmKeIBcewQYqFG5VdG1faehiRtc.jpg","production_companies":[{"name":"Metro-Goldwyn-Mayer (MGM)","id":8411}],"production_countries":[{"iso_3166_1":"US","name":"United States of America"}],"release_date":"1931-11-07","revenue":0,"runtime":82,"spoken_languages":[{"iso_639_1":"en","name":"English"}],"status":"Released","tagline":"","title":"The Guardsman","video":false,"vote_average":0.0,"vote_count":0}
