{"adult":false,"backdrop_path":"/1RWrYRVnCKcUmKKkHwHSvjAtse6.jpg","belongs_to_collection":null,"budget":0,"genres":[{"id":80,"name":"Crime"},{"id":18,"name":"Drama"}],"homepage":"","id":95345,"imdb_id":"tt0057102","original_language":"en","original_title":"The Girl Hunters","overview":"Mickey Spillane plays his own creation, street-thug-turned-PI Mike Hammer, in this 1963 adaptation of his novel. The film opens with Hammer on the downside of a years-long bender, scooped out of the gutter by a bitter cop intent on prying information from a dying man. Inspired to clean up his act by the secrets he hears, Hammer hits the streets on a personal crusade to find the love of his life. Future Bond girl Shirley Earton costars as a glamorous society widow who goes slumming with Hammer.--Sean Axmaker","popularity":0.000338,"poster_path":"/yPuCm0jFP3eUkppRJL71fkel7DP.jpg","production_companies":[{"name":"Fellane","id":20683}],"production_countries":[{"iso_3166_1":"GB","name":"United Kingdom"}],"release_date":"1963-06-01","revenue":0,"runtime":98,"spoken_languages":[{"iso_639_1":"en","name":"English"}],"status":"Released","tagline":"Rough! Ripping! Raw!","title":"The Girl Hunters","video":false,"vote_average":6.0,"vote_count":1}
