{"adult":false,"backdrop_path":"/kEQ48xFyaX5CpV9gfmGiRZujaSt.jpg","belongs_to_collection":null,"budget":0,"genres":[{"id":18,"name":"Drama"},{"id":80,"name":"Crime"},{"id":9648,"name":"Mystery"},{"id":10749,"name":"Romance"}],"homepage":"","id":95177,"imdb_id":"tt2023714","original_language":"en","original_title":"Sun Don't Shine","overview":"\"Sun Don't Shine\" is a subtly cryptic story driven by the powerful performances of its lead actors and its eerily poetic setting. The film follows Crystal (Kate Lyn Sheil) and her boyfriend Leo (Kentucker Audley) on a tense and mysterious road trip through the desolate yet hauntingly beautiful landscape of central Florida. As the couple travels up the Gulf Coast the disturbing details of their excursion gradually begin to emerge, revealing Crystal’s sinister past and the couple’s troubling future.","popularity":0.566186,"poster_path":"/rDHJ5pr6IyACTENgbdw229rEeLa.jpg","production_companies":[],"production_countries":[],"release_date":"2012-03-10","revenue":0,"runtime":82,"spoken_languages":[{"iso_639_1":"en","name":"English"}],"status":"Released","tagline":"Good hearts can do bad things","title":"Sun Don't Shine","video":false,"vote_average":5.4,"vote_count":4}
