{"adult":false,"backdrop_path":"/yNg4H07MWyFyYjBRCm4WAUgmrNB.jpg","belongs_to_collection":null,"budget":0,"genres":[{"id":18,"name":"Drama"}],"homepage":"","id":95192,"imdb_id":"tt1718755","original_language":"en","original_title":"Crash Site","overview":"A vacationing couple's jeep crashes in an isolated location. They have to fight their way back to civilisation in spite of injuries and dangerous animals.","popularity":0.003673,"poster_path":"/4oULbRkKsmz9CLtoKesTh5zb1sY.jpg","production_companies":[],"production_countries":[],"release_date":"2011-08-26","revenue":0,"runtime":87,"spoken_languages":[],"status":"Released","tagline":"A Family in Danger","title":"Crash Site","video":false,"vote_average":5.0,"vote_count":2}
