{"adult":false,"backdrop_path":"/lo9aUZdMoLafEVYKrKBSztIQ3wC.jpg","belongs_to_collection":null,"budget":0,"genres":[{"id":18,"name":"Drama"},{"id":9648,"name":"Mystery"}],"homepage":"","id":95467,"imdb_id":"tt0054901","original_language":"en","original_title":"The Full Treatment","overview":"British film, released in the United States as \"Stop Me Before I Kill!\". A few hours after their wedding, international racing driver, Alan Colby and his new wife Denise, are involved in a horrific car crash. Alan's physical injuries heal but the mental blackouts continue. Denise suggests a delayed honeymoon in the south of France and it is here that eminent psychiatrist, Dr. Prade, promises a complete treatment to cure Alan's suffering. The couple accept his offer unaware that it comes from a mind more hideously disturbed and psychologically unbalanced than Alan's.","popularity":0.000144,"poster_path":"/tEbMLym8wHfRm6pVWsfg8qrgOqj.jpg","production_companies":[{"name":"Hammer Film Productions","id":1314},{"name":"Falcon","id":6191},{"name":"Hilary","id":12445}],"production_countries":[{"iso_3166_1":"GB","name":"United Kingdom"}],"release_date":"1960-10-01","revenue":0,"runtime":120,"spoken_languages":[{"iso_639_1":"en","name":"English"},{"iso_639_1":"fr","name":"Français"}],"status":"Released","tagline":"A diabolical new technique in suspense!","title":"The Full Treatment","video":false,"vote_average":6.0,"vote_count":1}
