{"adult":false,"backdrop_path":null,"belongs_to_collection":null,"budget":0,"genres":[{"id":35,"name":"Comedy"},{"id":16,"name":"Animation"},{"id":18,"name":"Drama"}],"homepage":"","id":95380,"imdb_id":"tt0075273","original_language":"en","original_title":"The Street","overview":"This film deals with a Jewish family in Montreal, Canada as they care for a dying grandmother and the young boy who is impatient to get the room he was promised as soon as she kicks the bucket.","popularity":2e-06,"poster_path":"/yiFrvy4LEIIkH9ijAUm5QT8zcPB.jpg","production_companies":[{"name":"National Film Board of Canada (NFB)","id":17027}],"production_countries":[{"iso_3166_1":"CA","name":"Canada"}],"release_date":"1976-01-01","revenue":0,"runtime":10,"spoken_languages":[],"status":"Released","tagline":"","title":"The Street","video":false,"vote_average":3.3,"vote_count":2}
