{"adult":false,"backdrop_path":null,"belongs_to_collection":null,"budget":0,"genres":[{"id":18,"name":"Drama"},{"id":99,"name":"Documentary"}],"homepage":"","id":95617,"imdb_id":"tt1783355","original_language":"en","original_title":"Otto Skorzeny, SS Agent für Hitler","overview":"Otto Skorzeny was one of the most hidden in mystery 'War artisans' of Hitler. His commando operations (including the liberation of Mussolini from Gran Sasso) have significantly affected the course of the 2nd World War.  The myth  developed around Skorzeny had its effect: the German propaganda made ​​him a kind of  \"Nazi James Bond\"'. For the first time, this film tells the true story of this brutal and fanatical man.","popularity":0.001714,"poster_path":"/hOaCa1VqkQBxXF0VGMd2qzYSfih.jpg","production_companies":[],"production_countries":[],"release_date":"2010-12-02","revenue":0,"runtime":52,"spoken_languages":[{"iso_639_1":"de","name":"Deutsch"}],"status":"Released","tagline":"","title":"Hitler's Heroes - Otto Skorzeny","video":false,"vote_average":0.0,"vote_count":0}
