{"adult":false,"backdrop_path":"/69NNOo4w9j4iK0Z2X2JHchU7rG0.jpg","belongs_to_collection":null,"budget":0,"genres":[],"homepage":"","id":95512,"imdb_id":"tt0385163","original_language":"en","original_title":"Picking Up & Dropping Off","overview":"TV presenter Will Chaney is as cute as they get and a dear devoted daddy to his pre-teen son Benjamin 'Ben'. Alas the somewhat shy, confused boy is the only good thing that came out of Will's marriage. Under divorce custody rules Will picks up Ben at Denver airport at the start - and near tears drops him off again at the end of every major school holiday. There Will meets divorcée Jane, who similarly picks up and drops off her daughter. Both good, involuntarily part-time parents hold back dating to spare their kids another traumatic break-up. Luckily their best friends, Will's cameraman Charlie and Jane's sister Georgia, encourage them to go out together. Once Ben gets used to the situation, at last saying 'dad' instead of Will, he gives his crucial blessing, even picks Jane over the only other date dad presented to him, so exit Maddie. Finally Will considers a bold move..","popularity":0.000347,"poster_path":"/erqpbFhDyCezJFcF68PMtYKsarz.jpg","production_companies":[],"production_countries":[{"iso_3166_1":"CA","name":"Canada"}],"release_date":"2003-12-07","revenue":0,"runtime":120,"spoken_languages":[{"iso_639_1":"en","name":"English"}],"status":"Released","tagline":"Love doesn't always arrive on time.","title":"Picking Up & Dropping Off","video":false,"vote_average":6.5,"vote_count":1}
