{"adult":false,"backdrop_path":null,"belongs_to_collection":null,"budget":0,"genres":[],"homepage":"","id":95968,"imdb_id":"tt0030007","original_language":"en","original_title":"Comet Over Broadway","overview":"Story of a rising stage star and the trouble she causes by her ambition.","popularity":0.000143,"poster_path":"/r98kbab9tG76mPO8JDZ8Jt57KvP.jpg","production_companies":[],"production_countries":[],"release_date":"1938-12-03","revenue":0,"runtime":0,"spoken_languages":[],"status":"Released","tagline":"","title":"Comet Over Broadway","video":false,"vote_average":0.0,"vote_count":0}
