{"adult":false,"backdrop_path":"/4U3U8V3ykHlH0au6kuPxvr70b8M.jpg","belongs_to_collection":null,"budget":0,"genres":[],"homepage":"","id":95178,"imdb_id":"tt0185142","original_language":"fr","original_title":"Adrien","overview":null,"popularity":0.000143,"poster_path":"/A7iGGhiGidBHF1f6OvqFBb8KnPb.jpg","production_companies":[],"production_countries":[{"iso_3166_1":"FR","name":"France"}],"release_date":"1943-12-22","revenue":0,"runtime":80,"spoken_languages":[{"iso_639_1":"fr","name":"Français"}],"status":"Released","tagline":"","title":"Adrien","video":false,"vote_average":0.0,"vote_count":0}
