{"adult":false,"backdrop_path":"/gP8Sztt3woib6Vdb8ziicCgQoix.jpg","belongs_to_collection":null,"budget":0,"genres":[],"homepage":null,"id":95216,"imdb_id":"tt0048994","original_language":"fr","original_title":"Bébés à gogo","overview":null,"popularity":0.000144,"poster_path":"/s4w0H6FmquWT4VELK3I6duWc5I5.jpg","production_companies":[],"production_countries":[],"release_date":"1956-06-08","revenue":0,"runtime":0,"spoken_languages":[],"status":"Released","tagline":null,"title":"Bébés à gogo","video":false,"vote_average":0.0,"vote_count":0}
