{"adult":false,"backdrop_path":null,"belongs_to_collection":null,"budget":0,"genres":[],"homepage":"http://www.giganticpictures.com/satellite/index.html","id":95861,"imdb_id":"tt0408162","original_language":"en","original_title":"Satellite","overview":"SATELLITE is a romantic fable about a young couple who give up everything they have in order to find something better.  KEVIN and RO meet and fall in love in a weekend. They swear to never lie to each other and to dare each other to do the things they're avoiding or are afraid of. They quit their jobs, sell their possessions, and begin stealing to make ends meet. And they would be incredibly happy except Ro has a secret, which threatens to destroy the relationship.","popularity":0.000931,"poster_path":"/8wb71NX9lDp2c8seYz0Eg8bgw22.jpg","production_companies":[],"production_countries":[],"release_date":"2006-08-09","revenue":0,"runtime":98,"spoken_languages":[],"status":"Released","tagline":"They had it all. They wanted more.","title":"Satellite","video":false,"vote_average":0.0,"vote_count":0}
