{"adult":false,"backdrop_path":"/tHxXtxmv1HCCHYVGYgP60d2D6nU.jpg","belongs_to_collection":null,"budget":0,"genres":[],"homepage":"","id":95999,"imdb_id":"tt0070872","original_language":"en","original_title":"Verflucht, dies Amerika","overview":"After years in prison, a gang of criminals are deported from Bavaria and arrive as free immigrants to America. They kill an Indian by accident and do different jobs such as cleaning latrines, until they get installed in an abandoned house next to an Indian woman. One day someone will propose to perpetrate a robbery ...","popularity":1e-06,"poster_path":"/su0nnGZDrbdR3pFPISJYMe2xbxl.jpg","production_companies":[{"name":"Albatros Filmproduktion","id":8568},{"name":"Elías Querejeta Producciones Cinematográficas S.L.","id":12009}],"production_countries":[{"iso_3166_1":"DE","name":"Germany"},{"iso_3166_1":"ES","name":"Spain"}],"release_date":"1973-09-07","revenue":0,"runtime":95,"spoken_languages":[{"iso_639_1":"de","name":"Deutsch"}],"status":"Released","tagline":"","title":"Jaider's Gang","video":false,"vote_average":0.0,"vote_count":0}
