{"adult":false,"backdrop_path":"/hQZlOCOIqDjOlbzexeE0LbbmcBF.jpg","belongs_to_collection":null,"budget":0,"genres":[{"id":35,"name":"Comedy"}],"homepage":"","id":95137,"imdb_id":"tt0033596","original_language":"en","original_title":"The Feminine Touch","overview":"A professor (Don Ameche) and his wife (Rosalind Russell) move to New York and confuse a publisher's romance with his assistant (Kay Francis).","popularity":0.000197,"poster_path":"/vNKVejCkK9OzCr7E92bLmSwWJdH.jpg","production_companies":[{"name":"Metro-Goldwyn-Mayer (MGM)","id":8411}],"production_countries":[{"iso_3166_1":"US","name":"United States of America"}],"release_date":"1941-10-01","revenue":0,"runtime":97,"spoken_languages":[{"iso_639_1":"en","name":"English"}],"status":"Released","tagline":"If your sweetheart isn't jealous it's not l-o-v-e!","title":"The Feminine Touch","video":false,"vote_average":4.0,"vote_count":1}
