{"adult":false,"backdrop_path":null,"belongs_to_collection":null,"budget":0,"genres":[],"homepage":null,"id":95658,"imdb_id":"tt0183938","original_language":"fr","original_title":"Un de la légion","overview":null,"popularity":0.00015,"poster_path":"/p5L4jRk6BpVJGsC5mLqO8vttnKP.jpg","production_companies":[],"production_countries":[{"iso_3166_1":"FR","name":"France"}],"release_date":"1936-10-02","revenue":0,"runtime":0,"spoken_languages":[{"iso_639_1":"fr","name":"Français"}],"status":"Released","tagline":null,"title":"Un de la légion","video":false,"vote_average":6.0,"vote_count":1}
