{"adult":false,"backdrop_path":null,"belongs_to_collection":null,"budget":0,"genres":[],"homepage":"","id":95085,"imdb_id":"tt0077455","original_language":"en","original_title":"Donner Pass: The Road to Survival","overview":"ad feedback  A grim incident from American pioneer history is recreated as a determined group of settlers, facing almost insurmountable odds, struggles to reach California in 1846. Already divided by internal dissension over the choice of a leader and the selection of a route, the wagon train is soon decimated by Indian raids, a scarcity of food and water, and the unrelenting forces of nature. Finally after months of hardship, the party reaches the High Sierras, only to be stranded in the middle of the pass by an early snowstorm. And as fear of an agonizing death from starvation forces the abandonment of conventional rules of human behavior, the pioneers face a new enemy - each other.","popularity":0.0,"poster_path":"/3ickg6hwsVN6Rxlsdj8GiAWYF4O.jpg","production_companies":[],"production_countries":[],"release_date":"1978-01-12","revenue":0,"runtime":100,"spoken_languages":[],"status":"Released","tagline":"","title":"Donner Pass: The Road to Survival","video":false,"vote_average":0.0,"vote_count":0}
