{"adult":false,"backdrop_path":null,"belongs_to_collection":null,"budget":0,"genres":[{"id":35,"name":"Comedy"}],"homepage":"","id":95347,"imdb_id":"tt0012646","original_language":"en","original_title":"The Sawmill","overview":"A bumbling sawmill employee tries to win the hand of the owner's daughter while staying out of the clutches of the mill's bullying foreman.","popularity":0.000143,"poster_path":"/gMAGdVBbqhWymMwmKBnwVUcsFgk.jpg","production_companies":[],"production_countries":[],"release_date":"1922-01-01","revenue":0,"runtime":25,"spoken_languages":[],"status":"Released","tagline":"","title":"The Sawmill","video":false,"vote_average":0.0,"vote_count":0}
