{"adult":true,"backdrop_path":"/pMmWK4IbHavdxnVzHVITqfPih3B.jpg","belongs_to_collection":{"id":95803,"name":"Lesbian Storytime Theater Series","poster_path":"/uG9CClbwWd6pMrADr3TGj3By2NF.jpg","backdrop_path":null},"budget":0,"genres":[],"homepage":"http://www.girlfriendsfilms.com/index/component/virtuemart/?page=shop.product_details&category_id=16&product_id=358","id":95800,"imdb_id":"tt2316829","original_language":"en","original_title":"Lesbian Storytime Theater Episode 1","overview":"Get your popcorn ready. It’s time for another edition of Lesbian Storytime Theater! There are four finger-licking, lesbian scenes and production-wise, they are very on point. Girlfriends Films are the unquestioned masters of high-grade lesbian erotica! And this movie doesn’t disappoint! You get to see starlets like Deauxma, Veronica Avluv, Brandi Love, Zoey Holloway, Amber Chase, Elexis Monroe, Shyla Jennings and Elle Alexandra! Make your next movie night with Lesbian Storytime Theater!","popularity":0.002598,"poster_path":"/uG9CClbwWd6pMrADr3TGj3By2NF.jpg","production_companies":[{"name":"Girlfriends Films","id":6978}],"production_countries":[{"iso_3166_1":"US","name":"United States of America"}],"release_date":"2012-03-16","revenue":0,"runtime":196,"spoken_languages":[{"iso_639_1":"en","name":"English"}],"status":"Released","tagline":"Once upon a time in the sensuous world of Lesbians","title":"Lesbian Storytime Theater Episode 1","video":false,"vote_average":0.0,"vote_count":0}
