{"adult":false,"backdrop_path":null,"belongs_to_collection":null,"budget":0,"genres":[{"id":10749,"name":"Romance"},{"id":35,"name":"Comedy"},{"id":18,"name":"Drama"}],"homepage":"","id":95321,"imdb_id":"tt0024785","original_language":"en","original_title":"The Working Man","overview":"A successful shoe manufacturer named John Reeves goes on vacation and meets the grown children of his recently-deceased and much-respected competitor, who are on the verge of losing the family legacy through their careless behavior. Reeves takes it upon himself to save his rival's company by teaching his heirs a lesson in business.","popularity":0.000143,"poster_path":"/k6OZNkgNqcR3LDESUiiFxyJqzUd.jpg","production_companies":[{"name":"Warner Bros.","id":6194},{"name":"The Vitaphone Corporation","id":9329}],"production_countries":[{"iso_3166_1":"US","name":"United States of America"}],"release_date":"1933-04-20","revenue":0,"runtime":78,"spoken_languages":[{"iso_639_1":"en","name":"English"}],"status":"Released","tagline":"","title":"The Working Man","video":false,"vote_average":0.0,"vote_count":1}
