{"adult":false,"backdrop_path":null,"belongs_to_collection":null,"budget":0,"genres":[{"id":27,"name":"Horror"}],"homepage":"","id":95245,"imdb_id":"tt0178391","original_language":"en","original_title":"Doctor Satán","overview":"Dr. Satan, a mad scientist and sorceror, plans to take over the world. In order to do so, he wakes up three zombie slaves from the dead and attempts to make a deal with the devil. He sends his zombie servants to do harm to anyone who stands in his way. Will anyone be able to stop him?","popularity":0.000144,"poster_path":"/saJQhxd5Rc3gex6ukblNpnCVp24.jpg","production_companies":[],"production_countries":[{"iso_3166_1":"MX","name":"Mexico"}],"release_date":"1966-12-29","revenue":0,"runtime":92,"spoken_languages":[{"iso_639_1":"es","name":"Español"}],"status":"Released","tagline":"","title":"Dr. Satan","video":false,"vote_average":0.0,"vote_count":0}
