{"adult":false,"backdrop_path":"/MLkAeDHsD7K3djxl8Ke9yhgUWz.jpg","belongs_to_collection":null,"budget":0,"genres":[{"id":36,"name":"History"}],"homepage":null,"id":95219,"imdb_id":"tt0154270","original_language":"fr","original_title":"Cadet Rousselle","overview":null,"popularity":0.000144,"poster_path":"/ok0Lt8mOD5SGP5plt5yeOlqkdVG.jpg","production_companies":[],"production_countries":[{"iso_3166_1":"FR","name":"France"}],"release_date":"1954-10-20","revenue":0,"runtime":0,"spoken_languages":[],"status":"Released","tagline":null,"title":"Cadet Rousselle","video":false,"vote_average":4.3,"vote_count":2}
