{"adult":false,"backdrop_path":null,"belongs_to_collection":null,"budget":0,"genres":[],"homepage":null,"id":95486,"imdb_id":"","original_language":"fr","original_title":"Michael Flatley, Celtic Tiger","overview":"Michael Flatley is the internationally acclaimed master of dance. In 2005 his unrivalled skill and artistry combined in an epic that fused the spirit and history of Ireland with dance and music. The result was a masterpiece, showcasing Irish dance as a dynamic, powerful art form.  Says Michael, \"Celtic Tiger portrays the oppression of a people. The tiger itself symbolizes the awakening of their spirit in the struggle for freedom. The show itself is a 90 minute spectacular. It is very fast moving, powerful and hard-hitting and I think that it is something that you have never seen before.\"","popularity":0.000431,"poster_path":"/mJtAcYARLn2HiOonXGSMMdUnyHg.jpg","production_companies":[],"production_countries":[],"release_date":"2005-12-13","revenue":0,"runtime":0,"spoken_languages":[],"status":"Released","tagline":null,"title":"Michael Flatley, Celtic Tiger","video":false,"vote_average":0.0,"vote_count":0}
