{"adult":true,"backdrop_path":null,"belongs_to_collection":null,"budget":0,"genres":[],"homepage":"","id":95945,"imdb_id":"tt0125188","original_language":"en","original_title":"Sex-cirkusse","overview":"A circus on the brink of bankruptcy comes up with a new show mixing traditional circus acts with sex.","popularity":0.000182,"poster_path":"/mR6vbSElPIM6I4p6sMHAWPurRgu.jpg","production_companies":[],"production_countries":[],"release_date":"1974-07-08","revenue":0,"runtime":0,"spoken_languages":[],"status":"Released","tagline":"","title":"The Hottest Show in Town","video":false,"vote_average":7.5,"vote_count":1}
