{"adult":true,"backdrop_path":"/lmL9UiDxzrf6aJK6N4W7iEjkyX3.jpg","belongs_to_collection":null,"budget":0,"genres":[],"homepage":"","id":95688,"imdb_id":"tt0230209","original_language":"en","original_title":"La fessée ou Les mémoires de monsieur Léon maître-fesseur","overview":"Respectable Monsieur Léon, nicely portrayed by Antoine Fontaine, is an unassuming bank teller by day, lover for hire with a specialist sideline in spanking by night !","popularity":0.0225,"poster_path":"/efSkUqrnFPOdzpWUhsJyNwsJx4W.jpg","production_companies":[{"name":"Shangrila Productions","id":17305}],"production_countries":[{"iso_3166_1":"FR","name":"France"}],"release_date":"1976-11-16","revenue":0,"runtime":71,"spoken_languages":[{"iso_639_1":"fr","name":"Français"}],"status":"Released","tagline":"","title":"La fessée ou Les mémoires de monsieur Léon maître-fesseur","video":false,"vote_average":0.0,"vote_count":0}
