{"adult":false,"backdrop_path":null,"belongs_to_collection":null,"budget":0,"genres":[{"id":10749,"name":"Romance"},{"id":35,"name":"Comedy"}],"homepage":"","id":95425,"imdb_id":"tt1013520","original_language":"en","original_title":"Aaron & Sara","overview":"A nerdy guy and a popular girl meet as freshmen and, over four years of high school, four proms and one funeral, become friends and eventually fall in love.","popularity":0.0,"poster_path":null,"production_companies":[],"production_countries":[],"release_date":"","revenue":0,"runtime":0,"spoken_languages":[],"status":"Planned","tagline":"","title":"Aaron & Sara","video":false,"vote_average":0.0,"vote_count":0}
