{"adult":false,"backdrop_path":null,"belongs_to_collection":null,"budget":0,"genres":[{"id":14,"name":"Fantasy"},{"id":35,"name":"Comedy"}],"homepage":"","id":95695,"imdb_id":"tt0196346","original_language":"en","original_title":"The Artist's Dilemma","overview":"The scene opens in an artist's studio, the artist asleep in his chair. A large old fashioned clock opens and a young lady comes out and awaking the artist, requests him to paint her picture. While the artist is executing the work a clown comes from the clock, takes in the situation and begins to make love to the lady. The artist detects him and compels him to desist his love making. He continues to paint. The clown becomes interested and asks the artist to allow him to paint the picture, and begins smearing a whitewash brush over the canvas, when lo, a most perfect image of the young lady appears. The image then steps down from the frame, joins the young lady in the studio, and the figures, each a perfect counterpart of the other begin to dance to the great astonishment of the artist. The clown the by waving his hand causes the figures of the two girls to merge into one. The artist then assumes his seat and awakens from his dream with a great shock.","popularity":0.000215,"poster_path":"/4PdH9feWzjZy8qVXFRVYxLGnOfw.jpg","production_companies":[{"name":"Edison Manufacturing Company","id":18758}],"production_countries":[{"iso_3166_1":"US","name":"United States of America"}],"release_date":"1901-12-14","revenue":0,"runtime":2,"spoken_languages":[{"iso_639_1":"xx","name":"No Language"}],"status":"Released","tagline":"","title":"The Artist's Dilemma","video":false,"vote_average":7.0,"vote_count":1}
