{"adult":false,"backdrop_path":null,"belongs_to_collection":{"id":218402,"name":"The Big Brother Collection","poster_path":"/9V0k0cFgLP78umlQtocBTyNTlrT.jpg","backdrop_path":null},"budget":0,"genres":[{"id":35,"name":"Comedy"}],"homepage":"","id":95987,"imdb_id":"tt0382578","original_language":"en","original_title":"Big Brother 3: Boob","overview":"Seminal skate culture magazine 'Big Brother' return with the latest instalment of their video series.  Features an obscure old school skateboarder (Johnny Lee Countee) skating in front of his house, the only area he ever skated at. Also features Johnny Knoxville testing out self-defense equipment, including pepper spray, two types of stun guns and a small caliber pistol. This footage was the basis for the MTV reality series Jackass, though MTV omitted the last part of the segment that showed Knoxville shooting himself in the chest with a small handgun while wearing a kevlar vest.","popularity":0.000143,"poster_path":"/kEiIVoeiDjsLYnsDZOZfZdwm6xj.jpg","production_companies":[],"production_countries":[],"release_date":"1999-06-10","revenue":0,"runtime":0,"spoken_languages":[],"status":"Released","tagline":"","title":"Big Brother 3: Boob","video":false,"vote_average":0.0,"vote_count":0}
