{"adult":false,"backdrop_path":"/qHDMzAAyuNe8R4zvdK4LAkEPpVC.jpg","belongs_to_collection":null,"budget":0,"genres":[{"id":10402,"name":"Music"}],"homepage":"","id":95531,"imdb_id":"","original_language":"en","original_title":"Carlos Santana - Presents Blues at Montreux","overview":"July 12, 2004 was a very special night at the Montreux Festival for any blues fan. With Carlos Santana as musical director (and special guest guitarist), three musical legends took to the stage; each one delivering a full concert set packed with some of the finest blues guitar playing you'll ever hear. Bobby Parker, Clarence \"Gatemouth\" Brown and Buddy Guy are all headline acts in their own right so it was a real coup to get them on one line-up. Throw in the guest appearances by Carlos Santana and Chic maestro Nile Rodgers and blues heaven is complete!","popularity":0.00043,"poster_path":"/sIIbuF3RKkwXJNUlfuG6U7pn1EX.jpg","production_companies":[],"production_countries":[],"release_date":"2004-07-12","revenue":0,"runtime":237,"spoken_languages":[],"status":"Released","tagline":"","title":"Carlos Santana - Presents Blues at Montreux","video":false,"vote_average":4.8,"vote_count":2}
