{"adult":false,"backdrop_path":null,"belongs_to_collection":null,"budget":0,"genres":[{"id":28,"name":"Action"},{"id":53,"name":"Thriller"}],"homepage":"http://www.imdb.com/title/tt0227200/","id":95251,"imdb_id":"tt0227200","original_language":"en","original_title":"Operation Delta Force 5: Random Fire","overview":"The Delta Force team are brought in once again to deal with an evil villain in foreign lands.","popularity":0.00015,"poster_path":"/3QzcKcTg065TeZE49wUSIIQemtF.jpg","production_companies":[],"production_countries":[],"release_date":"2000-01-19","revenue":0,"runtime":91,"spoken_languages":[],"status":"Released","tagline":"-","title":"Operation Delta Force 5: Random Fire","video":false,"vote_average":0.0,"vote_count":1}
