{"adult":true,"backdrop_path":null,"belongs_to_collection":null,"budget":0,"genres":[{"id":14,"name":"Fantasy"}],"homepage":"","id":95272,"imdb_id":"tt2708500","original_language":"en","original_title":"Red Riding Hood XXX: A Triple X Parody","overview":"A modern, adults-only version of the traditional Little Red Riding Hood children's fable.","popularity":0.017259,"poster_path":"/5AwC8qyGNyxBTZJzmK6LqkozU0B.jpg","production_companies":[],"production_countries":[],"release_date":"2010-10-23","revenue":0,"runtime":52,"spoken_languages":[{"iso_639_1":"en","name":"English"}],"status":"Released","tagline":"","title":"Red Riding Hood XXX: A Triple X Parody","video":false,"vote_average":0.0,"vote_count":0}
