{"adult":false,"backdrop_path":null,"belongs_to_collection":null,"budget":0,"genres":[{"id":18,"name":"Drama"},{"id":53,"name":"Thriller"}],"homepage":"","id":95980,"imdb_id":"tt0349248","original_language":"en","original_title":"Cosa de brujas","overview":"The night of San Juan, Miguel murders his associate. Two elderly people are witness to the crime and predict that all of his dreams will come true thereafter. He will know the price he has to pay when he sees a black cat with a moon shaped mark on its forehead. Twenty-two years later a messenger begins to see all his dreams come true...","popularity":0.000286,"poster_path":"/jpI9cMsw5XIommkPucUW7BzQcKJ.jpg","production_companies":[],"production_countries":[],"release_date":"2003-01-17","revenue":0,"runtime":102,"spoken_languages":[],"status":"Released","tagline":"","title":"The Witch Affair","video":false,"vote_average":6.0,"vote_count":2}
