{"adult":false,"backdrop_path":null,"belongs_to_collection":null,"budget":0,"genres":[],"homepage":"","id":95771,"imdb_id":"tt0074259","original_language":"en","original_title":"Bush Mama","overview":"Bush Mama is the story of Dorothy and her husband T.C. He is a discharged Vietnam veteran who thought he would return home to a \"hero's welcome.\" Instead he is falsely arrested and imprisoned for a crime he didn't commit. Her life revolves around the welfare office and a community facing poverty and unemployment. As a result of the film's events, both the main characters become radicalized and Dorothy eventually turns to violence.  Bush Mama is an American film made by Ethiopian-American director Haile Gerima, part of the L.A. Rebellion movement of political and experimental black cinema in the 1970s. It was released in 1979 though made earlier, in 1975.","popularity":0.008775,"poster_path":"/t7j2ZV157zK9bVAb5rOFXeR1EnA.jpg","production_companies":[],"production_countries":[],"release_date":"1979-09-07","revenue":0,"runtime":97,"spoken_languages":[],"status":"Released","tagline":"","title":"Bush Mama","video":false,"vote_average":0.0,"vote_count":0}
