{"adult":false,"backdrop_path":null,"belongs_to_collection":null,"budget":0,"genres":[{"id":28,"name":"Action"}],"homepage":"","id":95722,"imdb_id":"tt0188782","original_language":"en","original_title":"Kung-Fu Commandos","overview":"When a comrade is captured by a hostile warlord, five martial arts masters confront the villain's foot soldiers, valiantly battling through their resistance until they come face to face with the warlord himself.","popularity":0.05,"poster_path":"/qvXfN8KP79Tgrdxg6UqMSxba43s.jpg","production_companies":[{"name":"Golden Sun Films","id":3404}],"production_countries":[{"iso_3166_1":"TW","name":"Taiwan"}],"release_date":"1979-01-01","revenue":0,"runtime":90,"spoken_languages":[{"iso_639_1":"zh","name":"普通话"}],"status":"Released","tagline":"","title":"Kung-Fu Commandos","video":false,"vote_average":0.0,"vote_count":0}
