{"adult":true,"backdrop_path":"/pNUQYapeSvV5HEMCLKy39M0ULyo.jpg","belongs_to_collection":{"id":101942,"name":"Deeper","poster_path":null,"backdrop_path":null},"budget":0,"genres":[],"homepage":"","id":95915,"imdb_id":"tt1247178","original_language":"en","original_title":"Deeper 10","overview":"Beginning with the first frame and continuing until the final credits roll, Deeper 10 is an intense sexual experience. Deeper 10 embarks on a journey, deep inside Digital Playgrounds own Shay Jordan and Lacie Heart. This blockbuster series showcases Shay in all her beauty. She captivates the screen in a breathtaking and erotic scene with Tommy Gunn, while Lacie provides masturbatory fun in two phenomenal anal adventures. Enjoy insane intros, state of the art editing, masterful direction and a delightful foray of flesh. Shay, Lacie, Carmel & Lindsey will show you their world of scintillating fantasy and powerful, hungry orgasms.","popularity":0.000822,"poster_path":"/z1GvP9kP9k6ueW77pAKJjPez1kK.jpg","production_companies":[{"name":"Digital Playground","id":6112}],"production_countries":[{"iso_3166_1":"US","name":"United States of America"}],"release_date":"2008-10-13","revenue":0,"runtime":0,"spoken_languages":[{"iso_639_1":"en","name":"English"}],"status":"Released","tagline":"","title":"Deeper 10","video":false,"vote_average":9.5,"vote_count":1}
