{"adult":false,"backdrop_path":null,"belongs_to_collection":null,"budget":0,"genres":[],"homepage":"","id":95375,"imdb_id":"tt0074792","original_language":"en","original_title":"Liberi armati pericolosi","overview":"Paul, Joe and Louie are three young men from good families who decide to go on a bloodthirsty and pointless crime spree, much to the dismay of paul’s girlfriend (Eleonora Giorgi) and the local police commissioner (Tomas Milian). the group starts by robbing a gas station where paul guns down three innocent bystanders. When they later decide to rob a bank and a grocery store, paul ends up killing more people. It isn’t long before the entire police force is looking for the three criminals, who pick up the girl and hightail it to the Swiss border, killing everyone in their path.","popularity":0.000405,"poster_path":"/isXGA4oM94oGOtbFebkWliccZUC.jpg","production_companies":[],"production_countries":[],"release_date":"1976-01-01","revenue":0,"runtime":0,"spoken_languages":[{"iso_639_1":"it","name":"Italiano"}],"status":"Released","tagline":"","title":"Young, Violent, Dangerous","video":false,"vote_average":0.0,"vote_count":0}
