{"adult":false,"backdrop_path":null,"belongs_to_collection":null,"budget":0,"genres":[{"id":35,"name":"Comedy"}],"homepage":"","id":95037,"imdb_id":"tt0034296","original_language":"en","original_title":"Time Out for Rhythm","overview":"A producer (Rudy Vallee) and his partner clash over two women (Ann Miller, Rosemary Lane) in show business.","popularity":0.00015,"poster_path":"/4p0oiYf6LPyVgwvqQM7LvQ5vKkF.jpg","production_companies":[{"name":"Columbia Pictures Corporation","id":441}],"production_countries":[{"iso_3166_1":"US","name":"United States of America"}],"release_date":"1941-06-05","revenue":0,"runtime":75,"spoken_languages":[{"iso_639_1":"en","name":"English"}],"status":"Released","tagline":"","title":"Time Out for Rhythm","video":false,"vote_average":0.0,"vote_count":0}
