{"adult":false,"backdrop_path":"/AjuMDRB2jgZsp49r2RU2zu0wUPN.jpg","belongs_to_collection":null,"budget":0,"genres":[{"id":35,"name":"Comedy"},{"id":10749,"name":"Romance"}],"homepage":"","id":95874,"imdb_id":"tt0034328","original_language":"en","original_title":"Two-Faced Woman","overview":"While at a ski lodge, Larry Blake sees instructor Karin Borg and decides to sign up for private lessons. The next thing he knows, she is Mrs. Blake. When he announces that he is going back to work on his magazine in New York the next day, Karin refuses to go with him. She later comes to New York, buys expensive clothes, and goes to meet him when she sees he is with old flame Griselda. Caught by Blake's business partner, O.O. Miller, before she can leave, she explains that she is really Karin's twin sister Katherine. Hard to believe, but that is what she tries to make everyone, including Larry, believe. Larry, however, has serious doubts, but plays the game to the hilt as the worldly Katherine tries to take him away from both Griselda and Karin.","popularity":0.000153,"poster_path":"/mwZ5LTYKwQ5idHRUCNoOPexdr0k.jpg","production_companies":[{"name":"Metro-Goldwyn-Mayer (MGM)","id":8411}],"production_countries":[{"iso_3166_1":"US","name":"United States of America"}],"release_date":"1941-11-30","revenue":0,"runtime":90,"spoken_languages":[{"iso_639_1":"en","name":"English"}],"status":"Released","tagline":"Love-laughs explode all over the place when Garbo plays twin sisters, and Melvyn Douglas loves both of them!","title":"Two-Faced Woman","video":false,"vote_average":6.0,"vote_count":1}
