{"adult":false,"backdrop_path":null,"belongs_to_collection":null,"budget":0,"genres":[{"id":35,"name":"Comedy"}],"homepage":"","id":95740,"imdb_id":"tt0086037","original_language":"en","original_title":"Off the Wall","overview":"Two young hitchhikers are picked up a speed-crazed young woman, who tears around the countryside. She leaves them to take the blame for her activities, and they find themselves sentenced to six months in prison. The girl, feeling bad about what she did to them, resolves to break them out of the prison","popularity":0.015,"poster_path":"/rndlXHscpgAGqbVmWaQ93NAcVT5.jpg","production_companies":[{"name":"Jensen Farley Pictures","id":4664},{"name":"Hotdogs","id":39886}],"production_countries":[{"iso_3166_1":"US","name":"United States of America"}],"release_date":"1983-07-01","revenue":0,"runtime":0,"spoken_languages":[{"iso_639_1":"en","name":"English"}],"status":"Released","tagline":"","title":"Off the Wall","video":false,"vote_average":0.0,"vote_count":0}
