{"adult":false,"backdrop_path":"/v9j5TrRQNWDeu2kF1XlunYXKW5J.jpg","belongs_to_collection":null,"budget":219,"genres":[{"id":99,"name":"Documentary"}],"homepage":"http://www.taskovskifilms.com/film/little-heaven","id":95840,"imdb_id":"tt2089733","original_language":"en","original_title":"Little Heaven","overview":"Right In the heart of the Ethiopian capital Addis Ababa is a small orphanage called “Little Heaven”. One of the orphans, Lydia, is 13 today.  A truly joyful event, because she can now move to the ‘other house‘ where all of the ‘big kids’ live.  Unfortunately this special day is  overshadowed by the shocking news delivered to her by the head nurse: Lydia is HIV positive.","popularity":0.0,"poster_path":"/uzukRw4xgFMksd3DW501mXSLvmY.jpg","production_companies":[],"production_countries":[{"iso_3166_1":"BE","name":"Belgium"}],"release_date":"","revenue":0,"runtime":69,"spoken_languages":[{"iso_639_1":"am","name":""},{"iso_639_1":"en","name":"English"}],"status":"Released","tagline":"The wonderful story of a special orphanage in Addis Ababa, Ethiopia","title":"Little Heaven","video":false,"vote_average":0.0,"vote_count":0}
