{"adult":false,"backdrop_path":null,"belongs_to_collection":null,"budget":0,"genres":[{"id":53,"name":"Thriller"}],"homepage":"","id":95560,"imdb_id":"tt0023236","original_language":"en","original_title":"The Monster Walks","overview":"Ruth Earlton has come home to her ancestral mansion to claim her inheritance.  Accompanied by her boyfriend, she discovers that her father died suddenly under suspicious circumstances.  Now it's her turn, as her deranged and relentless uncle targets her for death with the help of his wife and son, plus a very unhappy ape.","popularity":0.000143,"poster_path":"/n8JY7C6j3Vk6Ei03pLSKVLwqPWK.jpg","production_companies":[],"production_countries":[],"release_date":"1932-02-10","revenue":0,"runtime":60,"spoken_languages":[{"iso_639_1":"en","name":"English"}],"status":"Released","tagline":"","title":"The Monster Walks","video":false,"vote_average":0.0,"vote_count":1}
