{"adult":true,"backdrop_path":null,"belongs_to_collection":null,"budget":0,"genres":[],"homepage":"","id":95896,"imdb_id":"tt0347912","original_language":"en","original_title":"Rush","overview":"An escaped convict and a call girl meet and form an unlikely bond while on a road trip evading various contract killers and police agents looking for them.","popularity":0.00029,"poster_path":"/qjw4rZ0BTPHLqRY5pmVakhrHuhT.jpg","production_companies":[{"name":"Digital Playground","id":6112}],"production_countries":[{"iso_3166_1":"US","name":"United States of America"}],"release_date":"2002-11-30","revenue":0,"runtime":100,"spoken_languages":[{"iso_639_1":"en","name":"English"}],"status":"Released","tagline":"They're Running Out Of Time","title":"Rush","video":false,"vote_average":9.5,"vote_count":1}
