{"adult":false,"backdrop_path":null,"belongs_to_collection":null,"budget":0,"genres":[],"homepage":"","id":95052,"imdb_id":"tt0294475","original_language":"en","original_title":"Converging with Angels","overview":"The well-ordered life of Dylan Thomas, a high-priced male escort, goes into moral free-fall beginning with the night he impulsively takes home a young woman he finds passed out drunk on a sidewalk. A sad little stray cat in a Lycra dress and Prada shoes, Allison Campbell is looking for security or love, and she may not know the difference. While Dylan plies his trade in swank hotels, a tentative domestic relationship with seemingly homeless Allison evolves, based on the illusion that neither of them has a past. Voyeurism is the dramatic strategy and the lure for this story.","popularity":0.000299,"poster_path":"/bPISQtJQq4z6kHcVZS0SeqPflX0.jpg","production_companies":[],"production_countries":[],"release_date":"2002-05-26","revenue":0,"runtime":0,"spoken_languages":[],"status":"Released","tagline":"","title":"Converging with Angels","video":false,"vote_average":0.0,"vote_count":0}
