{"adult":false,"backdrop_path":null,"belongs_to_collection":null,"budget":0,"genres":[{"id":18,"name":"Drama"},{"id":878,"name":"Science Fiction"},{"id":53,"name":"Thriller"}],"homepage":"http://imnotjesusmommy.com/","id":95056,"imdb_id":"tt1645774","original_language":"en","original_title":"I'm Not Jesus Mommy","overview":"Kimberly will stop at nothing to have a child of her own. Recovering from cancer her possibilities seemed slim. However, the world's first successful human cloning project brings an opportunity and a son named David. Seven years after David's birth, wars, famine and natural disasters of every kinds have plagued the Earth. As Kimberly struggles to survive, her biggest challenge is raising her son. Strange occurrences that surround David are only becoming worse and more mysterious. Roger, the head researcher of the cloning project returns to reveal that David was cloned from DNA taken from the Shroud of Turin... from blood of Christ.","popularity":0.005957,"poster_path":"/z5iz2BvhaNCULz8MOumdlXIw8Ia.jpg","production_companies":[],"production_countries":[{"iso_3166_1":"US","name":"United States of America"}],"release_date":"2011-05-06","revenue":0,"runtime":89,"spoken_languages":[{"iso_639_1":"en","name":"English"}],"status":"Released","tagline":"Come back soon...","title":"I'm Not Jesus Mommy","video":false,"vote_average":0.0,"vote_count":0}
