{"adult":false,"backdrop_path":null,"belongs_to_collection":null,"budget":0,"genres":[{"id":18,"name":"Drama"}],"homepage":"","id":95659,"imdb_id":"tt0063630","original_language":"fr","original_title":"Sous le signe du taureau","overview":"In this film, Albert is an eccentric inventor of missiles who comes under fire from his investors when his first prototype explodes. Even his sympathetic mistress has her doubts, as Albert lashes out in a verbal tirade condemning those of little faith in his genius.","popularity":0.00015,"poster_path":"/3b5uTcpQYr67nLsHT2RFDpUUT9M.jpg","production_companies":[],"production_countries":[{"iso_3166_1":"FR","name":"France"}],"release_date":"1969-03-28","revenue":0,"runtime":85,"spoken_languages":[{"iso_639_1":"fr","name":"Français"}],"status":"Released","tagline":"","title":"Under the Sign of the Bull","video":false,"vote_average":6.0,"vote_count":2}
