{"adult":false,"backdrop_path":"/pWP7rnCUi8cqMOPYnPTjrMMlzSh.jpg","belongs_to_collection":null,"budget":0,"genres":[{"id":35,"name":"Comedy"}],"homepage":"","id":95489,"imdb_id":"tt0058627","original_language":"en","original_title":"Svenska bilder","overview":"The unemployed Timjan discover Mejram singing and instantly fall in love with her.","popularity":0.000152,"poster_path":"/4q9ymcqYEz3mcm9wect7m9HA1pX.jpg","production_companies":[{"name":"AB Svenska Ord","id":113},{"name":"Svensk Filmindustri","id":6416}],"production_countries":[{"iso_3166_1":"SE","name":"Sweden"}],"release_date":"1964-09-07","revenue":0,"runtime":106,"spoken_languages":[{"iso_639_1":"sv","name":"svenska"}],"status":"Released","tagline":"","title":"Svenska bilder","video":false,"vote_average":0.0,"vote_count":0}
