{"adult":false,"backdrop_path":null,"belongs_to_collection":null,"budget":0,"genres":[],"homepage":"","id":95776,"imdb_id":"tt0055425","original_language":"en","original_title":"Buscando a Mónica","overview":"A man has a street accident with his car in his way to Buenos Aires. While he waits for his car repairing, this business man learns that everybody in the little town where he's stuck seem to know about his wife Mónica. He knows little about her past, but the reactions of the townsfolk towards him range from laughing at his back to practically don't want him around. He won't leave the town until he could learn more about the secret past of his wife. But the former life of the young beautiful mother of his daughter involves a turbulent story.","popularity":0.000144,"poster_path":"/cBIhgcX5xBuEwfrc6WVuewfJxA4.jpg","production_companies":[],"production_countries":[],"release_date":"1962-01-29","revenue":0,"runtime":93,"spoken_languages":[{"iso_639_1":"es","name":"Español"}],"status":"Released","tagline":"","title":"Buscando a Mónica","video":false,"vote_average":0.0,"vote_count":0}
