{"adult":false,"backdrop_path":"/n4YAAExjvWw88Yr2qaPv9VFxMZq.jpg","belongs_to_collection":null,"budget":0,"genres":[{"id":18,"name":"Drama"}],"homepage":"","id":95556,"imdb_id":"tt0065979","original_language":"en","original_title":"The Liberation of L.B. Jones","overview":"A gloomy vision of the possibility of decent relations between whites and blacks anywhere, including the South. Undertaker L.B. Jones, the richest black man in his county of Tennessee, is divorcing his wife for infidelity with a white policeman. Taking a stand against racism, he is greeted with a hostile bunch of Southern bigots and other various stereotypes.","popularity":1e-06,"poster_path":"/dpy68PPWGJ0NcFFGrHTXjwlg1Jo.jpg","production_companies":[{"name":"Liberation Company","id":55808}],"production_countries":[{"iso_3166_1":"US","name":"United States of America"}],"release_date":"1970-03-18","revenue":0,"runtime":102,"spoken_languages":[{"iso_639_1":"en","name":"English"}],"status":"Released","tagline":"Some of his best friends were black...some of her best friends were white.","title":"The Liberation of L.B. Jones","video":false,"vote_average":0.0,"vote_count":0}
