{"adult":false,"backdrop_path":"/pLwZTBq3yptAA2gkqw8oZuz5sPf.jpg","belongs_to_collection":null,"budget":0,"genres":[],"homepage":"","id":95753,"imdb_id":"tt2181819","original_language":"pt","original_title":"As Aventuras de Agamenon, o Repórter","overview":"The trajectory of the clumsy reporter Agamenon Mendes Pereira, always present in key events of history, his biggest scoops and his eternal love for Isaura, who survives his unexpected travels around the world, in search of news and fame.","popularity":0.001581,"poster_path":"/wEcex5NPCPqmy3qI7QHHpYeeGu5.jpg","production_companies":[],"production_countries":[{"iso_3166_1":"BR","name":"Brazil"}],"release_date":"2012-01-06","revenue":0,"runtime":0,"spoken_languages":[{"iso_639_1":"pt","name":"Português"}],"status":"Released","tagline":"","title":"As Aventuras de Agamenon, o Repórter","video":false,"vote_average":0.0,"vote_count":0}
