{"adult":false,"backdrop_path":null,"belongs_to_collection":null,"budget":0,"genres":[{"id":18,"name":"Drama"}],"homepage":"","id":95568,"imdb_id":"tt0059405","original_language":"en","original_title":"The Love Merchant","overview":"A spectacle of decadence","popularity":0.000153,"poster_path":"/gRz7qrvllifVs5DZED6leWSIzcq.jpg","production_companies":[],"production_countries":[],"release_date":"1966-01-01","revenue":0,"runtime":80,"spoken_languages":[{"iso_639_1":"en","name":"English"}],"status":"Released","tagline":"","title":"The Love Merchant","video":false,"vote_average":0.0,"vote_count":0}
