{"adult":false,"backdrop_path":null,"belongs_to_collection":null,"budget":0,"genres":[{"id":35,"name":"Comedy"}],"homepage":"","id":95415,"imdb_id":"tt0118616","original_language":"en","original_title":"Anarchy TV","overview":"An outraged reverend buys a public access station that specializes in what he considers pornographic broadcasting (shows include \"Conspiracy Of The Week\" and \"Eat Me\" all on Channel 69) ran by his daughter and her friends. The teens seize the station, however and seek public support for their efforts. However, when no one seems to be paying attention they start an all nude broadcast that gets them national exposure.","popularity":0.000144,"poster_path":"/3RjmBTYt8VUafqBEsdFUregc0qR.jpg","production_companies":[],"production_countries":[],"release_date":"1998-01-31","revenue":0,"runtime":87,"spoken_languages":[],"status":"Released","tagline":"","title":"Anarchy TV","video":false,"vote_average":6.5,"vote_count":1}
