{"adult":false,"backdrop_path":null,"belongs_to_collection":null,"budget":0,"genres":[],"homepage":"","id":95982,"imdb_id":"tt0145915","original_language":"en","original_title":"Mr. Headmistress","overview":"Tucker recently got out of prison, but is soon sought after by other bad men. So to escape them, he disguises himself as the new Headmistress of an all-girl school.","popularity":0.000152,"poster_path":"/kU8jhGdiV9E5g6uuZR6RvRJMkxN.jpg","production_companies":[],"production_countries":[],"release_date":"1998-03-15","revenue":0,"runtime":96,"spoken_languages":[{"iso_639_1":"en","name":"English"}],"status":"Released","tagline":"","title":"Mr. Headmistress","video":false,"vote_average":0.0,"vote_count":0}
