{"adult":false,"backdrop_path":null,"belongs_to_collection":null,"budget":0,"genres":[],"homepage":"","id":95857,"imdb_id":"tt0127207","original_language":"en","original_title":"The Ramrodder","overview":"Cowboy Rick,on his way to visit his sweetheart, encounters a bevy of beautiful Indian maidens and dallies with one of them. Later, when one of the girls is murdered by a passing no-good, the tribe falsely blames Rick and sentences him to die. But Tuwanna, the chief's daughter with whom Rick, um, dallied, has other ideas.","popularity":0.000195,"poster_path":"/7Zp44uxAzCQIlI5Jf5urguyOkQI.jpg","production_companies":[],"production_countries":[],"release_date":"1969-01-01","revenue":0,"runtime":88,"spoken_languages":[],"status":"Released","tagline":"","title":"The Ramrodder","video":false,"vote_average":0.0,"vote_count":0}
