{"adult":false,"backdrop_path":null,"belongs_to_collection":null,"budget":0,"genres":[],"homepage":"","id":95506,"imdb_id":"tt0360839","original_language":"ja","original_title":"憎いあンちくしょう","overview":"A celebrity (Yujiro Ishihara), dissatisfied with his personal and professional lives, impulsively leaves fast-paced Tokyo to deliver a much-needed jeep to a remote village. When his controlling manager, the woman he loves (Ruriko Asaoka), follows, the two must reconcile while dodging reporters.","popularity":0.000144,"poster_path":"/lIS3IoigoMuBZRRarO2wojr9JY3.jpg","production_companies":[],"production_countries":[],"release_date":"1962-01-01","revenue":0,"runtime":106,"spoken_languages":[{"iso_639_1":"ja","name":"日本語"}],"status":"Released","tagline":"","title":"I Hate But Love","video":false,"vote_average":0.0,"vote_count":0}
