{"adult":false,"backdrop_path":null,"belongs_to_collection":null,"budget":0,"genres":[],"homepage":"","id":95025,"imdb_id":"tt0067074","original_language":"en","original_title":"The Exotic Dreams of Casanova","overview":"The Hilarious Escapades of an Infamous Lover!","popularity":0.00041,"poster_path":"/4uCGlVu9lMbQUzmAHQoVntWI0Fp.jpg","production_companies":[],"production_countries":[],"release_date":"1971-02-22","revenue":0,"runtime":0,"spoken_languages":[],"status":"Released","tagline":"","title":"The Exotic Dreams of Casanova","video":false,"vote_average":0.0,"vote_count":0}
