{"adult":false,"backdrop_path":"/hwgASexsONbxQUK6q00LpZnLOJw.jpg","belongs_to_collection":null,"budget":0,"genres":[],"homepage":"","id":95788,"imdb_id":"tt1198407","original_language":"en","original_title":"The Snow Queen","overview":"This version of The Snow Queen is the first to be adapted from another adaptation. All of Sigourney Weaver's narration is from Amy Erhlich's 1982 picture book. Still, things are cut out and changed a bit.  The troll/devil is gone. The mirror belongs to the Snow Queen and it is her only friend. She grows very angry and lonely and smashes her mirror. She wants a friend and since Kai is all fucked up, she takes him.  The princess is cut from Gerda's journey and the crow turns out to be the Witch in disguise who helps her along the way. The Robber Girl has a mullet and is SUPER TOUCHY with Gerda. The Snow Queen lets Kai and Gerda go once she sees how much they love each other. It even melts her heart...and the rest of her. Yeesh.","popularity":0.000119,"poster_path":"/z1SiTLYqe5VOSzho2ZdrXHEbRv0.jpg","production_companies":[],"production_countries":[],"release_date":"1992-01-01","revenue":0,"runtime":30,"spoken_languages":[{"iso_639_1":"en","name":"English"}],"status":"Released","tagline":"","title":"The Snow Queen","video":false,"vote_average":0.0,"vote_count":0}
