{"adult":false,"backdrop_path":"/cNZpmx7d2J6Qhu9gVmiCwLjy0dX.jpg","belongs_to_collection":null,"budget":0,"genres":[{"id":18,"name":"Drama"},{"id":10749,"name":"Romance"},{"id":10752,"name":"War"}],"homepage":"","id":95797,"imdb_id":"tt0022550","original_language":"fr","original_title":"Waterloo Bridge","overview":"In World War I London, Myra is an American out of work chorus girl making ends meet by picking up men on Waterloo Bridge. During a Zeppelin air raid she meets Roy, a naive young American who enlisted in the Canadian army. They fall for each other, and he tricks Myra into visiting his family who live in a country estate outside London, where his step-father is a retired British Major. However Myra is reluctant to continue the relationship with Roy, because she has not told him about her past.","popularity":0.0003,"poster_path":"/2QVuf2EoRjPDwowQ6dzDtYajnhV.jpg","production_companies":[{"name":"Universal Studios","id":13}],"production_countries":[{"iso_3166_1":"US","name":"United States of America"}],"release_date":"1931-09-01","revenue":0,"runtime":81,"spoken_languages":[{"iso_639_1":"en","name":"English"}],"status":"Released","tagline":"","title":"Waterloo Bridge","video":false,"vote_average":3.8,"vote_count":2}
