{"adult":false,"backdrop_path":null,"belongs_to_collection":null,"budget":0,"genres":[],"homepage":"","id":95493,"imdb_id":"tt0168785","original_language":"sv","original_title":"Final Voyage","overview":"Restored to former glory, a nostalgic cruise ship repeats a tragic past...","popularity":0.000542,"poster_path":"/nfbf3KB9V0iH5d7rLr8xGK2VK2S.jpg","production_companies":[{"name":"Phoenician Entertainment","id":954}],"production_countries":[],"release_date":"2000-06-20","revenue":0,"runtime":95,"spoken_languages":[{"iso_639_1":"en","name":"English"}],"status":"Released","tagline":"2,500 passengers, 1 sinking ship, no escape.","title":"Final Voyage","video":false,"vote_average":0.0,"vote_count":0}
