{"adult":false,"backdrop_path":"/tPSMTAZH1QBKfrclglYISX39fiZ.jpg","belongs_to_collection":null,"budget":0,"genres":[{"id":10402,"name":"Music"}],"homepage":null,"id":95262,"imdb_id":"","original_language":"it","original_title":"D'espairsRay: LIQUIDIZE Live Tour","overview":null,"popularity":0.000574,"poster_path":"/ciSmq1l0HljKzg0mm7PsY7oWgqF.jpg","production_companies":[],"production_countries":[],"release_date":"2006-12-20","revenue":0,"runtime":0,"spoken_languages":[],"status":"Released","tagline":null,"title":"D'espairsRay: LIQUIDIZE Live Tour","video":false,"vote_average":3.8,"vote_count":2}
