{"adult":false,"backdrop_path":null,"belongs_to_collection":null,"budget":0,"genres":[],"homepage":"","id":95341,"imdb_id":"tt0246538","original_language":"en","original_title":"Crazy to Act","overview":"Millionaire film producer Gordon Bagley wants to marry Ethel St. John, the leading lady in his latest film. Ethel is in love with Arthur Young, the hero of Bagley's lastest movie. Work on the film starts, and at the preview screening is shown to be disasterous. Ethel then goes away with Arthur, while Gordon runs on a rotating movie set.","popularity":0.000143,"poster_path":"/gMAGdVBbqhWymMwmKBnwVUcsFgk.jpg","production_companies":[],"production_countries":[],"release_date":"1927-05-15","revenue":0,"runtime":11,"spoken_languages":[],"status":"Released","tagline":"","title":"Crazy to Act","video":false,"vote_average":0.0,"vote_count":0}
