{"adult":false,"backdrop_path":null,"belongs_to_collection":null,"budget":0,"genres":[],"homepage":"","id":96017,"imdb_id":"tt0287999","original_language":"en","original_title":"Entre abril y julio","overview":"Its about the relationship between  Julio, a radio broadcaster and Abril, a music teacher. It treat themes as destiny, love, incomunnication...","popularity":0.000522,"poster_path":"/vvj0glo6GtgSCy11cvwFEezyo6q.jpg","production_companies":[],"production_countries":[],"release_date":"2002-11-29","revenue":0,"runtime":92,"spoken_languages":[{"iso_639_1":"es","name":"Español"}],"status":"Released","tagline":"","title":"April and Jules","video":false,"vote_average":0.0,"vote_count":0}
