{"adult":false,"backdrop_path":"/hKJltdGnlroTfleayqiNAYXyHx1.jpg","belongs_to_collection":null,"budget":0,"genres":[],"homepage":"http://www.gr2kx.com","id":95462,"imdb_id":"","original_language":"de","original_title":"GoldRush Rally 2KX","overview":"What does all this equal? the most epic road rally ever on the the West Coast: The Goldrush Rally. Online community Luxury4Play developed and executed this incredible rally featuring Exotics, Supercars and a mind blowing route from Seattle through Portland, San Francisco, Los Angeles and finishing in Las Vegas. Watch the cars, people, parties and lifestyle of this life-changing event as it unfolded over all 5 days of the rally. Welcome to the next level of Automotive Lifestyle.","popularity":0.001143,"poster_path":"/wx47Uj51gdlw9cLMbPhX44eiRk.jpg","production_companies":[],"production_countries":[],"release_date":"2010-10-28","revenue":0,"runtime":0,"spoken_languages":[],"status":"Released","tagline":"5 Cities, 5 Nights, 2000 Miles, 75 Exotics, 1 DVD.","title":"GoldRush Rally 2KX","video":false,"vote_average":4.5,"vote_count":1}
