{"adult":false,"backdrop_path":"/x3uNo6rHbP4K6unZE6VjKSIq0vt.jpg","belongs_to_collection":null,"budget":0,"genres":[],"homepage":"","id":95604,"imdb_id":"","original_language":"nl","original_title":"K3 en het Droombed","overview":"Karen, Kristel and Josje visit the movie theatre. Upon leaving, Josje notices that she forgot her bag.","popularity":0.001573,"poster_path":"/1d0p8xcy2LSAGIfuVnh1t9QL5Ut.jpg","production_companies":[],"production_countries":[],"release_date":"2012-02-01","revenue":0,"runtime":0,"spoken_languages":[],"status":"Released","tagline":"","title":"K3 and the dreambed","video":true,"vote_average":8.0,"vote_count":1}
