{"adult":false,"backdrop_path":"/iBYwKETNXICmefQyrwYbPg3dh2p.jpg","belongs_to_collection":null,"budget":0,"genres":[{"id":27,"name":"Horror"}],"homepage":"","id":95667,"imdb_id":"tt1879012","original_language":"en","original_title":"Night of the Living Dead: Re-Animation","overview":"After inheriting the family mortuary, a pyrophobic mortician accidentally exposes hundreds of un-cremated bodies to toxic medical waste. As the corpses re-animate, the mortician's inheritance-seeking younger brother unexpectantly shows up, stumbling upon a full zombie outbreak!","popularity":0.120639,"poster_path":"/l6ay4SEqeRJsBnHwNzEyEihFqkc.jpg","production_companies":[],"production_countries":[{"iso_3166_1":"US","name":"United States of America"}],"release_date":"2012-10-16","revenue":0,"runtime":88,"spoken_languages":[{"iso_639_1":"fr","name":"Français"},{"iso_639_1":"en","name":"English"}],"status":"Released","tagline":"The Beginning of the End","title":"Night of the Living Dead: Re-Animation","video":false,"vote_average":3.7,"vote_count":3}
