{"adult":false,"backdrop_path":null,"belongs_to_collection":null,"budget":0,"genres":[{"id":18,"name":"Drama"}],"homepage":"","id":95342,"imdb_id":"tt0841175","original_language":"pt","original_title":"O Céu de Suely","overview":"In order to get funds, a young woman living in the Northeast of Brazil decides to raffle her own body.","popularity":0.000669,"poster_path":"/2i9nbwgrT3o9YZFTzNixCJQfjA1.jpg","production_companies":[],"production_countries":[{"iso_3166_1":"BR","name":"Brazil"}],"release_date":"2006-11-17","revenue":0,"runtime":90,"spoken_languages":[{"iso_639_1":"pt","name":"Português"}],"status":"Released","tagline":"","title":"Suely in the Sky","video":false,"vote_average":6.0,"vote_count":1}
