{"adult":false,"backdrop_path":null,"belongs_to_collection":null,"budget":0,"genres":[{"id":28,"name":"Action"},{"id":18,"name":"Drama"}],"homepage":"","id":95761,"imdb_id":"tt1941684","original_language":"en","original_title":"The Duel","overview":"With a fresh start, trying to escape an abusive past, Vance and his mother have just moved to a new city. Searching for a way to support his family while continuing his education he joins forces with Jules, who is looking for a highly skilled, basketball duel partner. With their impressive talent these two start cleaning the streets, winning every duel in town. Once word spreads they're invited to enter the ultra-violent, competitive duel championship. With high hopes for the win they'll do whatever it takes to walk off the court the new champions. Written by Elizabeth Obermeier, Marketing Manager","popularity":0.001658,"poster_path":"/wirHaIbuZJeY9YeP2PfDaEzC1aQ.jpg","production_companies":[],"production_countries":[{"iso_3166_1":"US","name":"United States of America"}],"release_date":"2011-12-27","revenue":0,"runtime":105,"spoken_languages":[{"iso_639_1":"en","name":"English"}],"status":"Released","tagline":"","title":"The Duel","video":false,"vote_average":8.0,"vote_count":1}
