{"adult":false,"backdrop_path":null,"belongs_to_collection":null,"budget":0,"genres":[{"id":35,"name":"Comedy"}],"homepage":"","id":95438,"imdb_id":"tt0210671","original_language":"en","original_title":"The Escort III","overview":"The veteran detective Grabovsky investigates the mysterious murder of a business beauty, Julie Clark. The main suspect becomes her colleague, the young architect Jim Corrigan.","popularity":0.001133,"poster_path":"/unHJe5nHj3hY1w8BlSPxzaeY2dk.jpg","production_companies":[],"production_countries":[{"iso_3166_1":"US","name":"United States of America"}],"release_date":"1999-01-01","revenue":0,"runtime":90,"spoken_languages":[{"iso_639_1":"en","name":"English"}],"status":"Released","tagline":"","title":"The Escort III","video":false,"vote_average":4.0,"vote_count":1}
