{"adult":false,"backdrop_path":"/rBCmtKk7kbVKL2y98d5ikMaht83.jpg","belongs_to_collection":null,"budget":0,"genres":[{"id":99,"name":"Documentary"},{"id":18,"name":"Drama"},{"id":35,"name":"Comedy"}],"homepage":"http://www.hija.cl","id":95847,"imdb_id":"tt2057406","original_language":"en","original_title":"Hija","overview":"My name is María Paz González Guzmán, but behind my two last names, instead of a real connection to my family´s past, I can only find made up stories; stories which I believed true and that once made up my identity.  My mother’s past, the only relative I know, is also laden with doubtful stories filled with characters that may not really exists. This personal and family oriented conflict –left unexplored for years-, is the starting point of “Hija”. With this film I was faced with the challenges of any work of cinema, but at the same time I was pushed to confront and explore the conflicts that I thought were forgiven and surpassed. It became an experience in which fantasy and reality were no longer my tools to explain the deep and powerful answers of what we can be.  A voyage that became a film and a film that lead me to understand things that had I ever imagined.","popularity":0.001765,"poster_path":"/dMdhuKAS5uPX5L7vj7svKJXI78y.jpg","production_companies":[],"production_countries":[{"iso_3166_1":"CL","name":"Chile"}],"release_date":"2012-05-09","revenue":0,"runtime":84,"spoken_languages":[{"iso_639_1":"es","name":"Español"}],"status":"Released","tagline":"Daughter is a journey where lies become reality and where the reality takes the shape of a film: that of a documentary road movie based on imaginary facts","title":"Daughter","video":false,"vote_average":7.0,"vote_count":1}
