{"adult":false,"backdrop_path":null,"belongs_to_collection":null,"budget":0,"genres":[{"id":99,"name":"Documentary"}],"homepage":"http://www.taskovskifilms.com/film/the-bella-vista","id":95829,"imdb_id":"tt2219470","original_language":"en","original_title":"El Bella Vista","overview":"“The Bella Vista” is the story of a house started as a football club, becoming a successful transvestite brothel and changes at last to a Catholic Chapel, all in a small conservative village in Uruguay. In this playful documentary, two transvestites, one brothel’s Madam and a gaucho football player, will bring to life this battle for control of a single physical space, driven by the same motivation: passion.","popularity":0.002823,"poster_path":"/g7QNvqoUvWMUu3JTvCgrryKHGPY.jpg","production_companies":[],"production_countries":[{"iso_3166_1":"UY","name":"Uruguay"},{"iso_3166_1":"DE","name":"Germany"}],"release_date":"2012-07-01","revenue":0,"runtime":73,"spoken_languages":[{"iso_639_1":"es","name":"Español"}],"status":"Released","tagline":"The story of a house started as a football club, becoming a successful transvestite brothel and changes at last to a Catholic Chapel, all in a small conservative village in Uruguay.","title":"The Bella Vista","video":false,"vote_average":0.0,"vote_count":0}
