{"adult":false,"backdrop_path":null,"belongs_to_collection":null,"budget":0,"genres":[{"id":80,"name":"Crime"},{"id":35,"name":"Comedy"}],"homepage":"","id":95101,"imdb_id":"tt0093830","original_language":"en","original_title":"Rebel High","overview":"Rebel High is a 1987 social satire film about the chaos and mayhem that modern western cities' high schools became. It is based on a US novel by Evan Keliher.Made in Canada, most of the cast is relatively unknown and in many cases uncredited.","popularity":0.002025,"poster_path":"/hY3GSLXesqpmOvAZlPiobUiCthg.jpg","production_companies":[{"name":"Manson International","id":20479}],"production_countries":[{"iso_3166_1":"CA","name":"Canada"}],"release_date":"1987-01-01","revenue":0,"runtime":92,"spoken_languages":[{"iso_639_1":"en","name":"English"}],"status":"Released","tagline":"Where Spring Break Is Just A Cease Fire!","title":"Rebel High","video":false,"vote_average":0.0,"vote_count":0}
