{"adult":false,"backdrop_path":null,"belongs_to_collection":null,"budget":10000,"genres":[],"homepage":"http://www.realsocialnetworkfilm.com/","id":95599,"imdb_id":"tt2234505","original_language":"en","original_title":"The Real Social Network","overview":"Say hi to the new generation of protest.  Protest has changed. Between the first UK student protests in November 2010 and the global uprising in the spring of 2011, a new radicalism, fuelled by modern technology, has hit the streets.  Over 6 months of government cuts, a collective of filmmakers has had exclusive access to the backroom meetings of a group of London students as they hacked software, occupied universities and shut down banks. In the process, they've helped build the movement currently sending ripples across the globe.  The Real Social Network captures the passion, the anger and the technology that has forever changed the game between those in power and us.  With exclusive access to the backroom meetings of a group of London students, The Real Social Network follows them as they hack software, occupy universities and shut down banks on the way to building a movement that has sent ripples across the globe.","popularity":0.001642,"poster_path":null,"production_companies":[],"production_countries":[{"iso_3166_1":"GB","name":"United Kingdom"}],"release_date":"2012-01-01","revenue":0,"runtime":77,"spoken_languages":[{"iso_639_1":"en","name":"English"}],"status":"Released","tagline":"Say hi to the new generation of protest","title":"The Real Social Network","video":false,"vote_average":10.0,"vote_count":1}
