{"adult":false,"backdrop_path":"/pnw0QD4Vz8U7XVwf3cdLeEoqaYH.jpg","belongs_to_collection":null,"budget":0,"genres":[],"homepage":"","id":95727,"imdb_id":"tt0062656","original_language":"en","original_title":"Amanti","overview":"Globe-trotting clothes-horse Faye Dunaway, who's harboring a secret, embarks on a 10-day fling with Marcello Mastroianni in Italy. This 1968 film was directed by Vittorio De Sica.","popularity":0.000153,"poster_path":"/jIf3CcIZ43HFbKLw68CGP0mjBH2.jpg","production_companies":[],"production_countries":[],"release_date":"1968-12-19","revenue":0,"runtime":90,"spoken_languages":[{"iso_639_1":"it","name":"Italiano"}],"status":"Released","tagline":"","title":"A Place For Lovers","video":false,"vote_average":0.0,"vote_count":0}
