{"adult":false,"backdrop_path":null,"belongs_to_collection":null,"budget":0,"genres":[{"id":10751,"name":"Family"}],"homepage":"","id":95975,"imdb_id":"","original_language":"en","original_title":"The Horse In The Grey Flannel Suit","overview":"Frederick Bolton has to solve two problems. First, his boss has instructed him to come up with a reasonable campaign to promote a new product, a stomach pill named \"Aspercel\" - by tomorrow. The second problem is Fred's daugther, Helen. She is absolutely fond of horses, takes riding classes and has already had decent success in some competitions. Her biggest wish is to own a horse herself, a dream her father cannot afford at all. Now Fred tries to solve both problems at once by simply combining them: A horse named \"Aspercel\", ridden by his daugther should bring the name of the pill into the papers and make Helen happy, too. But there's still one more obstacle: Helen and Aspercel of course have to win a few prices to make this idea work","popularity":0.0,"poster_path":null,"production_companies":[],"production_countries":[],"release_date":"","revenue":0,"runtime":113,"spoken_languages":[],"status":"Released","tagline":"Horse | Animal In Title | Advertising | Father Daughter Relationship | Spoof Title","title":"The Horse In The Grey Flannel Suit","video":false,"vote_average":0.0,"vote_count":0}
