{"adult":false,"backdrop_path":"/cwF5Lj7DE44cdwwrsop5x9Ctp03.jpg","belongs_to_collection":null,"budget":0,"genres":[{"id":18,"name":"Drama"},{"id":53,"name":"Thriller"}],"homepage":"","id":95385,"imdb_id":"tt1572501","original_language":"da","original_title":"Beast","overview":"Bruno loves his wife Maxine, but his love and body are slowly undergoing a transformation. Something is beginning to stir inside him and there is nothing he can do to stop it. Because when you first delve into the dark side of love to find power, aggression and hatred, there is no turning back.","popularity":0.028781,"poster_path":"/lbvbpWFDlL7Nc6wskRDKFdqEm6w.jpg","production_companies":[{"name":"AlphaVille Pictures Copenhagen","id":40938}],"production_countries":[{"iso_3166_1":"DK","name":"Denmark"}],"release_date":"2011-10-15","revenue":0,"runtime":83,"spoken_languages":[{"iso_639_1":"da","name":"Dansk"}],"status":"Released","tagline":"","title":"Beast","video":false,"vote_average":5.0,"vote_count":1}
