{"adult":false,"backdrop_path":"/vvSgXKb0STay9UFvBPoCSICxPzq.jpg","belongs_to_collection":null,"budget":0,"genres":[{"id":35,"name":"Comedy"}],"homepage":"","id":95630,"imdb_id":"tt0093160","original_language":"en","original_title":"He's My Girl","overview":"Bryan and Reggie are best friends who are in the music business in Missouri. When Reggie enters Brian for a chance to go to L.A., Bryan wins the contest and wants to bring Reggie with him. However, Bryan must bring a girl. In an effort to make sure Bryan gets his shot, Reggie decides to pose as a girl. When the duo arrive in L.A., both fall in love with two women and they must stop the promoter of the contest when he steals Bryan's song for his star, Simon Sledge.","popularity":0.0108,"poster_path":"/qsRUVxfOTXzutaIrLWZiVMtSv9I.jpg","production_companies":[],"production_countries":[],"release_date":"1987-09-11","revenue":0,"runtime":84,"spoken_languages":[{"iso_639_1":"en","name":"English"}],"status":"Released","tagline":"","title":"He's My Girl","video":false,"vote_average":5.5,"vote_count":1}
