{"adult":true,"backdrop_path":null,"belongs_to_collection":null,"budget":0,"genres":[],"homepage":"","id":95289,"imdb_id":"","original_language":"en","original_title":"Valentina's Rehearsal of Fortune Part 2","overview":".","popularity":0.000144,"poster_path":null,"production_companies":[],"production_countries":[],"release_date":"1997-01-01","revenue":0,"runtime":59,"spoken_languages":[],"status":"Released","tagline":"","title":"Valentina's Rehearsal of Fortune Part 2","video":false,"vote_average":0.0,"vote_count":0}
