{"adult":false,"backdrop_path":null,"belongs_to_collection":null,"budget":0,"genres":[],"homepage":"","id":95444,"imdb_id":"tt0064423","original_language":"fr","original_title":"Heureux qui comme Ulysse","overview":null,"popularity":0.000355,"poster_path":"/q8FSMVZLlJCcZ3lQenU0ICEkx5H.jpg","production_companies":[],"production_countries":[{"iso_3166_1":"FR","name":"France"}],"release_date":"1970-07-08","revenue":0,"runtime":90,"spoken_languages":[{"iso_639_1":"fr","name":"Français"}],"status":"Released","tagline":"","title":"Happy He Who Like Ulysses","video":false,"vote_average":7.0,"vote_count":4}
