{"adult":false,"backdrop_path":null,"belongs_to_collection":null,"budget":0,"genres":[{"id":10752,"name":"War"}],"homepage":"","id":95083,"imdb_id":"tt0064237","original_language":"en","original_title":"Il dito nella piaga","overview":"A twist of fate leads a recent Westpoint grad into being responsible for the execution of two fellow American GIs. The young lieutenant comes of age, and the two battle hardened veterans achieve a state of grace through acts of sacrifice.","popularity":0.000168,"poster_path":"/31D52Jrd2nQa5IZNaBXfFkuWlD4.jpg","production_companies":[],"production_countries":[{"iso_3166_1":"IT","name":"Italy"}],"release_date":"1969-08-10","revenue":0,"runtime":98,"spoken_languages":[],"status":"Released","tagline":"","title":"Salt in the Wound","video":false,"vote_average":0.0,"vote_count":0}
