{"adult":false,"backdrop_path":"/qn0JOdevm9fSxWLPFJo40Q57smL.jpg","belongs_to_collection":null,"budget":0,"genres":[],"homepage":"","id":95349,"imdb_id":"","original_language":"en","original_title":"The Fans Are Alright","overview":"Over 80 minutes of extras created specifically for the die-hard Pearl Jam fans including rare and never-before-seen live performances.","popularity":0.001623,"poster_path":"/3dvaBYcT76fH81QesDc5S7l1yan.jpg","production_companies":[],"production_countries":[],"release_date":"2011-10-25","revenue":0,"runtime":80,"spoken_languages":[],"status":"Released","tagline":"","title":"The Fans Are Alright","video":false,"vote_average":0.0,"vote_count":0}
