{"adult":false,"backdrop_path":"/atCtr5DVTXdUFGKNvtu8aPI1Ey9.jpg","belongs_to_collection":null,"budget":0,"genres":[],"homepage":"","id":95115,"imdb_id":"tt0100028","original_language":"en","original_title":"Linnea Quigley's Horror Workout","overview":"After a nice shower, Linnea does some warm-up stretches and then goes for a run. She encounters some flabby zombies who follow her back to the house, where she leads them in some poolside aerobic routines. Later she unwinds by inviting some girlfriends over for a slumber party and some exercise. When something goes bump in the house, her friends begin experiencing an attrition problem.","popularity":0.1,"poster_path":"/xT7Xei5vxumS1FznAoqKcHsriw1.jpg","production_companies":[{"name":"Cinema Home Video Productions","id":17425}],"production_countries":[{"iso_3166_1":"US","name":"United States of America"}],"release_date":"1990-01-01","revenue":0,"runtime":99,"spoken_languages":[],"status":"Released","tagline":"","title":"Linnea Quigley's Horror Workout","video":false,"vote_average":0.0,"vote_count":0}
