{"adult":false,"backdrop_path":"/iCNN4Scf9pdqYaL7emxNpMnCXoK.jpg","belongs_to_collection":null,"budget":0,"genres":[{"id":18,"name":"Drama"},{"id":27,"name":"Horror"},{"id":35,"name":"Comedy"},{"id":10769,"name":"Foreign"}],"homepage":"","id":96001,"imdb_id":"tt1686328","original_language":"pt","original_title":"Trabalhar Cansa","overview":"With her husband having lost his job, Helena opens her own grocery store, but is soon plagued by strange occurrences.","popularity":0.001309,"poster_path":"/dmTcdMb2B4EK5IGVxfWb8ZRkLUs.jpg","production_companies":[],"production_countries":[{"iso_3166_1":"BR","name":"Brazil"}],"release_date":"2011-05-12","revenue":0,"runtime":99,"spoken_languages":[{"iso_639_1":"pt","name":"Português"}],"status":"Released","tagline":"","title":"Hard Labor","video":false,"vote_average":4.0,"vote_count":1}
