{"adult":false,"backdrop_path":"/9aDkuCNF6Cw6ipW7E2wpGF1pR5j.jpg","belongs_to_collection":null,"budget":0,"genres":[{"id":35,"name":"Comedy"},{"id":18,"name":"Drama"}],"homepage":"","id":95652,"imdb_id":"tt0046572","original_language":"fr","original_title":"L'étrange désir de Monsieur Bard","overview":"A terminally ill Mr. Bard, a casino bus driver forced to quit his job, miraculously wins a fortune playing roulette. Instantly becoming a millionaire, he wants to fulfill his life's dream: to become a father. This plan is opposed by his greedy relatives who would go any low to take this money away from him. They are being led by a small-time crook. Mr. Bard's natural shyness and good heart lead him to the journey of self-exploration and finding his true love.","popularity":0.000665,"poster_path":"/wefw7HC5ukJEkSVvYIopCgjEFGr.jpg","production_companies":[],"production_countries":[{"iso_3166_1":"FR","name":"France"}],"release_date":"1954-01-04","revenue":0,"runtime":108,"spoken_languages":[{"iso_639_1":"fr","name":"Français"}],"status":"Released","tagline":"","title":"Strange Desire of Mr. Bard","video":false,"vote_average":0.0,"vote_count":0}
