{"adult":false,"backdrop_path":"/dXvVPiD6PX13ZnxHXIfRMX0P6XB.jpg","belongs_to_collection":null,"budget":0,"genres":[{"id":28,"name":"Action"},{"id":18,"name":"Drama"},{"id":80,"name":"Crime"}],"homepage":"","id":95456,"imdb_id":"tt0052858","original_language":"fr","original_title":"Le Gorille vous salue bien","overview":null,"popularity":0.000642,"poster_path":"/ocUQP1w7SiTe4RLXsIOaV0QOJ7M.jpg","production_companies":[{"name":"Société Nouvelle Pathé Cinéma","id":643},{"name":"Les Films Raoul Ploquin","id":9055}],"production_countries":[{"iso_3166_1":"FR","name":"France"}],"release_date":"1958-09-01","revenue":0,"runtime":0,"spoken_languages":[{"iso_639_1":"fr","name":"Français"}],"status":"Released","tagline":"","title":"The Mask of the Gorilla","video":false,"vote_average":6.0,"vote_count":2}
