{"adult":false,"backdrop_path":"/aofHs6ATlcqBBpCnzq8HBAqRm7H.jpg","belongs_to_collection":null,"budget":0,"genres":[{"id":80,"name":"Crime"},{"id":18,"name":"Drama"},{"id":10749,"name":"Romance"}],"homepage":"","id":95683,"imdb_id":"tt0034342","original_language":"en","original_title":"Unholy Partners","overview":"A crusading newsman (Edward G. Robinson) starts up a tabloid with a gangster (Edward Arnold) as his 50-50 partner.","popularity":0.000145,"poster_path":"/tlxF39YpS6AKF8Xs9GUWB05a2Hl.jpg","production_companies":[{"name":"MGM","id":5899}],"production_countries":[{"iso_3166_1":"US","name":"United States of America"}],"release_date":"1941-11-01","revenue":0,"runtime":94,"spoken_languages":[{"iso_639_1":"en","name":"English"}],"status":"Released","tagline":"Mad Manhattan in the Sin Decade","title":"Unholy Partners","video":false,"vote_average":7.0,"vote_count":1}
