{"adult":false,"backdrop_path":null,"belongs_to_collection":null,"budget":0,"genres":[{"id":27,"name":"Horror"},{"id":99,"name":"Documentary"}],"homepage":"","id":95698,"imdb_id":"tt1163271","original_language":"en","original_title":"Lockout","overview":"In 1929 one of the darkest chapters in Australian industrial history was written in blood and bitterness on the Northern Coalfields of NSW, a tale that will echo across our landscape in story, song and legacy.","popularity":0.000622,"poster_path":null,"production_companies":[],"production_countries":[{"iso_3166_1":"AU","name":"Australia"}],"release_date":"2007-08-23","revenue":0,"runtime":56,"spoken_languages":[{"iso_639_1":"en","name":"English"}],"status":"Released","tagline":"Australia's most violent industrial conflict","title":"Lockout","video":false,"vote_average":0.0,"vote_count":0}
