{"adult":false,"backdrop_path":null,"belongs_to_collection":null,"budget":500000,"genres":[{"id":18,"name":"Drama"}],"homepage":"","id":95522,"imdb_id":"tt1616092","original_language":"en","original_title":"Black Butterfly","overview":"Black Butterfly is about 16 year old Ariel- a girl with a dream. Making the Women's U.S. Swim Team will change her life. Ariel excitedly begins training when... tragedy strikes. She is brutally raped. Her dreams of swimming, relationships, and life are tossed to and fro as she struggles within the aftermath. Should she tell? Should she hide? Adrenaline and anticipation rise as her coach, family and friends find out about the rape in various ways. Now, what will each do to seek revenge? How will they deal with a rapist who is no stranger to their lives? What draws the line between pain and possibility for Ariel? Written by Honee Earth, LLC.","popularity":0.001004,"poster_path":"/4OHFW9OxUStQNvOUP7TDvoAT7aR.jpg","production_companies":[],"production_countries":[{"iso_3166_1":"US","name":"United States of America"}],"release_date":"2010-03-17","revenue":0,"runtime":95,"spoken_languages":[{"iso_639_1":"en","name":"English"}],"status":"Released","tagline":"","title":"Black Butterfly","video":false,"vote_average":6.0,"vote_count":1}
