{"adult":false,"backdrop_path":null,"belongs_to_collection":null,"budget":0,"genres":[{"id":18,"name":"Drama"}],"homepage":"","id":95491,"imdb_id":"tt0081723","original_language":"en","original_title":"Violer Er Blå","overview":"Filmen er en humoristisk og bevægende fortælling om mennesker der tænker med hjertet og føler med hjernen. Vi møder TV-journalisten Mille (Lisbeth Lundquist) som er meget optaget af at frigøre sig. Hun lever sammen med John (Baard Owe), som har et gammeldags og romantisk gemyt. Hun omgi'r sig af veninden Suzanne (Annika Hoydal), der er biseksuel, vennen Uffe (Holger Juul Hansen) og massagepigen Lise. Vi stifter også bekendskab med en tåbelig jurist (Ulf Pilgaard), som Mille forelsker sig i. Hovedpersonerne er mennesker, som man kan finde dem rundt omkring i hverdagen.","popularity":0.002025,"poster_path":"/s22YvDMx2NhusqG9y7Vy3igaHxd.jpg","production_companies":[],"production_countries":[{"iso_3166_1":"DK","name":"Denmark"}],"release_date":"1975-06-02","revenue":0,"runtime":120,"spoken_languages":[{"iso_639_1":"da","name":"Dansk"}],"status":"Released","tagline":"Filmen er en humoristisk og bevægende fortælling om mennesker der tænker med hjertet og føler med hjernen.","title":"Violets Are Blue","video":false,"vote_average":0.0,"vote_count":0}
