{"adult":false,"backdrop_path":"/maNPUxbkN6C265zL5SbWFY7uShC.jpg","belongs_to_collection":null,"budget":0,"genres":[{"id":99,"name":"Documentary"}],"homepage":"","id":95582,"imdb_id":"tt1094184","original_language":"en","original_title":"I Am an Animal: The Story of Ingrid Newkirk and PETA","overview":"A candid and introspective look at the extreme beliefs and motives of Ingrid Newkirk, the British-born co-founder and driving force behind People for the Ethical Treatment of Animals (PETA), the world's largest animal-rights organization.","popularity":0.000574,"poster_path":"/mcSF6uZaxoCzcF9su8ZQxZF7UVB.jpg","production_companies":[],"production_countries":[],"release_date":"2007-11-17","revenue":0,"runtime":72,"spoken_languages":[{"iso_639_1":"en","name":"English"}],"status":"Released","tagline":"","title":"I Am an Animal: The Story of Ingrid Newkirk and PETA","video":false,"vote_average":4.5,"vote_count":2}
