{"adult":false,"backdrop_path":null,"belongs_to_collection":null,"budget":0,"genres":[{"id":18,"name":"Drama"},{"id":9648,"name":"Mystery"}],"homepage":"","id":95400,"imdb_id":"tt0105126","original_language":"en","original_title":"Perry Mason: The Case of the Reckless Romeo","overview":"Sleazy talk show host Ted Mayne writes a tell-all book, which enrages and embarrasses several very prominent women. One of them, actress Roxanne Shield, loses her composure during an interview and winds up making a televised death threat. Of course, when Ted is murdered, she is arrested. Witnesses claim they saw Roxanne outside his apartment that night and police later find the murder weapon in her car. Renowned defence attorney Perry Mason accepts the challenge of defending her in court.","popularity":0.006255,"poster_path":"/4QstFaYzer5Ppzb8pQ5JyvKIwzM.jpg","production_companies":[],"production_countries":[],"release_date":"1992-05-05","revenue":0,"runtime":86,"spoken_languages":[{"iso_639_1":"en","name":"English"}],"status":"Released","tagline":"","title":"Perry Mason: The Case of the Reckless Romeo","video":false,"vote_average":0.0,"vote_count":0}
