{"adult":false,"backdrop_path":null,"belongs_to_collection":null,"budget":1000000,"genres":[],"homepage":null,"id":95519,"imdb_id":"tt1815849","original_language":"it","original_title":"Native","overview":null,"popularity":0.001826,"poster_path":"/82uA9KGs8Wb7eUNMyNQyvnTbxP.jpg","production_companies":[],"production_countries":[{"iso_3166_1":"IT","name":"Italy"}],"release_date":"2012-03-09","revenue":0,"runtime":0,"spoken_languages":[{"iso_639_1":"it","name":"Italiano"}],"status":"","tagline":null,"title":"Native","video":false,"vote_average":0.0,"vote_count":0}
