{"adult":false,"backdrop_path":"/aUHJ5RdNQ0dfvCycl20w1sYvhOw.jpg","belongs_to_collection":null,"budget":200000,"genres":[{"id":99,"name":"Documentary"}],"homepage":"","id":95957,"imdb_id":"tt0453526","original_language":"en","original_title":"Obstacle","overview":"In June 2002 Israel began constructing a 400-mile \"security fence\" inside the West Bank. In many areas, this fence is not a fence - it's a concrete wall, twice as high as the Berlin Wall. By documenting the people devastated by this construction, and through interviews with Israeli and Palestinian scholars, OBSTACLE reveals how the \"need for security\" is enabling Israelis to appropriate Palestinian land, vegetation and all their water resources.","popularity":0.000653,"poster_path":"/nBCkK5fb39BFYVa12ZJ9SrNdQgy.jpg","production_companies":[],"production_countries":[],"release_date":"2004-07-04","revenue":0,"runtime":115,"spoken_languages":[],"status":"Released","tagline":"","title":"Obstacle","video":false,"vote_average":0.0,"vote_count":0}
