{"adult":false,"backdrop_path":null,"belongs_to_collection":null,"budget":0,"genres":[],"homepage":"","id":95552,"imdb_id":"tt0033775","original_language":"en","original_title":"Jungle Cavalcade","overview":"No Overview","popularity":0.000215,"poster_path":"/e0Q8QT98mXOEfJOvIf3plW4F5oO.jpg","production_companies":[],"production_countries":[],"release_date":"1941-07-03","revenue":0,"runtime":76,"spoken_languages":[],"status":"Released","tagline":"","title":"Jungle Cavalcade","video":false,"vote_average":0.0,"vote_count":0}
