{"adult":false,"backdrop_path":null,"belongs_to_collection":null,"budget":0,"genres":[{"id":18,"name":"Drama"}],"homepage":"","id":95086,"imdb_id":"tt1298722","original_language":"en","original_title":"El tinte de la fama","overview":"Magaly enters a TV contest looking for Marilyn Monroe look-alikes, pressured by her husband and a money prize of $25,000 to help them overcome their precarious financial situation. In the process of becoming Marilyn Monroe, Magaly suffers an identity crisis that mimics the life of the mythical blonde.","popularity":0.000747,"poster_path":"/9bs68kHO7dZfmCs6NxeGL7Alklg.jpg","production_companies":[],"production_countries":[],"release_date":"2008-02-01","revenue":0,"runtime":85,"spoken_languages":[{"iso_639_1":"es","name":"Español"}],"status":"Released","tagline":"","title":"The Color of Fame","video":false,"vote_average":7.5,"vote_count":1}
