{"adult":false,"backdrop_path":"/xYioaxXmGMUkKYSLeKn0B3ozW4O.jpg","belongs_to_collection":null,"budget":0,"genres":[{"id":35,"name":"Comedy"}],"homepage":"http://www.badactressmovie.com","id":95642,"imdb_id":"tt1326188","original_language":"en","original_title":"Bad Actress","overview":"Alyssa Rampart Pillage is a washed up TV queen whose career has been reduced to starring in commercials for her husband Bernie’s appliance empire. When their tree hugging daughter Topanga dies in a tragic golf ball accident, Bernie goes off the spiritual deep end and tries to give away their fortune with disastrous results. But what starts off as tragedy quickly turns into career re-invention for Alyssa. And as the body counts rises, so does her star. Bad Actress is a guilty pleasure of a film that gleefully mocks the world of Hollywood and Fame, which reminds us that Justice has nothing on Celebrity.Written by Anonymous (www.imdb.com).","popularity":0.002151,"poster_path":"/9ebWazuWCD8CGI2kzEN0rS21qsp.jpg","production_companies":[],"production_countries":[{"iso_3166_1":"US","name":"United States of America"}],"release_date":"2011-03-06","revenue":0,"runtime":87,"spoken_languages":[{"iso_639_1":"en","name":"English"}],"status":"Released","tagline":"She's not bad. She just acts that way.","title":"Bad Actress","video":false,"vote_average":0.0,"vote_count":0}
