{"adult":false,"backdrop_path":"/tTiSYUFf58vI9aRGxqBJCZxC9JU.jpg","belongs_to_collection":null,"budget":0,"genres":[],"homepage":"","id":95080,"imdb_id":"tt0072303","original_language":"en","original_title":"Ein toter Taucher nimmt kein Gold","overview":"Two divers find a treasure map, which apparently points to a sunken treasure below the ocean. They hire a professional to help them get the gold but this guy turns out to have a few secrets of his own.","popularity":0.0,"poster_path":"/v8ZGSrBhDLR6b3mYYMlAO5X6458.jpg","production_companies":[],"production_countries":[],"release_date":"1974-03-15","revenue":0,"runtime":95,"spoken_languages":[{"iso_639_1":"de","name":"Deutsch"}],"status":"Released","tagline":"","title":"Deadly Jaws","video":false,"vote_average":0.0,"vote_count":1}
