{"adult":false,"backdrop_path":"/fuUQU9STujJ38j72uOqNveEaJBp.jpg","belongs_to_collection":null,"budget":0,"genres":[{"id":16,"name":"Animation"},{"id":35,"name":"Comedy"},{"id":14,"name":"Fantasy"},{"id":10749,"name":"Romance"}],"homepage":"http://kadokawa-anime.jp/soraoto/","id":95170,"imdb_id":"tt1974262","original_language":"en","original_title":"Gekijouban Sora no otoshimono: Tokei jikake no enjeroido","overview":"Sakurai Tomoki goes on a trip to a hot spring, and is soon up to his usual perverted antics. In addition, he's about to receive his first love confession! However, his desire to pass his days peacefully is challenged once again by another Angeloid. Compared with the hostile Angeloids he had encountered in the past, this new Type Zeta Angeloid is by far the most powerful!","popularity":0.011996,"poster_path":"/7hHQ80irbuyZNk2r8f1Jcr5p6Wk.jpg","production_companies":[{"name":"Glovision","id":9067},{"name":"Kadokawa Shoten Publishing Co.","id":9068},{"name":"The Klock Worx Company","id":9069},{"name":"NTT Docomo","id":9070},{"name":"Anime International Company (AIC)","id":22852}],"production_countries":[{"iso_3166_1":"JP","name":"Japan"}],"release_date":"2011-06-25","revenue":0,"runtime":97,"spoken_languages":[{"iso_639_1":"ja","name":"日本語"}],"status":"Released","tagline":"","title":"Heaven's Lost Property the Movie: The Angeloid of Clockwork","video":false,"vote_average":7.3,"vote_count":2}
