{"adult":false,"backdrop_path":"/37RnM7FuTaZaun1ncC8t1eBLkhd.jpg","belongs_to_collection":null,"budget":0,"genres":[{"id":37,"name":"Western"},{"id":80,"name":"Crime"},{"id":28,"name":"Action"},{"id":18,"name":"Drama"}],"homepage":"","id":95966,"imdb_id":"tt0072278","original_language":"en","original_title":"Thomasine & Bushrod","overview":"A rare blaxploitation classic starring Vonette McGee &amp; Max Julien, Thomasine &amp; Bushrod was intended as a counterpart to Bonnie and Clyde. This pair of thieves, who operate in the American south between 1911 and 1915, pattern themselves after Robin Hood and hold the White Establishment as (a 'modern-day') Sheriff of Nottingham. Here's the clincher-- Thomasine and Bushrod steal from rich, white capitalists, then give to Mexicans, Native Americans and poor whites.","popularity":0.010125,"poster_path":"/6um3WKHQnRlxRr9y4LQYPGTSbuQ.jpg","production_companies":[{"name":"Columbia Pictures Corporation","id":441}],"production_countries":[{"iso_3166_1":"US","name":"United States of America"}],"release_date":"1974-04-10","revenue":0,"runtime":95,"spoken_languages":[{"iso_639_1":"en","name":"English"}],"status":"Released","tagline":"Driven By Love...And Bank Robbing","title":"Thomasine & Bushrod","video":false,"vote_average":0.0,"vote_count":0}
