{"adult":false,"backdrop_path":null,"belongs_to_collection":null,"budget":0,"genres":[{"id":10402,"name":"Music"}],"homepage":"","id":95274,"imdb_id":"","original_language":"it","original_title":"Dir En Grey Rettou Gekishin Angya Final 2003 5 Ugly Kingdom","overview":"Rettou Gekishin Angya Final 2003 5 Ugly Kingdom is a live DVD and VHS released by Dir En Grey on May 21, 2003. The featured concert was performed at the Yokohama Arena, as the last show of the year-long Rettou Gekishin Angya tour. This was the band's first live release to make use of a 16:9 aspect ratio and DTS audio (DVD only). Also included on the DVD version are multiple angles for the performance of \"Children\", extra footage from various legs of aforementioned tour and several easter eggs.","popularity":0.000287,"poster_path":"/rCOW3Owi62vxjXaMy2DRiRT5ro7.jpg","production_companies":[],"production_countries":[],"release_date":"2003-05-21","revenue":0,"runtime":0,"spoken_languages":[],"status":"Released","tagline":"","title":"Dir En Grey Rettou Gekishin Angya Final 2003 5 Ugly Kingdom","video":false,"vote_average":3.8,"vote_count":2}
