{"adult":false,"backdrop_path":null,"belongs_to_collection":null,"budget":0,"genres":[],"homepage":"","id":95567,"imdb_id":"tt0126456","original_language":"en","original_title":"The Monster of Camp Sunshine or How I Learned to Stop Worrying and Love Nature","overview":"A scientist carelessly dumps some toxic waste into a river. The gardener at a nudist camp drinks the water, turns into a monster and attacks all the (female) nudists.","popularity":0.000218,"poster_path":"/m7gise0XBmwmgV2d9pmHpM4SNu1.jpg","production_companies":[],"production_countries":[],"release_date":"1964-10-15","revenue":0,"runtime":0,"spoken_languages":[],"status":"Released","tagline":"","title":"The Monster of Camp Sunshine or How I Learned to Stop Worrying and Love Nature","video":false,"vote_average":0.0,"vote_count":0}
