{"adult":false,"backdrop_path":"/z5HGj0YEgB1MqyM3Karjdua3J9j.jpg","belongs_to_collection":null,"budget":0,"genres":[],"homepage":null,"id":95457,"imdb_id":"tt0161825","original_language":"fr","original_title":"Monsieur Hector","overview":null,"popularity":0.000248,"poster_path":"/eHE68z5sIZKlvSF5gzttvpWNcFO.jpg","production_companies":[],"production_countries":[{"iso_3166_1":"FR","name":"France"}],"release_date":"1940-01-01","revenue":0,"runtime":0,"spoken_languages":[{"iso_639_1":"fr","name":"Français"}],"status":"Released","tagline":null,"title":"Monsieur Hector","video":false,"vote_average":0.0,"vote_count":0}
