{"adult":false,"backdrop_path":"/3osE0EbpM6hLd1hkgGpqhuhUovo.jpg","belongs_to_collection":null,"budget":0,"genres":[],"homepage":"","id":95257,"imdb_id":"tt0038711","original_language":"fr","original_title":"Macadam","overview":"Madame Rose runs a seedy hotel in a suburb of Paris. Strong-minded but without the least moral scruple, she once killed her husband whose honesty was a hindrance to her business. Under a suspended sentence, she now indulges in smuggling. One day, Victor, one of her former accomplices hounded by the police, finds sanctuary with her. During a drinking spree, he has the bad idea to entrust to her a suitcase filled with bank notes, a loot with which Victor hopes to rebuild his life in South America. But Rose, lured by temptation, betrays Victor, who is arrested by the police. However, he manages to escape with only one thing in mind, to take revenge on Rose...","popularity":0.000319,"poster_path":"/luZhPjtJaiCyQUxfNIgKOl4aGEf.jpg","production_companies":[],"production_countries":[],"release_date":"1946-11-27","revenue":0,"runtime":100,"spoken_languages":[{"iso_639_1":"fr","name":"Français"}],"status":"Released","tagline":"","title":"Back Streets of Paris","video":false,"vote_average":0.0,"vote_count":0}
