{"adult":false,"backdrop_path":null,"belongs_to_collection":null,"budget":0,"genres":[{"id":18,"name":"Drama"},{"id":10749,"name":"Romance"}],"homepage":"","id":95752,"imdb_id":"tt0078044","original_language":"en","original_title":"The Other Side of the Mountain: Part II","overview":"The Other Side of the Mountain Part 2 is a 1978 film directed by Larry Peerce. It stars Marilyn Hassett and Timothy Bottoms. It is a sequel to The Other Side of the Mountain","popularity":0.0045,"poster_path":"/y5OhYONo6exjjBKd4OX8a6p965l.jpg","production_companies":[{"name":"Universal Pictures","id":33},{"name":"Filmways Pictures","id":1138}],"production_countries":[{"iso_3166_1":"US","name":"United States of America"}],"release_date":"1978-02-10","revenue":0,"runtime":100,"spoken_languages":[{"iso_639_1":"en","name":"English"}],"status":"Released","tagline":"","title":"The Other Side of the Mountain: Part II","video":false,"vote_average":0.0,"vote_count":0}
