{"adult":false,"backdrop_path":null,"belongs_to_collection":null,"budget":0,"genres":[{"id":10402,"name":"Music"},{"id":37,"name":"Western"}],"homepage":"","id":95478,"imdb_id":"tt0034148","original_language":"en","original_title":"San Antonio Rose","overview":"San Antonio Rose is an amiably wacky mini-musical evenly divided between its \"official\" stars, The Merry Macs, and a strong cast of supporting clowns. Robert Paige plays roadhouse operator Con Conway, whose establishment is in danger of being squeezed out by its competition. Stranded entertainers Hope Holloway (Jane Frazee) and Gabby Trent (Eve Arden) decide to revivify Conway's establishment by staging an energetic floor show built around the talented Merry Macs. A rival club owner dispatches his two top hooligans Jigsaw Kennedy (Lon Chaney Jr.) and Benny the Bounce (Shemp Howard) to wreck Conway's club by posing as waiters, but the two stupes are easily cowed into submission--by the leading ladies!","popularity":0.00015,"poster_path":"/hbwRUVXZtCVdrvlFAaQNwYdPgc.jpg","production_companies":[{"name":"Universal Pictures","id":33}],"production_countries":[{"iso_3166_1":"US","name":"United States of America"}],"release_date":"1941-06-20","revenue":0,"runtime":63,"spoken_languages":[{"iso_639_1":"en","name":"English"}],"status":"Released","tagline":"","title":"San Antonio Rose","video":false,"vote_average":0.0,"vote_count":0}
