{"adult":false,"backdrop_path":null,"belongs_to_collection":null,"budget":0,"genres":[],"homepage":"","id":95166,"imdb_id":"tt0058517","original_language":"fr","original_title":"Relaxe-toi chérie","overview":null,"popularity":0.00015,"poster_path":"/EvrNc2vSz7OQYnuZfJLEhKvAua.jpg","production_companies":[],"production_countries":[],"release_date":"1964-08-19","revenue":0,"runtime":0,"spoken_languages":[],"status":"Released","tagline":"","title":"Relaxe-toi chérie","video":false,"vote_average":0.0,"vote_count":0}
