{"adult":false,"backdrop_path":null,"belongs_to_collection":null,"budget":0,"genres":[],"homepage":"","id":95600,"imdb_id":"tt0062804","original_language":"en","original_title":"Chronik der Anna Magdalena Bach","overview":"A chronicle of Johann Sebastian Bach's life, eschewing drama to focus almost entirely on his music. Narrated by his wife Anna in voiceover, it consists largely of static scenes of Bach conducting and/or playing his brilliant compositions.","popularity":0.000218,"poster_path":"/q0rdn1tovwyqovVQyoRW9sgSLQX.jpg","production_companies":[],"production_countries":[],"release_date":"1968-02-03","revenue":0,"runtime":94,"spoken_languages":[],"status":"Released","tagline":"","title":"The Chronicle of Anna Magdalena Bach","video":false,"vote_average":0.0,"vote_count":0}
