{"adult":false,"backdrop_path":null,"belongs_to_collection":null,"budget":0,"genres":[],"homepage":"","id":95779,"imdb_id":"tt0182890","original_language":"en","original_title":"Chi Girl","overview":"This offbeat comedy about love and romance won writer, director and actress Heidi Van Lier top honors a Grand Jury Prize at the 1999 Slamdance Film Festival. Heather Green (Van Lier) is a journalist with an alternative newspaper in Chicago who is obsessed with her ex-boyfriend. Randy (Joe Kraemer) is in turn obsessed with Heather. A would-be documentary filmmaker, Randy constantly films her, sometimes without her knowledge. When Heather takes up a challenge from Randy and announces she can seduce the next man she meets, her desperation makes it clear she's had bad luck with men for a very good reason. When Heather finally does meet the man of her dreams, a good-looking attorney named Cliff","popularity":0.000144,"poster_path":"/qUBzK8d9hgP6DPYYP03aGiB6k1.jpg","production_companies":[],"production_countries":[],"release_date":"1999-01-25","revenue":0,"runtime":87,"spoken_languages":[{"iso_639_1":"en","name":"English"}],"status":"Released","tagline":"","title":"Chi Girl","video":false,"vote_average":0.0,"vote_count":0}
