{"adult":false,"backdrop_path":"/nWBDeFq0rzMjuyMAEzJovvzvWGB.jpg","belongs_to_collection":null,"budget":0,"genres":[{"id":14,"name":"Fantasy"}],"homepage":"","id":95475,"imdb_id":"tt0176345","original_language":"cs","original_title":"Zlaté kapradí","overview":"This is the story of a woodcutter in Bohemia during a war between Austria and Turkey. Wandering in the forest he finds a golden fern whose seed turns into a beautiful young woman - they fall in love. After a village feast in which he gets drunk he gets to sign up to the army. The fairy gives him a shirt to wear and asks him to swear he will never part with it. At the war front he falls in love with the the colonels daughter; cold beauty who asks him to perform various feats in order to respond to his courting (bring her the horse of the grand-vizier, then the necklace of the grand-vizier's wife and finally his nightingale).","popularity":0.000144,"poster_path":"/1gFjqfCwG8p0kMuyX6PIpeiGfZd.jpg","production_companies":[{"name":"Československý státní film","id":6250}],"production_countries":[{"iso_3166_1":"CZ","name":"Czech Republic"}],"release_date":"1963-11-22","revenue":0,"runtime":115,"spoken_languages":[{"iso_639_1":"cs","name":"Český"}],"status":"Released","tagline":"","title":"The Golden Fern","video":false,"vote_average":6.5,"vote_count":1}
