{"adult":false,"backdrop_path":null,"belongs_to_collection":null,"budget":0,"genres":[{"id":35,"name":"Comedy"},{"id":18,"name":"Drama"}],"homepage":"http://libertadormoraleslapelicula.arts.ve/","id":95065,"imdb_id":"tt1527824","original_language":"en","original_title":"Libertador Morales, el justiciero","overview":"An honest motorcycle-taxi driver and law-abiding citizen, Libertador Morales dons a disguise to become El Justiciero, an avenging motorcycle hero who foils the crime spree of a local street gang in Caracas.","popularity":0.000894,"poster_path":"/tI3wNh5Wr2NwC9fhGPI8vk6XlSS.jpg","production_companies":[],"production_countries":[{"iso_3166_1":"VE","name":"Venezuela"}],"release_date":"2009-07-31","revenue":0,"runtime":102,"spoken_languages":[{"iso_639_1":"es","name":"Español"}],"status":"Released","tagline":"Un mototaxista diferente","title":"Libertador Morales, el justiciero","video":false,"vote_average":4.5,"vote_count":1}
