{"adult":false,"backdrop_path":null,"belongs_to_collection":null,"budget":0,"genres":[],"homepage":"","id":96013,"imdb_id":"tt0063359","original_language":"en","original_title":"No le busques tres pies...","overview":"The lieutenant Miguel Aguirre's dream is to become a military pilot, but a dispute with a superior is about to make him abandon his studies, had it not been for the intervention of his mother and his girlfriend, Luisa. Miguel's  first destination is Granada Air Base. There he meets an attractive young woman, Patricia, whom he takes for an American tourist.","popularity":0.000145,"poster_path":"/lc1kBZPPiAEGC8TRkFl6kyKHTNP.jpg","production_companies":[],"production_countries":[],"release_date":"1968-01-01","revenue":0,"runtime":124,"spoken_languages":[{"iso_639_1":"es","name":"Español"}],"status":"Released","tagline":"","title":"No le busques tres pies...","video":false,"vote_average":0.0,"vote_count":0}
