{"adult":true,"backdrop_path":null,"belongs_to_collection":null,"budget":0,"genres":[],"homepage":"","id":95912,"imdb_id":"tt0920874","original_language":"en","original_title":"Teens in Tight Jeans","overview":"Are you a big fan of the camel toe? The whale tail? Do you love girls in skinny jeans so tight you can see every nook and cranny you'd like to get into? 3rd Degree knows just how you feel! That's why we've filmed the hottest teens in the tightest jeans you've ever seen! And the fantasy doesn't stop there! They're so eager to get you in their pants that they wiggle out just enough to let you pound their pussies and flip 'em over for an extra-tight anal fit! That's right, the jeans stay on while the huge cocks slip in - it's the most fun you can have with your clothes half on!","popularity":0.001286,"poster_path":"/8j2zC1qbwOP0DglNhERmq785DUm.jpg","production_companies":[{"name":"3rd Degree","id":9098}],"production_countries":[],"release_date":"2011-04-07","revenue":0,"runtime":0,"spoken_languages":[],"status":"Released","tagline":"Young And Full Of Cum! Hot Tender Sluts!","title":"Teens in Tight Jeans","video":false,"vote_average":9.5,"vote_count":1}
