{"adult":false,"backdrop_path":null,"belongs_to_collection":null,"budget":0,"genres":[],"homepage":"","id":96000,"imdb_id":"tt0052685","original_language":"en","original_title":"El cerro de los locos","overview":"Some bizarre figures (bullfighters and future fighters, athletes and boxers) get together in a park from Madrid to improve and rehearse their techniques.","popularity":0.000144,"poster_path":null,"production_companies":[],"production_countries":[],"release_date":"1960-01-25","revenue":0,"runtime":88,"spoken_languages":[],"status":"Released","tagline":"","title":"El cerro de los locos","video":false,"vote_average":0.0,"vote_count":0}
