{"adult":false,"backdrop_path":"/q1sJvfM1MrICjbZMogXJmO0WAKj.jpg","belongs_to_collection":null,"budget":0,"genres":[],"homepage":"","id":95944,"imdb_id":"tt0107763","original_language":"en","original_title":"The Outfit","overview":"A renegade FBI agent sparks an explosive mob war between gangster crime lords Legs Diamond and Dutch Schultz.","popularity":0.000287,"poster_path":"/fjEKPX99rDAJvWErmHfBmDLk780.jpg","production_companies":[],"production_countries":[],"release_date":"1993-09-01","revenue":0,"runtime":0,"spoken_languages":[{"iso_639_1":"hu","name":"Magyar"}],"status":"Released","tagline":"","title":"The Outfit","video":false,"vote_average":0.0,"vote_count":0}
