{"adult":false,"backdrop_path":"/hOwERvPtLBP1gu1HVDD6J34Ubzp.jpg","belongs_to_collection":{"id":277798,"name":"Isi & Disi - Colección","poster_path":"/k1qzD50Zt1jr0gI9qUkaaT7VIFK.jpg","backdrop_path":"/hOwERvPtLBP1gu1HVDD6J34Ubzp.jpg"},"budget":0,"genres":[{"id":12,"name":"Adventure"},{"id":10402,"name":"Music"},{"id":35,"name":"Comedy"}],"homepage":"","id":95932,"imdb_id":"tt0820094","original_language":"es","original_title":"Isi & Disi: Alto voltaje","overview":"Isi and Disi, the more thugs Leganés heavys return. This time Disi falls in love for the sexy Angie, former rock singer and girlfriend of a big shot record, Berdún. After being recognized as the most brutal band in the equally brutal contest presented by Angie, Disi not only have to save his group Ratamuerta, his friendship with Isi, and the temple of rock \"The Kampana of Hell\", but also rescue Angie from the clutches of machiavellian Berdún. Once again, rock triumph over evil ...","popularity":0.000609,"poster_path":"/m1sBucau65AWB11jdKkpxTmciJq.jpg","production_companies":[],"production_countries":[{"iso_3166_1":"ES","name":"Spain"}],"release_date":"2006-12-01","revenue":0,"runtime":90,"spoken_languages":[{"iso_639_1":"es","name":"Español"}],"status":"Released","tagline":"","title":"Isi & Disi: Alto voltaje","video":false,"vote_average":6.7,"vote_count":3}
