{"adult":false,"backdrop_path":null,"belongs_to_collection":null,"budget":0,"genres":[],"homepage":"","id":96014,"imdb_id":"tt0093108","original_language":"en","original_title":"El gran Serafín","overview":"A group of peoples decide to go to relax to a hotel near the sea. He hotel's owner is an enigmatic woman who lives with her distant daughter, a young pianist and a naive waitress. When the media inform about the end of the world only reaction the waitress and one of the guests.","popularity":0.000527,"poster_path":"/aL8VSRLK2D3YNw7aghxTKM34tAG.jpg","production_companies":[],"production_countries":[],"release_date":"1987-01-01","revenue":0,"runtime":78,"spoken_languages":[{"iso_639_1":"es","name":"Español"}],"status":"Released","tagline":"","title":"El gran Serafín","video":false,"vote_average":0.0,"vote_count":0}
