{"adult":false,"backdrop_path":null,"belongs_to_collection":null,"budget":0,"genres":[{"id":10749,"name":"Romance"},{"id":37,"name":"Western"}],"homepage":"","id":95765,"imdb_id":"tt0036118","original_language":"en","original_title":"The Lone Star Trail","overview":"Rancher Blaze Barker returns to Dead Falls after being framed by land-grabbers and spending two years in jail. Paroled, he can't wear a gun, but is aided by Marshal Fargo Steele. The gang is out to gain control of all of the valley land before a dam is constructed. When Blaze raises the money to pay off the taxes on his ranch, he finds it has been marked to incriminate him.","popularity":0.00015,"poster_path":"/fvkKkhAY2wI3pk7Ti6o4KB1cgxt.jpg","production_companies":[{"name":"Universal Pictures","id":33}],"production_countries":[{"iso_3166_1":"US","name":"United States of America"}],"release_date":"1943-08-06","revenue":0,"runtime":58,"spoken_languages":[{"iso_639_1":"en","name":"English"}],"status":"Released","tagline":"","title":"The Lone Star Trail","video":false,"vote_average":0.0,"vote_count":0}
