{"adult":false,"backdrop_path":"/gcVpg5QVjCTYCy40ESnqYgTbNHF.jpg","belongs_to_collection":null,"budget":0,"genres":[{"id":18,"name":"Drama"},{"id":28,"name":"Action"}],"homepage":"http://paybackseasonfilm.co.uk/","id":95628,"imdb_id":"tt2015462","original_language":"en","original_title":"Payback Season","overview":"Jerome (Adam Deacon) breaks out of his council estate gang and becomes a successful and famous footballer, but he soon learns that his old life isn't as easy to leave behind as he had hoped when his old gang catch up with him and start demanding regular payments.","popularity":0.00225,"poster_path":"/Ac11mhc0FvwirwkQr6RbIVg1u2.jpg","production_companies":[],"production_countries":[{"iso_3166_1":"GB","name":"United Kingdom"}],"release_date":"2012-03-09","revenue":0,"runtime":91,"spoken_languages":[{"iso_639_1":"en","name":"English"}],"status":"Released","tagline":"If the payment stops, the football stops...","title":"Payback Season","video":false,"vote_average":6.0,"vote_count":1}
