{"adult":false,"backdrop_path":"/bUIKcar1yw3RBJR0LSZ5QOJWs1S.jpg","belongs_to_collection":null,"budget":0,"genres":[{"id":37,"name":"Western"}],"homepage":"","id":95677,"imdb_id":"tt0058165","original_language":"en","original_title":"Gunfight at Comanche Creek","overview":"Comanche Creek, Colorado, 1875: Prisoner Jack Mason is broken out of jail by a gang of strangers. They use him in a robbery, then when the dead-or-alive reward is high enough, they shoot him and collect. The National Detective Agency, now knowing the gang's methods, arranges to have agent Bob Gifford jailed in Comanche Creek for train robbery. The gang takes the bait (not before Gifford catches the eye of lovely saloon-keeper Abbie). But how will the bait get off the hook?","popularity":0.000144,"poster_path":"/p9EYSsk71tc0nmpNf902aoh3ZJq.jpg","production_companies":[{"name":"Allied Artists Pictures","id":4928}],"production_countries":[{"iso_3166_1":"US","name":"United States of America"}],"release_date":"1963-11-06","revenue":0,"runtime":90,"spoken_languages":[{"iso_639_1":"en","name":"English"}],"status":"Released","tagline":"","title":"Gunfight at Comanche Creek","video":false,"vote_average":0.0,"vote_count":0}
