{"adult":false,"backdrop_path":null,"belongs_to_collection":null,"budget":0,"genres":[],"homepage":"","id":96015,"imdb_id":"tt0308334","original_language":"en","original_title":"Green-Eyed Monster","overview":"Marni's happy suburban life is shattered when her husband is murdered, amid accusations of infidelity and deception from their neighbours.","popularity":0.000286,"poster_path":null,"production_companies":[],"production_countries":[],"release_date":"2002-08-29","revenue":0,"runtime":100,"spoken_languages":[{"iso_639_1":"en","name":"English"}],"status":"Released","tagline":"","title":"Green-Eyed Monster","video":false,"vote_average":0.0,"vote_count":0}
