{"adult":false,"backdrop_path":"/d17K7Ug3x8lISODSHxfyIEJQwT4.jpg","belongs_to_collection":null,"budget":0,"genres":[{"id":28,"name":"Action"}],"homepage":"","id":95955,"imdb_id":"tt0190060","original_language":"en","original_title":"The Tattoo Connection","overview":"When a diamond is stolen in Hong Kong, the company insuring the diamond sends a former CIA agent to Hong Kong to retrieve it. Meanwhile, one of the thieves begins to have a change of heart because his girlfriend wants him to leave his criminal organization.","popularity":0.00675,"poster_path":"/egfKBm3ONep5ytJCOMJYqhxxq7e.jpg","production_companies":[{"name":"First Films","id":14104}],"production_countries":[{"iso_3166_1":"HK","name":"Hong Kong"}],"release_date":"1978-07-27","revenue":0,"runtime":90,"spoken_languages":[],"status":"Released","tagline":"","title":"The Tattoo Connection","video":false,"vote_average":0.0,"vote_count":0}
