{"adult":false,"backdrop_path":null,"belongs_to_collection":null,"budget":0,"genres":[{"id":28,"name":"Action"},{"id":12,"name":"Adventure"},{"id":18,"name":"Drama"}],"homepage":"","id":95322,"imdb_id":"tt0066095","original_language":"en","original_title":"Moonfire","overview":"Truckers battle a Nazi who has hidden out in Mexico. Subplot involves the disappearance of a reclusive billionaire.","popularity":0.000514,"poster_path":"/l1oojlUizt5mGckav24Tf2BvfYE.jpg","production_companies":[],"production_countries":[],"release_date":"1973-01-01","revenue":0,"runtime":107,"spoken_languages":[],"status":"Released","tagline":"The most authentic trucking movie ever made!","title":"Moonfire","video":false,"vote_average":0.0,"vote_count":0}
