{"adult":false,"backdrop_path":null,"belongs_to_collection":null,"budget":0,"genres":[{"id":18,"name":"Drama"}],"homepage":"","id":95399,"imdb_id":"tt0050302","original_language":"en","original_title":"The Delinquents","overview":"A frustrated young man, separated from his younger girlfriend, gets involved in a juvenile gang","popularity":0.000144,"poster_path":"/2WPzUnUi7N4VGqdbwYnnPffDeXC.jpg","production_companies":[{"name":"Imperial Productions Inc. (III)","id":14131}],"production_countries":[{"iso_3166_1":"US","name":"United States of America"}],"release_date":"1957-03-01","revenue":0,"runtime":72,"spoken_languages":[{"iso_639_1":"en","name":"English"}],"status":"Released","tagline":"This is the hard-hitting motion picture that takes off the kid gloves and puts on the brass knuckles in a smashing expose of today's children of violence - who just \"gotta have action\"!","title":"The Delinquents","video":false,"vote_average":0.0,"vote_count":0}
