{"adult":false,"backdrop_path":null,"belongs_to_collection":null,"budget":0,"genres":[],"homepage":"","id":95420,"imdb_id":"tt1337338","original_language":"de","original_title":"Der Kameramörder","overview":null,"popularity":0.001004,"poster_path":"/pAXb2XNUMpG71z9HUEPXA02QoIB.jpg","production_companies":[],"production_countries":[{"iso_3166_1":"AT","name":"Austria"},{"iso_3166_1":"CH","name":"Switzerland"},{"iso_3166_1":"HU","name":"Hungary"}],"release_date":"2010-02-08","revenue":0,"runtime":0,"spoken_languages":[{"iso_639_1":"de","name":"Deutsch"}],"status":"Released","tagline":"","title":"Der Kameramörder","video":false,"vote_average":0.0,"vote_count":0}
