{"adult":false,"backdrop_path":null,"belongs_to_collection":null,"budget":0,"genres":[{"id":53,"name":"Thriller"}],"homepage":"","id":95084,"imdb_id":"tt0106454","original_language":"en","original_title":"Body Of Influence","overview":"A successful psychiatrist (Cassavetes) has his world turned upside-down by the appearance of a mystery woman (Whirry) who cannot recall her own past...","popularity":0.000212,"poster_path":"/zhvahmQFbn9Imool7dQhRnFXges.jpg","production_companies":[],"production_countries":[],"release_date":"1993-04-21","revenue":0,"runtime":96,"spoken_languages":[],"status":"Released","tagline":"...Coming on too Strong","title":"Body Of Influence","video":false,"vote_average":2.5,"vote_count":2}
