{"adult":false,"backdrop_path":"/nt85nxCE4CFXMAMulskYZo7MRaz.jpg","belongs_to_collection":null,"budget":0,"genres":[{"id":18,"name":"Drama"}],"homepage":"","id":95287,"imdb_id":"tt0044640","original_language":"fr","original_title":"Le fruit défendu","overview":null,"popularity":0.000144,"poster_path":"/g4chf1mufyxE1zZOi9YXMTsMaSF.jpg","production_companies":[],"production_countries":[{"iso_3166_1":"FR","name":"France"}],"release_date":"1952-09-19","revenue":0,"runtime":0,"spoken_languages":[{"iso_639_1":"fr","name":"Français"}],"status":"Released","tagline":"","title":"Forbidden Fruit","video":false,"vote_average":0.0,"vote_count":0}
