{"adult":false,"backdrop_path":"/uOZBBiXLf63E7Le2ATATl5H6ZbU.jpg","belongs_to_collection":null,"budget":0,"genres":[{"id":35,"name":"Comedy"},{"id":80,"name":"Crime"}],"homepage":"","id":95315,"imdb_id":"tt0040114","original_language":"fr","original_title":"L'armoire volante","overview":"The aunt of Alfred Puc, a meek tax-collector in Paris, dies while riding in a moving van. The driver, not wishing to be bothered by a police interrogation, hides her corpse in a cupboard before notifying Alfred. But the van is stolen. Alfred, being the heir of a rich lady, begins a frantic search to locate the missing van and the cupboard because one can't claim an inheritance if there is no 'corpus delecti.' In his search, he gets caught up in an underworld web and finds the body of a murdered gangster in his room. He finally locates the cupboard but promptly loses it again. But, wait, it isn't \"finis' time, yet.","popularity":0.000233,"poster_path":"/glCnURvYUeHjZm9bdO459Sf0mOK.jpg","production_companies":[],"production_countries":[{"iso_3166_1":"FR","name":"France"}],"release_date":"1948-10-29","revenue":0,"runtime":90,"spoken_languages":[{"iso_639_1":"fr","name":"Français"}],"status":"Released","tagline":"","title":"The Cupboard Was Bare","video":false,"vote_average":0.0,"vote_count":0}
