{"adult":false,"backdrop_path":null,"belongs_to_collection":null,"budget":0,"genres":[{"id":37,"name":"Western"}],"homepage":"","id":95555,"imdb_id":"tt0073357","original_language":"en","original_title":"The Master Gunfighter","overview":"He Fought Like an Army, and Lived Like a Legend.","popularity":0.000911,"poster_path":"/gy5GWvJouehIUEWeCft18JHIMbs.jpg","production_companies":[],"production_countries":[{"iso_3166_1":"US","name":"United States of America"}],"release_date":"1975-10-03","revenue":0,"runtime":0,"spoken_languages":[{"iso_639_1":"en","name":"English"}],"status":"Released","tagline":"","title":"The Master Gunfighter","video":false,"vote_average":0.0,"vote_count":0}
