{"adult":false,"backdrop_path":"/2DbbcfyQ8v2DnhtjzDgNQIff2L2.jpg","belongs_to_collection":null,"budget":0,"genres":[],"homepage":null,"id":95423,"imdb_id":"tt1934271","original_language":"de","original_title":"Hannah Mangold & Lucy Palm","overview":null,"popularity":0.001291,"poster_path":"/n5ja3G9vFu3vD7xpE7OdsoG1H92.jpg","production_companies":[{"name":"Sat.1","id":1478},{"name":"Ninety-Minute Film","id":7886}],"production_countries":[{"iso_3166_1":"DE","name":"Germany"}],"release_date":"2011-01-24","revenue":0,"runtime":0,"spoken_languages":[{"iso_639_1":"de","name":"Deutsch"}],"status":"Released","tagline":null,"title":"Hannah Mangold & Lucy Palm","video":false,"vote_average":0.0,"vote_count":0}
