{"adult":false,"backdrop_path":"/aOHC694DPL3FnNwoDLvUqxb2KQW.jpg","belongs_to_collection":null,"budget":0,"genres":[{"id":10402,"name":"Music"}],"homepage":"http://www.vnvnation.com/","id":95291,"imdb_id":"","original_language":"en","original_title":"VNV Nation - PastPerfect (Special Edition)","overview":"The long awaited, highly anticipated VNV Nation \"Pastperfect\" DVD has finally arrived! This special limited three-disc version features two DVD’s and a CD companion. \"Pastperfect\" DVD 1 contains live concert footage recorded during the Futureperfect Tour 2001/2002 from performances in Berlin, Washington DC, and the Mera Luna Festival. DVD 2 houses supplemental bonus material ranging from interviews, the making of \"Futureperfect,\" a special on Mera Luna, “Easter eggs” and much, much more. The CD-ROM companion (only available in the limited edition) contains a section with extra live videos and photos. Special packaging, including a poster an d a sticker, will accompany this extraordinary release. North American version limited to 7000 copies. NTSC - all regions. On Metropolis.","popularity":0.000429,"poster_path":"/7GaZOIPCc6LglVNZSk67unplWde.jpg","production_companies":[],"production_countries":[],"release_date":"2004-05-03","revenue":0,"runtime":60,"spoken_languages":[],"status":"Released","tagline":"futurepop vnv nation electro show","title":"VNV Nation - PastPerfect (Special Edition)","video":false,"vote_average":4.8,"vote_count":2}
