{"adult":false,"backdrop_path":null,"belongs_to_collection":null,"budget":450,"genres":[],"homepage":"","id":95651,"imdb_id":"tt0133243","original_language":"en","original_title":"De Trip Van Teetje","overview":"Tate, a young and crooked businessman, thinks he can get rich quick by buying a Russian freighter in the port of Rotterdam. This turns out to be a fiasco because the ship has been arrested, the freight has been sealed by the customs and the crew has been waiting for months for their wages. When his girlfriend falls in love with the ship's mate, Tate makes a decision. He takes pity on the suffering crew and tries to save them from their helpless predicament. Written by Dennis Jansen","popularity":0.000144,"poster_path":"/3ZB4cpAy64yzWpQsM0fVAqy1XFG.jpg","production_companies":[],"production_countries":[],"release_date":"1998-02-12","revenue":0,"runtime":0,"spoken_languages":[],"status":"Released","tagline":"","title":"De Trip Van Teetje","video":false,"vote_average":0.0,"vote_count":0}
