{"adult":false,"backdrop_path":"/wLD6jTyUVYOu7wA9now2Eott3X5.jpg","belongs_to_collection":null,"budget":0,"genres":[],"homepage":"","id":95893,"imdb_id":"","original_language":"en","original_title":"Fighting Spirit","overview":"Pitcher Do-hun (Kim Joo-hyeok) achieves 149 wins with his 161-kph ball. Stardom turns him into a snob and a tabloid sensation. Eventually, he is demoted to a minor team, kicked out of home and lives off his juniors. Yoo-ran (Kim Seon-ah), who has been taking care of him for a long time, is determined to inspire him again with fighting spirit.","popularity":0.0,"poster_path":"/8P1IXY1AFnGvwgjanyyjYK5XWFi.jpg","production_companies":[],"production_countries":[],"release_date":"","revenue":0,"runtime":124,"spoken_languages":[],"status":"","tagline":"","title":"Fighting Spirit","video":false,"vote_average":0.0,"vote_count":0}
