{"adult":false,"backdrop_path":null,"belongs_to_collection":null,"budget":0,"genres":[],"homepage":"","id":95725,"imdb_id":"tt0033758","original_language":"en","original_title":"International Lady","overview":"No Overview","popularity":0.000145,"poster_path":"/nfuj8cIuJAIEkCo8Nu8MRuSn60j.jpg","production_companies":[],"production_countries":[],"release_date":"1941-10-16","revenue":0,"runtime":0,"spoken_languages":[],"status":"Released","tagline":"","title":"International Lady","video":false,"vote_average":0.0,"vote_count":0}
