{"adult":false,"backdrop_path":"/aYXj2M8E4W8TRMsNReKPe5wq6lk.jpg","belongs_to_collection":null,"budget":0,"genres":[{"id":35,"name":"Comedy"}],"homepage":"","id":95197,"imdb_id":"tt0047894","original_language":"fr","original_title":"Bonjour sourire!","overview":"A small European Kingdom wants to make a frowning Princess smile for the upcoming Royal photo to be done. A mischievous Prime Minister goes to Paris to kidnap three famous comics to force them to do an act to make the Princess smile. However, the King is not aware of this scheme... especially that this evil minister has to face a \"fasting strike\" by the prisoners and force them to surrender by telling a recipe of \"Coq au Vin\" by the radio...","popularity":0.000144,"poster_path":"/6UQTqakCoZUKeTPNYvWHSOdXIqJ.jpg","production_companies":[],"production_countries":[{"iso_3166_1":"FR","name":"France"}],"release_date":"1956-02-29","revenue":0,"runtime":90,"spoken_languages":[{"iso_639_1":"fr","name":"Français"}],"status":"Released","tagline":"","title":"Hello Smile!","video":false,"vote_average":0.0,"vote_count":0}
