{"adult":false,"backdrop_path":null,"belongs_to_collection":null,"budget":0,"genres":[],"homepage":null,"id":95452,"imdb_id":"tt0182835","original_language":"fr","original_title":"Les bleus de la marine","overview":null,"popularity":0.000144,"poster_path":"/uH93yJ5ICrxJb0ERGAsRoaeJE42.jpg","production_companies":[],"production_countries":[{"iso_3166_1":"FR","name":"France"}],"release_date":"1934-09-26","revenue":0,"runtime":0,"spoken_languages":[{"iso_639_1":"fr","name":"Français"}],"status":"Released","tagline":null,"title":"Les bleus de la marine","video":false,"vote_average":0.0,"vote_count":0}
