{"adult":false,"backdrop_path":"/imyhh26fAbntKqhGqVEcKIuBfxK.jpg","belongs_to_collection":null,"budget":9317585,"genres":[{"id":18,"name":"Drama"}],"homepage":"","id":95191,"imdb_id":"tt1817286","original_language":"en","original_title":"38 témoins","overview":"In the harbor city of Le Havre, France, a woman is stabbed during the night, just below the windows of her neighborhood. Pierre (Yvan Attal) has witnessed the murder, and heard the wails of the women crying for help. So have the neighbors, certainly. But at the end, nobody called the police. Nevertheless, sorrows are too heavy for Pierre, which feel the needs to tell everything to his wife (Sophie Quinton), and to the police. During the investigation, it appears that 38 people witnessed the murdering, and none reacted...","popularity":0.00202,"poster_path":"/dQ4zViE8qfzXlMAmdHPvmRQMlMK.jpg","production_companies":[{"name":"France 3 Cinéma","id":591},{"name":"Agat Films & Cie","id":6519},{"name":"Artémis Productions","id":11773}],"production_countries":[{"iso_3166_1":"FR","name":"France"}],"release_date":"2012-03-14","revenue":0,"runtime":104,"spoken_languages":[{"iso_639_1":"fr","name":"Français"}],"status":"Released","tagline":"","title":"One Night","video":false,"vote_average":3.8,"vote_count":4}
