{"adult":false,"backdrop_path":"/lucWUjiZw3ZDu4eMHb4EqxzCqwd.jpg","belongs_to_collection":null,"budget":0,"genres":[{"id":10402,"name":"Music"}],"homepage":"","id":100038,"imdb_id":"","original_language":"en","original_title":"Meshuggah - Nothing","overview":"Live content from bonus DVD.","popularity":0.000574,"poster_path":"/gf3obOWPANPDtZAEekE2HcpgmJv.jpg","production_companies":[],"production_countries":[],"release_date":"2006-10-31","revenue":0,"runtime":0,"spoken_languages":[],"status":"Released","tagline":"","title":"Meshuggah - Nothing","video":false,"vote_average":4.0,"vote_count":2}
