{"adult":false,"backdrop_path":"/av6MGtps9wzgNNm0EJFYRpeSFkl.jpg","belongs_to_collection":null,"budget":0,"genres":[{"id":16,"name":"Animation"},{"id":10751,"name":"Family"},{"id":35,"name":"Comedy"}],"homepage":"","id":100333,"imdb_id":"tt0030603","original_language":"en","original_title":"Porky in Egypt","overview":"Porky is a tourist. He's missed the main camel, so he rents one of his own. Both of them are soon overcome by the hot desert sun; the camel starts hallucinating, and marches off, playing the bagpipes. Porky sees the camel swimming in a pool, but it turns out to be a mirage. The camel eventually recovers enough to bring both of them back to town, where Porky goes mad.","popularity":0.00015,"poster_path":"/2MVYvlCvanHOZU6qeHJ1tnGtbYE.jpg","production_companies":[{"name":"Leon Schlesinger Studios","id":8298}],"production_countries":[{"iso_3166_1":"US","name":"United States of America"}],"release_date":"1938-11-05","revenue":0,"runtime":7,"spoken_languages":[{"iso_639_1":"en","name":"English"},{"iso_639_1":"fr","name":"Français"}],"status":"Released","tagline":"","title":"Porky in Egypt","video":false,"vote_average":0.0,"vote_count":0}
