{"adult":false,"backdrop_path":null,"belongs_to_collection":null,"budget":0,"genres":[],"homepage":"","id":100507,"imdb_id":"tt0485877","original_language":"en","original_title":"Choque","overview":"A couple discovers a bumper car floor. When there some youngsters appear, the man gets caught into a personal battle with himself.","popularity":0.00043,"poster_path":"/806lolRlAFB9bLimzo5PebQCBxN.jpg","production_companies":[],"production_countries":[],"release_date":"2005-11-26","revenue":0,"runtime":10,"spoken_languages":[],"status":"Released","tagline":"","title":"Choque","video":false,"vote_average":0.0,"vote_count":0}
