{"adult":false,"backdrop_path":null,"belongs_to_collection":{"id":143422,"name":"Andres Pajares y Fernando Esteso - Colección","poster_path":"/z7HJO2VH4FSHktsORHBjU6rpeex.jpg","backdrop_path":"/ijdegvgUumplCGkqrGpptXkiVUt.jpg"},"budget":1623869,"genres":[{"id":35,"name":"Comedy"}],"homepage":"","id":100764,"imdb_id":"tt0082180","original_language":"es","original_title":"Los chulos","overview":"","popularity":2.6e-05,"poster_path":"/jS1UOzJiTbGYQoWWEfYEqoCv5qS.jpg","production_companies":[{"name":"Bermudez de Castro","id":11207}],"production_countries":[{"iso_3166_1":"ES","name":"Spain"}],"release_date":"1981-04-20","revenue":0,"runtime":0,"spoken_languages":[{"iso_639_1":"es","name":"Español"}],"status":"Released","tagline":"","title":"Los chulos","video":false,"vote_average":4.5,"vote_count":1}
