{"adult":false,"backdrop_path":null,"belongs_to_collection":null,"budget":0,"genres":[{"id":16,"name":"Animation"},{"id":35,"name":"Comedy"}],"homepage":"","id":100247,"imdb_id":"tt0001737","original_language":"en","original_title":"Winsor McCay, the Famous Cartoonist of the N.Y. Herald and His Moving Comics","overview":"Cartoon figures announce, via comic strip balloons, that they will move - and move they do, in a wildly exaggerated style.","popularity":0.000215,"poster_path":"/vtHBpFNEy6NlfBgW7QZRgRHdGQx.jpg","production_companies":[{"name":"Vitagraph Company of America","id":15634}],"production_countries":[{"iso_3166_1":"US","name":"United States of America"}],"release_date":"1911-04-08","revenue":0,"runtime":12,"spoken_languages":[{"iso_639_1":"en","name":"English"}],"status":"Released","tagline":"","title":"Winsor McCay, the Famous Cartoonist of the N.Y. Herald and His Moving Comics","video":false,"vote_average":7.0,"vote_count":1}
