{"adult":false,"backdrop_path":"/hlNcwdTg9vFdDAsIz2ibINpiz2M.jpg","belongs_to_collection":null,"budget":0,"genres":[{"id":18,"name":"Drama"},{"id":36,"name":"History"},{"id":10752,"name":"War"}],"homepage":"","id":100461,"imdb_id":"tt0055743","original_language":"ja","original_title":"Amakusa shiro tokisada","overview":"In the year 1637 in Shimabara of Tokugawa-era Japan, oppressed peasant Christians revolt against the shogunate with the aid of a charismatic Christian rebel leader Shiro Amakusa.","popularity":0.000398,"poster_path":"/799Ja4OnCgQrmlTfvCmYlnIgkGc.jpg","production_companies":[{"name":"Toei Company","id":9255}],"production_countries":[{"iso_3166_1":"JP","name":"Japan"}],"release_date":"1962-03-21","revenue":0,"runtime":100,"spoken_languages":[{"iso_639_1":"ja","name":"日本語"}],"status":"Released","tagline":"","title":"The Christian Revolt","video":false,"vote_average":0.0,"vote_count":0}
