{"adult":false,"backdrop_path":null,"belongs_to_collection":null,"budget":0,"genres":[{"id":35,"name":"Comedy"},{"id":10749,"name":"Romance"}],"homepage":"","id":100080,"imdb_id":"tt0102377","original_language":"en","original_title":"Un amour de banquier","overview":"The Maid is a 1991 film in which Anthony Wayne (Martin Sheen) goes to Paris for a new job and has a 30 day period before he starts work to get settled.","popularity":0.044028,"poster_path":"/zpZAOmildkVB0G8gseawIkLGCSI.jpg","production_companies":[{"name":"Channel Four Films","id":181}],"production_countries":[{"iso_3166_1":"FR","name":"France"},{"iso_3166_1":"GB","name":"United Kingdom"},{"iso_3166_1":"US","name":"United States of America"}],"release_date":"1991-08-02","revenue":0,"runtime":84,"spoken_languages":[{"iso_639_1":"en","name":"English"}],"status":"Released","tagline":"","title":"The Maid","video":false,"vote_average":9.5,"vote_count":2}
