{"adult":false,"backdrop_path":null,"belongs_to_collection":null,"budget":0,"genres":[],"homepage":"","id":100556,"imdb_id":"tt0060681","original_language":"en","original_title":"Maya","overview":"An American boy runs away in the Indian jungle after a fight with his father.","popularity":0.000148,"poster_path":"/5jpusrqRSXBMDsGPvouIPcI1MpY.jpg","production_companies":[],"production_countries":[],"release_date":"1966-06-22","revenue":0,"runtime":91,"spoken_languages":[],"status":"Released","tagline":"","title":"Maya","video":false,"vote_average":0.0,"vote_count":0}
