{"adult":false,"backdrop_path":"/4SfWg1gSP7uDPhdAak41sC2Pw0D.jpg","belongs_to_collection":null,"budget":0,"genres":[{"id":18,"name":"Drama"},{"id":28,"name":"Action"},{"id":53,"name":"Thriller"}],"homepage":"","id":100251,"imdb_id":"tt0034748","original_language":"en","original_title":"Foreign Agent","overview":"Hollywood starlet foils an Axis plot to sabotage the L.A. infrastructure.","popularity":0.000143,"poster_path":"/eSRenAKssC17HHGnbl6XeYRa95R.jpg","production_companies":[{"name":"Monogram Pictures","id":4395}],"production_countries":[{"iso_3166_1":"US","name":"United States of America"}],"release_date":"1942-10-09","revenue":0,"runtime":64,"spoken_languages":[{"iso_639_1":"en","name":"English"}],"status":"Released","tagline":"SMASH SPIES! They're here...deadly, ruthless...attacking our home front!","title":"Foreign Agent","video":false,"vote_average":0.0,"vote_count":0}
