{"adult":false,"backdrop_path":null,"belongs_to_collection":null,"budget":0,"genres":[{"id":28,"name":"Action"},{"id":53,"name":"Thriller"}],"homepage":"","id":100673,"imdb_id":"tt0054693","original_language":"en","original_title":"Blueprint For Robbery","overview":"A gang of career criminals plots the robbery of an armored car company's headquarters. Although the robbery itself goes off as planned, it's not long before the gang members are fighting among themselves over everybody's share of the loot and trying to avoid capture by the police, who are pouring all their resources into capturing the robbers. Based on a real-life 1950 Brinks Armored Car Co. robbery in Boston.","popularity":0.000143,"poster_path":"/1KL67YbsVuTT4ae5fAEUTqU4WSI.jpg","production_companies":[],"production_countries":[],"release_date":"1961-02-01","revenue":0,"runtime":87,"spoken_languages":[],"status":"Released","tagline":"BIGGEST HEIST IN HISTORY!","title":"Blueprint For Robbery","video":false,"vote_average":0.0,"vote_count":0}
