{"adult":false,"backdrop_path":"/uUJnVsn6yDCUUjY2tOeXLaoS6Ar.jpg","belongs_to_collection":null,"budget":0,"genres":[],"homepage":"","id":100362,"imdb_id":"tt0027464","original_language":"en","original_title":"The CooCoo Nut Grove","overview":"A visit to a Hollywood nightclub, featuring caricatures of, among others, Walter Winchell, Hugh Herbert, W.C. Fields, Katharine Hepburn, Ned Sparks, Johnny Weissmuller, Lupe Velez, John Barrymore, Harpo Marx, George Arliss, 'Mae West' , Stan Laurel, Oliver Hardy, Clark Gable, Edna May Oliver, Gary Cooper, The Dionne Quintuplets, Groucho Marx, Helen Morgan, Wallace Beery, 'Edward G. Robinson' and George Raft.","popularity":0.000143,"poster_path":"/6RINIVCThxQvTFTkxWulWse814.jpg","production_companies":[{"name":"Leon Schlesinger Studios","id":8298},{"name":"The Vitaphone Corporation","id":9329}],"production_countries":[{"iso_3166_1":"US","name":"United States of America"}],"release_date":"1936-11-28","revenue":0,"runtime":7,"spoken_languages":[{"iso_639_1":"en","name":"English"}],"status":"Released","tagline":"","title":"The CooCoo Nut Grove","video":false,"vote_average":5.5,"vote_count":2}
