{"adult":false,"backdrop_path":null,"belongs_to_collection":null,"budget":0,"genres":[{"id":35,"name":"Comedy"},{"id":10749,"name":"Romance"}],"homepage":"","id":100126,"imdb_id":"tt1500819","original_language":"en","original_title":"Macho","overview":"Paul, from Mexico, and Sofi, from Canada, meet in California and become a couple. Their mostly sexual relationship is chronicled in a series of scenes separated by titles.","popularity":0.000867,"poster_path":"/dZmrCQZ2FZXrCq6wqBmzC58RgPS.jpg","production_companies":[],"production_countries":[],"release_date":"2009-01-01","revenue":0,"runtime":76,"spoken_languages":[{"iso_639_1":"en","name":"English"}],"status":"Released","tagline":"","title":"Macho","video":false,"vote_average":0.0,"vote_count":0}
