{"adult":false,"backdrop_path":null,"belongs_to_collection":null,"budget":0,"genres":[{"id":18,"name":"Drama"}],"homepage":"","id":100530,"imdb_id":"tt0034278","original_language":"en","original_title":"Wings and the Woman","overview":"The story of flyer Amy Johnson who won the hearts of the British public in the 1930s with her record-breaking solo flights around the world. Her marriage to fellow aviator Jim Mallison was less noteworthy.","popularity":0.00015,"poster_path":"/36J36EzELao26ZsLKrKMfc45qqu.jpg","production_companies":[{"name":"RKO Radio Pictures","id":6},{"name":"Herbert Wilcox Productions","id":10240}],"production_countries":[{"iso_3166_1":"GB","name":"United Kingdom"}],"release_date":"1942-09-18","revenue":0,"runtime":94,"spoken_languages":[{"iso_639_1":"en","name":"English"}],"status":"Released","tagline":"SHE LED THE PARADE FROM SILK TO KHAKI! -- This girl who bolted a white-collar job to win her place in the air force...it's the amazing story of Amy and her Jim -- The Flying Mollisons.","title":"Wings and the Woman","video":false,"vote_average":0.0,"vote_count":0}
