{"adult":false,"backdrop_path":null,"belongs_to_collection":null,"budget":0,"genres":[{"id":18,"name":"Drama"}],"homepage":"","id":100688,"imdb_id":"tt0088034","original_language":"en","original_title":"Sam's Son","overview":"Michael Landon's semi-autobiographical sketch of his earlier life. It's the story of Gene Orowitz, a high school student struggling with his identity, who finds success as a javelin thrower on the track team.","popularity":0.010125,"poster_path":"/7JlOqIuG10JhZ9eyiVZbzWacgOB.jpg","production_companies":[],"production_countries":[],"release_date":"1984-08-17","revenue":0,"runtime":104,"spoken_languages":[],"status":"Released","tagline":"","title":"Sam's Son","video":false,"vote_average":4.3,"vote_count":2}
