{"adult":false,"backdrop_path":"/zNuhv8va6D8er1yR1coBsboa9dN.jpg","belongs_to_collection":null,"budget":3000000,"genres":[{"id":18,"name":"Drama"},{"id":28,"name":"Action"},{"id":53,"name":"Thriller"},{"id":80,"name":"Crime"}],"homepage":"","id":100683,"imdb_id":"tt1735862","original_language":"en","original_title":"Dragon Eyes","overview":"In St. Jude, drug dealers and corrupt cops have destroyed an urban neighborhood. But newcomer, Hong, has the fighting skills and moral vision to save this town from itself.","popularity":0.607658,"poster_path":"/peaysf1aBnNNE2eZ3hRyV1rv0Zd.jpg","production_companies":[{"name":"Dark Castle Entertainment","id":1786},{"name":"Silver Pictures","id":1885},{"name":"Signature Pictures","id":2982},{"name":"After Dark Films","id":3608},{"name":"Autonomous Films","id":11647},{"name":"Signature Entertainment","id":23770}],"production_countries":[{"iso_3166_1":"US","name":"United States of America"}],"release_date":"2012-05-11","revenue":0,"runtime":88,"spoken_languages":[{"iso_639_1":"en","name":"English"}],"status":"Released","tagline":"","title":"Dragon Eyes","video":false,"vote_average":4.4,"vote_count":9}
