{"adult":false,"backdrop_path":null,"belongs_to_collection":null,"budget":0,"genres":[],"homepage":"","id":100136,"imdb_id":"tt0113529","original_language":"de","original_title":"Das Karussell des Todes","overview":null,"popularity":0.000152,"poster_path":"/x7KZULdBbv3UEdXxXHP0UV9VA1S.jpg","production_companies":[],"production_countries":[{"iso_3166_1":"DE","name":"Germany"},{"iso_3166_1":"GB","name":"United Kingdom"}],"release_date":"1996-02-27","revenue":0,"runtime":0,"spoken_languages":[{"iso_639_1":"de","name":"Deutsch"}],"status":"Released","tagline":"","title":"Das Karussell des Todes","video":false,"vote_average":0.0,"vote_count":0}
