{"adult":false,"backdrop_path":null,"belongs_to_collection":null,"budget":0,"genres":[{"id":18,"name":"Drama"}],"homepage":"","id":100135,"imdb_id":"tt0311862","original_language":"en","original_title":"Statistics","overview":"\"STATISTICS\" tells the story of six individuals who all share one thing in common: they will become statistics by the end of the day. They are neither heroes nor criminals, but everyday people who will become victims of everyday life. The events that take place will be read about today and forgotten tomorrow, but in that blink-of-an-eye, their lives and the lives of the people around them will be changed forever. It happens every day. Despite the tragedies, this is not a story about dying, but is in fact a very uplifting story about living. The message is simple: cherish life today because no one is guaranteed a tomorrow.","popularity":0.0,"poster_path":null,"production_companies":[],"production_countries":[],"release_date":"","revenue":0,"runtime":0,"spoken_languages":[],"status":"Released","tagline":"Something happens everyday to change the way people think.","title":"Statistics","video":false,"vote_average":0.0,"vote_count":0}
