{"adult":false,"backdrop_path":null,"belongs_to_collection":null,"budget":0,"genres":[],"homepage":"","id":100041,"imdb_id":"tt0084490","original_language":"en","original_title":"Pestañas postizas","overview":"A story of love and heartbreak. Of hope and despair. Of passion and abandonment. After two years together, John has left Marita, a mature woman that has kept him until he has found Adela, another woman from whom get her money.","popularity":0.002025,"poster_path":null,"production_companies":[],"production_countries":[],"release_date":"1982-01-01","revenue":0,"runtime":84,"spoken_languages":[{"iso_639_1":"es","name":"Español"}],"status":"Released","tagline":"","title":"Pestañas postizas","video":false,"vote_average":0.0,"vote_count":0}
