{"adult":false,"backdrop_path":null,"belongs_to_collection":null,"budget":0,"genres":[],"homepage":"","id":100344,"imdb_id":"tt0038880","original_language":"en","original_title":"Rhapsody Rabbit","overview":"When Bugs attempts to perform Liszt's Second Hungarian Rhapsody, he is troubled by a mouse.","popularity":0.000143,"poster_path":"/1Q5PqQLLh3Z4YllgvOH7DW2TTCn.jpg","production_companies":[{"name":"Warner Bros. Animation","id":2785}],"production_countries":[{"iso_3166_1":"US","name":"United States of America"}],"release_date":"1946-11-09","revenue":0,"runtime":7,"spoken_languages":[{"iso_639_1":"en","name":"English"}],"status":"Released","tagline":"","title":"Rhapsody Rabbit","video":false,"vote_average":0.0,"vote_count":0}
