{"adult":false,"backdrop_path":"/vcPnt2APsJdbojgHB80S577CDbZ.jpg","belongs_to_collection":null,"budget":0,"genres":[{"id":27,"name":"Horror"},{"id":878,"name":"Science Fiction"},{"id":53,"name":"Thriller"}],"homepage":"","id":100788,"imdb_id":"tt0068390","original_language":"en","original_title":"A Cold Night's Death","overview":"Scientists Culp and Wallach suspect that there is someone other than their research primates inhabiting their polar station.","popularity":1.8e-05,"poster_path":"/6AjI2aLJEQdyeeXmk5YapAdYHyz.jpg","production_companies":[{"name":"ABC Circle Films","id":2166},{"name":"Spelling-Goldberg Productions","id":19326}],"production_countries":[{"iso_3166_1":"US","name":"United States of America"}],"release_date":"1973-01-30","revenue":0,"runtime":74,"spoken_languages":[{"iso_639_1":"en","name":"English"}],"status":"Released","tagline":"","title":"A Cold Night's Death","video":false,"vote_average":4.0,"vote_count":1}
