{"adult":false,"backdrop_path":null,"belongs_to_collection":null,"budget":0,"genres":[],"homepage":"","id":100527,"imdb_id":"tt1153116","original_language":"it","original_title":"Riprendimi","overview":null,"popularity":0.000724,"poster_path":"/ba97FBsVrCOdRfJeUz80SRPjVW.jpg","production_companies":[],"production_countries":[],"release_date":"2008-04-11","revenue":0,"runtime":0,"spoken_languages":[],"status":"Released","tagline":"","title":"Good Morning Heartache","video":false,"vote_average":0.0,"vote_count":0}
