{"adult":false,"backdrop_path":null,"belongs_to_collection":null,"budget":15000,"genres":[{"id":28,"name":"Action"},{"id":878,"name":"Science Fiction"}],"homepage":"http://www.swinemovie.com/","id":100689,"imdb_id":"tt1548021","original_language":"en","original_title":"Swine","overview":"With civilization in ruins, man called upon his primal instincts to survive. Hunters and scavengers alike made their way in this savage land.  But when the Northern Warlords united,  skulls cracked and spirits broke, as they conquered everything in their path.  Now, deep in the Outlands, a partisan movement, known as Vox Populi, stands their ground against an enemy bred for battle.  After discovering a weakness in the Colonial garrison, Vox Populi comes out of hiding to strike at the heart of the Colonial army. This is a short movie Trilogy, each chaper 15 minutes long.","popularity":0.003321,"poster_path":"/oRuPc79uPj8lUNxuwgHdqJLonUx.jpg","production_companies":[],"production_countries":[{"iso_3166_1":"US","name":"United States of America"}],"release_date":"2010-01-01","revenue":0,"runtime":12,"spoken_languages":[{"iso_639_1":"en","name":"English"}],"status":"Released","tagline":"","title":"Swine","video":false,"vote_average":0.0,"vote_count":0}
