{"adult":false,"backdrop_path":null,"belongs_to_collection":null,"budget":0,"genres":[],"homepage":"","id":100040,"imdb_id":"tt0037888","original_language":"en","original_title":"La luna vale un millón","overview":"The film tells the classic story of two men who look alike, a hopelessly poor, the other extremely wealthy. By circumstances of fate, the plane that carries the rich crashes into a field, where the other, observing how much they look alike, decides to get his clothes and impersonate him. Thus, the poor tastes the sweetness of wealth, and the other the pleasantness of a simple life without hassles","popularity":0.000143,"poster_path":"/jGBzRaZziAuUzl6FNFvj4rjyrNk.jpg","production_companies":[],"production_countries":[],"release_date":"1945-11-12","revenue":0,"runtime":90,"spoken_languages":[{"iso_639_1":"es","name":"Español"}],"status":"Released","tagline":"","title":"La luna vale un millón","video":false,"vote_average":0.0,"vote_count":0}
