{"adult":false,"backdrop_path":null,"belongs_to_collection":null,"budget":0,"genres":[{"id":27,"name":"Horror"},{"id":53,"name":"Thriller"}],"homepage":"","id":100329,"imdb_id":"tt0414413","original_language":"en","original_title":"La promesa","overview":"A psychological thriller about an obsessive compulsive, deeply religious woman who flees her abusive husband and accepts a nanny position for a weatlhy family in a different town. The woman's state of mind is extremely fragile, and is made worse by her visits to a Gothic church where things are not as they seem","popularity":0.000456,"poster_path":"/q7OBaHVRe4uyZ0yy8hSYiQ7Yx9w.jpg","production_companies":[],"production_countries":[{"iso_3166_1":"ES","name":"Spain"}],"release_date":"2004-08-13","revenue":0,"runtime":105,"spoken_languages":[{"iso_639_1":"es","name":"Español"}],"status":"Released","tagline":"","title":"La promesa","video":false,"vote_average":0.0,"vote_count":0}
