{"adult":false,"backdrop_path":null,"belongs_to_collection":null,"budget":0,"genres":[{"id":35,"name":"Comedy"}],"homepage":"","id":100043,"imdb_id":"tt1844043","original_language":"ru","original_title":"Стэп бай стэп","overview":null,"popularity":0.013663,"poster_path":"/bzaPPjlsuXZKOL5McrMwORUGC1S.jpg","production_companies":[],"production_countries":[{"iso_3166_1":"RU","name":"Russia"}],"release_date":"","revenue":0,"runtime":101,"spoken_languages":[{"iso_639_1":"ru","name":"Pусский"}],"status":"Released","tagline":"","title":"Step bay step","video":false,"vote_average":0.0,"vote_count":0}
