{"adult":false,"backdrop_path":"/1nZG3aQFlhSoI7kYgqdcV3HxJqf.jpg","belongs_to_collection":null,"budget":0,"genres":[{"id":35,"name":"Comedy"}],"homepage":"","id":100405,"imdb_id":"tt0091804","original_language":"en","original_title":"Puteshestviye Gospodina Perrishona","overview":"Monsieur Perrichon, a rich coachbuilder by profession, is an honest but vain member of the bourgeoisie who decides to take a pleasure trip in the company of his wife Caroline and his daughter Henrietta. The family, deciding on a train journey to the Swiss Alps, arrive at Gare de Lyon in Paris where they happen upon two young suitors, both with the same goal of marrying Henrietta. Over the course of the journey, the two men are involved in an honorable but fierce struggle for the young lady's hand in marriage.","popularity":1.7e-05,"poster_path":"/3aHP2o5DtaTQYWMrhGCnlUbWA2B.jpg","production_companies":[{"name":"Mosfilm","id":5120}],"production_countries":[{"iso_3166_1":"RU","name":"Russia"}],"release_date":"1986-06-06","revenue":0,"runtime":75,"spoken_languages":[{"iso_639_1":"ru","name":"Pусский"}],"status":"Released","tagline":"","title":"Mister Perrichon's Trip","video":false,"vote_average":0.0,"vote_count":0}
