{"adult":false,"backdrop_path":null,"belongs_to_collection":null,"budget":0,"genres":[],"homepage":"","id":100239,"imdb_id":"tt0036061","original_language":"en","original_title":"Junior Army","overview":"No Overview","popularity":0.000143,"poster_path":"/sMNhZ1yAZPYneQk2SNADtIpi79Z.jpg","production_companies":[],"production_countries":[],"release_date":"1942-11-26","revenue":0,"runtime":70,"spoken_languages":[],"status":"Released","tagline":"","title":"Junior Army","video":false,"vote_average":0.0,"vote_count":0}
