{"adult":false,"backdrop_path":null,"belongs_to_collection":null,"budget":0,"genres":[],"homepage":"","id":100076,"imdb_id":"tt0064162","original_language":"en","original_title":"Chico, chica, ¡boom!","overview":"Andres and Luis are two young taxi drivers eager to succeed. The first one sings and the other composes songs, and together they intend to record an album to finally jump to fame. They have it all planned. Taking advantage of a visit to the city of the famous singer Silvia, Luis tries to gain the confidence of her manager and, in this way, be directly launched to fame.","popularity":0.000168,"poster_path":"/ql917m0z1KPXbhEITskH86JZUNY.jpg","production_companies":[],"production_countries":[],"release_date":"1969-07-03","revenue":0,"runtime":95,"spoken_languages":[{"iso_639_1":"es","name":"Español"}],"status":"Released","tagline":"","title":"Chico, chica, ¡boom!","video":false,"vote_average":0.0,"vote_count":0}
