{"adult":false,"backdrop_path":"/2VWaNeEznBoAJEdGDYzdoPbEOwN.jpg","belongs_to_collection":null,"budget":0,"genres":[],"homepage":"","id":100369,"imdb_id":"tt0034845","original_language":"en","original_title":"The Hep Cat","overview":"A cat-about-town fancies himself such an irresitible \"hunk\" he momentarily resembles Victor Mature. His wooing of a cute kitten gets derailed by a prankster dog using a cat hand puppet to trap him.","popularity":0.00015,"poster_path":"/xahJLgR4SaJGnqRvH7oqLhd1qjj.jpg","production_companies":[{"name":"Warner Bros. Pictures","id":174}],"production_countries":[{"iso_3166_1":"US","name":"United States of America"}],"release_date":"1942-10-03","revenue":0,"runtime":6,"spoken_languages":[{"iso_639_1":"en","name":"English"}],"status":"Released","tagline":"","title":"The Hep Cat","video":false,"vote_average":7.0,"vote_count":1}
