{"adult":false,"backdrop_path":null,"belongs_to_collection":null,"budget":0,"genres":[],"homepage":"","id":100629,"imdb_id":"tt1439310","original_language":"en","original_title":"Heaven 17 - Live at La Scala","overview":"On November 25th 2005, Heaven 17 put on a rare live performance to promote the release of 'Before After', their first studio album since 'Bigger Than America' in 1996.\r The whole gig was released on a double CD set immediately after the gig - a quality recording taken straight from the mixing desk with no overdubs or added effects - pure H17 and the results were stunning.","popularity":0.0,"poster_path":null,"production_companies":[],"production_countries":[],"release_date":"","revenue":0,"runtime":90,"spoken_languages":[],"status":"Released","tagline":"","title":"Heaven 17 - Live at La Scala","video":false,"vote_average":0.0,"vote_count":0}
