{"adult":false,"backdrop_path":null,"belongs_to_collection":null,"budget":0,"genres":[{"id":18,"name":"Drama"}],"homepage":"","id":100539,"imdb_id":"tt1761008","original_language":"en","original_title":"The Weather Outside","overview":"Max finds himself separated from his family on Christmas Eve. He ultimately comes to the conclusion that his wife has left him and taken their children along with her. One year after the disappearance, he begins to discover that he might have one last risky chance to get them back.","popularity":0.001835,"poster_path":"/eOuhC6QuxB82G362KSD7KXEbMwe.jpg","production_companies":[],"production_countries":[],"release_date":"2012-05-01","revenue":0,"runtime":0,"spoken_languages":[],"status":"Released","tagline":"","title":"The Weather Outside","video":false,"vote_average":0.0,"vote_count":0}
