{"adult":false,"backdrop_path":null,"belongs_to_collection":null,"budget":0,"genres":[],"homepage":null,"id":100765,"imdb_id":"tt0495686","original_language":"de","original_title":"Du hast gesagt, dass Du mich liebst","overview":null,"popularity":0.000429,"poster_path":"/zc5WBxAXCAjSJnwLdrbsvyX0R5L.jpg","production_companies":[],"production_countries":[],"release_date":"2006-04-20","revenue":0,"runtime":0,"spoken_languages":[{"iso_639_1":"de","name":"Deutsch"}],"status":"Released","tagline":null,"title":"Du hast gesagt, dass Du mich liebst","video":false,"vote_average":0.0,"vote_count":0}
