{"adult":false,"backdrop_path":null,"belongs_to_collection":null,"budget":0,"genres":[{"id":27,"name":"Horror"},{"id":10769,"name":"Foreign"}],"homepage":"","id":100459,"imdb_id":"tt0291272","original_language":"en","original_title":"Iyarashii hitozuma: nureru","overview":"Takeshi, an alienated young man spends his lonely days obsessively following total strangers. He is employed to observe the movements of a beautiful but disturbed doctor, whose behavior is causing concern. As Takeshi continues to track her, a bond begins to grow between them, a bond which can only end in tragedy...","popularity":0.000159,"poster_path":"/fJK2G5CTOxUJ1vh5SngCAdrwFcy.jpg","production_companies":[{"name":"Shintoho Company","id":3094},{"name":"Kokuei Company","id":9301}],"production_countries":[{"iso_3166_1":"JP","name":"Japan"}],"release_date":"1994-01-01","revenue":0,"runtime":62,"spoken_languages":[{"iso_639_1":"ja","name":"日本語"}],"status":"Released","tagline":"","title":"Love - Zero = Infinity","video":false,"vote_average":0.0,"vote_count":0}
