{"adult":false,"backdrop_path":null,"belongs_to_collection":null,"budget":0,"genres":[],"homepage":"","id":100106,"imdb_id":"tt0045010","original_language":"en","original_title":"La pasión desnuda","overview":"A woman who works doing chores in the convent where her paralyzed daughter, that believes that is dead, and falls in love of a doctor.","popularity":0.000145,"poster_path":"/3W8VQ8dZcIsmIyZpycsXhffV4Z.jpg","production_companies":[],"production_countries":[],"release_date":"1953-04-01","revenue":0,"runtime":111,"spoken_languages":[],"status":"Released","tagline":"","title":"Naked Passion","video":false,"vote_average":0.0,"vote_count":0}
