{"adult":false,"backdrop_path":"/4qJXqHOS8zcbHSkvWnGzfzReCEx.jpg","belongs_to_collection":null,"budget":300000,"genres":[{"id":28,"name":"Action"}],"homepage":"http://www.thekillholemovie.com/","id":100540,"imdb_id":"tt1727373","original_language":"en","original_title":"The Kill Hole","overview":"The shadow of war follows a troubled Iraq War vet as he is forced to pursue one of his own into the Pacific Northwest wilderness to finally confront a war crime that has haunted them both.","popularity":0.003068,"poster_path":"/iahGPiKmjdyEtCMeVEMYhfYqgag.jpg","production_companies":[{"name":"Alternate Ending Studios","id":10530}],"production_countries":[{"iso_3166_1":"US","name":"United States of America"}],"release_date":"2012-08-28","revenue":0,"runtime":91,"spoken_languages":[{"iso_639_1":"en","name":"English"}],"status":"Released","tagline":"","title":"The Kill Hole","video":false,"vote_average":4.5,"vote_count":1}
