{"adult":false,"backdrop_path":null,"belongs_to_collection":null,"budget":0,"genres":[],"homepage":"","id":100632,"imdb_id":"tt0041115","original_language":"en","original_title":"Always Leave Them Laughing","overview":"Director Roy Del Ruth's 1949 film, about a self-absorbed comedian who steps all over his friends and colleagues in order to achieve success, stars Milton Berle, Virginia Mayo, Ruth Roman, Bert Lahr and Alan Hale.","popularity":0.000143,"poster_path":"/28H4B9tnhUhaK4EgPNYjkm2YsTb.jpg","production_companies":[],"production_countries":[],"release_date":"1949-11-26","revenue":0,"runtime":116,"spoken_languages":[],"status":"Released","tagline":"","title":"Always Leave Them Laughing","video":false,"vote_average":0.0,"vote_count":0}
