{"adult":false,"backdrop_path":null,"belongs_to_collection":null,"budget":0,"genres":[],"homepage":"","id":100263,"imdb_id":"tt0107997","original_language":"en","original_title":"Conversation with a Cupboard Man","overview":"Charles sits for hours in a wardrobe in a rented room on the attic, looking back on his whole life. He was brought up by a single mother who loved his only child with a sick desperate feeling and limited all his world to her own person. Charles' tragedy began with his adolescence. It made his mother aware of her feminity that resulted in her new marriage. Together with a new husband she decided to send the boy to a school for retarded children. Upon leaving the school Charles starts to seek his longing mother who moved out, in a meanwhile, not giving any address.","popularity":0.00015,"poster_path":"/hvBGicafydgkzWgBeRNKVzEL77z.jpg","production_companies":[],"production_countries":[],"release_date":"1994-03-02","revenue":0,"runtime":90,"spoken_languages":[],"status":"Released","tagline":"","title":"Conversation with a Cupboard Man","video":false,"vote_average":0.0,"vote_count":0}
