{"adult":false,"backdrop_path":"/dTDMFZccnWqTriweSkc8s2zJSTQ.jpg","belongs_to_collection":null,"budget":0,"genres":[],"homepage":"","id":100589,"imdb_id":"tt0058001","original_language":"en","original_title":"Démanty noci","overview":"Diamonds in the night is the tense, brutal story of two Jewish boys who escape from a train transporting them from one concentration camp to another. Ultimately, they are hunted down by a group of old, armed home-guardists. The film goes beyond the themes of war and anti-Nazism and concerns itself with man's struggle to preserve human dignity.","popularity":0.000144,"poster_path":"/oLA3hYT09ZygqxbqZRn2WxFnvFn.jpg","production_companies":[],"production_countries":[],"release_date":"1964-09-25","revenue":0,"runtime":63,"spoken_languages":[{"iso_639_1":"cs","name":"Český"}],"status":"Released","tagline":"","title":"Diamonds of the Night","video":false,"vote_average":9.0,"vote_count":2}
