{"adult":false,"backdrop_path":null,"belongs_to_collection":null,"budget":0,"genres":[{"id":18,"name":"Drama"}],"homepage":"","id":100249,"imdb_id":"tt0228931","original_language":"en","original_title":"Tesla","overview":"not available","popularity":0.000144,"poster_path":"/oqZ9ZyKG3SVzvUykVmt89Mpdbto.jpg","production_companies":[],"production_countries":[],"release_date":"1993-01-01","revenue":0,"runtime":107,"spoken_languages":[{"iso_639_1":"sr","name":"Srpski"}],"status":"Released","tagline":"","title":"Tesla","video":false,"vote_average":4.8,"vote_count":2}
