{"adult":false,"backdrop_path":null,"belongs_to_collection":null,"budget":0,"genres":[{"id":16,"name":"Animation"},{"id":35,"name":"Comedy"}],"homepage":"","id":100304,"imdb_id":"tt0038588","original_language":"en","original_title":"Hare Remover","overview":"Elmer Fudd is a mad scientist who wants to turn Bugs Bunny into a fiend. Bugs tricks this ersatz Dr. Jekyll into drinking his own mixture; later, each thinks the other has changed into a bear.","popularity":0.00017,"poster_path":"/iL2qoyAAGGjsyBnmc08zNmsiI63.jpg","production_companies":[],"production_countries":[],"release_date":"1946-03-23","revenue":0,"runtime":7,"spoken_languages":[],"status":"Released","tagline":"","title":"Hare Remover","video":false,"vote_average":0.0,"vote_count":0}
