{"adult":false,"backdrop_path":"/kuwJ4Ecil049hSqVzs0W5EFc42B.jpg","belongs_to_collection":null,"budget":0,"genres":[{"id":35,"name":"Comedy"},{"id":80,"name":"Crime"}],"homepage":"","id":100176,"imdb_id":"tt0065835","original_language":"de","original_title":"Die Herren mit der weißen Weste","overview":"A crime comedy directed by Wolfgang Staudte.","popularity":0.0225,"poster_path":"/xhqfCoIjpkV5xY0XHErARmQPs3e.jpg","production_companies":[{"name":"Rialto Films","id":8658}],"production_countries":[{"iso_3166_1":"DE","name":"Germany"}],"release_date":"1970-03-12","revenue":0,"runtime":90,"spoken_languages":[{"iso_639_1":"de","name":"Deutsch"}],"status":"Released","tagline":"","title":"Gentlemen in White Vests","video":false,"vote_average":7.0,"vote_count":1}
