{"adult":false,"backdrop_path":"/mFGVtuR5yOWTeSAgZTMrLiwIe.jpg","belongs_to_collection":null,"budget":0,"genres":[{"id":28,"name":"Action"},{"id":35,"name":"Comedy"}],"homepage":null,"id":100746,"imdb_id":"","original_language":"th","original_title":"มะหมา 2","overview":null,"popularity":0.001726,"poster_path":"/jUHifftoFW1XjjM1HrLX1P06ckQ.jpg","production_companies":[{"name":"NGR","id":9362}],"production_countries":[{"iso_3166_1":"TH","name":"Thailand"}],"release_date":"2012-04-05","revenue":0,"runtime":0,"spoken_languages":[{"iso_639_1":"th","name":"ภาษาไทย"}],"status":"Released","tagline":null,"title":"มะหมา 2","video":false,"vote_average":0.0,"vote_count":0}
