{"adult":false,"backdrop_path":"/4spF78yEOFGhpFLu1Gyv1R7qr4w.jpg","belongs_to_collection":null,"budget":0,"genres":[],"homepage":"","id":100086,"imdb_id":"tt0357283","original_language":"en","original_title":"Silent Waters","overview":"Ayesha is a widow with a secret past, living with her beloved son Saleem in a small town in Pakistan close to the Indian border. When the fires of Islamic nationalism invade their tranquil lives, Saleem and a few of the town's other young men are soon gripped by a religious fervour, and they attempt to bring radical Islamic law to their friends and neighbours. After a group of Sikh pilgrims arrive in town, tensions reach boiling point as Ayesha's haunted past comes rushing back.","popularity":0.000435,"poster_path":"/8zcfOF4P0EEVkdcpD1YR8mBapu2.jpg","production_companies":[],"production_countries":[{"iso_3166_1":"PK","name":"Pakistan"}],"release_date":"2003-08-15","revenue":0,"runtime":99,"spoken_languages":[{"iso_639_1":"ur","name":"اردو"}],"status":"Released","tagline":"The Water Stirs","title":"Silent Waters","video":false,"vote_average":7.0,"vote_count":1}
