{"adult":false,"backdrop_path":"/s1RXZvULlSR0x9dEnNQ6rB8zHle.jpg","belongs_to_collection":null,"budget":0,"genres":[{"id":18,"name":"Drama"},{"id":10749,"name":"Romance"},{"id":14,"name":"Fantasy"}],"homepage":"","id":100420,"imdb_id":"tt0024044","original_language":"en","original_title":"Gabriel Over the White House","overview":"A political hack becomes President during the height of the Depression and undergoes a metamorphosis into an incorruptible statesman after a near-fatal accident.","popularity":0.000143,"poster_path":"/8NAc7rpYdY9sg5rVVtyyhStoSub.jpg","production_companies":[{"name":"Metro-Goldwyn-Mayer (MGM)","id":8411}],"production_countries":[{"iso_3166_1":"US","name":"United States of America"}],"release_date":"1933-03-31","revenue":0,"runtime":86,"spoken_languages":[{"iso_639_1":"en","name":"English"}],"status":"Released","tagline":"","title":"Gabriel Over the White House","video":false,"vote_average":3.3,"vote_count":2}
