{"adult":false,"backdrop_path":null,"belongs_to_collection":null,"budget":0,"genres":[{"id":16,"name":"Animation"},{"id":35,"name":"Comedy"}],"homepage":"","id":100345,"imdb_id":"tt0049686","original_language":"en","original_title":"Rocket Squad","overview":"In a futuristic city, Detectives Monday and Tuesday pursue a wanted criminal.","popularity":0.000144,"poster_path":"/yoePZICPcasx0krvnEY3bOvHlRA.jpg","production_companies":[],"production_countries":[],"release_date":"1956-03-10","revenue":0,"runtime":7,"spoken_languages":[],"status":"Released","tagline":"","title":"Rocket Squad","video":false,"vote_average":0.0,"vote_count":0}
