{"adult":false,"backdrop_path":"/buaLnnkrAKdS0nMi9E3QpVO35Sf.jpg","belongs_to_collection":null,"budget":0,"genres":[{"id":28,"name":"Action"},{"id":35,"name":"Comedy"},{"id":10749,"name":"Romance"}],"homepage":null,"id":100805,"imdb_id":"tt1583277","original_language":"de","original_title":"Im Brautkleid durch Afrika","overview":null,"popularity":0.001004,"poster_path":"/cShxLh96Of7ddYOwYBw9uCpFMIa.jpg","production_companies":[],"production_countries":[{"iso_3166_1":"DE","name":"Germany"}],"release_date":"2010-01-01","revenue":0,"runtime":0,"spoken_languages":[{"iso_639_1":"de","name":"Deutsch"}],"status":"Released","tagline":null,"title":"Im Brautkleid durch Afrika","video":false,"vote_average":0.0,"vote_count":0}
