{"adult":false,"backdrop_path":null,"belongs_to_collection":null,"budget":0,"genres":[],"homepage":"","id":100768,"imdb_id":"","original_language":"en","original_title":"Even apeldoorn bellen","overview":"Alle 36 reclames van Centraal Beheer... \"Even Apeldoorn Bellen\". Alle commercials van 1986 tot nu, inclusief enkele die alleen voor de bisocoop zijn gemaakt.","popularity":0.0,"poster_path":null,"production_companies":[],"production_countries":[],"release_date":"","revenue":0,"runtime":0,"spoken_languages":[],"status":"Released","tagline":"","title":"Even apeldoorn bellen","video":false,"vote_average":0.0,"vote_count":0}
