{"adult":false,"backdrop_path":null,"belongs_to_collection":null,"budget":0,"genres":[{"id":18,"name":"Drama"}],"homepage":"","id":100712,"imdb_id":"tt0424247","original_language":"en","original_title":"The Love Crimes of Gillian Guess","overview":"A woman becomes romantically involved with a murder defendant while she is a juror in his trial.","popularity":0.000457,"poster_path":null,"production_companies":[],"production_countries":[{"iso_3166_1":"CA","name":"Canada"}],"release_date":"2004-09-17","revenue":0,"runtime":91,"spoken_languages":[{"iso_639_1":"en","name":"English"}],"status":"Released","tagline":"","title":"The Love Crimes of Gillian Guess","video":false,"vote_average":0.0,"vote_count":0}
