{"adult":false,"backdrop_path":null,"belongs_to_collection":null,"budget":0,"genres":[{"id":18,"name":"Drama"},{"id":36,"name":"History"}],"homepage":"","id":100466,"imdb_id":"tt0037081","original_language":"en","original_title":"Miyamoto Musashi","overview":"The first of five Musashi series, Shinobu and her brother Genichiro plead with the famous swordsman Musashi Miyamoto to teach them swordsmanship to avenge their father's death. The killers of their father see the sister and brother practicing with Miyamoto, and so enlist the help of another powerful swordsman, Kojiro Sasaki, which gives Sasaki an excuse to battle Miyamoto.","popularity":0.000144,"poster_path":"/6mNHDsc5xP25r1Bgqjd9QaY4YHo.jpg","production_companies":[{"name":"Shochiku","id":5906}],"production_countries":[{"iso_3166_1":"JP","name":"Japan"}],"release_date":"1944-12-28","revenue":0,"runtime":53,"spoken_languages":[{"iso_639_1":"ja","name":"日本語"}],"status":"Released","tagline":"","title":"Miyamoto Musashi","video":false,"vote_average":0.0,"vote_count":0}
