{"adult":false,"backdrop_path":null,"belongs_to_collection":null,"budget":0,"genres":[{"id":16,"name":"Animation"}],"homepage":"","id":100807,"imdb_id":"tt0154641","original_language":"en","original_title":"The Infantry Blues","overview":"Pvt. Snafu complains about being assigned to the infantry only to learn that other branches have their own problems.","popularity":0.000191,"poster_path":"/4ERS7wsbfjnRyWvtDCfsTDkR7d0.jpg","production_companies":[{"name":"Warner Bros. Pictures","id":174}],"production_countries":[{"iso_3166_1":"US","name":"United States of America"}],"release_date":"1943-09-01","revenue":0,"runtime":4,"spoken_languages":[],"status":"Released","tagline":"","title":"The Infantry Blues","video":false,"vote_average":0.0,"vote_count":0}
