{"adult":false,"backdrop_path":"/qzNxx1VXYrOwhxzEku4u8M6TmGF.jpg","belongs_to_collection":null,"budget":0,"genres":[{"id":18,"name":"Drama"}],"homepage":"http://www.cutbackthemovie.com/Splash.html","id":100212,"imdb_id":"tt1782415","original_language":"en","original_title":"Cutback","overview":"High School senior Luke Harris (Justin Schwan) dreams of just one thing... pro surfing. With his best friend Casey (Angel Cruz) at his side, they have two goals: surf and party! But Luke's Mom (Raquel Gardner) and especially Dad (Greg Carlson) have other ideas: pick a college and grow up! When Luke learns that a spot is opening up on the local surf team, he see's his big chance to prove to his parents that he can make it as a surfer and avoid being shipped off to school. Only two things stand in Luke's way: new-surfer-in-town Matt (Andy Shephard) who has his own eyes set on the surf team opening, and his Dad, who insists he give up his surfing dreams and get an education. When a devastating tragedy strikes, Luke is forced to take a hard look at his life and with the help of beautiful \"church-girl\" Emily (Kelsey Sanders) and his Youth Pastor (Danny Smith), he learns that there's much more to life than riding waves.","popularity":0.001291,"poster_path":"/59isDb4fz9TIjdx7ELs0ouUuLgy.jpg","production_companies":[{"name":"Skipstone Pictures","id":26945}],"production_countries":[{"iso_3166_1":"US","name":"United States of America"}],"release_date":"2011-05-11","revenue":0,"runtime":87,"spoken_languages":[{"iso_639_1":"en","name":"English"}],"status":"Released","tagline":"","title":"Cutback","video":false,"vote_average":7.0,"vote_count":2}
