{"adult":false,"backdrop_path":null,"belongs_to_collection":null,"budget":0,"genres":[{"id":99,"name":"Documentary"},{"id":10402,"name":"Music"}],"homepage":"http://shihadmovie.com/","id":100209,"imdb_id":"tt2262089","original_language":"en","original_title":"Shihad: Beautiful Machine","overview":"For over 20 years, Shihad has defined New Zealand rock music. From their roots in Wellington's furious 90's punk metal scene, to the wild Berlin days, the tragic overdose of their manager, the international explosion of The General Electric, and the infamous American name-change, Shihad: Beautiful Machine asks – what went wrong?  More than a documentary, this is an all-access pass to an extraordinary rock saga, charting a legendary band's fight with fame, fortune, the industry, and finally – itself.","popularity":0.001978,"poster_path":"/eikvc4LDV02ZOjKlxGtY4QpfTGX.jpg","production_companies":[],"production_countries":[],"release_date":"2012-05-16","revenue":0,"runtime":101,"spoken_languages":[],"status":"Released","tagline":"","title":"Shihad: Beautiful Machine","video":false,"vote_average":0.0,"vote_count":0}
