{"adult":false,"backdrop_path":null,"belongs_to_collection":null,"budget":0,"genres":[],"homepage":"","id":100258,"imdb_id":"","original_language":"fr","original_title":"Gainsbourg... Le Zenith","overview":null,"popularity":0.000299,"poster_path":"/i6H67ZFvHc56V9YMLbxLV0XOsZk.jpg","production_companies":[{"name":"Mercury","id":438}],"production_countries":[{"iso_3166_1":"FR","name":"France"}],"release_date":"2001-02-27","revenue":0,"runtime":0,"spoken_languages":[{"iso_639_1":"fr","name":"Français"}],"status":"Released","tagline":"","title":"Gainsbourg... Le Zenith","video":false,"vote_average":7.0,"vote_count":1}
