{"adult":false,"backdrop_path":null,"belongs_to_collection":null,"budget":0,"genres":[{"id":27,"name":"Horror"}],"homepage":"","id":100190,"imdb_id":"tt2276252","original_language":"en","original_title":"Psycho Pike","overview":"Toxins in a lake drive a fish crazy, and it starts attacking cottagers.","popularity":0.0,"poster_path":"/sxPCqwzyEm3Mf5JojVPF4pXY0r9.jpg","production_companies":[{"name":"Water Wolf Production","id":11091}],"production_countries":[{"iso_3166_1":"CA","name":"Canada"}],"release_date":"1992-01-01","revenue":0,"runtime":86,"spoken_languages":[{"iso_639_1":"en","name":"English"}],"status":"Released","tagline":"","title":"Psycho Pike","video":false,"vote_average":0.0,"vote_count":0}
