{"adult":false,"backdrop_path":null,"belongs_to_collection":null,"budget":0,"genres":[{"id":27,"name":"Horror"},{"id":35,"name":"Comedy"},{"id":53,"name":"Thriller"}],"homepage":"","id":100782,"imdb_id":"tt0475382","original_language":"en","original_title":"The Scorned","overview":"In a hidden beach house on the Malibu shore, a 'twenty something' couple have a 'spitting mad' lover's quarrel. The boyfriend storms out, and into the arms of their house mate. When the infidelity is discovered, horrible violence ensues, ending with the house mate soaked in blood, the boyfriend crying in the corner of the room and his girlfriend apparently dead in the hot tub. 17 Months Later: A group of attractive twenty somethings move into the abandoned beach house, unaware of the tragedy that had kept the house vacant all these months. One by one, temptation seduces the house mates into betraying their romantic relationships and they are punished for their infidelities, by an avenging angel of death. Movie created during a reality show called \"Kill Reality\" which ran on the E! network.","popularity":0.000777,"poster_path":"/lFQd6UaFFRrLZQy8ym71yUKoH78.jpg","production_companies":[{"name":"Creative Light Entertainment","id":4419}],"production_countries":[],"release_date":"2005-10-15","revenue":0,"runtime":87,"spoken_languages":[{"iso_639_1":"en","name":"English"}],"status":"Released","tagline":"Hell Hath No Fury Like A Dead Woman Scorned.","title":"The Scorned","video":false,"vote_average":4.8,"vote_count":3}
