{"adult":false,"backdrop_path":null,"belongs_to_collection":null,"budget":0,"genres":[{"id":12,"name":"Adventure"},{"id":28,"name":"Action"},{"id":37,"name":"Western"},{"id":10751,"name":"Family"}],"homepage":"","id":100095,"imdb_id":"tt1886504","original_language":"en","original_title":"Cowboys & Indians","overview":"With the fate of the frontier hanging in the balance, a former cavalry officer is called back into action to rescue a beautiful maiden from the clutches a band of renegade Black Claw Indians led by a frightening medicine man.","popularity":0.001143,"poster_path":"/yYiN4JSgd6l9LE6T6YP0SDGBAVX.jpg","production_companies":[],"production_countries":[],"release_date":"2011-01-01","revenue":0,"runtime":0,"spoken_languages":[{"iso_639_1":"en","name":"English"}],"status":"Released","tagline":"","title":"Cowboys & Indians","video":false,"vote_average":0.0,"vote_count":0}
