{"adult":false,"backdrop_path":"/za9pSYnUZgWi7EzU98vWTJqNBvM.jpg","belongs_to_collection":null,"budget":0,"genres":[{"id":10402,"name":"Music"}],"homepage":"","id":100229,"imdb_id":"","original_language":"en","original_title":"Paulo Cesar Baruk - Eletro Acustico","overview":"Paulo Cesar Baruk possui 4 álbuns gravados em estúdio, lançados respectivamente em 1997, 1999, 2001 e 2003 e um ao vivo lançado em 2005. Em 2006 passou a fazer parte do cast da Line Records e lançou “Dependo do Ti”, que fez parte do álbum “Eletroacústico” e vem com uma roupagem nova.","popularity":0.0,"poster_path":"/klEIPTyOvjMGcOCnpIzmdHDuB3l.jpg","production_companies":[],"production_countries":[],"release_date":"","revenue":0,"runtime":0,"spoken_languages":[],"status":"Released","tagline":"","title":"Paulo Cesar Baruk - Eletro Acustico","video":false,"vote_average":0.0,"vote_count":0}
