{"adult":false,"backdrop_path":"/9DAkySu9V0HQL1nuOdkMGowQ6In.jpg","belongs_to_collection":null,"budget":0,"genres":[{"id":99,"name":"Documentary"},{"id":10402,"name":"Music"}],"homepage":"","id":100776,"imdb_id":"tt0293475","original_language":"en","original_title":"Company: Original Cast Album","overview":"Stephen Sondheim's musical \"Company\" opened on Broadway in the Spring of 1970, and tradition dictates that the cast recording is done on the first Sunday after opening night. D.A. Pennebaker, the now-legendary documentarian, filmed the production of the original cast recording, the back and forth between Sondheim and the performers, and the dynamic of trying to record live performance. The film climaxes with Elaine Stritch's performance of \"The Ladies Who Lunch\". The show won 6 Tony Awards including \"Best Musical\" and ran for two years on Broadway.","popularity":0.0045,"poster_path":"/5bpEpk2zqPF9dkENZtlQcPMVWb9.jpg","production_companies":[],"production_countries":[],"release_date":"1970-01-01","revenue":0,"runtime":58,"spoken_languages":[{"iso_639_1":"en","name":"English"}],"status":"Released","tagline":"","title":"Company: Original Cast Album","video":false,"vote_average":0.0,"vote_count":0}
