{"adult":false,"backdrop_path":null,"belongs_to_collection":null,"budget":0,"genres":[{"id":35,"name":"Comedy"}],"homepage":"","id":100045,"imdb_id":"tt0043978","original_language":"es","original_title":"Ronda española","overview":"Over a hundred members of the chorus girls and dance groups from the Spanish \"Sección Femenina\" embark to America to show the richness of their national folklore. The girls have left parked their daily tasks to enjoy this great adventure aboard \"Mount Albertia\". During the trip, the relationship between the girls and the crew is very lively and in all scenarios where they perform, success always accompanies them.","popularity":0.000148,"poster_path":"/b34GbsXiNelfMRSiaLRLUDrm9Pk.jpg","production_companies":[{"name":"Chamartín P. C.","id":46265}],"production_countries":[{"iso_3166_1":"ES","name":"Spain"}],"release_date":"1952-01-14","revenue":0,"runtime":91,"spoken_languages":[{"iso_639_1":"es","name":"Español"}],"status":"Released","tagline":"","title":"Ronda española","video":false,"vote_average":0.0,"vote_count":0}
