{"adult":false,"backdrop_path":null,"belongs_to_collection":null,"budget":0,"genres":[],"homepage":"","id":100081,"imdb_id":"tt0055284","original_language":"en","original_title":"Pecado de amor","overview":"Nun Belen works as a spiritual guide in a women's prison. Is a very understanding woman, possibly due to her past. At the past she was Magda, the star of the cabaret \"The Mill of Twenty.\" She was attractive, young and admired by the public, she had it all, but three very different men end up marking her destination. A fate that is inexorably opposed to her happiness.","popularity":0.000168,"poster_path":"/7Hey5Xr70jSjuhAL846Wv6Bssv2.jpg","production_companies":[],"production_countries":[],"release_date":"1961-12-14","revenue":0,"runtime":115,"spoken_languages":[{"iso_639_1":"es","name":"Español"}],"status":"Released","tagline":"","title":"Pecado de amor","video":false,"vote_average":0.0,"vote_count":0}
