{"adult":false,"backdrop_path":null,"belongs_to_collection":null,"budget":0,"genres":[],"homepage":"","id":100819,"imdb_id":"tt0098604","original_language":"en","original_title":"Visions of Ecstasy","overview":"Short film banned for 23 years under UK blasphemy law.  The film shows the 16th Century Spanish nun St Teresa of Avila caressing the crucified body of Jesus.","popularity":0.010125,"poster_path":"/A9Z4xiTpwBN5wyi1G7up1y1ZXf5.jpg","production_companies":[],"production_countries":[],"release_date":"1989-01-01","revenue":0,"runtime":18,"spoken_languages":[],"status":"Released","tagline":"","title":"Visions of Ecstasy","video":false,"vote_average":0.0,"vote_count":0}
