{"adult":false,"backdrop_path":null,"belongs_to_collection":null,"budget":0,"genres":[{"id":35,"name":"Comedy"},{"id":18,"name":"Drama"}],"homepage":"","id":100077,"imdb_id":"tt1340793","original_language":"en","original_title":"The Rock 'n' Roll Dreams of Duncan Christopher","overview":"Just after his 30th birthday, the awkward and mostly untalented Duncan Christopher moves to the big city of Tulsa, Oklahoma to test his rock and roll dreams and face his demons in the brutal underground world of karaoke.","popularity":0.001723,"poster_path":null,"production_companies":[],"production_countries":[],"release_date":"2012-05-01","revenue":0,"runtime":94,"spoken_languages":[{"iso_639_1":"en","name":"English"}],"status":"","tagline":"","title":"The Rock 'n' Roll Dreams of Duncan Christopher","video":false,"vote_average":0.0,"vote_count":0}
