{"adult":false,"backdrop_path":null,"belongs_to_collection":null,"budget":0,"genres":[{"id":35,"name":"Comedy"}],"homepage":"","id":100259,"imdb_id":"tt0035102","original_language":"en","original_title":"My Favorite Spy","overview":"The Army takes a bandleader (Kay Kyser) away from his bride (Ellen Drew) and sends him on a spy mission with a woman (Jane Wyman).","popularity":0.000143,"poster_path":"/q6sT2sUVN71J4IGx7PLNOdwfvz5.jpg","production_companies":[{"name":"RKO Radio Pictures","id":6}],"production_countries":[],"release_date":"1942-06-12","revenue":0,"runtime":86,"spoken_languages":[],"status":"Released","tagline":"You'll tingle when they tangle in Tangiers.","title":"My Favorite Spy","video":false,"vote_average":0.0,"vote_count":0}
