{"adult":false,"backdrop_path":null,"belongs_to_collection":null,"budget":0,"genres":[{"id":18,"name":"Drama"}],"homepage":"","id":100443,"imdb_id":"tt0035371","original_language":"en","original_title":"Spy Ship","overview":"A radio reporter begins to suspect that a commentator at his station may be using her position to broadcast shipping information to enemy spies. With the help of the girl's sister, he sets out to expose the spy and her Nazi gang.","popularity":0.00015,"poster_path":"/tEjUbxYkMNFYY1vGJTwp5HqmY8n.jpg","production_companies":[{"name":"Warner Bros. Pictures","id":174}],"production_countries":[{"iso_3166_1":"US","name":"United States of America"}],"release_date":"1942-06-06","revenue":0,"runtime":62,"spoken_languages":[{"iso_639_1":"en","name":"English"}],"status":"Released","tagline":"","title":"Spy Ship","video":false,"vote_average":0.0,"vote_count":0}
