{"adult":true,"backdrop_path":"/gPGHNSfsj7sL2P9in8izHYqDPt3.jpg","belongs_to_collection":null,"budget":0,"genres":[],"homepage":"","id":100631,"imdb_id":"tt0452900","original_language":"en","original_title":"Zak Attack","overview":"Join Superstar Zak Spears as he works his way through seven hot and hairy men - including favorites Danny Vox, Thom Barron, Filippo Romano, and Chet Roberts - only to meet his match in Exclusive Brad Patton. Each extended scene in this two-hour journey through a dark and sultry world of leather, jockstraps, and animal abandon will satisfy your deepest sexual hunger. If you're into rough and demanding sex, Zak Attack will send you into a sexual frenzy you'll want to experience over and over again.","popularity":0.000429,"poster_path":"/yLKCb9OWqarSU6cMYmPgAcCw41l.jpg","production_companies":[{"name":"Mustang Studios","id":7421}],"production_countries":[{"iso_3166_1":"US","name":"United States of America"}],"release_date":"2004-06-09","revenue":0,"runtime":100,"spoken_languages":[{"iso_639_1":"en","name":"English"}],"status":"Released","tagline":"","title":"Zak Attack","video":false,"vote_average":7.5,"vote_count":1}
