{"adult":false,"backdrop_path":"/4dG9nLptzn8WlH1xYc28OqzvFn3.jpg","belongs_to_collection":null,"budget":0,"genres":[{"id":99,"name":"Documentary"},{"id":35,"name":"Comedy"}],"homepage":"http://www.duckprods.com/projects/marxbrothers/index.html","id":100211,"imdb_id":"tt0251231","original_language":"en","original_title":"The Marx Brothers in a Nutshell","overview":"A fascinating look at the most beloved comedy team in motion picture history. Exclusive interviews with those closest to the brothers supplement this collection of highlights from their film, theater, and television appearances and offer a compelling look at their lives both on and off-screen.","popularity":0.000184,"poster_path":"/6JkTr9euA6RSki81GSvKNlKnxo6.jpg","production_companies":[],"production_countries":[],"release_date":"1982-01-02","revenue":0,"runtime":94,"spoken_languages":[],"status":"Released","tagline":"Madly enjoyable. It is all but impossible to love the Marx Brothers and not enjoy this show.","title":"The Marx Brothers in a Nutshell","video":false,"vote_average":0.0,"vote_count":0}
