{"adult":false,"backdrop_path":null,"belongs_to_collection":null,"budget":0,"genres":[{"id":99,"name":"Documentary"},{"id":10769,"name":"Foreign"}],"homepage":"http://revolvergroup.com/us/dvd-bluray/view/margaret_thatcher_the_iron_lady_","id":100116,"imdb_id":"tt2609790","original_language":"en","original_title":"Margaret Thatcher: The Iron Lady","overview":"Margaret Thatcher - The Iron Lady is the first major documentary to look back on the development and impact of this remarkable woman, whom commentators of both the political left and right agree changed the face of 20th Century politics forever. Featuring many excerpts from her powerful speeches and insightful contributions from her political supporters and detractors, a portrait emerges of a woman whose strength of conviction eventually becomes the weakness of intransigence. And as British society threatens to break apart with street rioting, the grandees of her own party are beginning to sharpen their knives to remove the greatest female leader in world history... This program includes intimate footage of the Thatchers at home in Number 10, and unseen footage from her emotional and first major interview after her resignation as Prime Minister with Michael Brunson in 1992.","popularity":0.002521,"poster_path":"/huT8nZIXp0kXULfYKS3eiJpCwPq.jpg","production_companies":[],"production_countries":[],"release_date":"2012-04-10","revenue":0,"runtime":90,"spoken_languages":[],"status":"Rumored","tagline":"","title":"Margaret Thatcher: The Iron Lady","video":false,"vote_average":0.0,"vote_count":0}
