{"adult":false,"backdrop_path":null,"belongs_to_collection":null,"budget":0,"genres":[],"homepage":"","id":100431,"imdb_id":"tt0022472","original_language":"en","original_title":"La Terreur des Batignolles","overview":"An expressionist comedy greatly influenced by German Expressionism set in a bohemian enclave of northern Paris, which Clouzot made shortly before he served as assistant director to Anatole Litvak and E.A. Dupont and began scripting French versions of German films at Berlin’s UFA studios.","popularity":0.000143,"poster_path":null,"production_companies":[],"production_countries":[{"iso_3166_1":"FR","name":"France"}],"release_date":"1931-01-01","revenue":0,"runtime":15,"spoken_languages":[{"iso_639_1":"fr","name":"Français"}],"status":"Released","tagline":"","title":"La Terreur des Batignolles","video":false,"vote_average":0.0,"vote_count":0}
