{"adult":false,"backdrop_path":null,"belongs_to_collection":null,"budget":0,"genres":[{"id":16,"name":"Animation"},{"id":35,"name":"Comedy"}],"homepage":"","id":100303,"imdb_id":"tt0036895","original_language":"en","original_title":"Hare Force","overview":"Granny lets Bugs Bunny come in from the cold, but her dog Sylvester will have none of it.","popularity":0.00017,"poster_path":"/5nOXtJebms256IdQge5DkXfebfz.jpg","production_companies":[],"production_countries":[],"release_date":"1944-02-22","revenue":0,"runtime":7,"spoken_languages":[],"status":"Released","tagline":"","title":"Hare Force","video":false,"vote_average":0.0,"vote_count":0}
