{"adult":false,"backdrop_path":"/uCbxNsC3CAvFUsCVGI1CvL672eU.jpg","belongs_to_collection":null,"budget":0,"genres":[{"id":35,"name":"Comedy"},{"id":10751,"name":"Family"},{"id":14,"name":"Fantasy"}],"homepage":"","id":100052,"imdb_id":"tt0050574","original_language":"en","original_title":"Los jueves, milagro","overview":"In the village of Fuentecilla, there is a medicinal spa which was very popular in the past but that now has been forgotten by the public. In order to bring back the tourists, the \"prominent men\" of the village organize a fake miracle: the apparition of San Dimas, the local patron saint, which will take place every Thursday night. At first it works, but trouble begins when a stranger appears, claiming that he knows what's going on and making peculiar demands in exchange for his silence. Written by Pablo Montoya","popularity":0.000144,"poster_path":"/whVHENJYNlSAecdXk7GKBkXTo5O.jpg","production_companies":[],"production_countries":[{"iso_3166_1":"ES","name":"Spain"}],"release_date":"1957-08-22","revenue":0,"runtime":84,"spoken_languages":[{"iso_639_1":"es","name":"Español"}],"status":"Released","tagline":"","title":"Miracles of Thursday","video":false,"vote_average":0.0,"vote_count":0}
