{"adult":false,"backdrop_path":"/ayM7kQudQvk3EXoLB2tdnXWUW34.jpg","belongs_to_collection":null,"budget":0,"genres":[],"homepage":"","id":100486,"imdb_id":"tt0184301","original_language":"en","original_title":"Cristiano Ronaldo: The Boy Who Had a Dream","overview":"An up close and personal look at the rise and reign of the current King of Soccer, Cristiano Ronaldo.\r Magical skills and fascinating behind the scenes interviews and footage from Ronaldo`s earliest days to the dream present, where he has become the greatest player on the planet.","popularity":0.0,"poster_path":"/2MQbXDQ19vQ4TfMh38vWgigITfn.jpg","production_companies":[],"production_countries":[],"release_date":"","revenue":0,"runtime":0,"spoken_languages":[],"status":"Released","tagline":"","title":"Cristiano Ronaldo: The Boy Who Had a Dream","video":false,"vote_average":0.0,"vote_count":0}
