{"adult":false,"backdrop_path":"/aAq7Esf6BGwLkftjbsFsvDDulqX.jpg","belongs_to_collection":null,"budget":0,"genres":[{"id":35,"name":"Comedy"}],"homepage":"","id":100830,"imdb_id":"tt2104080","original_language":"fr","original_title":"Radiostars","overview":null,"popularity":0.416522,"poster_path":"/wcfzfvCrO8K3cB9U4dIoIUXoZbB.jpg","production_companies":[{"name":"Les Productions du Trésor","id":2612}],"production_countries":[{"iso_3166_1":"FR","name":"France"}],"release_date":"2012-04-11","revenue":0,"runtime":100,"spoken_languages":[{"iso_639_1":"fr","name":"Français"}],"status":"Released","tagline":"","title":"Radiostars","video":false,"vote_average":6.0,"vote_count":15}
