{"adult":false,"backdrop_path":"/hojWQeMm5CORizpAdbjiwFQYlGQ.jpg","belongs_to_collection":null,"budget":0,"genres":[{"id":18,"name":"Drama"}],"homepage":"","id":100347,"imdb_id":"tt0871006","original_language":"en","original_title":"Moram spavat', andjele","overview":"Goran remembers his childhood: in the early 70s, he was only 9 years old, adoring football and awaiting a prestigious basketball game between Yugoslavia and the US. But then his parents, Ante and Gordana, decided to divorce, leaving him in turmoil and sadness.","popularity":0.000574,"poster_path":"/dui8AS6FqQiIMk1SI4XKqysjpWD.jpg","production_companies":[{"name":"Hrvatska Radiotelevizija (HRT)","id":20915}],"production_countries":[{"iso_3166_1":"HR","name":"Croatia"}],"release_date":"2007-07-19","revenue":0,"runtime":99,"spoken_languages":[{"iso_639_1":"hr","name":"Hrvatski"},{"iso_639_1":"sr","name":"Srpski"}],"status":"Released","tagline":"","title":"I Have to Sleep, My Angel","video":false,"vote_average":0.0,"vote_count":0}
