{"adult":false,"backdrop_path":"/9xpowltHQZhlpcXJnKgtRlgi4sE.jpg","belongs_to_collection":null,"budget":0,"genres":[{"id":35,"name":"Comedy"}],"homepage":"","id":100102,"imdb_id":"tt0067768","original_language":"en","original_title":"El sobre verde","overview":"In the Apollo Theater during the performance of \"green envelope\", a child is born, son of the actress who plays the goddess of Fortune. His father calls him Fortunato as he believes that he will have a privileged life. But unfortunately, the opposite happens.","popularity":0.0,"poster_path":"/8UHpGotmRH3DuJzKA4ixiEDCW9c.jpg","production_companies":[],"production_countries":[],"release_date":"1971-02-26","revenue":0,"runtime":93,"spoken_languages":[],"status":"Released","tagline":"","title":"El sobre verde","video":false,"vote_average":0.0,"vote_count":0}
