{"adult":false,"backdrop_path":"/aYV4dvb8UVvct15RTSSC891Fftq.jpg","belongs_to_collection":null,"budget":0,"genres":[],"homepage":"","id":100433,"imdb_id":"tt2014177","original_language":"en","original_title":"Au milieu de nulle part ailleurs","overview":"A stopover at a roadside motel triggers a surreal and haunting psychodrama for a woman as she prepares herself and her family for a visit to her ailing her mother.","popularity":0.001147,"poster_path":null,"production_companies":[],"production_countries":[{"iso_3166_1":"CA","name":"Canada"}],"release_date":"2010-10-01","revenue":0,"runtime":16,"spoken_languages":[{"iso_639_1":"fr","name":"Français"}],"status":"Released","tagline":"","title":"Nowhere Elsewhere","video":false,"vote_average":0.0,"vote_count":0}
