{"adult":false,"backdrop_path":null,"belongs_to_collection":null,"budget":0,"genres":[{"id":16,"name":"Animation"},{"id":35,"name":"Comedy"}],"homepage":"","id":100331,"imdb_id":"tt0031811","original_language":"en","original_title":"Porky and Teabiscuit","overview":"Porky Pig is sent out by his father with $11.00 spending money for help on the farm, unfortunately, he accidentally spends it on an auction, for a sickly, broken-down race horse known as Tea Biscuit. Porky shapes him up for a race, although Tea Biscuit's attention is diverted to a trombone. However, a balloon pop assures that Porky wins with Tea Biscuit and gets the reward...","popularity":0.000215,"poster_path":"/zuJ34bC0C8ywjsvIa2DWJ2LDvKX.jpg","production_companies":[],"production_countries":[],"release_date":"1939-04-22","revenue":0,"runtime":8,"spoken_languages":[],"status":"Released","tagline":"","title":"Porky and Teabiscuit","video":false,"vote_average":0.0,"vote_count":0}
