{"adult":false,"backdrop_path":null,"belongs_to_collection":null,"budget":0,"genres":[{"id":16,"name":"Animation"},{"id":35,"name":"Comedy"}],"homepage":"","id":100343,"imdb_id":"tt0041785","original_language":"en","original_title":"Rebel Rabbit","overview":"The signs indicate current bounty prices: $50 for a fox, $75 for a bear, only 2 cents for a rabbit. Bugs is insulted.","popularity":0.000148,"poster_path":"/42C495Ux72er0TLzREL70mw2hbB.jpg","production_companies":[],"production_countries":[],"release_date":"1949-04-09","revenue":0,"runtime":7,"spoken_languages":[],"status":"Released","tagline":"","title":"Rebel Rabbit","video":false,"vote_average":0.0,"vote_count":0}
