{"adult":false,"backdrop_path":null,"belongs_to_collection":null,"budget":0,"genres":[{"id":28,"name":"Action"}],"homepage":"","id":100462,"imdb_id":"tt1297827","original_language":"en","original_title":"Kôshoku kunoichi: Aieki-zeme","overview":"1580. Ninja Kotaro gets killed by the evil Hattori Hanzo after he discovers that the local shogun and his son aren't related. It's up to Kotaro's nubile and innocent virginal daughter Kaede to exact revenge on Hanzo for bumping off her dad. Kaede learns various lethal sexual martial arts techniques in order to accomplish this particular goal.","popularity":0.000289,"poster_path":"/2M6ejJS3b3M1CiQn30jnfwMbxHP.jpg","production_companies":[],"production_countries":[{"iso_3166_1":"JP","name":"Japan"}],"release_date":"2003-10-31","revenue":0,"runtime":60,"spoken_languages":[{"iso_639_1":"ja","name":"日本語"}],"status":"Released","tagline":"","title":"Ninja Pussy Cat","video":false,"vote_average":0.0,"vote_count":0}
