{"adult":false,"backdrop_path":null,"belongs_to_collection":null,"budget":0,"genres":[{"id":18,"name":"Drama"},{"id":9648,"name":"Mystery"},{"id":10749,"name":"Romance"}],"homepage":"","id":100092,"imdb_id":"tt0023333","original_language":"en","original_title":"The Phantom Express","overview":"Railroad foes cause terror on the tracks with the illusion of a ghost train.","popularity":0.00015,"poster_path":"/uSGMB0zBpvgjY955Df3zB50evXh.jpg","production_companies":[],"production_countries":[],"release_date":"1932-08-15","revenue":0,"runtime":70,"spoken_languages":[{"iso_639_1":"en","name":"English"}],"status":"Released","tagline":"","title":"The Phantom Express","video":false,"vote_average":0.0,"vote_count":0}
