{"adult":false,"backdrop_path":null,"belongs_to_collection":null,"budget":0,"genres":[],"homepage":"","id":100394,"imdb_id":"tt0052603","original_language":"en","original_title":"Baton Bunny","overview":"Bugs conducts the Warner Brothers Symphony in Franz von Suppé's \"Morning, Noon, and Night in Vienna\" while reacting to a bothersome fly.","popularity":0.000146,"poster_path":"/z3GLadrZvTsuar4roUSvH5P9ZaR.jpg","production_companies":[{"name":"Warner Bros. Animation","id":2785}],"production_countries":[{"iso_3166_1":"US","name":"United States of America"}],"release_date":"1959-01-10","revenue":0,"runtime":7,"spoken_languages":[],"status":"Released","tagline":"","title":"Baton Bunny","video":false,"vote_average":0.0,"vote_count":0}
