{"adult":false,"backdrop_path":null,"belongs_to_collection":null,"budget":0,"genres":[{"id":18,"name":"Drama"}],"homepage":"","id":100069,"imdb_id":"tt1448497","original_language":"en","original_title":"Golf in the Kingdom","overview":"In 1956, American philosophy student Michael Murphy is on his way to an ashram in India when he stops off in Scotland for one last game of golf. He meets a spirited pro who teaches him about golf and life, and how the two are beautifully intertwined.","popularity":0.001476,"poster_path":"/nzt2xS1y9ruqLV7hoWZ75nOriS3.jpg","production_companies":[],"production_countries":[],"release_date":"2011-07-28","revenue":0,"runtime":0,"spoken_languages":[{"iso_639_1":"en","name":"English"}],"status":"Released","tagline":"Life isn't about the game...It's about the journey.","title":"Golf in the Kingdom","video":false,"vote_average":0.0,"vote_count":0}
