{"adult":false,"backdrop_path":null,"belongs_to_collection":null,"budget":0,"genres":[{"id":12,"name":"Adventure"},{"id":28,"name":"Action"},{"id":35,"name":"Comedy"}],"homepage":"","id":100697,"imdb_id":"tt0089503","original_language":"en","original_title":"The Lost Empire","overview":"In a land in a distant past, three beautiful women, members of a lost tribe, battle a male genius with diabolical plans to destroy their \"Lost Empire.\" If the victor can find the sacred jewels, they can anticipate total power.","popularity":0.000411,"poster_path":"/mW4IybG8x2taoWugHcNpm1sofTf.jpg","production_companies":[{"name":"Harwood","id":46802}],"production_countries":[{"iso_3166_1":"US","name":"United States of America"}],"release_date":"1985-02-02","revenue":0,"runtime":83,"spoken_languages":[{"iso_639_1":"en","name":"English"}],"status":"Released","tagline":"A Roaring Adventure with Blistering Action and Eye-Popping Women!","title":"The Lost Empire","video":false,"vote_average":6.5,"vote_count":1}
