{"adult":false,"backdrop_path":"/d0ABcGZiqgKp55GDKQ097Nm3H70.jpg","belongs_to_collection":null,"budget":0,"genres":[{"id":16,"name":"Animation"},{"id":10751,"name":"Family"},{"id":35,"name":"Comedy"}],"homepage":"","id":100348,"imdb_id":"tt0050965","original_language":"en","original_title":"Show Biz Bugs","overview":"Bugs and Daffy are vaudevillians competing for praise from the audience. They love Bugs no matter what; just the opposite for Daffy.","popularity":0.000591,"poster_path":"/w1X1XebWlXvunKF54zRH5AtSSZs.jpg","production_companies":[{"name":"Warner Bros.","id":6194}],"production_countries":[{"iso_3166_1":"US","name":"United States of America"}],"release_date":"1957-11-02","revenue":0,"runtime":7,"spoken_languages":[{"iso_639_1":"en","name":"English"},{"iso_639_1":"fr","name":"Français"}],"status":"Released","tagline":"","title":"Show Biz Bugs","video":false,"vote_average":0.0,"vote_count":0}
