{"adult":false,"backdrop_path":null,"belongs_to_collection":null,"budget":0,"genres":[],"homepage":"","id":100742,"imdb_id":"","original_language":"en","original_title":"Amerikas Kriege - Korea Vietnam Irak Afghanistan Spiegel","overview":"Kein Land dieser Welt schlägt so viele Schlachten wie die USA. Seit dem Zweiten Weltkrieg gab es nicht ein einziges Jahrzehnt ohne Krieg. In Korea, Vietnam, im Irak oder in Afghanistan kämpfte die Supermacht für Demokratie, Menschenrechte und natürlich immer auch für die eigenen Interssen: gegen den Kommunismus, für Öl oder um Macht. Nach dem Kalten war die gewaltige Militärmaschinerie Amerikas in der Lage weltweit einzugreifen.","popularity":0.0,"poster_path":null,"production_companies":[],"production_countries":[],"release_date":"","revenue":0,"runtime":88,"spoken_languages":[],"status":"Released","tagline":"","title":"Amerikas Kriege - Korea Vietnam Irak Afghanistan Spiegel","video":false,"vote_average":0.0,"vote_count":0}
