{"adult":false,"backdrop_path":null,"belongs_to_collection":null,"budget":0,"genres":[{"id":53,"name":"Thriller"}],"homepage":"","id":100779,"imdb_id":"tt1149605","original_language":"en","original_title":"Ramírez","overview":"A lonesome guy finds himself in a downwards spiral of money, drugs and crime.","popularity":0.00073,"poster_path":"/vYsT2hHGPXXIAmvpxZjHeTWkpAJ.jpg","production_companies":[],"production_countries":[{"iso_3166_1":"ES","name":"Spain"}],"release_date":"2008-10-04","revenue":0,"runtime":96,"spoken_languages":[{"iso_639_1":"es","name":"Español"}],"status":"Released","tagline":"","title":"Ramírez","video":false,"vote_average":0.0,"vote_count":0}
