{"adult":false,"backdrop_path":null,"belongs_to_collection":null,"budget":0,"genres":[],"homepage":"","id":100297,"imdb_id":"","original_language":"en","original_title":"2KM2 - A Square View","overview":"Filmic registration of the seasons on two square kilometres of the Rotterdam Kop van Zuid district, where you can find all big city contradictions and developments. Old areas with their characteristic inhabitants, old and new, spectacular new buildings in deserted harbour sites.","popularity":0.000715,"poster_path":"/1Tye4cW0tibsHxwAHDswCmFd5PB.jpg","production_companies":[],"production_countries":[],"release_date":"2008-01-25","revenue":0,"runtime":0,"spoken_languages":[],"status":"Released","tagline":"","title":"2KM2 - A Square View","video":false,"vote_average":0.0,"vote_count":0}
