{"adult":false,"backdrop_path":"/3QVFuJeo5wbwl5uHcIN7NPrJYeH.jpg","belongs_to_collection":null,"budget":0,"genres":[],"homepage":"","id":100295,"imdb_id":"tt0037753","original_language":"en","original_title":"A Gruesome Twosome","overview":"Two cats (one a caricature of Jimmy Durante) battle violently for the affections of a pretty girl cat, who'll dispense her favors on the one who brings her a little bird. Unfortunately for the lovestruck felines, the bird in question is a vicious little thing named Tweety.","popularity":0.000143,"poster_path":"/KVxIAwNVZFdqd1b8uEpkuJ8UC1.jpg","production_companies":[{"name":"Warner Bros. Pictures","id":174}],"production_countries":[{"iso_3166_1":"US","name":"United States of America"}],"release_date":"1945-06-09","revenue":0,"runtime":7,"spoken_languages":[{"iso_639_1":"en","name":"English"}],"status":"Released","tagline":"","title":"A Gruesome Twosome","video":false,"vote_average":7.0,"vote_count":1}
