{"adult":false,"backdrop_path":null,"belongs_to_collection":null,"budget":0,"genres":[{"id":27,"name":"Horror"}],"homepage":"","id":100191,"imdb_id":"tt0321432","original_language":"en","original_title":"Beyond the 7th Door","overview":"An ex-con and his girlfriend who rob a rich guy's castle, but get trapped in seven chambers of horror, which they must conquer or die.","popularity":0.000405,"poster_path":"/kr28xmDXacR6mrcJBZA7mkND88L.jpg","production_companies":[{"name":"Marvan Films","id":44102}],"production_countries":[{"iso_3166_1":"CA","name":"Canada"}],"release_date":"1987-06-28","revenue":0,"runtime":83,"spoken_languages":[{"iso_639_1":"en","name":"English"}],"status":"Released","tagline":"","title":"Beyond the 7th Door","video":false,"vote_average":0.0,"vote_count":0}
