{"adult":false,"backdrop_path":null,"belongs_to_collection":null,"budget":20000,"genres":[{"id":18,"name":"Drama"},{"id":10749,"name":"Romance"}],"homepage":"","id":100027,"imdb_id":"tt1015158","original_language":"en","original_title":"The Books of John","overview":"\"The Books Of John\" is a movie that follows the lives of three different people, Frank McLean, Will and Caryn. Frank finds himself alone after losing his longtime partner suddenly and without warning. Months later he finds that his partner had been keeping secret diaries. With the information in the diaries, Frank delves into his lover's past in an attempt to get to know more about the man that he never really knew. Will is a party boy who is a friend of Frank and Frank's late lover John.","popularity":0.000572,"poster_path":"/rsmKx9oIRSzVN1u3I3bdoKfKfnQ.jpg","production_companies":[{"name":"Gypsy Lar Productions","id":18564}],"production_countries":[{"iso_3166_1":"US","name":"United States of America"}],"release_date":"2007-04-10","revenue":0,"runtime":89,"spoken_languages":[{"iso_639_1":"en","name":"English"}],"status":"Released","tagline":"A story of love and hope","title":"The Books of John","video":false,"vote_average":0.0,"vote_count":0}
