{"adult":false,"backdrop_path":null,"belongs_to_collection":null,"budget":0,"genres":[{"id":18,"name":"Drama"},{"id":28,"name":"Action"},{"id":35,"name":"Comedy"},{"id":53,"name":"Thriller"}],"homepage":"","id":100615,"imdb_id":"tt1380864","original_language":"en","original_title":"Break","overview":"Right in the middle of a game of tennis, two childhood friends are facing.What's going on inside these two men's heads as the game comes to its end?","popularity":0.000748,"poster_path":"/wSGHowqQB8ISSrHgakEKg7wS9PZ.jpg","production_companies":[],"production_countries":[],"release_date":"2008-05-09","revenue":0,"runtime":18,"spoken_languages":[],"status":"Released","tagline":"","title":"Break","video":false,"vote_average":0.0,"vote_count":0}
