{"adult":false,"backdrop_path":null,"belongs_to_collection":null,"budget":0,"genres":[],"homepage":"","id":100189,"imdb_id":"tt0082506","original_language":"en","original_title":"Heartaches","overview":"A young wife becomes pregnant, but the child's father is not her husband. Afraid to tell him, she leaves home, and meets an outgoing, free-spirited woman on a bus. Although the two are polar opposites, the wife moves in with the young woman, and finds out that they have much more in common than she realized.","popularity":0.000121,"poster_path":"/6Fn61LZMHoGzPGCEQBHhad4oJZ3.jpg","production_companies":[],"production_countries":[],"release_date":"","revenue":0,"runtime":0,"spoken_languages":[],"status":"Released","tagline":"","title":"Heartaches","video":false,"vote_average":0.0,"vote_count":0}
