{"adult":false,"backdrop_path":"/mEYr2EqKZ3OTUkaF0g5LZEAXN8C.jpg","belongs_to_collection":null,"budget":0,"genres":[{"id":35,"name":"Comedy"},{"id":14,"name":"Fantasy"},{"id":16,"name":"Animation"},{"id":18,"name":"Drama"}],"homepage":"","id":100271,"imdb_id":"tt1853614","original_language":"ja","original_title":"Momo e no Tegami","overview":"Clinging to an unfinished letter written by her recently deceased father, young Momo moves with her mother from bustling Tokyo to the remote Japanese island of Shio. Upon their arrival, she begins to explore her new habitat, meeting local children and learning their routines and customs. However, it's not long before several bizarre occurrences crop up around the previously tranquil island. Orchards are found ransacked, prized trinkets start disappearing and, worst of all, each morning after her mother leaves for work, Momo hears strange mumblings coming from the attic of their home. Annoyed by these creepy goings-on and her mother's refusal to believe them, Momo embarks on a strange and supernatural adventure to discover the source of the mischief, which leads her to a trio of troublesome imps: the flatulent lizard Kawa, the childlike Mame and their hulking ogre leader Iwa. Momo also learns that her visit to the island is in some way connected to her father's mysterious letter.","popularity":0.468741,"poster_path":"/6PPprOKYPI1ZohAY40xhg8z4Ww2.jpg","production_companies":[{"name":"Tokyo Broadcasting System (TBS)","id":1393},{"name":"Kadokawa Pictures","id":2073},{"name":"Kadokawa Shoten Publishing Co.","id":9068},{"name":"Production I.G.","id":12657}],"production_countries":[{"iso_3166_1":"JP","name":"Japan"}],"release_date":"2011-09-10","revenue":0,"runtime":120,"spoken_languages":[{"iso_639_1":"ja","name":"日本語"}],"status":"Released","tagline":"","title":"A Letter to Momo","video":false,"vote_average":7.4,"vote_count":22}
