{"adult":false,"backdrop_path":"/ybYOK5Ct6XLo99IpeiK7C5sMr8U.jpg","belongs_to_collection":null,"budget":0,"genres":[{"id":10751,"name":"Family"},{"id":37,"name":"Western"},{"id":16,"name":"Animation"},{"id":35,"name":"Comedy"}],"homepage":"","id":100299,"imdb_id":"tt0043479","original_language":"en","original_title":"Drip-Along Daffy","overview":"Daffy Duck plays a western hero, but things don't go as he hoped in a one horse town.","popularity":0.000143,"poster_path":"/pFXEwW3Cm03ZcBt1N3ZZNFVsiRb.jpg","production_companies":[{"name":"Warner Bros.","id":6194}],"production_countries":[{"iso_3166_1":"US","name":"United States of America"}],"release_date":"1951-11-07","revenue":0,"runtime":7,"spoken_languages":[{"iso_639_1":"en","name":"English"},{"iso_639_1":"fr","name":"Français"}],"status":"Released","tagline":"","title":"Drip-Along Daffy","video":false,"vote_average":5.5,"vote_count":3}
