{"adult":false,"backdrop_path":null,"belongs_to_collection":null,"budget":0,"genres":[],"homepage":null,"id":100625,"imdb_id":"","original_language":"de","original_title":"Buddy Ogün - V.I.P. Was' los!","overview":null,"popularity":0.001521,"poster_path":"/nyvbC12WxguCuWEssUBSCDY8rxO.jpg","production_companies":[],"production_countries":[{"iso_3166_1":"DE","name":"Germany"}],"release_date":"2010-03-26","revenue":0,"runtime":0,"spoken_languages":[{"iso_639_1":"de","name":"Deutsch"}],"status":"Released","tagline":null,"title":"Buddy Ogün - V.I.P. Was' los!","video":false,"vote_average":4.0,"vote_count":1}
