{"adult":false,"backdrop_path":null,"belongs_to_collection":null,"budget":0,"genres":[],"homepage":"","id":100061,"imdb_id":"tt1198220","original_language":"ps","original_title":"بپي شير","overview":"In the Pakistani tribal village of Darra Adam Khel, a young Pashtun boy Niaz Afridi defies the expectations of his father to continue in the family business making weapons and calls for an education.","popularity":0.00087,"poster_path":"/rrp0FrTwlFZuvkV9qu4Ggxwm5v.jpg","production_companies":[],"production_countries":[],"release_date":"2007-10-06","revenue":0,"runtime":92,"spoken_languages":[{"iso_639_1":"ps","name":"پښتو"}],"status":"Released","tagline":"","title":"Son of a Lion","video":false,"vote_average":6.0,"vote_count":1}
