{"adult":false,"backdrop_path":"/nQPsip7RYmyskb5xXHFIiXxANyI.jpg","belongs_to_collection":null,"budget":0,"genres":[{"id":35,"name":"Comedy"}],"homepage":"","id":100627,"imdb_id":"tt0022817","original_language":"en","original_title":"The Devil's Cabaret","overview":"At \"Satan &amp; Co., Inc.\", the Devil is upset because too many people are going up to Heaven rather than down to Hades. He gives his assistant, Mr. Burns the task of getting more people to his domain. In front of a nightclub, Mr. Burns invites a crowd of people to come inside to \"The Devil's Cabaret\" and be entertained. After they enjoy songs and dancing, the people go willingly to Hades","popularity":0.000165,"poster_path":"/2d1qCNk7roZAENbsck1aacqqv5r.jpg","production_companies":[{"name":"Metro-Goldwyn-Mayer","id":21}],"production_countries":[{"iso_3166_1":"US","name":"United States of America"}],"release_date":"1930-12-13","revenue":0,"runtime":16,"spoken_languages":[{"iso_639_1":"en","name":"English"}],"status":"Released","tagline":"","title":"The Devil's Cabaret","video":false,"vote_average":0.0,"vote_count":0}
