{"adult":false,"backdrop_path":null,"belongs_to_collection":null,"budget":0,"genres":[{"id":35,"name":"Comedy"},{"id":10402,"name":"Music"},{"id":10749,"name":"Romance"}],"homepage":"","id":100834,"imdb_id":"tt0036306","original_language":"en","original_title":"Reveille with Beverly","overview":"Beverly Ross, the switchboard operator at a local radio station, jumps at the chance to be the emcee of a recorded program at an early morning hour before the soldiers at a nearby army camp assemble for reveille. Bevery, sensing what bands and singers are favorites of the soldiers plays recordings she knows they will like and intersperses then with chatter and camp bulletins. Beverly's younger brother is a soldier at the camp, and two of his buddies, one rich and the other one poor, vie for Beverly's attentions.","popularity":0.000143,"poster_path":"/pYtMhojS66A9laeyA56TQpzI9JG.jpg","production_companies":[{"name":"Columbia Pictures Corporation","id":441}],"production_countries":[{"iso_3166_1":"US","name":"United States of America"}],"release_date":"1943-02-04","revenue":0,"runtime":78,"spoken_languages":[],"status":"Released","tagline":"","title":"Reveille with Beverly","video":false,"vote_average":0.0,"vote_count":0}
