{"adult":false,"backdrop_path":null,"belongs_to_collection":null,"budget":0,"genres":[{"id":99,"name":"Documentary"}],"homepage":"","id":100283,"imdb_id":"tt1541006","original_language":"en","original_title":"iThemba","overview":"Their country is bankrupt. Their bodies are broken. Neighbors consider them cursed. But in music, eight disabled Zimbabweans dared to hope.","popularity":0.001217,"poster_path":"/xapisoIVBvM0J9SCBNmDCRpSXPG.jpg","production_companies":[],"production_countries":[{"iso_3166_1":"ZW","name":"Zimbabwe"}],"release_date":"2010-11-25","revenue":0,"runtime":72,"spoken_languages":[{"iso_639_1":"nr","name":""},{"iso_639_1":"sn","name":""},{"iso_639_1":"en","name":"English"}],"status":"Released","tagline":"","title":"iThemba","video":false,"vote_average":0.0,"vote_count":0}
