{"adult":false,"backdrop_path":"/bH50XwBYA7ABe4QGje7K5arrDog.jpg","belongs_to_collection":null,"budget":0,"genres":[],"homepage":"","id":100205,"imdb_id":"tt0078820","original_language":"en","original_title":"Baby Snakes","overview":"Rock artist Frank Zappa hosts a concert in New York City. This movie contains tons of on-stage footage, off-stage footage, and animation.","popularity":0.0,"poster_path":"/jP5sEYzb1yFNjBQNAuX0GhR9qwm.jpg","production_companies":[],"production_countries":[{"iso_3166_1":"US","name":"United States of America"}],"release_date":"1979-12-21","revenue":0,"runtime":166,"spoken_languages":[{"iso_639_1":"en","name":"English"}],"status":"","tagline":"A movie about people who do stuff that is not normal","title":"Baby Snakes","video":false,"vote_average":7.5,"vote_count":1}
