{"adult":false,"backdrop_path":null,"belongs_to_collection":null,"budget":0,"genres":[{"id":18,"name":"Drama"},{"id":10752,"name":"War"}],"homepage":"","id":100747,"imdb_id":"tt0036005","original_language":"en","original_title":"Hitler's Madman","overview":"Story of the assassination of Reinhard Heydrich, Nazi SS commander, by Czech partisans and the reprisals inflicted by the Nazis on the Czechs.","popularity":0.000143,"poster_path":"/pmqglE1qvArNMruPyneoK2rFTg0.jpg","production_companies":[{"name":"Producers Releasing Corporation","id":3759}],"production_countries":[{"iso_3166_1":"US","name":"United States of America"}],"release_date":"1943-06-10","revenue":0,"runtime":84,"spoken_languages":[{"iso_639_1":"en","name":"English"}],"status":"Released","tagline":"","title":"Hitler's Madman","video":false,"vote_average":0.0,"vote_count":0}
