{"adult":false,"backdrop_path":"/kqw0T1DXoGBZDFUUFwwkWB8JhAP.jpg","belongs_to_collection":null,"budget":0,"genres":[{"id":10402,"name":"Music"},{"id":99,"name":"Documentary"}],"homepage":"http://www.cannibalcorpse.net/","id":100833,"imdb_id":"tt1849737","original_language":"en","original_title":"Cannibal Corpse: Centuries of Torment","overview":"Spanning the entire career of death metal's biggest and most controversial band.  Comes in a 3-panel Digipak with embossed artwork.  With Full Force 2007 footage recorded in Leipzig, Germany on June 29, 2007 at With Full Force Festival.  Toronto 2006 footage recorded in Toronto Ontario on November 15, 2006 at the Opera House.  Party San 2005 footage recorded in Germany on August 14, 2005 at Party.San Open Air.  Buffalo 1989 footage recorded in Buffalo, NY on September 29, 1989 at the River Rock Café.","popularity":0.000739,"poster_path":"/2Djtvc8IZt1fR8cE4AGXs2tx4n8.jpg","production_companies":[{"name":"Metal Blade Records","id":34487}],"production_countries":[{"iso_3166_1":"US","name":"United States of America"}],"release_date":"2008-07-08","revenue":0,"runtime":420,"spoken_languages":[{"iso_639_1":"en","name":"English"}],"status":"Released","tagline":"The First 20 Years","title":"Cannibal Corpse: Centuries of Torment","video":false,"vote_average":5.3,"vote_count":2}
