{"adult":false,"backdrop_path":null,"belongs_to_collection":null,"budget":0,"genres":[],"homepage":"","id":100598,"imdb_id":"","original_language":"fr","original_title":"Jacques Brel : Brel. Comme quand on était beau","overview":"","popularity":0.0,"poster_path":"/eVBqPMDuw2utGr2pMU5I0rFZ0FC.jpg","production_companies":[],"production_countries":[],"release_date":"","revenue":0,"runtime":0,"spoken_languages":[],"status":"Released","tagline":"","title":"Jacques Brel : Brel. Comme quand on était beau","video":false,"vote_average":0.0,"vote_count":0}
