{"adult":false,"backdrop_path":null,"belongs_to_collection":null,"budget":0,"genres":[{"id":28,"name":"Action"}],"homepage":"","id":100801,"imdb_id":"tt0206075","original_language":"en","original_title":"The King's Guard","overview":"A princess falls in love with her father's swordsman.","popularity":0.0,"poster_path":"/1j9O3Nu2CRwH6jGP5shdZyfLS04.jpg","production_companies":[],"production_countries":[],"release_date":"","revenue":0,"runtime":0,"spoken_languages":[],"status":"Released","tagline":"","title":"The King's Guard","video":false,"vote_average":0.0,"vote_count":0}
