{"adult":false,"backdrop_path":null,"belongs_to_collection":null,"budget":0,"genres":[{"id":10402,"name":"Music"},{"id":99,"name":"Documentary"},{"id":36,"name":"History"}],"homepage":"","id":100842,"imdb_id":"tt0303797","original_language":"en","original_title":"Broadway: The Golden Age","overview":"Broadway: The Golden Age is the most important, ambitious and comprehensive film ever made about America's most celebrated indigenous art form.  Award-winning filmmaker Rick McKay filmed over 100 of the greatest stars ever to work on Broadway or in Hollywood.  He soon learned that great films can be restored, fine literature can be kept in print - but historic Broadway performances of the past are the most endangered.  They leave only memories that, while more vivid, are more difficult to preserve.  In their own words - and not a moment too soon - Broadway: The Golden Age tells the stories of our theatrical legends, how they came to New York, and how they created this legendary century in American theatre.  This is the largest cast of legends ever in one film.","popularity":0.068449,"poster_path":"/oKKWT0edZD9f7AWNU3rgAoFt6Ap.jpg","production_companies":[],"production_countries":[{"iso_3166_1":"US","name":"United States of America"}],"release_date":"2003-01-01","revenue":0,"runtime":111,"spoken_languages":[],"status":"Released","tagline":"One filmmaker's search for a Broadway that was lost, and the 100 legends that he found.","title":"Broadway: The Golden Age","video":false,"vote_average":8.5,"vote_count":1}
