{"adult":false,"backdrop_path":"/63MMYS4Jwn8OSaso00mTRNFwZLj.jpg","belongs_to_collection":null,"budget":0,"genres":[{"id":18,"name":"Drama"},{"id":53,"name":"Thriller"},{"id":10769,"name":"Foreign"}],"homepage":"http://www.shanghaithefilm.com","id":100681,"imdb_id":"tt2072227","original_language":"en","original_title":"Shanghai","overview":"A small town somewhere in India is poised to become the next Shanghai. Billions of dollars are being poured into an upcoming International Business Park. On the eve of its launch a drunk truck driver mows down a prominent social activist. A lone girl believes it to be a murder, supported by a porn film maker who claims to have the proof that will bring the government down. A high ranking bureaucrat is brought in to investigate the accident. Shanghai, a political thriller, follows the journey of these unlikely heroes as they come together to find justice in the labyrinth of Indian democracy.","popularity":0.04073,"poster_path":"/cSivfFteZsdNWOaUI1PSwI6DiKG.jpg","production_companies":[],"production_countries":[],"release_date":"2012-06-08","revenue":0,"runtime":0,"spoken_languages":[],"status":"Released","tagline":"","title":"Shanghai","video":false,"vote_average":6.3,"vote_count":4}
