{"adult":false,"backdrop_path":"/ugE0bDrdvEtHptdODDewXSVOh9E.jpg","belongs_to_collection":null,"budget":0,"genres":[{"id":10402,"name":"Music"}],"homepage":"","id":100421,"imdb_id":"tt2151535","original_language":"en","original_title":"Alter Bridge: Live at Wembley","overview":"Alter Bridge Live At Wembley is a stunning show shot in HD and 3D on November 29, 2011 at the historic Wembley Arena in London in front of a sold out crowd of over 10,000 die-hard fans. The show is the most significant moment in the band's 8-year career, as their goal from day one was to play Wembley. The band ripped through a 21 song set featuring songs from all 3 of their albums including the hits: \"Rise Today\", \"Watch Over You\", \"Blackbird\", \"Ghosts Of Days Gone By\" and \"Isolation\". The film was directed by Award-winning Director Daniel E Catullo III, who also produced and directed the band's previous DVD \"Live From Amsterdam\".","popularity":0.001721,"poster_path":"/gETuS6Wnf52j6DAbJRkBP0Xmq1k.jpg","production_companies":[],"production_countries":[],"release_date":"2012-03-26","revenue":0,"runtime":118,"spoken_languages":[],"status":"Released","tagline":"","title":"Alter Bridge: Live at Wembley","video":false,"vote_average":0.0,"vote_count":0}
