{"adult":false,"backdrop_path":"/ovooFWAu4CgDmwkTTHCkSJdUuwN.jpg","belongs_to_collection":null,"budget":0,"genres":[{"id":10402,"name":"Music"}],"homepage":"","id":100226,"imdb_id":"","original_language":"en","original_title":"Neil Peart - Taking Center Stage: A Lifetime of Live Performance","overview":"In Taking Center Stage: A Lifetime of Live Performance, Neil examines the details and challenges of performing in front of a live audience. Drawing from over 30 years of touring the world, Neil breaks down, demonstrates, and performs classic drum parts from songs spanning the entire Rush catalog, thereby giving the viewer the most in-depth insight into Neil s body of work ever documented. Filmed in various locations over the course of a year, Neil takes you on a behind-the- scenes look at Rush s 2010-11 Time Machine Tour. This includes rare and exclusive footage of Neil's personal pre-tour rehearsals and backstage events at a Rush concert (including a visit to the soundcheck, an unprecedented backstage interview, and Neil s warm-up routine). Neil then presents (in an interview setting with Hudson s Joe Bergamini) a detailed look at every single song in the Time Machine set list (which includes the entire Moving Pictures album).","popularity":0.002174,"poster_path":"/mbTFU8MsZAu8UpnM5eBXjE3l4kC.jpg","production_companies":[],"production_countries":[],"release_date":"2011-10-12","revenue":0,"runtime":500,"spoken_languages":[],"status":"Released","tagline":"","title":"Neil Peart - Taking Center Stage: A Lifetime of Live Performance","video":false,"vote_average":0.0,"vote_count":0}
