{"adult":false,"backdrop_path":null,"belongs_to_collection":null,"budget":0,"genres":[],"homepage":null,"id":100583,"imdb_id":"tt0089197","original_language":"de","original_title":"Mrs. Harris - Der geschmuggelte Henry","overview":null,"popularity":0.010125,"poster_path":null,"production_companies":[],"production_countries":[],"release_date":"1987-02-02","revenue":0,"runtime":0,"spoken_languages":[{"iso_639_1":"de","name":"Deutsch"}],"status":"Rumored","tagline":null,"title":"Mrs. Harris - Der geschmuggelte Henry","video":false,"vote_average":0.0,"vote_count":0}
