{"adult":false,"backdrop_path":null,"belongs_to_collection":null,"budget":0,"genres":[{"id":35,"name":"Comedy"}],"homepage":"","id":100118,"imdb_id":"tt0034651","original_language":"en","original_title":"The Devil with Hitler","overview":"Adolf Hitler, Benito and Suki Yaki are placed in a series of Three-Stooges routines, with the premise that the Board of Directors of Hell has put the Devil on notice they intend to replace him with Adolf Hitler unless he can get Hitler to commit a good deed. The devil has his work cut out for him, and doesn't appear likely to escape being replaced by the German leader.","popularity":0.000143,"poster_path":"/wVKaBQLXHXH716gCaVJlP6QeFM0.jpg","production_companies":[{"name":"Hal Roach Studios","id":2159}],"production_countries":[],"release_date":"1942-10-18","revenue":0,"runtime":44,"spoken_languages":[],"status":"Released","tagline":"Ouch! Stop Please! Help!","title":"The Devil with Hitler","video":false,"vote_average":0.0,"vote_count":0}
