{"adult":false,"backdrop_path":"/fGJbiwn9LMErjfPBRaMe6BvpP3I.jpg","belongs_to_collection":null,"budget":0,"genres":[{"id":10402,"name":"Music"}],"homepage":null,"id":100441,"imdb_id":"","original_language":"de","original_title":"David Garrett: Legacy Live In Baden Baden","overview":"David’s recently released new classical album “Legacy” with the Royal Philharmonic Orchester has hit the charts. In May 2011 he performed the Beethoven-Concerto and works by Fritz Kreisler with the National Philharmonic of Russia under the conductorship of Vladimir Spivakov and Lorenzo Coladonato in the famous Festspielhaus in Baden-Baden and fascinated the audience. You are now able to watch this concert on David’s new DVD “Legacy – Live in Baden-Baden”, which will be released on 13th January 2012. The DVD also contains the documentation “Playing for my Life”.","popularity":0.454439,"poster_path":"/cq4IjnVWbL497keswEk43Hu6SaM.jpg","production_companies":[{"name":"Universal Music Group","id":9339}],"production_countries":[{"iso_3166_1":"DE","name":"Germany"}],"release_date":"2012-01-13","revenue":0,"runtime":0,"spoken_languages":[],"status":"Released","tagline":null,"title":"David Garrett: Legacy Live In Baden Baden","video":false,"vote_average":4.0,"vote_count":2}
