{"adult":false,"backdrop_path":"/eeg4CYejxuL6HBxGBUTU17nruAi.jpg","belongs_to_collection":null,"budget":0,"genres":[],"homepage":null,"id":100217,"imdb_id":"","original_language":"pt","original_title":"Fernando e Sorocaba – Acústico na Ópera de Arame","overview":null,"popularity":0.001147,"poster_path":"/wkfdVHHRC7dh7bNPUYOTShbCn13.jpg","production_companies":[],"production_countries":[],"release_date":"2011-01-01","revenue":0,"runtime":0,"spoken_languages":[],"status":"Released","tagline":null,"title":"Fernando e Sorocaba – Acústico na Ópera de Arame","video":false,"vote_average":10.0,"vote_count":1}
