{"adult":false,"backdrop_path":"/euypo12Hcb2y4cxILF7N2izrKKJ.jpg","belongs_to_collection":null,"budget":0,"genres":[],"homepage":null,"id":100220,"imdb_id":"","original_language":"pt","original_title":"50 Anos de Rock: Live","overview":null,"popularity":0.001147,"poster_path":"/oGYESbASRZb1DdAiBAG8C8Npjlw.jpg","production_companies":[],"production_countries":[],"release_date":"2011-01-01","revenue":0,"runtime":0,"spoken_languages":[],"status":"","tagline":null,"title":"50 Anos de Rock: Live","video":false,"vote_average":0.0,"vote_count":0}
