{"adult":false,"backdrop_path":null,"belongs_to_collection":null,"budget":0,"genres":[],"homepage":"","id":100123,"imdb_id":"","original_language":"en","original_title":"Flying for Uncle Sam","overview":"US Air Transport Command wartime film","popularity":0.0,"poster_path":"/3kyvLh8ntGcI6xXaTauBquvsrAB.jpg","production_companies":[],"production_countries":[{"iso_3166_1":"US","name":"United States of America"}],"release_date":"","revenue":0,"runtime":0,"spoken_languages":[],"status":"","tagline":"","title":"Flying for Uncle Sam","video":false,"vote_average":0.0,"vote_count":0}
