{"adult":false,"backdrop_path":"/iMXT1pyfLG08EaguM9tC6vm0xKM.jpg","belongs_to_collection":null,"budget":0,"genres":[{"id":35,"name":"Comedy"},{"id":27,"name":"Horror"}],"homepage":"","id":100270,"imdb_id":"tt1650555","original_language":"en","original_title":"Lobos de Arga","overview":"After 15 years, Tomas, a moderately successful writer, returns to his family's ancestral village in Galicia to receive a civic award, and write his next book. Neither of those things happens.","popularity":0.245645,"poster_path":"/oY33tXagQSc3yko8DTnkSZWQUKd.jpg","production_companies":[],"production_countries":[{"iso_3166_1":"ES","name":"Spain"}],"release_date":"2011-10-07","revenue":0,"runtime":104,"spoken_languages":[{"iso_639_1":"pl","name":"Polski"},{"iso_639_1":"es","name":"Español"}],"status":"Released","tagline":"","title":"Game of Werewolves","video":false,"vote_average":6.6,"vote_count":5}
