{"adult":false,"backdrop_path":null,"belongs_to_collection":null,"budget":0,"genres":[{"id":53,"name":"Thriller"}],"homepage":"","id":100067,"imdb_id":"tt0061782","original_language":"en","original_title":"The Hostage","overview":"The Hostage is a 1967 Crown International low-budget motion picture starring Don O'Kelly, James Almanzar and Joanne Brown, with Leland Brown, John Carradine, and Harry Dean Stanton. The plot centers on a young boy who becomes a hostage after he is accidentally closed inside a moving van.","popularity":0.00015,"poster_path":"/aIgn9dPb7ikeMN72DjtVHAga4yF.jpg","production_companies":[{"name":"Crown International Pictures","id":1009}],"production_countries":[{"iso_3166_1":"US","name":"United States of America"}],"release_date":"1967-10-23","revenue":0,"runtime":84,"spoken_languages":[{"iso_639_1":"en","name":"English"}],"status":"Released","tagline":"An Outrageous Kidnapping ... and a town is gripped with FEAR!","title":"The Hostage","video":false,"vote_average":0.0,"vote_count":0}
