{"adult":false,"backdrop_path":null,"belongs_to_collection":null,"budget":0,"genres":[{"id":16,"name":"Animation"},{"id":35,"name":"Comedy"}],"homepage":"","id":100354,"imdb_id":"tt0037308","original_language":"en","original_title":"Stage Door Cartoon","overview":"That wascawwy wabbit is chased into a theatre by Elmer Fudd, and ends up having to perform to save himself, as well as convince Elmer to act himself. The vaudeville industry was never this wacky!","popularity":0.00017,"poster_path":"/cGA38eEo92fQPm42h3ei6KNX8hG.jpg","production_companies":[],"production_countries":[],"release_date":"1944-12-30","revenue":0,"runtime":8,"spoken_languages":[],"status":"Released","tagline":"","title":"Stage Door Cartoon","video":false,"vote_average":0.0,"vote_count":0}
