{"adult":false,"backdrop_path":null,"belongs_to_collection":null,"budget":0,"genres":[],"homepage":"","id":100306,"imdb_id":"tt0034829","original_language":"en","original_title":"The Hare-Brained Hypnotist","overview":"This time Elmer Fudd goes after Bugs using hypnotism, only the plan backfires.","popularity":0.000143,"poster_path":"/wjMBzrxyXKPrKNCboenZgzK0GQ7.jpg","production_companies":[],"production_countries":[],"release_date":"1942-10-31","revenue":0,"runtime":7,"spoken_languages":[],"status":"Released","tagline":"","title":"The Hare-Brained Hypnotist","video":false,"vote_average":7.0,"vote_count":1}
