{"adult":false,"backdrop_path":null,"belongs_to_collection":null,"budget":0,"genres":[],"homepage":"","id":100091,"imdb_id":"tt0059622","original_language":"en","original_title":"La pérgola de las flores","overview":"La Pergola is a popular flower market located in the center of the city of Santiago de Chile. The authorities of the town press the municipality to urbanize the area and finish with the market, and a picturesque battle between florists and councilors begins. Then Carmela comes to town, a young provincian girl, goddaughter of one of the leaders of the market, and gets engaged with Carlos, son of the mayor. Carmela will bring peace to both sides and the flowers remain in its traditional market.","popularity":0.000144,"poster_path":"/9C7rdUpyoCEixVgE9PcBKphVHHL.jpg","production_companies":[],"production_countries":[],"release_date":"1965-01-01","revenue":0,"runtime":96,"spoken_languages":[{"iso_639_1":"es","name":"Español"}],"status":"Released","tagline":"","title":"La pérgola de las flores","video":false,"vote_average":0.0,"vote_count":0}
