{"adult":false,"backdrop_path":"/rC8TT6wcDqiUi4pdxSULWJBhwMz.jpg","belongs_to_collection":null,"budget":0,"genres":[],"homepage":"","id":100767,"imdb_id":"","original_language":"en","original_title":"Alex Klaasen: Eindelijk alleen","overview":"In Eindelijk Alleen, een tragikomische one-man-show over eenlingen, zingt typeur Alex Klaasen onder andere een schizofreniemusical, een ode aan de drol en een verkrachting van een 'kinderen voor kinderen' klassieker.","popularity":0.001004,"poster_path":"/mTfeoud2wpZXp7zSrCLX2X7dSiw.jpg","production_companies":[],"production_countries":[],"release_date":"2010-02-03","revenue":0,"runtime":79,"spoken_languages":[{"iso_639_1":"nl","name":"Nederlands"}],"status":"Released","tagline":"comedy","title":"Alex Klaasen: Eindelijk alleen","video":false,"vote_average":0.0,"vote_count":0}
