{"adult":false,"backdrop_path":null,"belongs_to_collection":null,"budget":2,"genres":[{"id":27,"name":"Horror"},{"id":35,"name":"Comedy"}],"homepage":"","id":100034,"imdb_id":"tt0462634","original_language":"en","original_title":"The Worst Horror Movie Ever Made","overview":"A group of friends get together for a card game, but within 5 minutes most of them die horribly, leaving the hosts to run for their lives (and from the law). Along the way, they encounter every conceivable horror movie monster/villain, but with a new twist.","popularity":0.000429,"poster_path":"/yRq6b7qJGGFUkfU3MxnbC2AjUJq.jpg","production_companies":[],"production_countries":[],"release_date":"2005-01-01","revenue":0,"runtime":85,"spoken_languages":[],"status":"","tagline":"","title":"The Worst Horror Movie Ever Made","video":false,"vote_average":4.0,"vote_count":1}
