{"adult":false,"backdrop_path":null,"belongs_to_collection":null,"budget":0,"genres":[],"homepage":null,"id":100054,"imdb_id":"","original_language":"th","original_title":"รักแท้บทที่ 1","overview":null,"popularity":0.000145,"poster_path":"/qxxkX94to0eJpKp0ohBe3uQV0mJ.jpg","production_companies":[{"name":"Tai Entertainment","id":9281}],"production_countries":[{"iso_3166_1":"TH","name":"Thailand"}],"release_date":"1995-08-26","revenue":0,"runtime":0,"spoken_languages":[{"iso_639_1":"th","name":"ภาษาไทย"}],"status":"Released","tagline":null,"title":"รักแท้บทที่ 1","video":false,"vote_average":0.0,"vote_count":0}
