{"adult":false,"backdrop_path":"/2RGiMUrNfFUZw3t4ZyxHbRDyjkQ.jpg","belongs_to_collection":null,"budget":2000000,"genres":[{"id":35,"name":"Comedy"}],"homepage":"","id":100152,"imdb_id":"tt0417949","original_language":"en","original_title":"Mars","overview":"Somewhere deep, deep in Russia there is a town called Marks (named after Karl Marks, founder of Communism theory) where all people are working on toy factory and receiving their wages as toys. News from other cities are arriving on very rare occasion. One morning, Boris, a former boxing who is running from something, wakes up in train and see four letters MAR_S. From his first steps he starts to meet new people as Gregori, young man with a dream who is in love with local librarian, Greta, whose dream is to get out from this god-forgotten town. With each new step, he is meeting new people, but the past is hard to escape","popularity":0.000448,"poster_path":"/cTa91m5Gikb8qqJ0blzcJxhZem0.jpg","production_companies":[],"production_countries":[],"release_date":"2004-11-11","revenue":0,"runtime":100,"spoken_languages":[],"status":"Released","tagline":"","title":"Mars","video":false,"vote_average":9.0,"vote_count":1}
