{"adult":false,"backdrop_path":"/qlIQ2RvSxRcePOZcTsIfEhMkljC.jpg","belongs_to_collection":null,"budget":0,"genres":[],"homepage":"http://50nuts.com/","id":100850,"imdb_id":"","original_language":"en","original_title":"50 Nuts","overview":"Does size matter? Not to the \"nuts\" in this movie. Come along with us for a 50cc adventure as we ride on the highways, byways, cities, suburbs, and ghettos. You'll be entertained and amazed with huge tricks and the hot chicks, from lingerie parties and slamming 40's, to hangin' with Venice Beach locals and running from the law. You'll laugh your ass off as you watch these guys go anywhere and do anything! Guaranteed to hold your attention! Even someone with a severe case of A.D.D. can't look away from the grinds, flips, tricks, and racing portrayed in this flick. This is a moto video like you've never seen before!","popularity":0.000308,"poster_path":"/bA44MofgKAInvhKlp0DPAB0iW36.jpg","production_companies":[{"name":"clutch films","id":14335}],"production_countries":[],"release_date":"2002-01-01","revenue":0,"runtime":43,"spoken_languages":[{"iso_639_1":"en","name":"English"}],"status":"Released","tagline":"mini moto chaos","title":"50 Nuts","video":false,"vote_average":7.0,"vote_count":1}
