{"adult":false,"backdrop_path":"/kCarYbdl1RCIoTr0qqblOsAAWn1.jpg","belongs_to_collection":null,"budget":0,"genres":[{"id":35,"name":"Comedy"},{"id":18,"name":"Drama"},{"id":80,"name":"Crime"}],"homepage":"","id":100064,"imdb_id":"tt0056057","original_language":"en","original_title":"The Happy Thieves","overview":"We confess! They did it! But it's how they did it that makes it so delightful!","popularity":0.000215,"poster_path":"/ETWG90yswKcdhbS47a92L4uQgF.jpg","production_companies":[{"name":"Hillworth Productions A.G.","id":20758}],"production_countries":[{"iso_3166_1":"US","name":"United States of America"}],"release_date":"1962-01-01","revenue":0,"runtime":88,"spoken_languages":[{"iso_639_1":"en","name":"English"}],"status":"Released","tagline":"Rita and Rex Steal The Picture!","title":"The Happy Thieves","video":false,"vote_average":5.5,"vote_count":1}
