{"adult":false,"backdrop_path":"/f8XICAqxugkiyZ9amLGWTFsEQ8U.jpg","belongs_to_collection":null,"budget":0,"genres":[{"id":16,"name":"Animation"}],"homepage":"","id":100318,"imdb_id":"tt0037022","original_language":"en","original_title":"Little Red Riding Rabbit","overview":"Bugs, the Wolf and bobby-soxer Red chase each other around while Grandma is off working at Lockheed aircraft.","popularity":0.000184,"poster_path":"/26T7qGuyKFRwH8GRicz8U3TNGhz.jpg","production_companies":[{"name":"Warner Bros.","id":6194}],"production_countries":[{"iso_3166_1":"US","name":"United States of America"}],"release_date":"1944-01-04","revenue":0,"runtime":7,"spoken_languages":[{"iso_639_1":"en","name":"English"}],"status":"Released","tagline":"","title":"Little Red Riding Rabbit","video":false,"vote_average":6.8,"vote_count":2}
