{"adult":false,"backdrop_path":"/hmnhCC3mSwhgOnSbLW3tjmdF21r.jpg","belongs_to_collection":null,"budget":0,"genres":[{"id":878,"name":"Science Fiction"},{"id":10769,"name":"Foreign"}],"homepage":"","id":100039,"imdb_id":"tt0067935","original_language":"en","original_title":"Vente a Alemania, Pepe","overview":"Peralejos, a quiet village in Upper Aragon, is a place where nothing ever happens. One day Angelino returns home to spend the holidays, an immigrant who drives a Mercedes and tells great wonders of Germany and their women. Pepe, fascinated by the stories of his friend, decides to immigrate, but his dream begins at five o'clock, cleaning windows, and ends at twelve o'clock pasting posters.","popularity":0.0,"poster_path":"/ctBKlyaju8whSOFAoFLGFJ9x9yU.jpg","production_companies":[],"production_countries":[],"release_date":"1971-01-01","revenue":0,"runtime":95,"spoken_languages":[{"iso_639_1":"es","name":"Español"}],"status":"Released","tagline":"","title":"Vente a Alemania, Pepe","video":false,"vote_average":0.0,"vote_count":0}
