{"adult":false,"backdrop_path":null,"belongs_to_collection":null,"budget":0,"genres":[{"id":35,"name":"Comedy"}],"homepage":"","id":100298,"imdb_id":"tt0888527","original_language":"en","original_title":"Sweet Sweet Marja","overview":"Not avaiable","popularity":0.000596,"poster_path":"/7mliDltetWwaCAne5NN8o16psIp.jpg","production_companies":[],"production_countries":[],"release_date":"2007-07-27","revenue":0,"runtime":96,"spoken_languages":[],"status":"Released","tagline":"","title":"Sweet Sweet Marja","video":false,"vote_average":2.5,"vote_count":1}
