{"adult":false,"backdrop_path":"/7wnoQyZ2MhD2u3nPdnvUH6u4zH0.jpg","belongs_to_collection":null,"budget":0,"genres":[],"homepage":"","id":100490,"imdb_id":"tt0108915","original_language":"en","original_title":"Scarlett","overview":"This soapy but highly watchable television \"sequel\" to Gone with the Wind, the most popular Hollywood movie ever made, has nothing to do with memories of a vanished antebellum South. But it does end up in Ireland, where the determined Scarlett O'Hara Butler (played with frosty passion by Joanne Whalley-Kilmer) turns hard times into an opportunity by buying the ancestral home of her family. Before that happens, however, Scarlett fights to win back the estranged Rhett Butler (manfully portrayed by Timothy Dalton), often seen in the company of other women, struggles for control over the homestead Tara, and gets caught in yet another compromising position with poor Ashley Wilkes (Stephen Collins).","popularity":0.000675,"poster_path":"/oiZ4Pl3yK3kaHLDa3dRMYJV4ATL.jpg","production_companies":[],"production_countries":[],"release_date":"1994-11-13","revenue":0,"runtime":0,"spoken_languages":[],"status":"Released","tagline":"","title":"Scarlett","video":false,"vote_average":7.5,"vote_count":1}
