{"adult":false,"backdrop_path":null,"belongs_to_collection":null,"budget":0,"genres":[{"id":36,"name":"History"},{"id":18,"name":"Drama"}],"homepage":"","id":100223,"imdb_id":"tt0039409","original_language":"en","original_title":"Gallant Journey","overview":"Director William A. Wellman adds another to his long line of salutes-to-aviation films in this bio of an aviation pioneer, John Montgomery (Glenn Ford.) In 1883 he built a practical glider despite the opposition of his friends, who thought he was crazy, and of his family, who were afraid that his dreams of flying would hurt his father's political ambitions. He pursues his education at Santa Clara University where the Jesuits lend a helping and understanding hand. An earthquake destroys what appears to be a working model for an airplane, but a gold-sorting machine Montgomery invented, and then neglected, promises to provide for his financial needs to keep working on his aircraft until he gets involved in costly lawsuits defending his invention.","popularity":0.00015,"poster_path":"/facktPGkqWVPFzYLeuYaZNOIuMp.jpg","production_companies":[{"name":"Columbia Pictures Corporation","id":441}],"production_countries":[{"iso_3166_1":"US","name":"United States of America"}],"release_date":"1946-09-24","revenue":0,"runtime":85,"spoken_languages":[{"iso_639_1":"en","name":"English"}],"status":"Released","tagline":"One Of The World's Most Exciting Adventures!","title":"Gallant Journey","video":false,"vote_average":0.0,"vote_count":0}
