{"adult":false,"backdrop_path":"/fNPPMTPjjO6wZ2hJIr7tw9Mg6sI.jpg","belongs_to_collection":null,"budget":0,"genres":[{"id":18,"name":"Drama"},{"id":53,"name":"Thriller"},{"id":10749,"name":"Romance"},{"id":10769,"name":"Foreign"}],"homepage":"","id":100812,"imdb_id":"tt0124621","original_language":"en","original_title":"Femina Ridens","overview":"Beautiful PR woman Maria finds herself trapped in the home of the sinister and troubled Dr Sayer, where she is subjected to a series of increasingly bizarre, terrifying and degradating sex games. Sayer admits that he has murdered several women after the same ordeal, always killing them at the point of orgasm. But all is not what it seems, and this is revealed to be the fantasy of a troubled man. Sayer finds salvation in Maria and falls for her, only for her to turn the tables on him and ultimately reveal that she too is not what she seems.","popularity":0.000189,"poster_path":"/8Bv3Z5mOTrrmvh9onLv78aSa7wb.jpg","production_companies":[{"name":"Cemo Film","id":10475}],"production_countries":[{"iso_3166_1":"IT","name":"Italy"}],"release_date":"1969-08-24","revenue":0,"runtime":86,"spoken_languages":[{"iso_639_1":"it","name":"Italiano"}],"status":"Released","tagline":"","title":"The Laughing Woman","video":false,"vote_average":8.0,"vote_count":1}
