{"adult":false,"backdrop_path":"/g8KN6apiDi4fhxvQRhCDMcnlHP3.jpg","belongs_to_collection":null,"budget":0,"genres":[{"id":53,"name":"Thriller"},{"id":18,"name":"Drama"},{"id":14,"name":"Fantasy"},{"id":27,"name":"Horror"}],"homepage":"http://www.comfortingskin.com/","id":100274,"imdb_id":"tt1930308","original_language":"en","original_title":"Comforting Skin","overview":"A lonely young woman's desperate need for emotional and sexual companionship draws her into a surreal and ultimately destructive relationship with a shifting and whispering tattoo she has willed to life on her skin.","popularity":0.21493,"poster_path":"/5p1VJcf5wdPYTgdad17x0LEVvIt.jpg","production_companies":[{"name":"Feelgood Pictures","id":37221},{"name":"Brainstorm Productions","id":37222}],"production_countries":[{"iso_3166_1":"CA","name":"Canada"}],"release_date":"2011-10-10","revenue":0,"runtime":109,"spoken_languages":[{"iso_639_1":"en","name":"English"}],"status":"Released","tagline":"Obsession Leaves A Mark.","title":"Comforting Skin","video":false,"vote_average":5.0,"vote_count":2}
