{"adult":false,"backdrop_path":"/igvwoPhHDwmKghqn0CU3i80QWg7.jpg","belongs_to_collection":null,"budget":0,"genres":[],"homepage":"","id":100377,"imdb_id":"tt0057586","original_language":"en","original_title":"To Beep or Not to Beep","overview":"Wile E. Coyote hopes to stop and catch the Road Runner using a huge, boulder-throwing catapult. But no matter where Wile E. positions himself, the catapult drops the boulder on him.","popularity":0.000144,"poster_path":"/qKbaA8Ep9rZkvkKFr7oifFbg9db.jpg","production_companies":[{"name":"Warner Bros. Pictures","id":174}],"production_countries":[{"iso_3166_1":"US","name":"United States of America"}],"release_date":"1963-12-27","revenue":0,"runtime":7,"spoken_languages":[{"iso_639_1":"en","name":"English"}],"status":"Released","tagline":"","title":"To Beep or Not to Beep","video":false,"vote_average":7.5,"vote_count":1}
