{"adult":false,"backdrop_path":"/dJWseBYj1ogLMIJfmfHijFGEt3q.jpg","belongs_to_collection":null,"budget":0,"genres":[{"id":10751,"name":"Family"},{"id":18,"name":"Drama"}],"homepage":"","id":100762,"imdb_id":"tt0128405","original_language":"nl","original_title":"Peter en de Vliegende Autobus","overview":"Young Peter has a difficult time adjusting at school having been confined to a wheelchair after an accident. He still wants to participate in the school outing and play and wants to come up with a way to make the play actors 'fly' like fairies. By chance the local inventor Quirinus Drijfhout and his son Felix have just perfected their 'Zerostraler', a machine that can make any object float in mid air.","popularity":0.021424,"poster_path":"/8YQEb6y1eVDDQn6AlRAC6AX4mBc.jpg","production_companies":[],"production_countries":[{"iso_3166_1":"NL","name":"Netherlands"}],"release_date":"1976-12-22","revenue":0,"runtime":88,"spoken_languages":[{"iso_639_1":"nl","name":"Nederlands"}],"status":"Released","tagline":"","title":"Peter en de Vliegende Autobus","video":false,"vote_average":5.0,"vote_count":1}
