{"adult":false,"backdrop_path":null,"belongs_to_collection":null,"budget":0,"genres":[{"id":28,"name":"Action"},{"id":53,"name":"Thriller"},{"id":18,"name":"Drama"}],"homepage":"","id":100016,"imdb_id":"tt0032820","original_language":"en","original_title":"Murder in the Air","overview":"Enemy agents are everywhere and they are sabotaging all important war deliveries. The body of a hobo found in a train wreck had a money belt with $50,000 and a tattoo of a circle and arrow. This is a tattoo for saboteurs for hire and Brass must impersonate the dead man to find out what his orders are. As Steve Coe, he meets with the band of enemy agents in California and everything goes well until the wife of the dead 'Hobo' shows up. Luckily, Gabby is able to save Brass and Brass learns what is his assignment. He is to board the USN airship 'Mason', which is testing the super secret Inertia Projector, and destroy the airship.","popularity":0.00015,"poster_path":"/iWxwT0jcfuH0Lx35pvSfF2RLvTJ.jpg","production_companies":[{"name":"Warner Bros. Pictures","id":174}],"production_countries":[{"iso_3166_1":"US","name":"United States of America"}],"release_date":"1940-06-01","revenue":0,"runtime":55,"spoken_languages":[],"status":"Released","tagline":"A Battle Aboard a Doomed Dirigible!","title":"Murder in the Air","video":false,"vote_average":0.0,"vote_count":0}
