{"adult":false,"backdrop_path":null,"belongs_to_collection":null,"budget":0,"genres":[{"id":10402,"name":"Music"}],"homepage":"","id":100551,"imdb_id":"","original_language":"en","original_title":"Björk: Volumen Plus","overview":"Volumen Plus is an official DVD released by Björk on December 2, 2002. The DVD, whose release coincided with the release of the comprehensive Greatest Hits - Volumen 1993-2003, offers those who purchased the original Volumen release an opportunity to own the missing seven videos included on the newer release on DVD at a lower price. It includes all the videos from \"Alarm Call\" to \"Nature Is Ancient\", the latter of which being the only video on the release for which there was no corresponding single release, as the video was created only for the promotion of the Family Tree box-set.","popularity":0.000287,"poster_path":"/1SvgYLN8Ol8KH8ojEhc0IbS0s26.jpg","production_companies":[],"production_countries":[],"release_date":"2003-06-10","revenue":0,"runtime":0,"spoken_languages":[],"status":"Released","tagline":"","title":"Björk: Volumen Plus","video":false,"vote_average":4.0,"vote_count":2}
