{"adult":false,"backdrop_path":"/gWJnaASB7ncNuUsFFxoxYRC4PUk.jpg","belongs_to_collection":null,"budget":0,"genres":[],"homepage":"","id":100372,"imdb_id":"tt0049325","original_language":"en","original_title":"The Honey-Mousers","overview":"In this spoof of TV's \"The Honeymooners\", Ralph Crumden and Ned Morton are mouse versions of Jackie Gleason and Art Carney's characters on the TV show. When new human tenants move into the apartment where the Crumden and Morton couples live, Ralph and Ned try to gain access to a banquet of food in the people's refrigerator, which is guarded by an orange cat.","popularity":0.000152,"poster_path":"/w38RkY07vuqLaDrUITwa8N1zjeG.jpg","production_companies":[{"name":"Warner Bros. Pictures","id":174}],"production_countries":[{"iso_3166_1":"US","name":"United States of America"}],"release_date":"1956-12-08","revenue":0,"runtime":7,"spoken_languages":[{"iso_639_1":"en","name":"English"}],"status":"Released","tagline":"","title":"The Honey-Mousers","video":false,"vote_average":7.5,"vote_count":1}
