{"adult":false,"backdrop_path":null,"belongs_to_collection":null,"budget":0,"genres":[{"id":10402,"name":"Music"}],"homepage":"http://www.juanes.net","id":100679,"imdb_id":"","original_language":"en","original_title":"Juanes - Concierto Basico","overview":"The singer, composer and saxophonist Juanes is now one of the top names in Latin music. Winner of several Grammy Awards and recognized in several countries, your family, also musicians, always encouraged him to play guitar since childhood. The result was the formation of the first group with 17 years, Ekhymosis, who was born in Colombia in 1989.","popularity":0.0,"poster_path":"/a9zhD3KwztTMqyJ47iMQexp3y1l.jpg","production_companies":[],"production_countries":[],"release_date":"","revenue":0,"runtime":0,"spoken_languages":[],"status":"Released","tagline":"","title":"Juanes - Concierto Basico","video":false,"vote_average":0.0,"vote_count":0}
