{"adult":false,"backdrop_path":null,"belongs_to_collection":null,"budget":0,"genres":[{"id":36,"name":"History"},{"id":10752,"name":"War"},{"id":99,"name":"Documentary"}],"homepage":"","id":100639,"imdb_id":"tt0183205","original_language":"en","original_title":"How to Fly the P-47: Ground Handling, Take Off, Normal Flight","overview":"War Department Training Film No. 107-B.  This is the second in a series of pictures introducing pilots to the P-47.  A third picture will cover high altitude flight and aerobatics.  In this film you will see GROUND HANDLING ... TAKE-OFF ... NORMAL FLIGHT ... LANDING  Presented by the Army Air Forces in cooperation with Republic Aviation (1943)","popularity":0.0,"poster_path":null,"production_companies":[],"production_countries":[],"release_date":"","revenue":0,"runtime":24,"spoken_languages":[],"status":"Released","tagline":"","title":"How to Fly the P-47: Ground Handling, Take Off, Normal Flight","video":false,"vote_average":0.0,"vote_count":0}
