{"adult":false,"backdrop_path":null,"belongs_to_collection":null,"budget":0,"genres":[],"homepage":"http://72musicians.com/","id":100204,"imdb_id":"tt1470730","original_language":"en","original_title":"72 Musicians","overview":"One stage, one chair, four days, 20 bands, 72 musicians. All speaking with a single, anonymous voice about art, poverty, booze, lies, class, hardship, food and failure. Oh, and day care. And rock 'n' roll.","popularity":0.0,"poster_path":null,"production_companies":[],"production_countries":[],"release_date":"","revenue":0,"runtime":72,"spoken_languages":[],"status":"Released","tagline":"","title":"72 Musicians","video":false,"vote_average":0.0,"vote_count":0}
