{"adult":false,"backdrop_path":null,"belongs_to_collection":null,"budget":0,"genres":[],"homepage":"","id":100278,"imdb_id":"tt1754163","original_language":"en","original_title":"Madame X","overview":"This action comedy chronicles the story of a transsexual hairstylist who must fulfill his destiny into becoming Madame X, a superhero fighting against a militant, homophobic political party.","popularity":0.001253,"poster_path":"/dUMrkLF0ygzXzhZeGPrqx63aLGi.jpg","production_companies":[],"production_countries":[{"iso_3166_1":"ID","name":"Indonesia"}],"release_date":"2010-10-07","revenue":0,"runtime":0,"spoken_languages":[{"iso_639_1":"id","name":"Bahasa indonesia"}],"status":"Released","tagline":"","title":"Madame X","video":false,"vote_average":0.0,"vote_count":0}
