{"adult":false,"backdrop_path":null,"belongs_to_collection":null,"budget":0,"genres":[],"homepage":"","id":100293,"imdb_id":"tt0439586","original_language":"en","original_title":"Georgi and the butterflies","overview":"Georgi and the Butterflies tells the story of a man and his dream. This man is Dr Georgi Lulchev, a psychiatrist, neurologist, Chinese medicine man, administrator, amateur chef, entrepreneur and Director of the Home for Psychologically Disabled Men. His dream is to organise a farm in the yard of the home, where the patients can raise snails, ostriches and pheasants, produce silk fibres and soybean food. This is a story full of optimism, snails, ostriches, silk, charity, the Eastern Orthodox Church, soybean food, schizophrenics, oligophrenics, psychopaths, Korean investors, Western hunters, misery, acupuncture and compassion. Compassion, business, butterflies.","popularity":0.00043,"poster_path":"/b3aGveDbFcGLzgEfAHLEb5cUr0Y.jpg","production_companies":[],"production_countries":[],"release_date":"2004-11-25","revenue":0,"runtime":0,"spoken_languages":[],"status":"Released","tagline":"","title":"Georgi and the butterflies","video":false,"vote_average":0.0,"vote_count":0}
