{"adult":true,"backdrop_path":null,"belongs_to_collection":null,"budget":0,"genres":[],"homepage":"","id":100587,"imdb_id":"tt2047850","original_language":"de","original_title":"Russian Institute: Lesson 15 - Anna et ses Soeurs","overview":null,"popularity":0.002469,"poster_path":"/akg83mVIBITBoPDMHYIIIsaGam7.jpg","production_companies":[{"name":"Marc Dorcel","id":7880}],"production_countries":[{"iso_3166_1":"FR","name":"France"}],"release_date":"2011-05-11","revenue":0,"runtime":0,"spoken_languages":[{"iso_639_1":"fr","name":"Français"}],"status":"Released","tagline":"","title":"Russian Institute: Lesson 15 - Anna et ses Soeurs","video":false,"vote_average":0.0,"vote_count":0}
