{"adult":false,"backdrop_path":null,"belongs_to_collection":null,"budget":0,"genres":[{"id":28,"name":"Action"},{"id":18,"name":"Drama"},{"id":878,"name":"Science Fiction"},{"id":53,"name":"Thriller"}],"homepage":"","id":100192,"imdb_id":"tt0961208","original_language":"en","original_title":"Destination: Infestation","overview":"While on a flight home from Colombia, the plane that Dr. Carrie Ross and her daughter are on is attacked by bullet ants whose sting is the most painful and deadliest on the planet. Joining forces with air marshal Ethan Hart, Dr. Ross, an entomologist, tries desperately to save the flight from disaster. In the end, their struggle brings them closer together and offers the couple hope for the future.","popularity":0.081054,"poster_path":"/3kv9oUfqBVcWjdwLkQzeV6yjoa3.jpg","production_companies":[{"name":"Insight Film Studios","id":2865},{"name":"Ignite Entertainment","id":4131},{"name":"Johnson Production Group","id":5225}],"production_countries":[{"iso_3166_1":"CA","name":"Canada"}],"release_date":"2007-07-07","revenue":0,"runtime":89,"spoken_languages":[{"iso_639_1":"en","name":"English"}],"status":"Released","tagline":"","title":"Destination: Infestation","video":false,"vote_average":5.3,"vote_count":2}
