{"adult":false,"backdrop_path":"/s6144HqK8lQAF8QX38p3sF6fGiF.jpg","belongs_to_collection":null,"budget":0,"genres":[{"id":12,"name":"Adventure"},{"id":18,"name":"Drama"},{"id":28,"name":"Action"},{"id":80,"name":"Crime"},{"id":10769,"name":"Foreign"},{"id":10770,"name":"TV Movie"}],"homepage":"","id":100381,"imdb_id":"tt0904136","original_language":"it","original_title":"La Taupe","overview":"When an important cache of seized heroin is stolen from a regional customs depot and two officers left dead, it becomes clear that there is a mole within the customs services. Commandant Sandra Longo, of internal affairs, is dispatched from Paris to unmask the traitor.","popularity":0.000597,"poster_path":"/1Xp7tZ0kAmkMFeXz8wPA2TosKsN.jpg","production_companies":[],"production_countries":[{"iso_3166_1":"FR","name":"France"},{"iso_3166_1":"BE","name":"Belgium"}],"release_date":"2007-05-14","revenue":0,"runtime":0,"spoken_languages":[],"status":"Released","tagline":"","title":"The Mole","video":false,"vote_average":0.0,"vote_count":0}
