{"adult":false,"backdrop_path":null,"belongs_to_collection":null,"budget":0,"genres":[],"homepage":"","id":100854,"imdb_id":"tt0330932","original_language":"en","original_title":"Staying Up","overview":"Set in 1990 on an Air Force base in the mid-Atlantic. Billy is desperate to listen to his team Middlesborough, play Newcastle United. But Billy's quest for diversion masks an unspoken trauma in his past which he is forced to confront.","popularity":0.000286,"poster_path":null,"production_companies":[{"name":"BBC","id":5996},{"name":"Fiction Lab","id":9361}],"production_countries":[{"iso_3166_1":"GB","name":"United Kingdom"}],"release_date":"2002-05-07","revenue":0,"runtime":30,"spoken_languages":[{"iso_639_1":"en","name":"English"}],"status":"Released","tagline":"","title":"Staying Up","video":false,"vote_average":0.0,"vote_count":0}
