{"adult":false,"backdrop_path":"/h6XhEpgQeWbuqVuyRX1hHdPGCex.jpg","belongs_to_collection":null,"budget":0,"genres":[{"id":14,"name":"Fantasy"},{"id":878,"name":"Science Fiction"},{"id":10749,"name":"Romance"}],"homepage":"","id":100656,"imdb_id":"tt0045787","original_language":"en","original_title":"Four Sided Triangle","overview":"A young man, in love with a woman who can never be his, discovers a way to fulfil his dreams. In their childhood the three were the best of friends, the perfect triangle. But years later when Lena returns to her sleepy home the tone of the relationship changes and it is Robin she loves. Bill has discovered a method of duplication and decides to make an exact replica of the woman he cannot have... .with disastrous consequences for them all.","popularity":0.000148,"poster_path":"/wb1Rrwe4V1MHgCuIvZ8om63UcG4.jpg","production_companies":[{"name":"Hammer Film Productions","id":1314}],"production_countries":[{"iso_3166_1":"GB","name":"United Kingdom"}],"release_date":"1953-06-15","revenue":0,"runtime":81,"spoken_languages":[{"iso_639_1":"en","name":"English"}],"status":"Released","tagline":"She lived two amazing lives under his spell!","title":"Four Sided Triangle","video":false,"vote_average":5.5,"vote_count":1}
