{"adult":false,"backdrop_path":null,"belongs_to_collection":null,"budget":0,"genres":[],"homepage":"","id":100366,"imdb_id":"tt0042418","original_language":"en","original_title":"The Ducksters","overview":"Quiz-show contestant Porky is the one who's supposed to be penalized each time he misses a question, but host Daffy is the one who winds up getting safes and boulders dropped on him and deluged by torrents of water.","popularity":0.000144,"poster_path":"/1oODV9RhNdlQtOL2h8nUQLDxlz6.jpg","production_companies":[],"production_countries":[],"release_date":"1950-09-02","revenue":0,"runtime":7,"spoken_languages":[],"status":"Released","tagline":"","title":"The Ducksters","video":false,"vote_average":7.0,"vote_count":1}
