{"adult":false,"backdrop_path":"/2qhpajbh3UQDsjmTjXAWRlZWVGk.jpg","belongs_to_collection":null,"budget":0,"genres":[],"homepage":"","id":100315,"imdb_id":"tt0023067","original_language":"en","original_title":"It's Got Me Again!","overview":"Late at night, the mice come out and sing and play to the title tune, among others. That is, until the cat arrives, but he's quickly sent packing.","popularity":0.000143,"poster_path":"/hx0niySmq9Gqj4uk95a9zdvcOh1.jpg","production_companies":[],"production_countries":[],"release_date":"1932-05-14","revenue":0,"runtime":7,"spoken_languages":[],"status":"Released","tagline":"","title":"It's Got Me Again!","video":false,"vote_average":5.0,"vote_count":1}
