{"adult":false,"backdrop_path":null,"belongs_to_collection":null,"budget":0,"genres":[{"id":10751,"name":"Family"}],"homepage":"","id":100065,"imdb_id":"tt0756311","original_language":"en","original_title":"Kong: King of Atlantis","overview":"Gigantic Kong, who has reborn from the original King Kong DNA and the DNA from his human  'brother' Jason, is the king of the island where it lives.  But now, according to an ancient prophecy, the ancient civilization of Atlantis has resurfaced from the seabed and its evil queen wants him to govern with him to become again Kong: King of Atlantis.  But Jason and his brave friends try to prevent the plans of the queen facing soldiers, enormous animals, many obstacles, puzzles and enemies.  In the midst of exciting action-packed adventures, Jason will have to use his special powers of cyber-union so that he and Kong will become a single hero. Only together can save Kong Island ...","popularity":0.00043,"poster_path":"/xG4XS0duaIPyMOymrckmQ1wBBDa.jpg","production_companies":[],"production_countries":[],"release_date":"2005-11-22","revenue":0,"runtime":69,"spoken_languages":[],"status":"Released","tagline":"","title":"Kong: King of Atlantis","video":false,"vote_average":0.0,"vote_count":0}
