{"adult":false,"backdrop_path":null,"belongs_to_collection":null,"budget":0,"genres":[],"homepage":"","id":100059,"imdb_id":"tt0061013","original_language":"en","original_title":"Le spie uccidono in silenzio","overview":"Proffesor Freeman is an important English scientist that is investigating a method to treat cancer. His daugther is killed in the swiming pool of a hotel in Beirut. The case is confidential so that the mission is entrusted to the Special Agent Mikel Brown.","popularity":0.000261,"poster_path":"/dETZz3SmZD8CevIhV1lkKFYSalQ.jpg","production_companies":[],"production_countries":[],"release_date":"1966-04-04","revenue":0,"runtime":85,"spoken_languages":[{"iso_639_1":"it","name":"Italiano"}],"status":"Released","tagline":"","title":"Spies Kill Silently","video":false,"vote_average":0.0,"vote_count":0}
