{"adult":false,"backdrop_path":null,"belongs_to_collection":null,"budget":0,"genres":[],"homepage":"","id":100314,"imdb_id":"tt0993775","original_language":"es","original_title":"Nightmare","overview":"A mind-body disconnect - that's what causes sleep paralysis, a terrifyingly real experience in which someone awakes momentarily made of stone. Molly Duggan is determined to discover a treatment, because in rare cases, it can kill: Her mother was one of its victims. But what science can't explain is why Molly suddenly starts experiencing episodes herself and during them, feels a sinister presence surrounding her. So she turns to legends, and that's when her real nightmare begins. Haylie Duff stars in this pulse-pounding chiller.","popularity":0.001113,"poster_path":"/kPAC974HMe6fjhR2ngrnb5CbLET.jpg","production_companies":[],"production_countries":[],"release_date":"2007-04-07","revenue":0,"runtime":0,"spoken_languages":[],"status":"Rumored","tagline":"","title":"Nightmare","video":false,"vote_average":0.0,"vote_count":0}
