{"adult":false,"backdrop_path":"/2ldOPBkoJbapoBgpcgAaw4WveNb.jpg","belongs_to_collection":null,"budget":0,"genres":[{"id":16,"name":"Animation"},{"id":35,"name":"Comedy"}],"homepage":"","id":100327,"imdb_id":"tt0029402","original_language":"en","original_title":"Pigs Is Pigs","overview":"A hungry little pig eats a couple of pies off the windowsill. When it's time for dinner, he ties together the spaghetti of all the other little pigs and eats it all. That night, he has a nightmare where he is force-fed by a mad scientist.","popularity":0.000146,"poster_path":"/rtcNREXWRqhF4RgBcD5JtJgT0XI.jpg","production_companies":[{"name":"Leon Schlesinger Studios","id":8298}],"production_countries":[{"iso_3166_1":"US","name":"United States of America"}],"release_date":"1937-01-08","revenue":0,"runtime":7,"spoken_languages":[{"iso_639_1":"en","name":"English"}],"status":"Released","tagline":"","title":"Pigs Is Pigs","video":false,"vote_average":6.5,"vote_count":1}
