{"adult":false,"backdrop_path":"/wmJqZQJyQdsg1QT2IzpJiyuTGci.jpg","belongs_to_collection":null,"budget":0,"genres":[{"id":16,"name":"Animation"},{"id":10751,"name":"Family"}],"homepage":"","id":100305,"imdb_id":"tt0030215","original_language":"en","original_title":"Have You Got Any Castles?","overview":"Another entry in the \"books come alive\" subgenre, with possibly more books coming alive than any other. We begin with some musical numbers, notably the various pages of Green Pastures all joining in on a song, The Thin Man entering The White House Cookbook and exiting much fatter, and The House of Seven (Clark) Gables singing backup to Old King Cole. The Three Musketeers break loose, become Three Men on a Horse, grab the Seven Keys to Baldpate, and set the Prisoner of Zenda free. They are soon chased by horsemen from The Charge of the Light Brigade and Under Two Flags and beset by the cannons of All Quiet on the Western Front. All this disturbs the sleep of Rip Van Winkle, who opens Hurricane so that everyone is (all together now) Gone with the Wind.","popularity":0.00018,"poster_path":"/wKEltzRWhwlyYld03sfxvUhGxmx.jpg","production_companies":[{"name":"Leon Schlesinger Studios","id":8298}],"production_countries":[{"iso_3166_1":"US","name":"United States of America"}],"release_date":"1938-06-25","revenue":0,"runtime":7,"spoken_languages":[{"iso_639_1":"en","name":"English"}],"status":"Released","tagline":"","title":"Have You Got Any Castles?","video":false,"vote_average":3.8,"vote_count":2}
