{"adult":false,"backdrop_path":null,"belongs_to_collection":null,"budget":0,"genres":[{"id":10752,"name":"War"}],"homepage":"","id":100255,"imdb_id":"tt0035088","original_language":"en","original_title":"Mr. Blabbermouth!","overview":"Following Japan's attack on Pearl Harbor, America was rife with rumors about the size of Japan's armed forces and how well-equipped they were to wage war against the U.S. Using animation, the first part of this film dispels these rumors by showing that the U.S. had more raw materials and more fighting ships. The narrator also cautions moviegoers against spreading rumors (which are often initiated by enemy infiltrators to create fear and dissention) and believing everything they read in the newspapers. Just because \"they say\" something, that doesn't make it true.","popularity":0.000143,"poster_path":"/e2VdxHrGlPB9IqdC2DJ096DOrjo.jpg","production_companies":[{"name":"Metro-Goldwyn-Mayer (MGM)","id":8411}],"production_countries":[{"iso_3166_1":"US","name":"United States of America"}],"release_date":"1942-08-08","revenue":0,"runtime":19,"spoken_languages":[],"status":"Released","tagline":"","title":"Mr. Blabbermouth!","video":false,"vote_average":0.0,"vote_count":0}
