{"adult":false,"backdrop_path":"/s9w8sUsHiRXsZZBBsABuJlf4VB1.jpg","belongs_to_collection":null,"budget":0,"genres":[{"id":27,"name":"Horror"},{"id":53,"name":"Thriller"}],"homepage":"","id":100669,"imdb_id":"tt1078927","original_language":"en","original_title":"Shark Swarm","overview":"A fisherman and his family fight to take down a greedy real estate developer who has released toxins into the ocean, turning the area's sharks into bloodthirsty hunters.","popularity":0.234049,"poster_path":"/dQMliv6SOiXThDYWutkZxU7PH8Q.jpg","production_companies":[{"name":"Larry Levinson Productions","id":3282}],"production_countries":[{"iso_3166_1":"US","name":"United States of America"}],"release_date":"2008-05-25","revenue":0,"runtime":160,"spoken_languages":[{"iso_639_1":"en","name":"English"}],"status":"Released","tagline":"","title":"Shark Swarm","video":false,"vote_average":3.0,"vote_count":1}
