{"adult":false,"backdrop_path":null,"belongs_to_collection":null,"budget":0,"genres":[],"homepage":"","id":100521,"imdb_id":"tt0422764","original_language":"sv","original_title":"Moreno & tystnaden","overview":null,"popularity":0.000429,"poster_path":"/9g37VmGIPpjRs99anNC5fkA0tue.jpg","production_companies":[{"name":"Svensk Filmindustri","id":6416}],"production_countries":[{"iso_3166_1":"SE","name":"Sweden"}],"release_date":"2006-05-03","revenue":0,"runtime":91,"spoken_languages":[{"iso_639_1":"sv","name":"svenska"}],"status":"Released","tagline":"","title":"Moreno and the Silence","video":false,"vote_average":0.0,"vote_count":0}
