{"adult":false,"backdrop_path":null,"belongs_to_collection":null,"budget":0,"genres":[{"id":18,"name":"Drama"},{"id":28,"name":"Action"},{"id":35,"name":"Comedy"},{"id":10749,"name":"Romance"}],"homepage":"http://www.electricmanmovie.com/","id":100714,"imdb_id":"tt1928161","original_language":"en","original_title":"Electric Man","overview":"Jazz and Wolf need money to save their comic shop. When the rare and valuable first issue of Electric Man shows up, they think all their problems are solved. But things are never that simple. They are not the only ones who want to get their hands on it.","popularity":0.001593,"poster_path":"/23yNeMbKqmxKxcjTX6CAhYclXHj.jpg","production_companies":[],"production_countries":[],"release_date":"2012-01-01","revenue":0,"runtime":98,"spoken_languages":[],"status":"","tagline":"","title":"Electric Man","video":false,"vote_average":0.0,"vote_count":0}
