{"adult":false,"backdrop_path":"/26gR2kL0Yruam8vta6dnfUT5a5d.jpg","belongs_to_collection":null,"budget":0,"genres":[{"id":99,"name":"Documentary"}],"homepage":"http://www.kochbrothersexposed.com/","id":100813,"imdb_id":"tt2347411","original_language":"en","original_title":"Koch Brothers Exposed","overview":"Koch Brothers Exposed is a hard-hitting investigation of the 1% at its very worst. This full-length documentary film on Charles and David Koch—two of the world’s richest and most powerful men—is the latest from acclaimed director Robert Greenwald (Wal-Mart: the High Cost of Low Price, Outfoxed, Rethink Afghanistan). The billionaire brothers bankroll a vast network of organizations that work to undermine the interests of the 99% on issues ranging from Social Security to the environment to civil rights. This film uncovers the Kochs’ corruption—and points the way to how Americans can reclaim their democracy.","popularity":0.001714,"poster_path":"/bNo0TuLYEpee0LEB4GHFQgG7yvN.jpg","production_companies":[{"name":"Brave New Films","id":4971}],"production_countries":[],"release_date":"2012-03-07","revenue":0,"runtime":0,"spoken_languages":[],"status":"Released","tagline":"","title":"Koch Brothers Exposed","video":false,"vote_average":0.0,"vote_count":0}
