{"adult":false,"backdrop_path":null,"belongs_to_collection":null,"budget":0,"genres":[{"id":36,"name":"History"},{"id":99,"name":"Documentary"}],"homepage":"","id":100642,"imdb_id":"tt0183206","original_language":"en","original_title":"How to Fly the P-47: High Altitude Flight and Aerobatics","overview":"War Department Training Film No. 107-C  In preceding films in this series you have met the P-47 and taken it through take-off, normal flight and landing.  In this film we give the P-47 some action  Presented by the Army Air Forces in cooperation with Republic Aviation Corporation 1943","popularity":0.0,"poster_path":null,"production_companies":[],"production_countries":[],"release_date":"","revenue":0,"runtime":21,"spoken_languages":[],"status":"Released","tagline":"","title":"How to Fly the P-47: High Altitude Flight and Aerobatics","video":false,"vote_average":0.0,"vote_count":0}
