{"adult":false,"backdrop_path":"/cdbzHPSCIfntTNxVNuiH0obvDen.jpg","belongs_to_collection":null,"budget":0,"genres":[{"id":18,"name":"Drama"},{"id":10749,"name":"Romance"},{"id":10752,"name":"War"}],"homepage":"","id":100818,"imdb_id":"tt0036265","original_language":"en","original_title":"Pilot #5","overview":"A small group of Allied soldiers and airmen on Java are being bombed by Japanese 'planes daily. With only one working fighter of their own, and five pilots anxious to fly it, the Dutch commander chooses George Collins to fly a mission to drop a 500-lb bomb on the Japanese carrier lying offshore. As the flight progresses, the commander asks the other pilots to tell him about George. They recount his rise from brilliant law student, through the time he became involved in the corrupt machine of his state's Governor, and his attempts to redeem himself, both in his own eyes, and in Fredie, his long-time love.","popularity":0.000252,"poster_path":"/bNxs9fYKR88z7LdxWLrSiUurpbq.jpg","production_companies":[{"name":"Metro-Goldwyn-Mayer (MGM)","id":8411}],"production_countries":[{"iso_3166_1":"US","name":"United States of America"}],"release_date":"1943-06-24","revenue":0,"runtime":71,"spoken_languages":[{"iso_639_1":"en","name":"English"}],"status":"Released","tagline":"Be Their When It Happens","title":"Pilot #5","video":false,"vote_average":0.0,"vote_count":0}
