{"adult":false,"backdrop_path":null,"belongs_to_collection":null,"budget":0,"genres":[],"homepage":null,"id":100408,"imdb_id":"tt1746088","original_language":"da","original_title":"Rytteriet - Live fra Bellevue","overview":null,"popularity":0.00675,"poster_path":"/tYqdILKHoOgXJRXsAb9NMgzVpP7.jpg","production_companies":[],"production_countries":[],"release_date":"","revenue":0,"runtime":0,"spoken_languages":[],"status":"Released","tagline":null,"title":"Rytteriet - Live fra Bellevue","video":false,"vote_average":0.0,"vote_count":0}
