{"adult":false,"backdrop_path":null,"belongs_to_collection":null,"budget":0,"genres":[{"id":99,"name":"Documentary"}],"homepage":"","id":100101,"imdb_id":"tt0099845","original_language":"en","original_title":"Innisfree","overview":"Documentary tribute to \"The Quiet Man\" by John Ford. A special tribute that, away from traditional documentary, traces the outline of a cinematographic work of other person and offers a portrait of a society that fascinates the director.","popularity":0.002025,"poster_path":"/dvg4clUPcn13QyOo6k6vrmhwmKF.jpg","production_companies":[],"production_countries":[],"release_date":"1990-01-01","revenue":0,"runtime":110,"spoken_languages":[{"iso_639_1":"es","name":"Español"},{"iso_639_1":"en","name":"English"}],"status":"Released","tagline":"","title":"Innisfree","video":false,"vote_average":0.0,"vote_count":0}
