{"adult":true,"backdrop_path":"/xND96HycJQZVclD9tRLvtGBVg0v.jpg","belongs_to_collection":null,"budget":0,"genres":[],"homepage":"http://www.hothouse.com/en/Wood-Work/dvd/7967","id":100150,"imdb_id":"","original_language":"en","original_title":"Wood Work","overview":"What gets a hot, rugged working stiff hard as wood? Hot House Video constructs the answer with Wood Work! Grab your tool and jack along with 8 of the hungriest cocksuckers and assfuckers from Local 69, including Hot House Exclusives Kyle King, Ty LeBeouf, Tony Mecelli, Ross Hurston, Francesco D'Macho, Tim Kruger, Tyler Johnson, and Eddie Diaz. While most of their buddies head out for a brew after the shift, these super-hung studs pull out their wood and really get to work sucking and fucking the jizz out of each other. So join the Wood Work crew and erect yourself!","popularity":0.000715,"poster_path":"/q02jDOrJvij6qfdd401RiLAvu0Q.jpg","production_companies":[{"name":"Hot House Entertainment","id":6696}],"production_countries":[{"iso_3166_1":"US","name":"United States of America"}],"release_date":"2008-09-29","revenue":0,"runtime":96,"spoken_languages":[{"iso_639_1":"en","name":"English"}],"status":"Released","tagline":"","title":"Wood Work","video":false,"vote_average":8.0,"vote_count":1}
