{"adult":false,"backdrop_path":null,"belongs_to_collection":null,"budget":0,"genres":[],"homepage":"","id":100856,"imdb_id":"tt0285263","original_language":"en","original_title":"The King And Us","overview":"It's April 1974 and Manchester United are facing the prospect of relegation. Anthony never misses a match and it's the crucial last match of the season. Anthony's wife, Jenny, is pregnant but the baby is not due for another couple of weeks. At least, that's what they think.","popularity":0.000287,"poster_path":null,"production_companies":[{"name":"BBC","id":5996}],"production_countries":[{"iso_3166_1":"GB","name":"United Kingdom"}],"release_date":"2002-04-30","revenue":0,"runtime":30,"spoken_languages":[{"iso_639_1":"en","name":"English"}],"status":"Released","tagline":"","title":"The King And Us","video":false,"vote_average":0.0,"vote_count":0}
