{"adult":false,"backdrop_path":null,"belongs_to_collection":null,"budget":0,"genres":[],"homepage":"","id":100144,"imdb_id":"","original_language":"en","original_title":"Shine On","overview":"No overview found","popularity":0.000857,"poster_path":null,"production_companies":[{"name":"The Orchard","id":9286},{"name":"Sandbox","id":9287}],"production_countries":[],"release_date":"2009-09-01","revenue":0,"runtime":35,"spoken_languages":[],"status":"","tagline":"","title":"Shine On","video":false,"vote_average":0.0,"vote_count":0}
