{"adult":false,"backdrop_path":null,"belongs_to_collection":null,"budget":0,"genres":[{"id":37,"name":"Western"}],"homepage":"","id":100546,"imdb_id":"tt0063580","original_language":"en","original_title":"Sentenza di morte","overview":"Four men killed Django's brother a long time ago. A withdrawn rancher, a notorious card player, a despotic priest and a crazy albino with an obsession for gold. The relentless Django seeks for revenge and hunts them down without mercy.","popularity":0.001179,"poster_path":"/8RoYkAnW5VZqHYfHhdjgBrxf2G4.jpg","production_companies":[{"name":"B.L. Vision","id":10476}],"production_countries":[{"iso_3166_1":"IT","name":"Italy"}],"release_date":"1968-01-01","revenue":0,"runtime":90,"spoken_languages":[{"iso_639_1":"it","name":"Italiano"}],"status":"Released","tagline":"Django seeks revenge for the insidous killing of his brother.","title":"Death Sentence","video":false,"vote_average":4.8,"vote_count":2}
