{"adult":false,"backdrop_path":"/rzzabQ2HNUDil53Zfueu0iyasgB.jpg","belongs_to_collection":null,"budget":65000000,"genres":[{"id":27,"name":"Horror"},{"id":53,"name":"Thriller"}],"homepage":"http://www.ifrankensteinfilm.com","id":100241,"imdb_id":"tt1418377","original_language":"en","original_title":"I, Frankenstein","overview":"200 years after his shocking creation, Dr. Frankenstein's creature, Adam, still walks the earth. But when he finds himself in the middle of a war over the fate of humanity, Adam discovers he holds the key that could destroy humankind.","popularity":1.909562,"poster_path":"/amJHZ4eOMpqyKo1GK33HFV55zue.jpg","production_companies":[{"name":"Lakeshore Entertainment","id":126},{"name":"Sidney Kimmel Entertainment","id":737},{"name":"Lionsgate","id":1632},{"name":"Hopscotch Films","id":13788}],"production_countries":[{"iso_3166_1":"US","name":"United States of America"},{"iso_3166_1":"AU","name":"Australia"}],"release_date":"2014-01-24","revenue":71154592,"runtime":92,"spoken_languages":[{"iso_639_1":"en","name":"English"}],"status":"Released","tagline":"In the battle between good and evil, an immortal holds the key","title":"I, Frankenstein","video":false,"vote_average":5.2,"vote_count":315}
