{"adult":false,"backdrop_path":null,"belongs_to_collection":null,"budget":0,"genres":[],"homepage":"","id":100115,"imdb_id":"","original_language":"en","original_title":"Day and Age","overview":"The Sandbox Crew at it again with their seventh release: Day and Age. This time with more heli footage then ever, from killing big mountain lines to taking the heli to the streets. Featuring never before seen urban heli footage. Join the whirlwind adventure of traveling and exploring the snow covered world in pursuit of the ultimate shred! Filmed at Whistler, Vancouver Island, Golden, Selkirk Range, Alberta Rockies, Calgary, Edmonton, Toronto, Aspen, Lake Tahoe, Boston, Japan.","popularity":0.001436,"poster_path":null,"production_companies":[],"production_countries":[],"release_date":"2011-10-17","revenue":0,"runtime":39,"spoken_languages":[{"iso_639_1":"en","name":"English"}],"status":"Released","tagline":"","title":"Day and Age","video":false,"vote_average":0.0,"vote_count":0}
