{"adult":false,"backdrop_path":null,"belongs_to_collection":null,"budget":0,"genres":[{"id":18,"name":"Drama"},{"id":14,"name":"Fantasy"},{"id":10752,"name":"War"}],"homepage":"","id":100526,"imdb_id":"tt0035440","original_language":"en","original_title":"Thunder Rock","overview":"David Charleston, once a world renowned journalist, now lives alone maintaining the Thunder Rock lighthouse in Lake Michigan. He doesn't cash is paychecks and has no contact other than the monthly inspector's visit. When alone, he imagines conversations with those who died when a 19th century packet ship with some 60 passengers sank. He imagines their lives, their problems their fears and their hopes. In one of these conversations he recalls his own efforts in the 1930s when he tried desperately to convince first his editors and later the public of the dangers of fascism and the inevitability of war. Few would listen. One of the passengers, a spinster, tells her story of seeking independence from a world dominated by men. There's also the case of a doctor who is banished for using unacceptable methods. David has given up on life but the imaginary passengers give him hope for the future","popularity":0.00015,"poster_path":"/h8XcFXPsvCnTtzi8RraqKuG1llN.jpg","production_companies":[{"name":"Charter Film Productions","id":8622}],"production_countries":[{"iso_3166_1":"US","name":"United States of America"}],"release_date":"1942-12-04","revenue":0,"runtime":112,"spoken_languages":[{"iso_639_1":"en","name":"English"}],"status":"Released","tagline":"","title":"Thunder Rock","video":false,"vote_average":0.0,"vote_count":0}
