{"adult":false,"backdrop_path":null,"belongs_to_collection":null,"budget":0,"genres":[{"id":28,"name":"Action"},{"id":35,"name":"Comedy"},{"id":80,"name":"Crime"},{"id":10769,"name":"Foreign"}],"homepage":"","id":100460,"imdb_id":"tt0142179","original_language":"en","original_title":"Chokugeki jigoku-ken: Dai-gyakuten","overview":"When a priceless jewel owned by rich heiress Sabine is stolen, along with her daughter, Professional thief and hired killer Ryuichi Koga and his gang are hired to retrieve both. At a ransom exchange, the team save the girl but lose the money and the jewel. When Sabine decides to deal directly with the thieves and obtains the jewel on her own by paying the ransom, Koga, having been stiffed of his fee by Sabine, steals the jewel. Little does he know, it’s a fake. Now, Koga and the team must break into a high security bank to steal the real jewel.","popularity":0.009383,"poster_path":"/dV06EdDAYhVVlES7FoNx9CcuG8b.jpg","production_companies":[{"name":"Toei Tokyo","id":3790}],"production_countries":[{"iso_3166_1":"JP","name":"Japan"}],"release_date":"1974-12-28","revenue":0,"runtime":86,"spoken_languages":[{"iso_639_1":"ja","name":"日本語"}],"status":"Released","tagline":"","title":"The Executioner II: Karate Inferno","video":false,"vote_average":0.0,"vote_count":0}
