{"adult":false,"backdrop_path":null,"belongs_to_collection":null,"budget":0,"genres":[],"homepage":"","id":100799,"imdb_id":"tt0801819","original_language":"en","original_title":"Analog Days","overview":"Newhall, California sits about thirty miles north of Los Angeles, not quite the middle of nowhere, but not exactly a real city either. It's somewhere in between. A place where the youth work at Video Depot, go to community college, struggle with jocks and townies, and all do their best to understand politics, their careers, their love life and self-image. It's here that Jordan, Molly, Tammy, and Lloyd are about to understand that in life you don't always get what you want. Sometimes you're stuck never leaving home, never fitting in, or never really knowing who your friends are. This is their transition toward growing up and realizing that real life doesn't always end up like a movie.","popularity":0.05,"poster_path":"/m2WICxIqmSXJKMFHEY1uj08IHDX.jpg","production_companies":[],"production_countries":[],"release_date":"","revenue":0,"runtime":0,"spoken_languages":[],"status":"Released","tagline":"","title":"Analog Days","video":false,"vote_average":0.0,"vote_count":0}
