{"adult":false,"backdrop_path":"/8Xdpq691V7yjELAjsckk5pND1eh.jpg","belongs_to_collection":null,"budget":0,"genres":[],"homepage":"","id":100841,"imdb_id":"tt1789875","original_language":"en","original_title":"Overkill Wrecking Everything - An Evening in Asbury Park","overview":"Overkill give back to the community that launched them with a blistering performance.","popularity":0.000287,"poster_path":"/mqSPr1voQk76Qk4ni7padkXqpWK.jpg","production_companies":[],"production_countries":[],"release_date":"2002-09-24","revenue":0,"runtime":0,"spoken_languages":[],"status":"Released","tagline":"","title":"Overkill Wrecking Everything - An Evening in Asbury Park","video":false,"vote_average":0.0,"vote_count":0}
