{"adult":false,"backdrop_path":null,"belongs_to_collection":null,"budget":0,"genres":[],"homepage":"","id":100159,"imdb_id":"tt0058121","original_language":"en","original_title":"Fuerte perdido","overview":"Story of a group of settlers and how they had to take refuge in a fort when they were attacked by Indians, as told by the only survivor","popularity":0.000165,"poster_path":"/t26msw6vNSTUWrx7hmU0C5UefJX.jpg","production_companies":[],"production_countries":[],"release_date":"1965-05-31","revenue":0,"runtime":87,"spoken_languages":[{"iso_639_1":"es","name":"Español"}],"status":"Released","tagline":"","title":"Doomed Fort","video":false,"vote_average":0.0,"vote_count":0}
