{"adult":false,"backdrop_path":"/gVWDaOVMufQZ1PKtbwI6U79Hy0u.jpg","belongs_to_collection":null,"budget":0,"genres":[],"homepage":"http://www.hellaciousacres.com/","id":100858,"imdb_id":"tt1828194","original_language":"en","original_title":"Hellacious Acres: The Case of John Glass","overview":"John Glass, wakes up in a desolated barn from a long cryogenic slumber, to be informed that not only the planet has been devastated by a third world war, but reduced to little habitability by a subsequent alien invasion. He also learns that in order to reestablish a livable atmosphere for what's left of humanity, he'll have to go on a solitary mission to retrieve important codes dispersed in remote locations. Soon enough, he'll encounter more than he bargained for: aliens, crazy survivors, inadequate equipment, LOTS of walking and a pretty unhealthy dose of bad luck.","popularity":0.001585,"poster_path":"/dMdXZC8Ct7WrYw7lxW2J5LYnbHn.jpg","production_companies":[],"production_countries":[{"iso_3166_1":"CA","name":"Canada"}],"release_date":"2012-01-01","revenue":0,"runtime":99,"spoken_languages":[{"iso_639_1":"en","name":"English"}],"status":"Released","tagline":"","title":"Hellacious Acres: The Case of John Glass","video":false,"vote_average":1.0,"vote_count":1}
