{"adult":true,"backdrop_path":"/3XQOeBoP6xJiiId1wiN2rgaCkox.jpg","belongs_to_collection":{"id":33878,"name":"Destricted","poster_path":"/6dxfr5Vg3epYbd7v13OFKiq8unz.jpg","backdrop_path":"/aY2bItuAENr36kEKVY6BenXABdm.jpg"},"budget":0,"genres":[],"homepage":"","id":100207,"imdb_id":"","original_language":"en","original_title":"Destricted: Impaled","overview":"Segment of Destricted, an art-based film where seven directors explore modernistic views of sex, sexuality, and pornography in modern film.  Everyone who was born after 1980 grew up with easy access to pornographic videos. Many children see explicit videos at a young age. Clark interviews people between the ages of 19 and 23 and asks how seeing pornography at such a young age shaped how they think about sex.  What are their sex fantasies and how are they directly related to growing up with pornography?  This will be the background for acting out these fantasies.","popularity":0.001287,"poster_path":null,"production_companies":[],"production_countries":[],"release_date":"2006-10-01","revenue":0,"runtime":38,"spoken_languages":[],"status":"","tagline":"","title":"Destricted: Impaled","video":false,"vote_average":0.0,"vote_count":0}
