{"adult":false,"backdrop_path":null,"belongs_to_collection":null,"budget":0,"genres":[],"homepage":"","id":100385,"imdb_id":"tt0042045","original_language":"en","original_title":"The Windblown Hare","overview":"Bugs buys the homes of the three little pigs and the wolf starts blowing them down. Of course you know \"this means war.\"","popularity":0.000143,"poster_path":"/nB5LS5M5KvZgvDjQooOxbU7r2c2.jpg","production_companies":[],"production_countries":[],"release_date":"1949-08-27","revenue":0,"runtime":7,"spoken_languages":[],"status":"Released","tagline":"","title":"The Windblown Hare","video":false,"vote_average":0.0,"vote_count":0}
