{"adult":false,"backdrop_path":null,"belongs_to_collection":null,"budget":0,"genres":[{"id":18,"name":"Drama"}],"homepage":"","id":100109,"imdb_id":"","original_language":"en","original_title":"Checkmate","overview":"No overview found","popularity":0.001004,"poster_path":null,"production_companies":[],"production_countries":[],"release_date":"2010-01-01","revenue":0,"runtime":0,"spoken_languages":[],"status":"Released","tagline":"","title":"Checkmate","video":false,"vote_average":0.0,"vote_count":0}
