{"adult":false,"backdrop_path":"/wrWO3XAXbMyglpMTGglTobWnPhH.jpg","belongs_to_collection":null,"budget":0,"genres":[{"id":16,"name":"Animation"},{"id":35,"name":"Comedy"}],"homepage":"","id":100353,"imdb_id":"tt0029595","original_language":"en","original_title":"Speaking of the Weather","overview":"It's midnight at the bookstore and all the book and magazine characters are coming to life. When a bulldog from an adventure book uses a Boswell Sisters-like performance by girls in a travel magazine as a distraction to rob a bank, he is chased, caught, and sentenced to, of course \"Life\" (the magazine). But there's also a conveniently placed \"Escape\" magazine....","popularity":0.00017,"poster_path":"/n8ma3axCrQ8uWY9uZk8TJCpv45l.jpg","production_companies":[{"name":"Warner Bros. Pictures","id":174},{"name":"Leon Schlesinger Studios","id":8298}],"production_countries":[{"iso_3166_1":"US","name":"United States of America"}],"release_date":"1937-09-03","revenue":0,"runtime":7,"spoken_languages":[{"iso_639_1":"en","name":"English"}],"status":"Released","tagline":"","title":"Speaking of the Weather","video":false,"vote_average":3.8,"vote_count":3}
