{"adult":false,"backdrop_path":null,"belongs_to_collection":null,"budget":0,"genres":[],"homepage":"","id":100284,"imdb_id":"tt2086846","original_language":"en","original_title":"Black Dove","overview":"In a gripping and beautifully constructed narrative, victims and culprits of a car accident are linked by complex feelings of guilt.","popularity":0.001578,"poster_path":"/3qkUHXcFjMMYAiya4FvI2fTsM7v.jpg","production_companies":[],"production_countries":[],"release_date":"2012-01-26","revenue":0,"runtime":0,"spoken_languages":[],"status":"Released","tagline":"","title":"Black Dove","video":false,"vote_average":0.0,"vote_count":0}
