{"adult":false,"backdrop_path":"/myoXPrviTCmkFOjJhQrZgCHZNkq.jpg","belongs_to_collection":null,"budget":0,"genres":[{"id":10402,"name":"Music"}],"homepage":"","id":100149,"imdb_id":"","original_language":"en","original_title":"Rihanna – The Loud Tour at Rock in Rio","overview":"Rihanna wearing a red striped halter top and short black and white striped shorts as she belted out some of her hottest song hits, including \"Only Girl \", \"Hard\" and \"S&M.\"  During the show Rihanna said “Brazil, this is my very first time here and I’m so excited to share this moment with you.\" Before Ending the concert Rihanna said “Now Rio this is one of my favorite parts of the show. Rio, this is to you\" and drinking a glass of drink and singing \"Cheers\" before closing the show with the hit song \"Umbrella.\"","popularity":0.001434,"poster_path":"/91qvXojfGJXKaVDg6pwowP470rH.jpg","production_companies":[],"production_countries":[],"release_date":"2011-09-23","revenue":0,"runtime":78,"spoken_languages":[],"status":"Released","tagline":"","title":"Rihanna – The Loud Tour at Rock in Rio","video":false,"vote_average":0.0,"vote_count":0}
