{"adult":false,"backdrop_path":null,"belongs_to_collection":null,"budget":0,"genres":[{"id":80,"name":"Crime"},{"id":35,"name":"Comedy"}],"homepage":"","id":100181,"imdb_id":"tt0080523","original_language":"en","original_title":"Les chiens chauds","overview":"Mr. Clean (Harry Reems) is a police detective who heads a special task force of the vice squad. Clean's by-the-book attitude makes him none too popular with his underlings, so they try to fake a sex scandal that will cause him to be fired from the force.","popularity":0.000405,"poster_path":"/dgH5SYYpcuaqvxXDAllSfCRH2Oi.jpg","production_companies":[{"name":"DAL Productions","id":15989},{"name":"Rose Films","id":20464}],"production_countries":[{"iso_3166_1":"CA","name":"Canada"}],"release_date":"1980-09-26","revenue":0,"runtime":97,"spoken_languages":[{"iso_639_1":"en","name":"English"}],"status":"Released","tagline":"","title":"Hot Dogs","video":false,"vote_average":0.0,"vote_count":0}
