{"adult":false,"backdrop_path":"/iG8ZN5GnPILGvTLyGTXdJ78CIa6.jpg","belongs_to_collection":null,"budget":0,"genres":[],"homepage":"","id":100216,"imdb_id":"","original_language":"en","original_title":"Wilco: Shake It Off","overview":"Directed by Christoph Green and Fugazi drummer Brendan Canty, this concert documentary features live performance footage from the Grammy Award-winning rock band Wilco, led by singer Jeff Tweedy and bassist John Stirratt. Playing a selection of tunes from their sixth studio album, \"Sky Blue Sky,\" the band offers memorable renditions of songs like \"Impossible Germany,\" \"Shake It Off,\" \"Hate It Here\" and \"Side with the Seeds.\"","popularity":0.000576,"poster_path":"/gh5sOJi3OUlefZ55Eu8OycIOdwz.jpg","production_companies":[],"production_countries":[],"release_date":"2007-05-15","revenue":0,"runtime":49,"spoken_languages":[],"status":"Released","tagline":"","title":"Wilco: Shake It Off","video":false,"vote_average":0.0,"vote_count":0}
