{"adult":false,"backdrop_path":"/1tysszFL9iaPtW8djnRpW8YNYAO.jpg","belongs_to_collection":null,"budget":0,"genres":[{"id":18,"name":"Drama"},{"id":878,"name":"Science Fiction"}],"homepage":"","id":100414,"imdb_id":"tt0102681","original_language":"en","original_title":"Plymouth","overview":"The residents of a town displaced by an industrial accident agree to take over a failing mining base on the Moon as their new place to live and work. Their first big test comes in the form of a wave of radiation from a massive solar flare.","popularity":1e-06,"poster_path":"/3LlHQuzttrF7YkuD4zW6Q1zIZF0.jpg","production_companies":[],"production_countries":[],"release_date":"1991-05-26","revenue":0,"runtime":100,"spoken_languages":[],"status":"Released","tagline":"","title":"Plymouth","video":false,"vote_average":0.0,"vote_count":0}
