{"adult":false,"backdrop_path":null,"belongs_to_collection":null,"budget":0,"genres":[{"id":99,"name":"Documentary"},{"id":18,"name":"Drama"}],"homepage":"","id":100117,"imdb_id":"tt0140829","original_language":"en","original_title":"Bad As I Wanna Be: The Dennis Rodman Story","overview":"Biography of Chicago Bulls' basketball star Dennis Rodman, who is well known for his off-court and on-court shenanigans takes great effort to paint the calm, decent side of the athlete despite the film title. Dennis is shown to be pushed by his momma to play pro ball and to go to college where he would get the opportunity. Shipped to Oklahoma where he faces racism, he is taken in by a white family and coached by Lonn Reisman. The movie finally tracks Rodman into his wild, multi-haired current lifestyle. Written by John Sacksteder","popularity":0.000192,"poster_path":"/87qLX1BUMVZUJaVx7ngF15NEBTs.jpg","production_companies":[],"production_countries":[],"release_date":"1998-02-08","revenue":0,"runtime":120,"spoken_languages":[],"status":"Released","tagline":"","title":"Bad As I Wanna Be: The Dennis Rodman Story","video":false,"vote_average":0.0,"vote_count":0}
