{"adult":false,"backdrop_path":null,"belongs_to_collection":null,"budget":0,"genres":[],"homepage":"","id":100193,"imdb_id":"tt0094125","original_language":"en","original_title":"Terror Squad","overview":"A squad of Libyan terrorists infiltrate the city of Kokomo, Indiana, and take over a nuclear power plant. A counter-terrorist expert must stop them before they blow it up.","popularity":0.010125,"poster_path":"/brlBMrlKku4uzGhf65u8wScoWTT.jpg","production_companies":[],"production_countries":[],"release_date":"1988-04-01","revenue":0,"runtime":93,"spoken_languages":[],"status":"Released","tagline":"Qaddafi's hit men descend on Hoosier High... and detention will never be the same.","title":"Terror Squad","video":false,"vote_average":0.0,"vote_count":0}
