{"adult":false,"backdrop_path":null,"belongs_to_collection":null,"budget":0,"genres":[{"id":18,"name":"Drama"},{"id":10751,"name":"Family"}],"homepage":"","id":100437,"imdb_id":"tt1924488","original_language":"en","original_title":"Le poids du vide","overview":"As a boy floats through the air, his mother struggles to keep him near. While the pair seek liberation from the dark clouds hovering above their heads, their power struggle stems from a lack of comprehension as to what defines them: is the boy her little angel as well as the cause of her grief? Alain Fournier creates an intricate, polished suspense that points to the necessity of being at peace.","popularity":0.001434,"poster_path":"/vDYKBFiiiODtNpNKZJ4rRhDAZl2.jpg","production_companies":[],"production_countries":[{"iso_3166_1":"CA","name":"Canada"}],"release_date":"2011-09-12","revenue":0,"runtime":13,"spoken_languages":[{"iso_639_1":"fr","name":"Français"}],"status":"Released","tagline":"","title":"The Weight of Emptiness","video":false,"vote_average":0.0,"vote_count":0}
