{"adult":false,"backdrop_path":null,"belongs_to_collection":null,"budget":0,"genres":[{"id":18,"name":"Drama"},{"id":10769,"name":"Foreign"}],"homepage":"","id":100794,"imdb_id":"tt0083713","original_language":"it","original_title":"Camminacammina","overview":"Italian maestro Ermanno Olmi tells the tale of the journey of the Magi in this lyrical odyssey. The film focuses on a wise man who interprets his sighting of a comet streaking through the sky as a spiritual message. Joined by two associates, soldiers, villagers and others, the Magi sets out on a journey that tests his beliefs and strength.","popularity":0.0,"poster_path":"/lgsnDttEkORlKPr4upcYfVJnOaT.jpg","production_companies":[],"production_countries":[],"release_date":"1983-05-12","revenue":0,"runtime":171,"spoken_languages":[],"status":"Released","tagline":"","title":"Walking, Walking","video":false,"vote_average":0.0,"vote_count":0}
