{"adult":false,"backdrop_path":"/tgUWFsLyfNzYWlwjDDYWNOj86uF.jpg","belongs_to_collection":null,"budget":0,"genres":[],"homepage":"","id":100357,"imdb_id":"tt0029551","original_language":"en","original_title":"She Was an Acrobat's Daughter","overview":"An evening at the local movie theater, including a sing-along led by Maestro Stickoutski at he Mighty \"Fertilizer\" organ, a \"Goofy-Tone\" newsreel, and the feature, \"Petrified Florist,\" a spoof of 'The Petrified Forest (1936)' featuring caricatures of Bette Davis and 'Leslie Howard'.","popularity":0.000143,"poster_path":"/ii7tyFy2Kx3HbOBkiKRZOp4Sp1f.jpg","production_companies":[{"name":"Leon Schlesinger Studios","id":8298}],"production_countries":[{"iso_3166_1":"US","name":"United States of America"}],"release_date":"1937-04-09","revenue":0,"runtime":8,"spoken_languages":[{"iso_639_1":"en","name":"English"}],"status":"Released","tagline":"","title":"She Was an Acrobat's Daughter","video":false,"vote_average":5.8,"vote_count":2}
