{"adult":false,"backdrop_path":"/gshNFyJ9AMwxKoX01op5CLyjdX.jpg","belongs_to_collection":null,"budget":0,"genres":[{"id":18,"name":"Drama"},{"id":10769,"name":"Foreign"}],"homepage":"","id":100033,"imdb_id":"tt0027307","original_language":"en","original_title":"Arigatô-san","overview":"Japanese film about a friendly bus driver and his passengers over the duration of one journey through the mountains to the nearest train station.","popularity":0.000143,"poster_path":"/cV89QHuXaSwEVaO7DlALQhHPf2c.jpg","production_companies":[{"name":"Shochiku Ofuna","id":10640}],"production_countries":[{"iso_3166_1":"JP","name":"Japan"}],"release_date":"1936-01-01","revenue":0,"runtime":78,"spoken_languages":[{"iso_639_1":"ja","name":"日本語"}],"status":"Released","tagline":"","title":"Mr. Thank You","video":false,"vote_average":0.0,"vote_count":0}
