{"adult":false,"backdrop_path":"/445GDr1w9xGtxmI4ysNEvIo5jk3.jpg","belongs_to_collection":null,"budget":0,"genres":[{"id":16,"name":"Animation"},{"id":10751,"name":"Family"},{"id":35,"name":"Comedy"}],"homepage":"","id":100364,"imdb_id":"tt0040361","original_language":"en","original_title":"The Foghorn Leghorn","overview":"Little Henery the Chicken Hawk wants to prove he's big enough to hunt chickens, but he doesn't know what a chicken is. He labels Foghorn Leghorn a loud-mouthed shnook and dismisses him, prompting Foggy to indignantly try to prove he's a chicken and therefore fit to be Henery's prey.","popularity":0.000288,"poster_path":"/p4NAcP3FH5CeBuQKDUFVPsizWjL.jpg","production_companies":[{"name":"Warner Bros.","id":6194}],"production_countries":[{"iso_3166_1":"US","name":"United States of America"}],"release_date":"1948-10-09","revenue":0,"runtime":6,"spoken_languages":[{"iso_639_1":"en","name":"English"},{"iso_639_1":"fr","name":"Français"}],"status":"Released","tagline":"","title":"The Foghorn Leghorn","video":false,"vote_average":3.8,"vote_count":2}
