{"adult":false,"backdrop_path":null,"belongs_to_collection":null,"budget":0,"genres":[{"id":99,"name":"Documentary"}],"homepage":"","id":100553,"imdb_id":"tt0457441","original_language":"en","original_title":"Prostitution bag sløret","overview":"A documentary that follows two young women raising children and supporting drug habits through prostitution in Iran ruled by religious fundamentalists.","popularity":0.00043,"poster_path":"/jlAuvQOOrWpiwKVW2lPeRa0eaRz.jpg","production_companies":[],"production_countries":[],"release_date":"2004-11-18","revenue":0,"runtime":59,"spoken_languages":[],"status":"Released","tagline":"","title":"Prostitution: Behind the Veil","video":false,"vote_average":0.0,"vote_count":0}
