{"adult":false,"backdrop_path":"/a6H4p45FNrVC2mqF2QD6ydpLddx.jpg","belongs_to_collection":null,"budget":0,"genres":[{"id":10402,"name":"Music"}],"homepage":"","id":100815,"imdb_id":"","original_language":"en","original_title":"Buddy Rich Memorial Concert","overview":"Featuring Neil Peart, Chad Smith, Tommy Igoe, John Blackwell, Terry Bozzio with Efrain Toro, Nick Rich, Peter Erskine, Will Lee, and Jeff Berlin. These artists pay tribute to Buddy Rich, one of the greatest drummers of all time. With an all-star big band, they play not only Buddy classics but also their own hits. Over two hours of concert footage, plus almost two hours of rehearsal and backstage footage memorialize this historic drumming event. Special Features: Interview with Cathy Rich, rehearsal footage, pre-show and backstage. DVD produced by Neil Peart and Don Lombardi","popularity":0.0,"poster_path":"/866qAPL9LAYmOdNlam7LayNFqGk.jpg","production_companies":[],"production_countries":[],"release_date":"","revenue":0,"runtime":286,"spoken_languages":[],"status":"Released","tagline":"","title":"Buddy Rich Memorial Concert","video":false,"vote_average":0.0,"vote_count":0}
