{"adult":false,"backdrop_path":null,"belongs_to_collection":null,"budget":0,"genres":[{"id":18,"name":"Drama"},{"id":27,"name":"Horror"},{"id":53,"name":"Thriller"}],"homepage":"","id":100082,"imdb_id":"tt1589627","original_language":"en","original_title":"American Maniacs","overview":"A terrifying story of six members of an evangelical Christian group who have been abducted in rural Kansas.","popularity":0.010212,"poster_path":"/rvUnVKbZ2jjBGTK0isGJ0Nhfz74.jpg","production_companies":[],"production_countries":[],"release_date":"2012-04-24","revenue":0,"runtime":86,"spoken_languages":[{"iso_639_1":"en","name":"English"}],"status":"Released","tagline":"Not your average neighbours","title":"American Maniacs","video":false,"vote_average":2.0,"vote_count":1}
