{"adult":false,"backdrop_path":null,"belongs_to_collection":null,"budget":0,"genres":[],"homepage":"","id":100352,"imdb_id":"tt0037956","original_language":"en","original_title":"Odor-Able Kitty","overview":"A cat, tired of being abused by everyone in his neighborhood, disguises himself as a skunk and inadvertently attracts the romantic advances of a real skunk.","popularity":0.000143,"poster_path":"/jhOE5zy3YhsjU3ubws1PaWx1klZ.jpg","production_companies":[],"production_countries":[],"release_date":"1945-01-06","revenue":0,"runtime":7,"spoken_languages":[],"status":"Released","tagline":"","title":"Odor-Able Kitty","video":false,"vote_average":6.0,"vote_count":1}
