{"adult":false,"backdrop_path":"/hhgpi4rvmGSVHgMaR2WNU4WydRq.jpg","belongs_to_collection":null,"budget":0,"genres":[{"id":16,"name":"Animation"},{"id":10751,"name":"Family"}],"homepage":"","id":100356,"imdb_id":"tt0036402","original_language":"en","original_title":"Super-Rabbit","overview":"Bugs Bunny becomes a superhero who does battle with a rabbit hating cowboy and horse.","popularity":0.00015,"poster_path":"/en7B8DEFyeZWd0FDCdoYZpi8HTX.jpg","production_companies":[],"production_countries":[],"release_date":"1943-04-03","revenue":0,"runtime":8,"spoken_languages":[],"status":"Released","tagline":"","title":"Super-Rabbit","video":false,"vote_average":5.8,"vote_count":3}
