{"adult":false,"backdrop_path":"/1FD6U8i2Eh5iEHqmQPVGx30bbmz.jpg","belongs_to_collection":null,"budget":0,"genres":[{"id":27,"name":"Horror"},{"id":9648,"name":"Mystery"}],"homepage":"","id":100671,"imdb_id":"tt0065217","original_language":"en","original_title":"The Witchmaker","overview":"A psychic researcher and his assistants investigate a series of murders of beautiful young women.","popularity":0.000154,"poster_path":"/943OFYYmMeKVwwFTPNQkCQDOl81.jpg","production_companies":[{"name":"LQ/JAF","id":1814},{"name":"Las Cruces-Arrow","id":9348}],"production_countries":[{"iso_3166_1":"US","name":"United States of America"}],"release_date":"1969-05-01","revenue":0,"runtime":99,"spoken_languages":[{"iso_639_1":"en","name":"English"}],"status":"Released","tagline":"They Came To Investigate Witchcraft ... and found TERROR!","title":"The Witchmaker","video":false,"vote_average":0.0,"vote_count":0}
