{"dates":{"minimum":"2015-07-08","maximum":"2015-08-19"},"page":19,"results":[{"adult":false,"backdrop_path":null,"genre_ids":[35],"id":340401,"original_language":"de","original_title":"Kartoffelsalat – Nicht Fragen!","overview":null,"release_date":"2015-07-23","poster_path":null,"popularity":1.194155,"title":"Kartoffelsalat – Nicht Fragen!","video":false,"vote_average":10.0,"vote_count":1},{"adult":false,"backdrop_path":null,"genre_ids":[],"id":351980,"original_language":"en","original_title":"L' Ultimo film - The last movie","overview":"The last movie...","release_date":"2015-07-28","poster_path":null,"popularity":1.193223,"title":"L' Ultimo film - The last movie","video":false,"vote_average":10.0,"vote_count":1},{"adult":false,"backdrop_path":null,"genre_ids":[],"id":350840,"original_language":"en","original_title":"White People","overview":"Documentary on the concept of white privilege and how it effects white people and other cultures.","release_date":"2015-07-22","poster_path":"/qjNMTNNi2lQidvtJQv7t39f0gcY.jpg","popularity":1.193013,"title":"White People","video":false,"vote_average":6.0,"vote_count":1},{"adult":false,"backdrop_path":null,"genre_ids":[18,35],"id":351076,"original_language":"en","original_title":"I'm Not Patrick","overview":"A dark comedy about a teenager whose twin brother commits suicide.","release_date":"2015-07-21","poster_path":null,"popularity":1.189261,"title":"I'm Not Patrick","video":false,"vote_average":0.0,"vote_count":0},{"adult":false,"backdrop_path":"/4qI4LZ1CMfVrpnNC1Kmw7WGQFaw.jpg","genre_ids":[18],"id":349384,"original_language":"en","original_title":"Life in Squares","overview":"A story of the close and often fraught relationship between sisters Vanessa Bell and Virginia Woolf.","release_date":"2015-07-27","poster_path":"/iZb9m9XBfy2O8LxmL4BQPe7tpKk.jpg","popularity":0.187511,"title":"Life in Squares","video":false,"vote_average":0.0,"vote_count":0},{"adult":false,"backdrop_path":"/j3OnpUvskA7DMfBAHFUCfJ66euA.jpg","genre_ids":[35],"id":351885,"original_language":"da","original_title":"Torben Chris Jydelogik","overview":null,"release_date":"2015-07-27","poster_path":"/ciquuTmIrAgoHg6V4S2tUhoWzTc.jpg","popularity":1.186911,"title":"Torben Chris Jydelogik","video":false,"vote_average":0.0,"vote_count":0},{"adult":false,"backdrop_path":null,"genre_ids":[],"id":349198,"original_language":"en","original_title":"Chandi Veeran","overview":"Chandi Veeran","release_date":"2015-08-07","poster_path":"/997NP772cUqx4zzFwkEDKXB8rbt.jpg","popularity":0.186764,"title":"Chandi Veeran","video":false,"vote_average":0.0,"vote_count":0},{"adult":false,"backdrop_path":null,"genre_ids":[],"id":352201,"original_language":"fr","original_title":"Port-au-Prince, dimanche 4 janvier","overview":null,"release_date":"2015-07-29","poster_path":"/r1X0NmNS5nJFl8mYNyyKilsFbr2.jpg","popularity":1.183693,"title":"Port-au-Prince, dimanche 4 janvier","video":false,"vote_average":6.0,"vote_count":1},{"adult":false,"backdrop_path":null,"genre_ids":[18],"id":345257,"original_language":"fr","original_title":"Papa lumière","overview":null,"release_date":"2015-07-29","poster_path":"/qSl6h8T0jJrgNW44PLxhKZKDZjM.jpg","popularity":1.18351,"title":"Papa lumière","video":false,"vote_average":0.0,"vote_count":0},{"adult":false,"backdrop_path":null,"genre_ids":[99],"id":351247,"original_language":"en","original_title":"O Dia do Galo","overview":"Documentary the follows five fans of the Clube Atlético Mineiro, a Brazilian team that was about to play the most important match of its history: the decision of the Libertadores da América Cup.","release_date":"2015-07-23","poster_path":"/ddwinMu9YkgurKrt68TgHpnBMMT.jpg","popularity":1.182876,"title":"O Dia do Galo","video":false,"vote_average":0.0,"vote_count":0},{"adult":false,"backdrop_path":null,"genre_ids":[27],"id":348515,"original_language":"en","original_title":"Agoni","overview":"Captured by the lens of a video camera held by the blood-stained hands of impulse murderer Maxwell Edison, AGONi unveils a world in which the viewer is thrust into an abhorrent nightmare where there is no return or hope of escape.","release_date":"2015-07-11","poster_path":null,"popularity":1.178802,"title":"Agoni","video":false,"vote_average":0.0,"vote_count":0},{"adult":false,"backdrop_path":null,"genre_ids":[],"id":353462,"original_language":"en","original_title":"Tut","overview":"Explores the drama of power, political back-stabbing, war and murder and chronicles King Tut's rise to glory, his efforts to rule a chaotic empire and the enigma surrounding his death.","release_date":"2015-07-19","poster_path":"/w6Fhh55JMoBw2A2fg3MTztQpIv.jpg","popularity":1.178615,"title":"Tut","video":false,"vote_average":10.0,"vote_count":1},{"adult":false,"backdrop_path":"/iwqyfFxySWQaIGy05QPflJvtsqH.jpg","genre_ids":[53,18],"id":352275,"original_language":"en","original_title":"The Lost Boy","overview":"When Laura Harris's kidnapped son returns after eleven devastating years, what she thinks will be a dream come true turns out to be a family nightmare.","release_date":"2015-07-25","poster_path":"/irmW3gxihRz2meq6dvVEFBKP9XW.jpg","popularity":1.178226,"title":"The Lost Boy","video":false,"vote_average":5.0,"vote_count":1},{"adult":false,"backdrop_path":null,"genre_ids":[],"id":346758,"original_language":"fr","original_title":"La montagne magique","overview":null,"release_date":"2015-07-08","poster_path":null,"popularity":1.176652,"title":"The Magic Mountain","video":false,"vote_average":0.0,"vote_count":0},{"adult":false,"backdrop_path":null,"genre_ids":[53],"id":348346,"original_language":"en","original_title":"Lethal Seduction","overview":"High School senior Mark Richards has never minded his overprotective widowed mother,Tanya, and is a good son to her as he prepares to go off to Princeton in the fall. However, when he comes under the sexual spell of the rapacious, manipulative older woman Carissa Barrington, he finds himself in the middle of two strong, unreasonable women--one of whom is insane...","release_date":"2015-07-11","poster_path":"/67EWXZqcDbcEVD4uWfgJVkfjdqJ.jpg","popularity":1.174594,"title":"Lethal Seduction","video":false,"vote_average":0.0,"vote_count":0},{"adult":false,"backdrop_path":null,"genre_ids":[18,28,9648],"id":350699,"original_language":"es","original_title":"Rumble Dogs","overview":null,"release_date":"2015-07-28","poster_path":"/feDWEdHngZiXIBPXLXn09em7qfX.jpg","popularity":1.170087,"title":"Rumble Dogs","video":false,"vote_average":10.0,"vote_count":1},{"adult":false,"backdrop_path":null,"genre_ids":[],"id":352000,"original_language":"pt","original_title":"Através","overview":null,"release_date":"2015-07-28","poster_path":"/wNUxY3wKOPHr3hVHYGU3AmBX9E9.jpg","popularity":1.170033,"title":"Através","video":false,"vote_average":0.0,"vote_count":0},{"adult":false,"backdrop_path":null,"genre_ids":[],"id":352966,"original_language":"en","original_title":"The Internship Games","overview":"Six college students from different universities around the country are selected to participate in Econo Air's annual, company program to compete for an internship. Each student has dire reasons why they need to land this position that comes long with pay and free tuition. For these reasons, and others- they cannot see the craziness that's going on all around them in the company.","release_date":"2015-07-28","poster_path":"/fHA1hJrUQHJeclZMiAjJAPTMj3J.jpg","popularity":1.169459,"title":"The Internship Games","video":false,"vote_average":0.0,"vote_count":0},{"adult":false,"backdrop_path":"/sFhO0ZtJRV3K6D169Bc5j5oH266.jpg","genre_ids":[35],"id":308027,"original_language":"en","original_title":"People, Places, Things","overview":"Will Henry is a newly single graphic novelist balancing being a parent to his young twin daughters and teaching a classroom full of college students, all the while trying to navigate the rich complexities of new love and letting go of the woman who left him.","release_date":"2015-08-14","poster_path":"/ybd7mxzVZ7eojh6v5zosW3GCYC5.jpg","popularity":0.168362,"title":"People, Places, Things","video":false,"vote_average":0.0,"vote_count":0},{"adult":false,"backdrop_path":null,"genre_ids":[],"id":352178,"original_language":"en","original_title":"Don't Take My Baby","overview":"Factual drama which tells the story of a disabled couple's agonising struggle to keep their newborn baby. Based on real-life testimony, this emotional tale will call viewers' prejudices and beliefs about the disabled community and society as a whole into question, as we learn about a situation many disabled couples find themselves in as new parents. Can 21-year-old wheelchair user Anna and partially-sighted Tom provide the care and attention their daughter needs, or will social worker Belinda have to consider alternative care?","release_date":"2015-07-20","poster_path":"/ahxNm3zpimrYUtHy7uGXfXKVWg1.jpg","popularity":1.160733,"title":"Don't Take My Baby","video":false,"vote_average":0.0,"vote_count":0}],"total_pages":25,"total_results":497}
