{"dates":{"minimum":"2015-07-08","maximum":"2015-08-19"},"page":18,"results":[{"adult":false,"backdrop_path":null,"genre_ids":[27],"id":348523,"original_language":"en","original_title":"Black Mass of the Nazi Sex Wizard","overview":"Black Mass of the Nazi Sex Wizard, (AKA VG4), is the prequel to Lucifer Valentine’s Vomit Gore Trilogy. In this demonic labyrinth we experience the satanic ritual which spawns endless incarnations of Angela Aberdeen, as she is doomed to live out her haunted existence of the eternal “lost girl”.\r One dark, cold christmas night, we enter angela’s kingdom of hell, and witness her tortured mutations as we descend deeper into her satanic netherworld of the black mass of the nazi sex wizard.","release_date":"2015-07-11","poster_path":"/6YEgl5Z2r8EyZiu8v1U5CvFzvLy.jpg","popularity":1.230291,"title":"Black Mass of the Nazi Sex Wizard","video":false,"vote_average":0.0,"vote_count":0},{"adult":false,"backdrop_path":null,"genre_ids":[35],"id":353335,"original_language":"en","original_title":"99% Muhrim - Get Married 5","overview":"In its fifth installment, Mae (Nirina) decided to learn more about religion after her mother get robbed and hospitalized. She wanted to be a more religious person, but she need her husband for support, and doing the same with her.","release_date":"2015-07-30","poster_path":"/og8myl49U03ktUzk1VfW9xsQgBY.jpg","popularity":1.229643,"title":"99% Muhrim - Get Married 5","video":false,"vote_average":0.0,"vote_count":0},{"adult":false,"backdrop_path":null,"genre_ids":[],"id":346144,"original_language":"en","original_title":"Roger Waters - Amused to Death","overview":"Roger Waters - Amused to Death DVD Audio","release_date":"2015-07-25","poster_path":"/lMMRT87MtmmRqN6MsoDdlOfPMSG.jpg","popularity":1.228147,"title":"Roger Waters - Amused to Death","video":false,"vote_average":0.0,"vote_count":0},{"adult":false,"backdrop_path":null,"genre_ids":[],"id":333453,"original_language":"en","original_title":"Time Travelers 3: The Fight For Freedom","overview":"The third and final installment of the \"Time Travelers\" trilogy.","release_date":"2015-07-25","poster_path":"/1NlE2skuXLkZRN8Q7aHfi1nXlVf.jpg","popularity":0.22737,"title":"Time Travelers 3: The Fight For Freedom","video":false,"vote_average":0.0,"vote_count":0},{"adult":false,"backdrop_path":"/gty3AATpTfplEfbUwYFCXnJ3D7F.jpg","genre_ids":[53,10769],"id":351147,"original_language":"en","original_title":"Ahalya","overview":"Ahalya, set as a modern-day thriller, is an ode to a legend from Ramayana. The 14-minute-long film replays the deadly game of Gods, spinning a web of intrigue, seduction, desire and mystery between Gods and Apsaras. Ahalya is a deadly game you can’t escape.","release_date":"2015-07-21","poster_path":"/j9sEWZsbAsRepOBTm35f2M1qa3V.jpg","popularity":1.226978,"title":"Ahalya","video":false,"vote_average":0.0,"vote_count":0},{"adult":false,"backdrop_path":null,"genre_ids":[],"id":352028,"original_language":"en","original_title":"All Day/I Feel Like That","overview":"Shot by artist and filmmaker Steve McQueen, the video for Kanye West’s songs “All Day/I Feel Like That” plays upon the relationship between the camera and the subject. As in a meeting between the bull and the matador, it remains unclear who chases whom within the arena. The roles of pursuer and pursued are at times inverted. Shot in a single 9-minute take with natural lighting and minimal context, McQueen accentuates the immediacy and intensity of the performer up close. Every movement of West is seen; every breath felt. It becomes apparent how the song itself fuels West’s performance, from the bravado in “All Day,” to the vulnerability of “I Feel Like That.”","release_date":"2015-07-25","poster_path":"/b4tQVmDFVwhSaudXYwcMXPNz0zc.jpg","popularity":0.226675,"title":"All Day/I Feel Like That","video":false,"vote_average":0.0,"vote_count":0},{"adult":false,"backdrop_path":null,"genre_ids":[],"id":350382,"original_language":"en","original_title":"Scratch","overview":"SCRATCH is a musical drama that follows Angelot, a young Haitian immigrant who, along with his parents and brother Frantz, arrives in Montreal during the ’90s. Frantz quickly got involved in gang-related crime while the father, Saurel, diligently drove a taxi and lived a life of dignity. Years later, Angelot is now the proud leader of the hip hop act Lights and Shadows. He’s taken over his brother’s enterprise while Frantz is in jail, using the illicit gains to finance the recording of their first studio album. One night, following a concert and what initially looks like a random barroom altercation, Angelot falls into a deep coma, during which occurs a flashback through time, detailing the roots of his derailment.","release_date":"2015-07-30","poster_path":"/328eDit7XqNLk6oqqYdPgHguiRx.jpg","popularity":1.224535,"title":"Scratch","video":false,"vote_average":0.0,"vote_count":0},{"adult":false,"backdrop_path":"/5yOZI5LGNDzeoPPtuu68XPMr73b.jpg","genre_ids":[10749,18],"id":349006,"original_language":"ur","original_title":"Bin Roye","overview":"An ambitious girl seeks out her destiny and true love , when tables start to take a turn she meets a man who gives her a completely new perspective to life and love.","release_date":"2015-07-18","poster_path":"/1MbFyVIPDuoDTkEeKXvz94pzmBQ.jpg","popularity":1.220789,"title":"Bin Roye","video":false,"vote_average":3.3,"vote_count":2},{"adult":false,"backdrop_path":"/kFXYswK0TY9jio8oFTT5dS1loDF.jpg","genre_ids":[],"id":253302,"original_language":"en","original_title":"Big Significant Things","overview":"A week before they move across the country together, Craig lies to his girlfriend in order to go on his first road trip - to the south. Alone.","release_date":"2015-07-24","poster_path":"/j9ix8t6mL3yzc0Gn2t7CWNmGgAj.jpg","popularity":0.218537,"title":"Big Significant Things","video":false,"vote_average":5.8,"vote_count":3},{"adult":false,"backdrop_path":null,"genre_ids":[53,28,878],"id":349135,"original_language":"en","original_title":"Roboshark","overview":"A great white bites a UFO aircraft in the Pacific and turns into a robo/shark hybrid.","release_date":"2015-07-18","poster_path":"/dCwtYuNfjresvic2NB4LTIKP0KA.jpg","popularity":1.21353,"title":"Roboshark","video":false,"vote_average":0.5,"vote_count":1},{"adult":false,"backdrop_path":null,"genre_ids":[],"id":339822,"original_language":"en","original_title":"Iron Lane","overview":"Jack Carver used to have money, lots of it. Now he is broke and renting a shed in a poor part of town.","release_date":"2015-07-25","poster_path":"/moTD2WlheVDNsL2gVcSgD2Howog.jpg","popularity":1.213124,"title":"Iron Lane","video":false,"vote_average":0.0,"vote_count":0},{"adult":false,"backdrop_path":"/5uPUp8E84bxbuOGyqG2Rr4nLwWs.jpg","genre_ids":[99],"id":349086,"original_language":"en","original_title":"Bitcoin: The End of Money as We Know It","overview":"A documentary exploring how money and the trading of value has evolved, culminating in Bitcoin.","release_date":"2015-07-18","poster_path":"/vOvOSqKu3e7WblaNb3C9Ft3hK3E.jpg","popularity":1.21026,"title":"Bitcoin: The End of Money as We Know It","video":false,"vote_average":7.5,"vote_count":2},{"adult":false,"backdrop_path":null,"genre_ids":[],"id":352258,"original_language":"en","original_title":"The Kliq Rules","overview":"THE BAND IS BACK TOGETHER AGAIN! Join Shawn Michaels, Kevin Nash, Scott Hall, X-Pac and Triple H as they reunite The KLIQ, the most notorious backstage group in all of sports entertainment. Get an inside look into their formation, the infamous \"Curtain Call\" incident, and how The KLIQ divided and conquered to single-handedly change the face of both WWE and WCW during The Monday Night War. In this never-before-seen special, get all the stories, the backstage antics, all the controversy and find out why THE KLIQ RULES!","release_date":"2015-07-28","poster_path":"/eVw0R2AAw3SsQI41jLHtUjgNhGs.jpg","popularity":0.207969,"title":"The Kliq Rules","video":false,"vote_average":0.0,"vote_count":0},{"adult":false,"backdrop_path":null,"genre_ids":[],"id":352196,"original_language":"en","original_title":"Abluka","overview":"Venice Film Festival 2015 (Competition)","release_date":"2015-07-29","poster_path":null,"popularity":0.207047,"title":"Frenzy","video":false,"vote_average":0.0,"vote_count":0},{"adult":false,"backdrop_path":null,"genre_ids":[],"id":352156,"original_language":"en","original_title":"Looking for Grace","overview":"When Grace runs away from home, she and her family have no idea that life as they know it is gone for good.","release_date":"2015-07-29","poster_path":null,"popularity":1.206608,"title":"Looking for Grace","video":false,"vote_average":0.0,"vote_count":0},{"adult":false,"backdrop_path":null,"genre_ids":[],"id":352202,"original_language":"en","original_title":"Behemot","overview":"Venice Film Festival 2015 (Competition)","release_date":"2015-07-29","poster_path":null,"popularity":1.205413,"title":"Behemot","video":false,"vote_average":0.0,"vote_count":0},{"adult":false,"backdrop_path":"/rzJqPfPfTjtF7Zud0zigdC9GX8a.jpg","genre_ids":[],"id":352115,"original_language":"en","original_title":"Aavi Kumar","overview":"Aavi Kumar, a medium, gets into a tangle after he tells a sceptical cop he has charged the wrong man for a murder.","release_date":"2015-07-24","poster_path":null,"popularity":0.204807,"title":"Aavi Kumar","video":false,"vote_average":3.0,"vote_count":1},{"adult":false,"backdrop_path":null,"genre_ids":[],"id":347823,"original_language":"en","original_title":"Another Country","overview":"In this documentary companion to CHARLIE'S COUNTRY, Australian actor David Gulpilil tells the story of when his people's way of life was derailed by ours.","release_date":"2015-07-29","poster_path":"/zRLLzFUSCn6TjGAow0vFfVggooq.jpg","popularity":1.203951,"title":"Another Country","video":false,"vote_average":0.0,"vote_count":0},{"adult":false,"backdrop_path":null,"genre_ids":[],"id":352200,"original_language":"en","original_title":"Rabin, the Last Day","overview":"Venice Film Festival 2015 (Competition)","release_date":"2015-07-29","poster_path":null,"popularity":1.202547,"title":"Rabin, the Last Day","video":false,"vote_average":0.0,"vote_count":0},{"adult":false,"backdrop_path":"/frIHV8Ki0Tyst8QwQrSUzLcTQDw.jpg","genre_ids":[],"id":345137,"original_language":"en","original_title":"The Sadness of the Trees","overview":"Two separate, yet poetically connected films that act as a threnody on nature; with the trees as silent observers to Man's insidious desolation. Mikel Guillen's film is dedicated to the artist, Hiroshi Sugimoto. Scott Barley's film is dedicated to the artist, Vija Celmins.","release_date":"2015-07-29","poster_path":"/8J9e2y52lRqjJ89Wxi7GYmEV6s9.jpg","popularity":1.200304,"title":"The Sadness of the Trees","video":false,"vote_average":10.0,"vote_count":1}],"total_pages":25,"total_results":497}
