{"dates":{"minimum":"2015-07-08","maximum":"2015-08-19"},"page":13,"results":[{"adult":false,"backdrop_path":null,"genre_ids":[],"id":336197,"original_language":"en","original_title":"Amnesia","overview":"Schroeder returns with this cross-generational relationship drama set against Europe’s electronic music scene.","release_date":"2015-08-19","poster_path":"/c0GvJb0CH2VbKou72KuXAu35EIB.jpg","popularity":0.3906,"title":"Amnesia","video":false,"vote_average":0.0,"vote_count":0},{"adult":false,"backdrop_path":"/iSznQ1jAae59YRGXH12ZWO7VEIE.jpg","genre_ids":[],"id":342560,"original_language":"en","original_title":"UFC 189: Mendes vs. McGregor","overview":"The event was expected to be headlined by a 145 lbs UFC Featherweight Championship bout between current champion José Aldo and top contender Conor McGregor.  Aldo pulled out of the bout and a interim championship bout between Chad Mendes and McGregor took place at this event.  The UFC received official medical confirmation from several doctors that Aldo did not have a broken rib as he claimed and the biggest problem was the weight cutting process being complicated by the injury. This was confirmed when a release of an Xray tied to an old injury was released by Aldo's camp.  The co-main event featured a 170 lbs UFC Welterweight Championship bout between current champion Robbie Lawler and top contender Rory MacDonald.  145 lbs: Dennis Bermudez vs. Jeremy Stephens | 170 lbs: Gunnar Nelson vs. Brandon Thatch | 135 lbs.: Thomas Almeida vs. Brad Pickett","release_date":"2015-07-11","poster_path":"/nxTaVjJ8mlU8QskCZqoZaWeUK21.jpg","popularity":1.386601,"title":"UFC 189: Mendes vs. McGregor","video":false,"vote_average":6.5,"vote_count":3},{"adult":false,"backdrop_path":null,"genre_ids":[],"id":316246,"original_language":"en","original_title":"The Messenger","overview":"The Messenger is the story of Jack’s last melt down: a story of frustration and guilt, love and betrayal, family and blame. Unwillingly becoming embroiled in the unfinished business of Mark, a journalist brutally murdered in the local park and his television presenter wife, Sarah, to whom he’s desperate to say one last goodbye, Jack finds himself getting closer to Sarah, obsessed with passing on Mark’s message. Discovering hidden secrets and lies finally pushes the fragile Jack over the edge but there is hope when his estranged sister, Emma, gets in touch. Jack starts to remember the past they shared together and as the memories come flooding back, he confronts the truth about the death of his father.","release_date":"2015-07-16","poster_path":"/j4hLOK2yzX9zZR6Xq1ptnvtz8hM.jpg","popularity":0.383077,"title":"The Messenger","video":false,"vote_average":0.0,"vote_count":0},{"adult":false,"backdrop_path":null,"genre_ids":[],"id":340176,"original_language":"en","original_title":"リアル鬼ごっこ","overview":"Female highs school students, including Mitsuko (Reina Triendl), Keiko (Mariko Shinoda) and Izumi (Erina Mano), become the targets of ghosts with various appearances including a groom with a pig's face and female teacher with a machine gun.","release_date":"2015-07-11","poster_path":"/7U8JN6OUrXfaGitmj3KSjHYRzx3.jpg","popularity":0.380792,"title":"Tag","video":false,"vote_average":0.0,"vote_count":0},{"adult":false,"backdrop_path":null,"genre_ids":[878,35],"id":344089,"original_language":"en","original_title":"Moon Dust","overview":"Moon Dust is a comedy about a semi-abandoned lunar resort that lost its tourists to Mars, the new trendy destination for spatial vacations. With its incredible aesthetics, an extraordinary chromatic palette, and unusual humour, the film turns the unique painterly sensibility of its author into a completely new approach to the imaginary of science-fiction.","release_date":"2015-07-10","poster_path":"/jt3GdSwGDeGLQvyeQwnxTYPq8Di.jpg","popularity":1.376988,"title":"Moon Dust","video":false,"vote_average":0.0,"vote_count":0},{"adult":false,"backdrop_path":null,"genre_ids":[99],"id":345728,"original_language":"en","original_title":"The Price of Peace","overview":"Kim Webby’s background in investigative journalism is put to riveting use in this documentary about Tame Iti and the Urewera Four, taking a criminal case of national interest to explore a greater social issue.","release_date":"2015-07-19","poster_path":null,"popularity":1.371839,"title":"The Price of Peace","video":false,"vote_average":0.0,"vote_count":0},{"adult":false,"backdrop_path":null,"genre_ids":[35],"id":346239,"original_language":"de","original_title":"Heil","overview":"An African-German Author loses his memory and is used by a modern National Socialist Party as promotion-figure for more political power over Germany.","release_date":"2015-07-16","poster_path":"/sloPsVmNWowC2izgzj5pEZoJTwU.jpg","popularity":1.371161,"title":"Heil","video":false,"vote_average":0.0,"vote_count":0},{"adult":false,"backdrop_path":"/w5A9kYBqTKxH1iacCwJwql7lvoL.jpg","genre_ids":[35,18,10749],"id":287501,"original_language":"en","original_title":"Meet Me in Montenegro","overview":"A comedy centered on a failed American writer who enters into an affair after a chance encounter with a European dancer.","release_date":"2015-07-10","poster_path":"/1f9n0UzLyOibE1iCj2QjEBSMfHv.jpg","popularity":0.369295,"title":"Meet Me in Montenegro","video":false,"vote_average":0.0,"vote_count":0},{"adult":false,"backdrop_path":"/cJXz6RGErZMhGQhCWLPbOsgNJQ9.jpg","genre_ids":[99],"id":288301,"original_language":"en","original_title":"Do I Sound Gay?","overview":"Is there such a thing as a \"gay voice\"? Why do some people sound gay but not others? Why is sounding gay beloved in pop culture, from Liberace to Modern Family, but also a trigger for bullying and harassment? The feature documentary  Do I Sound Gay?","release_date":"2015-07-10","poster_path":"/69HbIFXxzuDWuLU88xmC2Lg9R8k.jpg","popularity":1.368286,"title":"Do I Sound Gay?","video":false,"vote_average":6.0,"vote_count":1},{"adult":false,"backdrop_path":null,"genre_ids":[35,18],"id":348796,"original_language":"is","original_title":"Webcam","overview":"A college student begins working as a cam girl, with support from her best friend.","release_date":"2015-07-13","poster_path":"/kk6y20rEERPMWOBQal172re7pWL.jpg","popularity":0.367385,"title":"Webcam","video":false,"vote_average":0.0,"vote_count":0},{"adult":false,"backdrop_path":null,"genre_ids":[27],"id":353599,"original_language":"en","original_title":"The Lake on Clinton Road","overview":"When six friends from Massachusetts travel to the jersey shore, they end up on Clinton road at a house on a lake. They're not alone, one by one they disappear, who will survive.","release_date":"2015-07-17","poster_path":"/sqwLp4R41u5y9pmeinHu8QTrcHw.jpg","popularity":1.366841,"title":"The Lake on Clinton Road","video":false,"vote_average":3.0,"vote_count":1},{"adult":false,"backdrop_path":null,"genre_ids":[18,80],"id":348534,"original_language":"en","original_title":"Forgive Me Father","overview":"A man confesses to a crime he committed as a adolescent.","release_date":"2015-07-13","poster_path":"/qwKucx9fXAt93TtJku5OGk9I2Zz.jpg","popularity":1.366623,"title":"Forgive Me Father","video":false,"vote_average":0.0,"vote_count":0},{"adult":false,"backdrop_path":null,"genre_ids":[],"id":326097,"original_language":"en","original_title":"Kurt Dirt: The Duke of Puke","overview":"Infamous Musician and performance artist Kurt Dirt goes on a quest to dig up the corpse of Mary Whitehouse and Resurrect her to show her there is good in bad taste","release_date":"2015-08-19","poster_path":"/gNwev6GlsbBAayGnOB1rzFM70Fh.jpg","popularity":1.363984,"title":"Kurt Dirt: The Duke of Puke","video":false,"vote_average":0.0,"vote_count":0},{"adult":false,"backdrop_path":null,"genre_ids":[],"id":339894,"original_language":"de","original_title":"Der Bau","overview":"KAFKA'S THE BURROW tells the story of a man's \"metamorphosis\" (as Kafka would put it) in a rapidly changing and increasingly isolated world. A man (Axel Prahl), who has seemingly achieved everything, ensconces himself in his burrow, a fortress-like apartment complex. But no matter how hard he tries to keep the outside world at a distance, he gets more and more entangled in his own web of fear and paranoia: those outside know he is there, they want him, they want his wealth, and they are inevitably going to get him ...","release_date":"2015-07-09","poster_path":"/mbgCCAfcayFLq46V8OCxB5gBhZ3.jpg","popularity":0.362833,"title":"The Burrow","video":false,"vote_average":0.0,"vote_count":0},{"adult":false,"backdrop_path":null,"genre_ids":[99],"id":345719,"original_language":"en","original_title":"Crossing Rachmaninoff","overview":"A winning portrait of Italian-born Auckland concert pianist Flavio Villani as he returns like the prodigal son to Italy for his concert debut, scaling one of the summits of the Romantic repertoire.","release_date":"2015-07-18","poster_path":"/U0rEE4gE29RgenOfqlb591rIDu.jpg","popularity":1.359417,"title":"Crossing Rachmaninoff","video":false,"vote_average":0.0,"vote_count":0},{"adult":false,"backdrop_path":"/kvYViX6IpQH6RFHqD8ZuyfhetgQ.jpg","genre_ids":[99],"id":345720,"original_language":"en","original_title":"Ever the Land","overview":"A documentary that explores the sublime bond between people and their land through a landmark architectural undertaking by one of New Zealand's most passionately independent Maori tribes, Ngai Tuhoe.","release_date":"2015-07-18","poster_path":"/xihLI0ST9EpdorpD3AWWvdogB3u.jpg","popularity":1.35941,"title":"Ever the Land","video":false,"vote_average":0.0,"vote_count":0},{"adult":false,"backdrop_path":null,"genre_ids":[99,18],"id":352366,"original_language":"en","original_title":"Routine","overview":"What does it mean to be living? This experimental short briefly explores the daily routines that humans, animals and machines go through daily, to better understand the difference between living and non-living.","release_date":"2015-08-02","poster_path":"/xwuvESkXm8BwTeIQdhZiB51j1Y3.jpg","popularity":0.356559,"title":"Routine","video":false,"vote_average":0.0,"vote_count":0},{"adult":false,"backdrop_path":"/x9PGSn2fx3tWssOKv4F7jHMgWU0.jpg","genre_ids":[35],"id":327915,"original_language":"en","original_title":"Sakalakala Vallavan","overview":"Appa Takkaru is an upcoming Tamil action comedy film written and directed by Suraj. The film features Jayam Ravi, Trisha, and Anjali in the leading roles, this is going to be Trisha's 50th movie as well, in which Trisha to act with Jayam Ravi for the third time, while S. Thaman composes the film's music. The film will be released in early 2015.","release_date":"2015-07-31","poster_path":"/kgVOYTlNzr2ZDeBYjzyKmRuFuB4.jpg","popularity":0.352657,"title":"Sakalakala Vallavan","video":false,"vote_average":0.0,"vote_count":0},{"adult":false,"backdrop_path":null,"genre_ids":[99],"id":345717,"original_language":"en","original_title":"Act of Kindness","overview":"Charting the ripple effects of real compassion, this inspiring true story follows a spirited young New Zealander’s search for the Rwandan samaritan who assisted him through a dangerous predicament over ten years before.","release_date":"2015-07-31","poster_path":null,"popularity":1.350293,"title":"Act of Kindness","video":false,"vote_average":0.0,"vote_count":0},{"adult":false,"backdrop_path":null,"genre_ids":[],"id":347875,"original_language":"en","original_title":"Aún hay tiempo","overview":"Ángel goes to the supermarket with a clear goal: to win back his ex. It gets complicated when he finds himself trapped in time loops.","release_date":"2015-07-08","poster_path":null,"popularity":1.345766,"title":"Aún hay tiempo","video":false,"vote_average":0.0,"vote_count":0}],"total_pages":25,"total_results":497}
