{"dates":{"minimum":"2015-07-08","maximum":"2015-08-19"},"page":17,"results":[{"adult":false,"backdrop_path":null,"genre_ids":[99],"id":352234,"original_language":"en","original_title":"Brave in the Attempt","overview":"The oath that athletes take at the Special Olympics is “Let me win. But if I cannot win, let me be brave in the attempt.” This ethos has come to embody the movement started by the late Eunice Kennedy Shriver in 1962 with a summer camp in her Maryland backyard. Now, the Special Olympics is made up of more than 4.5 million athletes from all parts of the globe. Fritz Mitchell’s exploration into Shriver’s mission and relentless drive shows how this world-changing social-action initiative was born.","release_date":"2015-07-28","poster_path":null,"popularity":1.25738,"title":"Brave in the Attempt","video":false,"vote_average":0.0,"vote_count":0},{"adult":false,"backdrop_path":null,"genre_ids":[],"id":352161,"original_language":"en","original_title":"El Clan","overview":"Venice Film Festival 2015 (Competition)","release_date":"2015-07-29","poster_path":null,"popularity":0.253897,"title":"The Clan","video":false,"vote_average":0.0,"vote_count":0},{"adult":false,"backdrop_path":null,"genre_ids":[99],"id":322745,"original_language":"en","original_title":"Counting","overview":"An associative collection of visual impressions across fifteen chapters: a seagull in Porto, political posters in New York, an abstract painting in St. Petersburg, an abandoned video shop in Cairo and cats everywhere you look.","release_date":"2015-07-31","poster_path":"/cveLz1UCQJWjZ8ubphkOdV0GZeh.jpg","popularity":1.253449,"title":"Counting","video":false,"vote_average":0.0,"vote_count":0},{"adult":false,"backdrop_path":null,"genre_ids":[],"id":349127,"original_language":"en","original_title":"Mudditchgirl91","overview":"Alex Kazemi directs an unsettling, very internet short that is a fragmented picture of the shit kids do on, and because of, the internet.","release_date":"2015-07-17","poster_path":"/tZKqJg6uhWSQbX7xnx4KPDeCTW9.jpg","popularity":1.253325,"title":"Mudditchgirl91","video":false,"vote_average":0.0,"vote_count":0},{"adult":false,"backdrop_path":"/3VE6jO7qegL1z0VDeKyrvV0d2CK.jpg","genre_ids":[18,53],"id":345820,"original_language":"en","original_title":"Frank the Bastard","overview":"A young woman returns to her birthplace after her father's death and unearths distant memories and long-buried secrets that change everything she thought she knew about her family, past and herself.","release_date":"2015-07-28","poster_path":"/oXo3j31reTTPrJDWXVFDKKUwkiM.jpg","popularity":0.253237,"title":"Frank the Bastard","video":false,"vote_average":0.0,"vote_count":0},{"adult":false,"backdrop_path":null,"genre_ids":[18,27,9648,53,10769],"id":351319,"original_language":"en","original_title":"Chain Mail","overview":"A usual chain mail is forwarded to a group of people. Some pass it while others ignore. One dies and is followed by series of sudden and unexplainable deaths of others. Soon after, a revelation begins to unfold, the chain mail is cursed and so she has to find the origin and mystery behind to stop the misfortunes it may cause to anyone who fails to pass it before another life perish again. Sandra also suspects Anne is behind the tragic incidents that happened to their friends. Will she break the curse before it's too late or will she become one of the victims?","release_date":"2015-07-22","poster_path":"/b2pJq1gOi4rgLkvYLd1mAgfT2cV.jpg","popularity":0.251957,"title":"Chain Mail","video":false,"vote_average":0.0,"vote_count":0},{"adult":false,"backdrop_path":null,"genre_ids":[35,27,10749],"id":348929,"original_language":"en","original_title":"You're Killing Me","overview":"Joe just told his boyfriend, George, that he is a serial killer. George thinks that his boyfriend, Joe, is hilarious... and he just saw Patricia Arquette at Target!!! In the horror/comedy hybrid, 'You're Killing Me', we take a look at the life and death consequences of dating in the age of incessant chatter. Joe and George meet just as Joe is coming out to himself as someone who loves to kill. George, on the other hand, can't decide which wig to wear for his next YouTube video. As George's friends start disappearing, one by one, he must face the undeniable fact that Gretchen might not be coming back with crushed ice for his party #YouDontNeedIceForChardonnay.","release_date":"2015-07-15","poster_path":"/GRHXYX2FaZDeHtyc4q2bUZE7h7.jpg","popularity":0.248814,"title":"You're Killing Me","video":false,"vote_average":0.0,"vote_count":0},{"adult":false,"backdrop_path":"/f20xUByopKGaEat1kr2YkRRbkoT.jpg","genre_ids":[28,18,53],"id":348955,"original_language":"en","original_title":"H8RZ","overview":"In the aftermath of a mysterious High School 'incident', The school's attorney questions the only witness, a student, in hopes of protecting the school from any lawsuits. But as this student weaves his tale, it becomes clear that there is much more to this story than meets the eye. H8RZ has the intrigue of a crime thriller, while cleverly dealing with issues of H8RZ bullying, school corruption, and the darker side of teen interactions.","release_date":"2015-07-17","poster_path":"/xgpcMQouyYz2yplSEYdQM5zr5sg.jpg","popularity":1.248509,"title":"H8RZ","video":false,"vote_average":4.5,"vote_count":1},{"adult":false,"backdrop_path":null,"genre_ids":[35,18],"id":351482,"original_language":"en","original_title":"Game Changers","overview":"Brian and Scott are two life long friends, their identity and value has always been tied to their notoriety as professional gamers. Now in their late 20's and working together at an IT company, they begin to feel the responsibilities of adulthood sinking in. Brian will do anything in his power to reclaim his status as a pro gamer. Scott doesn't identify with the pro gaming circuit like he used to. He's also conflicted over the stability of his job and the prospect of being single for the rest of his life.","release_date":"2015-07-25","poster_path":"/jdXr58dKjZq8O7qhcFBLmhc9p5u.jpg","popularity":1.248451,"title":"Game Changers","video":false,"vote_average":0.0,"vote_count":0},{"adult":false,"backdrop_path":null,"genre_ids":[27],"id":349849,"original_language":"en","original_title":"Kruel","overview":"'Kruel' - is a horror/thriller feature length movie about a psychotic killer who masquerades as an ice cream man in order to get closer to the objects of his affection.","release_date":"2015-07-20","poster_path":"/tgNGoXF6HaxQq4PFftzo3ENwwQZ.jpg","popularity":1.247716,"title":"Kruel","video":false,"vote_average":0.0,"vote_count":0},{"adult":false,"backdrop_path":null,"genre_ids":[18],"id":354034,"original_language":"en","original_title":"Stolen Daughter","overview":"A female police detective returns to work after suffering PTSD from a previous case, only to have her teenage daughter kidnapped by an emotionally disturbed parolee.","release_date":"2015-07-26","poster_path":"/3UNJp0wr3pwGgIwilnuhI52oN00.jpg","popularity":1.2472,"title":"Stolen Daughter","video":false,"vote_average":0.0,"vote_count":0},{"adult":false,"backdrop_path":null,"genre_ids":[],"id":351986,"original_language":"en","original_title":"Accidental Obsession","overview":"A lawyer is riding high after putting a notorious swindler behind bars, but has to look over her shoulder when a woman she meets in a traffic accident is not all she appears to be.","release_date":"2015-07-12","poster_path":"/qm2izEKGWrS8ehsFhm6tlwwhOpY.jpg","popularity":1.244155,"title":"Accidental Obsession","video":false,"vote_average":0.0,"vote_count":0},{"adult":false,"backdrop_path":"/9oJlpxcg4kI494NlvQWBVPhI1pD.jpg","genre_ids":[18,10770],"id":347920,"original_language":"en","original_title":"The Outcast","overview":"Set in post-war Britain, ten year-old Lewis Aldridge is grief-stricken as he struggles to cope with the death of his beloved mother. Left under the care of his emotionally distant father Gilbert, whom he barely knows and who quickly remarries, Lewis is forced to bury his feelings.","release_date":"2015-07-12","poster_path":"/cqC5afuEyu1aHQ85FDUIrlnhrum.jpg","popularity":0.243053,"title":"The Outcast","video":false,"vote_average":0.0,"vote_count":0},{"adult":false,"backdrop_path":null,"genre_ids":[],"id":347909,"original_language":"en","original_title":"Juliet","overview":"Bored with the routine? Depressed by the thought of going to bed alone every night? Juliet is the first super-competent companion robot, and she's waiting for you!","release_date":"2015-07-08","poster_path":null,"popularity":1.241677,"title":"Juliet","video":false,"vote_average":0.0,"vote_count":0},{"adult":false,"backdrop_path":null,"genre_ids":[],"id":347911,"original_language":"en","original_title":"Polaroid","overview":"Two friends are playing with an old Polaroid camera they found in the closet.","release_date":"2015-07-08","poster_path":null,"popularity":1.240734,"title":"Polaroid","video":false,"vote_average":0.0,"vote_count":0},{"adult":false,"backdrop_path":null,"genre_ids":[],"id":350497,"original_language":"en","original_title":"1965","overview":"A dramatic thriller that tells the engaging and touching stories of immigrants and natives during the time leading up to the independence of Singapore. The protagonists were a part of history in the making; they become the pioneer generation who live to see beyond the prejudice and fear of racial hatred and ultimately face the challenge of nation building - a mirror reflecting the fragility of racial harmony in our world today.","release_date":"2015-07-30","poster_path":null,"popularity":1.239654,"title":"1965","video":false,"vote_average":0.0,"vote_count":0},{"adult":false,"backdrop_path":null,"genre_ids":[10402,18],"id":352964,"original_language":"en","original_title":"Fist in the Midst of a Twist","overview":"A man named Fist is feeling down and really wants to get out with his friends and start dancing.  Along the way sad, unreal, but inspirational things happen. How will Fist be affected?","release_date":"2015-07-31","poster_path":"/lO0PGrMnrHIkIgrn7CbH0SgS66u.jpg","popularity":1.237545,"title":"Fist in the Midst of a Twist","video":false,"vote_average":10.0,"vote_count":1},{"adult":false,"backdrop_path":"/iu0OFV5UkNWTRHmXswkTXd8nVZo.jpg","genre_ids":[],"id":330415,"original_language":"en","original_title":"Idhu Enna Maayam","overview":"Idhu Enna Maayam in an upcoming Indian Tamil movie","release_date":"2015-07-31","poster_path":"/iUCwLlEzHSq5qKIvvhQkr99j51K.jpg","popularity":1.237341,"title":"Idhu Enna Maayam","video":false,"vote_average":0.0,"vote_count":0},{"adult":false,"backdrop_path":null,"genre_ids":[16],"id":354109,"original_language":"en","original_title":"Null Statue","overview":"Temporary abstract statues become momentarely alive only in time, not space. Crude oil is thrown against invisible objects and the camera rotates around the splash.","release_date":"2015-08-03","poster_path":null,"popularity":1.2327,"title":"Null Statue","video":false,"vote_average":0.0,"vote_count":0},{"adult":false,"backdrop_path":null,"genre_ids":[],"id":350837,"original_language":"en","original_title":"Antisocial 2","overview":"Years after having her newborn child stolen from her, Sam searches a world infested with infected users from the Social Redroom website. After befriending a young girl named Bean, Sam is captured and locked in a facility dedicated to finding a cure for the Redroom Virus. Trapped and tortured, Sam tries to escape the facility before an impending update on the Redroom site hits 100% and unleashes its final phase of the attack.","release_date":"2015-07-30","poster_path":null,"popularity":1.230857,"title":"Antisocial 2","video":false,"vote_average":0.0,"vote_count":0}],"total_pages":25,"total_results":497}
