{"dates":{"minimum":"2015-07-08","maximum":"2015-08-19"},"page":10,"results":[{"adult":false,"backdrop_path":null,"genre_ids":[],"id":353394,"original_language":"en","original_title":"Fugue","overview":"The movement of light beams from long-exposure photography is informed by bio-mechanics and 1920s motion studies in this mesmerising exploration of movement, sound and image.","release_date":"2015-08-06","poster_path":"/m1cbenIckW2nmfcE9dA6NXDyvzi.jpg","popularity":1.54345,"title":"Fugue","video":false,"vote_average":0.0,"vote_count":0},{"adult":false,"backdrop_path":null,"genre_ids":[12,28],"id":350843,"original_language":"en","original_title":"Ninja the Monster","overview":"A tale of feudal 18th century Japan involving a ninja, a princess, and a monster.","release_date":"2015-08-02","poster_path":null,"popularity":1.533496,"title":"Ninja the Monster","video":false,"vote_average":0.0,"vote_count":0},{"adult":false,"backdrop_path":null,"genre_ids":[18],"id":353563,"original_language":"es","original_title":"Tan frágil Como un Segundo","overview":null,"release_date":"2015-08-06","poster_path":"/aTBjFvZ15hpblppwmbiNkzS1CoP.jpg","popularity":0.531069,"title":"Tan frágil Como un Segundo","video":false,"vote_average":0.0,"vote_count":0},{"adult":false,"backdrop_path":"/nyhpzbHJV8KpeRDpMqiy7thQQGN.jpg","genre_ids":[35,18],"id":306197,"original_language":"en","original_title":"Unexpected","overview":"An inner-city high school teacher discovers she is pregnant at the same time as one of her most promising students and the two develop an unlikely friendship while struggling to navigate their unexpected pregnancies.","release_date":"2015-07-24","poster_path":"/5qVkzDEqvFso55Uq2sn3C8DYazg.jpg","popularity":0.530978,"title":"Unexpected","video":false,"vote_average":5.8,"vote_count":3},{"adult":false,"backdrop_path":"/mGo3v0FeT6VQ1myWS6XO53xRYJv.jpg","genre_ids":[18,14],"id":343865,"original_language":"en","original_title":"Toxic Temptation","overview":"Toxic Temptation is a short art film combining a poetic spoken word and strong cinematic visuals rich with subtext, debating the inability of a woman to find love based on fairytale expectations and her own life choices.","release_date":"2015-08-01","poster_path":"/1VS7P8DABhInanAfIqJg4Puabo6.jpg","popularity":0.527541,"title":"Toxic Temptation","video":false,"vote_average":0.0,"vote_count":0},{"adult":false,"backdrop_path":null,"genre_ids":[18,10749],"id":281743,"original_language":"zh","original_title":"小时代4：灵魂尽头","overview":null,"release_date":"2015-07-09","poster_path":"/mo2TJ4Q0Lo0i4d8JLYpWx8LanoA.jpg","popularity":1.51997,"title":"Tiny Times 4","video":false,"vote_average":0.0,"vote_count":0},{"adult":false,"backdrop_path":"/9qBASYxaySPGOJsPyKZMO3kW7F3.jpg","genre_ids":[18,53,27],"id":338033,"original_language":"ja","original_title":"東京無国籍少女","overview":"Ai (Nana Seino) is a student at an all-girls' art high school. She is known to be extremely gifted in the arts, but the adults around her try to use her and her classmates are jealous of her. Ai suffers because of her situation, but doesn't have anywhere to escape. Her daily life becomes like a war and she begins to collapse.","release_date":"2015-07-25","poster_path":"/texv0hTyI6NI3vCUl8ZJKMHwAKt.jpg","popularity":1.512931,"title":"Nowhere Girl","video":false,"vote_average":0.0,"vote_count":0},{"adult":false,"backdrop_path":"/nHrWiO5ae5LOJYWMxT4ScjG59uJ.jpg","genre_ids":[18,14,53],"id":323435,"original_language":"en","original_title":"One & Two","overview":"Two siblings discover a supernatural escape from a troubled home, but find their bond tested when reality threatens to tear their family apart.","release_date":"2015-08-01","poster_path":"/pVmX9fSfwVtVjYjugBGUhlEBNJI.jpg","popularity":0.509401,"title":"One & Two","video":false,"vote_average":0.0,"vote_count":0},{"adult":false,"backdrop_path":"/yhlnx2Ht814PHHT0utMvQ0Jifk9.jpg","genre_ids":[36,53,28,18],"id":291549,"original_language":"ko","original_title":"암살","overview":"Assassination is set in Korea and Shanghai in the 1930's during the Japanese occupation. The government resistance assigns a secret commando group with killing collaborators.","release_date":"2015-07-22","poster_path":"/pU38GcePxRe9qiBpxyj7uHujq19.jpg","popularity":1.509397,"title":"Assassination","video":false,"vote_average":0.5,"vote_count":2},{"adult":false,"backdrop_path":null,"genre_ids":[9648,10770],"id":339580,"original_language":"en","original_title":"Real Murders: An Aurora Teagarden Mystery","overview":"Aurora finds a member of her crime buff group, the Real Murders Club, killed in a manner that eerily resembles the crime the club was about to discuss. As other brutal \"copycat\" killings follow, Aurora will have to uncover the person behind the terrifying game.","release_date":"2015-07-26","poster_path":"/qZFKuVwAAdBbz6mWTHrCOGyXZaX.jpg","popularity":1.504807,"title":"Real Murders: An Aurora Teagarden Mystery","video":false,"vote_average":0.0,"vote_count":0},{"adult":false,"backdrop_path":null,"genre_ids":[],"id":350675,"original_language":"en","original_title":"Colin Hay: Waiting For My Real Life","overview":"The story of singer-songwriter Colin Hay, former front-man of Men At Work. We follow Hay from his earliest days in Scotland, through his family's emigration to Australia, to the massive, worldwide success of his band, to the depths of addiction and failure, to a slow climb back up the ladder seeking relevance, artistic freedom and ultimately, transcendence.","release_date":"2015-08-04","poster_path":null,"popularity":1.489128,"title":"Colin Hay: Waiting For My Real Life","video":false,"vote_average":0.0,"vote_count":0},{"adult":false,"backdrop_path":"/9Ri8lATQwXTi46QAitLWcRu2qk1.jpg","genre_ids":[],"id":347491,"original_language":"en","original_title":"WWE Battleground 2015","overview":"Battleground (2015) is an upcoming professional wrestling pay-per-view (PPV) event produced by WWE. It will take place on July 19, 2015 at Scottrade Center in St. Louis, Missouri. It will be the third event under the Battleground chronology.","release_date":"2015-07-19","poster_path":"/5WC3TX3xsCdEZvJnhrKO3iv4pHj.jpg","popularity":1.482084,"title":"WWE Battleground 2015","video":false,"vote_average":0.0,"vote_count":0},{"adult":false,"backdrop_path":null,"genre_ids":[10770,9648],"id":348631,"original_language":"en","original_title":"Gourmet Detective: A Healthy Place to Die","overview":"When Henry is invited as a guest speaker at a luxury resort spa, he quickly finds himself at the center of another murder. With Maggie at his side, our favorite duo must not only find the killer but be careful they don't become his latest victim.","release_date":"2015-08-02","poster_path":"/qI7ouxkkmtQua7vpOlMh3pjNigj.jpg","popularity":1.481514,"title":"Gourmet Detective: A Healthy Place to Die","video":false,"vote_average":0.0,"vote_count":0},{"adult":false,"backdrop_path":null,"genre_ids":[27,14],"id":345888,"original_language":"ko","original_title":"손님","overview":"\"The Guest\" follows Ryoo Seung-ryong's character, who happens to stay in a mysterious town in the countryside shortly after the 1950-53 Korean War.","release_date":"2015-07-09","poster_path":"/nrn4nmnBiqJ4Tp0klGOBFZCO1ni.jpg","popularity":1.473201,"title":"The Piper","video":false,"vote_average":4.0,"vote_count":1},{"adult":false,"backdrop_path":"/q6RbMripzYUZI5gcOawWJnEy3yT.jpg","genre_ids":[],"id":280107,"original_language":"en","original_title":"Naalu Policeum Nalla Irundha Oorum","overview":"Four cops try to stage a crime in their crime-free, model village so that they are not transferred from the place. But their naive attempts result in far-reaching conclusions.","release_date":"2015-07-24","poster_path":"/u5xUDHxHvakPhcb4e2R8ofFUdFE.jpg","popularity":1.465419,"title":"Naalu Policeum Nalla Irundha Oorum","video":false,"vote_average":5.0,"vote_count":1},{"adult":false,"backdrop_path":null,"genre_ids":[],"id":350779,"original_language":"es","original_title":"Los jefes","overview":"Poncho is a student at a prestigious college in northern Mexico who is immersed along a single day on a whirlwind adventure through the various levels of the narc world after accepting the help of \"Greñas\", a guy working in the parking lot of his college, who will explain him how to buy marijuana on the campus for the first time.","release_date":"2015-07-31","poster_path":"/gCKx23URm5FR4TzQx1luD0KgqYG.jpg","popularity":1.464605,"title":"The Bosses","video":false,"vote_average":0.0,"vote_count":0},{"adult":false,"backdrop_path":null,"genre_ids":[10749],"id":352969,"original_language":"en","original_title":"Wasp","overview":"A same-sex couple's romantic getaway is put in jeopardy by the arrival of Caroline.","release_date":"2015-08-04","poster_path":null,"popularity":1.464351,"title":"Wasp","video":false,"vote_average":0.0,"vote_count":0},{"adult":false,"backdrop_path":"/oPGSz9smkXhxS6L9bdmaZtmt4UG.jpg","genre_ids":[35],"id":335970,"original_language":"en","original_title":"Joe Dirt 2: Beautiful Loser","overview":"When happy family man Joe Dirt finds himself transported to the recent past, he begins an epic journey to get back to his loved ones in the present.","release_date":"2015-07-16","poster_path":"/o1QDEnd3NPmKfUQC6cGT47oaIZD.jpg","popularity":1.461081,"title":"Joe Dirt 2: Beautiful Loser","video":false,"vote_average":3.4,"vote_count":7},{"adult":false,"backdrop_path":null,"genre_ids":[14,16],"id":347182,"original_language":"en","original_title":"劇場版「明治東亰恋伽」～弦月の小夜曲～","overview":"On an evening lit by a crimson full moon, an ordinary high school girl named Mei Ayazuki meets a self-proclaimed magician named Charlie at a festival. Through Charlie's magic, she time-travels to the Meiji era in Tokyo, where she meets and falls in love with various great historical figures from that time period.","release_date":"2015-07-18","poster_path":"/A4pvuwwEbkUfvh7s32qV0ZCQope.jpg","popularity":1.459435,"title":"Meiji Tokyo Renka: Yumihari no Serenade","video":false,"vote_average":5.0,"vote_count":1},{"adult":false,"backdrop_path":null,"genre_ids":[28,35],"id":283827,"original_language":"en","original_title":"Singh Is Bling","overview":"Singh Is Bling is an upcoming Bollywood action comedy film directed by Prabhu Deva and produced by MetroNet Multimedia (P) Ltd., under Grazing Goat Pictures.The film stars Akshay Kumar and Kriti Sanon in lead roles.  It also marks the return of Akshay Kumar in a Punjabi Sardar character, after the 2008 comedy film Singh is Kinng. Expected to release on 31st July 2015, Singh is Bling is the second actor-director collaboration between Kumar and director Prabhu Deva after their successful 2012 film Rowdy Rathore.","release_date":"2015-07-31","poster_path":"/mL8UdqAQLUdSDarFMGoaHx4XP4y.jpg","popularity":1.455053,"title":"Singh Is Bling","video":false,"vote_average":0.0,"vote_count":0}],"total_pages":25,"total_results":498}
