{"dates":{"minimum":"2015-07-08","maximum":"2015-08-19"},"page":5,"results":[{"adult":false,"backdrop_path":"/97OzLUcrruFnTT5momJ89fRPjiR.jpg","genre_ids":[],"id":324245,"original_language":"en","original_title":"7 Chinese Brothers","overview":"Larry is an unqualified, unemployable, inebriated prankster who rides a tide of booze onto the glorious shores of an undiscriminating Quick-Lube.  Taking a part-time job vacuuming and washing windshields, Larry finds himself mixed up with hostile co-workers and unsatisfied customers, while also finding himself smitten with his lovely boss, Lupe Torrez.  Will Larry keep it together long enough to win the girl, provide for man's best friend (his dog Arrow), and do his grandmother proud?","release_date":"2015-08-14","poster_path":"/uVIxN6xqHxWEKSpd93KuAOuzMG8.jpg","popularity":2.070108,"title":"7 Chinese Brothers","video":false,"vote_average":0.0,"vote_count":0},{"adult":false,"backdrop_path":null,"genre_ids":[],"id":317940,"original_language":"en","original_title":"Te prometo anarquía","overview":"Miguel y Johnny know each other since childhood. They are dedicated to skate and have fun. To earn easy money and continue skating they sell their own blood to a clandestine contact in a hospital. The activity becomes business until a large transaction is not as they imagined.","release_date":"2015-08-09","poster_path":"/w1DkjJuSYR4C4cocWnPznBXK5id.jpg","popularity":2.05079,"title":"I Promise You Anarchy","video":false,"vote_average":0.0,"vote_count":0},{"adult":false,"backdrop_path":"/qGaaF71XRFCbgBpZ9OckflW4iU5.jpg","genre_ids":[27,878],"id":331446,"original_language":"en","original_title":"Sharknado 3: Oh Hell No!","overview":"The sharks take bite out of the East Coast when the sharknado hits Washington, D.C. and Orlando, Florida.","release_date":"2015-07-22","poster_path":"/vn5aAuM5JuNscK2L3GGCLbOMm7I.jpg","popularity":2.043994,"title":"Sharknado 3: Oh Hell No!","video":false,"vote_average":4.5,"vote_count":15},{"adult":false,"backdrop_path":null,"genre_ids":[18],"id":351279,"original_language":"en","original_title":"Ambrosia","overview":"A young woman, on holiday with a group of her artist friends, meets a strange and enigmatic woman who threatens to divide the group's bonds of love and friendship.","release_date":"2015-08-08","poster_path":"/6B5nApkgAeYtxyJvVJxigPiJVqD.jpg","popularity":2.017098,"title":"Ambrosia","video":false,"vote_average":0.0,"vote_count":0},{"adult":false,"backdrop_path":"/lvf573mw20gZbSlWmqOrEXM4Jht.jpg","genre_ids":[],"id":280165,"original_language":"ta","original_title":"Thani Oruvan","overview":"Thani Oruvan is a 2014 Tamil film directed by M. Raja. The film stars Jayam Ravi, Nayantara, Ganesh Venkatraman and Harish Uthaman in lead roles.","release_date":"2015-08-14","poster_path":"/43DuXEdcbrmirFPuuvWKpuaRG5w.jpg","popularity":2.008604,"title":"Thani Oruvan","video":false,"vote_average":0.0,"vote_count":0},{"adult":false,"backdrop_path":null,"genre_ids":[],"id":352113,"original_language":"en","original_title":"Vasuvum Saravananum Onna Padichavanga","overview":"Vasuvum Saravananum Onna Padichavanga (English: Vasu and Saravanan studied together) is an upcoming Indian Tamil romantic comedy film written and directed by M. Rajesh. It features Arya and Tamannaah in lead roles while Santhanam plays a crucial important role. Arya himself is producing the film under his production company 'The Show People' associating with Prasad V Potluri's PVP cinema.","release_date":"2015-08-14","poster_path":"/qIlkkYjXvXUSxIy4UYEKbsdmbGM.jpg","popularity":1.002401,"title":"Vasuvum Saravananum Onna Padichavanga","video":false,"vote_average":0.0,"vote_count":0},{"adult":false,"backdrop_path":null,"genre_ids":[],"id":340208,"original_language":"en","original_title":"Young Americans","overview":"In Los Angeles, three old high school friends find themselves in a complicated relationship that turns violent.","release_date":"2015-08-14","poster_path":"/bHA34hiA1wsxNhOAMGwKxZFtkG4.jpg","popularity":0.996207,"title":"Young Americans","video":false,"vote_average":0.0,"vote_count":0},{"adult":false,"backdrop_path":null,"genre_ids":[35],"id":336183,"original_language":"pt","original_title":"Doidas e Santas","overview":null,"release_date":"2015-08-13","poster_path":null,"popularity":0.980312,"title":"Doidas e Santas","video":false,"vote_average":0.0,"vote_count":0},{"adult":false,"backdrop_path":null,"genre_ids":[10749,35],"id":322986,"original_language":"pt","original_title":"O Último Virgem","overview":null,"release_date":"2015-08-13","poster_path":null,"popularity":1.980019,"title":"O Último Virgem","video":false,"vote_average":0.0,"vote_count":0},{"adult":false,"backdrop_path":null,"genre_ids":[35],"id":353150,"original_language":"tr","original_title":"Eski Sevgiliyi Unutmanın 10 Yolu","overview":null,"release_date":"2015-08-07","poster_path":"/ArkZd02G6kyqoZvZSq1QnXeS3y9.jpg","popularity":0.975116,"title":"Eski Sevgiliyi Unutmanın 10 Yolu","video":false,"vote_average":0.0,"vote_count":0},{"adult":false,"backdrop_path":null,"genre_ids":[],"id":353533,"original_language":"te","original_title":"Srimanthudu","overview":"A 2015 Telugu film starring Mahesh Babu.","release_date":"2015-08-07","poster_path":"/x2WSHnByOY4SzxoDtlNyavt1Ckg.jpg","popularity":0.960795,"title":"Srimanthudu","video":false,"vote_average":0.0,"vote_count":0},{"adult":false,"backdrop_path":"/jHkwfGOtBbfuJzOvGs19Bbhefdk.jpg","genre_ids":[35,16],"id":349045,"original_language":"en","original_title":"Looney Tunes: Rabbit Run","overview":"The film features Bugs Bunny and Lola Bunny involved in a scheme surrounding the invention of a highly sought-after invisibility spray, which takes them to the streets of New York City and Paris.","release_date":"2015-08-04","poster_path":"/4AwYcvJn9fAT29LgdoPYYPR8nee.jpg","popularity":1.94235,"title":"Looney Tunes: Rabbit Run","video":false,"vote_average":9.0,"vote_count":1},{"adult":false,"backdrop_path":"/pMxG9UE1KWPr8kBRq4qo4mAfN4j.jpg","genre_ids":[53,28,80],"id":346079,"original_language":"en","original_title":"6 Ways to Die","overview":"Sonny \"Sundown\" Garcia is the top cocaine distributor in the United States, which has made him a very rich and powerful man. It has also made him plenty of enemies. John Doe is just such a man. A nameless man of mystery, John lives to see Sundown not just dead, but to suffer six meaningful losses before his death—his fortune, his freedom, his love, his reputation, his most valuable possession and, finally, his life. John hires six hit-men, each one assigned to inflict one of the six meaningful losses upon Sundown.","release_date":"2015-07-31","poster_path":"/cVHltbo5HA3fQKrFoDnatXuLYNI.jpg","popularity":1.941586,"title":"6 Ways to Die","video":false,"vote_average":4.7,"vote_count":3},{"adult":false,"backdrop_path":null,"genre_ids":[99],"id":353216,"original_language":"en","original_title":"Homme Less","overview":"HOMME LESS is about the underbelly of the American Dream, the hidden backyard of our society.","release_date":"2015-08-07","poster_path":"/bsFcQ3uEskQJ0kwBXNG8JGPpyrc.jpg","popularity":1.934795,"title":"Homme Less","video":false,"vote_average":0.0,"vote_count":0},{"adult":false,"backdrop_path":null,"genre_ids":[],"id":353624,"original_language":"tl","original_title":"Gatilyo ng Baril","overview":"Year 1983: Ms. Estrella investigates the case of Carlito Dimahilig, the assassin who attempted to kill Imelda Marcos. She interviews Rolando Galman, who reveals more than what she needs to know.","release_date":"2015-08-08","poster_path":"/mcNm0xmiaqygBXsmRXWa7vx4wso.jpg","popularity":1.930435,"title":"Gatilyo ng Baril","video":false,"vote_average":0.0,"vote_count":0},{"adult":false,"backdrop_path":null,"genre_ids":[],"id":349171,"original_language":"en","original_title":"Ecco Homo","overview":"Provocateur, artist, performer: Peter Vanessa \"Troy\" Davies was a chameleon. Using layers of identity at will, Davies charmed his way through a lifetime of secrets and lies, prostitution, art, HIV, abuse, incest and gender subversion, leaving a legacy of unanswered questions, influential performances and reams of enigmatic home video. Ecco Homo is a psychological detective story and a testament to a social history rarely documented on film","release_date":"2015-08-14","poster_path":"/hUFN8QF33RD8rsuXbmygEH8PDGW.jpg","popularity":1.925184,"title":"Ecco Homo","video":false,"vote_average":0.0,"vote_count":0},{"adult":false,"backdrop_path":null,"genre_ids":[27],"id":347642,"original_language":"en","original_title":"Bite","overview":"While on her bachelorette party getaway, Casey, the bride to be, gets a seemingly harmless bite from an unknown insect. After returning home with cold feet, Casey tries to call off her wedding but before she's able to, she starts exhibiting insect like traits. Between her physical transformation and her wedding anxiety, Casey succumbs to her new instincts and begins creating a hive that not only houses her translucent eggs, but feeds on the flesh of others. As her transformation becomes complete, Casey discovers that everything can change with a single bite.","release_date":"2015-08-15","poster_path":"/dZBN3bQtPYu5p6ej1hm2r9IvQtL.jpg","popularity":1.924072,"title":"Bite","video":false,"vote_average":0.0,"vote_count":0},{"adult":false,"backdrop_path":null,"genre_ids":[],"id":353267,"original_language":"en","original_title":"Fire Twister","overview":"When a mysterious orb of light strikes a deep water oil rig, the massive explosion erupts into a ball of flames creating a swirling mass of clouds and fire. As the twister begins to move ...","release_date":"2015-08-06","poster_path":"/n8mRL2QlmXo55AQqPgOn1QYk4w5.jpg","popularity":1.910623,"title":"Fire Twister","video":false,"vote_average":0.0,"vote_count":0},{"adult":false,"backdrop_path":"/hE0xxUpNshthmt2NXHg5wRTIMD3.jpg","genre_ids":[35,18],"id":342474,"original_language":"en","original_title":"Jenny's Wedding","overview":"Jenny Farrell is getting married. But how will her straight-laced family react when they find out that the woman they thought was their daughter’s roommate is actually her fiancée? As the old-fashioned Farrells attempt to come to terms with the prospect of a surprise daughter-in-law, they face a difficult choice: either adapt with the times or risk being left behind.","release_date":"2015-07-31","poster_path":"/oySIzPzOPPtAS79AgbFs9NxrU8A.jpg","popularity":1.910422,"title":"Jenny's Wedding","video":false,"vote_average":4.9,"vote_count":9},{"adult":false,"backdrop_path":null,"genre_ids":[],"id":353619,"original_language":"tl","original_title":"Sanctissima","overview":"Marrisa lives alone in the dark with an even darker secret. Her only contact to the outside world were her patients, who come and go, oblivious of whether the fetuses that Marisa extracts from them survive or not. A complication besetting one of her patients threatens Marisa’s reclusive world. She fights back to protect it.","release_date":"2015-08-08","poster_path":"/dziu7lzvXD0r3VodRctFLj7dibG.jpg","popularity":1.910369,"title":"Sanctissima","video":false,"vote_average":0.0,"vote_count":0}],"total_pages":25,"total_results":498}
