{"dates":{"minimum":"2015-07-08","maximum":"2015-08-19"},"page":15,"results":[{"adult":false,"backdrop_path":null,"genre_ids":[],"id":347944,"original_language":"en","original_title":"Anguish","overview":"A girl, Tess, is diagnosed with an identity disorder that may actually be channeling an evil, dead spirit inside of her.","release_date":"2015-07-21","poster_path":null,"popularity":1.316989,"title":"Anguish","video":false,"vote_average":0.0,"vote_count":0},{"adult":false,"backdrop_path":null,"genre_ids":[],"id":347696,"original_language":"en","original_title":"선샤인","overview":"Sul-ji, exiled from North Korea 2 years ago, is cheerful lady who is working at flower shop. Using her experience that drew propaganda paintings in North Korea, she draws wall-painting for part-timer. Desperate Broadcast producer Shin-woong, discovers her and trying to make hit documentary about her, but she hesitates minding her families still in North. Eventually she decides to go in under the condition that she hides her identity.","release_date":"2015-07-17","poster_path":"/f5iNvk6cfDDcwSFSGVnsOg5FkxZ.jpg","popularity":1.316722,"title":"Sunshine","video":false,"vote_average":0.0,"vote_count":0},{"adult":false,"backdrop_path":"/1uaPUAIAGn4lF0u0nftsbpUd8vZ.jpg","genre_ids":[],"id":321098,"original_language":"en","original_title":"There and Back Again","overview":"Bilbo Baggins, a hobbit enjoying his quiet life, is swept into an epic quest by Gandalf the Grey and thirteen dwarves who seek to reclaim their mountain home from Smaug, the dragon.","release_date":"2015-07-31","poster_path":"/l6rCQ4S5RUakQMjlMvfRz5HYdsK.jpg","popularity":1.315504,"title":"There and Back Again","video":false,"vote_average":8.8,"vote_count":2},{"adult":false,"backdrop_path":null,"genre_ids":[35,10749],"id":352573,"original_language":"ml","original_title":"Ayal Njanalla","overview":"This film revolves around a Prakashan, who moved to Gujarat 15 years ago.","release_date":"2015-07-31","poster_path":"/3IUcbkYDUL4FXpwLrTZvl5KoU9D.jpg","popularity":1.315071,"title":"Ayal Njanalla","video":false,"vote_average":7.0,"vote_count":1},{"adult":false,"backdrop_path":null,"genre_ids":[],"id":344057,"original_language":"en","original_title":"巴黎假期","overview":"Two strangers, both heartbroken, share an apartment in Paris.","release_date":"2015-07-23","poster_path":"/5ndQvdctW6ngrLUbSjULtRsAzbc.jpg","popularity":1.314502,"title":"Paris Holiday","video":false,"vote_average":0.0,"vote_count":0},{"adult":false,"backdrop_path":"/mkewa2szbovwQNVSlspZd3EnkR4.jpg","genre_ids":[18],"id":259963,"original_language":"en","original_title":"Boulevard","overview":"Nolan Mack, a soft-spoken bank employee, undoubtedly loves his wife Joy, though their cavernous empty house only underscores how disconnected they’ve always been from each other. Nolan finds himself drifting from his familiar present-day life in pursuit of lost time after meeting a troubled young man named Leo on his drive home. What begins as an aimless drive down an unfamiliar street turns into a life-altering series of events.","release_date":"2015-07-10","poster_path":"/5zunVkroCATmLA3bYxNB1ElzqeS.jpg","popularity":1.312047,"title":"Boulevard","video":false,"vote_average":5.0,"vote_count":2},{"adult":false,"backdrop_path":"/ibl8OOvHcQCoVeZLlHh3Leqt3Tp.jpg","genre_ids":[35],"id":352430,"original_language":"en","original_title":"Shaman","overview":"A guy hires a shaman to fix his broken life.","release_date":"2015-07-28","poster_path":null,"popularity":1.311565,"title":"Shaman","video":false,"vote_average":0.0,"vote_count":0},{"adult":false,"backdrop_path":null,"genre_ids":[],"id":348669,"original_language":"en","original_title":"Severance","overview":"A short film made by the B TEAM","release_date":"2015-07-15","poster_path":"/xTErhPI9NeLrgDXB6jqlRYIG0Sl.jpg","popularity":1.309928,"title":"Severance","video":false,"vote_average":0.0,"vote_count":0},{"adult":false,"backdrop_path":null,"genre_ids":[99],"id":347962,"original_language":"en","original_title":"Tap World","overview":"Gotta dance!","release_date":"2015-07-10","poster_path":"/bZ52cSXc8NGO09ntS2sZNrrMk4F.jpg","popularity":1.309751,"title":"Tap World","video":false,"vote_average":0.0,"vote_count":0},{"adult":false,"backdrop_path":null,"genre_ids":[35,18],"id":348194,"original_language":"en","original_title":"King For A Term","overview":"Intimate drama, written and directed by Idris Elba, and based on his own life experiences. An asthmatic boy is suddenly and unexpectedly moved to a school for youngsters with learning difficulties.","release_date":"2015-07-09","poster_path":"/gKBWlD9QTLyV7vMJeZjIK9gJ6Oj.jpg","popularity":0.307661,"title":"King For A Term","video":false,"vote_average":0.0,"vote_count":0},{"adult":false,"backdrop_path":null,"genre_ids":[10749,53],"id":349517,"original_language":"en","original_title":"When he arrives","overview":"On a blind date, a young woman meets a strange man who may not be who she thought he was.","release_date":"2015-07-17","poster_path":"/uqnSYe0WqqbGrXNlADAqj03fSfB.jpg","popularity":1.306228,"title":"When he arrives","video":false,"vote_average":0.0,"vote_count":0},{"adult":false,"backdrop_path":null,"genre_ids":[],"id":348307,"original_language":"en","original_title":"Wall","overview":"A man looks after his daughter for a week.","release_date":"2015-07-12","poster_path":"/sejfGn5tS3KbjvKeeKrZazpl90U.jpg","popularity":1.301616,"title":"Wall","video":false,"vote_average":0.0,"vote_count":0},{"adult":false,"backdrop_path":null,"genre_ids":[18],"id":348773,"original_language":"en","original_title":"L'appartement","overview":"A young woman is doing construction work in her apartment. She is interrupted by the arrival of her sister. They are late for an event.","release_date":"2015-07-14","poster_path":null,"popularity":1.301434,"title":"L'appartement","video":false,"vote_average":0.0,"vote_count":0},{"adult":false,"backdrop_path":"/4Fu6Aw0WHrg1NfY0EBQ4FpJWvNG.jpg","genre_ids":[99],"id":348368,"original_language":"en","original_title":"Hail to the King: 60 Years of Destruction","overview":"An independent crowd-funded documentary that celebrates the sixty-year legacy of the world's greatest monster, Godzilla. Filmed on location in Tokyo to document kaiju-related events, locations and to interview cast, crew and fans of the Godzilla series about their passion and experiences with the King of the Monsters.","release_date":"2015-07-11","poster_path":"/pJuvUBRfihlB8j8rcmaowfwSTBJ.jpg","popularity":1.301418,"title":"Hail to the King: 60 Years of Destruction","video":false,"vote_average":7.0,"vote_count":1},{"adult":false,"backdrop_path":null,"genre_ids":[],"id":352611,"original_language":"en","original_title":"cinéma vérité","overview":"i hate akerman","release_date":"2015-08-01","poster_path":"/1GBB1QRS99Y70yxyzGNF7KiUTuR.jpg","popularity":1.301383,"title":"cinéma vérité","video":false,"vote_average":0.0,"vote_count":0},{"adult":false,"backdrop_path":null,"genre_ids":[],"id":347956,"original_language":"en","original_title":"My Ex-Ex","overview":"A magic spell reunites a recently dumped woman with the wrong ex-boyfriend.","release_date":"2015-07-10","poster_path":"/otjHmeMgyt72FC0y93mdlmRNV0q.jpg","popularity":1.296205,"title":"My Ex-Ex","video":false,"vote_average":0.0,"vote_count":0},{"adult":false,"backdrop_path":"/bwohubm4gpAwijkx0stXleeUdpy.jpg","genre_ids":[99],"id":348383,"original_language":"en","original_title":"The Amity Affliction - Seems Like Forever","overview":"An access all areas look at the band's history including footage from their early dayts to 2014's epic Let The Ocean Take Me World Tour, filmed in locations from all corners of the glove including Australia, Europe and the U.S.A. 'Seems Like Forever' not only follows TAA's meteoric rise to become one of Australia's most accomplished bands but also features interviews with the team that have supported them over that time including management, their label Roadrunner Records, booking agents and even some high profile Amity Fans.","release_date":"2015-07-10","poster_path":"/jmRjPp9OBY2LjFpUriODEnaQktk.jpg","popularity":1.295944,"title":"The Amity Affliction - Seems Like Forever","video":false,"vote_average":0.0,"vote_count":0},{"adult":false,"backdrop_path":"/mClFY498Zb7BIZH25gGsk8lYMip.jpg","genre_ids":[],"id":348601,"original_language":"en","original_title":"Bridget Everett: Gynecological Wonder","overview":"A mix of cabaret and standup recorded at Joe's Pub in New York.","release_date":"2015-07-11","poster_path":"/u778O0zFamjddFlMWQd5UzqViAf.jpg","popularity":1.294301,"title":"Bridget Everett: Gynecological Wonder","video":false,"vote_average":0.0,"vote_count":0},{"adult":false,"backdrop_path":null,"genre_ids":[],"id":348686,"original_language":"en","original_title":"The Syndicate","overview":"Assassin’s Creed Syndicate teams up with F. Gary Gray, award-winning director of the Universal Pictures biopic Straight Outta Compton. Illustrated by LucasFilm-Certified comic book artist Pop Mhan, this animated short follows the story of the Industrial Revolution in London, 1868 and the birth of organized crime, led by Assassin’s Creed Syndicate protagonist, Jacob Frye and his sister, Evie.","release_date":"2015-07-10","poster_path":null,"popularity":1.294228,"title":"The Syndicate","video":false,"vote_average":0.0,"vote_count":0},{"adult":false,"backdrop_path":null,"genre_ids":[],"id":347955,"original_language":"en","original_title":"Hero Naam Yaad Rakhi","overview":"A Punjabi romantic thriller.","release_date":"2015-07-10","poster_path":"/lXbcznunzORWy3XVBcecom3hQ92.jpg","popularity":1.294177,"title":"Hero Naam Yaad Rakhi","video":false,"vote_average":0.0,"vote_count":0}],"total_pages":25,"total_results":497}
