{"dates":{"minimum":"2015-07-08","maximum":"2015-08-19"},"page":4,"results":[{"adult":false,"backdrop_path":null,"genre_ids":[18],"id":348896,"original_language":"en","original_title":"Dare to Be Wild","overview":"New Vivienne De Courcy movie","release_date":"2015-08-13","poster_path":null,"popularity":2.27709,"title":"Dare to Be Wild","video":false,"vote_average":0.0,"vote_count":0},{"adult":false,"backdrop_path":"/akQWeOgW8OylzeUegaJrEf56KXn.jpg","genre_ids":[],"id":329133,"original_language":"en","original_title":"Rajini Murugan","overview":"Rajini Murugan is an upcoming Tamil romantic comedy film directed by Ponram, who made his debut with Varuthapadatha Valibar Sangam (2013).","release_date":"2015-08-14","poster_path":"/eaPvPoggDW5osCfsa9KcY9tOmkp.jpg","popularity":1.259823,"title":"Rajini Murugan","video":false,"vote_average":0.0,"vote_count":0},{"adult":false,"backdrop_path":null,"genre_ids":[18],"id":353515,"original_language":"en","original_title":"Fish","overview":"A girl recollects on her past, littered with domestic abuse, as she embarks on a spontaneous fishing trip.","release_date":"2015-08-08","poster_path":"/4W4bWDU1r5BwwvnNegoYo4gMwxP.jpg","popularity":2.22654,"title":"Fish","video":false,"vote_average":0.0,"vote_count":0},{"adult":false,"backdrop_path":null,"genre_ids":[],"id":348213,"original_language":"en","original_title":"Graceful Girls","overview":"26 year-old school-teacher and Calisthenics lover Brianna Lee pursues her lifelong dream to finally win Calisthenics' most prestigious title, the 'Most Graceful Girl' competition. After placing second three years in a row, and being controversially stripped of the State Title, she knows this year is her last chance to win. With the help of uncompromising, legendary coach Diane Synnott, the grande Dame of the re birthed 'Regent Calisthenics Club' she struggles to perfect her routine, lay all her ghosts to rest and produce the best performance of her life.","release_date":"2015-08-09","poster_path":"/yoYJk4f6YpSdwCgWg2KYnafcXW8.jpg","popularity":2.222098,"title":"Graceful Girls","video":false,"vote_average":0.0,"vote_count":0},{"adult":false,"backdrop_path":null,"genre_ids":[28,18,10751],"id":330037,"original_language":"en","original_title":"Brothers","overview":"Brothers is an upcoming Hindi film, directed by Karan Malhotra and produced by Karan Johar under Dharma Productions along with Lionsgate Films and Endemol India.[6] The film is an official remake of the 2011 Hollywood film Warrior.","release_date":"2015-08-14","poster_path":"/lFVVr1JwDrS1NhbQCayVMDTHW4y.jpg","popularity":1.215246,"title":"Brothers","video":false,"vote_average":1.0,"vote_count":1},{"adult":false,"backdrop_path":null,"genre_ids":[],"id":353775,"original_language":"tl","original_title":"Papetir","overview":"During a performance, a ventriloquist suddenly finds himself talking with his past. Will he continue the conversation or remain tight-lipped form a voice long kept?","release_date":"2015-08-09","poster_path":"/6NRKzUYddNWvweUMtQOZRaw6mjs.jpg","popularity":2.214,"title":"Puppeteer","video":false,"vote_average":0.0,"vote_count":0},{"adult":false,"backdrop_path":null,"genre_ids":[53],"id":351186,"original_language":"fr","original_title":"Coup de chaud","overview":null,"release_date":"2015-08-12","poster_path":"/A0fs2K2cNBdTbzz45KQyamlifTa.jpg","popularity":1.211637,"title":"Coup de chaud","video":false,"vote_average":0.0,"vote_count":0},{"adult":false,"backdrop_path":null,"genre_ids":[36,18,10752],"id":351189,"original_language":"fr","original_title":"La Peur","overview":null,"release_date":"2015-08-12","poster_path":"/xR0MfgY6rpPFEtdWSYfHIu5Q6ks.jpg","popularity":2.211454,"title":"La Peur","video":false,"vote_average":0.0,"vote_count":0},{"adult":false,"backdrop_path":"/c1xKXNOWzFYTwY1plA2Qlmrkrpz.jpg","genre_ids":[53,18],"id":332839,"original_language":"en","original_title":"Big Sky","overview":"Hazel (Bella Thorne) suffers from a crippling case of agoraphobia. So much so that it causes a rift between her and her mother, Dee (Kyra Sedgwick). Hazel and her mother decide to go on a road trip to a desert facility to help Hazel deal with her fear but when gunmen and brothers Jesse (Frank Grillo) and Pru (Aaron Tveit) attack them, Hazel has to battle her fears so she and her mother can survive.","release_date":"2015-08-14","poster_path":"/5KowmhbnH49HKkcyv1J4IXKQBrH.jpg","popularity":2.20744,"title":"Big Sky","video":false,"vote_average":0.0,"vote_count":0},{"adult":false,"backdrop_path":null,"genre_ids":[],"id":353763,"original_language":"en","original_title":"Salamat sa Alaala","overview":"The documentary serves as a tribute to National Artist for Cinema Gerardo de Leon in celebration of his Centennial Year.  “Salamat sa Alaala.” is inspired by the music composed by the late film director when he was a teenager playing background music for silent movies in Manila theatres. The video opens up with a capsulated history of the birth of the Filipino movies followed by a series of shots of veteran actresses, the academe and the young generation of filmmakers affirming his unique qualities as a world-class film figure. Then we unravel his private life as a family man. The documentary is one way of thanking him for his lasting legacy in the art form he left behind.","release_date":"2015-08-09","poster_path":"/774RfeCLXfWXhMd2aBu7tUrif00.jpg","popularity":1.179,"title":"Salamat sa Alaala","video":false,"vote_average":0.0,"vote_count":0},{"adult":false,"backdrop_path":null,"genre_ids":[],"id":353771,"original_language":"tl","original_title":"Wawa","overview":"A young boy’s journey as they take his father to his final resting place.","release_date":"2015-08-09","poster_path":"/zr5EVpTElfFD7LfvH51KZ2wGY5H.jpg","popularity":2.179,"title":"Wawa","video":false,"vote_average":0.0,"vote_count":0},{"adult":false,"backdrop_path":null,"genre_ids":[878],"id":353617,"original_language":"en","original_title":"Derelict","overview":"\"Derelict is an editing project for academic purposes. Prometheus wasn’t exactly an Alien prequel, but this treats it as such by intercutting the events of Alien with Prometheus in a dual narrative structure. Derelict is also in black &amp; white to better marry the visual quality of the two originals (and also because both films look great in black &amp; white). Roughly 30 minutes has been cut from Prometheus and about an hour of Alien has been used in its place. Some content from the deleted scenes of Prometheus was also used.\"","release_date":"2015-08-08","poster_path":"/6iuGuPLaLK5QbMu5HqO7WNo72n7.jpg","popularity":1.167944,"title":"Derelict","video":false,"vote_average":7.0,"vote_count":1},{"adult":false,"backdrop_path":null,"genre_ids":[27,53],"id":344854,"original_language":"en","original_title":"The Pack","overview":"A farmer and his family must fight for survival after a ferocious pack of wild dogs infiltrates their isolated farmhouse. Through a series of frightening and bloody encounters they are forced into survival mode to make it through the night.","release_date":"2015-08-06","poster_path":"/1bviR81KwwJrqlH1IKQRIoSFUnu.jpg","popularity":1.152803,"title":"The Pack","video":false,"vote_average":0.0,"vote_count":0},{"adult":false,"backdrop_path":null,"genre_ids":[],"id":352731,"original_language":"en","original_title":"Atomic: Living in Dread & Promise","overview":"Seventy years ago this month, the bombing of Hiroshima showed the appalling destructive power of the atomic bomb. Mark Cousins's bold documentary looks at death in the atomic age, but life too. Using only archive film and a new musical score by the band Mogwai, the film shows us an impressionistic kaleidoscope of our nuclear times - protest marches, Cold War sabre-rattling, Chernobyl and Fukishima - but also the sublime beauty of the atomic world, and how x-rays and MRI scans have improved human lives. The nuclear age has been a nightmare, but dreamlike too.","release_date":"2015-08-09","poster_path":null,"popularity":2.147592,"title":"Atomic: Living in Dread & Promise","video":false,"vote_average":0.0,"vote_count":0},{"adult":false,"backdrop_path":null,"genre_ids":[],"id":353772,"original_language":"en","original_title":"Mater","overview":"When extreme devotion and unconditional love collide, a mother and her daughter find their escape out of the loophole that binds them together.","release_date":"2015-08-09","poster_path":"/viz2YXkM0DvG9HblufSq9NGCYIH.jpg","popularity":1.12912,"title":"Mater","video":false,"vote_average":0.0,"vote_count":0},{"adult":false,"backdrop_path":"/oJ5LIvOKpPZvYQOOqUsRXq02L7c.jpg","genre_ids":[99],"id":251471,"original_language":"en","original_title":"A LEGO Brickumentary","overview":"A look at the global culture and appeal of the LEGO building-block toys.","release_date":"2015-07-31","poster_path":"/zkIpQBuVUsQg2T3DmuzdS7nY9s3.jpg","popularity":2.106139,"title":"A LEGO Brickumentary","video":false,"vote_average":3.3,"vote_count":16},{"adult":false,"backdrop_path":null,"genre_ids":[10752,18],"id":314837,"original_language":"ja","original_title":"日本のいちばん長い日","overview":"In July 1945, during the end of World War II, Japan is forced to accept the Potsdam Declaration. A cabinet meeting has continued through days and nights, but a decision cannot be made. The U.S. drops atomic bombs on the cities of Hiroshima and Nagasaki, Japan. General Korechika Anami is torn over making the proper decision and the Emperor of Japan worries about his people. Prime Minister Kantaro Suzuki leads the cabinet meeting, while Chief Secretary Hisatsune Sakomizu can't do anything, but watch the meeting. At this time, Major Kenji Hatanaka and other young commissioned officers, who are against Japan surrendering, move to occupy the palace and a radio broadcasting station. The radio station is set to broadcast Emperor Hirohito reading out the Imperial Rescript on the Termination of the War.","release_date":"2015-08-08","poster_path":null,"popularity":2.10203,"title":"The Emperor in August","video":false,"vote_average":0.0,"vote_count":0},{"adult":false,"backdrop_path":null,"genre_ids":[10749,28,18],"id":339562,"original_language":"zh","original_title":"破風","overview":"A young man chases his dream of becoming a pro cyclist and is met with challenges.","release_date":"2015-08-06","poster_path":"/hD5goYj31XQqFl2KUGYL0L1CMni.jpg","popularity":2.07905,"title":"To the Fore","video":false,"vote_average":4.0,"vote_count":1},{"adult":false,"backdrop_path":null,"genre_ids":[],"id":353668,"original_language":"en","original_title":"UFC Fight Night: Teixeira vs. Saint Preux","overview":"UFC Fight Night: Teixeira vs. Saint Preux (also known as UFC Fight Night 73) is a mixed martial arts event held on August 8, 2015 at Bridgestone Arena in Nashville, Tennessee. The event is headlined by a light heavyweight bout between former title challenger Glover Teixeira and Tennessee resident Ovince Saint Preux. A lightweight bout between Michael Johnson and Beneil Dariush also takes place in the event and Amanda Nunes faces Sara McMann in the Women's Bantamweight division.","release_date":"2015-08-08","poster_path":"/qxs1NFyS67ACUVosNb7qx8pHFYz.jpg","popularity":2.07657,"title":"UFC Fight Night: Teixeira vs. Saint Preux","video":false,"vote_average":0.0,"vote_count":0},{"adult":false,"backdrop_path":"/dmL16DKHIh8bLle3XAiRSErQNxM.jpg","genre_ids":[18,27],"id":295830,"original_language":"ja","original_title":"進撃の巨人","overview":"Based on the manga series \"Shingeki no Kyojin\" by Hajime Isayama (first published September 9, 2009 by Kodansha's Bessatsu Shonen Magazine).  The story of Attack on Titan centers around the adventures of Eren Yeager, his adopted sister Mikasa Ackerman, and their friend Armin Arlert. After the wall which protects their hometown of Shinganshina is breached by Titans, Eren watches in horror as one of them eats his mother. Vowing to kill all Titans, Eren enlists in the military along with his friends.","release_date":"2015-08-01","poster_path":"/f1zJk5m4yHUZ57WrVzVFHoU60V4.jpg","popularity":1.071728,"title":"Attack on Titan","video":false,"vote_average":3.7,"vote_count":18}],"total_pages":25,"total_results":497}
