{"dates":{"minimum":"2015-07-08","maximum":"2015-08-19"},"page":9,"results":[{"adult":false,"backdrop_path":null,"genre_ids":[27],"id":338752,"original_language":"en","original_title":"FPS: First Person Shooter","overview":"Your pregnant wife Linda has been captured by a ruthless scientist, who created a devastating virus. To rescue her, you have to fight through the old rotten experimental clinic, armed to the teeth, one level after another right through the dark, decayed guts of this evil complex. unfortunately you don't have much time, at dawn, the whole area will be eradicated.","release_date":"2015-08-01","poster_path":"/1CMuD6dQqE6grpgAJgTKsgh4O8D.jpg","popularity":0.600459,"title":"FPS: First Person Shooter","video":false,"vote_average":0.0,"vote_count":0},{"adult":false,"backdrop_path":null,"genre_ids":[],"id":348746,"original_language":"en","original_title":"Pixies","overview":"Joe Beck has lost the love of his life thanks to a Pixie's Curse and he now needs to figure out how to get his girl back, learn more about the mysterious Pixies and undo a bad deed he did long ago.","release_date":"2015-07-14","poster_path":"/7FeXm2mIMUQOVOBhKHw0okoKhJV.jpg","popularity":1.593408,"title":"Pixies","video":false,"vote_average":0.0,"vote_count":0},{"adult":false,"backdrop_path":null,"genre_ids":[],"id":353218,"original_language":"ru","original_title":"Saving Goola","overview":null,"release_date":"2015-08-06","poster_path":"/ooW0ch9vC1JPdf7YL9dvZ8OLp3G.jpg","popularity":1.585303,"title":"Saving Goola","video":false,"vote_average":5.0,"vote_count":2},{"adult":false,"backdrop_path":null,"genre_ids":[],"id":349054,"original_language":"en","original_title":"Putuparri and the Rainmakers","overview":"Tom \"Putuparri\" Lawford is a man caught between two worlds: his past and present in modern society, where he battles with alcoholism and domestic violence; and his future as a leader of his people, reconnecting with his ancestral lands, learning about his traditional culture and shouldering his responsibility to pass this knowledge on to the next generation.  Director Nicole Ma spent more than a decade documenting Putuparri's journey, travelling with him and his family on numerous occasions to Kurtal, in the Kimberley's Great Sandy Desert region – traditionally a site of great significance as a place where people ritually make rain – as they fight for their native title claim over the area.  Set against the backdrop of this long fight for ownership of traditional lands, the MIFF Premiere Fund-supported Putuparri and the Rainmakers is an emotional, visually breathtaking story of love, hope and the survival of Aboriginal law and culture against all odds.","release_date":"2015-08-05","poster_path":"/k4wAAYka7OEHz3jkpvFkIQRQieq.jpg","popularity":0.579714,"title":"Putuparri and the Rainmakers","video":false,"vote_average":0.0,"vote_count":0},{"adult":false,"backdrop_path":"/bjbSfHGvMhUf1585opiZ9M6VyU9.jpg","genre_ids":[99,36],"id":319067,"original_language":"en","original_title":"Best of Enemies","overview":"A documentary about the legendary series of nationally televised debates in 1968 between two great public intellectuals, the liberal Gore Vidal and the conservative William F. Buckley Jr. Intended as commentary on the issues of their day, these vitriolic and explosive encounters came to define the modern era of public discourse in the media, marking the big bang moment of our contemporary media landscape when spectacle trumped content and argument replaced substance. Best of Enemies delves into the entangled biographies of these two great thinkers and luxuriates in the language and the theater of their debates, begging the question, 'What has television done to the way we discuss politics in our democracy today?'","release_date":"2015-07-31","poster_path":"/h9cS5bXxQPRtTLmZAmCqeAuLhQO.jpg","popularity":0.578407,"title":"Best of Enemies","video":false,"vote_average":3.1,"vote_count":4},{"adult":false,"backdrop_path":null,"genre_ids":[],"id":350904,"original_language":"en","original_title":"Bella e Perduta","overview":"From the bowels of Vesuvius, Pulcinella is sent to Campania to grant the final wishes of the shepherd Tommaso, that is, to save a young buffalo by the name of Sarchiapone. Pulcinella finds the little buffalo in the Carditello palace, an abandoned Bourbon residence buried deep in the heart of the land of fire, and takes it with him to the North, embarking on a long journey through a beautiful and lost Italy, at the end of which they fail to find what they were hoping to.","release_date":"2015-08-05","poster_path":null,"popularity":0.575976,"title":"Lost and Beautiful","video":false,"vote_average":0.0,"vote_count":0},{"adult":false,"backdrop_path":"/88Mw4k4l2XnQLiXChsgA48zXNSK.jpg","genre_ids":[18],"id":249688,"original_language":"en","original_title":"The End of the Tour","overview":"The story of the five-day interview between Rolling Stone reporter David Lipsky and acclaimed novelist David Foster Wallace, which took place right after the 1996 publication of Wallace's groundbreaking epic novel, 'Infinite Jest.'","release_date":"2015-07-31","poster_path":"/pyKG1hn7YdtBYiqf8IBhqHlI8Hu.jpg","popularity":0.575041,"title":"The End of the Tour","video":false,"vote_average":3.9,"vote_count":5},{"adult":false,"backdrop_path":null,"genre_ids":[],"id":348890,"original_language":"en","original_title":"The Sky Trembles and the Earth Is Afraid and the Two Eyes Are Not Brothers","overview":"\"Ben Rivers explores the illusion of filmmaking in Morocco... The Moroccan Sahara is littered with the legacy of films shot in its dramatic vistas: abandoned sets that reveal the artifice of filmmaking and trigger our recollection of the half-imagined spaces of familiar films from decades past.\" Artangel","release_date":"2015-08-05","poster_path":null,"popularity":0.574995,"title":"The Sky Trembles and the Earth Is Afraid and the Two Eyes Are Not Brothers","video":false,"vote_average":0.0,"vote_count":0},{"adult":false,"backdrop_path":null,"genre_ids":[],"id":349173,"original_language":"en","original_title":"Pawno","overview":"Pawno is a character driven ensemble film set in the diverse and multicultural suburb of Footscray in Melbourne, Australia.","release_date":"2015-08-05","poster_path":"/cVGqbWUKm9HKDwbclR5nwy1hoIp.jpg","popularity":0.574933,"title":"Pawno","video":false,"vote_average":0.0,"vote_count":0},{"adult":false,"backdrop_path":null,"genre_ids":[],"id":353163,"original_language":"fr","original_title":"Le Mirage","overview":"Le Mirage is the perspective of a man in his thirties asking himself \"what am I chasing?\" Our society has become all about consumerism, if not excess. Success is determined by what and how much we have and \"stuff\" becomes the band-aid to a meaningless existence. Stuff fills the void of the existence we weren't meant to lead.","release_date":"2015-08-05","poster_path":"/6WoakeeVOuGA4DOMebT1IZoXE7j.jpg","popularity":1.569858,"title":"The Mirage","video":false,"vote_average":0.0,"vote_count":0},{"adult":false,"backdrop_path":"/3EULdjn6R9TkhE3pTUBSmgcdWLi.jpg","genre_ids":[27,878],"id":347849,"original_language":"en","original_title":"Zombie Shark","overview":"A perfect getaway weekend turns into a nightmare for four friends who find themselves fighting for their lives against an experimental shark. In order to survive they must fight sharks, zombies, and shark zombies.","release_date":"2015-07-20","poster_path":"/ApuAutu3V09dMr6nXNs7Ncs4uBP.jpg","popularity":0.569014,"title":"Zombie Shark","video":false,"vote_average":2.0,"vote_count":1},{"adult":false,"backdrop_path":null,"genre_ids":[99],"id":353621,"original_language":"es","original_title":"Genoveva","overview":null,"release_date":"2015-08-07","poster_path":"/fYxbiMUaf75FgGNNwj0HHBQ2zfr.jpg","popularity":1.566323,"title":"Genoveva","video":false,"vote_average":0.0,"vote_count":0},{"adult":false,"backdrop_path":null,"genre_ids":[],"id":353739,"original_language":"en","original_title":"Sulanga gini aran","overview":"Drama about a doctor with strange habits.","release_date":"2015-08-07","poster_path":null,"popularity":0.56624,"title":"Sulanga gini aran","video":false,"vote_average":0.0,"vote_count":0},{"adult":false,"backdrop_path":"/1OhAoS7M25MuTmrAMTVnfGXFMpA.jpg","genre_ids":[18],"id":352733,"original_language":"en","original_title":"The Scandalous Lady W","overview":"A gripping 18th century drama details the scandalous life of Lady Seymour Worsley, who dared to leave her husband and elope with his best friend, Captain George Bisset. Lady Seymour Worsley escapes her troubled marriage only to find herself at the centre of a very public trial brought by her powerful husband Sir Richard Worsley.","release_date":"2015-08-17","poster_path":"/7T6wtYodHpH1z4ljSPMd9bTTeCS.jpg","popularity":0.565236,"title":"The Scandalous Lady W","video":false,"vote_average":0.0,"vote_count":0},{"adult":false,"backdrop_path":null,"genre_ids":[35,80,53],"id":318922,"original_language":"en","original_title":"Kill Your Friends","overview":"An A&amp;R man working at the height of the Britpop music craze goes to extremes in order to find his next hit.","release_date":"2015-08-05","poster_path":"/echKa4zcaLGU5mMAh2KcxCxQuVP.jpg","popularity":0.564884,"title":"Kill Your Friends","video":false,"vote_average":0.0,"vote_count":0},{"adult":false,"backdrop_path":null,"genre_ids":[35],"id":334362,"original_language":"de","original_title":"Highway to Hellas","overview":null,"release_date":"2015-08-06","poster_path":null,"popularity":1.562808,"title":"Highway to Hellas","video":false,"vote_average":0.0,"vote_count":0},{"adult":false,"backdrop_path":"/2WzRtXBT4YjA3MC2ySS3O6MnQpQ.jpg","genre_ids":[18,53],"id":308032,"original_language":"en","original_title":"The Stanford Prison Experiment","overview":"This film is based on the actual events that took place in 1971 when Stanford professor Dr. Philip Zimbardo created what became one of the most shocking and famous social experiments of all time.","release_date":"2015-07-17","poster_path":"/hZFKEyqOxeXhMa1MBdVjLwbPI7L.jpg","popularity":0.559132,"title":"The Stanford Prison Experiment","video":false,"vote_average":5.8,"vote_count":6},{"adult":false,"backdrop_path":null,"genre_ids":[27],"id":348587,"original_language":"en","original_title":"Fallen Soldiers","overview":"Europe 1815. War rages across the continent.  Fallen Soldiers tells the story of a British soldier trapped behind enemy lines. A young noblewoman’s coach is hijacked and her husband murdered by a desperate British soldier. At gunpoint, the soldier spins her an outlandish tale of plagues, conspiracies, and dead men returning from the grave.","release_date":"2015-07-27","poster_path":"/sNfHQRrzvcqHWSmcL4RaNtrHdrj.jpg","popularity":1.551681,"title":"Fallen Soldiers","video":false,"vote_average":6.0,"vote_count":3},{"adult":false,"backdrop_path":"/xmW9o64VbcTmEAoSwWLHpaK06nn.jpg","genre_ids":[18],"id":282984,"original_language":"en","original_title":"Irrational Man","overview":"On a small town college campus, a philosophy professor in existential crisis gives his life new purpose when he enters into a relationship with his student.","release_date":"2015-07-17","poster_path":"/ksZKmI12TCJqCLFzr6nBnYV86mN.jpg","popularity":0.54885,"title":"Irrational Man","video":false,"vote_average":4.0,"vote_count":12},{"adult":false,"backdrop_path":null,"genre_ids":[53,27,878],"id":284262,"original_language":"en","original_title":"Liberty","overview":"Born with valuable and powerful abilities, a young woman escapes a confidential, brutal experiment. Federal agents will stop at nothing to capture her.","release_date":"2015-07-17","poster_path":null,"popularity":1.544409,"title":"Liberty","video":false,"vote_average":0.0,"vote_count":0}],"total_pages":25,"total_results":497}
