{"dates":{"minimum":"2015-07-08","maximum":"2015-08-19"},"page":24,"results":[{"adult":false,"backdrop_path":null,"genre_ids":[],"id":351926,"original_language":"fr","original_title":"Juste pour rire 2015 - La luxure","overview":null,"release_date":"2015-07-13","poster_path":"/uVD3ZFlO1mDABxK8XzLSjs2IliW.jpg","popularity":1.081426,"title":"Juste pour rire 2015 - La luxure","video":false,"vote_average":0.0,"vote_count":0},{"adult":false,"backdrop_path":null,"genre_ids":[9648],"id":348545,"original_language":"pt","original_title":"O Outro Lado do Vento","overview":null,"release_date":"2015-07-13","poster_path":null,"popularity":1.081425,"title":"O Outro Lado do Vento","video":false,"vote_average":0.0,"vote_count":0},{"adult":false,"backdrop_path":"/2xRoLAAmELqW9htOm07xpBS7fze.jpg","genre_ids":[99],"id":345944,"original_language":"en","original_title":"I Am Chris Farley","overview":"I am Chris Farley tells his hilarious, touching and wildly entertaining story - from his early days in Madison, Wisconsin, to his time at Second City and Saturday Night Live, then finally his film career (which included hits like Tommy Boy and Black Sheep). The film showcases his most memorable characters and skits from film and television and also includes interviews and insights from his co-stars, family and friends - including the likes of Christina Applegate, Dan Aykroyd, Mike Myers, Bob Odenkirk, Bob Saget and Adam Sandler.","release_date":"2015-07-27","poster_path":"/kW9ymPeXX6q5DnPuE4nSSgBgyca.jpg","popularity":1.080981,"title":"I Am Chris Farley","video":false,"vote_average":7.5,"vote_count":4},{"adult":false,"backdrop_path":null,"genre_ids":[],"id":303654,"original_language":"en","original_title":"Pascha","overview":"Is it acceptable for a forty-something woman to be in a relationship with 17-year-old boy? The idea of love between two people with such an age gap and the social exclusion that it can bring is the subject of Pascha.  Gaeul is a 40-year-old screenwriter who lives with 17-year-old Joseph and their cats. The families of the two lovers cannot comprehend the relationship. Gaeul's family are especially baffled by every aspect of her life; raising a cat and living off of vegetables, let alone having a 17-year-old lover! Gaeul's family see her as the family's dirty little secret. More and more obstacles from society are placed between the lovers and their happy ever after; poverty, death, opposition against vegetarianism and the couple's pregnancy. Can a love like this survive no matter the odds in today's society?","release_date":"2015-07-09","poster_path":"/l1M04mNE17Vt2E5za0fYKKTDaIU.jpg","popularity":1.080575,"title":"Pascha","video":false,"vote_average":0.0,"vote_count":0},{"adult":false,"backdrop_path":null,"genre_ids":[],"id":349683,"original_language":"en","original_title":"CAPTUM (lat. Captivity)","overview":"This is a story about a man, who is transforming into beast because of being driven to despair. This is a try to investigate what a person can stand, which tortures and indignity can overcome, how many people he can kill in the sake of saving one.","release_date":"2015-07-12","poster_path":"/gxBHpl3NKxMfeZqobjzI67QTVjS.jpg","popularity":1.079435,"title":"CAPTUM (lat. Captivity)","video":false,"vote_average":0.0,"vote_count":0},{"adult":false,"backdrop_path":null,"genre_ids":[],"id":349522,"original_language":"en","original_title":"Swansong","overview":"He was once a pop star with adoring fans, now even his wife's left him for another woman. So he's kidnapped them both and is driving out of London with a tub full of poison and what he claims is enough antidote for two people. He's going to poison all three of them, then they'll jointly decide who gets to be saved.","release_date":"2015-07-11","poster_path":null,"popularity":1.077,"title":"Swansong","video":false,"vote_average":0.0,"vote_count":0},{"adult":false,"backdrop_path":null,"genre_ids":[16],"id":352972,"original_language":"en","original_title":"Vagabond Mutant Liquid","overview":"Animated short film for Off The Air episode Liquid on Adult Swim","release_date":"2015-07-11","poster_path":"/cTYwy3UsgSStbgVE7yJN2u6TNSf.jpg","popularity":1.076642,"title":"Vagabond Mutant Liquid","video":false,"vote_average":0.0,"vote_count":0},{"adult":false,"backdrop_path":null,"genre_ids":[],"id":351928,"original_language":"fr","original_title":"Juste pour rire 2015 - La colère","overview":null,"release_date":"2015-07-11","poster_path":"/uVD3ZFlO1mDABxK8XzLSjs2IliW.jpg","popularity":1.076129,"title":"Juste pour rire 2015 - La colère","video":false,"vote_average":0.0,"vote_count":0},{"adult":false,"backdrop_path":"/dEHdJ50egYhGJrKPzVynjA2ge1A.jpg","genre_ids":[14,16,35],"id":351694,"original_language":"zh","original_title":"西游记之大圣归来","overview":null,"release_date":"2015-07-10","poster_path":"/mCBHBzVsu1lRX5VOu8POHGFPQXF.jpg","popularity":1.075486,"title":"西游记之大圣归来","video":false,"vote_average":7.5,"vote_count":3},{"adult":false,"backdrop_path":null,"genre_ids":[],"id":314220,"original_language":"el","original_title":"Chevalier","overview":"In the middle of the Aegean Sea, six men on a fishing trip on a luxury yacht decide to play a game. During this game, things will be compared. Things will be measured. Songs will be butchered, and blood will be tested. Friends will become rivals and rivals will become hungry. But at the end of the journey, when the game is over, the man who wins will be the best man. And he will wear on his smallest finger the victory ring: the Chevalier.","release_date":"2015-08-12","poster_path":"/by1O1s26euHnXzIsdc9rU9xPRNU.jpg","popularity":0.075318,"title":"Chevalier","video":false,"vote_average":0.0,"vote_count":0},{"adult":false,"backdrop_path":null,"genre_ids":[],"id":348290,"original_language":"de","original_title":"Die Eisläuferin","overview":null,"release_date":"2015-07-10","poster_path":null,"popularity":0.073981,"title":"Die Eisläuferin","video":false,"vote_average":0.0,"vote_count":0},{"adult":false,"backdrop_path":null,"genre_ids":[18],"id":348220,"original_language":"pt","original_title":"O Valor de Um Sonho","overview":null,"release_date":"2015-07-10","poster_path":"/46qXTouMWvNVX3xyVY4u8a0iV5Z.jpg","popularity":0.073811,"title":"O Valor de Um Sonho","video":false,"vote_average":8.5,"vote_count":1},{"adult":false,"backdrop_path":null,"genre_ids":[],"id":314481,"original_language":"en","original_title":"O Primeiro Verão","overview":"Isabel and Miguel meet for the first time in a driving lesson. They start hanging out and wind up spending the summer together. In autumn, he travels to visit his family, while she stays and takes care of his dog. When he returns the love for each other will be tested.","release_date":"2015-07-09","poster_path":"/96bnf2NIhOfVUMgIDGLKjlBSBhs.jpg","popularity":0.072408,"title":"O Primeiro Verão","video":false,"vote_average":0.0,"vote_count":0},{"adult":false,"backdrop_path":null,"genre_ids":[18,10749],"id":350827,"original_language":"en","original_title":"Soft Lad","overview":"A young man involved in a love affair that will change his life forever, whilst his lover wrestles his demons on a journey that will force him to come to terms with his sexuality, leaving lives destroyed in the wake.","release_date":"2015-07-09","poster_path":"/s8cesxIJrCWtEm0Ixqsgy4QRcFz.jpg","popularity":1.072388,"title":"Soft Lad","video":false,"vote_average":0.0,"vote_count":0},{"adult":false,"backdrop_path":"/qz4TmcJo0TU6l9gNLcBHffhwOZO.jpg","genre_ids":[18],"id":312138,"original_language":"fr","original_title":"Les Révoltés","overview":"Pavel has a good job in the village factory and is sure to marry Anja, his best friend from childhood. It's written in the Book of Life. But reality doesn't follow books.","release_date":"2015-07-15","poster_path":"/6rJoHiefS9bfMDyWr1iCLCiDH2R.jpg","popularity":1.072372,"title":"Les Révoltés","video":false,"vote_average":0.0,"vote_count":0},{"adult":false,"backdrop_path":null,"genre_ids":[],"id":348562,"original_language":"ko","original_title":"권법형사 : 차이나타운","overview":null,"release_date":"2015-07-09","poster_path":"/fFa5XPV6mvkjTXsrKRTtHt6PqUU.jpg","popularity":1.071542,"title":"권법형사 : 차이나타운","video":false,"vote_average":0.0,"vote_count":0},{"adult":false,"backdrop_path":null,"genre_ids":[],"id":351919,"original_language":"fr","original_title":"Juste pour rire 2015 - Évènement JMP","overview":null,"release_date":"2015-07-09","poster_path":"/r5Y3TUKbUPA599Uvv2OIO4H3tqL.jpg","popularity":1.071538,"title":"Juste pour rire 2015 - Évènement JMP","video":false,"vote_average":0.0,"vote_count":0},{"adult":false,"backdrop_path":null,"genre_ids":[99],"id":349386,"original_language":"de","original_title":"Mollath","overview":null,"release_date":"2015-07-09","poster_path":"/v7EEO2CP49mNyee1ElTzRqGGvGt.jpg","popularity":0.071538,"title":"Mollath","video":false,"vote_average":0.0,"vote_count":0},{"adult":false,"backdrop_path":null,"genre_ids":[18,35],"id":316340,"original_language":"en","original_title":"Two, Mississippi","overview":"Two friends resort to playing Rock, Paper, Scissors, flipping a coin, and detailed, yet petty analyzation of their friendship to determine which of them will call the mother of their recently deceased best friend, informing her of his demise.","release_date":"2015-07-26","poster_path":"/fDpUgRwcKdDq0Hp9EprG9Kw5S9v.jpg","popularity":1.050652,"title":"Two, Mississippi","video":false,"vote_average":0.0,"vote_count":0},{"adult":false,"backdrop_path":null,"genre_ids":[],"id":347989,"original_language":"kn","original_title":"Uppi 2","overview":"2015 Kannada film which is a sequel to Upendra (1999).","release_date":"2015-08-14","poster_path":"/bhheQCi7L0FH5sWNmMECSyfcC4Y.jpg","popularity":0.044688,"title":"Uppi 2","video":false,"vote_average":0.0,"vote_count":0}],"total_pages":25,"total_results":497}
