{"dates":{"minimum":"2015-07-08","maximum":"2015-08-19"},"page":2,"results":[{"adult":false,"backdrop_path":"/aRI24exsSyQhdwyR6Mv22r9Y2EK.jpg","genre_ids":[10402,18,35],"id":275601,"original_language":"en","original_title":"Ricki and the Flash","overview":"A rock n' roll loving woman who chased her dream is getting a chance to make things right.","release_date":"2015-08-07","poster_path":"/Zu8cKG153kONvSQEOCfvdb71Nw.jpg","popularity":3.303511,"title":"Ricki and the Flash","video":false,"vote_average":3.7,"vote_count":3},{"adult":false,"backdrop_path":"/nmVxCx5I3OIQAmSu4VK3jVuibUc.jpg","genre_ids":[28,12,35],"id":277217,"original_language":"en","original_title":"Descendants","overview":"A present-day idyllic kingdom where the benevolent teenage son of King Adam and Queen Belle offers a chance of redemption for the troublemaking offspring of Disney's classic villains: Cruella De Vil (Carlos), Maleficent (Mal), the Evil Queen (Evvie) and Jafar (Jay).","release_date":"2015-07-31","poster_path":"/sn7wRZwWKg9tUmDlMcbtaaWOdWM.jpg","popularity":3.301866,"title":"Descendants","video":false,"vote_average":7.2,"vote_count":14},{"adult":false,"backdrop_path":"/dKzDVUVpmJJ9UM5EFOMiF1Zf9k4.jpg","genre_ids":[28],"id":343688,"original_language":"sv","original_title":"Johan Falk - Lockdown","overview":null,"release_date":"2015-08-10","poster_path":"/p41Zl0VDCx3IKzgXWVVpJeBXhhe.jpg","popularity":2.279207,"title":"Johan Falk - Lockdown","video":false,"vote_average":0.0,"vote_count":0},{"adult":false,"backdrop_path":"/vli6kAcqbkvdTsKs1GcEGe03Yze.jpg","genre_ids":[36,28,12],"id":256040,"original_language":"te","original_title":"Baahubali: The Beginning","overview":"Smuggled out of the kingdom of Mahishmati as a baby and raised by tribal people in a village located at the foot of a waterfall, Shivudu (Prabhas) is the Bahubali, a human with god-like strength and valor. After repeated attempts to scale the mountains and climb up to the top of the waterfall, Shiva finally achieves his goal, only to encounter Avanthika (Tamannaah), a female warrior and member of a rebel group. He falls in love with Avanthika. Avanthika leads Shiva to his destiny beyond the walls of Mahishmati, where despotic king Bhallala Dev (Rana Daggubati) is installing a 100-foot gold statue of himself.  Shiva is royalty and heir to the Mahishmati kingdom. Son of the noble king Amarendra Baahubali (Prabhas in a dual role) and queen Devasena (Anushka Shetty), he is destined to fight the evil king Bhallala Deva, who tortured his parents and forcefully seized their kingdom.","release_date":"2015-07-10","poster_path":"/hNMtfc5YUWTSrRURB3Pmh2IMMax.jpg","popularity":3.163425,"title":"Baahubali: The Beginning","video":false,"vote_average":8.6,"vote_count":15},{"adult":false,"backdrop_path":"/aGvTGsyfHSqAYvTW718pId53Cbk.jpg","genre_ids":[99],"id":345323,"original_language":"en","original_title":"Unity","overview":"Despite the advent of science, literature, technology, philosophy, religion, and so on -- none of these has assuaged humankind from killing one another, the animals, and nature. UNITY is a film about why we can't seem to get along, even after thousands and thousands of years.","release_date":"2015-08-12","poster_path":"/nkSJwNGvRwUpO0G22Xg4DK6ESmv.jpg","popularity":2.138426,"title":"Unity","video":false,"vote_average":0.0,"vote_count":0},{"adult":false,"backdrop_path":"/abqX443PAVxPbHF8uZCTnC6jWzR.jpg","genre_ids":[28,16],"id":323027,"original_language":"en","original_title":"Justice League: Gods and Monsters","overview":"In an alternate universe, very different versions of DC's Trinity fight against the government after they are framed for an embassy bombing.","release_date":"2015-07-28","poster_path":"/1tb3e8cY9bvQsoBNKbhGPFBEPzT.jpg","popularity":3.107215,"title":"Justice League: Gods and Monsters","video":false,"vote_average":6.9,"vote_count":29},{"adult":false,"backdrop_path":"/aFJI3yhV8HGJ7yo6MUNL2aoy9Aj.jpg","genre_ids":[16,12,10749],"id":153158,"original_language":"es","original_title":"Metegol","overview":"In the small village where Amadeo lives there is no one good enough to challenge his skills at Table Football. But, while Amadeo may be a genius as a table football player in real life he's a loser. He's in love with Lara, his childhood friend, but he's so shy that he can't bring himself to confess his love for her. So he just hangs out in his quaint, timeless village. When Amadeo beats the village bully Flash at Table Football. The scene is set for an epic rivalry. Consumed with anger Flash vows to get even and 10 years later he returns as an International Superstar, a Football Icon and Galatico determined to wreak his revenge.","release_date":"2015-08-14","poster_path":"/rKnfNwbRGd6p7SidQYlGemCE8wb.jpg","popularity":3.083268,"title":"Underdogs","video":false,"vote_average":6.5,"vote_count":52},{"adult":false,"backdrop_path":"/kWbuOYMgM2okGYn980P2q7qp2HY.jpg","genre_ids":[10751,16],"id":347688,"original_language":"en","original_title":"Scooby-Doo! And Kiss: Rock and Roll Mystery","overview":"Get ready to Rock! Scooby-Doo and the Mystery Inc. Gang team up with the one and only KISS in this all-new, out-of-this-world adventure! We join the Gang at Kiss World – the all-things-Kiss theme park, as they investigate a series of strange hauntings. With help from Kiss, they discover that the Crimson Witch has returned to summon The Destroyer from the alternate dimension of Kissteria! The evil duos ghastly plan, to destroy the earth! Can the Gang's cunning and Kiss's power of rock save the day?! Tune in to this Rock and Roll Mystery for some thunderous, heavy FUN!","release_date":"2015-07-21","poster_path":"/c7Id3QnhyQ2r7kn6ae1m4JjjL48.jpg","popularity":2.992541,"title":"Scooby-Doo! And Kiss: Rock and Roll Mystery","video":false,"vote_average":10.0,"vote_count":1},{"adult":false,"backdrop_path":null,"genre_ids":[10749,35,18],"id":340271,"original_language":"en","original_title":"Modern Love","overview":"An anthology film made up of 15 stories about love, romance and dating in contemporary London.","release_date":"2015-08-12","poster_path":null,"popularity":2.973009,"title":"Modern Love","video":false,"vote_average":1.0,"vote_count":1},{"adult":false,"backdrop_path":null,"genre_ids":[10749,18],"id":354072,"original_language":"zh","original_title":"我的少女時代","overview":"The movie is produced by famed Taiwanese drama producer Chen Yu Shan. This movie is her homage to the high school days of her youth, set in the early1990’s and will likely garner understandable comparison to the hit TW-movie You Are the Apple of My Eye.","release_date":"2015-08-13","poster_path":"/l178qbh22MX1x38V9EPk37zCjxJ.jpg","popularity":2.9722,"title":"Our Times","video":false,"vote_average":0.0,"vote_count":0},{"adult":false,"backdrop_path":null,"genre_ids":[],"id":349164,"original_language":"en","original_title":"Neon","overview":"A film celebrating the beauty and romance, the art and science of neon: visually stunning, one of the most environmentally friendly forms of lighting ever made, and endangered – LED is slowly but surely taking its place around the globe. Vivid, beautiful and insightful, Neon is the story of this noble element that has so profoundly coloured the modern world.","release_date":"2015-08-11","poster_path":"/s2W1Ntdmv0xNDg7rgIyuumlUeYo.jpg","popularity":2.925176,"title":"Neon","video":false,"vote_average":0.0,"vote_count":0},{"adult":false,"backdrop_path":"/5YOFJeS5k2mVYiDgmMGx0VydCnJ.jpg","genre_ids":[99,10402],"id":331781,"original_language":"en","original_title":"Amy","overview":"A documentary on the late singer/songwriter, who died of alcohol poisoning in 2011.","release_date":"2015-07-10","poster_path":"/hr0laiK7CVmsT87iQml153xs3Up.jpg","popularity":1.913287,"title":"Amy","video":false,"vote_average":6.4,"vote_count":45},{"adult":false,"backdrop_path":"/cE8WgZKovcA41vgGWg7YJzDCbCd.jpg","genre_ids":[28,16],"id":342917,"original_language":"en","original_title":"Batman Unlimited: Monster Mayhem","overview":"The Joker is aided in his Halloween quest to render modern technology useless and take over Gotham City by Solomon Grundy, Silver Banshee, Clayface and Scarecrow.","release_date":"2015-08-18","poster_path":"/rr6uzCps5u8ZGfYc62XGrkHorqh.jpg","popularity":2.907943,"title":"Batman Unlimited: Monster Mayhem","video":false,"vote_average":0.5,"vote_count":1},{"adult":false,"backdrop_path":"/xJ79PrWufIXJoirV3EXTvdgWQgm.jpg","genre_ids":[35],"id":353866,"original_language":"de","original_title":"Toilet Stories","overview":"Five toilets - five stories! This pitch black comedy relentlessly illuminates the darkest corners of society, thereby revealing a colorful potpourri of human perfidy. The five intertwined episodes are staged in the manner of an intimate play, occasionally testing the audiences moral judgment.","release_date":"2015-08-13","poster_path":"/3a38ONXKQ9eL05WbhRS9uigTmWJ.jpg","popularity":2.8483,"title":"Toilet Stories","video":false,"vote_average":0.0,"vote_count":0},{"adult":false,"backdrop_path":"/l9L2KIUR3R68zlLK2Ylw4dp5dP.jpg","genre_ids":[53],"id":342502,"original_language":"en","original_title":"AWOL-72","overview":"An AWOL marine in possession of secret government information, is a wanted man, pursued by Russian special ops, the LAPD, and a dangerous assassin.","release_date":"2015-08-07","poster_path":"/4SDZU2bOEJyYSEn5kiuMuczUxqp.jpg","popularity":2.834401,"title":"AWOL-72","video":false,"vote_average":5.3,"vote_count":4},{"adult":false,"backdrop_path":null,"genre_ids":[99],"id":353099,"original_language":"en","original_title":"Blood on the Coal","overview":"A story of struggle and tragedy, the film features harrowing underground disasters, heroic rescues and traces a history of strikes, industrial turmoil and the current push by global mining giants to destroy regional communities and replace local mineworkers with a subservient itinerant workforce.","release_date":"2015-08-12","poster_path":"/28AeII311MCMYWkRwTG2VjA7bGq.jpg","popularity":2.773675,"title":"Blood on the Coal","video":false,"vote_average":7.5,"vote_count":1},{"adult":false,"backdrop_path":"/1DeBPZiBb0qeZ7NdzE6nGflgIKd.jpg","genre_ids":[35,18,10749],"id":283227,"original_language":"en","original_title":"A Little Chaos","overview":"A landscape gardener is hired by famous architect Le Notre to construct the grand gardens at the palace of Versailles. As the two work on the palace, they find themselves drawn to each other and are thrown into rivalries within the court of King Louis XIV.","release_date":"2015-08-04","poster_path":"/fgOpbev4wypU7hsqVtUkXu45Cgi.jpg","popularity":2.745978,"title":"A Little Chaos","video":false,"vote_average":4.9,"vote_count":21},{"adult":false,"backdrop_path":"/mlX3NOvUsoLGyvsI9umtAf5rPMO.jpg","genre_ids":[878,53],"id":284674,"original_language":"en","original_title":"Air","overview":"Two custodians struggle to hold onto their sanity living in an underground bunker with cryogenically frozen people meant to re-populate society.","release_date":"2015-08-14","poster_path":"/hQcrwueKVfP3RVprQ746N8UiF4L.jpg","popularity":1.744818,"title":"Air","video":false,"vote_average":4.5,"vote_count":2},{"adult":false,"backdrop_path":"/6ubxvt0EApBariHPOL9X6gn0enM.jpg","genre_ids":[12,28],"id":286873,"original_language":"en","original_title":"Northmen: A Viking Saga","overview":"A band of Vikings cross enemy lines and a panicked race begins. The losers will pay with their lives.","release_date":"2015-07-31","poster_path":"/spEX8rDZk3tL7T6H6vpYAi7KQZl.jpg","popularity":2.722883,"title":"Northmen: A Viking Saga","video":false,"vote_average":5.6,"vote_count":42},{"adult":false,"backdrop_path":null,"genre_ids":[],"id":340361,"original_language":"en","original_title":"Floride","overview":"Comedy -  -  Jean Rochefort, Sandrine Kiberlain, Anamaria Marinca","release_date":"2015-08-12","poster_path":"/lY5tEUGbwfVRPwRhvYGwYUVTeDc.jpg","popularity":1.719198,"title":"Floride","video":false,"vote_average":0.0,"vote_count":0}],"total_pages":25,"total_results":498}
