{"dates":{"minimum":"2015-07-08","maximum":"2015-08-19"},"page":20,"results":[{"adult":false,"backdrop_path":null,"genre_ids":[],"id":350549,"original_language":"ml","original_title":"Love 24x7","overview":"Love 24x7 is a 2015 Indian Malayalam  film written and directed by debutante Sreebala K Menon starring Dileep.","release_date":"2015-07-18","poster_path":"/7QD3BXi8TbXfBW3LR4kZSxdCesN.jpg","popularity":0.159946,"title":"Love 24x7","video":false,"vote_average":6.5,"vote_count":1},{"adult":false,"backdrop_path":null,"genre_ids":[35],"id":348857,"original_language":"en","original_title":"Eugene Mirman: Vegan on His Way to the Complain Store","overview":"Stand-up comedian Eugene Mirman takes his act to the Wild West, where he riffs on everything from Internet dating sites to bathroom signs.","release_date":"2015-07-15","poster_path":"/3i2ynrQmrnhWEVRxq1m3PUxKv8D.jpg","popularity":1.15994,"title":"Eugene Mirman: Vegan on His Way to the Complain Store","video":false,"vote_average":9.0,"vote_count":2},{"adult":false,"backdrop_path":null,"genre_ids":[18],"id":351811,"original_language":"es","original_title":"Francisco: el Padre Jorge","overview":null,"release_date":"2015-07-27","poster_path":null,"popularity":1.15837,"title":"Francisco: el Padre Jorge","video":false,"vote_average":0.0,"vote_count":0},{"adult":false,"backdrop_path":"/pSR6PsJCDcwz3GSVEPg5nrLP63m.jpg","genre_ids":[99],"id":352461,"original_language":"de","original_title":"Ein Hells Angel unter Brüdern","overview":"Lutz schelhorn is an artist and photographer. He also happens to be the president of the Stuttgart hells angels charter.","release_date":"2015-07-24","poster_path":"/eMwzN0FLxzgqZyTLdSRB7J25rXA.jpg","popularity":1.154384,"title":"Ein Hells Angel unter Brüdern","video":false,"vote_average":0.0,"vote_count":0},{"adult":false,"backdrop_path":null,"genre_ids":[35,18],"id":345259,"original_language":"fr","original_title":"Les Chaises musicales","overview":null,"release_date":"2015-07-29","poster_path":"/24JfqVmVE8kMbcdIMpYXwlNR6ZR.jpg","popularity":0.154095,"title":"Les Chaises musicales","video":false,"vote_average":0.0,"vote_count":0},{"adult":false,"backdrop_path":null,"genre_ids":[],"id":348663,"original_language":"en","original_title":"Metáfora","overview":"Metáfora is a symbolic voyage inside the dream of an old woman.","release_date":"2015-07-24","poster_path":"/g8L1yc5SN4da4xHsgYjBJPg6wXe.jpg","popularity":1.153545,"title":"Metáfora","video":false,"vote_average":0.0,"vote_count":0},{"adult":false,"backdrop_path":null,"genre_ids":[],"id":293647,"original_language":"en","original_title":"Plástico","overview":"Ana and Leo, are marked since childhood by a sudden event: the suicide of their father. Separately, they take life as they can, without removing the feeling that anything can become as disposable as plastic.","release_date":"2015-07-18","poster_path":"/juPSBdcB5Yn3OpbugvMlw2cZDQC.jpg","popularity":1.149541,"title":"Plastic","video":false,"vote_average":0.0,"vote_count":0},{"adult":false,"backdrop_path":null,"genre_ids":[35],"id":350576,"original_language":"en","original_title":"Comic 8: Casino Kings Part 1","overview":"Sequel of Comic 8. Eight agents of stand up comedian have a mission to locate the base of a mysterious gambling underground boss named \"The King\"","release_date":"2015-07-15","poster_path":"/byjPvo7ZWUvCuepBPsbVH0TP2Vb.jpg","popularity":1.145898,"title":"Comic 8: Casino Kings Part 1","video":false,"vote_average":0.0,"vote_count":0},{"adult":false,"backdrop_path":null,"genre_ids":[],"id":353166,"original_language":"tr","original_title":"Deccal","overview":null,"release_date":"2015-07-24","poster_path":"/3UgIv6eDZ6SD0PeEIvNUKTJIdsf.jpg","popularity":1.145845,"title":"Deccal","video":false,"vote_average":0.0,"vote_count":0},{"adult":false,"backdrop_path":null,"genre_ids":[],"id":348153,"original_language":"en","original_title":"Shem the Penman Sings Again","overview":"Shem The Penman Sings Again deals creatively with the relationship between James Joyce and the renowned Irish tenor John McCormack. It examines Joyce's love of music and song through the Earwicker Twins in Finnegans Wake, Shem the Penman and Shaun the Post, thereby shedding light on Joyce's final difficult novel.","release_date":"2015-07-09","poster_path":null,"popularity":1.145171,"title":"Shem the Penman Sings Again","video":false,"vote_average":0.0,"vote_count":0},{"adult":false,"backdrop_path":"/9770MuaMWhhci2oGrRjD5Z4XG1p.jpg","genre_ids":[],"id":348990,"original_language":"en","original_title":"UFC Fight Night: Mir vs. Duffee","overview":"UFC Fight Night: Mir vs. Duffee (also known as UFC Fight Night 71) was a mixed martial arts event held on July 15, 2015 at the Valley View Casino Center in San Diego, California.","release_date":"2015-07-15","poster_path":"/h6wPPC8qY5kWifBRbBjLE9F70S5.jpg","popularity":1.143212,"title":"UFC Fight Night: Mir vs. Duffee","video":false,"vote_average":0.0,"vote_count":0},{"adult":false,"backdrop_path":null,"genre_ids":[35],"id":348158,"original_language":"de","original_title":"Desaster","overview":null,"release_date":"2015-07-16","poster_path":"/5lZ9GhQIUZ591Tay9r3ZZoH77jw.jpg","popularity":0.141366,"title":"Desaster","video":false,"vote_average":8.0,"vote_count":1},{"adult":false,"backdrop_path":"/qUdQqNUOCgwDgBt2jO8nUxl0AeX.jpg","genre_ids":[18,10749],"id":352624,"original_language":"en","original_title":"Road Trip","overview":"Joseph and Natalie have been inseparable since they met, but there's one thing that could tear them apart...","release_date":"2015-07-22","poster_path":"/98cqqFq2NdR7p21wuf6qhGO9BuT.jpg","popularity":1.141247,"title":"Road Trip","video":false,"vote_average":0.0,"vote_count":0},{"adult":false,"backdrop_path":null,"genre_ids":[35],"id":351428,"original_language":"de","original_title":"Marco Rima - Made in Hellwitzia","overview":null,"release_date":"2015-07-25","poster_path":"/1AuITF8qXLNGq4a8fTYgJaFajWY.jpg","popularity":1.139286,"title":"Marco Rima - Made in Hellwitzia","video":false,"vote_average":0.0,"vote_count":0},{"adult":false,"backdrop_path":null,"genre_ids":[],"id":348269,"original_language":"en","original_title":"Invicta FC 13: Cyborg vs. Van Duin","overview":"Invicta FC 13: Cyborg vs. Van Duin is a mixed-martial arts event held on July 9, 2015 at The Chelsea at The Cosmopolitan in Las Vegas. Headlining the event is a featherweight title fight between champion Cristiane “Cyborg” Justino (13-1, 1 NC) and New Zealand’s Faith Van Duin (5-1). Cyborg successfully defended her 145-pound title at Invicta FC 11, stopping Canadian Charmaine Tweet in 46 seconds. In the night’s co-main event, a new bantamweight champion will be crowned as Tonya Evinger (15-5) locks horns with Mexico’s Irene Aldana (5-1). Also slated for the July event is an atomweight title fight between Brazilian champion Herica Tiburcio (9-2) and Japan’s Ayaka Hamasaki (11-1).","release_date":"2015-07-09","poster_path":"/eVlw5Nf4Qf0KA8mkDg1cfGDxogq.jpg","popularity":0.139198,"title":"Invicta FC 13: Cyborg vs. Van Duin","video":false,"vote_average":0.0,"vote_count":0},{"adult":false,"backdrop_path":null,"genre_ids":[99],"id":348147,"original_language":"en","original_title":"DEFENSORXS","overview":"The film records the everyday struggle of indigenous and LGBT people, the action of defenders of housing rights and justice, the resistance of traditional communities megaobras the state.","release_date":"2015-07-09","poster_path":null,"popularity":1.139198,"title":"DEFENSORXS","video":false,"vote_average":0.0,"vote_count":0},{"adult":false,"backdrop_path":null,"genre_ids":[53,18,9648],"id":287434,"original_language":"en","original_title":"Daimonion","overview":"When an investigative journalist returns home from the Congo to write an explosive book on uranium exports to Iraq, people around him begin to act suspiciously and alarming information about the disappearance of his girlfriend is revealed.","release_date":"2015-07-25","poster_path":"/w8YhU56dhFrn9YJB6EvA3tURy9v.jpg","popularity":1.136131,"title":"Daimonion","video":false,"vote_average":0.0,"vote_count":0},{"adult":false,"backdrop_path":null,"genre_ids":[],"id":281105,"original_language":"en","original_title":"Dive","overview":"George's reflection has turned its back on him and he'll go to great depths to get it back.","release_date":"2015-07-08","poster_path":null,"popularity":1.13579,"title":"Dive","video":false,"vote_average":8.0,"vote_count":1},{"adult":false,"backdrop_path":null,"genre_ids":[18],"id":346793,"original_language":"cs","original_title":"Stop","overview":null,"release_date":"2015-07-09","poster_path":null,"popularity":1.135346,"title":"Stop","video":false,"vote_average":0.0,"vote_count":0}],"total_pages":25,"total_results":497}
