{"dates":{"minimum":"2015-07-08","maximum":"2015-08-19"},"page":25,"results":[{"adult":false,"backdrop_path":null,"genre_ids":[27,10752,28,53],"id":345287,"original_language":"en","original_title":"Soldiers Of The Damned","overview":"WWII German soldiers take an occult scientist into a haunted forest in Romania, only to be confronted by their own ghosts.","release_date":"2015-08-17","poster_path":"/lHm4PsD2bveg7XXEADjLgbNeniA.jpg","popularity":1.039225,"title":"Soldiers Of The Damned","video":false,"vote_average":10.0,"vote_count":2},{"adult":false,"backdrop_path":"/yTRloPJv5BMAbs1INKo8yCR6gBr.jpg","genre_ids":[18,35],"id":291405,"original_language":"en","original_title":"The Breakup Girl","overview":"Three estranged sisters deal with the death of their father.","release_date":"2015-07-10","poster_path":"/8qZ3mFM2GQV3pJljkjDnOqxkwbq.jpg","popularity":1.017628,"title":"The Breakup Girl","video":false,"vote_average":6.0,"vote_count":1},{"adult":false,"backdrop_path":null,"genre_ids":[35,99,18],"id":258967,"original_language":"en","original_title":"The Creep Behind the Camera","overview":"An exploration of the making of b-movie sci-fi cult classic \"The Creeping Terror\" and its con-man director Art \"A.J.\" Nelson/Vic Savage.","release_date":"2015-08-04","poster_path":"/bhd6jdDvTEl9GlRDVDUc3hTHrz8.jpg","popularity":1.010395,"title":"The Creep Behind the Camera","video":false,"vote_average":8.0,"vote_count":1},{"adult":false,"backdrop_path":null,"genre_ids":[53],"id":349028,"original_language":"en","original_title":"The Interior","overview":"After receiving a distressing medical diagnosis, a listless young man flees the crushing tedium of Toronto city life, trading it all for the wilderness of the British Columbian Interior. When his whims go awry, he is reduced to petty thievery just to survive. Fearing his misdeeds will catch up with him, he retreats further and further into the woods only to gradually find himself the target of increasingly inexplicable and disturbing manifestations, which point to a frightening truth: he is not alone. Some one or some thing is pursuing him into THE INTERIOR.","release_date":"2015-07-27","poster_path":"/ywgFbJChoZqNYEp21iH5xqNsSC6.jpg","popularity":0.003113,"title":"The Interior","video":false,"vote_average":0.0,"vote_count":0},{"adult":false,"backdrop_path":"/oUYNQ7L3CnZV5Q7pbwF1oYd8Dp5.jpg","genre_ids":[53,27,9648],"id":347097,"original_language":"en","original_title":"Observance","overview":"In the grip of grief following the death of his young son, his marriage on the rocks and nearing bankruptcy, Parker reluctantly returns to work as a private investigator. Embarking on an unusual assignment to observe a woman from an abandoned apartment, Parker witnesses bizarre happenings surrounding her, unaware that the derelict building that he surveys her from has birthed a dark presence which slowly threatens to consume him.","release_date":"2015-07-19","poster_path":"/bLEs1bk9LnFWzafVzNBuhF34F4N.jpg","popularity":1.002775,"title":"Observance","video":false,"vote_average":0.0,"vote_count":0},{"adult":false,"backdrop_path":null,"genre_ids":[99],"id":341105,"original_language":"en","original_title":"By Sidney Lumet","overview":"A analysis of director Sidney Lumet's work (12 Angry Men, Dog Day Afternoon, Before The Devil Knows You're Dead) in his own words, based on a five days interview recorded shortly before his dead.","release_date":"2015-07-13","poster_path":null,"popularity":0.001547,"title":"By Sidney Lumet","video":false,"vote_average":0.0,"vote_count":0},{"adult":false,"backdrop_path":null,"genre_ids":[35],"id":351965,"original_language":"en","original_title":"Stories I Want to Tell You in Person","overview":"A screen adaptation of Lally Katz's one-woman stage show.  One of Australia's most acclaimed playwrights, Lally Katz made her acting debut – playing herself – in Stories I Want to Tell You in Person, which she wrote for Belvoir St Theatre. Instead of the show they asked her to write, Katz took her commission and spent it on fortune-tellers in New York, and wrote a play about that instead.","release_date":"2015-08-04","poster_path":null,"popularity":1.001368,"title":"Stories I Want to Tell You in Person","video":false,"vote_average":0.0,"vote_count":0},{"adult":false,"backdrop_path":null,"genre_ids":[],"id":336016,"original_language":"en","original_title":"Ruben Guthrie","overview":"An Australian film about a hard-partying Sydney ad man who seeks to start a new chapter in his life.","release_date":"2015-07-17","poster_path":"/ukWGyP950WzaBbEcC9LYDIY0hL0.jpg","popularity":0.000687,"title":"Ruben Guthrie","video":false,"vote_average":0.0,"vote_count":0},{"adult":false,"backdrop_path":null,"genre_ids":[],"id":225796,"original_language":"en","original_title":"The Lamp","overview":"Beginning at the end of a first date, a man and woman continue to get to know each other while sharing a cab home. But when on a date with someone from the Internet, how can you really know who you've just spent the last few hours with?","release_date":"2015-07-26","poster_path":"/jR9pixNeEJTec5M4PhVdBa3cIAg.jpg","popularity":0.000453,"title":"The Lamp","video":false,"vote_average":0.0,"vote_count":0},{"adult":false,"backdrop_path":null,"genre_ids":[],"id":336004,"original_language":"en","original_title":"Bus 657","overview":"A father is without the means to pay for his daughter's medical treatment. As a last resort, he partners with a greedy co-worker to rob a casino. When things go awry they're forced to hijack a city bus.","release_date":"2015-08-08","poster_path":null,"popularity":1.00041,"title":"Bus 657","video":false,"vote_average":0.0,"vote_count":0},{"adult":false,"backdrop_path":null,"genre_ids":[53,27],"id":295466,"original_language":"en","original_title":"Luna de miel","overview":"Jorge, an eccentric and lonely medical doctor, kidnaps Isabel, his neighbor, in an apparent effort to submit her to a classical conditioning experiment to make her his woman; but appearances often hide a more terrifying truth.","release_date":"2015-07-19","poster_path":"/e3sMrnL6EeSroncjwxGo2l6sJBU.jpg","popularity":1.000203,"title":"Honeymoon","video":false,"vote_average":0.0,"vote_count":0},{"adult":false,"backdrop_path":null,"genre_ids":[],"id":269578,"original_language":"es","original_title":"Había una vez en Hungría","overview":"At a place called Boldogzsher, in the mountains of Hungary, lives an extraordinary family that has little to do with our realities. Itsvan and Reka are an artist couple with 5 children, which are all so unique characters that everything they do seems like a new life lesson. They actually live as in the past, its history may be taken from any fairy tale of 300 years ago, full of songs and rituals, live without electricity, practice sword and bow, and their 5 children do not attend school . Their goal: to be creators of a more real life. Their strategy: to escape from reality.","release_date":"2015-08-14","poster_path":"/7b1P37uFx6fNvKpX2dg0cTjKbvX.jpg","popularity":1.00004,"title":"Once Upon A Time In Hungary","video":false,"vote_average":0.0,"vote_count":0},{"adult":false,"backdrop_path":null,"genre_ids":[10749,18],"id":354141,"original_language":"en","original_title":"The Love Affair","overview":"Often in the backseat and a second priority to her partner, a lawyer decides to end her relationship and focuses on herself with a help of a man out of her league.","release_date":"2015-08-12","poster_path":"/60ZsB8BJsVCKFLYF5YaTFu3ZE2c.jpg","popularity":1.0,"title":"The Love Affair","video":false,"vote_average":0.0,"vote_count":0},{"adult":false,"backdrop_path":null,"genre_ids":[],"id":354165,"original_language":"en","original_title":"Off The Grid","overview":"J.Cole takes a day off of recording, and goes off the grid so he can enjoy nature.","release_date":"2015-08-05","poster_path":"/ijn9hsL5Xt4szwBY2rnAKuylk2y.jpg","popularity":0.0,"title":"Off The Grid","video":false,"vote_average":0.0,"vote_count":0},{"adult":false,"backdrop_path":null,"genre_ids":[],"id":354170,"original_language":"en","original_title":"Siembra","overview":"A man and his son move from the Pacific coast of Colombia to Cali, but have a difficult time adapting to the city. When his son is killed, the father must go through the hard process of grief while trying to find roots in a place that does not belong to him.","release_date":"2015-08-10","poster_path":null,"popularity":1.0,"title":"Siembra","video":false,"vote_average":0.0,"vote_count":0},{"adult":false,"backdrop_path":null,"genre_ids":[],"id":354148,"original_language":"en","original_title":"Chant d'hiver","overview":"Film about an appartment building in Paris.","release_date":"2015-08-09","poster_path":null,"popularity":1.0,"title":"Chant d'hiver","video":false,"vote_average":0.0,"vote_count":0},{"adult":false,"backdrop_path":null,"genre_ids":[878],"id":354208,"original_language":"en","original_title":"Timelike","overview":"Madeline and her boyfriend are enjoying a quiet evening at home when they are interrupted by a visit from a stranger bearing a message from Madeline’s future self.","release_date":"2015-07-28","poster_path":"/18bU6peOSS2Z3qigbsjkCVuStcz.jpg","popularity":1.0,"title":"Timelike","video":false,"vote_average":0.0,"vote_count":0}],"total_pages":25,"total_results":497}
