{"dates":{"minimum":"2015-07-08","maximum":"2015-08-19"},"page":12,"results":[{"adult":false,"backdrop_path":"/lFNRogdSQK5FZwsIOlp4dVgZy9s.jpg","genre_ids":[99],"id":324325,"original_language":"en","original_title":"Twinsters","overview":"Adopted from South Korea, raised on different continents &amp; connected through social media, Samantha &amp; Anaïs believe that they are twin sisters separated at birth.","release_date":"2015-07-17","poster_path":"/8Lx52qRrlhpDcxTlQu7l4Vw1nMw.jpg","popularity":1.417072,"title":"Twinsters","video":false,"vote_average":0.0,"vote_count":0},{"adult":false,"backdrop_path":null,"genre_ids":[99],"id":345732,"original_language":"en","original_title":"The Silences","overview":"New Zealand-born Margot Nash scrutinises the memories and mementoes of her childhood to understand the unhappiness of her parents, and the corrosive instability of the household from which she fled as a young woman in the early 70s.","release_date":"2015-07-22","poster_path":"/yNbJexHrs8ICqO0Iua2Qfc92bxP.jpg","popularity":0.414619,"title":"The Silences","video":false,"vote_average":0.0,"vote_count":0},{"adult":false,"backdrop_path":null,"genre_ids":[],"id":353199,"original_language":"en","original_title":"Diamond Day","overview":"The morning after hosting a drug-fueled house party, Gracie wakes to learn her ex-boyfriend Feller is dealing with pseudo-friend Kree and roommate Tanya had her precious heirloom pendant stolen. Gracie embarks to retrieve the necklace, meeting friends and acquaintances along the way in a languorous, darkly humourous study of the precarious transition between youth and adulthood.","release_date":"2015-08-04","poster_path":"/kZsmTZdXIujAkSP6ToOex8KBwWe.jpg","popularity":1.414232,"title":"Diamond Day","video":false,"vote_average":0.0,"vote_count":0},{"adult":false,"backdrop_path":"/79yGDxKkqx50tTHLdGtzEgkpCgF.jpg","genre_ids":[18],"id":293646,"original_language":"en","original_title":"Los 33","overview":"Based on a true story about the collapse at the mine in San Jose, Chile that  left 33 miners isolated underground for 69 days.","release_date":"2015-08-06","poster_path":"/6mc7puEFsXEm29SscGrJs6i8Ji7.jpg","popularity":1.411756,"title":"The 33","video":false,"vote_average":0.0,"vote_count":1},{"adult":false,"backdrop_path":null,"genre_ids":[99],"id":345718,"original_language":"en","original_title":"Belief: The Possession of Janet Moses","overview":"This impressive doco disperses the fog of shame and sensationalism to shed light on the tragedy that made international headlines in 2007 when a young Wainuiomata woman died during a mākutu lifting.","release_date":"2015-07-28","poster_path":null,"popularity":0.409765,"title":"Belief: The Possession of Janet Moses","video":false,"vote_average":0.0,"vote_count":0},{"adult":false,"backdrop_path":null,"genre_ids":[18],"id":353734,"original_language":"en","original_title":"Spit","overview":"When a teenage orphan moves into a small desert town, he finds himself immediately caught up in a turf war between neo-Nazis and punks.","release_date":"2015-07-27","poster_path":"/w10KqDJtyu2khMCdvlC73Lc6EgH.jpg","popularity":1.40867,"title":"Spit","video":false,"vote_average":6.5,"vote_count":1},{"adult":false,"backdrop_path":null,"genre_ids":[99],"id":345730,"original_language":"en","original_title":"Return of the Free China Junk","overview":"A historic wooden Chinese sailing junk that crossed the Pacific in 1955 makes an even more improbable return journey after the family of its original sailors campaign to save it from the scrapheap and bring it home.","release_date":"2015-07-28","poster_path":null,"popularity":0.408443,"title":"Return of the Free China Junk","video":false,"vote_average":0.0,"vote_count":0},{"adult":false,"backdrop_path":"/uSH3tND8qSIeyBmfmXhjUgh6GDq.jpg","genre_ids":[35],"id":348023,"original_language":"en","original_title":"The Spoils Before Dying","overview":"Fictional author-filmmaker, Eric Jonrosh, adapts his epic tale of a pianist-turned-detective investigating a murder in the 1950s underground jazz scene.","release_date":"2015-07-10","poster_path":"/sECvT9imSrvgoVYj4OJF8Vwr2TN.jpg","popularity":0.405469,"title":"The Spoils Before Dying","video":false,"vote_average":6.5,"vote_count":1},{"adult":false,"backdrop_path":null,"genre_ids":[99],"id":352114,"original_language":"en","original_title":"Quay","overview":"The documentary centres on Stephen and Timothy Quay, as viewers will get an insight into the \"inner workings of the brothers' studio\".","release_date":"2015-08-19","poster_path":null,"popularity":1.405388,"title":"Quay","video":false,"vote_average":0.0,"vote_count":0},{"adult":false,"backdrop_path":null,"genre_ids":[35,99],"id":352552,"original_language":"en","original_title":"Hurricane of Fun: The Making of Wet Hot","overview":"Exclusive behind-the-scenes footage offers a glimpse into the comic minds behind a \"Wet Hot\" summer-camp cult hit featuring many future stars.","release_date":"2015-07-31","poster_path":"/2FkLFNbnxKjmkbOXIvJBJkc6vpE.jpg","popularity":0.404056,"title":"Hurricane of Fun: The Making of Wet Hot","video":false,"vote_average":8.0,"vote_count":1},{"adult":false,"backdrop_path":"/AuQAkUm7BC1ggVQsyAbnZ1AjchV.jpg","genre_ids":[35],"id":342281,"original_language":"fr","original_title":"Une famille à louer","overview":"Forty-year-old Paul-André is a timid, rather introverted man. Rich but alone, he is deeply bored and ends up concluding that what he needs is a family. Violette, a forty-year-old full of energy, is threatened with eviction and is afraid she'll lose custody of her two children. Paul-André then proposes a totally above the board contract to rent the family in exchange for him paying off Violette's debts. For better and for worse..","release_date":"2015-08-19","poster_path":"/hvzKJMQ4ThcfU4VIz8hlMFcitkm.jpg","popularity":0.401015,"title":"Une famille à louer","video":false,"vote_average":8.0,"vote_count":1},{"adult":false,"backdrop_path":"/mtnWJXyov4IxcOx5QGziDrOyQFC.jpg","genre_ids":[18,53],"id":273599,"original_language":"en","original_title":"The Suicide Theory","overview":"Steven Ray was never quite normal. But when tragedy strikes in the form of a deadly hit-and-run incident at a city cross walk, his violent and bizarre behavior becomes uncontrollable. One night, as Steven plots his next murder, he meets Percival, whose unsuccessful attempt at suicide not only interferes with Stevens plans, but the chance encounter also introduces the two into each others sad and lonely lives.  Percival believes hes cursed after miraculously surviving each suicide attempt and concludes fate brought he and Steven together. So he hires Steven to assist him in suicide. Steven does not believe in fate and thinks Percival is desperate and delusional. But he accepts the offer. Easy money.  After Percival continues to miraculously survive each attempt on his life, Steven starts to believe. He tries to help Percival figure out ways to break the curse. And in the process, they form an unlikely friendship through the common bond of tragedy.","release_date":"2015-07-10","poster_path":"/dyXyn2SJSF3WZeEWjOgNuMuGzPc.jpg","popularity":1.400275,"title":"The Suicide Theory","video":false,"vote_average":8.5,"vote_count":1},{"adult":false,"backdrop_path":null,"genre_ids":[28,35,18],"id":348595,"original_language":"zh","original_title":"煎餅俠","overview":"Jian Bing Man tells the story of a young man from a poor family and who earns a living by selling jian bing (Chinese pancakes). Because he sells the best jian bing of the city, this character will become a superhero ...","release_date":"2015-07-17","poster_path":"/5rAawXFcnLG6uvMkO99lTC11BZu.jpg","popularity":1.399519,"title":"Jian Bing Man","video":false,"vote_average":6.5,"vote_count":3},{"adult":false,"backdrop_path":"/vuph8ylX8ZocVc9oVJdTCbVwI42.jpg","genre_ids":[28,12,16],"id":350499,"original_language":"ja","original_title":"ポケモン・ザ・ムービーXY 光輪の超魔神 フーパ","overview":"Ash, Pikachu, and their friends come to a desert city by the sea. Here they meet the Mythical Pokémon Hoopa, which has the ability to summon things—including people and Pokémon—through its magic rings. After a scary incident, they learn of a story about a brave hero who stopped the rampage of a terrifying Pokémon long ago. Now, the threat that has been bottled up for years is in danger of breaking loose again.","release_date":"2015-07-18","poster_path":"/1cIiPRVV2L0ItDkIdt4pGfeSTOz.jpg","popularity":0.398926,"title":"Pokémon the Movie: Hoopa and the Clash of Ages","video":false,"vote_average":10.0,"vote_count":4},{"adult":false,"backdrop_path":"/3MnNAY6LlHQR7Zk66cnbjNdXokx.jpg","genre_ids":[16,99],"id":348304,"original_language":"en","original_title":"My Depression (The Up and Down and Up of It)","overview":"Based on Elizabeth Swados’ picture book of the same name, this animated short film charts one woman's struggle with depression.","release_date":"2015-07-13","poster_path":"/dpSj8ApYOG8W6gtciYGKvqewg7.jpg","popularity":1.398696,"title":"My Depression (The Up and Down and Up of It)","video":false,"vote_average":9.0,"vote_count":1},{"adult":false,"backdrop_path":null,"genre_ids":[35],"id":345594,"original_language":"en","original_title":"Je suis mort mais j'ai des amis","overview":"Four bearded, hairy rock musicians - and Belgians - bury the singer of their group. Out of friendship and to prove to itself that nothing can stop them, they decide to leave on tour to Los Angeles with its ashes. The day before the departure, a serviceman with a moustache appears as the lover of their friend. Their journey takes an at least unexpected tour ...","release_date":"2015-07-22","poster_path":"/qzOK2XcHJx64HrVSnEqE4hdtBYS.jpg","popularity":1.398508,"title":"Je suis mort mais j'ai des amis","video":false,"vote_average":0.0,"vote_count":0},{"adult":false,"backdrop_path":null,"genre_ids":[],"id":347952,"original_language":"en","original_title":"栀子花开","overview":"A college couple has their relationship tested by the obstacles they encounter realizing their artistic dreams.","release_date":"2015-07-10","poster_path":"/o3NqjGWtR5EXj248w4h1MldYKlW.jpg","popularity":1.395617,"title":"Forever Young","video":false,"vote_average":0.0,"vote_count":0},{"adult":false,"backdrop_path":null,"genre_ids":[99],"id":216529,"original_language":"en","original_title":"Doomed: The Untold Story of Roger Corman's the Fantastic Four","overview":"Doomed: The Untold Story of Roger Corman's \"The Fantastic Four\" is a feature length documentary tracking the history of the troubled 1994 Concord-New Horizon's/Constantin Films' \"production, \"The Fantastic Four\".","release_date":"2015-07-09","poster_path":"/wpTSArnAXtf9z0w2bZsiQ9uiSeo.jpg","popularity":1.39458,"title":"Doomed: The Untold Story of Roger Corman's the Fantastic Four","video":false,"vote_average":0.0,"vote_count":0},{"adult":false,"backdrop_path":null,"genre_ids":[80,18,53],"id":253286,"original_language":"en","original_title":"Two Step","overview":"Two Step is a fast-paced Texas thriller in which the lives of James, a directionless college dropout, and Webb, a career criminal with his back against the wall, violently collide.","release_date":"2015-07-31","poster_path":"/m8cLGWAWuWtnDy3Vr1nFl8ZKjIY.jpg","popularity":0.394123,"title":"Two Step","video":false,"vote_average":0.0,"vote_count":0},{"adult":false,"backdrop_path":"/wz585wN11cGJ6ir6TPPV1jdd3KO.jpg","genre_ids":[35],"id":337677,"original_language":"fr","original_title":"Microbe et Gasoil","overview":"Two young friends embark on a road trip across France in a vehicle they built themselves.","release_date":"2015-07-08","poster_path":"/8bia4921dVnEYbTlNWPmz8LBoKM.jpg","popularity":1.393232,"title":"Microbe et Gasoil","video":false,"vote_average":6.5,"vote_count":4}],"total_pages":25,"total_results":497}
