{"dates":{"minimum":"2015-07-08","maximum":"2015-08-19"},"page":16,"results":[{"adult":false,"backdrop_path":null,"genre_ids":[53,27,10402,35],"id":350916,"original_language":"en","original_title":"Spidarlings","overview":"Poverty stricken lovers Eden and Matilda have enough trouble just getting through the days, but when Eden buys a pet spider the real troubles start.","release_date":"2015-07-22","poster_path":"/u6c6kGlOURJc4h7rkI0pRCG9fT0.jpg","popularity":1.293738,"title":"Spidarlings","video":false,"vote_average":10.0,"vote_count":1},{"adult":false,"backdrop_path":null,"genre_ids":[],"id":347873,"original_language":"en","original_title":"Ghost I Don't Remember","overview":"A bigoted old woman is convinced her flat is haunted by a ghost. Holy water, prayers and demon hunters: it's never safe enough!","release_date":"2015-07-08","poster_path":null,"popularity":1.291145,"title":"Ghost I Don't Remember","video":false,"vote_average":0.0,"vote_count":0},{"adult":false,"backdrop_path":null,"genre_ids":[],"id":347874,"original_language":"en","original_title":"Triptyque","overview":"A mysterious woman, screams, an enigma... Within the span of a movement, a harrowing situation is deciphered through a fascinating trilogy.","release_date":"2015-07-08","poster_path":null,"popularity":1.291144,"title":"Triptyque","video":false,"vote_average":0.0,"vote_count":0},{"adult":false,"backdrop_path":null,"genre_ids":[],"id":353544,"original_language":"en","original_title":"I'm You, Dickhead","overview":"A man travels back in time to force his 10 year old self to learn guitar, so that he can get more action with the ladies in the present day.","release_date":"2015-08-03","poster_path":"/qA2dhe1NYaJo2yRdw7994H4563G.jpg","popularity":1.2827,"title":"I'm You, Dickhead","video":false,"vote_average":0.0,"vote_count":0},{"adult":false,"backdrop_path":null,"genre_ids":[53,80,18],"id":350839,"original_language":"en","original_title":"Cash Only","overview":"A derelict landlord desperately tries to repay stolen cash to a dog-fighting sociopath who has his daughter abducted.","release_date":"2015-07-23","poster_path":null,"popularity":1.28073,"title":"Cash Only","video":false,"vote_average":0.0,"vote_count":0},{"adult":false,"backdrop_path":null,"genre_ids":[35],"id":345542,"original_language":"en","original_title":"They Want Dick Dickster","overview":"Hollywood movie director, Dick Dickster, is a drunk hack with a big ego and a bad attitude. He's broke, in debt, and unemployable. His manager, Sammy Davas Jr. wants to dump him as a client. His wife, Hardy, is divorcing him and wants alimony. Dick owes the mob fifty grand and hit man Tony Baritoni has been sent to collect. And District Attorney Ed Lawler is re investigating statutory rape charges against Dick from his cult movie: Cult of Doom. A film school student, Tim Meeks begins filming a documentary about Dick. They interview producers, directors and actors about their bizarre encounters with The Dickster. Then a mysterious XXX producer, Coco Hart, offers Dick 100-K to turn Cult of Doom into: Cult of Poon. Dick can't say no.","release_date":"2015-07-20","poster_path":"/peEDW86k0NhmQ572Bx1r1BXlDfF.jpg","popularity":1.279465,"title":"They Want Dick Dickster","video":false,"vote_average":0.0,"vote_count":0},{"adult":false,"backdrop_path":null,"genre_ids":[99],"id":348187,"original_language":"en","original_title":"Spyball","overview":"President Franklin Delano Roosevelt once told the head of the Office of Strategic Services (precursor to the CIA), “Give my regards to the catcher.” The catcher was Moe Berg, who spent 15 seasons in the majors before taking up espionage for the government. Spyball tells the extraordinary story of Berg, a linguist/Ivy-educated lawyer/.243 lifetime hitter whom manager Casey Stengel called “the strangest man to ever play the game of baseball.” Berg walked in eclectic circles, counting Babe Ruth, Albert Einstein, and the Marx Brothers among his friends, but it was his service to his country that truly distinguished him. His surreptitious filming of Tokyo during a 1934 baseball tour helped develop strategies for the eventual bombing of the city during World War II, and his cloak-and-dagger mind games involving a German scientist helped prove that the Nazis were failing in their attempts to develop an atomic bomb.","release_date":"2015-07-08","poster_path":null,"popularity":1.277502,"title":"Spyball","video":false,"vote_average":0.0,"vote_count":0},{"adult":false,"backdrop_path":null,"genre_ids":[],"id":346761,"original_language":"cs","original_title":"Jeder der fällt hat Flügel","overview":"Time stands still for young and asthmatic Kati, but she has to bid her farewell to move on.","release_date":"2015-07-08","poster_path":"/6zX0I8xWl5oU7jPTDU3Gkp3QYO9.jpg","popularity":1.277016,"title":"Those Who Fall Have Wings","video":false,"vote_average":0.0,"vote_count":0},{"adult":false,"backdrop_path":null,"genre_ids":[],"id":348618,"original_language":"en","original_title":"88:88","overview":"88:88 (or –:–) appears if you cannot afford to pay your bills, demonstrating that people who live in poverty live in suspended time.","release_date":"2015-08-01","poster_path":"/nAxHOCiKcdWm5D57YHwfIab5bvS.jpg","popularity":1.273861,"title":"88:88","video":false,"vote_average":0.0,"vote_count":0},{"adult":false,"backdrop_path":"/u8OXfUjM7guqxHp8D7348cvJvje.jpg","genre_ids":[10749],"id":348812,"original_language":"zh","original_title":"命中注定","overview":null,"release_date":"2015-07-24","poster_path":"/nSR8zvNPP2HUMugGWWWnoc4c8dZ.jpg","popularity":1.273503,"title":"Only You","video":false,"vote_average":6.5,"vote_count":1},{"adult":false,"backdrop_path":null,"genre_ids":[99],"id":329902,"original_language":"en","original_title":"Down in the Valley","overview":"Sacramento and its mayor Kevin Johnson fight to keep their hometown NBA team.","release_date":"2015-08-01","poster_path":null,"popularity":1.272372,"title":"Down in the Valley","video":false,"vote_average":0.0,"vote_count":0},{"adult":false,"backdrop_path":null,"genre_ids":[],"id":352669,"original_language":"en","original_title":"You, Your Brain, & You","overview":"A comedic and episodic look at how the Brain Institute helped 81 people with their brain skills--from the ordinary (intelligence and creativity) to the extraordinary (controlling the weather and bending space-time). But one man is determined to show that the head of the Brain Institute is a fraud and a charlatan.","release_date":"2015-08-01","poster_path":null,"popularity":1.271262,"title":"You, Your Brain, & You","video":false,"vote_average":0.0,"vote_count":0},{"adult":false,"backdrop_path":"/v90KMpo4PuxuCryO5DnMXLvnmi3.jpg","genre_ids":[],"id":348695,"original_language":"en","original_title":"ROH Death Before Dishonor XIII","overview":"Death Before Dishonor XIII is a professional wrestling event produced by Ring of Honor (ROH), which took place on July 24, 2015 at the William J Myers Pavilion in Baltimore, Maryland.","release_date":"2015-07-24","poster_path":"/gQilsV4ZDpoTvJW5vqSI0jAUfVA.jpg","popularity":1.270271,"title":"ROH Death Before Dishonor XIII","video":false,"vote_average":0.0,"vote_count":0},{"adult":false,"backdrop_path":null,"genre_ids":[16,14,878],"id":349136,"original_language":"en","original_title":"The Arti: The Adventure Begins","overview":"Combining ancient designs discovered on the Silk Road, and an enigmatic natural power called the Origin, Zhang Meng created Arti-C, a powerful mechanical man made of wood and metal. Having stirred up fears, he was accused of treason and slain — but not before entrusting the Arti to his son Mo, who controls the wooden robot, and his daughter Tong, a cocky swordswoman. The siblings, now grown, pursue a perilous quest across the desert in search of the legendary city of Loulan, where they hope to find the Origin at its source. However, with ambitious royal schemes afoot and a mysterious tribe guarding the Origin, the Zhangs’ goal will not be easy to achieve. In the battle to come, are they even on the right side?","release_date":"2015-07-19","poster_path":"/dkGq06IMYAIMBvw5GNJWr2FamlC.jpg","popularity":1.269639,"title":"The Arti: The Adventure Begins","video":false,"vote_average":0.0,"vote_count":0},{"adult":false,"backdrop_path":null,"genre_ids":[],"id":348754,"original_language":"en","original_title":"The Jokesters","overview":"Four friends prank a Cabin in the Woods nightmare on their friend's honeymoon so well that it actually becomes The Cabin in the Woods horror in real life.","release_date":"2015-07-21","poster_path":"/wfQspFLFV99XKo8iLwB4gZzaPOH.jpg","popularity":1.26716,"title":"The Jokesters","video":false,"vote_average":2.0,"vote_count":1},{"adult":false,"backdrop_path":null,"genre_ids":[10402,18,10749,35],"id":350331,"original_language":"en","original_title":"B-Side","overview":"A radio DJ makes fun of, and ultimately falls for, a fading pop star in this romantic comedy.","release_date":"2015-07-21","poster_path":null,"popularity":1.262581,"title":"B-Side","video":false,"vote_average":0.0,"vote_count":0},{"adult":false,"backdrop_path":null,"genre_ids":[53,18,27],"id":352101,"original_language":"en","original_title":"The Blood of Love","overview":"After the death of her husband, a woman acquires a machine that will bring him back to life. But the machine operates on blood and her husband's resurrections are lasting for shorter and shorter periods of time.","release_date":"2015-07-28","poster_path":null,"popularity":1.260736,"title":"The Blood of Love","video":false,"vote_average":0.0,"vote_count":0},{"adult":false,"backdrop_path":"/b9tqBmNisaSXdvS8W0BfV4hCWDK.jpg","genre_ids":[10402],"id":351895,"original_language":"en","original_title":"Lynyrd Skynyrd - One More For The Fans","overview":"On one special night last November 12, 2014, at a live event headlined by Lynyrd Skynyrd, an extraordinary collection of artists came together at the Fox Theatre in Atlanta, GA to perform the music of Skynyrd, one of the most influential bands of our time. The unique concert featured incredible performances by Lynyrd Skynyrd, including an unforgettable rendition of Travelin Man, performed as a duet between Johnny Van Zant and his late brother Ronnie, who appeared via archival video.","release_date":"2015-07-31","poster_path":"/atA0INDMZ6wShMqJyeVKN9WT19A.jpg","popularity":1.259283,"title":"Lynyrd Skynyrd - One More For The Fans","video":false,"vote_average":7.0,"vote_count":1},{"adult":false,"backdrop_path":null,"genre_ids":[53],"id":346170,"original_language":"en","original_title":"The Chosen","overview":"When a child-stealing demon attaches itself to a little girl, her family is thrust into a battle against time in order to save the girl and send the demon back to hell.","release_date":"2015-07-23","poster_path":"/aMPh4FDNBhwjnfg8RniGahZc5z9.jpg","popularity":1.257586,"title":"The Chosen","video":false,"vote_average":8.0,"vote_count":1},{"adult":false,"backdrop_path":null,"genre_ids":[],"id":352107,"original_language":"en","original_title":"Feeder","overview":"A songwriter must decide what lines he's willing to cross when a dark entity starts providing him with inspiration for an ever increasing price.","release_date":"2015-07-28","poster_path":null,"popularity":1.25738,"title":"Feeder","video":false,"vote_average":0.0,"vote_count":0}],"total_pages":25,"total_results":497}
