{"dates":{"minimum":"2015-07-08","maximum":"2015-08-19"},"page":11,"results":[{"adult":false,"backdrop_path":"/5riNUTVRmzRSiT6XkoUz7ZhqGCW.jpg","genre_ids":[],"id":260778,"original_language":"en","original_title":"Vaalu","overview":"Vaalu (English: Naughty) is an upcoming Tamil comedy film directed by debut director Vijay Chander. The film will feature Silambarasan and Hansika Motwani in lead roles.It has Ganesh and Brahmanandam in supporting roles. The film is produced by S. S. Chakravarthy and features background score and soundtrack composed by S. Thaman. Only few portions of the movie are left to be shot and the movie is expected to be released on Ajith's Birthday (May 1,2014) coinciding with Simbu's Birthday whereas Audio launch is announced to be held on Valentines Day 2014.","release_date":"2015-08-14","poster_path":"/8cHRlM5n5dMclKhgKnc1Y1FiY1q.jpg","popularity":0.454215,"title":"Vaalu","video":false,"vote_average":0.0,"vote_count":0},{"adult":false,"backdrop_path":null,"genre_ids":[16,10749,14,12,35],"id":351565,"original_language":"en","original_title":"Kert Mesék","overview":"Our favorite childhood fairy tales now in animated version.","release_date":"2015-08-02","poster_path":null,"popularity":1.453974,"title":"Garden of Fairy Tales","video":false,"vote_average":0.0,"vote_count":0},{"adult":false,"backdrop_path":null,"genre_ids":[10752,99],"id":352732,"original_language":"en","original_title":"Snow Monkey","overview":"For almost 50 years, activist artist George Gittoes has stood on the frontlines of the world's most brutal conflicts and borne witness to the best and the worst of humanity. Now living in Afghanistan's remote, Taliban-infested Jalalabad province, Gittoes turns his attention to the lives of the children and outcasts of this war-torn land.  In Snow Monkey, Gittoes paints a portrait of a Jalalabad seething with humanity, adversity and hope – focusing on three gangs of children: the Ghostbusters, persecuted Kochi boys who hawk exorcisms of bad luck and demons; the Snow Monkeys, who sell ice cream to support their families; and the Gangsters, a razor gang led by a nine-year-old antihero called Steel, terrifying to the core but still capable of experiencing aspects of the childhood seemingly taken from him.  With a deeply humane vision that won him the Sydney Peace Prize, Gittoes shows us the unseen nature of Afghanistan's politics, culture and society, up close and startlingly personal.","release_date":"2015-08-03","poster_path":"/w2MSTAocuiZSwJnWqSrnYTyUlpZ.jpg","popularity":1.452798,"title":"Snow Monkey","video":false,"vote_average":0.0,"vote_count":0},{"adult":false,"backdrop_path":"/2KVeGKUN997LmZCFgtdcH0dZT2N.jpg","genre_ids":[18],"id":309242,"original_language":"en","original_title":"Mississippi Grind","overview":"Gerry is a talented poker player whose habit is getting the best of him. He convinces younger player Curtis to join him on a road trip, and they begin gambling their way towards a high-stakes game in New Orleans. During their journey, true motivations are revealed, and the two bond.","release_date":"2015-08-13","poster_path":"/fnFAdysfnJ3aiKOWalHL4wX3qNI.jpg","popularity":0.45018,"title":"Mississippi Grind","video":false,"vote_average":0.0,"vote_count":0},{"adult":false,"backdrop_path":null,"genre_ids":[18],"id":343856,"original_language":"de","original_title":"Becks letzter Sommer","overview":"Robert Beck failed as a musician and works frustrated as a teacher - until he learns about his gifted student Rauli. A musical genius: He sings and plays guitar like a young god. Beck is motivated to help Rauli to become a successful and published musician to fulfill his own long-held dreams of a music career.","release_date":"2015-07-23","poster_path":"/wYrEXby1Lm9rb5wCUWhIUN9KYqs.jpg","popularity":0.44817,"title":"Becks letzter Sommer","video":false,"vote_average":0.0,"vote_count":0},{"adult":false,"backdrop_path":"/23dNTPaxFDkfTWb36rf4lAaD0kJ.jpg","genre_ids":[35,18],"id":308453,"original_language":"en","original_title":"The Bronze","overview":"In 2004, Hope Ann Greggory became an American hero after winning the bronze medal for the women's gymnastics team. Today, she's still living in her small hometown, washed-up and embittered. Stuck in the past, Hope must reassess her life when a promising young gymnast threatens her local celebrity status.","release_date":"2015-07-10","poster_path":null,"popularity":0.4474,"title":"The Bronze","video":false,"vote_average":6.0,"vote_count":1},{"adult":false,"backdrop_path":"/4dn2WVpaJiZWziFSfZxl6rGPQny.jpg","genre_ids":[10749,35],"id":277387,"original_language":"es","original_title":"Sólo química","overview":null,"release_date":"2015-07-24","poster_path":"/iwGCO2aLNmRJtmLt6K3m7UB2jIO.jpg","popularity":1.438785,"title":"Sólo química","video":false,"vote_average":5.3,"vote_count":2},{"adult":false,"backdrop_path":null,"genre_ids":[10402,27],"id":285743,"original_language":"en","original_title":"The Devil's Carnival: Alleluia!","overview":"The Devil's Carnival: Alleluia! is the second episode of The Devil's Carnival. The episode will revolve around the war between Hell and Heaven.","release_date":"2015-08-01","poster_path":"/34bOCDDvlxsNtKgy0ubOT83n0Ix.jpg","popularity":1.438195,"title":"The Devil's Carnival: Alleluia!","video":false,"vote_average":0.0,"vote_count":0},{"adult":false,"backdrop_path":null,"genre_ids":[99],"id":345723,"original_language":"en","original_title":"Philip Dadson: Sonics From Scratch","overview":"As deeply fascinated by the conceptual as the biographical, this comprehensive portrait of one of our great experimental artists is essential viewing for anyone with even a passing interest in New Zealand art and music.","release_date":"2015-07-25","poster_path":null,"popularity":1.436264,"title":"Philip Dadson: Sonics From Scratch","video":false,"vote_average":0.0,"vote_count":0},{"adult":false,"backdrop_path":null,"genre_ids":[12],"id":348499,"original_language":"en","original_title":"Bad Night","overview":"When Kate (Lauren Luthringshausen) and Abby (Jenn McAllister) get mistaken for a couple of famous art thieves, their fun night out quickly goes from good to bad.","release_date":"2015-07-21","poster_path":"/t8EJ2r3P4zqeHsXKoDl2kEKE2kd.jpg","popularity":0.436101,"title":"Bad Night","video":false,"vote_average":10.0,"vote_count":1},{"adult":false,"backdrop_path":null,"genre_ids":[],"id":353930,"original_language":"en","original_title":"El Movimiento","overview":"During the first half of the 19th century, in a vast and desolated land fallen into anarchy, several armed groups drift along the infinite Pampas demanding support and food from the peasants. Even if they are bitter rivals, they all claim to pledge allegiance to the “movimiento”. Among these gangs is one led by Señor, an educated man who, with two of his followers, intends to found a peaceful new order. But while his enchanting words and manners seem appealing, his methods reveal an unstoppable thirst for power.","release_date":"2015-08-06","poster_path":null,"popularity":0.43524,"title":"The Movement","video":false,"vote_average":0.0,"vote_count":0},{"adult":false,"backdrop_path":null,"genre_ids":[99],"id":345722,"original_language":"en","original_title":"Out of the Mist: An Alternate History of New Zealand Cinema","overview":"Tim Wong’s elegantly assembled and illustrated film essay contemplates the prevailing image of a national cinema while privileging some of the images and image-makers displaced by the popular view of filmmaking in New Zealand. Narrated by Eleanor Catton.","release_date":"2015-07-20","poster_path":"/pVDbG79xIvrkw5Tey6jY18hxWcR.jpg","popularity":1.434224,"title":"Out of the Mist: An Alternate History of New Zealand Cinema","video":false,"vote_average":0.0,"vote_count":0},{"adult":false,"backdrop_path":null,"genre_ids":[],"id":347942,"original_language":"en","original_title":"Meathead Goes Hog Wild","overview":"A young man tries to self-justify that he's a good person, only to spiral into primitive urges, leaving his mark all over Chicago.","release_date":"2015-07-20","poster_path":null,"popularity":1.43407,"title":"Meathead Goes Hog Wild","video":false,"vote_average":0.0,"vote_count":0},{"adult":false,"backdrop_path":null,"genre_ids":[35,27,53],"id":348197,"original_language":"en","original_title":"Penis Man: Dickapitated","overview":"An unfinished short video that resulted in being more of a two minute action sequence than a film. The unofficial sequel/homage to Letterboxd user, James Healey's short film, Penis Boy - concentrating on a teleporting, disheveled and perverted homeless man with an enormous rubber dildo-penis, as he attempts to stalk and assault an innocent young woman.","release_date":"2015-07-10","poster_path":"/8rPd6Xzx8PBW2DCuYONmxU8kNY3.jpg","popularity":0.431862,"title":"Penis Man: Dickapitated","video":false,"vote_average":10.0,"vote_count":1},{"adult":false,"backdrop_path":null,"genre_ids":[10749],"id":351523,"original_language":"ko","original_title":"동창회의 목적","overview":"Dongchul, who is managing a small bar, is always enthusiastic about his school reunions. One day, Yujin, who has never showed up to a reunion, shows up at his bar. Her baby face and vitality make her unlike other married women and all the men fall for her, especially Dongchul. They start a relationship but it abruptly flames out due to the sudden arrival of Dongchul’s wife. As they get to know each other's secrets, will their love be allowed to grow?","release_date":"2015-08-06","poster_path":"/pvOEezSADqceWFkahi7qCKG5A09.jpg","popularity":1.431122,"title":"Purpose of Reunion","video":false,"vote_average":0.0,"vote_count":0},{"adult":false,"backdrop_path":"/udTpaVxZL4vxv73ZnvtH2wtnJ1W.jpg","genre_ids":[],"id":352055,"original_language":"en","original_title":"Revel in the Chaos","overview":"It's there. The urge to dominate, to subjugate, maybe even to kill. It's locked off in a shadowy corner of the psyche - uncouth and closely guarded - traits that could make you a monster: or a champion. Revel In The Chaos is a new film bent on taking Brandon Semenuk's riding to the next level. Directed by Rupert Walker and showcasing a bold new visual style, the movie will push the boundaries of what is possible on two wheels.","release_date":"2015-08-04","poster_path":"/oFTjqN2Bidev6Wk4ff5DXefXxrW.jpg","popularity":1.43053,"title":"Revel in the Chaos","video":false,"vote_average":0.0,"vote_count":0},{"adult":false,"backdrop_path":null,"genre_ids":[18],"id":300153,"original_language":"en","original_title":"Life","overview":"A photographer for Life Magazine is assigned to shoot pictures of James Dean.","release_date":"2015-07-15","poster_path":"/os7DZfORbF1mj4L461JQAzIExnY.jpg","popularity":1.42926,"title":"Life","video":false,"vote_average":1.0,"vote_count":1},{"adult":false,"backdrop_path":"/7777n0L8iK9aEFd7ijNg1ibO9g9.jpg","genre_ids":[28],"id":311166,"original_language":"en","original_title":"Maari","overview":"A local don locks horns with the new cop, who has come to his place, but both are not what they initially seem to be.","release_date":"2015-07-17","poster_path":"/elpacKvOLoog90WwRH9dUpid0wd.jpg","popularity":0.421901,"title":"Maari","video":false,"vote_average":5.0,"vote_count":1},{"adult":false,"backdrop_path":"/xx7nxnm8y7i2hf6xDFfrZAw87Gq.jpg","genre_ids":[53,80],"id":346592,"original_language":"en","original_title":"10 Cent Pistol","overview":"A story about two lifelong criminals who maneuver through the shady underbelly of Los Angeles in search of wealth, love and redemption.","release_date":"2015-07-24","poster_path":"/xmseWgchc7xhJI0Wid6swnR46gC.jpg","popularity":1.421251,"title":"10 Cent Pistol","video":false,"vote_average":5.5,"vote_count":1},{"adult":false,"backdrop_path":null,"genre_ids":[],"id":346203,"original_language":"en","original_title":"Høvdinger","overview":"After release from prison, he finds his brother mistreated and dying in the hospital. When trying to find out what's been going on, he soon is involved with Albanian mafia and responsible for his brothers debt.","release_date":"2015-07-17","poster_path":null,"popularity":1.420289,"title":"Høvdinger","video":false,"vote_average":0.0,"vote_count":0}],"total_pages":25,"total_results":497}
