{"dates":{"minimum":"2015-07-08","maximum":"2015-08-19"},"page":14,"results":[{"adult":false,"backdrop_path":null,"genre_ids":[],"id":352872,"original_language":"en","original_title":"The Strange Lives of the Not So Destined","overview":"A man goes to a palm reader and is not prepared for the visit's impact.","release_date":"2015-08-02","poster_path":null,"popularity":1.341916,"title":"The Strange Lives of the Not So Destined","video":false,"vote_average":0.0,"vote_count":0},{"adult":false,"backdrop_path":null,"genre_ids":[9648,35],"id":352805,"original_language":"en","original_title":"The Massively Mixed-Up Middle School Mystery","overview":"When the ultimate prank sends their principal under water, it's up to Everett, Alyssa and Riley to put their super detective skills to the test, catch the perp, and save their school's first dance in 40 years.","release_date":"2015-08-01","poster_path":"/ibTD4SjT9DjiYH0qcaXMQnMldZj.jpg","popularity":1.338483,"title":"The Massively Mixed-Up Middle School Mystery","video":false,"vote_average":0.0,"vote_count":0},{"adult":false,"backdrop_path":"/vHP8js1SBf6ZAdPwhTX1HOr66sU.jpg","genre_ids":[18],"id":352633,"original_language":"en","original_title":"The Sound Mixers","overview":"Two high school filmmakers enter a field to receive B-Sound for another student's film. As they do so they have an uncomfortable discussion about their future.","release_date":"2015-08-01","poster_path":"/q6NvWDxSY2wrJuuEK13CL50ZkRJ.jpg","popularity":0.337477,"title":"The Sound Mixers","video":false,"vote_average":0.0,"vote_count":0},{"adult":false,"backdrop_path":null,"genre_ids":[28],"id":348060,"original_language":"fr","original_title":"Antigang","overview":null,"release_date":"2015-08-19","poster_path":"/4xlrCisAZ3NTyHsd4SZog6X1tn3.jpg","popularity":0.336593,"title":"Antigang","video":false,"vote_average":0.0,"vote_count":0},{"adult":false,"backdrop_path":null,"genre_ids":[],"id":352165,"original_language":"en","original_title":"Angrej","overview":"A tangled love story spawns lighthearted comedy in rural India circa 1945.","release_date":"2015-07-31","poster_path":"/eEi6NC5esaNiX7PGLng74da3utx.jpg","popularity":0.336456,"title":"Angrej","video":false,"vote_average":0.0,"vote_count":0},{"adult":false,"backdrop_path":null,"genre_ids":[],"id":347548,"original_language":"en","original_title":"Containment","overview":"Neighbours in a block wake one morning to find they have been sealed inside their apartments. Can they work together to find out why? Or will they destroy each other in their fight to escape?","release_date":"2015-07-09","poster_path":"/qCCap7XfIyJnoD0aY5Wg5YOAJMM.jpg","popularity":1.334596,"title":"Containment","video":false,"vote_average":0.0,"vote_count":0},{"adult":false,"backdrop_path":"/tB5ZTgzZ3MILlZxc6J3L7YV11Sw.jpg","genre_ids":[18],"id":353759,"original_language":"en","original_title":"Last Day Of School (爸，我放學了)","overview":"Siew Fang, a girl with big dreams but with even bigger responsibilities towards her family. She is faced with the ultimate test when she has to choose between her studies and her family.","release_date":"2015-07-13","poster_path":"/atjNrlW8sMsWHVSGvztNv85TSzk.jpg","popularity":1.33293,"title":"Last Day Of School (爸，我放學了)","video":false,"vote_average":8.0,"vote_count":1},{"adult":false,"backdrop_path":null,"genre_ids":[16],"id":333667,"original_language":"en","original_title":"Rock Dog","overview":"When a radio falls from the sky into the hands of a wide-eyed Tibetan Mastiff, he leaves home to fulfill his dream of becoming a musician, setting into motion a series of completely unexpected events.","release_date":"2015-07-24","poster_path":null,"popularity":0.332898,"title":"Rock Dog","video":false,"vote_average":0.0,"vote_count":0},{"adult":false,"backdrop_path":null,"genre_ids":[878],"id":301295,"original_language":"en","original_title":"Garrison 7","overview":"When an elite special forces commander accidentally uncovers an insidious military conspiracy, his family is brutally murdered. Now the target of an intergalactic manhunt, they will stop at nothing to silence him.","release_date":"2015-07-16","poster_path":"/aCQsURT8ijrXOTPROHHZkU0IMKb.jpg","popularity":0.331562,"title":"Garrison 7","video":false,"vote_average":2.8,"vote_count":2},{"adult":false,"backdrop_path":null,"genre_ids":[18],"id":338406,"original_language":"en","original_title":"この国の空","overview":"Set in Tokyo, Japan near the end of World War II.  19-year-old Satoko (Fumi Nikaido) lives with her mother (Youki Kudoh) and her aunt. The war is turning more grave. Even though Satoko is near the age to get married, she can't even think of marriage due to the unstable situation. Satoko then begins to communicate with her neighbor, Ichikawa (Hiroki Hasegawa). He has avoided military service due to failing his physical test. As Satoko communicates with Ichikawa, she begins to awake as a woman.","release_date":"2015-08-01","poster_path":"/3N7KkwA1TF1kBBwSJH7rbLHZVeH.jpg","popularity":1.331285,"title":"This Country’s Sky","video":false,"vote_average":0.0,"vote_count":0},{"adult":false,"backdrop_path":null,"genre_ids":[99],"id":345734,"original_language":"en","original_title":"Tom Who? The Enigma of Tom Kreisler","overview":"Shirley Horrocks’ doco sheds new light on the life and art of Tom Kreisler, a 20th-century New Zealand painter with scant interest in landscape but a strong affinity with Mexican traditions and the wit and verve of Pop Art.","release_date":"2015-07-30","poster_path":null,"popularity":1.331182,"title":"Tom Who? The Enigma of Tom Kreisler","video":false,"vote_average":2.0,"vote_count":1},{"adult":false,"backdrop_path":null,"genre_ids":[53,80,18],"id":348580,"original_language":"en","original_title":"The Brighton Mob","overview":"Ryan, a well-intentioned, young police officer with a troubled past, is just out of training when a Senior Officer singles him out as a perfect candidate for an undercover sting. Ryan is transformed into Max, a young criminal with a force-ten temper who infiltrates a notorious gang of bank robbers, headed by the enigmatic and elusive master-thief known only as \"The Monopoly Man\".  Struggling with his identity, Ryan is drawn closer to the gang and finds himself crossing the line to the point of no return as he takes part in their biggest heist yet. When the gang are caught and locked together in a cell, with rumours of a \"snitch\" in their midst, Ryan must maintain his criminal persona just to stay alive.","release_date":"2015-07-13","poster_path":"/dS8UM8OjOhe8zCk1QE0PKLPejJB.jpg","popularity":1.329036,"title":"The Brighton Mob","video":false,"vote_average":0.0,"vote_count":0},{"adult":false,"backdrop_path":"/A3cLl0ICDhV7i8EoCiFA0A38iBN.jpg","genre_ids":[],"id":351285,"original_language":"en","original_title":"UFC on Fox: Dillashaw vs. Barao 2","overview":"UFC on Fox: Dillashaw vs. Barão 2 (also known as UFC on Fox 16) was a mixed martial arts event held on July 25, 2015 at the United Center in Chicago, Illinois. The event was headlined by a UFC Bantamweight Championship rematch between current champion T.J. Dillashaw and former champion Renan Barão. The co-main event featured a UFC Women's Bantamweight Championship title eliminator bout between former Strikeforce Women's Bantamweight champion Miesha Tate and Jessica Eye.","release_date":"2015-07-25","poster_path":"/5EGBaPnTXIXU3rRFHhYh1T9lG1r.jpg","popularity":1.327653,"title":"UFC on Fox: Dillashaw vs. Barao 2","video":false,"vote_average":10.0,"vote_count":1},{"adult":false,"backdrop_path":"/pSAmJnIlCLuv9IIU5xqaYw7Aswh.jpg","genre_ids":[],"id":273912,"original_language":"en","original_title":"The Young Kieslowski","overview":"Grand romantic gestures need not apply in this comedic tale of star-crossed young love. Instead, freshman Brian Kieslowski displays endless reserves of bumbling awkwardness as he goes home with a girl for the first time... and then learns that he got her pregnant... with twins... all while she's going through a rather inconvenient Christianity phase. Could it be that being the good guy and doing what's right are two very different things?","release_date":"2015-07-24","poster_path":"/8HCdL7Sk4x9VixImjqepKHffjsj.jpg","popularity":1.325733,"title":"The Young Kieslowski","video":false,"vote_average":0.0,"vote_count":0},{"adult":false,"backdrop_path":null,"genre_ids":[18,10402],"id":352207,"original_language":"en","original_title":"Solace","overview":"A micro-budget/experimental exploration of grief and affliction.","release_date":"2015-07-29","poster_path":"/baGWeVOsK56ykwDpGy8R1xlPSBc.jpg","popularity":1.323479,"title":"Solace","video":false,"vote_average":10.0,"vote_count":2},{"adult":false,"backdrop_path":null,"genre_ids":[53],"id":350563,"original_language":"en","original_title":"Angel","overview":"Based on the book Core of Evil by Nigel McCrery. Detective Chief Inspector Mark Lapslie and Sergeant Emma Bradbury are called to the scene of a car accident, but that's not the reason they are there. The accident uncovered the decomposed body of a woman. Lapslie, doesn't understand why the case has been assigned to him. DCI Lapslie is a solitary man, but not by choice. Living with a rare condition known as synaesthesia, he can literally taste sound. As he investigates, he is aware of being watched. Once he discovers there is a serial killer at work, his superiors want him to back off.","release_date":"2015-07-20","poster_path":"/ynlLc7BihNWK5BhiSGRoLjxEF1g.jpg","popularity":1.322963,"title":"Angel","video":false,"vote_average":4.5,"vote_count":2},{"adult":false,"backdrop_path":null,"genre_ids":[99],"id":353105,"original_language":"en","original_title":"Toe Tag Parole: To Live and Die on Yard A","overview":"In 2000, a California State Prison inmate serving Life Without Parole (LWOP) approached the warden to request a dedicated yard for men serving life sentences that would break the code of violence dominating prison life. The California Department of Corrections and Rehabilitation (CDCR) subsequently transformed Yard A at California State Prison into The Progressive Programming Facility, which inmates call The Honor Yard. The only one of its kind in the United States, this experimental prison yard is free of violence, racial tensions, gang activity and illegal drug and alcohol use.","release_date":"2015-08-03","poster_path":"/l1SlkzhWpWHTNULjr0LpAGR8zA5.jpg","popularity":0.322013,"title":"Toe Tag Parole: To Live and Die on Yard A","video":false,"vote_average":0.0,"vote_count":0},{"adult":false,"backdrop_path":"/nB1J4RDFgp8x0LXo2hQz4gIT5YR.jpg","genre_ids":[10749,10770,10751],"id":348393,"original_language":"en","original_title":"Family for Christmas","overview":"At the height of her career, investigative journalist Hannah Dunbar finds herself wondering what would have been had she stayed with the love of her life, Ben, 10 years before. When Santa Claus hears her “what ifs?” as a Christmas wish, he transports Hannah to a version of her life where she and Ben started a family.","release_date":"2015-07-11","poster_path":"/uvh17SCutLAmdTbPg2JvVh2cqFW.jpg","popularity":1.32093,"title":"Family for Christmas","video":false,"vote_average":0.0,"vote_count":0},{"adult":false,"backdrop_path":null,"genre_ids":[],"id":347945,"original_language":"en","original_title":"Synchronicity","overview":"In this mind-bending 'Sci-Fi Noir' a daring physicist folds time to travel into the past, trying to stop a mysterious woman from stealing his invention. But once there, he uncovers a surprising truth about the machine, the woman, and his own fractured reality.","release_date":"2015-07-22","poster_path":null,"popularity":1.318587,"title":"Synchronicity","video":false,"vote_average":0.0,"vote_count":0},{"adult":false,"backdrop_path":"/wRjU1KPkAiBW1Y6gaIXAXrv7LXv.jpg","genre_ids":[],"id":345370,"original_language":"en","original_title":"Hollywood Road Trip","overview":"Chaz, a vintage magazine collector, decides to go on a road trip with his friends to Hollywood after discovering his evil landlord's plot to kill the creator of their favorite magazine. With everything at stake, Chaz is forced to choose between his beloved vintage collection, his best friends, the girl of his dreams, or saving an innocent man's life.","release_date":"2015-07-21","poster_path":"/lxlv3TdIX7xIhI4HqPy4ltV4jGz.jpg","popularity":1.318343,"title":"Hollywood Road Trip","video":false,"vote_average":0.0,"vote_count":0}],"total_pages":25,"total_results":497}
