{"dates":{"minimum":"2015-07-08","maximum":"2015-08-19"},"page":6,"results":[{"adult":false,"backdrop_path":null,"genre_ids":[],"id":353651,"original_language":"en","original_title":"Recollection","overview":"Essay film about Jaffa's history as told by mainstream films.","release_date":"2015-08-08","poster_path":null,"popularity":1.905869,"title":"Recollection","video":false,"vote_average":0.0,"vote_count":0},{"adult":false,"backdrop_path":null,"genre_ids":[],"id":353625,"original_language":"en","original_title":"Kyel","overview":"A troubled man finds his own cure in the vast darkness of his room. Trying to persuade his lover to come back, he discovers a new form of therapy - his greatest ordeal, a terrible encounter he has to escape from. The horrors inside his head creeps into his skin and digs deep into his senses, bringing him closer to a much more shocking reality which leaves him no choice but to face his atrocious demise eye to eye.","release_date":"2015-08-08","poster_path":"/qBRzP7OgLoMTHUSRLvZCgvtFSMQ.jpg","popularity":1.899944,"title":"Kyel","video":false,"vote_average":0.0,"vote_count":0},{"adult":false,"backdrop_path":null,"genre_ids":[28,878,53],"id":346634,"original_language":"en","original_title":"Kennedy's Finest","overview":"In a timeline where JFK wasn't assassinated and a top-secret time travel program was created, two groups of travelers with different ideals are sent after a teenager who's actions in the near future could impact how America is shaped for years to come.","release_date":"2015-08-06","poster_path":"/4Wxvov2snSMIJDeTrfZ0YAn7LfH.jpg","popularity":0.8971,"title":"Kennedy's Finest","video":false,"vote_average":2.5,"vote_count":1},{"adult":false,"backdrop_path":null,"genre_ids":[],"id":353626,"original_language":"en","original_title":"Nenok","overview":"Nenok, a nine-year-old street kid in Malolos, Bulacan adopts the city’s historic Barasoain Church as his temporary home and his personal space for mischief to the distress and annoyance of Mang Johnny -- the stern parish groundskeeper.","release_date":"2015-08-08","poster_path":"/qi67b6kgOsoghZ6NkiLlFpt58RK.jpg","popularity":1.895299,"title":"Nenok","video":false,"vote_average":0.0,"vote_count":0},{"adult":false,"backdrop_path":null,"genre_ids":[878,27],"id":341886,"original_language":"es","original_title":"June","overview":null,"release_date":"2015-08-01","poster_path":"/JSuo3xldQj0cf2IL70vVSJ8mHZ.jpg","popularity":1.887782,"title":"June","video":false,"vote_average":10.0,"vote_count":1},{"adult":false,"backdrop_path":null,"genre_ids":[],"id":354128,"original_language":"en","original_title":"Go Away Mr. Tumor","overview":"A young woman begins to live life to the fullest when she receives a diagnosis of cancer.","release_date":"2015-08-14","poster_path":"/qhff3cvg2hrxXzaU6CCSQ0adJl6.jpg","popularity":1.8816,"title":"Go Away Mr. Tumor","video":false,"vote_average":0.0,"vote_count":0},{"adult":false,"backdrop_path":"/jxWcBKH7hE8mJvCegWCBrJuJ2dI.jpg","genre_ids":[27,53],"id":157544,"original_language":"en","original_title":"The Vatican Tapes","overview":"In a highly secured vault deep within the walls of Vatican City, the Catholic Church holds thousands of old films and video footage documenting exorcisms/supposed exorcisms and other unexplained religious phenomena they feel the world is not ready to see. This is the first tape - Case 83-G - stolen from these archives and exposed to the public by an anonymous source.","release_date":"2015-07-24","poster_path":"/uiKoHzltaCzHOzvef9tU4HKhqsc.jpg","popularity":0.875982,"title":"The Vatican Tapes","video":false,"vote_average":5.1,"vote_count":16},{"adult":false,"backdrop_path":"/qS3mQ0hjQ0uVcWS8fRy9CWr4Ddt.jpg","genre_ids":[53,18],"id":292982,"original_language":"en","original_title":"Black Day","overview":"Learning that his wife deceived him with his best friend, Luc falls into a downward spiral...","release_date":"2015-08-15","poster_path":"/9X3wijlFNQ1fYmurTTbfhrikj44.jpg","popularity":1.865951,"title":"Black Day","video":false,"vote_average":0.0,"vote_count":0},{"adult":false,"backdrop_path":"/6tUqXFH5Z3j5bmfpwUvXClJZ31z.jpg","genre_ids":[35,28,12],"id":311615,"original_language":"en","original_title":"Smosh: The Movie","overview":"An embarrassing video of Anthony surfaces online right before his fifth high school reunion. The Smosh dudes then race to pull down the clip before it blows Anthony's chances of reconnecting with his teen crush Anna.","release_date":"2015-07-24","poster_path":"/tOSfIes9DGw6STf9Q4H4oGOm2oo.jpg","popularity":1.861663,"title":"Smosh: The Movie","video":false,"vote_average":7.5,"vote_count":8},{"adult":false,"backdrop_path":"/aAIN3FEMLMSHMd4vOYoLnEBp4yB.jpg","genre_ids":[35],"id":352099,"original_language":"en","original_title":"Bangistan","overview":"Two blundering terrorists with lofty ideologies, but ordinary talent, on a mission to change the world.","release_date":"2015-08-07","poster_path":"/fb0PGNTGqXrezktc0xMSr7fdMRl.jpg","popularity":1.860905,"title":"Bangistan","video":false,"vote_average":0.0,"vote_count":0},{"adult":false,"backdrop_path":"/9X6h6ZNd1yW70RLRGFz9Dlgft0A.jpg","genre_ids":[],"id":353430,"original_language":"en","original_title":"Alpha and Omega 5: Family Vacation","overview":"Kate and Humphrey take their pups to Alfred Creek Falls for a vacation, where they find themselves embroiled in a cross-country chase after mad wolf trappers spot them.","release_date":"2015-08-04","poster_path":"/y8z2UEMC7l7TQtA9HJpbp8oP5qD.jpg","popularity":1.84844,"title":"Alpha and Omega 5: Family Vacation","video":false,"vote_average":7.0,"vote_count":1},{"adult":false,"backdrop_path":"/yXK2LkCRv7wcMqIfKwr1UpSMdmq.jpg","genre_ids":[14,16],"id":309809,"original_language":"fr","original_title":"Le Petit Prince","overview":"A pilot crashes in the desert and meets a little boy from a distant planet.","release_date":"2015-07-29","poster_path":"/yPxJrPdI5qBNx2trSs1Lddsi0O1.jpg","popularity":1.827374,"title":"The Little Prince","video":false,"vote_average":5.9,"vote_count":13},{"adult":false,"backdrop_path":"/rdyd6XPsd9DmZsNJ5jZdVtDCnkn.jpg","genre_ids":[18,10749],"id":292431,"original_language":"fr","original_title":"Love","overview":"A sexual melodrama about a boy and a girl and another girl. It's a love story, which celebrates sex in a joyous way.","release_date":"2015-07-15","poster_path":"/dw7Lbq7luiH11cbL5MlJwUdxkUk.jpg","popularity":1.826423,"title":"Love","video":false,"vote_average":5.6,"vote_count":20},{"adult":false,"backdrop_path":null,"genre_ids":[18,53],"id":338930,"original_language":"en","original_title":"Loham","overview":"2015 Malayalam thriller film written and directed by Ranjith. It features Mohanlal as Raju and Andrea Jeremiah as Jayanthi in lead roles along with Ajmal Ameer, Siddique, Mythili, Tini Tom, Vijayaraghavan, Renji Panicker and V. K. Prakash in significant roles. The film is produced by Antony Perumbavoor under the banner Aashirvad Cinemas.","release_date":"2015-08-07","poster_path":null,"popularity":0.822041,"title":"Loham","video":false,"vote_average":0.0,"vote_count":0},{"adult":false,"backdrop_path":"/e6cRfYCURExovQbDu03OqKuQVrT.jpg","genre_ids":[878,28],"id":342927,"original_language":"en","original_title":"3-Headed Shark Attack","overview":"The world’s greatest killing machine is three times as deadly when a mutated shark threatens a cruise ship. As the shark eats its way from one end of the ship to the next, the passengers fight the deadly predator using anything they can find.","release_date":"2015-07-20","poster_path":"/7jhLmWZvCGgtPCR0skIm4CnNVXH.jpg","popularity":1.814278,"title":"3-Headed Shark Attack","video":false,"vote_average":3.0,"vote_count":1},{"adult":false,"backdrop_path":null,"genre_ids":[],"id":353793,"original_language":"en","original_title":"L'Accademia delle Muse","overview":"Experimental romantic comedy.","release_date":"2015-08-08","poster_path":null,"popularity":1.80657,"title":"L'Accademia delle Muse","video":false,"vote_average":0.0,"vote_count":0},{"adult":false,"backdrop_path":"/njuKz2JFb8njCgXbsflb7yjqjtM.jpg","genre_ids":[53,27],"id":287525,"original_language":"en","original_title":"Kantemir","overview":"A group of actors gather in a remote Northeastern town to rehearse for a mysterious stage production, only to be plunged into a hellish world where their real lives mirror the grisly story of the play.","release_date":"2015-08-18","poster_path":"/3Cvm8aTK7Q9NLbPqdbdekoXtSJI.jpg","popularity":1.805356,"title":"Kantemir","video":false,"vote_average":3.5,"vote_count":1},{"adult":false,"backdrop_path":null,"genre_ids":[],"id":353407,"original_language":"en","original_title":"The Disappearance of Willie Bingham","overview":"Progressive Amputation is introduced as a new form of punishment for particularly heinous crimes, in this pitch-black social satire by Matt Richards.","release_date":"2015-08-07","poster_path":"/93piOrLG7t2HwHyCpIjEjkHXWl4.jpg","popularity":1.805195,"title":"The Disappearance of Willie Bingham","video":false,"vote_average":0.0,"vote_count":0},{"adult":false,"backdrop_path":null,"genre_ids":[53],"id":330298,"original_language":"fr","original_title":"La Dame dans l'auto avec des lunettes et un fusil","overview":"She’s the most beautiful, most short-sighted, most sentimental, most perplexing, most obstinate, most untrustworthy and most troubling of heroines. The lady in the car has never seen the sea. On the run from the police, she keeps telling herself that she’s not crazy… Only...","release_date":"2015-08-05","poster_path":"/9DqAO6gdlsHgeXGbomoKKkvLsjC.jpg","popularity":0.803499,"title":"La Dame dans l'auto avec des lunettes et un fusil","video":false,"vote_average":0.0,"vote_count":0},{"adult":false,"backdrop_path":"/6rK5245hk1550QB5Lu92fKfmh5c.jpg","genre_ids":[53,28],"id":341190,"original_language":"sv","original_title":"Johan Falk: Blodsdiamanter","overview":"GSI follow up a weapon trail that leads right into Kavkaz mafia headquarters on the west coast. GSI member Niklas Saxlid is the one in the group who is specialized in undercover operations, and he has penetrated Kavkaz' activities. But suddenly something happens and Niklas disappears.","release_date":"2015-07-27","poster_path":"/gWKLxFlFtVvB89Qc9Thz035LxSN.jpg","popularity":1.802379,"title":"Johan Falk: Blodsdiamanter","video":false,"vote_average":7.5,"vote_count":2}],"total_pages":25,"total_results":497}
