{"dates":{"minimum":"2015-07-08","maximum":"2015-08-19"},"page":8,"results":[{"adult":false,"backdrop_path":"/8gF2z3pOA9fqBgy0pnKhaMvuIB.jpg","genre_ids":[35,10749],"id":347979,"original_language":"ru","original_title":"Гороскоп на удачу","overview":"Max falls into the hands of a \"happy\" horoscope, which he must follow for 30 days, performing all its insane orders to obtain previously unavailable beauty and success. But one day Max's horoscope is replaced...","release_date":"2015-07-16","poster_path":"/lXjggs6A8UnX8uYC7Hs15XHi69e.jpg","popularity":1.681652,"title":"Horoscope for Good Luck","video":false,"vote_average":0.0,"vote_count":0},{"adult":false,"backdrop_path":"/67i6n7WVZbB0lQVBoCTr3iJz0Oc.jpg","genre_ids":[12,16,28],"id":315465,"original_language":"ja","original_title":"バケモノの子","overview":"Kyuta, a boy living in Shibuya, and Kumatetsu, a lonesome beast from Jutengai, an imaginary world. One day, Kyuta forays into the imaginary world and, as he's looking for his way back, meets Kumatetsu who becomes his spirit guide. That encounter leads them to many adventures.","release_date":"2015-07-11","poster_path":"/t7QUPFHXIP1OhgGxuxZfS7r3fcM.jpg","popularity":1.673325,"title":"The Boy and the Beast","video":false,"vote_average":0.0,"vote_count":0},{"adult":false,"backdrop_path":null,"genre_ids":[28,12,878],"id":344147,"original_language":"en","original_title":"Sharktopus vs. Whalewolf","overview":"When a mad scientist mixes the genes of a killer whale and a wolf, it creates the Whalewolf, and it's up to Sharktopus to stop it.","release_date":"2015-07-19","poster_path":"/cK0nbYENnyLYAS01goR2BSmB5f2.jpg","popularity":0.670196,"title":"Sharktopus vs. Whalewolf","video":false,"vote_average":0.0,"vote_count":0},{"adult":false,"backdrop_path":"/qZ9zlRRMD8QQl1TRLFtSxub7d9t.jpg","genre_ids":[28,35,14],"id":334298,"original_language":"zh","original_title":"捉妖记","overview":"Young monster kids try to make peace between the world of humans and the world of the monsters.","release_date":"2015-07-16","poster_path":"/aZW2zbVbba65GejEabYUFklulLE.jpg","popularity":0.6697,"title":"Monster Hunt","video":false,"vote_average":7.4,"vote_count":4},{"adult":false,"backdrop_path":"/gT3xgPyb7yoaVJoeiCefxe0TtTD.jpg","genre_ids":[35,18],"id":348892,"original_language":"hi","original_title":"Bajrangi Bhaijaan","overview":"A young mute girl from Pakistan loses herself in India with no way to head back. A devoted man with a magnanimous spirit undertakes the task to get her back to her motherland and unite her with her family.","release_date":"2015-07-17","poster_path":"/71dIayQVmWw2QEs4AJFpqdv2n0S.jpg","popularity":0.667133,"title":"Bajrangi Bhaijaan","video":false,"vote_average":8.6,"vote_count":31},{"adult":false,"backdrop_path":null,"genre_ids":[27],"id":334948,"original_language":"en","original_title":"Insides","overview":"A bizarre visit with an estranged friend, an unexplained scar, and vivid, violent dreams of an ominous tunnel have Sandy worried something might not be right with her. As she begins to feel sick she becomes more and more paranoid that something is living inside her. Something that wants to become her.","release_date":"2015-08-01","poster_path":"/1oe5HDRVuqdP0wOtjqgvRf5gT2N.jpg","popularity":1.657933,"title":"Insides","video":false,"vote_average":0.0,"vote_count":0},{"adult":false,"backdrop_path":null,"genre_ids":[28,18,10769,10749],"id":295273,"original_language":"zh","original_title":"太平轮（下）","overview":"A story of three couples and their intertwining love stories set in 1940s Taiwan and Shanghai, centered around the 1949 sinking of Taiping.","release_date":"2015-07-30","poster_path":"/tTyeZC4hkiN3qMRDmRtEYWBFD0F.jpg","popularity":1.655299,"title":"The Crossing 2","video":false,"vote_average":0.0,"vote_count":0},{"adult":false,"backdrop_path":"/gkXMt4GpqM4P9hZ6QQpMCCYp0iA.jpg","genre_ids":[10749,18],"id":352350,"original_language":"en","original_title":"Dream Land","overview":"Lida, a careerdriven woman in her late 20s in the developing metropolis of Phnom Penh, Cambodia, sells modern and upscale real estate developments to the growing middle and upper class in contemporary Cambodia. Lida may be thriving as a top real estate agent, but in her personal life , her relationship with her photographer boyfriend is deteriorating. Unable to escape the trauma and prison of her interior monologue, she travels to the quiet beach town of Kep, Cambodia, with her close companions. While the growth and modernization of the city promote an urban and cultural erasure, Kep reveals treasures from Cambodia’s heritage. It is there that Lida discovers that the specters from the past haunt in sublime and beautiful ways.","release_date":"2015-08-05","poster_path":"/cpSvVg4AogfjZGm5IbDM0gFjwIc.jpg","popularity":1.648051,"title":"Dream Land","video":false,"vote_average":0.0,"vote_count":0},{"adult":false,"backdrop_path":null,"genre_ids":[35],"id":348035,"original_language":"en","original_title":"Chris Tucker: Live","overview":"Comedian Chris Tucker performs live.","release_date":"2015-07-10","poster_path":"/2JAAW9lL63F7xpyM5kY4u5e5ZiN.jpg","popularity":1.643338,"title":"Chris Tucker: Live","video":false,"vote_average":6.2,"vote_count":7},{"adult":false,"backdrop_path":"/8s4aV1CYSqUIHm0Za0FzcNMGhq0.jpg","genre_ids":[18,35],"id":320906,"original_language":"ta","original_title":"Orange Mittai","overview":"Orange Mittai is an upcoming Indian Tamil feature film co-written and directed by Biju Viswanath. Produced by actor Vijay Sethupathi, the film features him in the lead role alongside Ramesh Thilak, Arumugam Bala and Aashritha. The normal version talks about what the movie is about - a 48 hour journey in an ambulance. Set to Release in Early 2015.","release_date":"2015-07-31","poster_path":"/nynqz4c0mkZhB3w4pka2LvHYMRn.jpg","popularity":1.639672,"title":"Orange Mittai","video":false,"vote_average":0.0,"vote_count":0},{"adult":false,"backdrop_path":"/ruQbO8ZaisZuwQpiWfe6bAC4Lpx.jpg","genre_ids":[35,18],"id":353408,"original_language":"en","original_title":"Normal Doors","overview":"An OCD gay twentysomething considers a romantic life with a struggling actress he meets at an S&amp;M-themed party.","release_date":"2015-08-06","poster_path":"/4nk6QBCyg3aGrrjWFuoI1ZdR9kP.jpg","popularity":1.63845,"title":"Normal Doors","video":false,"vote_average":0.0,"vote_count":0},{"adult":false,"backdrop_path":null,"genre_ids":[],"id":353572,"original_language":"en","original_title":"Schmoes Know After Hours Show 2015","overview":"The 2015 Schmoes Know After Hours Show","release_date":"2015-08-07","poster_path":"/o4quRXRxciJwJHWOsOaMQ3yg3ic.jpg","popularity":1.635823,"title":"Schmoes Know After Hours Show 2015","video":false,"vote_average":0.0,"vote_count":0},{"adult":false,"backdrop_path":"/eiHLi0BPN5DXztvUDNLV92jUF4D.jpg","genre_ids":[],"id":353104,"original_language":"en","original_title":"Hunter","overview":"It is nightfall. A hunter lurks in the darkness, wandering further towards the impenetrable. Do the meanings lie in the stream, in the mountains, the stars, or in the death of things? A lyrical and ambiguous existential essay film. Utilising organic metaphors within nature, Scott Barley addresses the past of his own cinematic image; where life, paths, obstacles and destinies intertwine. A film made as a \"cleanser\", it is the death of the iconography found within his previous films; a film where no things feature, only suggestions.","release_date":"2015-08-04","poster_path":"/lppqrDUcEumcrweTa4YdMqlnPNW.jpg","popularity":1.630388,"title":"Hunter","video":false,"vote_average":10.0,"vote_count":1},{"adult":false,"backdrop_path":"/r17fCQQDRUx7Vsu6zXJVVb5S3LB.jpg","genre_ids":[],"id":351868,"original_language":"en","original_title":"Appetites","overview":"Daisy is the all-American girl next door with a hunger for true love and an appetite for murder. Then one day Daisy meets the man of her dreams, only to discover that his own lust for killing might make her his next victim.","release_date":"2015-08-04","poster_path":"/nIDM84A00X7SnWTh1jyAbDRQyUH.jpg","popularity":1.628434,"title":"Appetites","video":false,"vote_average":0.0,"vote_count":0},{"adult":false,"backdrop_path":"/3VkgditN5ue7rGZh4EzuW5f8zl8.jpg","genre_ids":[35,10749],"id":351964,"original_language":"en","original_title":"The Escort","overview":"Desperate for a good story, a sex-addicted journalist throws himself into the world of high-class escorts when he starts following a Stanford-educated prostitute.","release_date":"2015-07-28","poster_path":"/jTDXbjCgSaHfmydmydm5ffPpXOy.jpg","popularity":1.627211,"title":"The Escort","video":false,"vote_average":5.7,"vote_count":3},{"adult":false,"backdrop_path":null,"genre_ids":[],"id":348956,"original_language":"en","original_title":"Erlkönig","overview":"A father rides through the forest with his son. The sick child thinks he sees the Erlking, who charms and scares him. Based on Goethe's poem Erlkönig and the music of Schubert and Liszt.","release_date":"2015-08-05","poster_path":null,"popularity":1.625829,"title":"Erlkönig","video":false,"vote_average":0.0,"vote_count":0},{"adult":false,"backdrop_path":null,"genre_ids":[27,878],"id":294562,"original_language":"en","original_title":"Lavalantula","overview":"Giant lava breathing tarantulas – Lavalantulas – erupt out of ancient volcanos in the Santa Monica Mountains, raining death and destruction upon Los Angeles. With the City of Angels on the verge of incineration, only a washed up ‘90s action hero actor (Steve Guttenberg) stands in the way of this monstrous swarm of bloodthirsty creatures who burn their victims alive.","release_date":"2015-07-25","poster_path":"/nu2DRYXzbUjhpogIQYtzGLLTFif.jpg","popularity":0.625752,"title":"Lavalantula","video":false,"vote_average":0.0,"vote_count":0},{"adult":false,"backdrop_path":null,"genre_ids":[],"id":351616,"original_language":"en","original_title":"Slackjaw","overview":"Rob and his best friend Austyn apply to become human guinea pigs at the local medical testing facility of a vaguely intentioned multinational company called EvCorp. As the facility's mere presence has bitterly polarized their town, the two apply in stealth. Only Austyn is accepted - ushered away and out of contact into EvCorp's shadowy interior - leaving Rob to bear the burden of secrecy as well as the private concern that perhaps not all will be well with his buddy. As he navigates both sides of the town's deepening rift, guilt and denial do battle in his mind - evoking eerie visions, paranoia, and a strange physical malady. SLACKJAW is a mildly absurd bromantic dramedy about the path to personal responsibility amidst the divisive fog of a politicized landscape.","release_date":"2015-08-05","poster_path":"/eGo0FfE5fQJvhc4doJBI5q26g0Q.jpg","popularity":0.620829,"title":"Slackjaw","video":false,"vote_average":0.0,"vote_count":0},{"adult":false,"backdrop_path":"/A8qO1SElgk9NESyeyWmwossZpk2.jpg","genre_ids":[27],"id":344593,"original_language":"en","original_title":"Cherry Tree","overview":"Faith’s world is turned upside down after she finds out that her beloved father is dying. When the mysteriously alluring Sissy Young becomes her field hockey coach, Faith finds a compassionate spirit and much-needed mother figure. Little does she know that Sissy is the head of a centuries-old witches’ coven that uses the fruit of an ancient cherry tree in a secret ritual that restores life to the dead and dying. Offering to cure her father in exchange for a child, Sissy strikes a bargain with Faith, who suddenly finds herself pregnant with a baby that’s growing at an alarming rate. But with the clock to the child’s birth ticking down and the true intention of Sissy’s plans for humanity becoming more apparent, Faith and her father must stand together in order to save both their lives.","release_date":"2015-08-04","poster_path":"/o15uG6oIE2iSVY7Dj7foydAhxUO.jpg","popularity":0.618079,"title":"Cherry Tree","video":false,"vote_average":0.0,"vote_count":0},{"adult":false,"backdrop_path":null,"genre_ids":[],"id":273153,"original_language":"fr","original_title":"La belle saison","overview":"Paris, 1971. Delphine meets Carole. The former, a farmer’s daughter, has moved to the capital in order to become financially independent and dreams of heading up her own business, an inconceivable notion at that time. The latter, who is in a relationship with Alexandre, is gleefully experiencing the beginnings of the feminist rebellion. One of them is reserved, keeps herself to herself, but she knows that she likes other women. The other was completely unaware that she could experience an attraction like this. Their encounter throws their lives into turmoil.","release_date":"2015-08-19","poster_path":"/wwbAn7U8JRA0kSs0TBMAbCOKmwj.jpg","popularity":0.61642,"title":"Summertime","video":false,"vote_average":9.3,"vote_count":2}],"total_pages":25,"total_results":497}
