{"dates":{"minimum":"2015-07-08","maximum":"2015-08-19"},"page":3,"results":[{"adult":false,"backdrop_path":null,"genre_ids":[9648,18,27],"id":351043,"original_language":"en","original_title":"Amnesiac","overview":"Kate Bosworth and Wes Bentley star in the psychological thriller AMNESIAC about a man who wakes up in bed suffering from memory loss after being in an accident, only to begin to suspect that his wife may not be his real wife and that a web of lies and deceit deepen inside the house where he soon finds himself a prisoner.","release_date":"2015-08-14","poster_path":"/f7IlCHLziCUUsG4xhADPgKHnJJu.jpg","popularity":2.61966,"title":"Amnesiac","video":false,"vote_average":0.0,"vote_count":0},{"adult":false,"backdrop_path":"/dcXqo0wUQfeA8T9wwpvPtd2Afws.jpg","genre_ids":[28,16,14],"id":347201,"original_language":"en","original_title":"Boruto: Naruto the Movie","overview":"Boruto is the son of the 7th Hokage Naruto who completely rejects his father. Behind this, he has feelings of wanting to surpass Naruto, who is respected as a hero. He ends up meeting his father's friend Sasuke, and requests to become... his apprentice!? The curtain on the story of the new generation written by Masashi Kishimoto rises!","release_date":"2015-08-07","poster_path":"/c9fjY58wrn3DuVSgcS80LqZsVGL.jpg","popularity":2.593022,"title":"Boruto: Naruto the Movie","video":false,"vote_average":7.2,"vote_count":8},{"adult":false,"backdrop_path":"/b1Vnj6g3g4iCrIPd3uGU3jBSrHi.jpg","genre_ids":[99],"id":305091,"original_language":"en","original_title":"That Sugar Film","overview":"One man's journey to discover the bitter truth about sugar. Damon Gameau embarks on a unique experiment to document the effects of a high sugar diet on a healthy body, consuming only foods that are commonly perceived as 'healthy'. Through this entertaining and informative journey, Damon highlights some of the issues that plague the sugar industry, and where sugar lurks on supermarket shelves.","release_date":"2015-07-31","poster_path":"/rKWEHxj9NtYOpZv7awO5s764JCq.jpg","popularity":2.580594,"title":"That Sugar Film","video":false,"vote_average":4.4,"vote_count":9},{"adult":false,"backdrop_path":null,"genre_ids":[],"id":330362,"original_language":"en","original_title":"Rest Home","overview":"The life of a security guard in a retirement home spirals out of control when he catches his wife with a lover, pushing him to the brink of insanity.","release_date":"2015-08-12","poster_path":null,"popularity":2.568372,"title":"Rest Home","video":false,"vote_average":0.0,"vote_count":0},{"adult":false,"backdrop_path":null,"genre_ids":[10770,9648],"id":348630,"original_language":"en","original_title":"Garage Sale Mystery: The Wedding Dress","overview":"Jennifer Shannon has made a career of finding rare garage sale treasures to resell at the consignment store she owns with her business partner, Dani. When she finds a wedding dress that was worn on the day a groom went missing, Jennifer uses her knack for solving puzzles to investigate this unsolved cold case. After meeting the dress’s original owner, Helen, and finding traces of blood on the dress, Jennifer digs deeper into the decades-old mystery with the help of Detective Lynwood, and the support of her husband, Jason. With every clue that Jennifer uncovers, she gets closer to either finding the long-missing groom, or uncovering a wedding day murder.","release_date":"2015-08-09","poster_path":"/zcXcfsPCG9QKRLWaa8VDh9CYhcZ.jpg","popularity":2.533009,"title":"Garage Sale Mystery: The Wedding Dress","video":false,"vote_average":0.0,"vote_count":0},{"adult":false,"backdrop_path":"/tU92cfEdXtoNy7tMdZFysZ19aGL.jpg","genre_ids":[14],"id":352988,"original_language":"en","original_title":"Dark Moon Rising","overview":"A group of shape-shifting werewolves descend upon a small town in search of a girl who is re-born once every 2000 years. She holds the key to their survival and all will die who stand in their way.","release_date":"2015-08-04","poster_path":"/vBHYrrj8VPeHB1upXtbVLItudVQ.jpg","popularity":2.522788,"title":"Dark Moon Rising","video":false,"vote_average":4.5,"vote_count":2},{"adult":false,"backdrop_path":"/9YR1StCSGxEfHhBk7im7DL1cATk.jpg","genre_ids":[18,35],"id":269148,"original_language":"fr","original_title":"Samba","overview":"Samba migrated to France 10 years ago from Senegal, and has since been plugging away at various lowly jobs. Alice is a senior executive who has recently undergone a burnout. Both struggle to get out of their dead-end lives. Samba's willing to do whatever it takes to get working papers, while Alice tries to get her life back on track until fate draws them together.","release_date":"2015-07-24","poster_path":"/moe9m13aJFMttmNnaiffgVy8hjL.jpg","popularity":2.490486,"title":"Samba","video":false,"vote_average":6.5,"vote_count":116},{"adult":false,"backdrop_path":"/62lljzgk4Rs6HEGmW01Sjs7vg82.jpg","genre_ids":[878,27],"id":296130,"original_language":"en","original_title":"Harbinger Down","overview":"A group of grad students have booked passage on the fishing trawler Harbinger to study the effects of global warming on a pod of Orcas in the Bering Sea. When the ship's crew dredges up a recently thawed piece of old Soviet space wreckage, things get downright deadly. It seems that the Russians experimented with tardigrades, tiny resilient animals able to withstand the extremes of space radiation. The creatures survived, but not without mutation. Now the crew is exposed to aggressively mutating organisms. And after being locked in ice for 3 decades, the creatures aren't about to give up the warmth of human companionship.","release_date":"2015-08-07","poster_path":"/XxOHQe0xyrtQBVtMdiMQ9v2LoY.jpg","popularity":2.481055,"title":"Harbinger Down","video":false,"vote_average":6.3,"vote_count":3},{"adult":false,"backdrop_path":"/qpyUJAyx2dqyDsyxlbRIPkNqlSt.jpg","genre_ids":[35],"id":343934,"original_language":"en","original_title":"Staten Island Summer","overview":"Pals Danny and Frank spend the summer after high school working as lifeguards while figuring out their future.","release_date":"2015-07-30","poster_path":"/5FJwZBSEz97dYn2fTbb9YrVlQP5.jpg","popularity":2.46484,"title":"Staten Island Summer","video":false,"vote_average":5.8,"vote_count":4},{"adult":false,"backdrop_path":"/ciGtrlzwII5bdgJVnaoGM2p24B8.jpg","genre_ids":[35],"id":309245,"original_language":"en","original_title":"Mistress America","overview":"Tracy, a lonely college freshman in New York, is rescued from her solitude by her soon-to-be stepsister Brooke, an adventurous gal about town who entangles her in alluringly mad schemes. Mistress America is a comedy about dream-chasing, score-settling, makeshift families, and cat-stealing.","release_date":"2015-08-14","poster_path":"/b2V6h2VoVAoOOtq5QyjZom2GLMX.jpg","popularity":1.456203,"title":"Mistress America","video":false,"vote_average":4.5,"vote_count":4},{"adult":false,"backdrop_path":null,"genre_ids":[],"id":353469,"original_language":"en","original_title":"AAA TripleManía XXIII","overview":"Triplemanía XXIII was a professional wrestling pay-per-view (PPV) produced by the Asistencia Asesoría y Administración (AAA) promotion that took place on August 9, 2015, at Arena Ciudad de México in Mexico City, Mexico. The event was the twenty-third year in a row that AAA has held a Triplemanía show, and was the thirtieth show held under the Triplemanía name since 1993 as AAA held multiple Triplemanía shows some years. The annual Triplemanía show is AAA's biggest show of the year, serving as the culmination of major storylines and feature wrestlers from all over the world competing in what has been described as AAA's version of WrestleMania or their Super Bowl event.","release_date":"2015-08-09","poster_path":"/uP9VM4gIXai9QzUS5XJbyl0fvH2.jpg","popularity":1.442232,"title":"AAA TripleManía XXIII","video":false,"vote_average":0.0,"vote_count":0},{"adult":false,"backdrop_path":"/zvQmhx4vt2EbKZGGlbJYAiPzwfI.jpg","genre_ids":[27],"id":299245,"original_language":"en","original_title":"The Gallows","overview":"20 years after a horrific accident during a small town school play, students at the school resurrect the failed show in a misguided attempt to honor the anniversary of the tragedy - but soon discover that some things are better left alone.","release_date":"2015-07-10","poster_path":"/rCcmr3PqKohsjl7SlsTRZF0WcUF.jpg","popularity":1.419012,"title":"The Gallows","video":false,"vote_average":6.1,"vote_count":46},{"adult":false,"backdrop_path":null,"genre_ids":[],"id":353426,"original_language":"en","original_title":"The Best of WCW Monday Nitro Volume 3","overview":"Nitro was WCW's flagship show for over 5 years, yielding over 500 hours of action-packed entertainment. Nitro Volumes 1 &amp; 2 combined to showcase a multitude of classic moments. Volume 3 continues this series and this time, anything is possible!","release_date":"2015-08-11","poster_path":"/slXwU6kgGzpmfPNT1WcWPftGLYn.jpg","popularity":2.40985,"title":"The Best of WCW Monday Nitro Volume 3","video":false,"vote_average":0.0,"vote_count":0},{"adult":false,"backdrop_path":"/vwRA35ELofnofmA8LxRfdDjgUKE.jpg","genre_ids":[35,18,10402],"id":253406,"original_language":"en","original_title":"Ten Thousand Saints","overview":"A sweeping multigenerational story set against the backdrop of the raw, roaring New York City of the late 1980s; adoption, teen pregnancy, drugs, hardcore punk rock, the unbridled optimism and reckless stupidity of the young—and old—are all major elements in this heart-aching tale of the son of diehard hippies and his strange odyssey through the extremes of late 20th century youth culture.","release_date":"2015-08-14","poster_path":"/dwOdOO0jPTLamONFHiPk3rMgbLe.jpg","popularity":1.379129,"title":"Ten Thousand Saints","video":false,"vote_average":0.0,"vote_count":0},{"adult":false,"backdrop_path":"/2zmCxeWU4qjxXCRYuF1xR7Fou5V.jpg","genre_ids":[18],"id":250124,"original_language":"en","original_title":"The Diary of a Teenage Girl","overview":"Minnie Goetze is a 15-year-old aspiring comic-book artist, coming of age in the haze of the 1970s in San Francisco. Insatiably curious about the world around her, Minnie is a pretty typical teenage girl. Oh, except that she’s sleeping with her mother’s boyfriend.","release_date":"2015-08-07","poster_path":"/pjKYDczdrg1juolVlY69D1M4xWb.jpg","popularity":2.364695,"title":"The Diary of a Teenage Girl","video":false,"vote_average":0.5,"vote_count":1},{"adult":false,"backdrop_path":null,"genre_ids":[99],"id":351869,"original_language":"en","original_title":"위로공단","overview":"The drastic economic development in South Korea once surprised the rest of the world. However, behind of it was an oppression the marginalized female laborers had to endure. The film invites us to the lives of the working class women engaged in the textile industry of the 1960s, all the way through the stories of flight attendants, cashiers, and non-regular workers of today. As we encounter the vista of female factory workers in Cambodia that poignantly resembles the labor history of Korea, the form of labor changes its appearance but the essence of the bread-and-butter question remains still.","release_date":"2015-08-13","poster_path":"/4PT1qZdR0zbCmnouajKlWwc2I2N.jpg","popularity":2.336199,"title":"Factory Complex","video":false,"vote_average":0.0,"vote_count":0},{"adult":false,"backdrop_path":null,"genre_ids":[18,35],"id":346494,"original_language":"en","original_title":"Coconut Hero","overview":"It's not easy being a teenager and Mike, a sixteen-year-old, has it espcially hard. He lives in the sticks with his mother, a non-stop nagger, in Faintville, a Canadian timber industry town. He has no father, no friends, not even a favorite meal. Basically, his sole wish is simply to vanish from the face of the earth. One day, Mike writes his own obituary and shoots himself. To his great disappointment he wakes up the in the local hospital. During a routine examination, the doctors discover a plum-sized tumor in his brain. Mike can scarcely believe his luck and keeps the illness to himself to avoid undergoing surgery that would save him. Staring death directly in the eyes, however, changes Mike's point of view and he re-evaluates his opinion of both enchanting and crazy Miranda. Somebody seems to understand him after all.","release_date":"2015-08-13","poster_path":"/A2PLygSF1A8OOJVnfp5OURsFrpl.jpg","popularity":2.330874,"title":"Coconut Hero","video":false,"vote_average":0.0,"vote_count":0},{"adult":false,"backdrop_path":null,"genre_ids":[12,18,14,53,10749],"id":283378,"original_language":"en","original_title":"Fallen","overview":"Lucinda Price is sent to a reform academy under the assumption that she has killed a boy. There, she meets two mysterious boys, Cam and Daniel, to whom she feels drawn to both. But as the love triangle unfurls, it is Daniel that Luce cannot keep herself away from, and things begin to take a darker turn when she finds out his true identity.","release_date":"2015-08-07","poster_path":"/wEfHtsGIgqcY7ZUKyHaE8PLBfiV.jpg","popularity":1.330317,"title":"Fallen","video":false,"vote_average":0.0,"vote_count":0},{"adult":false,"backdrop_path":null,"genre_ids":[35],"id":342055,"original_language":"ko","original_title":"미쓰 와이프","overview":"By God’s mistake, an arrogant single lawyer turns into a mother of two kids! Yeon-woo, an ambitious lawyer never believes in love is about to start her new job at the biggest law firm in the states. A day before her departure she gets into a car accident and passes out. She arrived in heaven and realizes that she died instead of her namesake. The death manager LEE, to cover his mistake, offers her to live in someone else’s body for one month. Yeon-woo now has to live as a mother of a 6 years old daughter with a mundane officeholder. Will Yeon-woo manage to live as an ordinary housewife?","release_date":"2015-08-13","poster_path":"/hpGmWODQk2BRHOuCXkUQPNyyMTr.jpg","popularity":2.298697,"title":"Wonderful Nightmare","video":false,"vote_average":0.0,"vote_count":0},{"adult":false,"backdrop_path":"/cC1xvDU4kS75gNYBGVxmGJG5UlX.jpg","genre_ids":[16],"id":283161,"original_language":"en","original_title":"Kahlil Gibran's The Prophet","overview":"An animated feature rendition of many of Gibran's poems. Inspired by the classic book by Kahlil Gibran, The Prophet is an animated feature film, with \"chapters\" from animation directors from around the world.","release_date":"2015-08-07","poster_path":"/966RjlMVcNc1gbJ9bdxjgH3saQo.jpg","popularity":1.283754,"title":"Kahlil Gibran's The Prophet","video":false,"vote_average":5.8,"vote_count":2}],"total_pages":25,"total_results":498}
