{"dates":{"minimum":"2015-07-08","maximum":"2015-08-19"},"page":1,"results":[{"adult":false,"backdrop_path":"/kvXLZqY0Ngl1XSw7EaMQO0C1CCj.jpg","genre_ids":[28,12,878],"id":102899,"original_language":"en","original_title":"Ant-Man","overview":"Armed with the astonishing ability to shrink in scale but increase in strength, con-man Scott Lang must embrace his inner-hero and help his mentor, Dr. Hank Pym, protect the secret behind his spectacular Ant-Man suit from a new generation of towering threats. Against seemingly insurmountable obstacles, Pym and Lang must plan and pull off a heist that will save the world.","release_date":"2015-07-17","poster_path":"/7SGGUiTE6oc2fh9MjIk5M00dsQd.jpg","popularity":49.886069,"title":"Ant-Man","video":false,"vote_average":7.1,"vote_count":788},{"adult":false,"backdrop_path":"/uHeMMJIZRVjeS2WIFcxBCdCTdmk.jpg","genre_ids":[28,12,53],"id":177677,"original_language":"en","original_title":"Mission: Impossible – Rogue Nation","overview":"Ethan and team take on their most impossible mission yet, eradicating the Syndicate - an International rogue organization as highly skilled as they are, committed to destroying the IMF.","release_date":"2015-07-31","poster_path":"/yUlpRbbrac0GTNHZ1l20IHEcWAN.jpg","popularity":30.077663,"title":"Mission: Impossible – Rogue Nation","video":false,"vote_average":7.3,"vote_count":364},{"adult":false,"backdrop_path":"/lyVlbE8iRIdGBUwhq79EziqHSBW.jpg","genre_ids":[28,12,878],"id":166424,"original_language":"en","original_title":"Fantastic Four","overview":"Four young scientists teleport to an alternate and dangerous universe, which alters their physical form in shocking ways. They must now use these abilities to save the world from a former friend turned enemy.","release_date":"2015-08-07","poster_path":"/g23cs30dCMiG4ldaoVNP1ucjs6.jpg","popularity":22.264851,"title":"Fantastic Four","video":false,"vote_average":5.1,"vote_count":182},{"adult":false,"backdrop_path":"/nvZVu6inpwLHKqRXZhye3S4uqei.jpg","genre_ids":[28,35,878],"id":257344,"original_language":"en","original_title":"Pixels","overview":"Video game experts are recruited by the military to fight 1980s-era video game characters who've attacked New York.","release_date":"2015-07-24","poster_path":"/ktyVmIqfoaJ8w0gDSZyjhhOPpD6.jpg","popularity":13.361472,"title":"Pixels","video":false,"vote_average":6.5,"vote_count":196},{"adult":false,"backdrop_path":"/iQfaHj1K3oyuoz6h4NHuRn5aU2E.jpg","genre_ids":[35,10749],"id":271718,"original_language":"en","original_title":"Trainwreck","overview":"Having thought that monogamy was never possible, a commitment-phobic career woman may have to face her fears when she meets a good guy.","release_date":"2015-07-17","poster_path":"/2USk7mhiCXRkU9NzttXCzOjg2iV.jpg","popularity":8.038022,"title":"Trainwreck","video":false,"vote_average":6.6,"vote_count":107},{"adult":false,"backdrop_path":"/5VzeN1imymqZu6YAO9bNYdJ9Gde.jpg","genre_ids":[28,18],"id":307081,"original_language":"en","original_title":"Southpaw","overview":"A boxer fights his way to the top, only to find his life falling apart around him.","release_date":"2015-07-24","poster_path":"/dGdjtWfs2vQ7k4Lngotb21qQWK5.jpg","popularity":8.292542,"title":"Southpaw","video":false,"vote_average":6.9,"vote_count":79},{"adult":false,"backdrop_path":"/jdGHRopcOEPDRQVfvuIv4BkxUgw.jpg","genre_ids":[16,12,35,10751],"id":263109,"original_language":"en","original_title":"Shaun the Sheep Movie","overview":"When Shaun decides to take the day off and have some fun, he gets a little more action than he bargained for. A mix up with the Farmer, a caravan and a very steep hill lead them all to the Big City and it's up to Shaun and the flock to return everyone safely to the green grass of home.","release_date":"2015-08-05","poster_path":"/aOHsNN1p2nuiF9WaMaCNXy0T80J.jpg","popularity":7.344852,"title":"Shaun the Sheep Movie","video":false,"vote_average":6.9,"vote_count":102},{"adult":false,"backdrop_path":"/6ATCyuiCzmWF8eBYgawgjK03kZS.jpg","genre_ids":[12,9648,10749],"id":286565,"original_language":"en","original_title":"Paper Towns","overview":"Quentin Jacobsen has spent a lifetime loving the magnificently adventurous Margo Roth Spiegelman from afar. So when she cracks open a window and climbs back into his life-dressed like a ninja and summoning him for an ingenious campaign of revenge-he follows. After their all-nighter ends and a new day breaks, Q arrives at school to discover that Margo, always an enigma, has now become a mystery. But Q soon learns that there are clues-and they're for him. Urged down a disconnected path, the closer he gets, the less Q sees of the girl he thought he knew.","release_date":"2015-07-24","poster_path":"/mIYVDgnzx6Y0f1bSx50cPiBTc2t.jpg","popularity":4.693403,"title":"Paper Towns","video":false,"vote_average":7.1,"vote_count":174},{"adult":false,"backdrop_path":"/fpKyGCOZJsYe2TAKLtziLe6EPj9.jpg","genre_ids":[53,878],"id":238615,"original_language":"en","original_title":"Self/less","overview":"An extremely wealthy elderly man dying from cancer undergoes a radical medical procedure that transfers his consciousness to the body of a healthy young man but everything may not be as good as it seems when he starts to uncover the mystery of the body's origins and the secret organization that will kill to keep its secrets.","release_date":"2015-07-10","poster_path":"/yf8DGTA7K4WAfMm5UwzPsvNKH9C.jpg","popularity":4.945161,"title":"Self/less","video":false,"vote_average":6.1,"vote_count":35},{"adult":false,"backdrop_path":"/A0bFdUMtd4mcXMRou7alzk6HQVZ.jpg","genre_ids":[35,28,12],"id":203801,"original_language":"en","original_title":"The Man from U.N.C.L.E.","overview":"In the early 1960s, CIA agent Napoleon Solo and KGB operative Illya Kuryakin participate in a joint mission against a mysterious criminal organization, which is working to proliferate nuclear weapons.","release_date":"2015-08-14","poster_path":"/5ttOaThDVmTpV8iragbrhdfxEep.jpg","popularity":4.8841,"title":"The Man from U.N.C.L.E.","video":false,"vote_average":3.2,"vote_count":21},{"adult":false,"backdrop_path":"/kvjtq9MDMf67NApxDEBJiKwBvsp.jpg","genre_ids":[53,18,9648],"id":328425,"original_language":"en","original_title":"The Gift","overview":"A husband and wife try to reinvigorate their relationship but their lives are threatened by a \"friend\" from the husband's past who holds a horrifying secret about him, sending their world into a tailspin.","release_date":"2015-08-07","poster_path":"/fqoQIAWAY8ZxsNlZElq9vFOo99X.jpg","popularity":4.688016,"title":"The Gift","video":false,"vote_average":5.5,"vote_count":20},{"adult":false,"backdrop_path":"/w515RooKhTfyub3KHewJa71FHG6.jpg","genre_ids":[18,27,878],"id":338676,"original_language":"en","original_title":"Extinction","overview":"And suddenly, overnight, the world came to a halt. Two men, two survivors, one kid, and hatred that separates them. A place forgotten by everyone, including the creatures that inhabit the Earth... until now.","release_date":"2015-08-07","poster_path":"/xEoleA3nm71cE7wiu4IXfk7yH8K.jpg","popularity":4.638877,"title":"Extinction","video":false,"vote_average":5.3,"vote_count":9},{"adult":false,"backdrop_path":"/umRJ4di4xbpv6jAddHczdt1723S.jpg","genre_ids":[35],"id":262391,"original_language":"fr","original_title":"Qu'est-ce qu'on a fait au Bon Dieu","overview":"A catholic French couple sees their life upside down when their four daughters get married to men of different religion and origins.","release_date":"2015-07-24","poster_path":"/A8SU0M4bvXIU7jMzx7cl5CISV2S.jpg","popularity":3.975927,"title":"Serial (Bad) Weddings","video":false,"vote_average":7.1,"vote_count":336},{"adult":false,"backdrop_path":"/csNJ4Q0uUFbo199oIhOFH1nPHWk.jpg","genre_ids":[12,35],"id":296099,"original_language":"en","original_title":"Vacation","overview":"Hoping to bring his family closer together and to recreate his childhood vacation for his own kids, a grown up Rusty Griswold takes his wife and their two sons on a cross-country road trip to the coolest theme park in America, Walley World. Needless to say, things don't go quite as planned.","release_date":"2015-07-29","poster_path":"/q9kL9WW0Uu4AcfTi5iCLcYzBgnm.jpg","popularity":2.959992,"title":"Vacation","video":false,"vote_average":6.3,"vote_count":37},{"adult":false,"backdrop_path":"/dvaR4SJnJdW3IZZM85RtAQu3GXu.jpg","genre_ids":[18],"id":277546,"original_language":"en","original_title":"The Runner","overview":"In the aftermath of the BP oil spill, an idealistic but imperfect New Orleans politician (Nicolas Cage) finds his plans of restoration unraveling as his own life becomes contaminated with corruption, scandal and deceit.","release_date":"2015-08-07","poster_path":"/mI44EitqcLRahdQH6jC0PeFe7QE.jpg","popularity":3.878746,"title":"The Runner","video":false,"vote_average":5.7,"vote_count":3},{"adult":false,"backdrop_path":"/dKrTgdALHI91LWmwiGlx4EFAVqV.jpg","genre_ids":[18,10402],"id":277216,"original_language":"en","original_title":"Straight Outta Compton","overview":"The group NWA emerges from the streets of Compton, California in the mid-1980s and revolutionizes pop culture with their music and tales about life in the hood.","release_date":"2015-08-14","poster_path":"/tKjqF9KxoP8YNTlz5kWT0hdEami.jpg","popularity":3.79867,"title":"Straight Outta Compton","video":false,"vote_average":7.4,"vote_count":15},{"adult":false,"backdrop_path":"/xZDvZNO2jTF4UImFsem8D2oCW1x.jpg","genre_ids":[80,18,9648],"id":280996,"original_language":"en","original_title":"Mr. Holmes","overview":"The story is set in 1947, following a long-retired Holmes living in a Sussex village with his housekeeper and rising detective son. But then he finds himself haunted by an unsolved 50-year old case. Holmes' memory isn't what it used to be, so he only remembers fragments of the case: a confrontation with an angry husband, a secret bond with his beautiful but unstable wife.","release_date":"2015-07-17","poster_path":"/38lzx3LcDn1FgcmpHdncXnrN705.jpg","popularity":2.759599,"title":"Mr. Holmes","video":false,"vote_average":5.7,"vote_count":32},{"adult":false,"backdrop_path":"/tXfsm1Ei81VlgCnQvoXIzdOxO39.jpg","genre_ids":[53,18],"id":309581,"original_language":"en","original_title":"Lila & Eve","overview":"Lila, a grief-stricken mother reeling from her son’s murder, attends a support group where she meets Eve, who urges her to take matters into her own hands to track down her son’s killers.","release_date":"2015-07-31","poster_path":"/fdpkqyPmcDHnQp0vj59253cweLR.jpg","popularity":3.670281,"title":"Lila & Eve","video":false,"vote_average":5.5,"vote_count":16},{"adult":false,"backdrop_path":null,"genre_ids":[36,28,12,18],"id":348689,"original_language":"en","original_title":"Memories of the Sword","overview":"3 warriors from the Goryo Dynasty lead a riot. Due to the betrayal of Deok-Ki (Lee Byung-Hun), Poong-Chun (Bae Soo-Bin) dies. Deok-Ki then tries to persuade Seol-Rang (Jeon Do-Yeon) to join his side, but she refuses. She then flees with Poong-Chun's sword and his infant daughter.  18 years later, the female warrior is now blind and she trains the young woman (Kim Go-Eun) to use the sword for revenge. Meanwhile, Deok-Ki is the most powerful man in the country. Soon blood will be shed.","release_date":"2015-08-13","poster_path":"/oOsmFyz9RCVfTtap4EiwxCHdr78.jpg","popularity":3.419226,"title":"Memories of the Sword","video":false,"vote_average":10.0,"vote_count":1},{"adult":false,"backdrop_path":"/aIxrPycEI4fQXGcEfUloFP5blKS.jpg","genre_ids":[53],"id":310133,"original_language":"en","original_title":"Cop Car","overview":"A pair of ten-year-olds find an abandoned cop car in a field. When they take it for a joyride, it seems like they could kill themselves at any moment. But things only get worse when the small town sheriff goes looking for his missing car. The kids find themselves in the center of a deadly game of cat and mouse they don't understand and the only way out is to go as fast as their cop car can take them","release_date":"2015-08-07","poster_path":"/uZ2UIZL8aMrwXukUPgoTchjII5q.jpg","popularity":3.310314,"title":"Cop Car","video":false,"vote_average":2.7,"vote_count":19}],"total_pages":25,"total_results":498}
