{"dates":{"minimum":"2015-07-08","maximum":"2015-08-19"},"page":7,"results":[{"adult":false,"backdrop_path":null,"genre_ids":[18,9648,53],"id":352173,"original_language":"en","original_title":"Drishyam","overview":"A simple, street-smart man tries to protect his family from a tough cop looking for his missing son.","release_date":"2015-07-31","poster_path":"/tDQLIFaAbNYJFgH978Fxc6JKkUe.jpg","popularity":0.79603,"title":"Drishyam","video":false,"vote_average":6.5,"vote_count":4},{"adult":false,"backdrop_path":null,"genre_ids":[80,53],"id":346646,"original_language":"en","original_title":"베테랑","overview":"A detective pursues a man born from a wealthy family who runs a large corporation.","release_date":"2015-08-05","poster_path":"/3opjJPQlzqVlNSpciZold7gV7M0.jpg","popularity":0.77294,"title":"Veteran","video":false,"vote_average":8.5,"vote_count":2},{"adult":false,"backdrop_path":null,"genre_ids":[],"id":349177,"original_language":"en","original_title":"Sucker","overview":"When Chinese-Australian teenager Lawrence cheats at and fails his high-school exams, destroying his dreams of a medical degree, he's banished to the country for the summer. There, he meets wily old conman the Professor and his cynical daughter Sarah, and learns that even the sneakiest scam can't conjure up love. Is it a true story? That might be another of Leung's tricks.","release_date":"2015-08-15","poster_path":"/m6TPHVd5QX1fPbXLyMvYAqhynUI.jpg","popularity":1.77105,"title":"Sucker","video":false,"vote_average":0.0,"vote_count":0},{"adult":false,"backdrop_path":null,"genre_ids":[],"id":283568,"original_language":"en","original_title":"Who Shot the Sherriff?","overview":"Wesley Haynes, a previously convicted narcotics dealer, now clean, is accused of shooting the Sherriff and his deputy. Even so, the ballistic evidence shows that the bullets which claimed their lives matched three guns: The Sherriff's, his Deputy's and the Defendant's. In this triangle one man is on the trial, but is he really their man?","release_date":"2015-08-07","poster_path":null,"popularity":0.7639,"title":"Who Shot the Sherriff?","video":false,"vote_average":0.0,"vote_count":0},{"adult":false,"backdrop_path":null,"genre_ids":[35,18],"id":353172,"original_language":"en","original_title":"Comeback","overview":"Thomas, former successful stand up comedian will do anything to get back on the top. Unfortunately at the same time his teenage daughter demands his whole attention threatening the comeback he wants so badly...","release_date":"2015-08-06","poster_path":"/22W8qj4A3dkfdjFLbPpKEuV2dK.jpg","popularity":1.76145,"title":"Comeback","video":false,"vote_average":0.0,"vote_count":0},{"adult":false,"backdrop_path":null,"genre_ids":[],"id":353339,"original_language":"en","original_title":"VLAFF Shorts in Competition: Program 1","overview":"Short Films featured at the 2015 Vancouver Latin American Film Festival.  TAKE THE GUN AND FINISH OFF (Mexico, 2015) - VIDEOGAMES (Argentina, 2014) - CASTILLO Y EL ARMADO (Brazil, 2014) - AQUARIUM (Chile, 2014) - ELEPHANT (Colombia, 2014) - I DON’T SAY GOODBYE, I SAY SEE YOU SOON (Brazil, 2014) - 60 SPRINGS (Uruguay, 2014)","release_date":"2015-08-15","poster_path":"/am5HM5uB8ncDqJVHUqgfimlESM9.jpg","popularity":1.753267,"title":"VLAFF Shorts in Competition: Program 1","video":false,"vote_average":0.0,"vote_count":0},{"adult":false,"backdrop_path":null,"genre_ids":[],"id":353342,"original_language":"en","original_title":"VLAFF Shorts in Competition: Program 2","overview":"Short Films featured at the 2015 Vancouver Latin American Film Festival.  ULTERIOR (Mexico, 2014) - SLEEPER (Argentina, 2015) - SERGIO’S SECRET (Chile, 2015) - TREMBLING (Mexico, 2015) - LIGHTS (Argentina, 2014) - RESINA (Cuba, 2014) - BECERRA (Colombia, 2015)","release_date":"2015-08-15","poster_path":"/mXU8aVbrJ25YoVZAOZLfaE6l7Yu.jpg","popularity":1.753117,"title":"VLAFF Shorts in Competition: Program 2","video":false,"vote_average":0.0,"vote_count":0},{"adult":false,"backdrop_path":null,"genre_ids":[],"id":353125,"original_language":"en","original_title":"The Search For Freedom","overview":"Extreme sports enthusiasts live in the moment.","release_date":"2015-08-06","poster_path":"/it3kJKLSuk6X9wJWm21OqtQ9L7i.jpg","popularity":1.75245,"title":"The Search For Freedom","video":false,"vote_average":0.0,"vote_count":0},{"adult":false,"backdrop_path":"/rozhLv8GkZKjLKgMoR5pm9vRVXn.jpg","genre_ids":[],"id":352570,"original_language":"en","original_title":"UFC 190: Rousey vs. Correia","overview":"UFC 190: Rousey vs. Correia is an upcoming mixed martial arts event that will be held on August 1, 2015 at the HSBC Arena in Rio de Janeiro, Brazil. The event is headlined by a UFC Women's Bantamweight Championship bout between current champion Ronda Rousey and top contender Bethe Correia. The co-main event is a rematch of one of the greatest fights in PRIDE history, as Mauricio “Shogun” Rua battles Rogerio Nogueira in a light heavyweight bout. The event also features heavyweight bouts between Stefan Struve and Rodrigo Nogueira and between Antonio \"Bigfoot\" Silva and Soa Palelei. Also included in the main card is a UFC Women's Strawweight Championship title eliminator bout between Cláudia Gadelha and former WSOF Women's Strawweight champion Jessica Aguilar. The lightweight and bantamweight finals of The Ultimate Fighter: Brazil 4 also takes place in UFC 190.","release_date":"2015-08-01","poster_path":"/dhhq7XJ0d3N5F6eoZLh84bJRo2k.jpg","popularity":1.743402,"title":"UFC 190: Rousey vs. Correia","video":false,"vote_average":0.0,"vote_count":0},{"adult":false,"backdrop_path":null,"genre_ids":[18],"id":258363,"original_language":"en","original_title":"Desierto","overview":"A cat and mouse chase between a Mexican undocumented worker and an American vigilante.","release_date":"2015-08-08","poster_path":"/8JLGVusT1GywiS5ngOopoBMteFO.jpg","popularity":1.7432,"title":"Desierto","video":false,"vote_average":0.0,"vote_count":0},{"adult":false,"backdrop_path":null,"genre_ids":[18],"id":337958,"original_language":"en","original_title":"Last Cab to Darwin","overview":"Rex is a loner, and when he's told he doesn't have long to live, he embarks on an epic drive through the Australian outback from Broken Hill to Darwin to die on his own terms; but his journey reveals to him that before you can end your life, you have to live it, and to live it, you've got to share it.","release_date":"2015-08-06","poster_path":"/2VZVEKZ5Bmvk6cttXbZdOJjWYPm.jpg","popularity":1.737591,"title":"Last Cab to Darwin","video":false,"vote_average":0.0,"vote_count":0},{"adult":false,"backdrop_path":null,"genre_ids":[18],"id":298246,"original_language":"en","original_title":"Flowers in December","overview":"A hard living \"bad girl\" in her mid 50's lives a gritty life in a West Texas trailer park with her doormat boyfriend and grown daughter, but her obsession with a past love could lead to the complete destruction of what little she has left.","release_date":"2015-08-16","poster_path":"/fVefA8Ss3FibKE260eYJ2Lbx7j5.jpg","popularity":1.73134,"title":"Flowers in December","video":false,"vote_average":5.3,"vote_count":2},{"adult":false,"backdrop_path":"/iPaJUEuwaJFvOJL1EtKVdTxlLfI.jpg","genre_ids":[36,80,18],"id":340968,"original_language":"en","original_title":"Show Me a Hero","overview":"Mayor Nick Wasicsko took office in 1987 during Yonkers' worst crisis when federal courts ordered public housing built in the white, middle class side of town, dividing the city in a bitter battle fueled by fear, racism, murder and politics.","release_date":"2015-08-16","poster_path":"/t4s7bPSPrnlAKDs7VAy0M2H4Twd.jpg","popularity":1.728588,"title":"Show Me a Hero","video":false,"vote_average":0.0,"vote_count":0},{"adult":false,"backdrop_path":null,"genre_ids":[],"id":353994,"original_language":"en","original_title":"Violet","overview":"A man recalls a repressed memory through a dream.","release_date":"2015-08-15","poster_path":null,"popularity":0.7267,"title":"Violet","video":false,"vote_average":0.0,"vote_count":0},{"adult":false,"backdrop_path":null,"genre_ids":[18],"id":353796,"original_language":"es","original_title":"Felices los que lloran","overview":null,"release_date":"2015-08-14","poster_path":null,"popularity":1.7182,"title":"Felices los que lloran","video":false,"vote_average":0.0,"vote_count":0},{"adult":false,"backdrop_path":null,"genre_ids":[28,53],"id":346808,"original_language":"en","original_title":"Momentum","overview":"Alex, a mysterious thief, is pulled in by her former partner for one last heist. She quickly finds it was never just about the diamonds. A brutal murder sparks a cat and mouse chase between Alex and a master assassin. Now she must uncover the lies behind the heist and discover the secrets behind the men who have made her a target.","release_date":"2015-08-01","poster_path":"/8uHBxHZRBkKehMTIkxOlXpHmB0Z.jpg","popularity":0.712963,"title":"Momentum","video":false,"vote_average":0.0,"vote_count":0},{"adult":false,"backdrop_path":null,"genre_ids":[18,10749],"id":353387,"original_language":"en","original_title":"Missed Call","overview":"Kirsten is a successful woman, madly in love with her boyfriend back home in Chicago. In LA for a brief meeting to discuss selling her business, she really needs her boyfriend. Only he's not answering his phone...continually. Where is he? Why doesn't he pick up? Why won't he call back? What isn't Kirsten facing...?","release_date":"2015-08-15","poster_path":null,"popularity":1.7128,"title":"Missed Call","video":false,"vote_average":0.0,"vote_count":0},{"adult":false,"backdrop_path":"/9nQD6Jha9YJptOapOi3VwbwCZ8C.jpg","genre_ids":[53,80,18],"id":344213,"original_language":"en","original_title":"7 Cases","overview":"Two retired bank robbers agree to one last job. A face from their past steals their proceeds and divides the cash into 7 Cases.... each one is left with someone they know. If they take a case, the victim dies... if they don't get there in time... the victim dies.... if they tamper with the traps...they all die... Their day goes from bad to worse as they encounter all the faces from their past and have to make some heartbreaking decisions.","release_date":"2015-07-31","poster_path":"/df7kTe1Z8TAM7nMrZToyVhsRJMb.jpg","popularity":1.699213,"title":"7 Cases","video":false,"vote_average":1.9,"vote_count":4},{"adult":false,"backdrop_path":null,"genre_ids":[99],"id":321974,"original_language":"en","original_title":"Janis: Little Girl Blue","overview":"Profile of the late Janis Joplin.","release_date":"2015-08-07","poster_path":null,"popularity":1.691312,"title":"Janis: Little Girl Blue","video":false,"vote_average":0.0,"vote_count":0},{"adult":false,"backdrop_path":"/lSwVMZbz9dCTym0BiIbcaXzGBZ4.jpg","genre_ids":[10770,35],"id":287689,"original_language":"en","original_title":"7 Days in Hell","overview":"A fictional documentary-style expose on the rivalry between two tennis stars who battled it out in a 1999 match that lasted seven days.","release_date":"2015-07-11","poster_path":"/isWRoDiOlB9kX1CGqBmmfJ4djCu.jpg","popularity":1.686494,"title":"7 Days in Hell","video":false,"vote_average":6.3,"vote_count":28}],"total_pages":25,"total_results":497}
